{
  "type" : "FeatureCollection",
  "features" : [{"type":"Feature","id":0,"geometry":{"type":"MultiPolygon","coordinates":[[[[179.48131799999999,51.975300999084943],[179.484634,51.921267999084527],[179.54351600000001,51.890925999084288],[179.649484,51.87366999908415],[179.74301199999999,51.911748999084445],[179.773922,51.970692999084918],[179.63684599999999,52.025711999085352],[179.58285699999999,52.016840999085282],[179.48131799999999,51.975300999084943]]],[[[178.600493,51.655255999082449],[178.60486600000002,51.616014999082161],[178.7724,51.554118999081695],[178.869249,51.556985999081704],[178.93021899999999,51.530088999081499],[179.031533,51.449883999080917],[179.25327099999998,51.337238999080093],[179.48041799999999,51.363859999080276],[179.41824,51.416194999080652],[179.295785,51.419231999080687],[179.19524699999999,51.477870999081119],[178.92533,51.623903999082216],[178.66060000000002,51.683064999082667],[178.600493,51.655255999082449]]],[[[178.46338500000002,51.98784899908506],[178.43246099999999,51.965532999084871],[178.50249300000002,51.899643999084347],[178.53939500000001,51.903245999084383],[178.59159699999998,51.952651999084779],[178.55261200000001,51.973967999084955],[178.46338500000002,51.98784899908506]]],[[[178.204442,51.830889999083809],[178.27095500000001,51.765185999083315],[178.37407400000001,51.747855999083164],[178.37800899999999,51.792625999083519],[178.32969900000001,51.83679199908385],[178.204442,51.830889999083809]]],[[[178.093673,52.05514099908558],[178.07921399999998,52.018959999085297],[178.12094100000002,51.977011999084972],[178.20090000000002,51.991155999085073],[178.201313,52.031501999085407],[178.15476899999999,52.061420999085634],[178.093673,52.05514099908558]]],[[[177.21308599999998,51.920357999084516],[177.17878899999999,51.879218999084195],[177.26219499999999,51.861890999084068],[177.311768,51.825970999083779],[177.33422899999999,51.866768999084094],[177.371263,51.901944999084364],[177.409536,51.930820999084602],[177.49928,51.922032999084529],[177.60100499999999,51.922253999084532],[177.61155300000001,51.950828999084756],[177.572068,52.00181199908517],[177.60908699999999,52.028517999085381],[177.675952,52.092166999085897],[177.64865399999999,52.130899999086218],[177.58127100000002,52.144926999086323],[177.521006,52.063061999085662],[177.46053899999998,51.999750999085158],[177.36736300000001,51.968374999084901],[177.31082700000002,51.933272999084629],[177.21308599999998,51.920357999084516]]],[[[173.863992,52.79248299909186],[173.819039,52.759804999091564],[173.97511600000001,52.707458999091102],[174.15814599999999,52.706058999091091],[174.14011499999998,52.75073699909148],[174.06729300000001,52.757636999091524],[173.863992,52.79248299909186]]],[[[173.43902600000001,52.47052799908905],[173.31994800000001,52.412057999088553],[173.48638,52.368612999088178],[173.543778,52.392665999088379],[173.65129300000001,52.356369999088081],[173.725696,52.356578999088079],[173.748301,52.392345999088384],[173.70225199999999,52.434803999088757],[173.77279899999999,52.509904999089386],[173.63806099999999,52.52420899908951],[173.55573900000002,52.479471999089128],[173.43902600000001,52.47052799908905]]],[[[172.458911,52.954547999093315],[172.47285699999998,52.890233999092729],[172.58507500000002,52.921326999093004],[172.66994299999999,52.91301099909294],[172.75423599999999,52.87748999909261],[172.76336599999999,52.823655999092125],[172.80938700000002,52.789289999091835],[172.903628,52.761666999091581],[172.98260000000002,52.791079999091842],[173.096237,52.786781999091794],[173.166899,52.79522899909189],[173.204948,52.848910999092361],[173.28441699999999,52.827932999092162],[173.42381899999998,52.828798999092179],[173.42536200000001,52.868344999092535],[173.25132600000001,52.944361999093218],[173.12198799999999,52.990351999093633],[172.79287199999999,53.008567999093792],[172.64326599999998,53.004978999093758],[172.458911,52.954547999093315]]],[[[-65.342067999999998,18.345289999435664],[-65.337451000000001,18.308307999436643],[-65.28326899999999,18.280213999437386],[-65.24125699999999,18.301077999436835],[-65.221567999999991,18.320958999436307],[-65.255932999999999,18.342116999435749],[-65.342067999999998,18.345289999435664]]],[[[-65.576859999999996,18.103223999442083],[-65.542086999999995,18.081176999442668],[-65.45138,18.086095999442538],[-65.374419000000003,18.108040999441947],[-65.291235,18.103468999442075],[-65.287961999999993,18.148096999440899],[-65.398166000000003,18.161722999440524],[-65.505920000000003,18.152604999440776],[-65.576859999999996,18.103223999442083]]],[[[-67.239128357404596,18.373827544626913],[-67.271349999999998,18.362328999435206],[-67.235136999999995,18.299934999436864],[-67.225240248479693,18.297984662410922],[-67.209963000000002,18.294973999436998],[-67.191221277720501,18.266748883449541],[-67.158000999999999,18.216718999439074],[-67.180754718857003,18.168198471222556],[-67.180821999999992,18.168054999440361],[-67.199314000000001,18.091134999442403],[-67.209886999999995,18.035438999443876],[-67.211973,17.992992999445015],[-67.18345699999999,17.931134999446659],[-67.133732999999992,17.951918999446107],[-67.107809434276305,17.951623192348524],[-67.089827,17.951417999446125],[-67.05445499999999,17.973164999445537],[-67.014743999999993,17.968467999445668],[-66.982205999999991,17.961191999445866],[-66.97870064243881,17.957290941526864],[-66.955576999999991,17.931556999446645],[-66.927261000000001,17.926874999446778],[-66.883439999999993,17.952525999446099],[-66.858320862140388,17.951072812297337],[-66.857913940085794,17.951049271127133],[-66.838583999999997,17.949930999446163],[-66.784953000000002,17.978325999445403],[-66.775358902087902,17.984431433270938],[-66.758466999999996,17.995180999444951],[-66.746247999999994,17.990348999445082],[-66.716956999999994,17.990343999445084],[-66.697034446958497,17.981973768042508],[-66.664390999999995,17.968258999445684],[-66.645651000000001,17.980259999445355],[-66.583232999999993,17.961228999445854],[-66.540537316236197,17.975475887272989],[-66.510142999999999,17.985617999445207],[-66.453296753479293,17.98013311292716],[-66.445481000000001,17.979378999445377],[-66.385058999999998,17.939003999446452],[-66.338390000000004,17.976457999445458],[-66.338139425689093,17.976351457200753],[-66.297679000000002,17.959147999445914],[-66.243234999999999,17.913768999447132],[-66.220530693979995,17.917810380391817],[-66.15538699999999,17.929405999446701],[-66.098627999999991,17.957934999445946],[-66.068103401526088,17.945604829090875],[-66.041703999999996,17.934940999446571],[-66.024000000000001,17.975895999445466],[-66.017954834139402,17.974902263054997],[-65.984549999999999,17.969410999445646],[-65.914936083488399,17.982765902364989],[-65.884936999999994,17.988520999445132],[-65.850918555785199,18.011966436323313],[-65.833141999999995,18.024217999444179],[-65.809173999999999,18.056817999443314],[-65.802906686375493,18.071185999442935],[-65.77758399999999,18.129238999441384],[-65.758727999999991,18.156600999440666],[-65.733357095755693,18.165770471656113],[-65.695855999999992,18.179323999440058],[-65.659925744917601,18.191573206170336],[-65.635280999999992,18.199974999439508],[-65.599064999999996,18.212960999439169],[-65.588317000000004,18.254256999438077],[-65.613949666954994,18.293815341641228],[-65.624870999999999,18.31066999943658],[-65.564931000000001,18.325041999436202],[-65.565949000000003,18.358332999435323],[-65.586231999999995,18.393382999434397],[-65.624021999999997,18.387169999434558],[-65.6613516940984,18.389038930797906],[-65.718617999999992,18.391905999434435],[-65.741796465289397,18.398181744571975],[-65.771694999999994,18.406276999434052],[-65.827737477559012,18.425562488942653],[-65.831475999999995,18.426848999433521],[-65.904988000000003,18.450925999432879],[-65.990790000000004,18.460418999432633],[-65.992803754656293,18.460171553896437],[-66.03432184747949,18.45506990623166],[-66.039439999999999,18.454440999432784],[-66.129260345438709,18.472174589289416],[-66.137958999999995,18.473891999432279],[-66.186722000000003,18.469731999432383],[-66.195882211469396,18.470653763940568],[-66.258015,18.476905999432191],[-66.315024273690199,18.47474119077274],[-66.315477000000001,18.474723999432246],[-66.349503322691305,18.479214309741426],[-66.420920999999993,18.488638999431892],[-66.438950007398887,18.481492908694769],[-66.470292000000001,18.469069999432406],[-66.534256445318604,18.47948537044163],[-66.586254775676792,18.487952291398098],[-66.624617999999998,18.494198999431731],[-66.733986000000002,18.47345699943229],[-66.765570777836302,18.482796007272338],[-66.799319999999994,18.492774999431777],[-66.836591129039007,18.491129643784625],[-66.901566758551709,18.488261256866792],[-66.924088999999995,18.487266999431917],[-66.956315951859992,18.493900428302045],[-67.042276000000001,18.511593999431287],[-67.097303425856495,18.511667915785477],[-67.125654999999995,18.511705999431285],[-67.169010999999998,18.466351999432465],[-67.159607999999992,18.415914999433799],[-67.160169877874694,18.415599746577115],[-67.226743999999997,18.37824699943479],[-67.239128357404596,18.373827544626913]]],[[[-67.941221999999996,18.126926999441451],[-67.955810999999997,18.074231999442851],[-67.885547000000003,18.036471999443858],[-67.850633000000002,18.046267999443593],[-67.820914999999999,18.084710999442571],[-67.846218999999991,18.127575999441426],[-67.896293,18.13680199944119],[-67.941221999999996,18.126926999441451]]],[[[-68.924009999999996,43.885406999057416],[-68.944433000000004,43.835325999057474],[-68.888482999999994,43.803780999057508],[-68.849008999999995,43.849840999057449],[-68.874783999999991,43.90471499905739],[-68.924009999999996,43.885406999057416]]],[[[-70.275525999999999,41.310463999064382],[-70.211478999999997,41.248764999064633],[-70.096966999999992,41.240849999064672],[-70.015225000000001,41.237963999064675],[-69.960180999999992,41.264545999064559],[-69.984869000000003,41.358817999064165],[-70.049053000000001,41.391701999064033],[-70.079132999999999,41.319503999064338],[-70.193711999999991,41.313786999064362],[-70.275525999999999,41.310463999064382]]],[[[-70.833801999999991,41.353385999064209],[-70.833396999999991,41.316777999064342],[-70.821283999999991,41.251013999064625],[-70.768687,41.303701999064408],[-70.693635,41.342832999064242],[-70.577454000000003,41.34916299906422],[-70.448262,41.3536509990642],[-70.463832999999994,41.419144999063931],[-70.496196999999995,41.424907999063898],[-70.553276999999994,41.452954999063785],[-70.603555,41.482383999063678],[-70.686881,41.441333999063836],[-70.757796999999997,41.36570199906415],[-70.833801999999991,41.353385999064209]]],[[[-71.631472000000002,41.16667799906498],[-71.593699999999998,41.146338999065065],[-71.519210000000001,41.149623999065057],[-71.534083999999993,41.181861999064914],[-71.54540999999999,41.242729999064665],[-71.593341999999993,41.237427999064671],[-71.631472000000002,41.16667799906498]]],[[[-72.018925999999993,41.274113999064532],[-72.034753999999992,41.234817999064688],[-71.917281000000003,41.251332999064616],[-71.926801999999995,41.290121999064461],[-72.018925999999993,41.274113999064532]]],[[[-76.046212999999995,38.02553299908422],[-76.04652999999999,37.95358599908478],[-75.984647999999993,37.938120999084894],[-75.980088999999992,38.004890999084381],[-76.007336999999993,38.036705999084113],[-76.046212999999995,38.02553299908422]]],[[[-81.811692999999991,24.568744999285865],[-81.812535999999994,24.545468999286371],[-81.685243,24.558675999286091],[-81.595333999999994,24.593106999285343],[-81.517403999999999,24.621238999284738],[-81.44391499999999,24.642676999284276],[-81.401888999999997,24.623543999284689],[-81.342191999999997,24.637773999284388],[-81.243231999999992,24.673997999283607],[-81.305053999999998,24.755184999281873],[-81.443510000000003,24.813363999280622],[-81.571151,24.756353999281849],[-81.584598999999997,24.736695999282261],[-81.672337999999996,24.699513999283056],[-81.751266000000001,24.65351699928404],[-81.811692999999991,24.568744999285865]]],[[[-82.01491,24.543070999286417],[-82.028090999999989,24.498715999287366],[-81.918854999999994,24.498130999287383],[-81.86871099999999,24.584119999285544],[-81.983908,24.580681999285606],[-82.01491,24.543070999286417]]],[[[-82.188030999999995,24.574698999285737],[-82.179453999999993,24.529469999286707],[-82.100757000000002,24.533287999286635],[-82.086642999999995,24.590070999285405],[-82.144098999999997,24.622480999284715],[-82.188030999999995,24.574698999285737]]],[[[-82.863342000000003,41.693692999062854],[-82.84209899999999,41.628322999063109],[-82.788876000000002,41.643046999063039],[-82.782719,41.69400299906286],[-82.82571999999999,41.722809999062754],[-82.863342000000003,41.693692999062854]]],[[[-84.616219999999998,45.894469999057272],[-84.65078299999999,45.859209999057228],[-84.587571999999994,45.806699999057173],[-84.484127999999998,45.730709999057105],[-84.394037999999995,45.727622999057097],[-84.356020000000001,45.771894999057139],[-84.419696000000002,45.799822999057163],[-84.517894999999996,45.828542999057191],[-84.616219999999998,45.894469999057272]]],[[[-85.701808999999997,45.736128999057108],[-85.696871999999999,45.697249999057085],[-85.622740999999991,45.586027999056995],[-85.561633999999998,45.572212999056987],[-85.509276,45.596474999057001],[-85.377132000000003,45.769012999057153],[-85.360951999999997,45.817553999057196],[-85.524447999999992,45.829793999057216],[-85.651865999999998,45.74313899905713],[-85.701808999999997,45.736128999057108]]],[[[-86.138094999999993,45.043037999056764],[-86.154823999999991,45.002393999056757],[-86.081486999999996,44.990095999056763],[-85.976883000000001,45.062659999056763],[-85.954020999999997,45.119280999056777],[-85.989412000000002,45.151068999056783],[-86.044429999999991,45.159581999056797],[-86.138094999999993,45.043037999056764]]],[[[-86.934275999999997,45.421148999056896],[-86.956198000000001,45.352005999056843],[-86.899890999999997,45.295184999056822],[-86.86774299999999,45.353064999056862],[-86.80586799999999,45.41290299905689],[-86.835748999999993,45.450187999056901],[-86.934275999999997,45.421148999056896]]],[[[-89.22133199999999,47.908068999061783],[-89.255201999999997,47.876101999061675],[-89.20181199999999,47.850242999061578],[-89.157737999999995,47.824014999061504],[-89.044462999999993,47.855749999061601],[-88.898985999999994,47.900684999061745],[-88.85292299999999,47.965321999061977],[-88.718554999999995,47.995133999062091],[-88.579172,48.04075799906223],[-88.550439999999995,48.102110999062454],[-88.427373000000003,48.166763999062695],[-88.425162,48.210649999062845],[-88.547032999999999,48.174890999062718],[-88.631907999999996,48.148306999062626],[-88.728197999999992,48.101913999062468],[-88.816083999999989,48.057005999062305],[-88.893700999999993,48.034769999062213],[-88.940885999999992,48.01958999906217],[-89.018303000000003,47.992524999062077],[-89.179153999999997,47.935029999061868],[-89.22133199999999,47.908068999061783]]],[[[-90.776921000000002,47.024323999059227],[-90.767984999999996,47.002326999059186],[-90.712031999999994,46.985259999059132],[-90.679445999999999,46.956031999059064],[-90.637124,46.906723999058954],[-90.549104,46.915460999058965],[-90.524056000000002,46.935663999059017],[-90.511623,46.961406999059093],[-90.54487499999999,47.017382999059208],[-90.560935999999998,47.037012999059257],[-90.650421999999992,47.054677999059308],[-90.740179999999995,47.036104999059255],[-90.776921000000002,47.024323999059227]]],[[[-118.593969,33.467197999131592],[-118.56344199999999,33.434380999132031],[-118.482609,33.369913999132855],[-118.46536799999998,33.32605599913343],[-118.37476800000002,33.3200649991335],[-118.32524399999998,33.299074999133786],[-118.286261,33.351462999133098],[-118.370323,33.409284999132346],[-118.484785,33.487482999131345],[-118.593969,33.467197999131592]]],[[[-118.594033,33.035950999137242],[-118.64157800000001,33.017128999137498],[-118.581513,32.931671999138644],[-118.487908,32.844589999139821],[-118.425634,32.800594999140415],[-118.353504,32.821961999140129],[-118.44677099999998,32.895423999139126],[-118.540069,32.980932999137984],[-118.594033,33.035950999137242]]],[[[-119.578942,33.278627999134038],[-119.545872,33.233405999134625],[-119.464725,33.215431999134871],[-119.42955899999998,33.2281669991347],[-119.42717100000002,33.266022999134208],[-119.51048900000002,33.307268999133669],[-119.578942,33.278627999134038]]],[[[-119.91621599999999,34.05835099912418],[-119.87691599999999,34.02352699912462],[-119.873358,33.980374999125139],[-119.79593799999999,33.962928999125353],[-119.721206,33.959582999125388],[-119.66282500000001,33.985888999125088],[-119.55447200000002,33.997819999124914],[-119.48771955738201,33.996515153514238],[-119.39158699999999,33.994635999124974],[-119.36306500000001,34.000547999124898],[-119.364214,34.050793999124281],[-119.442654,34.054155999124234],[-119.47073665694401,34.053996621228251],[-119.56670000000003,34.053451999124242],[-119.73947200000001,34.049298999124304],[-119.857304,34.07129799912402],[-119.91621599999999,34.05835099912418]]],[[[-120.368278,34.076464999123949],[-120.454134,34.028080999124548],[-120.36484,33.991780999124998],[-120.200085,33.956903999125423],[-120.17904899999998,33.927993999125789],[-120.12181699999999,33.895711999126185],[-120.049682,33.914562999125963],[-119.973691,33.942480999125614],[-119.98431600000001,33.983947999125107],[-120.05510700000001,34.037728999124425],[-120.135853,34.026086999124573],[-120.24248000000001,34.057171999124186],[-120.368278,34.076464999123949]]],[[[-123.23714799999999,48.683465999064744],[-123.20268,48.590213999064353],[-123.14147800000002,48.505290999064016],[-123.03915600000001,48.460002999063818],[-122.928004,48.439965999063737],[-122.87413500000001,48.418195999063649],[-122.803521,48.42874799906371],[-122.81791200000001,48.483887999063931],[-122.779124,48.508910999064021],[-122.77120600000001,48.562425999064232],[-122.79901,48.604682999064416],[-122.74304899999998,48.661990999064663],[-122.81843599999999,48.744628999065007],[-122.93792499999999,48.79031499906521],[-122.97951899999998,48.781701999065163],[-123.01969900000002,48.721311999064909],[-123.07042699999998,48.699970999064817],[-123.23714799999999,48.683465999064744]]],[[[-124.72583900000001,48.386011999063527],[-124.669265,48.296352999063181],[-124.69038899999998,48.21974499906289],[-124.72172500000001,48.153184999062638],[-124.68710099999998,48.098656999062456],[-124.685393,48.049237999062264],[-124.67242700000001,47.964413999061968],[-124.625512,47.887962999061706],[-124.61310865605201,47.880572440810283],[-124.53992700000001,47.836966999061531],[-124.47168699999999,47.766906999061312],[-124.41210599999999,47.691198999061072],[-124.35595499999998,47.545697999060607],[-124.35361567088698,47.533537082112694],[-124.31937899999998,47.355558999060079],[-124.23634899999999,47.287286999059894],[-124.195893,47.173999999059596],[-124.18854400000001,47.157858999059556],[-124.16911299999998,46.994507999059152],[-124.180111,46.926356999059003],[-124.13822500000002,46.90553399905896],[-124.101232,46.810655999058739],[-124.096796667905,46.794084999058697],[-124.080983,46.73500299905858],[-123.97515700000001,46.713970999058546],[-123.923269,46.672707999058481],[-123.96064200000002,46.636363999058396],[-124.06958299999999,46.630650999058375],[-124.057024,46.493337999058127],[-124.06462400000001,46.326898999057846],[-124.080671,46.267238999057753],[-123.969427,46.2913979990578],[-123.95435300000001,46.277000999057762],[-123.909306,46.245490999057722],[-123.875525,46.239786999057721],[-123.806139,46.283587999057772],[-123.75955999999999,46.275072999057763],[-123.72790381759701,46.291335584768994],[-123.70076399999998,46.305277999057814],[-123.669501,46.266831999057764],[-123.547659,46.259108999057752],[-123.58620500000001,46.228653999057691],[-123.66086799999999,46.216295999057678],[-123.718149,46.188988999057642],[-123.757589,46.213000999057684],[-123.83880099999999,46.192210999057657],[-123.91240500000002,46.179449999057624],[-123.998052,46.235326999057712],[-124.041128,46.197671999057654],[-123.95919000000001,46.141674999057578],[-123.92932999999999,46.041977999057444],[-123.937471,45.977305999057364],[-123.99370300000001,45.94643099905732],[-123.96762999999999,45.907806999057293],[-123.96154399999999,45.837100999057206],[-123.966278384519,45.783084902602454],[-123.96856300000002,45.757018999057131],[-123.939448,45.708794999057076],[-123.93900499999998,45.661922999057047],[-123.94755600000001,45.564877999056982],[-123.97654399999999,45.489732999056933],[-123.96055699999998,45.4307779990569],[-123.97971499999998,45.347723999056846],[-123.96288699999998,45.280217999056831],[-123.97291899999999,45.216783999056801],[-123.975425,45.145475999056785],[-124.00977,45.047265999056769],[-124.010097209885,45.04499895849797],[-124.02383399999999,44.949824999056766],[-124.06315499999999,44.83533299905676],[-124.07406600000002,44.79810699905677],[-124.063406,44.703176999056787],[-124.06500799999999,44.632503999056816],[-124.083601,44.501122999056889],[-124.08440099999999,44.415610999056931],[-124.11519999999999,44.286485999057007],[-124.11437007425801,44.276193999057014],[-124.11105400000001,44.235070999057065],[-124.12240600000001,44.104441999057173],[-124.150267,43.910849999057383],[-124.16020731587601,43.863720500579042],[-124.193455,43.706084999057644],[-124.21905767690599,43.610931758246807],[-124.23353399999998,43.557129999057878],[-124.286896,43.436295999058082],[-124.35333199999999,43.342666999058252],[-124.40040399999999,43.302120999058324],[-124.38246000000001,43.270166999058404],[-124.395607,43.22390799905849],[-124.41139,43.1598529990586],[-124.43619799999999,43.071311999058793],[-124.47988222693199,42.954322436736454],[-124.48093799999998,42.951494999059058],[-124.55244099999999,42.840567999059324],[-124.510017,42.734745999059584],[-124.44841799999999,42.689908999059703],[-124.45074,42.675797999059739],[-124.41311899999998,42.657933999059786],[-124.40091799999999,42.597517999059953],[-124.39906500000001,42.539927999060104],[-124.43510500000001,42.440162999060405],[-124.42555399999999,42.351873999060636],[-124.410556,42.307430999060784],[-124.410982,42.250546999060958],[-124.38363300000002,42.227159999061037],[-124.361009,42.180751999061165],[-124.35153499999998,42.129795999061336],[-124.31428900000002,42.067863999061522],[-124.270464,42.04555299906162],[-124.21160499999999,41.998459999061765],[-124.203402,41.940963999061957],[-124.21959199999999,41.846431999062304],[-124.24502699999998,41.7922999990625],[-124.19104,41.736078999062698],[-124.154246,41.728800999062727],[-124.143479,41.709283999062791],[-124.11603700000002,41.628848999063102],[-124.08198700000001,41.547760999063414],[-124.06747365942201,41.464736187554635],[-124.063076,41.439578999063841],[-124.09228400000001,41.287694999064477],[-124.12267699999998,41.189725999064891],[-124.163988,41.13867499906511],[-124.15451299999999,41.087158999065331],[-124.12544800000001,41.04850399906551],[-124.11814699999999,40.989262999065772],[-124.176715,40.843617999066431],[-124.30135499999999,40.65964299906733],[-124.387023,40.504953999068107],[-124.40959100000001,40.438075999068445],[-124.365357,40.374854999068781],[-124.35312399999998,40.331424999069],[-124.36341400000001,40.260973999069385],[-124.34307,40.243978999069476],[-124.25840500000001,40.184276999069802],[-124.18787399999999,40.13054199907009],[-124.13995199999999,40.116349999070188],[-124.087086,40.078441999070385],[-124.06890799999999,40.021306999070703],[-124.035904,40.013318999070741],[-124.02520517453003,40.001299340739813],[-123.95495199999999,39.922372999071264],[-123.907664,39.863027999071612],[-123.85171400000002,39.832040999071786],[-123.82954499999998,39.723070999072441],[-123.79265900000001,39.684121999072666],[-123.78232200000001,39.621485999073045],[-123.76647499999999,39.552802999073471],[-123.81469,39.446537999074138],[-123.82533100000002,39.360813999074679],[-123.79899100000002,39.271354999075257],[-123.765891,39.193656999075763],[-123.72150500000001,39.125326999076215],[-123.69074000000002,39.02129299907692],[-123.73289199999999,38.954993999077367],[-123.71053999999998,38.913229999077657],[-123.65984599999999,38.872528999077915],[-123.638637,38.843864999078136],[-123.57198700000002,38.798188999078455],[-123.54092201163401,38.76765621511796],[-123.51478399999999,38.74196599907885],[-123.441774,38.699743999079146],[-123.34961200000001,38.596804999079879],[-123.33189899999999,38.565541999080111],[-123.249797,38.511044999080504],[-123.166428,38.474946999080785],[-123.085572,38.3905249990814],[-123.068437,38.335209999081812],[-123.05350400000002,38.299384999082093],[-123.004122,38.297011999082102],[-123.00314647705601,38.295705237796625],[-122.98631900000001,38.2731639990823],[-122.987149,38.237537999082562],[-122.95362900000001,38.175669999083034],[-122.96088899999998,38.112961999083517],[-123.01153300000001,38.003437999084383],[-122.97438999999999,37.992428999084474],[-122.93971100000002,38.031907999084162],[-122.856573,38.016716999084288],[-122.79740499999998,37.976656999084597],[-122.754606,37.935526999084914],[-122.70264,37.893819999085245],[-122.67847399999999,37.906603999085164],[-122.60129000000002,37.875125999085405],[-122.53728499999998,37.830327999085775],[-122.48348300000002,37.826727999085804],[-122.41847,37.852720999085584],[-122.448413,37.893409999085257],[-122.48637500000001,37.92188099908504],[-122.488665,37.966713999084668],[-122.452995,37.996166999084437],[-122.49946500000001,38.032164999084152],[-122.491283,38.108086999083554],[-122.48849963925903,38.109094473391764],[-122.39758123062403,38.142003596336586],[-122.39358799999998,38.143448999083297],[-122.301804,38.1051419990836],[-122.26932005491699,38.060374496615125],[-122.26286099999999,38.051472999084012],[-122.32170600000001,38.010309999084328],[-122.34280385218801,38.00925387686604],[-122.36889099999999,38.007947999084358],[-122.367582,37.978167999084597],[-122.425258,37.955671999084771],[-122.378709,37.905190999085157],[-122.33453,37.908790999085134],[-122.32871428740701,37.893832345406068],[-122.30393099999999,37.830086999085772],[-122.33371099999999,37.809796999085933],[-122.312974,37.77724399908621],[-122.25245200000001,37.755128999086388],[-122.24980999999998,37.726405999086616],[-122.21377399999999,37.698694999086854],[-122.163049,37.667932999087107],[-122.16280251946201,37.667273012456803],[-122.15290499999999,37.64077099908733],[-122.14439600000001,37.581865999087817],[-122.111998,37.528850999088263],[-122.129199702224,37.521321997679138],[-122.16844900000001,37.504142999088465],[-122.24437199999998,37.55813999908802],[-122.360219,37.592500999087733],[-122.39319,37.707530999086785],[-122.38982687658802,37.708330999086769],[-122.36174900000002,37.715009999086718],[-122.356784,37.729504999086593],[-122.376462,37.738557999086517],[-122.385323,37.79072399908609],[-122.39813900000001,37.80562999908598],[-122.465396,37.800878999086002],[-122.51198299999999,37.771129999086256],[-122.50560125134501,37.735567464327247],[-122.50067801908301,37.708132567104677],[-122.49678399999999,37.686432999086946],[-122.496786,37.612135999087577],[-122.51808800000001,37.576137999087869],[-122.516689,37.521339999088312],[-122.49378899999998,37.492340999088583],[-122.445987,37.461540999088847],[-122.44368699999998,37.435940999089055],[-122.40925799999998,37.374804999089584],[-122.40132299999998,37.33700899908991],[-122.40559014390099,37.31496503683401],[-122.418452,37.24852099909068],[-122.39706499999998,37.187248999091217],[-122.34402899999999,37.144098999091604],[-122.322971,37.115459999091854],[-122.29431019191301,37.105141385810043],[-122.284882,37.101746999091965],[-122.260481,37.072547999092237],[-122.20618000000002,37.013948999092754],[-122.105976,36.95595099909329],[-122.06731672905998,36.953595688824699],[-122.02717400000002,36.951149999093332],[-121.95167000000001,36.971449999093146],[-121.906468,36.968949999093169],[-121.86226600000001,36.931551999093514],[-121.81273242676201,36.850049442839747],[-121.791544,36.815185999094567],[-121.796826,36.777542999094919],[-121.81446199999999,36.682857999095802],[-121.860604,36.611135999096483],[-121.92386600000002,36.634558999096257],[-121.970427,36.582753999096745],[-121.94160000000001,36.485601999097675],[-121.90319499999998,36.393602999098562],[-121.88849100000002,36.302809999099459],[-121.82642499999999,36.241859999100051],[-121.77985100000001,36.227406999100197],[-121.680145,36.16581799910081],[-121.62200899999999,36.099694999101459],[-121.574602,36.025155999102203],[-121.53187600000001,36.014367999102319],[-121.48620000000001,35.970347999102771],[-121.46226399999999,35.885617999103637],[-121.40682300000002,35.844622999104054],[-121.347053956004,35.795186202919162],[-121.332449,35.78310599910467],[-121.314632,35.713309999105412],[-121.272322,35.666710999105909],[-121.16671199999999,35.635398999106236],[-121.11424,35.571719999106911],[-121.003359,35.460709999108083],[-120.95586299999998,35.453742999108151],[-120.88475700000002,35.43019599910842],[-120.862133,35.360762999109156],[-120.87956999999999,35.294183999109897],[-120.89678999999998,35.247876999110389],[-120.84667400000002,35.204428999110888],[-120.75608599999998,35.160458999111356],[-120.714185,35.175997999111182],[-120.67507399999998,35.153060999111432],[-120.63578699999998,35.123804999111755],[-120.62958300000001,35.078361999112261],[-120.63356999999999,35.033084999112774],[-120.65030521184002,34.975166301382131],[-120.670835,34.904114999114213],[-120.61026599999998,34.858179999114746],[-120.62632000000001,34.738071999116116],[-120.614852,34.730708999116196],[-120.60197000000001,34.692094999116655],[-120.64573899999999,34.581034999117939],[-120.62257500000001,34.554016999118261],[-120.581293,34.556958999118223],[-120.55009200000001,34.542793999118381],[-120.511421,34.522952999118615],[-120.451425,34.447093999119517],[-120.295051,34.470622999119236],[-120.141165,34.473404999119211],[-120.05068199999998,34.461650999119342],[-119.97195099999999,34.444640999119542],[-119.873971,34.408794999119955],[-119.83577099999999,34.415795999119872],[-119.78587100000001,34.415996999119869],[-119.709067,34.395396999120123],[-119.68466599999998,34.408296999119962],[-119.616862,34.42099499911982],[-119.536957,34.395494999120125],[-119.477946706724,34.378837557895906],[-119.46103599999999,34.374063999120388],[-119.37577999999998,34.321117999121014],[-119.31303399999999,34.275688999121549],[-119.27661425185899,34.256340424136084],[-119.27014399999999,34.252902999121822],[-119.257043,34.21330399912231],[-119.22774299999999,34.161727999122931],[-119.10978399999998,34.094565999123745],[-119.06995899999998,34.090469999123791],[-118.954722,34.048166999124305],[-118.94447951145899,34.046738952475337],[-118.85465300000001,34.034214999124465],[-118.805114,34.001238999124887],[-118.744952,34.032102999124511],[-118.679366,34.033254999124495],[-118.603572,34.039047999124413],[-118.51951399999999,34.027508999124578],[-118.460611,33.969110999125277],[-118.41270800000001,33.883912999126338],[-118.394307,33.804314999127314],[-118.42840699999999,33.774714999127703],[-118.39660600000001,33.735916999128186],[-118.354705,33.732316999128244],[-118.33329589297701,33.721184834386079],[-118.31720500000002,33.712817999128461],[-118.25868699999999,33.703740999128577],[-118.23192618587302,33.715295466955936],[-118.1837,33.736117999128176],[-118.132698,33.753216999127972],[-118.11507672288201,33.743803322023084],[-118.08889600000002,33.729816999128261],[-118.00059299999999,33.654318999129224],[-117.92709100000002,33.60552099912983],[-117.840289,33.57352299913024],[-117.81418799999999,33.552223999130504],[-117.73225829761402,33.48795502310994],[-117.72648599999999,33.483426999131396],[-117.715349,33.460555999131678],[-117.64558199999999,33.440727999131944],[-117.596188685737,33.38696499345253],[-117.59588000000001,33.38662899913264],[-117.547693,33.365490999132923],[-117.44558300000001,33.268516999134178],[-117.36257199999999,33.16843699913548],[-117.31527800000001,33.09350399913648],[-117.28076999999999,33.012342999137573],[-117.272139427178,32.975524581686848],[-117.25447,32.900145999139063],[-117.25616053514899,32.859673593241318],[-117.25617,32.859446999139593],[-117.26290499999999,32.849348999139757],[-117.27386999999999,32.851446999139725],[-117.28217000000001,32.839546999139884],[-117.28097100000001,32.822246999140113],[-117.25496999999999,32.786947999140587],[-117.255169,32.700050999141773],[-117.24606900000001,32.669351999142187],[-117.19676699999999,32.688850999141934],[-117.16886600000001,32.671951999142159],[-117.13666400000001,32.618753999142889],[-117.13203895573801,32.585601186525444],[-117.12486200000001,32.534155999144048],[-116.85715399999999,32.557458999143741],[-116.62705000000001,32.576260999143457],[-116.540643,32.583746999143365],[-116.10617888905003,32.618578141778485],[-116.04662,32.623352999142838],[-115.465164,32.667099999142238],[-115.00080199999998,32.699675999141803],[-114.71963300000002,32.718762999141518],[-114.76494999999998,32.649390999142469],[-114.809393,32.617118999142903],[-114.799683,32.593620999143241],[-114.81418499999999,32.56478799914364],[-114.795635,32.550955999143817],[-114.811536,32.522833999144225],[-114.81361299999999,32.49427699914461],[-113.750756,32.16900499914918],[-113.33376797301501,32.040249079241114],[-112.365043,31.741129999155373],[-111.366969371164,31.424824286351662],[-111.074825,31.332238999161447],[-110.46017261044501,31.333141378153041],[-109.829689,31.334066999161426],[-109.050044,31.332501999161451],[-108.861028,31.332314999161444],[-108.707657,31.333190999161427],[-108.208573,31.333394999161435],[-108.208572,31.499741999158939],[-108.208394,31.783598999154755],[-107.422246,31.783598999154755],[-107.296792990414,31.783625336262748],[-106.993544,31.783688999154752],[-106.53173099999999,31.783909999154741],[-106.52824200000001,31.783147999154753],[-106.48464199999999,31.747808999155261],[-106.467642,31.759607999155097],[-106.41794,31.752008999155194],[-106.37013899999999,31.71070999915581],[-106.35261099849801,31.686946415659754],[-106.30353599999999,31.620412999157143],[-106.280811,31.562061999158004],[-106.23680400000001,31.513375999158733],[-106.175675,31.456278999159579],[-106.080258,31.398701999160455],[-106.004926,31.392457999160555],[-105.996429378287,31.387840128673197],[-105.953943,31.364748999160977],[-105.938452,31.318734999161659],[-105.869353,31.288633999162112],[-105.794386,31.202239999163424],[-105.773257,31.166896999163949],[-105.709491,31.136374999164417],[-105.627349,31.098544999165004],[-105.579542,31.035395999165974],[-105.55743,30.990228999166664],[-105.488027,30.9432779991674],[-105.399609,30.888940999168231],[-105.39424200000001,30.852978999168794],[-105.314863,30.816960999169371],[-105.21866,30.801566999169594],[-105.16015299999999,30.75705899917029],[-105.098282,30.718913999170891],[-105.06233399999999,30.686302999171414],[-105.00124,30.672582999171617],[-104.98075389132499,30.628812017960612],[-104.972071,30.610259999172612],[-104.924796,30.604831999172703],[-104.889376,30.535143999173805],[-104.869872,30.458644999175021],[-104.859521,30.390412999176107],[-104.824314,30.370465999176439],[-104.761634,30.301147999177541],[-104.740448,30.25945399917822],[-104.702788,30.211735999178995],[-104.692094,30.107303999180687],[-104.703998,30.024209999182066],[-104.685479,29.989942999182617],[-104.672327,29.911111999183913],[-104.619039,29.844444999185022],[-104.56568799999999,29.770461999186249],[-104.539761,29.676073999187828],[-104.45230100000001,29.603659999189031],[-104.37117499999999,29.543062999190067],[-104.308813,29.524336999190385],[-104.22908099999999,29.481049999191104],[-104.181273,29.426264999192039],[-104.143692,29.383277999192771],[-104.05559599999999,29.330909999193672],[-103.975235,29.296016999194261],[-103.856893,29.281851999194505],[-103.79387301093401,29.259238392543502],[-103.789034,29.257501999194925],[-103.724743,29.191469999196073],[-103.660203,29.170933999196421],[-103.59236,29.150259999196781],[-103.524613,29.120997999197282],[-103.463196,29.066821999198229],[-103.361998,29.018913999199047],[-103.28119,28.982137999199693],[-103.227801,28.991531999199523],[-103.12674800000001,28.98212399919969],[-103.100368,29.026876999198912],[-103.07635500000001,29.08572199919789],[-103.03568300000001,29.103028999197591],[-102.995688,29.161218999196581],[-102.917805,29.190696999196074],[-102.871347,29.241624999195199],[-102.89102200000001,29.287112999194417],[-102.87185700000001,29.35209299919331],[-102.824564,29.399557999192492],[-102.83096999999999,29.44426699919174],[-102.80869199999999,29.522318999190407],[-102.777531,29.556496999189847],[-102.738428,29.621928999188739],[-102.693466,29.676506999187822],[-102.67719200000001,29.738260999186778],[-102.61287900000001,29.748181999186624],[-102.551081,29.752357999186554],[-102.512687,29.780302999186084],[-102.468946,29.779816999186082],[-102.392906,29.765568999186328],[-102.369522,29.820394999185435],[-102.349861,29.86231699918471],[-102.31868395458801,29.872192945686063],[-102.30138100000001,29.877673999184466],[-102.227553,29.843533999185027],[-102.161674,29.819486999185436],[-102.11568200000001,29.792389999185882],[-102.073646,29.786925999185975],[-102.021919,29.802490999185707],[-101.966167,29.807342999185632],[-101.8754,29.79402299918587],[-101.80944100000001,29.790160999185915],[-101.76161920952801,29.778860095908303],[-101.714224,29.767659999186289],[-101.654578,29.765162999186334],[-101.56156900000001,29.794657999185855],[-101.50322300000001,29.764581999186351],[-101.45349899999999,29.759670999186429],[-101.40063600000001,29.73807899918679],[-101.367198,29.664040999188028],[-101.307332,29.640715999188405],[-101.305533,29.577924999189474],[-101.254895,29.520341999190453],[-101.19271999999999,29.520284999190448],[-101.137503,29.473541999191237],[-101.060151,29.458660999191487],[-100.99560700000001,29.363402999193099],[-100.886842,29.30784799919406],[-100.848664,29.271420999194689],[-100.801867546029,29.232831567293342],[-100.795681,29.227729999195439],[-100.772649,29.168491999196462],[-100.727462,29.12912299919714],[-100.674656,29.09977699919764],[-100.671215189194,29.083516024542426],[-100.660208,29.031496999198836],[-100.64699299999999,28.957078999200125],[-100.627206,28.903733999201073],[-100.576846,28.836167999202246],[-100.53583,28.805887999202788],[-100.533017,28.76327999920353],[-100.50670100000001,28.716744999204362],[-100.500354,28.661959999205319],[-100.44864800000001,28.616773999206117],[-100.39727000000001,28.575636999206861],[-100.38885999999999,28.515747999207935],[-100.36828800000001,28.477195999208629],[-100.337059,28.427150999209527],[-100.320393,28.362116999210684],[-100.287554,28.301092999211793],[-100.26760400000001,28.250268999212722],[-100.197510055501,28.197000730353587],[-100.174413,28.179447999214005],[-100.075474,28.124881999215003],[-100.02872499999999,28.073117999215953],[-99.984922999999995,27.990728999217456],[-99.932160999999994,27.967709999217892],[-99.917460999999989,27.917972999218797],[-99.904384999999991,27.87528399921958],[-99.877839999999992,27.824375999220521],[-99.844736999999995,27.778808999221383],[-99.801650999999993,27.741770999222073],[-99.758533999999997,27.717070999222535],[-99.704600999999997,27.6549539992237],[-99.624515000000002,27.634514999224074],[-99.556811999999994,27.614335999224458],[-99.530137999999994,27.580206999225098],[-99.528319999999994,27.49889599922663],[-99.497518999999997,27.500495999226601],[-99.495103999999998,27.451517999227523],[-99.487521000000001,27.412395999228263],[-99.529653999999994,27.306050999230287],[-99.487937000000002,27.294940999230491],[-99.463308999999995,27.268436999230996],[-99.460825799134298,27.262240196273915],[-99.445237999999989,27.223340999231866],[-99.42998399999999,27.159148999233096],[-99.442122999999995,27.106838999234107],[-99.446969999999993,27.026025999235642],[-99.387366999999998,26.982398999236491],[-99.361143999999996,26.92892099923753],[-99.328900000000004,26.879760999238485],[-99.268613000000002,26.843212999239203],[-99.242443999999992,26.788261999240273],[-99.208906999999996,26.724760999241511],[-99.200521999999992,26.656442999242859],[-99.176816092381102,26.56966055461816],[-99.171403999999995,26.549847999244957],[-99.105030999999997,26.500334999245936],[-99.091634999999997,26.4769769992464],[-99.110855000000001,26.4262779992474],[-99.082001999999989,26.396509999248],[-99.032315999999994,26.412081999247683],[-98.958325000000002,26.394055999248042],[-98.890964999999994,26.35756899924877],[-98.80734799999999,26.369420999248536],[-98.779911999999996,26.326541999249379],[-98.698855999999992,26.265618999250602],[-98.654220999999993,26.235959999251193],[-98.613464999999991,26.252027999250874],[-98.593300218279197,26.242936347927671],[-98.576188000000002,26.235220999251219],[-98.503491999999994,26.214797999251623],[-98.44253599999999,26.199150999251945],[-98.386693999999991,26.157871999252759],[-98.308200117045899,26.113032550282373],[-98.302978999999993,26.110049999253739],[-98.248806000000002,26.073100999254468],[-98.204953955592387,26.058742335255161],[-98.197046,26.05615299925481],[-98.149462999999997,26.055812999254826],[-98.091037999999998,26.059168999254759],[-98.039238999999995,26.041274999255126],[-98.010970999999998,26.06386299925467],[-97.944344999999998,26.059620999254751],[-97.871186999999992,26.058082999254783],[-97.862281563106293,26.057746827694995],[-97.795290999999992,26.055217999254843],[-97.758837999999997,26.032130999255308],[-97.697068999999999,26.023454999255474],[-97.644010999999992,26.006613999255823],[-97.582565000000002,25.93785699925721],[-97.542957000000001,25.920034999257577],[-97.496860999999996,25.880057999258383],[-97.454726999999991,25.879336999258406],[-97.422635999999997,25.840377999259204],[-97.372863999999993,25.840116999259198],[-97.360081999999991,25.868873999258618],[-97.365975999999989,25.902446999257936],[-97.338346000000001,25.923124999257514],[-97.277163000000002,25.935437999257257],[-97.20694499999999,25.960898999256745],[-97.156607999999991,25.949021999256992],[-97.145567,25.971131999256524],[-97.151921999999999,26.017652999255596],[-97.15879799999999,26.082659999254272],[-97.196934999999996,26.305864999249799],[-97.227380226521802,26.411496004550202],[-97.253800999999996,26.503163999245881],[-97.287541116685787,26.600339880717257],[-97.322749999999999,26.701745999241961],[-97.366872000000001,26.885580999238368],[-97.378697000000003,27.060043999234999],[-97.358468999999999,27.234795999231636],[-97.346850876955685,27.277958831440316],[-97.336121999999989,27.317817999230055],[-97.29605699999999,27.427174999227972],[-97.257324999999994,27.510643999226414],[-97.222991407531794,27.576607315704759],[-97.212678999999994,27.596419999224779],[-97.14085399999999,27.71668799922254],[-97.090734999999995,27.785887999221256],[-97.044845999999993,27.834465999220338],[-97.0436840836865,27.836532352692107],[-97.00332499999999,27.908306999218993],[-96.886459000000002,28.030733999216725],[-96.852070622730096,28.059820860820782],[-96.792158000000001,28.110496999215268],[-96.719627000000003,28.164593999214279],[-96.632009999999994,28.222820999213209],[-96.442848999999995,28.317665999211496],[-96.390375999999989,28.381814999210331],[-96.378533159286789,28.3898650296981],[-96.328817000000001,28.423658999209582],[-96.194412,28.502223999208173],[-96.000681999999998,28.588237999206637],[-95.81250399999999,28.664941999205272],[-95.684089,28.734040999204051],[-95.588800999999989,28.783168999203184],[-95.507037396916999,28.824735511394543],[-95.439594,28.859021999201843],[-95.382390000000001,28.866347999201711],[-95.297146999999995,28.934072999200541],[-95.191390999999996,29.023089999198977],[-95.125134000000003,29.067320999198209],[-95.11505050559829,29.075552021676778],[-95.026218999999998,29.148063999196811],[-94.803694999999991,29.279236999194552],[-94.722529999999992,29.331445999193651],[-94.73104699999999,29.369140999193014],[-94.670389,29.430779999191966],[-94.594853000000001,29.467902999191338],[-94.500806999999995,29.505366999190706],[-94.485679513554089,29.511218132837897],[-94.370815999999991,29.555645987484851],[-94.354122544913693,29.56210281936454],[-94.161548999999994,29.636587999188503],[-94.056505999999999,29.671162999187906],[-93.961866999999998,29.682212999187719],[-93.861290999999994,29.679006999187767],[-93.837970999999996,29.690618999187574],[-93.799250000000001,29.715259999187172],[-93.741947999999994,29.736342999186807],[-93.538461999999996,29.763298999186361],[-93.411086999999995,29.767356999186298],[-93.29557299999999,29.775070999186173],[-93.176929999999999,29.77048699918624],[-93.088181999999989,29.749124999186613],[-92.993127999999999,29.723845999187038],[-92.879992000000001,29.680284999187748],[-92.684485999999993,29.605000999189016],[-92.617234437449895,29.589059015362789],[-92.568038000000001,29.577396999189471],[-92.473585,29.561080999189759],[-92.409859999999995,29.547476999189985],[-92.323464999999999,29.531496999190267],[-92.251859999999994,29.539353999190126],[-92.158623999999989,29.581615999189417],[-92.064512999999991,29.585664999189348],[-92.042894303827396,29.577480288161489],[-92.030186,29.572668999189563],[-91.915320999999992,29.518512999190477],[-91.821579,29.473924999191226],[-91.76826299999999,29.490361999190952],[-91.711080999999993,29.569327999189621],[-91.803730000000002,29.595951999189158],[-91.873266000000001,29.627276999188631],[-91.862556996522599,29.667395462947873],[-91.853070000000002,29.702935999187385],[-91.808141999999989,29.725096999187002],[-91.737252999999995,29.749369999186602],[-91.667127999999991,29.745821999186667],[-91.623829000000001,29.699239999187437],[-91.643831999999989,29.630624999188587],[-91.600178999999997,29.631155999188575],[-91.541973999999996,29.594352999189191],[-91.537444999999991,29.565887999189684],[-91.531020999999996,29.531542999190258],[-91.485590000000002,29.499115999190803],[-91.460962999999992,29.469960999191304],[-91.394306999999998,29.497114999190835],[-91.34751399999999,29.444437999191731],[-91.363967000000002,29.420663999192147],[-91.334051000000002,29.391524999192626],[-91.266322670719205,29.361363732539154],[-91.265451999999996,29.360975999193158],[-91.276646999999997,29.329824999193693],[-91.334885,29.298774999194226],[-91.278791999999996,29.247775999195081],[-91.158147999999997,29.218099999195619],[-91.094014999999999,29.187710999196121],[-91.000095999999999,29.169480999196441],[-90.941876999999991,29.162372999196567],[-90.877583000000001,29.104890999197551],[-90.867852999999997,29.056063999198411],[-90.812550000000002,29.042137999198648],[-90.748376999999991,29.040059999198675],[-90.652115999999992,29.057720999198366],[-90.488117000000003,29.058759999198362],[-90.442734000000002,29.056052999198407],[-90.4094709017198,29.05844438512657],[-90.334935000000002,29.063802999198263],[-90.223586999999995,29.085074999197904],[-90.122753000000003,29.144285999196871],[-90.089835448194194,29.164475355817629],[-90.058511999999993,29.183686999196187],[-89.956459999999993,29.253743999194985],[-89.902706324024294,29.293036605690329],[-89.883462999999992,29.307102999194075],[-89.842641,29.318822999193873],[-89.726162000000002,29.304025999194135],[-89.639662999999999,29.290530999194356],[-89.606650999999999,29.252022999195017],[-89.564550999999994,29.242526999195185],[-89.482844,29.215052999195645],[-89.432931999999994,29.149022999196799],[-89.390514999999994,29.123575999197229],[-89.361097999999998,29.071847999198127],[-89.403529999999989,29.016963999199085],[-89.400965999999997,28.93381199920054],[-89.322010999999989,29.010250999199201],[-89.259354000000002,29.05835799919836],[-89.218672999999995,29.022514999198986],[-89.142865999999998,28.991622999199521],[-89.148792,29.02966999919887],[-89.116529999999997,29.07409699919809],[-89.066616999999994,29.090713999197803],[-89.014279999999999,29.166912999196487],[-89.025973999999991,29.215152999195642],[-89.116652999999999,29.219531999195574],[-89.134337000000002,29.279339999194544],[-89.200389000000001,29.344417999193439],[-89.257852,29.336871999193555],[-89.312084999999996,29.388037999192694],[-89.380000999999993,29.39178499919263],[-89.482317999999992,29.406221999192386],[-89.532150000000001,29.434566999191908],[-89.569606999999991,29.494043999190886],[-89.564614999999989,29.543785999190057],[-89.602108999999999,29.61029499918893],[-89.535201999999998,29.648566999188294],[-89.504737999999989,29.631507999188575],[-89.500966753133696,29.63345542424733],[-89.465561999999991,29.651737999188235],[-89.403955999999994,29.681807999187733],[-89.39916199999999,29.770591999186255],[-89.271034,29.756354999186485],[-89.293250999999998,29.803052999185716],[-89.236297999999991,29.877080999184489],[-89.231178,29.925483999183673],[-89.21567499999999,29.993522999182563],[-89.185799000000003,30.063933999181408],[-89.183256,30.149343999180012],[-89.233167999999992,30.13495699918024],[-89.303026000000003,30.09156999918094],[-89.342162999999999,30.05917199918148],[-89.444617999999991,30.060958999181448],[-89.494063999999995,30.040971999181767],[-89.574424999999991,29.983737999182718],[-89.598129,29.881408999184409],[-89.647064,29.863601999184702],[-89.701724999999996,29.874084999184539],[-89.744271999999995,29.917646999183805],[-89.795968999999999,29.934002999183537],[-89.852582999999996,29.952720999183235],[-89.845297119572407,30.016381839752292],[-89.845064999999991,30.018409999182147],[-89.782533999999998,30.045371999181707],[-89.683712,30.076017999181207],[-89.656985999999989,30.118380999180516],[-89.605088456554597,30.142814156739405],[-89.524503999999993,30.1807529991795],[-89.475824000000003,30.191560999179327],[-89.447464999999994,30.205097999179095],[-89.424623999999994,30.24539099917844],[-89.344746000000001,30.293195999177662],[-89.307023760844501,30.303994779421604],[-89.294443999999999,30.307595999177448],[-89.186839999999989,30.331196999177077],[-89.083236999999997,30.368096999176473],[-88.971232999999998,30.390797999176101],[-88.893929999999997,30.393397999176063],[-88.818761999999992,30.360589999176597],[-88.800343515203494,30.357264172271542],[-88.746944999999997,30.347621999176791],[-88.700586999999999,30.343688999176855],[-88.663820000000001,30.362098999176567],[-88.613005999999999,30.353963999176703],[-88.581929000000002,30.331062999177064],[-88.522493999999995,30.340091999176913],[-88.471874999999997,30.320019999177241],[-88.446494999999999,30.347752999176791],[-88.409926999999996,30.342114999176886],[-88.395022999999995,30.369424999176449],[-88.364021999999991,30.388005999176144],[-88.311607999999993,30.368907999176461],[-88.257763999999995,30.318932999177257],[-88.195663999999994,30.321241999177225],[-88.136172999999999,30.320728999177231],[-88.105699000000001,30.401864999175931],[-88.103768000000002,30.50090299917434],[-88.081616999999994,30.546316999173616],[-88.064897999999999,30.588291999172959],[-88.061998000000003,30.644890999172066],[-88.008395999999991,30.684955999171425],[-87.931069999999991,30.652693999171927],[-87.914955999999989,30.585892999173005],[-87.901710999999992,30.550878999173555],[-87.933354999999992,30.487356999174551],[-87.914135999999999,30.446143999175213],[-87.865016999999995,30.383449999176232],[-87.796717000000001,30.324197999177169],[-87.806466,30.279797999177884],[-87.893200999999991,30.239236999178537],[-87.818866999999997,30.228313999178724],[-87.656887999999995,30.249708999178388],[-87.518323999999993,30.280434999177874],[-87.419859000000002,30.297127999177619],[-87.319518000000002,30.317813999177272],[-87.267826999999997,30.315479999177303],[-87.2297658113648,30.319632928978262],[-87.155391999999992,30.327747999177106],[-86.919204749800798,30.368991471298941],[-86.850624999999994,30.380966999176248],[-86.800351351965887,30.384508086553801],[-86.632953000000001,30.396298999176022],[-86.412075999999999,30.380345999176274],[-86.397379606502398,30.377495279595429],[-86.222560999999999,30.343584999176862],[-86.089962999999997,30.303568999177511],[-85.999937000000003,30.270779999178036],[-85.996102593976005,30.268901380387177],[-85.811218999999994,30.178319999179536],[-85.696809999999999,30.096889999180863],[-85.60117799999999,30.056341999181537],[-85.571906999999996,30.026439999182013],[-85.487763999999999,29.961226999183086],[-85.425955999999999,29.949887999183268],[-85.389240033231999,29.924114861787402],[-85.38472999999999,29.920948999183757],[-85.416547999999992,29.842627999185044],[-85.402829999999994,29.758781999186439],[-85.352615,29.65978699918811],[-85.25971899999999,29.681295999187746],[-85.228425133073102,29.669559996949946],[-85.157309999999995,29.642889999188384],[-85.045074,29.586990999189311],[-84.876730999999992,29.655757999188165],[-84.776953999999989,29.692190999187563],[-84.692618999999993,29.763038999186382],[-84.604002999999992,29.786020999185983],[-84.564976000000001,29.810179999185589],[-84.577439999999996,29.887827999184299],[-84.535872999999995,29.91009199918393],[-84.470322999999993,29.92452399918368],[-84.423833999999999,29.902995999184039],[-84.349065999999993,29.896811999184148],[-84.333745999999991,29.923720999183693],[-84.341148833181592,29.960756335288494],[-84.341438999999994,29.962207999183079],[-84.366114999999994,30.008661999182308],[-84.289726999999999,30.057196999181521],[-84.208010000000002,30.084775999181069],[-84.179148999999995,30.073186999181249],[-84.124888999999996,30.090600999180971],[-84.076132071911402,30.099089882910921],[-84.062989999999999,30.101377999180798],[-84.000715999999997,30.096208999180881],[-83.992310340477999,30.08926873690967],[-83.931510000000003,30.039067999181807],[-83.788728999999989,29.976981999182826],[-83.679218999999989,29.918512999183786],[-83.625025999999991,29.856891999184818],[-83.583044999999998,29.787306999185962],[-83.537644999999998,29.723059999187033],[-83.483566999999994,29.698541999187459],[-83.414700999999994,29.670535999187923],[-83.414126513158493,29.666065223670689],[-83.405068,29.595569999189188],[-83.401551999999995,29.523290999190401],[-83.307828000000001,29.468860999191318],[-83.294747000000001,29.437922999191848],[-83.240509000000003,29.433177999191926],[-83.202445999999995,29.394421999192584],[-83.175517999999997,29.344689999193438],[-83.169575999999992,29.290354999194367],[-83.165921811586401,29.289091841840989],[-83.107477000000003,29.268888999194729],[-83.074733999999992,29.247974999195087],[-83.078986,29.196943999195966],[-83.053207,29.130838999197106],[-83.01624799999999,29.125370999197202],[-82.996144000000001,29.178073999196297],[-82.927106999999992,29.168906999196455],[-82.827072999999999,29.15842499919664],[-82.798875999999993,29.114503999197392],[-82.823658999999992,29.098901999197654],[-82.759703999999999,29.054191999198434],[-82.759377999999998,29.006618999199269],[-82.755573808695701,29.00093011745977],[-82.723860999999999,28.953505999200186],[-82.688863999999995,28.905608999201032],[-82.730244999999996,28.850154999202001],[-82.713121000000001,28.800282999202885],[-82.712372999999999,28.720920999204278],[-82.668722000000002,28.69565799920473],[-82.668711402144808,28.694303267789945],[-82.668149,28.622410999206032],[-82.656694000000002,28.544813999207417],[-82.665054999999995,28.484433999208502],[-82.690795013376089,28.433341924972108],[-82.69743299999999,28.42016599920964],[-82.731459999999998,28.325074999211353],[-82.764102999999992,28.244344999212824],[-82.859623999999997,28.174134999214104],[-82.859384956033011,28.172175073818646],[-82.850881000000001,28.102450999215417],[-82.828162999999989,28.02012999921692],[-82.828331394775091,28.019031534109139],[-82.840881999999993,27.937161999218453],[-82.846525999999997,27.85430099921998],[-82.790223999999995,27.791602999221148],[-82.746223000000001,27.731305999222261],[-82.738467,27.678503999223253],[-82.733075999999997,27.612971999224467],[-82.705016999999998,27.625309999224253],[-82.652520999999993,27.700306999222839],[-82.625019999999992,27.732705999222247],[-82.622722999999993,27.779867999221366],[-82.586518999999996,27.816702999220688],[-82.56638052125129,27.836338216933711],[-82.553945999999996,27.848461999220092],[-82.489848999999992,27.822606999220557],[-82.4734467487892,27.817585624747963],[-82.448785999999998,27.810035999220805],[-82.431979999999996,27.768091999221578],[-82.477637999999999,27.72300399922241],[-82.514264999999995,27.705587999222736],[-82.552887207063591,27.645447595589374],[-82.584628999999993,27.596020999224805],[-82.650719999999993,27.52311499922617],[-82.719852000000003,27.528932999226061],[-82.743016999999995,27.531085999226022],[-82.69182099999999,27.437217999227798],[-82.648170616859488,27.389719999228692],[-82.610580999999996,27.348816999229463],[-82.539718999999991,27.254325999231266],[-82.516585422788197,27.207826302473961],[-82.45267299999999,27.079358999234628],[-82.369201392169089,26.946081024870708],[-82.31427699999999,26.8583839992389],[-82.280541277628799,26.789308585683347],[-82.264681999999993,26.756835999240884],[-82.264350999999991,26.698495999242024],[-82.245395000000002,26.601093999243957],[-82.180717000000001,26.476256999246413],[-82.126671000000002,26.4362789992472],[-82.075014999999993,26.422058999247486],[-82.013913000000002,26.452057999246879],[-81.956610999999995,26.452357999246882],[-81.923610999999994,26.436657999247203],[-81.846485247961795,26.33037204775211],[-81.844555,26.327711999249367],[-81.808832999999993,26.152245999252877],[-81.757463000000001,26.000373999255952],[-81.727086,25.907206999257834],[-81.67263299999999,25.856653999258864],[-81.640236958056803,25.877537578543549],[-81.614734999999996,25.893976999258111],[-81.472239000000002,25.816929999259671],[-81.441864771799189,25.803129027690961],[-81.383809999999997,25.776750999260496],[-81.355986000000001,25.703525999262002],[-81.289901,25.673553999262619],[-81.240518999999992,25.599040999264144],[-81.208201000000003,25.504936999266096],[-81.146765000000002,25.407576999268116],[-81.148102999999992,25.332792999269678],[-81.170907,25.245856999271481],[-81.14227799999999,25.182999999272809],[-81.079858999999999,25.118796999274153],[-81.009597999999997,25.125402999274026],[-80.91592399999999,25.141300999273689],[-80.87545999999999,25.174320999272982],[-80.8581700400306,25.177520325799019],[-80.812133000000003,25.186038999272739],[-80.747745999999992,25.147440999273552],[-80.710606999999996,25.152529999273444],[-80.650531999999998,25.189096999272678],[-80.542390999999995,25.206378999272314],[-80.49539399999999,25.199807999272444],[-80.500512999999998,25.156673999273366],[-80.516570999999999,25.095456999274646],[-80.610868999999994,25.006994999276504],[-80.847470999999999,24.851752999279814],[-81.038907999999992,24.772595999281499],[-81.148718000000002,24.710476999282822],[-81.103372999999991,24.669462999283706],[-80.966245000000001,24.707851999282873],[-80.651189000000002,24.866130999279509],[-80.496760999999992,24.999323999276683],[-80.358182999999997,25.153227999273433],[-80.238554999999991,25.326819999269791],[-80.232390558930391,25.337069458682276],[-80.163156000000001,25.452183999267177],[-80.176023999999998,25.521153999265753],[-80.234848999999997,25.421959999267816],[-80.310360000000003,25.389706999268494],[-80.337048999999993,25.465620999266903],[-80.3159759814327,25.53262082653162],[-80.313918000000001,25.539163999265384],[-80.301463999999996,25.613298999263851],[-80.265878999999998,25.658372999262923],[-80.229106999999999,25.732508999261409],[-80.176915999999991,25.685061999262391],[-80.154972000000001,25.665489999262778],[-80.123806000000002,25.762766999260784],[-80.10995299999999,25.818259999259649],[-80.114385224276106,25.872617319546432],[-80.114514244107795,25.874199633950603],[-80.117903999999996,25.915771999257657],[-80.115128923890097,25.972815489267106],[-80.115017964499998,25.975096331524352],[-80.112978251285398,26.01702396008961],[-80.109566000000001,26.087164999254199],[-80.10865850558919,26.09329388550946],[-80.085565000000003,26.249258999250923],[-80.075874439443197,26.320912769129698],[-80.061607857331992,26.426402475897699],[-80.05036299999999,26.509548999245748],[-80.038862999999992,26.569346999244569],[-80.03536299999999,26.612345999243718],[-80.035567456026399,26.644904088031989],[-80.035763000000003,26.676042999242462],[-80.032119999999992,26.771529999240599],[-80.033785231012089,26.781856951202794],[-80.037522277531792,26.805032294209841],[-80.046262999999996,26.859237999238889],[-80.083077629755309,26.970533999236721],[-80.116771999999997,27.072396999234755],[-80.138604999999998,27.111516999233999],[-80.153374999999997,27.16930799923291],[-80.198021352658699,27.263008802903602],[-80.253664999999998,27.379789999228883],[-80.316686611620383,27.55734002383312],[-80.330956,27.597540999224773],[-80.383695000000003,27.740044999222103],[-80.447676949217595,27.860513512580869],[-80.547674999999998,28.048794999216387],[-80.589974999999995,28.177989999214038],[-80.604213999999999,28.257732999212582],[-80.606873999999991,28.336483999211158],[-80.587812999999997,28.410855999209815],[-80.525093999999996,28.459453999208939],[-80.583883999999998,28.597704999206467],[-80.647288000000003,28.677874999205041],[-80.727505670073697,28.791192870525737],[-80.787020999999996,28.875265999201552],[-80.907274999999998,29.064261999198266],[-80.96617599999999,29.147959999196807],[-81.046678,29.307855999194079],[-81.102967351745392,29.426996649644035],[-81.163580999999994,29.555289999189863],[-81.210409596553802,29.670640804892219],[-81.256710999999996,29.784692999186007],[-81.261933460574795,29.822123485861489],[-81.270442000000003,29.88310599918438],[-81.288955000000001,29.915179999183845],[-81.3743761280233,30.252930999178329],[-81.396406999999996,30.340039999176923],[-81.410809,30.482038999174648],[-81.426009999999991,30.496738999174408],[-81.428954737643295,30.506183073339468],[-81.434063999999992,30.522568999173998],[-81.443098999999989,30.60093799917275],[-81.427419999999998,30.698019999171212],[-81.444124000000002,30.709713999171033],[-81.460060999999996,30.769911999170098],[-81.440129999999996,30.821368999169287],[-81.405152999999999,30.908202999167941],[-81.408484000000001,30.977717999166849],[-81.412518035579495,30.99083450267506],[-81.420473999999999,31.016702999166256],[-81.40126699999999,31.07278099916541],[-81.402096,31.125382999164575],[-81.368240999999998,31.136533999164424],[-81.304957000000002,31.206172999163361],[-81.282842000000002,31.244329999162783],[-81.264377948088395,31.294599063907501],[-81.260958000000002,31.303909999161867],[-81.279337999999996,31.351126999161167],[-81.258615999999989,31.40442499916038],[-81.213493,31.46281799915948],[-81.177253999999991,31.517073999158679],[-81.174832636590594,31.539596448653143],[-81.173079000000001,31.555907999158094],[-81.133493000000001,31.623347999157094],[-81.139393999999996,31.699916999155985],[-81.135298590200492,31.710564597121905],[-81.130634000000001,31.722691999155632],[-81.077056999999996,31.761255999155068],[-81.036873,31.812720999154305],[-81.000316999999995,31.856743999153657],[-80.941358999999991,31.912983999152875],[-80.91120699999999,31.943768999152415],[-80.848440999999994,31.988278999151767],[-80.843130000000002,32.024225999151263],[-80.885516999999993,32.034599999151112],[-80.867427681891598,32.078489999150463],[-80.858734999999996,32.099580999150163],[-80.812502999999992,32.109745999150029],[-80.721463,32.160426999149294],[-80.66916599999999,32.216782999148506],[-80.726967000000002,32.265705999147819],[-80.766037999999995,32.292607999147428],[-80.714601000000002,32.32565599914696],[-80.64479399999999,32.291496999147448],[-80.596393999999989,32.2735489991477],[-80.539428999999998,32.287023999147515],[-80.455191999999997,32.326457999146953],[-80.434303,32.375192999146279],[-80.457501999999991,32.410263999145776],[-80.484617,32.460975999145077],[-80.472293124695099,32.483348913724861],[-80.465710000000001,32.495299999144599],[-80.413505000000001,32.471173999144945],[-80.338353999999995,32.478729999144832],[-80.249442329299896,32.52935938353162],[-80.246360999999993,32.531113999144097],[-80.190107999999995,32.546840999143882],[-80.148405999999994,32.578478999143442],[-80.077038999999999,32.603318999143106],[-80.000800999999996,32.605891999143076],[-79.968468000000001,32.63973199914259],[-79.88496099999999,32.68440199914199],[-79.868352000000002,32.734848999141299],[-79.818236999999996,32.76635199914088],[-79.726388999999998,32.80599599914035],[-79.695140999999992,32.850397999139744],[-79.601309000000001,32.898149999139086],[-79.569761999999997,32.926691999138718],[-79.606614999999991,32.972247999138098],[-79.580725000000001,33.006446999137644],[-79.522448999999995,33.03534999913726],[-79.483498999999995,33.00126499913771],[-79.423446999999996,33.015084999137521],[-79.359960999999998,33.006671999137644],[-79.33931299999999,33.050335999137054],[-79.329909000000001,33.089985999136523],[-79.291590999999997,33.109772999136254],[-79.274494584642795,33.12005626685653],[-79.215452999999997,33.155568999135653],[-79.172393999999997,33.206576999134988],[-79.180562999999992,33.23795499913458],[-79.162331999999992,33.327245999133403],[-79.135441,33.403866999132411],[-79.084587999999997,33.483668999131389],[-79.028515999999996,33.533364999130733],[-78.995130989902407,33.572663999130249],[-78.938075999999995,33.6398259991294],[-78.862931000000003,33.705653999128565],[-78.772736999999992,33.768510999127763],[-78.672259999999994,33.817586999127144],[-78.54108699999999,33.851111999126744],[-78.383963999999992,33.901945999126106],[-78.276146999999995,33.912363999125986],[-78.136951999999994,33.912177999125973],[-78.018688999999995,33.888288999126274],[-78.006765000000001,33.858703999126639],[-77.960172,33.853314999126702],[-77.934827135085698,33.920548504923197],[-77.915536000000003,33.971722999125248],[-77.885455075521094,34.038240983977431],[-77.829208999999992,34.162617999122908],[-77.764021999999997,34.24564099912191],[-77.713513170458796,34.290247185808184],[-77.63503399999999,34.359554999120533],[-77.515216544584788,34.437384968546219],[-77.462921999999992,34.471353999119231],[-77.322524000000001,34.535573999118469],[-77.240990999999994,34.587506999117856],[-77.136842999999999,34.632925999117333],[-77.112964393076794,34.638092831508771],[-76.906256999999997,34.682819999116752],[-76.726968999999997,34.696689999116586],[-76.618718999999999,34.672549999116875],[-76.553805999999994,34.628251999117396],[-76.535945999999996,34.588576999117862],[-76.450453999999993,34.714449999116368],[-76.386803999999998,34.784578999115588],[-76.310209999999998,34.852308999114825],[-76.233087999999995,34.905476999114207],[-76.137269000000003,34.987857999113274],[-76.013144999999994,35.061854999112434],[-75.912984999999992,35.119599999111806],[-75.757915999999994,35.183078999111117],[-75.749561423962206,35.185616361303296],[-75.635492999999997,35.220259999110695],[-75.533626999999996,35.225824999110628],[-75.48677099999999,35.391651999108831],[-75.458658999999997,35.596596999106644],[-75.496085999999991,35.728514999105258],[-75.519009999999994,35.769086999104829],[-75.569794000000002,35.863300999103863],[-75.658536999999995,36.020429999102276],[-75.718310000000002,36.113673999101316],[-75.770651462559698,36.232080306150934],[-75.796409999999995,36.29035099909958],[-75.838436999999999,36.434896999098171],[-75.867043999999993,36.550753999097061],[-75.890946,36.630752999096302],[-75.921747999999994,36.692050999095727],[-75.961589000000004,36.799994999094714],[-75.996251999999998,36.922046999093602],[-76.043053999999998,36.927546999093536],[-76.087954999999994,36.908646999093705],[-76.176947585198704,36.928538679248526],[-76.189959000000002,36.931446999093502],[-76.267961999999997,36.964546999093201],[-76.280972050816587,36.977743726761091],[-76.296792290295201,36.993790965544633],[-76.304271999999997,37.001377999092867],[-76.283827953120706,37.0528851061135],[-76.271261999999993,37.084543999092119],[-76.293126918301013,37.114163699972153],[-76.311087999999998,37.138494999091655],[-76.343100000000007,37.186550999091224],[-76.347189928967595,37.189644492746496],[-76.394131999999999,37.225149999090881],[-76.376936809717506,37.249491761453967],[-76.362290000000002,37.270225999090499],[-76.387770000000003,37.307669999090166],[-76.437524999999994,37.379749999089533],[-76.402945875352898,37.392600000880634],[-76.393957999999998,37.395939999089393],[-76.366750999999994,37.374494999089585],[-76.27555199999999,37.309963999090151],[-76.248459999999994,37.375134999089596],[-76.250453999999991,37.421885999089184],[-76.273488,37.495320999088555],[-76.289492797178099,37.536075287096999],[-76.297960000000003,37.557635999088021],[-76.2888778367019,37.58735993319177],[-76.27944699999999,37.618224999087516],[-76.329120000000003,37.670975999087077],[-76.325299149690608,37.682573884523677],[-76.312857999999991,37.720337999086681],[-76.310306999999995,37.794848999086049],[-76.251357999999996,37.83307199908576],[-76.236724999999993,37.889173999085301],[-76.316952000000001,37.934928999084931],[-76.427486999999999,37.977037999084601],[-76.491997999999995,38.017221999084278],[-76.510693961317699,38.039488926898308],[-76.535918999999993,38.069531999083871],[-76.600937000000002,38.11008399908355],[-76.613939000000002,38.148586999083257],[-76.684891999999991,38.156496999083188],[-76.749684999999999,38.162113999083132],[-76.83879499999999,38.163475999083133],[-76.910831999999999,38.197072999082863],[-76.962311,38.21407499908274],[-76.957796000000002,38.243182999082514],[-76.990254999999991,38.273934999082286],[-76.996791259204898,38.279147833062147],[-77.026303999999996,38.302684999082068],[-77.020946999999992,38.329272999081873],[-77.048136999999997,38.360144999081626],[-77.093712999999994,38.352800999081694],[-77.162691999999993,38.345993999081735],[-77.265294999999995,38.333164999081838],[-77.284346499792193,38.351636815595988],[-77.317287999999991,38.383575999081458],[-77.322621999999996,38.46713099908083],[-77.312604284119288,38.501927799664671],[-77.29923201266611,38.548376737591134],[-77.295273999999992,38.562124999080147],[-77.246703999999994,38.63521699907961],[-77.224145855301487,38.6351782739805],[-77.130200000000002,38.63501699907961],[-77.129083999999992,38.614363999079764],[-77.183767000000003,38.60069899907986],[-77.246583999999999,38.538340999080305],[-77.259962000000002,38.435820999081066],[-77.211187999999993,38.380661999081482],[-77.123324999999994,38.410645999081261],[-77.07548899999999,38.424709999081152],[-77.016370999999992,38.445571999080997],[-77.001638,38.421951999081166],[-76.975492000000003,38.347326999081737],[-76.922176999999991,38.311338999081997],[-76.864291999999992,38.268944999082322],[-76.827036129281893,38.258300099696513],[-76.805948999999998,38.252274999082452],[-76.740054999999998,38.235226999082592],[-76.673462000000001,38.234400999082581],[-76.590637000000001,38.214211999082728],[-76.540379999999999,38.152990999083215],[-76.481036000000003,38.115872999083514],[-76.430425,38.119382999083477],[-76.37178999999999,38.079564999083793],[-76.322092999999995,38.036502999084121],[-76.330793999999997,38.09933099908362],[-76.320135999999991,38.138338999083324],[-76.353515999999999,38.178134999083007],[-76.392668,38.239662999082555],[-76.374481000000003,38.296347999082109],[-76.402894000000003,38.311401999082001],[-76.400194624698003,38.319871943043353],[-76.387001999999995,38.361266999081622],[-76.393377999999998,38.389476999081417],[-76.450936999999996,38.442421999081027],[-76.492699000000002,38.482848999080723],[-76.517505999999997,38.539148999080304],[-76.51127799999999,38.615744999079745],[-76.528922999999992,38.663888999079404],[-76.52709254739419,38.71275030031736],[-76.526654999999991,38.724429999078964],[-76.558742999999993,38.756351999078746],[-76.526978999999997,38.78701599907852],[-76.48987799999999,38.838714999078178],[-76.516943999999995,38.851156999078086],[-76.490679999999998,38.884813999077842],[-76.473976163655493,38.902693377707621],[-76.469380000000001,38.907612999077685],[-76.450279999999992,38.941112999077454],[-76.471280999999991,38.956511999077343],[-76.448981000000003,38.982810999077181],[-76.394080000000002,39.011310999076983],[-76.420394000000002,39.042069999076752],[-76.421859999999995,39.08144199907651],[-76.428680999999997,39.131708999076181],[-76.525784999999999,39.177907999075856],[-76.504008590918104,39.199286248201723],[-76.498384000000001,39.20480799907569],[-76.463482999999997,39.205907999075684],[-76.425280999999998,39.205707999075692],[-76.39550899999999,39.231701999075526],[-76.349993999999995,39.248821999075396],[-76.325418341956905,39.272905085157952],[-76.296608999999989,39.301136999075048],[-76.224160999999995,39.352779999074727],[-76.146372999999997,39.405309999074404],[-76.060930999999997,39.452207999074091],[-76.037646288315798,39.452642381383399],[-76.012311999999994,39.453114999074089],[-76.006879999999995,39.414526999074333],[-76.040961999999993,39.394236999074451],[-76.061498821955695,39.387748113189602],[-76.11052699999999,39.372256999074601],[-76.159672999999998,39.335908999074832],[-76.177703999999991,39.298700999075074],[-76.211252999999999,39.269811999075259],[-76.243166000000002,39.213361999075616],[-76.278526999999997,39.145763999076074],[-76.246481000000003,39.119587999076259],[-76.233457000000001,39.091384999076439],[-76.231764999999996,39.018517999076934],[-76.265036640408695,39.028550954425668],[-76.301846999999995,39.039650999076791],[-76.322295999999994,39.006374999077018],[-76.361727000000002,38.93917499907748],[-76.376201999999992,38.850460999078074],[-76.334018999999998,38.860237999078009],[-76.31794699999999,38.911311999077661],[-76.250867999999997,38.928249999077543],[-76.203637999999998,38.928381999077544],[-76.205062999999996,38.892725999077783],[-76.196868759948003,38.855741962498747],[-76.191090000000003,38.829659999078231],[-76.21932799999999,38.812370999078347],[-76.271574999999999,38.851770999078063],[-76.310080999999997,38.796845999078457],[-76.379739000000001,38.788313999078518],[-76.390349999999998,38.757003999078734],[-76.340542999999997,38.730337999078934],[-76.34799799999999,38.686233999079235],[-76.322417999999999,38.679303999079288],[-76.275014999999996,38.71271399907905],[-76.238725000000002,38.712844999079039],[-76.200333999999998,38.670773999079344],[-76.175158999999994,38.673235999079331],[-76.170161874587293,38.640842046229679],[-76.165435000000002,38.610199999079789],[-76.203064999999995,38.610740999079788],[-76.231186999999991,38.614009999079762],[-76.279589000000001,38.609519999079794],[-76.290042999999997,38.569157999080097],[-76.277461000000002,38.541850999080289],[-76.336359999999999,38.492234999080651],[-76.280551000000003,38.403142999081318],[-76.25,38.362303999081618],[-76.257666999999998,38.3248549990819],[-76.217613,38.305682999082038],[-76.135513000000003,38.232184999082605],[-76.088639000000001,38.192648999082891],[-76.095547999999994,38.12512299908343],[-76.048692000000003,38.086727999083742],[-76.005904000000001,38.077169999083807],[-76.011915999999999,38.122213999083456],[-76.031987999999998,38.187419999082941],[-76.038934999999995,38.254931999082423],[-75.944500000000005,38.249144999082461],[-75.923766082428301,38.246285276084507],[-75.888513000000003,38.241422999082531],[-75.875447311464697,38.219709301043707],[-75.864103999999998,38.200857999082849],[-75.942374999999998,38.187065999082961],[-75.937089,38.124208999083443],[-75.863810000000001,38.100967999083615],[-75.858880999999997,38.060134999083942],[-75.857506999999998,38.038777999084118],[-75.898955999999998,37.974513999084614],[-75.892685999999998,37.916847999085071],[-75.860726999999997,37.918309999085075],[-75.78381499999999,37.97259399908463],[-75.722662,37.971309999084639],[-75.669710999999992,37.950795999084811],[-75.757694000000001,37.903911999085182],[-75.702913999999993,37.849658999085605],[-75.735879999999995,37.816560999085901],[-75.818124999999995,37.791697999086082],[-75.81215499999999,37.749501999086426],[-75.859262000000001,37.703110999086825],[-75.898664999999994,37.63542499908737],[-75.941181999999998,37.563838999087977],[-75.945574318930696,37.5490406572398],[-75.976490999999996,37.444877999088973],[-75.987121999999999,37.368547999089635],[-76.023474999999991,37.289066999090316],[-75.998646999999991,37.188738999091207],[-75.979607999999999,37.10044799909199],[-75.942398999999995,37.089606999092076],[-75.897297999999992,37.118036999091828],[-75.817386999999997,37.193436999091169],[-75.795164,37.247094999090692],[-75.778817000000004,37.29717599909025],[-75.735828999999995,37.335425999089921],[-75.720738999999995,37.373128999089595],[-75.658378999999996,37.451814999088924],[-75.665417910875092,37.467293514581286],[-75.672877,37.483695999088646],[-75.607823999999994,37.560705999087993],[-75.614526999999995,37.609295999087593],[-75.59195299999999,37.663177999087139],[-75.551897999999994,37.748121999086436],[-75.489269999999991,37.83245699908575],[-75.43900099999999,37.869334999085453],[-75.38063799999999,37.851701999085606],[-75.338622999999998,37.894985999085243],[-75.242266000000001,38.027208999084202],[-75.193795999999992,38.096012999083662],[-75.177393999999993,38.130013999083388],[-75.143228999999991,38.22047499908269],[-75.102947,38.311524999081996],[-75.085517999999993,38.324269999081913],[-75.04893899999999,38.451262999080953],[-75.053972999999999,38.536272999080325],[-75.071804999999998,38.69649699907918],[-75.089472999999998,38.797197999078449],[-75.113331000000002,38.78299799907856],[-75.159021999999993,38.790192999078506],[-75.232028999999997,38.844253999078127],[-75.30407799999999,38.913159999077649],[-75.302551999999991,38.939001999077462],[-75.306652109509699,38.947660162405825],[-75.340890000000002,39.019959999076924],[-75.396276999999998,39.057883999076672],[-75.407472999999996,39.133705999076156],[-75.39479,39.188353999075801],[-75.40837599999999,39.264697999075295],[-75.469324,39.330819999074862],[-75.505642857618398,39.370394221657413],[-75.521681999999998,39.387870999074501],[-75.571829999999991,39.438896999074174],[-75.593068000000002,39.479185999073927],[-75.528087999999997,39.498113999073816],[-75.536430999999993,39.460558999074046],[-75.465211999999994,39.438929999074176],[-75.442392999999996,39.40229099907441],[-75.417107077488097,39.388910685788197],[-75.399304000000001,39.379489999074565],[-75.355558000000002,39.347822999074758],[-75.326753999999994,39.332472999074859],[-75.285332999999994,39.292211999075121],[-75.244356999999994,39.285699999075163],[-75.212509999999995,39.262754999075305],[-75.16666699999999,39.222576999075578],[-75.136667000000003,39.181882999075846],[-75.090794000000002,39.210801999075649],[-75.048486999999994,39.215221999075609],[-74.998002,39.191252999075772],[-74.915155805562705,39.176697502594664],[-74.905180999999999,39.17494499907589],[-74.885914,39.143626999076098],[-74.903663999999992,39.087436999076473],[-74.955362999999991,39.001261999077052],[-74.967274000000003,38.933412999077511],[-74.933571000000001,38.928518999077561],[-74.864457999999999,38.94040999907746],[-74.807917000000003,38.985947999077155],[-74.778776999999991,39.023072999076895],[-74.705876000000004,39.10293699907637],[-74.71434099999999,39.119803999076247],[-74.671430000000001,39.179801999075849],[-74.646594999999991,39.212001999075632],[-74.581007999999997,39.270818999075253],[-74.540787855582494,39.300025490259479],[-74.521796999999992,39.313815999074968],[-74.412691999999993,39.360815999074688],[-74.366990000000001,39.402016999074419],[-74.304343000000003,39.471444999073974],[-74.291584999999998,39.507704999073745],[-74.2910153361548,39.50836979657155],[-74.190973999999997,39.625117999073034],[-74.101443000000003,39.756172999072234],[-74.099618914325191,39.763784360567989],[-74.090944999999991,39.799977999071977],[-74.077247,39.910990999071331],[-74.064134999999993,39.979156999070945],[-74.034962382263487,40.102584305018446],[-74.030180999999999,40.122813999070139],[-74.001020794434595,40.216966591047516],[-73.981680999999995,40.27941099906927],[-73.971380999999994,40.348009999068928],[-73.976981999999992,40.408507999068597],[-73.997942999999992,40.476667999068241],[-74.019334000000001,40.471243999068285],[-74.047883999999996,40.418907999068544],[-74.108294999999998,40.443787999068427],[-74.157094000000001,40.447570999068404],[-74.206187999999997,40.440706999068432],[-74.224652466014689,40.448662488554909],[-74.261888999999996,40.464705999068322],[-74.260610999999997,40.502435999068112],[-74.199922999999998,40.511728999068076],[-74.112584999999996,40.547602999067891],[-74.057316,40.597545999067634],[-74.037970523915803,40.589570865407175],[-74.0365576544541,40.588988412809286],[-73.991345999999993,40.570349999067766],[-73.973791770244588,40.560854701585733],[-73.940590999999998,40.542895999067923],[-73.825494001131091,40.57614957806166],[-73.774928000000003,40.590758999067667],[-73.750621721656302,40.589319766195381],[-73.640901999999997,40.582822999067709],[-73.507324999999994,40.59341099906765],[-73.484868394347089,40.598754852827845],[-73.423976617557202,40.613244876627057],[-73.35146499999999,40.630499999067474],[-73.306395999999992,40.620755999067526],[-73.208439999999996,40.630883999067471],[-73.146080869210792,40.646407967168699],[-73.012545000000003,40.679650999067235],[-72.923214000000002,40.713281999067064],[-72.757176000000001,40.764370999066813],[-72.395849999999996,40.86665999906635],[-72.298727,40.90315099906617],[-72.097369,40.958879999065914],[-71.936976999999999,41.006136999065703],[-71.856213999999994,41.070597999065413],[-71.919384999999991,41.080516999065374],[-71.959594999999993,41.071236999065398],[-72.051928000000004,41.020505999065634],[-72.095710999999994,41.054019999065481],[-72.084206999999992,41.101523999065272],[-72.126704000000004,41.115138999065216],[-72.162897999999998,41.053186999065503],[-72.217475999999991,41.040610999065542],[-72.283092999999994,41.067873999065412],[-72.254704000000004,41.11085199906524],[-72.18203299999999,41.178344999064954],[-72.189162999999994,41.193548999064866],[-72.291108999999992,41.155873999065037],[-72.354123000000001,41.139951999065097],[-72.389809,41.108303999065242],[-72.445241999999993,41.086115999065349],[-72.504305000000002,41.04332899906553],[-72.585326999999992,40.997586999065732],[-72.708068999999995,40.977850999065836],[-72.859831,40.966087999065884],[-73.040444999999991,40.964497999065884],[-73.110367999999994,40.971937999065858],[-73.144672999999997,40.955841999065939],[-73.148994000000002,40.928897999066045],[-73.22928499999999,40.905120999066156],[-73.235827406678496,40.906689766598461],[-73.331360000000004,40.92959699906605],[-73.392861999999994,40.955296999065936],[-73.436663999999993,40.934896999066019],[-73.485365000000002,40.946396999065968],[-73.497351038626292,40.923182272360478],[-73.499940999999993,40.918165999066105],[-73.617570999999998,40.897897999066188],[-73.654371999999995,40.878198999066292],[-73.713673999999997,40.870098999066322],[-73.741197244948594,40.875854591903689],[-73.766275999999991,40.881098999066275],[-73.756776000000002,40.912598999066134],[-73.697974000000002,40.939597999066002],[-73.657336000000001,40.985170999065801],[-73.595698999999996,41.015994999065647],[-73.561967999999993,41.016796999065654],[-73.516902999999999,41.038737999065532],[-73.468238999999997,41.051346999065494],[-73.422164999999993,41.047561999065501],[-73.387226999999996,41.05824699906546],[-73.354230999999999,41.085638999065345],[-73.372295999999992,41.104019999065258],[-73.330659999999995,41.109995999065241],[-73.297214389349008,41.113668542766426],[-73.2698175797685,41.116676889108504],[-73.262357999999992,41.117495999065191],[-73.20265599999999,41.158095999065019],[-73.172835365127398,41.153442278177437],[-73.130252999999996,41.146796999065074],[-73.108351999999996,41.153717999065044],[-73.101173821644508,41.163726270229297],[-73.079449999999994,41.194014999064869],[-73.020448999999999,41.206396999064815],[-72.986246999999992,41.233496999064712],[-72.984840812754697,41.234191741878696],[-72.970505415499204,41.241274308060873],[-72.935645999999991,41.25849699906459],[-72.903933760062898,41.249194133527141],[-72.881444999999999,41.242596999064659],[-72.786141999999998,41.264795999064567],[-72.760340999999997,41.241234999064666],[-72.690438999999998,41.246696999064632],[-72.654354020151203,41.265626307364762],[-72.653837999999993,41.265896999064559],[-72.598035999999993,41.26869799906455],[-72.547235000000001,41.250498999064632],[-72.53456489716811,41.25382427345572],[-72.472538999999998,41.270102999064541],[-72.405929999999998,41.278397999064502],[-72.386628999999999,41.261797999064584],[-72.348642999999996,41.277445999064511],[-72.340012908701908,41.27784926130289],[-72.293043999999995,41.280043999064503],[-72.235530999999995,41.300412999064413],[-72.201421999999994,41.315696999064357],[-72.134220999999997,41.299397999064418],[-72.094442999999998,41.314163999064355],[-72.021897999999993,41.316837999064347],[-71.956746999999993,41.329870999064283],[-71.886302000000001,41.336409999064266],[-71.860512999999997,41.320247999064328],[-71.862771999999993,41.309790999064376],[-71.785956999999996,41.325738999064306],[-71.729296576200397,41.333284001778068],[-71.701630999999992,41.336967999064271],[-71.624504999999999,41.360869999064164],[-71.555380999999997,41.373315999064111],[-71.483294999999998,41.371721999064128],[-71.455371,41.407961999063971],[-71.428652,41.454157999063781],[-71.417212791483692,41.456031311838188],[-71.389284000000004,41.460604999063762],[-71.351095999999998,41.450801999063806],[-71.312693999999993,41.451401999063798],[-71.285639000000003,41.487804999063655],[-71.245992000000001,41.481301999063668],[-71.239804423818896,41.478572069234204],[-71.212672759107392,41.46660170496682],[-71.19301999999999,41.457930999063777],[-71.140224000000003,41.485854999063655],[-71.120570000000001,41.497447999063617],[-71.085662999999997,41.509291999063571],[-71.035513999999992,41.499046999063602],[-71.02032123222439,41.502159474980573],[-70.981707999999998,41.51006999906356],[-70.941784999999996,41.540120999063447],[-70.910164999999992,41.577072999063297],[-70.9090917764468,41.577265804528793],[-70.857623666033405,41.586512091526771],[-70.853121000000002,41.587320999063266],[-70.821910000000003,41.582840999063272],[-70.803962613207901,41.601515540063509],[-70.765462999999997,41.64157499906306],[-70.761770079788405,41.639518071333448],[-70.715979844668794,41.61401326782736],[-70.695391999999998,41.602545999063203],[-70.698196999999993,41.559001999063369],[-70.726088944807003,41.543236930981017],[-70.806860999999998,41.497582999063624],[-70.934985999999995,41.454698999063773],[-70.948430999999999,41.409192999063968],[-70.857528000000002,41.425766999063889],[-70.790269999999992,41.446338999063819],[-70.734306000000004,41.486334999063658],[-70.669058366600495,41.512929661738148],[-70.654104000000004,41.519024999063532],[-70.559688999999992,41.548329999063412],[-70.476255999999992,41.558501999063367],[-70.445289000000002,41.591814999063239],[-70.400581000000003,41.606381999063188],[-70.321587999999991,41.630507999063092],[-70.26968699999999,41.617774999063137],[-70.158620999999997,41.650437999063016],[-70.055522999999994,41.664842999062962],[-70.007010999999991,41.671578999062937],[-70.011960999999999,41.619796999063134],[-70.011229,41.543930999063427],[-69.964981999999992,41.551109999063414],[-69.931128999999999,41.622658999063134],[-69.928260999999992,41.691699999062877],[-69.935952,41.80942199906243],[-69.974780999999993,41.925104999062022],[-69.980231361587698,41.945986459295263],[-69.994135999999997,41.999257999061776],[-70.049381999999994,42.064688999061545],[-70.138942,42.092906999061455],[-70.18930499999999,42.082336999061489],[-70.245384999999999,42.063732999061557],[-70.190833999999995,42.020027999061696],[-70.150759999999991,42.026568999061674],[-70.083775000000003,42.012040999061732],[-70.076573999136698,41.957942457311923],[-70.074005999999997,41.938649999061973],[-70.069009999999992,41.88492399906216],[-70.00611099999999,41.852395999062267],[-70.003841999999992,41.80851999906244],[-70.024733999999995,41.787363999062507],[-70.121977999999999,41.758840999062599],[-70.216072999999994,41.742980999062674],[-70.272289000000001,41.721345999062748],[-70.323819,41.736057999062716],[-70.441717999999995,41.752897999062633],[-70.494047999999992,41.773882999062572],[-70.536407254124796,41.811634144808828],[-70.541029999999992,41.815753999062409],[-70.525566999999995,41.858729999062255],[-70.546385999999998,41.916750999062046],[-70.583572000000004,41.950006999061941],[-70.608165999999997,41.940700999061967],[-70.662475999999998,41.960591999061897],[-70.678798,42.005509999061751],[-70.644336999999993,42.045894999061616],[-70.638480000000001,42.081578999061492],[-70.679237774502496,42.126349458483837],[-70.685315000000003,42.133024999061327],[-70.730559999999997,42.210939999061068],[-70.781574545568489,42.248636945084861],[-70.788724000000002,42.253919999060948],[-70.835851775394389,42.264763263774306],[-70.851092999999992,42.268269999060898],[-70.881242,42.300662999060812],[-70.917490000000001,42.305685999060771],[-70.948497043534303,42.282354692843164],[-70.967350999999994,42.2681679990609],[-70.9930596399482,42.312892279473168],[-70.997838000000002,42.32120499906074],[-70.983093585947202,42.343467193993781],[-70.975892942126109,42.354339252782538],[-70.974896999999999,42.355842999060634],[-70.982545601587901,42.420221799112447],[-70.982993999999991,42.423995999060431],[-70.955211061463288,42.425469089452136],[-70.913191999999995,42.427696999060416],[-70.905992999999995,42.439156510652587],[-70.899233979101794,42.449915654746846],[-70.886493000000002,42.470196999060292],[-70.835990999999993,42.490495999060236],[-70.848491999999993,42.550194999060068],[-70.804091,42.561594999060034],[-70.698573999999994,42.577392999059988],[-70.654726999999994,42.582233999059994],[-70.594014000000001,42.635029999059832],[-70.602505999999991,42.677701999059728],[-70.645100999999997,42.689422999059701],[-70.68159399999999,42.662341999059777],[-70.729820000000004,42.669601999059751],[-70.772266999999999,42.711063999059647],[-70.805219999999991,42.781797999059464],[-70.817295999999999,42.872289999059241],[-70.811439126774289,42.888610775800409],[-70.798636000000002,42.924287999059132],[-70.765221999999994,42.975348999059008],[-70.735477000000003,43.012200999058919],[-70.703817999999998,43.059824999058804],[-70.665958000000003,43.076233999058786],[-70.622509999999991,43.134572999058655],[-70.596184999999991,43.163465999058594],[-70.575786999999991,43.221858999058476],[-70.576986634166005,43.228019172203659],[-70.585183999999998,43.270112999058384],[-70.553854000000001,43.321885999058296],[-70.534149065950601,43.333957239804057],[-70.517695000000003,43.344036999058247],[-70.465975,43.340245999058247],[-70.416310999999993,43.361058999058208],[-70.383980999999991,43.412939999058132],[-70.327303000000001,43.458520999058038],[-70.385615000000001,43.487030999057986],[-70.361214000000004,43.52918999905792],[-70.338737477248401,43.528109278426832],[-70.321116000000004,43.527261999057934],[-70.245498999999995,43.539634999057903],[-70.206122999999991,43.557626999057888],[-70.217086999999992,43.596716999057818],[-70.190703999999997,43.645581999057747],[-70.168227000000002,43.675135999057694],[-70.09603899999999,43.672275999057696],[-70.071303999999998,43.713771999057649],[-70.062776660236494,43.713359945570446],[-70.001272999999998,43.710387999057644],[-69.983684999999994,43.744394999057612],[-69.915593000000001,43.775111999057557],[-69.887406124157692,43.766593378509363],[-69.862155000000001,43.758961999057576],[-69.855080999999998,43.704745999057657],[-69.833471000000003,43.701280999057651],[-69.807358999999991,43.728080999057632],[-69.754091000000003,43.743865999057597],[-69.717073999999997,43.792402999057543],[-69.695815456259893,43.796054966348834],[-69.650818000000001,43.803784999057527],[-69.578526999999994,43.823315999057499],[-69.552605999999997,43.841346999057457],[-69.503289999999993,43.837672999057474],[-69.438065999999992,43.909538999057382],[-69.422048000000004,43.923046999057377],[-69.393287999999998,43.956419999057331],[-69.380489719343103,43.943640232613838],[-69.354576999999992,43.917764999057368],[-69.321030999999991,43.856707999057441],[-69.279917999999995,43.879578999057422],[-69.242812000000001,43.918817999057367],[-69.212938999999992,43.921403999057361],[-69.174979999999991,43.976948999057292],[-69.131535999999997,43.976088999057303],[-69.077027999999999,43.973653999057312],[-69.043911999999992,44.006335999057271],[-69.068111999999999,44.039767999057233],[-69.031877999999992,44.079035999057204],[-69.075666999999996,44.129990999057149],[-69.054546000000002,44.171541999057105],[-69.040193000000002,44.233672999057049],[-69.021074545004595,44.23043531317996],[-68.951889999999992,44.218718999057074],[-68.934976431761797,44.202907472994383],[-68.88859699999999,44.159549999057127],[-68.935327000000001,44.130379999057148],[-68.905097999999995,44.077343999057199],[-68.874139,44.025358999057246],[-68.779650000000004,44.057753999057233],[-68.669382999999996,44.076358999057206],[-68.657031000000003,44.003822999057284],[-68.617085000000003,44.010096999057254],[-68.584101000000004,44.071588999057205],[-68.531414202351797,44.08985237931369],[-68.50294199999999,44.099721999057181],[-68.438518000000002,44.116179999057159],[-68.331031999999993,44.107579999057165],[-68.31478899999999,44.197156999057093],[-68.306518999999994,44.234828999057065],[-68.174329999999998,44.225907999057057],[-68.229489999999998,44.266917999057036],[-68.191924,44.306674999057002],[-68.173608000000002,44.328396999056977],[-68.189155,44.373832999056944],[-68.125624000000002,44.387126999056946],[-68.103757000000002,44.364361999056968],[-68.049334000000002,44.330729999056977],[-68.013989999999993,44.390254999056943],[-67.978876,44.387033999056953],[-67.943843957055208,44.407015789899937],[-67.936531000000002,44.411186999056937],[-67.899570999999995,44.39407799905694],[-67.855108000000001,44.419433999056935],[-67.837937999999994,44.464669999056902],[-67.793588999999997,44.494778999056884],[-67.706679999999992,44.50197499905687],[-67.653122999999994,44.525822999056864],[-67.634805999999998,44.487053999056876],[-67.579725999999994,44.429130999056923],[-67.503208000000001,44.47691799905688],[-67.521168000000003,44.509909999056873],[-67.491750999999994,44.556122999056846],[-67.448512999999991,44.600321999056838],[-67.398986999999991,44.602630999056828],[-67.368268999999998,44.624671999056815],[-67.293402999999998,44.599264999056828],[-67.234274999999997,44.637200999056823],[-67.169856999999993,44.662104999056808],[-67.116744999999995,44.706105999056803],[-67.073438999999993,44.741956999056789],[-67.026150000000001,44.768198999056771],[-66.949894999999998,44.817418999056777],[-66.992959999999997,44.84918099905677],[-66.983558000000002,44.903276999056772],[-67.033473999999998,44.939922999056769],[-67.082073999999992,45.029607999056765],[-67.090785999999994,45.068720999056765],[-67.112414000000001,45.112322999056772],[-67.161247000000003,45.162878999056787],[-67.203932999999992,45.171406999056778],[-67.271075999999994,45.191080999056801],[-67.298209,45.146671999056778],[-67.339868999999993,45.125593999056775],[-67.390579000000002,45.15411399905679],[-67.453473000000002,45.24112699905681],[-67.480255999999997,45.268184999056821],[-67.460554000000002,45.300378999056832],[-67.42724299999999,45.373689999056865],[-67.484327999999991,45.451954999056909],[-67.476855,45.49723999905693],[-67.417417,45.501984999056944],[-67.423645999999991,45.572152999056982],[-67.455405999999996,45.604664999057007],[-67.534919000000002,45.595427999056994],[-67.631761999999995,45.621408999057017],[-67.675416999999996,45.630958999057029],[-67.710464000000002,45.679371999057075],[-67.803313000000003,45.677885999057061],[-67.802894295077095,45.678927884520256],[-67.781891999999999,45.73118899905711],[-67.803625999999994,45.781623999057153],[-67.763954999999996,45.829982999057215],[-67.803677999999991,45.869378999057254],[-67.750422,45.917897999057303],[-67.779983999999999,45.938162999057326],[-67.780438000000004,46.038451999057436],[-67.782113999999993,46.279380999057778],[-67.788405999999995,46.60179499905832],[-67.789799000000002,46.794867999058717],[-67.789760999999999,47.065743999059336],[-67.889155000000002,47.118771999059454],[-67.952269000000001,47.196141999059648],[-67.998170999999999,47.217841999059715],[-68.082895999999991,47.271920999059844],[-68.153509,47.31403799905997],[-68.204262999999997,47.339729999060033],[-68.269710000000003,47.353732999060071],[-68.361559,47.355604999060077],[-68.384281000000001,47.326942999060002],[-68.375614999999996,47.292267999059902],[-68.460064000000003,47.286064999059903],[-68.507431999999994,47.296635999059916],[-68.588724999999997,47.281720999059878],[-68.604818999999992,47.249417999059794],[-68.675912999999994,47.242625999059776],[-68.803536999999992,47.216032999059699],[-68.900984999999991,47.178518999059612],[-68.966432999999995,47.212711999059685],[-69.040199999999999,47.245099999059775],[-69.053884999999994,47.377877999060146],[-69.039300999999995,47.422169999060273],[-69.108215000000001,47.435830999060308],[-69.156074000000004,47.451034999060354],[-69.219995999999995,47.457158999060368],[-69.43919799999999,47.250032999059798],[-69.566383000000002,47.125031999059473],[-69.818551999999997,46.875029999058874],[-69.997085999999996,46.695229999058498],[-70.023019787056185,46.573486471575563],[-70.053747999999999,46.429235999058015],[-70.080292,46.410530999057983],[-70.118596999999994,46.384232999057936],[-70.161337000000003,46.3609839990579],[-70.207414999999997,46.331315999057857],[-70.205719000000002,46.299864999057803],[-70.232681999999997,46.284427999057776],[-70.255492000000004,46.246443999057725],[-70.290896000000004,46.185837999057625],[-70.239565999999996,46.142761999057576],[-70.266348999999991,46.100992999057524],[-70.306733999999992,46.06134399905747],[-70.317628999999997,46.019079999057411],[-70.303033999999997,45.998975999057393],[-70.312969999999993,45.961855999057349],[-70.265410000000003,45.962691999057355],[-70.252526000000003,45.933175999057312],[-70.259117000000003,45.890754999057265],[-70.329747999999995,45.853794999057236],[-70.396619999999999,45.808485999057183],[-70.415683999999999,45.786157999057167],[-70.383551999999995,45.734868999057099],[-70.446902999999992,45.704043999057106],[-70.552792999999994,45.667835999057068],[-70.55282390337851,45.667806056942155],[-70.591274999999996,45.630550999057014],[-70.649577999999991,45.598146999057001],[-70.688214000000002,45.563980999056987],[-70.723395999999994,45.510393999056944],[-70.674903,45.452398999056896],[-70.635497999999998,45.427816999056894],[-70.634660999999994,45.383607999056863],[-70.677994999999996,45.394361999056876],[-70.729972000000004,45.399358999056872],[-70.755566999999999,45.428360999056885],[-70.781470999999996,45.431158999056898],[-70.825611999999992,45.400304999056878],[-70.806243999999992,45.376557999056864],[-70.819470999999993,45.341434999056844],[-70.808612999999994,45.311605999056837],[-70.829790000000003,45.286940999056824],[-70.834019537440099,45.271794401453619],[-70.844430000000003,45.234512999056811],[-70.892821999999995,45.239171999056815],[-70.912110999999996,45.296196999056825],[-70.949365,45.33153599905684],[-71.012756999999993,45.344759999056855],[-71.038209999999992,45.311921999056828],[-71.083923999999996,45.305450999056831],[-71.109348999999995,45.282221999056823],[-71.13942999999999,45.242957999056806],[-71.182586999999998,45.241068999056793],[-71.24449899999999,45.268138999056823],[-71.283683999999994,45.301976999056834],[-71.360664,45.269834999056826],[-71.438546000000002,45.239003999056813],[-71.405636000000001,45.198138999056795],[-71.419057999999993,45.170487999056782],[-71.448678000000001,45.109000999056782],[-71.498398999999992,45.069628999056768],[-71.501087999999996,45.013376999056753],[-71.609839999999991,45.012708999056777],[-71.691897999999995,45.011418999056758],[-71.897711511858802,45.008072272893472],[-71.915008999999998,45.007790999056759],[-72.023291999999998,45.006791999056773],[-72.348582999999991,45.005624999056764],[-72.532502999999991,45.007859999056762],[-72.554271616223502,45.009467719710273],[-72.582370999999995,45.011542999056758],[-72.93643999999999,45.014266999056758],[-73.048385999999994,45.014789999056767],[-73.169923816685696,45.013161181680267],[-73.192310449066895,45.012861162008853],[-73.343124000000003,45.010839999056756],[-73.639718000000002,45.003463999056784],[-73.874596999999994,45.001222999056758],[-74.02743141336849,44.997365358296449],[-74.234135999999992,44.992147999056755],[-74.436933999999994,44.996176999056765],[-74.611047999999997,44.999202999056756],[-74.644739319825703,44.997027559473452],[-74.725813431619002,44.991792625582654],[-74.74463999999999,44.990576999056763],[-74.834668999999991,45.01468299905676],[-74.907955999999999,44.983358999056762],[-74.992756,44.977448999056762],[-75.005155000000002,44.958401999056761],[-75.066244999999995,44.930173999056755],[-75.142957999999993,44.900236999056766],[-75.255516999999998,44.857650999056766],[-75.333743999999996,44.806377999056771],[-75.423942999999994,44.756328999056791],[-75.567413000000002,44.658708999056792],[-75.766229999999993,44.515850999056866],[-75.807777999999999,44.471643999056901],[-75.834125999999998,44.422432999056916],[-75.861271192834707,44.405192012560029],[-75.949539999999999,44.349128999056973],[-76.000997999999996,44.347533999056978],[-76.097351000000003,44.299546999057007],[-76.161833000000001,44.280776999057018],[-76.164265,44.239602999057048],[-76.206777000000002,44.214542999057073],[-76.286546999999999,44.203772999057087],[-76.334583999999992,44.164944999057113],[-76.355678999999995,44.13325799905715],[-76.370705999999998,44.10049899905718],[-76.361835999999997,44.072720999057204],[-76.375559999999993,44.031535999057247],[-76.307673999999992,44.025276999057262],[-76.279313999999999,43.972461999057309],[-76.412137999999999,43.925675999057361],[-76.441847999999993,43.88286399905742],[-76.361036999999996,43.872584999057437],[-76.296757999999997,43.85707899905745],[-76.22926799999999,43.804134999057531],[-76.213205000000002,43.753512999057584],[-76.201482547385694,43.680285959281385],[-76.196596,43.649760999057733],[-76.203473000000002,43.574977999057857],[-76.235833999999997,43.529255999057931],[-76.319700999999995,43.512274999057958],[-76.368848999999997,43.525821999057918],[-76.370942837669006,43.525627060588228],[-76.417580999999998,43.52128499905794],[-76.515881999999991,43.471135999058014],[-76.617213732577596,43.420175553523713],[-76.630774000000002,43.413355999058133],[-76.684855999999996,43.352690999058233],[-76.722002565712799,43.337580195039656],[-76.769024999999999,43.318451999058304],[-76.841674999999995,43.305398999058319],[-76.952173999999999,43.270691999058393],[-76.999690999999999,43.271455999058382],[-77.130428999999992,43.285634999058367],[-77.264176999999989,43.277362999058369],[-77.341092000000003,43.280660999058355],[-77.376051995953389,43.274033762545386],[-77.500919999999994,43.250362999058432],[-77.551022000000003,43.235762999058458],[-77.660359,43.282997999058367],[-77.76023099999999,43.341160999058268],[-77.808263409607193,43.343207635956546],[-77.816532999999993,43.343559999058243],[-77.994838000000001,43.365258999058199],[-77.995589794938397,43.36531025473581],[-78.145195000000001,43.375509999058188],[-78.329374000000001,43.373148999058202],[-78.465551187596091,43.370895421224589],[-78.547394999999995,43.369540999058216],[-78.834060999999991,43.317554999058302],[-79.070469000000003,43.262453999058394],[-79.052867999999989,43.222053999058495],[-79.044567000000001,43.153254999058618],[-79.055252440939597,43.133812265675658],[-79.060205999999994,43.124798999058676],[-79.074466999999999,43.077854999058786],[-79.019577884894304,43.066296466949204],[-79.018245999999991,43.066015999058799],[-79.005449999999996,43.057230999058824],[-79.019964000000002,42.99475599905896],[-78.961760999999996,42.957755999059039],[-78.927956999999992,42.952921999059051],[-78.909159000000002,42.933256999059104],[-78.912458000000001,42.886556999059216],[-78.882556999999991,42.867257999059255],[-78.865656000000001,42.826757999059353],[-78.85688499234989,42.805291998936717],[-78.851354999999998,42.791757999059449],[-78.904843,42.746120999059556],[-78.972377999999992,42.715990999059635],[-79.048859999999991,42.689157999059709],[-79.063760000000002,42.64475799905982],[-79.111361000000002,42.613357999059893],[-79.1359444040216,42.569178709033629],[-79.13856899999999,42.564461999060036],[-79.193231999999995,42.545880999060088],[-79.283363999999992,42.511227999060189],[-79.381942999999993,42.466490999060305],[-79.453532999999993,42.411156999060459],[-79.627483999999995,42.324685999060726],[-79.761950999999996,42.269859999060891],[-79.844661000000002,42.235485999060998],[-79.923924,42.20754599906109],[-80.020322999999991,42.163115999061233],[-80.088511999999994,42.173183999061202],[-80.136212999999998,42.149936999061282],[-80.154083999999997,42.114756999061392],[-80.329976000000002,42.036167999061639],[-80.519424999999998,41.97752299906184],[-80.581881999999993,41.957609999061908],[-80.800793999999996,41.909634999062085],[-80.900341999999995,41.868911999062206],[-81.002269406517499,41.84917246549989],[-81.051919999999996,41.839556999062324],[-81.184367999999992,41.786670999062522],[-81.286924999999997,41.760242999062605],[-81.388632000000001,41.707143999062801],[-81.466037999999998,41.649147999063018],[-81.488682733409007,41.634463926883981],[-81.633651999999998,41.540457999063442],[-81.738754999999998,41.488549999063643],[-81.768575141621596,41.49148964553995],[-81.810757999999993,41.495647999063607],[-81.822503579699401,41.495259418353037],[-81.937861999999996,41.491442999063629],[-81.960324970003896,41.500553291661397],[-81.968480702529007,41.503861006965387],[-81.994564999999994,41.514439999063548],[-82.07115045287361,41.496911985848314],[-82.181597999999994,41.47163399906372],[-82.268478999999999,41.43084199906388],[-82.348019206891195,41.427263307798384],[-82.361784,41.426643999063891],[-82.460599000000002,41.386315999064067],[-82.533208000000002,41.391156999064044],[-82.616951999999998,41.428424999063893],[-82.687921000000003,41.492323999063636],[-82.690567160664898,41.496705794501821],[-82.717877999999999,41.541929999063434],[-82.83410099999999,41.587586999063255],[-82.85953099999999,41.576370999063307],[-82.93436899999999,41.51435299906354],[-83.028071999999995,41.555655999063397],[-83.066592999999997,41.595339999063235],[-83.163821417522797,41.624130312037124],[-83.231659999999991,41.644217999063038],[-83.326824999999999,41.701561999062825],[-83.409531000000001,41.691246999062862],[-83.453831999999991,41.732646999062709],[-83.424075999999999,41.740737999062681],[-83.441667999999993,41.808645999062428],[-83.39622,41.852964999062287],[-83.341556999999995,41.87995599906219],[-83.32602399999999,41.924960999062023],[-83.269520999999997,41.939041999061971],[-83.216897000000003,41.988560999061804],[-83.194952311689505,42.033107925872663],[-83.185525999999996,42.052242999061598],[-83.133510999999999,42.088142999061475],[-83.133922999999996,42.174739999061188],[-83.115682841402489,42.231017145251911],[-83.097858496256109,42.286011364309552],[-83.096520999999996,42.290137999060818],[-82.988619,42.332438999060699],[-82.949672098645593,42.344264220281161],[-82.923969999999997,42.352067999060637],[-82.870346999999995,42.450887999060363],[-82.87033226919759,42.451009583265453],[-82.867531944981394,42.474122729753383],[-82.860210200131007,42.534554504152624],[-82.859447065488098,42.540853218669],[-82.859315999999993,42.541934999060089],[-82.755927,42.564414999060034],[-82.766003999999995,42.600050999059953],[-82.801022000000003,42.62954499905986],[-82.70788499999999,42.675496999059739],[-82.639701000000002,42.661232999059777],[-82.70637099999999,42.62110699905989],[-82.679058999999995,42.522209999060166],[-82.583995999999999,42.554040999060057],[-82.509934999999999,42.63729399905985],[-82.467483000000001,42.761909999059519],[-82.469911999999994,42.887458999059213],[-82.428602999999995,42.952000999059059],[-82.415937,43.005554999058937],[-82.486041999999998,43.102485999058715],[-82.506042404955096,43.168827370370089],[-82.523085999999992,43.225360999058474],[-82.539929999999998,43.422377999058099],[-82.593784999999997,43.581466999057838],[-82.606479082838092,43.690449269767171],[-82.612223999999998,43.739770999057605],[-82.633640999999997,43.831223999057492],[-82.709839000000002,43.948225999057328],[-82.793205,44.023246999057264],[-82.928883999999996,44.069388999057217],[-83.024603999999997,44.045173999057226],[-83.046576999999999,44.015709999057265],[-83.134880999999993,43.993146999057281],[-83.261529999999993,43.973524999057304],[-83.282309999999995,43.938030999057361],[-83.407145999999997,43.919806999057379],[-83.432609999999997,43.885272999057413],[-83.479567000000003,43.793624999057535],[-83.5060855525428,43.745157212197498],[-83.512339999999995,43.733725999057619],[-83.529640471733998,43.719244918162538],[-83.683351000000002,43.590583999057827],[-83.699417091881102,43.601637149314293],[-83.731004999999996,43.623368999057774],[-83.817893999999995,43.673788999057706],[-83.90947899999999,43.672621999057711],[-83.947739999999996,43.735164999057609],[-83.929374999999993,43.777090999057542],[-83.910612999999998,43.893219999057401],[-83.901329352181008,43.908427049901597],[-83.869405999999998,43.96071899905732],[-83.787863000000002,43.985278999057307],[-83.693213999999998,43.98876999905729],[-83.679653999999999,44.036364999057241],[-83.584089999999989,44.056747999057222],[-83.56774399999999,44.155898999057122],[-83.564645792496705,44.163524817460122],[-83.524816999999999,44.261557999057032],[-83.442730999999995,44.26536099905703],[-83.401821999999996,44.30183099905701],[-83.336987999999991,44.332918999056986],[-83.317610000000002,44.486057999056897],[-83.316963875440194,44.51168301081659],[-83.314516999999995,44.608724999056832],[-83.276836000000003,44.689353999056799],[-83.296970999999999,44.758494999056794],[-83.316266108576599,44.85859144961767],[-83.320503000000002,44.880570999056765],[-83.352814999999993,44.88616399905677],[-83.438856000000001,44.94084299905677],[-83.435822000000002,45.00001199905676],[-83.44205199999999,45.05105599905675],[-83.399254999999997,45.070363999056759],[-83.340256999999994,45.041544999056761],[-83.265895999999998,45.026843999056773],[-83.315923999999995,45.139991999056782],[-83.385211079256493,45.2071039922048],[-83.405913999999996,45.227156999056803],[-83.385103999999998,45.274194999056817],[-83.488826000000003,45.355871999056845],[-83.599272999999997,45.35256099905687],[-83.697316000000001,45.396238999056877],[-83.841543000000001,45.435286999056892],[-83.909471999999994,45.48578399905692],[-83.998350000000002,45.491157999056931],[-84.095905000000002,45.497297999056933],[-84.126531999999997,45.556615999056973],[-84.196043000000003,45.621455999057019],[-84.2108933455563,45.626231016905429],[-84.329537000000002,45.664379999057047],[-84.413641999999996,45.669426999057052],[-84.461680000000001,45.652403999057043],[-84.553310999999994,45.698565999057081],[-84.718903999999995,45.777598999057147],[-84.732241999999999,45.780496852346161],[-84.772764999999993,45.789300999057168],[-84.866975999999994,45.752065999057123],[-85.01450899999999,45.76032899905713],[-84.970950000000002,45.686333999057084],[-85.061487999999997,45.639504999057031],[-85.119737000000001,45.569025999056976],[-85.109251999999998,45.521625999056965],[-85.040936000000002,45.436700999056903],[-84.980953,45.429381999056886],[-84.912955999999994,45.409775999056883],[-84.959119000000001,45.375972999056856],[-85.054805000000002,45.364090999056856],[-85.096056872271006,45.363088039491664],[-85.196703999999997,45.360640999056855],[-85.294848000000002,45.316407999056828],[-85.37159299999999,45.270833999056819],[-85.37782429593301,45.207644401543703],[-85.380463999999989,45.180875999056781],[-85.366748999999999,45.101590999056775],[-85.380658999999994,45.046318999056773],[-85.431415475008308,45.016649451774462],[-85.475203999999991,44.991052999056762],[-85.520033999999995,44.973995999056754],[-85.555142702708793,45.027034543193665],[-85.566130000000001,45.043632999056761],[-85.531460999999993,45.177246999056784],[-85.551071999999991,45.210741999056786],[-85.633123999999995,45.170898999056796],[-85.681095999999997,45.092692999056759],[-85.746443999999997,45.051228999056761],[-85.780439000000001,44.977931999056764],[-85.854303999999999,44.938146999056762],[-85.931600000000003,44.968787999056751],[-85.980218999999991,44.906135999056758],[-86.058861999999991,44.911011999056761],[-86.065966000000003,44.821521999056763],[-86.078498188030295,44.778330746717678],[-86.089185999999998,44.741495999056767],[-86.160268000000002,44.728188999056783],[-86.248474000000002,44.699045999056807],[-86.253949999999989,44.648079999056804],[-86.220697000000001,44.566741999056845],[-86.237020865016504,44.518298585201563],[-86.248913999999999,44.483003999056891],[-86.251925999999997,44.40098399905694],[-86.268709999999999,44.345323999056973],[-86.351637999999994,44.229428999057063],[-86.387837360265195,44.178693999057103],[-86.391399146908697,44.173701997982221],[-86.429870999999991,44.11978199905716],[-86.458065275737695,44.099287797352474],[-86.514702,44.058118999057228],[-86.501738000000003,44.021911999057259],[-86.46320311524849,43.971064558777023],[-86.463135999999992,43.970975999057323],[-86.447914999999995,43.918088999057375],[-86.431197999999995,43.84071999905747],[-86.435485038258307,43.819429197061702],[-86.445122999999995,43.77156399905757],[-86.510318999999996,43.698624999057664],[-86.540786999999995,43.644592999057757],[-86.529506999999995,43.593461999057823],[-86.479275999999999,43.515334999057949],[-86.463516886681091,43.472329698564728],[-86.448742999999993,43.432012999058095],[-86.407831999999999,43.338435999058255],[-86.316259000000002,43.195113999058542],[-86.273928278671391,43.118367967766495],[-86.254645999999994,43.083408999058761],[-86.226304999999996,42.988283999058986],[-86.214137999999991,42.883554999059228],[-86.20853850290969,42.76754387097521],[-86.208309,42.762788999059516],[-86.226637999999994,42.644921999059832],[-86.228694801002291,42.629511853761066],[-86.240641999999994,42.5399999990601],[-86.276994044531506,42.419310314986753],[-86.284447999999998,42.394562999060511],[-86.356217999999998,42.254165999060945],[-86.3663791270383,42.243107726241874],[-86.466262,42.134405999061322],[-86.501322000000002,42.084539999061491],[-86.597898999999998,41.918290999062044],[-86.693266999999992,41.835402999062346],[-86.824827999999997,41.76023999906262],[-86.90912999999999,41.726937999062727],[-86.932849028494388,41.716496936964973],[-87.02788799999999,41.67466099906293],[-87.125834999999995,41.650301999063018],[-87.222799949118397,41.628889838023106],[-87.261535999999992,41.62033599906313],[-87.365438999999995,41.629535999063094],[-87.415815999999992,41.688182999062882],[-87.470742000000001,41.67283499906295],[-87.524043999999989,41.708334999062814],[-87.524141,41.723989999062738],[-87.530744999999996,41.74823499906266],[-87.560645999999991,41.766033999062586],[-87.581602660733196,41.800042411762469],[-87.587077166173003,41.808926424473043],[-87.588375942514702,41.811034075228825],[-87.609449999999995,41.845232999062311],[-87.616292999999999,41.870928999062215],[-87.613556000000003,41.884479999062172],[-87.612290999999999,41.893334999062134],[-87.624051999999992,41.904231999062098],[-87.624982113481011,41.906817809765677],[-87.634367533887016,41.932910239387496],[-87.668982,42.029141999061672],[-87.682358999999991,42.075728999061518],[-87.689275620328289,42.081851939452299],[-87.741355233404292,42.127955433832952],[-87.741661999999991,42.128226999061326],[-87.741689929189789,42.128265158529132],[-87.759326565238595,42.152361978041156],[-87.800066000000001,42.208023999061083],[-87.800646109044294,42.209586948530088],[-87.833377771567015,42.297773704215309],[-87.834768999999994,42.301521999060796],[-87.820858000000001,42.361583999060613],[-87.803370000000001,42.420620999060439],[-87.800477000000001,42.491919999060244],[-87.813272999999995,42.579219999060001],[-87.814673999999997,42.644019999059822],[-87.802015055109592,42.668311060236455],[-87.785073999999994,42.70081899905967],[-87.766674999999992,42.784895999059472],[-87.821162938034007,42.842273545794718],[-87.827477524463106,42.8489230078779],[-87.834879000000001,42.856716999059273],[-87.842680999999999,42.944115999059086],[-87.895783999999992,43.015813999058906],[-87.870183999999995,43.064411999058819],[-87.900484999999989,43.125909999058678],[-87.896579311188802,43.192134631585041],[-87.896285999999989,43.197107999058524],[-87.889206999999999,43.307651999058315],[-87.840954999999994,43.420676999058124],[-87.793239,43.492782999057987],[-87.791020140028493,43.543015443985901],[-87.790134999999992,43.563053999057871],[-87.706204,43.67954199905769],[-87.708185,43.72289499905763],[-87.700250999999994,43.767349999057565],[-87.726406999999995,43.810444999057516],[-87.73601699999999,43.873720999057426],[-87.728579542308893,43.892208886514204],[-87.698920000000001,43.965935999057329],[-87.655182999999994,44.081893999057193],[-87.600881999999999,44.131694999057146],[-87.539940000000001,44.159689999057115],[-87.507418999999999,44.210802999057066],[-87.521754999999999,44.259956999057039],[-87.545381999999989,44.321384999056995],[-87.543326785476097,44.327512855186889],[-87.498661999999996,44.460685999056899],[-87.446962999999997,44.586273999056829],[-87.401629,44.63119099905682],[-87.375491550219394,44.675512108861817],[-87.318981999999991,44.771334999056783],[-87.276029999999992,44.833179999056767],[-87.206284999999994,44.885927999056776],[-87.188374999999994,44.948076999056767],[-87.139383999999993,45.012564999056757],[-87.06315699999999,45.079315999056774],[-87.045747999999989,45.134986999056785],[-87.044169999999994,45.186945999056796],[-86.978758999999997,45.227332999056799],[-86.977779999999996,45.290683999056824],[-87.01703599999999,45.29925399905683],[-87.057626999999997,45.292837999056829],[-87.10874299999999,45.257002999056816],[-87.121608999999992,45.209782999056785],[-87.175067999999996,45.173049999056794],[-87.238224000000002,45.167258999056799],[-87.264876999999998,45.081360999056777],[-87.336456999999996,45.013529999056765],[-87.393405000000001,44.934392999056762],[-87.446477000000002,44.886108999056759],[-87.515141999999997,44.869595999056763],[-87.530998999999994,44.857436999056759],[-87.581305999999998,44.851790999056767],[-87.646300000000011,44.798738999056795],[-87.720889,44.724547999056789],[-87.71978,44.693245999056792],[-87.737570860866285,44.677011815212694],[-87.748408999999995,44.667121999056818],[-87.761307678885103,44.653697748791721],[-87.77516,44.639280999056815],[-87.866883999999999,44.608433999056835],[-87.898887999999999,44.574134999056838],[-87.943800999999993,44.529692999056863],[-88.005517999999995,44.539215999056857],[-88.041201999999998,44.572580999056846],[-87.998716000000002,44.609287999056818],[-88.002084999999994,44.66403499905681],[-87.997573406442498,44.677663938101603],[-87.983493999999993,44.720195999056799],[-87.941452999999996,44.756079999056787],[-87.904483999999997,44.818722999056781],[-87.854680999999999,44.857770999056761],[-87.838358999999997,44.873986999056761],[-87.84343299999999,44.92435499905676],[-87.812989000000002,44.954012999056758],[-87.762638490971099,44.962752170817062],[-87.696491999999992,44.97423299905676],[-87.630297999999996,44.976864999056765],[-87.625748000000002,45.045156999056765],[-87.59020799999999,45.095263999056776],[-87.548963999999998,45.191590999056793],[-87.465200999999993,45.273350999056824],[-87.350851999999989,45.407742999056893],[-87.288725999999997,45.501605999056935],[-87.253449628780189,45.550115589946067],[-87.172241,45.661787999057047],[-87.070442,45.718778999057108],[-86.964275000000001,45.672760999057061],[-86.838746,45.722306999057096],[-86.773279000000002,45.811384999057189],[-86.647318999999996,45.732617999057112],[-86.705184000000003,45.690900999057071],[-86.712327999999999,45.610938999056998],[-86.636894999999996,45.54205299905697],[-86.61697199999999,45.620580999057019],[-86.541429999999991,45.7081099990571],[-86.459880517749397,45.750226549653135],[-86.439661000000001,45.760668999057138],[-86.349133999999992,45.834159999057213],[-86.278007000000002,45.942056999057328],[-86.07206699999999,45.965312999057353],[-85.913769000000002,45.919438999057299],[-85.865839921942694,45.947571072242624],[-85.810441999999995,45.980086999057356],[-85.697203000000002,45.960157999057351],[-85.648580999999993,45.983694999057363],[-85.540858,46.079580999057505],[-85.381394,46.082043999057497],[-85.266385,46.065778999057464],[-85.15202699999999,46.050724999057451],[-85.003596999999999,46.006129999057407],[-84.917484000000002,45.930669999057308],[-84.792762999999994,45.858690999057238],[-84.706383000000002,45.848657999057224],[-84.73400199999999,45.907025999057296],[-84.632854999999992,45.951006999057334],[-84.567492999999999,45.947701999057337],[-84.480435999999997,45.977763999057366],[-84.376429000000002,45.931961999057307],[-84.254952000000003,45.956067999057346],[-84.114606562518802,45.967908373852758],[-84.08007099999999,45.970821999057357],[-83.910837999999998,45.965612999057356],[-83.80104,45.937581999057329],[-83.657659999999993,45.945462999057334],[-83.583051999999995,45.915918999057283],[-83.526347000000001,45.918635999057287],[-83.480638999999996,45.996163999057387],[-83.598612000000003,46.090084999057495],[-83.719791000000001,46.101030999057528],[-83.815826000000001,46.108528999057533],[-83.882302999999993,46.042064999057459],[-83.974012000000002,46.081551999057503],[-84.026535999999993,46.131647999057549],[-84.114941000000002,46.174113999057603],[-84.108088999999993,46.241237999057709],[-84.097765999999993,46.256511999057743],[-84.138905999999992,46.372220999057923],[-84.125025999999991,46.470142999058091],[-84.117925,46.517618999058165],[-84.19372899999999,46.539919999058213],[-84.293015999999994,46.492802999058128],[-84.420273999999992,46.501076999058135],[-84.461827,46.466565999058091],[-84.493400999999992,46.44031299905803],[-84.607945000000001,46.456746999058048],[-84.678422999999995,46.487693999058116],[-84.849767,46.460244999058062],[-84.969464000000002,46.476289999058103],[-85.027373999999995,46.553755999058239],[-85.028290999999996,46.675124999058475],[-84.964652000000001,46.772844999058663],[-85.173041999999995,46.763633999058655],[-85.237873177359589,46.75570278031514],[-85.256860000000003,46.75337999905863],[-85.482095999999999,46.680431999058477],[-85.841056999999992,46.688895999058495],[-85.864607141329188,46.686568314571886],[-85.995043999999993,46.673675999058467],[-86.138294999999999,46.672934999058455],[-86.188023999999999,46.654007999058436],[-86.45993,46.551927999058229],[-86.55773099999999,46.487433999058126],[-86.627380000000002,46.53370999905821],[-86.695644999999999,46.555025999058245],[-86.750157000000002,46.479108999058099],[-86.810966999999991,46.449662999058063],[-86.903741999999994,46.46613799905807],[-86.976957999999996,46.526580999058183],[-87.116359589470704,46.506151401178649],[-87.175064999999989,46.497547999058135],[-87.366766999999996,46.507302999058162],[-87.381648999999996,46.580058999058274],[-87.503024999999994,46.647496999058419],[-87.573202999999992,46.720470999058556],[-87.595306999999991,46.782949999058687],[-87.687163999999996,46.841741999058812],[-87.776929999999993,46.876725999058891],[-87.900339000000002,46.909685999058965],[-88.044521682281484,46.917449944335182],[-88.065191999999996,46.918562999058985],[-88.143687999999997,46.966664999059091],[-88.244436999999991,46.929611999059013],[-88.372681,46.872276999058883],[-88.477935000000002,46.850559999058824],[-88.455404000000001,46.923320999058994],[-88.439363185943805,46.941982424059439],[-88.385605999999996,47.004521999059179],[-88.340052,47.080493999059357],[-88.23989499999999,47.139435999059501],[-88.200450675933695,47.199716895041675],[-88.194217999999992,47.209241999059685],[-88.096851000000001,47.261350999059822],[-88.016477999999992,47.306274999059944],[-87.943359999999998,47.335898999060028],[-87.94161299999999,47.39007299906018],[-87.800293999999994,47.392147999060185],[-87.604703999999998,47.388624999060163],[-87.591498000000001,47.42411299906027],[-87.680066999999994,47.45568499906036],[-87.801183999999992,47.473300999060413],[-87.929268999999991,47.47873699906043],[-88.085251999999997,47.468960999060407],[-88.217821999999998,47.448737999060342],[-88.285195000000002,47.422391999060252],[-88.418672999999998,47.371187999060112],[-88.500779999999992,47.293502999059903],[-88.512946505636094,47.286107246774897],[-88.584912000000003,47.24236099905977],[-88.699659999999994,47.204830999059674],[-88.814833999999991,47.141398999059504],[-88.889139999999998,47.100574999059418],[-88.924492000000001,47.042155999059261],[-88.933368451341707,47.03359909691526],[-88.959408999999994,47.008495999059193],[-89.028930000000003,47.00113999905917],[-89.142595,46.984858999059135],[-89.227913999999998,46.912953999058978],[-89.415154000000001,46.843982999058824],[-89.499079999999992,46.841620999058819],[-89.569807999999995,46.831858999058788],[-89.642254999999992,46.825339999058784],[-89.720276999999996,46.830412999058787],[-89.831955999999991,46.804052999058733],[-89.884329580411489,46.765471148335656],[-89.918465999999995,46.74032399905861],[-90.045419999999993,46.668271999058454],[-90.237608999999992,46.624484999058367],[-90.327625999999995,46.607743999058329],[-90.41813599999999,46.566093999058261],[-90.437595999999999,46.561491999058248],[-90.505909000000003,46.589613999058301],[-90.548578555966088,46.586236257808785],[-90.565559999999991,46.584891999058293],[-90.66327299999999,46.645325999058414],[-90.737259999999992,46.692266999058504],[-90.755286999999996,46.646288999058406],[-90.794775000000001,46.624940999058381],[-90.829031000000001,46.61606599905835],[-90.898308,46.583049999058304],[-90.925229395342598,46.587488071503913],[-90.955649999999991,46.592502999058311],[-90.932625999999999,46.617295999058364],[-90.915151999999992,46.658409999058435],[-90.852704000000003,46.699581999058523],[-90.88084099999999,46.739956999058592],[-90.861046000000002,46.765630999058658],[-90.798935999999998,46.82314299905876],[-90.745305000000002,46.894253999058932],[-90.806280000000001,46.93873799905905],[-90.85284,46.962557999059086],[-90.924127999999996,47.001887999059171],[-90.989374999999995,46.982273999059124],[-90.984617,46.925601999058991],[-91.034517999999991,46.90305299905895],[-91.087356999999997,46.879470999058888],[-91.13047499999999,46.87000799905887],[-91.167600999999991,46.84475999905883],[-91.211646999999999,46.866823999058866],[-91.256704999999997,46.836886999058812],[-91.314814999999996,46.826824999058786],[-91.360804000000002,46.798135999058722],[-91.411799000000002,46.789639999058686],[-91.511077,46.757452999058629],[-91.551341535656391,46.757475292518137],[-91.574291000000002,46.757487999058611],[-91.645501999999993,46.734732999058593],[-91.820026999999996,46.690175999058503],[-91.886962999999994,46.690210999058486],[-91.961888999999999,46.682538999058487],[-92.015289999999993,46.706468999058529],[-92.062088000000003,46.804037999058735],[-92.013404999999992,46.83372699905879],[-91.906482999999994,46.891235999058928],[-91.806850999999995,46.933726999059019],[-91.7939959120814,46.942780646200937],[-91.737097999999989,46.982852999059141],[-91.644564000000003,47.026490999059227],[-91.573816999999991,47.08991699905939],[-91.456964999999997,47.139155999059518],[-91.38702099999999,47.187292999059636],[-91.262512000000001,47.279289999059863],[-91.146957999999998,47.381463999060159],[-91.023123999999996,47.46496399906038],[-90.868269999999995,47.556899999060654],[-90.73592699999999,47.624342999060872],[-90.647836999999996,47.656175999060956],[-90.537104999999997,47.703054999061116],[-90.421390000000002,47.735149999061207],[-90.32344599999999,47.753770999061274],[-90.187635999999998,47.778129999061335],[-90.072024999999996,47.811104999061449],[-89.974295999999995,47.830513999061516],[-89.923648999999997,47.862061999061623],[-89.793538999999996,47.891357999061718],[-89.737538999999998,47.918182999061827],[-89.66061599999999,47.951215999061922],[-89.555014999999997,47.974848999061997],[-89.489226000000002,48.014527999062146],[-89.625086999999994,48.011516999062124],[-89.749313999999998,48.023324999062183],[-89.868152999999992,47.989897999062066],[-89.973433,48.020349999062169],[-90.029625999999993,48.087587999062407],[-90.136190999999997,48.112135999062495],[-90.317229999999995,48.103792999062456],[-90.471018999999998,48.106075999062469],[-90.566113000000001,48.122619999062529],[-90.703701999999993,48.09600899906242],[-90.775961999999993,48.122228999062528],[-90.804206999999991,48.177832999062737],[-90.843623999999991,48.243575999062983],[-90.906829000000002,48.237338999062949],[-91.032539461265102,48.190578820961484],[-91.035550000000001,48.189458999062786],[-91.156106999999992,48.140474999062604],[-91.250112000000001,48.084086999062379],[-91.336578000000003,48.069626999062336],[-91.465498999999994,48.066769999062338],[-91.542512000000002,48.053267999062285],[-91.559271999999993,48.10826799906247],[-91.692365999999993,48.119329999062515],[-91.714930999999993,48.199129999062819],[-91.781182000000001,48.200431999062815],[-91.797283579908694,48.205775914516437],[-91.893469999999994,48.237698999062943],[-91.980772000000002,48.247800999062989],[-92.000132999999991,48.321354999063274],[-92.055228,48.359212999063431],[-92.162160999999998,48.363278999063446],[-92.26227999999999,48.354932999063408],[-92.295411999999999,48.323956999063292],[-92.295667999999992,48.278117999063113],[-92.314664999999991,48.240526999062972],[-92.369174000000001,48.220267999062884],[-92.416285000000002,48.295462999063176],[-92.469948000000002,48.351835999063383],[-92.456324999999993,48.414203999063645],[-92.51491,48.448312999063774],[-92.575635999999989,48.440826999063745],[-92.657100999999997,48.466914999063853],[-92.631116999999989,48.508251999064029],[-92.634930999999995,48.542872999064166],[-92.728045999999992,48.539289999064138],[-92.89468699999999,48.594914999064379],[-92.954875999999999,48.631492999064541],[-93.088454535286104,48.626814217561005],[-93.142420000000001,48.624923999064514],[-93.207397999999998,48.64247399906457],[-93.347527999999997,48.626619999064516],[-93.371155999999999,48.605084999064417],[-93.464308000000003,48.59179199906437],[-93.467503999999991,48.545663999064161],[-93.562061999999997,48.528896999064102],[-93.674567999999994,48.516296999064046],[-93.815177999999989,48.526507999064087],[-93.805269999999993,48.570298999064278],[-93.844008000000002,48.629394999064509],[-93.927003999999997,48.631219999064527],[-94.091243999999989,48.643668999064587],[-94.250191000000001,48.656322999064649],[-94.25116899999999,48.683513999064751],[-94.281796999999997,48.705254999064842],[-94.388847999999996,48.711944999064862],[-94.430201279234097,48.698308784593323],[-94.446603999999994,48.692899999064792],[-94.508861999999993,48.700361999064818],[-94.619009999999989,48.737373999064978],[-94.694311999999996,48.789351999065204],[-94.685681000000002,48.840118999065425],[-94.683068999999989,48.883928999065631],[-94.718931999999995,48.999990999066156],[-94.75021799999999,48.999991999066161],[-94.750220999999996,49.099762999066627],[-94.774227999999994,49.124993999066739],[-94.797243999999992,49.214283999067185],[-94.816221999999996,49.320986999067706],[-94.878453999999991,49.333192999067776],[-94.952111000000002,49.368678999067953],[-94.988907999999995,49.368896999067942],[-95.058403999999996,49.353169999067866],[-95.153313999999995,49.38435799906803],[-95.153329999999997,49.309286999067638],[-95.153308999999993,49.18487999906705],[-95.153711000000001,48.998902999066146],[-95.319888783472194,48.998758343076545],[-95.34096199999999,48.998739999066153],[-95.97538999999999,48.999983999066153],[-96.405407999999994,48.999983999066153],[-96.930959999999999,48.999983999066153],[-97.229039,49.000686999066161],[-97.775750000000002,49.000573999066162],[-97.950205011515592,49.000515118004564],[-98.869036999999992,49.00020499906617],[-98.999803372711014,48.99998629471856],[-99.376067999999989,48.999356999066158],[-99.525700059071696,48.999271290221664],[-99.913779999999988,48.99904899906614],[-100.18270698232801,48.99923022370745],[-100.431676,48.999397999066161],[-101.125434,48.999077999066152],[-101.496737,48.999144833071462],[-101.625438,48.999167999066152],[-102.021149424659,48.998756604477045],[-102.216993,48.998552999066156],[-102.850455,48.999430999066156],[-102.93877701942802,48.999350249351252],[-103.375467,48.99895099906616],[-104.04873600000001,48.999876999066153],[-104.54363600000001,48.999540999066163],[-104.87552700000001,48.998990999066166],[-105.05764171669101,48.999228886458646],[-105.265192,48.999499999066167],[-105.35588799999999,48.999356999066158],[-105.775808,48.999636999066162],[-106.050543,48.999206999066153],[-106.11206332368401,48.999279437466456],[-106.233987,48.999422999066162],[-106.61753899999999,48.99958299906617],[-107.17981201253799,48.999911600813569],[-107.36358199999999,49.000018999066157],[-107.441017,48.999362999066157],[-107.704696,48.999871999066151],[-108.23639299999999,48.999558116367552],[-108.543194,48.999376999066158],[-109.000708,48.999233999066156],[-109.250722,49.000010999066177],[-109.489549778986,49.000420802946671],[-109.500737,49.000439999066167],[-110.171595,48.99926199906615],[-110.438151,48.999187999066145],[-110.531615,48.998389999066148],[-110.743064,48.998008111250954],[-111.003916,48.997536999066149],[-111.26986200082901,48.997229785877742],[-111.500812,48.996962999066142],[-111.854088,48.998066999066154],[-112.14376899999999,48.998916999066154],[-112.19341019591401,48.998893775699841],[-113.116356,48.998461999066159],[-113.375925,48.998561999066148],[-113.692982,48.997631999066158],[-113.907487,48.998857999066153],[-114.06817845428,48.999355880729965],[-114.180211,48.999702999066145],[-114.37597700000001,49.001389999066156],[-114.67821700000002,49.000724999066172],[-114.727045223277,49.000587002954767],[-115.20791199999999,48.99922799906615],[-115.50101599999999,49.000693999066165],[-116.04919299999999,49.000911999066169],[-116.41750300000001,49.000098999066161],[-116.757234,48.999942999066157],[-117.03235100000001,48.999187999066145],[-117.268247,48.999817999066146],[-117.429968,49.000306868891755],[-117.60732300000001,49.000842999066165],[-118.00204600000001,49.00043699906616],[-118.19737505245899,49.000406750490669],[-118.83661303558,49.000307758363761],[-119.132102,49.000261999066176],[-119.45770000000002,49.000260999066157],[-120.001199,48.999417999066161],[-120.37621599999999,49.000704999066166],[-120.716604,49.000187999066164],[-120.851527133018,49.000591151901354],[-121.12623999999998,49.001411999066164],[-121.39554300000002,48.999850999066162],[-121.75125199999999,48.997398999066142],[-122.09835700000001,49.002145999066173],[-122.251063,49.002493999066182],[-122.75802,49.002356999066166],[-122.821631,48.941368999065894],[-122.79401800000001,48.88312999906563],[-122.73250600000001,48.838096999065421],[-122.720045,48.789194999065202],[-122.71017700000002,48.722236999064918],[-122.671345425667,48.645298997584781],[-122.64259699999999,48.588338999064355],[-122.650307,48.530155999064107],[-122.68912100000001,48.476848999063876],[-122.66533799999999,48.416452999063651],[-122.66698252821601,48.41246699110792],[-122.707077,48.315285999063242],[-122.75256300000001,48.260060999063043],[-122.71150800000001,48.193572999062788],[-122.633167,48.163280999062678],[-122.59830100000001,48.110615999062489],[-122.607342,48.030991999062209],[-122.542924,47.996403999062082],[-122.546824,47.96721499906198],[-122.573745864315,47.951004166271026],[-122.61670100000001,47.925138999061829],[-122.63410286527998,47.923035298800627],[-122.65106299999998,47.920984999061815],[-122.701294,47.972978999061993],[-122.70184,48.016105999062141],[-122.69846500000001,48.10310199906246],[-122.76044799999998,48.143239999062622],[-122.83317299999999,48.134405999062587],[-122.91068675572498,48.109799742995285],[-122.94611900000001,48.09855199906243],[-123.00412799999999,48.090515999062418],[-123.06621,48.120468999062524],[-123.144783,48.175942999062734],[-123.23912899999998,48.118216999062518],[-123.314578,48.113724999062498],[-123.44197199999999,48.124258999062533],[-123.55113099999998,48.151381999062636],[-123.67244499999998,48.162714999062679],[-123.728736,48.162799999062692],[-123.88006799999999,48.160620999062672],[-124.05073399999999,48.177746999062734],[-124.10177299999999,48.216882999062875],[-124.25088199999998,48.264772999063062],[-124.38087400000002,48.284698999063131],[-124.54625900000001,48.353593999063406],[-124.653243,48.390690999063537],[-124.72583900000001,48.386011999063527]]],[[[-133.93501599999999,55.920688999125019],[-133.92025000000001,55.860294999124271],[-133.86103900000001,55.848843999124149],[-133.700468,55.837420999123999],[-133.70115200000001,55.785159999123358],[-133.64332400000001,55.729036999122677],[-133.71666500000001,55.660222999121849],[-133.72854899999999,55.593127999121059],[-133.75287,55.544281999120464],[-133.78905499999999,55.45789199911944],[-133.69789800000001,55.454758999119413],[-133.630945,55.416113999118949],[-133.63300599999999,55.361298999118304],[-133.69017400000001,55.304408999117662],[-133.65835899999999,55.232673999116813],[-133.59676200000001,55.218232999116658],[-133.58660499999999,55.308799999117703],[-133.46821699999998,55.281677999117392],[-133.47193799999999,55.247526999116992],[-133.40449699999999,55.214991999116613],[-133.34125900000001,55.205700999116502],[-133.28197900000001,55.217116999116627],[-133.23249099999998,55.198827999116411],[-133.21508599999999,55.136875999115716],[-133.23969499999998,55.092414999115206],[-133.19771900000001,55.033403999114533],[-133.16478799999999,54.976908999113888],[-133.09904699999998,54.919006999113243],[-132.990589,54.820993999112154],[-132.91875099999999,54.783252999111731],[-132.87720999999999,54.753771999111414],[-132.866355,54.700385999110821],[-132.75301899999999,54.673243999110532],[-132.67432400000001,54.674651999110523],[-132.63903199999999,54.753250999111408],[-132.50937099999999,54.781257999111702],[-132.40353299999998,54.784595999111744],[-132.366389,54.751196999111379],[-132.30794299999999,54.718713999111024],[-132.22822300000001,54.725169999111074],[-132.16518200000002,54.694049999110753],[-132.02974699999999,54.701188999110826],[-131.99959100000001,54.731974999111166],[-131.95791399999999,54.791238999111812],[-131.98332400000001,54.897812999113007],[-131.98459199999999,55.027977999114476],[-132.027513,55.104674999115332],[-131.977397,55.180948999116218],[-132.03712200000001,55.275143999117311],[-132.12639799999999,55.28841799911747],[-132.25805600000001,55.416141999118949],[-132.142945,55.457940999119451],[-132.301119,55.550959999120543],[-132.38250500000001,55.665335999121908],[-132.46253100000001,55.673853999122024],[-132.470697,55.782161999123325],[-132.61846399999999,55.911475999124903],[-132.837592,56.024326999126302],[-132.85978295116999,56.052769326150049],[-132.896433,56.099743999127234],[-132.83386400000001,56.10390399912729],[-132.887585,56.172937999128145],[-132.96692200000001,56.2242759991288],[-133.03987741239902,56.239040379224683],[-133.07822999999999,56.24680199912909],[-133.158233,56.314767999129948],[-133.19700900000001,56.333015999130168],[-133.41836999999998,56.332131999130169],[-133.58211599999998,56.352505999130429],[-133.65641499999998,56.326908999130097],[-133.65688900000001,56.28122799912952],[-133.6721,56.222733999128778],[-133.64381700000001,56.12773899912758],[-133.65924100000001,56.083817999127035],[-133.73140000000001,56.02885699912634],[-133.816363,55.964024999125556],[-133.93501599999999,55.920688999125019]]],[[[-134.39298300000002,56.864283999137079],[-134.41853399999999,56.822332999136535],[-134.376274,56.668607999134501],[-134.30112,56.62031699913387],[-134.320134,56.554483999133019],[-134.241938,56.555530999133019],[-134.19796700000001,56.531027999132711],[-134.25191999999998,56.44454999913161],[-134.24312599999999,56.395777999130978],[-134.294679,56.335887999130222],[-134.28221200000002,56.25478899912919],[-134.259749,56.134439999127672],[-134.202178,56.035174999126419],[-134.29180400000001,55.926218999125084],[-134.374965,55.928491999125107],[-134.344652,55.846311999124104],[-134.31176299999998,55.812284999123683],[-134.25509600000001,55.844613999124086],[-134.20825099999999,55.876708999124489],[-134.11806200000001,55.914641999124953],[-134.099805,55.984139999125802],[-134.12186800000001,56.02989499912637],[-134.087446,56.094938999127173],[-134.01804300000001,56.088175999127095],[-133.96052499999999,56.091358999127131],[-133.92772500000001,56.14594899912781],[-133.94198599999999,56.180094999128237],[-133.88113999999999,56.223196999128781],[-133.87662399999999,56.275883999129455],[-133.83455499999999,56.31980099913001],[-133.821628,56.39160199913092],[-133.65546799999998,56.442278999131567],[-133.460634,56.454119999131727],[-133.41537889177499,56.456444913415062],[-133.30057099999999,56.462342999131828],[-133.183493,56.45424099913172],[-133.04172599999998,56.518355999132552],[-132.933042,56.52219999913261],[-132.806838,56.505491999132381],[-132.671154,56.543070999132873],[-132.61132599999999,56.599912999133622],[-132.619258,56.660777999134417],[-132.74320699999998,56.713719999135087],[-132.79660200000001,56.776931999135925],[-132.903211,56.803609999136278],[-132.98137,56.927379999137926],[-133.10461100000001,57.005700999138966],[-133.31787102643702,57.002674736838635],[-133.334272,57.002441999138931],[-133.536258,57.038699999139418],[-133.73943299999999,57.072183999139881],[-133.887957,57.097743999140221],[-134.00885600000001,57.074577999139912],[-134.049218,57.029202999139287],[-133.92145099999999,56.961510999138383],[-133.86903999999998,56.845937999136844],[-133.942936,56.805550999136294],[-134.00663499999999,56.851586999136913],[-134.047753,56.922999999137865],[-134.14710300000002,56.956969999138316],[-134.19375099999999,56.933597999138001],[-134.27045899999999,56.935579999138035],[-134.39298300000002,56.864283999137079]]],[[[-134.96050199999999,58.403757999158771],[-134.95817099999999,58.32205699915756],[-134.86429899999999,58.180488999155479],[-134.783772,58.08229199915403],[-134.752398,57.938955999151965],[-134.709024,57.780497999149688],[-134.69542799999999,57.685334999148338],[-134.60755699999999,57.513041999145933],[-134.55554000000001,57.407427999144453],[-134.64016900000001,57.239851999142154],[-134.63456500000001,57.109862999140375],[-134.565687,57.023736999139217],[-134.49771799999999,57.031193999139326],[-134.44378599999999,57.062291999139724],[-134.38605200000001,57.087391999140081],[-134.37835899999999,57.115015999140446],[-134.30272099999999,57.136561999140739],[-134.19362899999999,57.184878999141397],[-134.10011800000001,57.266284999142506],[-133.98350099999999,57.302837999143016],[-133.87567300000001,57.267612999142514],[-133.84089499999999,57.271073999142573],[-133.78639799999999,57.311527999143131],[-133.86693099999999,57.367868999143901],[-133.87158099999999,57.48415799914553],[-133.8176,57.568352999146704],[-133.80828500000001,57.609603999147282],[-133.89684599999998,57.68552399914833],[-133.90487400000001,57.807405999150077],[-133.99994799999999,57.914809999151615],[-134.08757199999999,57.996474999152809],[-134.13823099999999,58.047102999153523],[-134.18398300000001,58.077294999153978],[-134.174352,58.125283999154682],[-134.25438605080399,58.144355273441754],[-134.25622300000001,58.144792999154959],[-134.32987199999999,58.134989999154804],[-134.46176,58.159288999155166],[-134.60891100000001,58.171636999155353],[-134.69995599999999,58.161493999155191],[-134.72447783809099,58.211465284801037],[-134.735829,58.234596999156274],[-134.78844100000001,58.289089999157063],[-134.865084,58.357275999158084],[-134.96050199999999,58.403757999158771]]],[[[-136.56322299999999,58.035051999153367],[-136.57328799999999,57.926843999151785],[-136.48425900000001,57.896459999151347],[-136.45882900000001,57.853900999150746],[-136.372377,57.832586999150436],[-136.371986492161,57.832232009855339],[-136.30468400000001,57.771050999149558],[-136.25081799999998,57.684830999148332],[-136.23816600000001,57.625990999147511],[-136.163059,57.558860999146574],[-136.08807100000001,57.555290999146514],[-136.04754700000001,57.513761999145935],[-135.94376599999998,57.458779999145165],[-135.89213100000001,57.408047999144479],[-135.85816,57.321357999143267],[-135.83771899999999,57.282067999142733],[-135.870519,57.221638999141895],[-135.83225300000001,57.170646999141198],[-135.753581,57.167167999141157],[-135.75500700000001,57.123971999140565],[-135.84461199999998,57.083567999140023],[-135.856021,56.995635999138841],[-135.82559800000001,56.989031999138753],[-135.63687999999999,57.009873999139032],[-135.604555,57.045833999139518],[-135.571504,57.105696999140314],[-135.45790700000001,57.070164999139841],[-135.35344699999999,57.020904999139177],[-135.442339,56.942354999138132],[-135.47681699999998,56.891231999137432],[-135.50686899999999,56.865977999137101],[-135.55071799999999,56.841227999136784],[-135.46717699999999,56.771409999135855],[-135.36224099999998,56.758741999135694],[-135.30507699999998,56.726381999135263],[-135.21582999999998,56.66533999913446],[-135.175826,56.677875999134621],[-135.123389,56.60282299913365],[-135.05823799999999,56.52945299913268],[-134.977082,56.437293999131512],[-134.91591099999999,56.360554999130521],[-134.83941099999998,56.309402999129865],[-134.810171,56.244986999129054],[-134.76353499999999,56.210362999128613],[-134.67402799999999,56.166924999128085],[-134.65382700000001,56.198384999128471],[-134.634668,56.265831999129325],[-134.634828,56.345296999130341],[-134.64177000000001,56.445478999131616],[-134.66977800000001,56.524128999132607],[-134.62694299999998,56.553867999133018],[-134.61595499999999,56.637288999134086],[-134.62967,56.709595999135033],[-134.663434,56.804686999136287],[-134.69573500000001,56.90079099913757],[-134.738223,56.975740999138573],[-134.85494800000001,57.26476599914249],[-134.825579,57.372142999143968],[-134.82489100000001,57.500066999145737],[-134.93992399999999,57.763611999149447],[-134.94942955753001,57.781259288599315],[-135.004952,57.884337999151178],[-134.92639500000001,57.921918999151707],[-134.95084399999999,58.036992999153384],[-135.10889600000002,58.088269999154114],[-135.27579700000001,58.097023999154253],[-135.49791099999999,58.16888199915531],[-135.71239800000001,58.231891999156225],[-135.78337999999999,58.286708999157028],[-135.87746799999999,58.259851999156659],[-136.03367800000001,58.276727999156897],[-136.17644200000001,58.265110999156704],[-136.29034899999999,58.25176099915651],[-136.387113,58.252413999156524],[-136.365544,58.148853999155023],[-136.44628599999999,58.113339999154491],[-136.53870799999999,58.0934819991542],[-136.56322299999999,58.035051999153367]]],[[[-152.064099,60.417136999190788],[-152.079995,60.341190999189493],[-151.95626300000001,60.367840999189944],[-151.89154200000002,60.440176999191166],[-151.83919399999999,60.485861999191947],[-151.95245599999998,60.510608999192371],[-152.064099,60.417136999190788]]],[[[-153.59741099999999,59.386826999173884],[-153.546695,59.331347999173012],[-153.515286,59.320877999172851],[-153.386898,59.330749999173001],[-153.34777199999999,59.377984999173748],[-153.41249299999998,59.415104999174339],[-153.48900499999999,59.415229999174336],[-153.59741099999999,59.386826999173884]]],[[[-154.779663,57.366334999143888],[-154.79383999999999,57.288861999142817],[-154.691855,57.284109999142757],[-154.594977,57.257160999142386],[-154.52343200000001,57.129105999140648],[-154.528538,57.001891999138934],[-154.40749,56.968333999138473],[-154.31288799999999,56.918672999137804],[-154.305713,56.846870999136847],[-154.129017,56.742167999135461],[-154.15314699999999,56.68169699913468],[-154.017042,56.689310999134776],[-153.97178,56.744860999135504],[-153.90215000000001,56.771207999135854],[-153.83964,56.822098999136522],[-153.77646799999999,56.83031499913664],[-153.699409,56.855381999136966],[-153.603624,56.887335999137392],[-153.54149200000001,56.887874999137395],[-153.543429,56.995244999138841],[-153.58083099999999,57.049047999139567],[-153.48651999999998,57.085914999140066],[-153.40426300000001,57.080510999139989],[-153.342018,56.982824999138671],[-153.26682199999999,56.999642999138899],[-153.20021700000001,57.042038999139464],[-153.06432999999998,57.103789999140297],[-152.90054000000001,57.132075999140689],[-152.88032099999998,57.164797999141122],[-152.949333,57.187345999141421],[-152.94346300000001,57.25695599914237],[-152.81818699999999,57.265367999142491],[-152.69569799999999,57.281317999142722],[-152.63044099999999,57.322667999143299],[-152.60114799999999,57.382164999144116],[-152.570527,57.448908999145026],[-152.47488300000001,57.43420399914482],[-152.32368700000001,57.342659999143557],[-152.253603,57.384018999144118],[-152.32368299999999,57.467860999145294],[-152.25964099999999,57.527155999146117],[-152.15967699999999,57.593613999147045],[-152.16161700000001,57.623286999147467],[-152.313974,57.636419999147655],[-152.38680499999998,57.667922999148104],[-152.44018199999999,57.726639999148929],[-152.29876200000001,57.745924999149203],[-152.21224699999999,57.791432999149848],[-152.35115200000001,57.834767999150472],[-152.32410300000001,57.916603999151647],[-152.422573,57.948661999152115],[-152.43260799999999,57.976028999152497],[-152.52628300000001,57.913265999151605],[-152.635378,57.918609999151663],[-152.68120400000001,57.875674999151045],[-152.75343699999999,57.83445199915046],[-152.790211,57.858057999150795],[-152.80480699999998,57.899174999151398],[-152.75197800000001,57.933465999151899],[-152.72252399999999,57.987363999152677],[-152.766673,58.029886999153277],[-152.656801,58.061048999153734],[-152.52903599999999,58.093778999154203],[-152.482674,58.12981299915473],[-152.37439899999998,58.120013999154594],[-152.26511099999999,58.135731999154828],[-152.11220499999999,58.148558999155],[-152.03412,58.183736999155521],[-151.86232100000001,58.168264999155298],[-151.79569599999999,58.211095999155916],[-151.81711100000001,58.263443999156699],[-151.98178100000001,58.347970999157944],[-152.08924999999999,58.36764399915824],[-152.129257,58.396413999158668],[-152.227835,58.376423999158376],[-152.30171300000001,58.42869699915915],[-152.35608999999999,58.423469999159067],[-152.34485999999998,58.391629999158589],[-152.38734299999999,58.359498999158106],[-152.43223499999999,58.355220999158057],[-152.49848,58.3723509991583],[-152.512483,58.427348999159129],[-152.467197,58.476608999159865],[-152.38761,58.522869999160548],[-152.33721199999999,58.589094999161546],[-152.35470900000001,58.638279999162286],[-152.45381700000002,58.618514999161995],[-152.560171,58.61967999916201],[-152.61613,58.601851999161745],[-152.66622000000001,58.544086999160868],[-152.64031299999999,58.46986799915976],[-152.733845,58.460661999159619],[-152.78777600000001,58.411312999158888],[-152.883107,58.400442999158734],[-152.92558600000001,58.339685999157815],[-153.04431599999998,58.306335999157348],[-153.10184100000001,58.257937999156596],[-153.20280099999999,58.208079999155878],[-153.22370899999999,58.162119999155209],[-153.31612699999999,58.140389999154884],[-153.362281,58.106785999154404],[-153.419783,58.059637999153715],[-153.36557399999998,58.039051999153408],[-153.29900900000001,57.985625999152639],[-153.38642199999998,57.936525999151939],[-153.48460299999999,57.976499999152502],[-153.53320400000001,57.941116999151987],[-153.512024,57.909155999151537],[-153.648798,57.88010299915112],[-153.72117600000001,57.890614999151275],[-153.781408,57.876416999151061],[-153.93522000000002,57.813046999150174],[-153.93027899999998,57.696790999148497],[-153.99457200000001,57.656904999147933],[-154.19695899999999,57.664638999148053],[-154.29247100000001,57.644222999147757],[-154.411385,57.598451999147102],[-154.52206000000001,57.577785999146826],[-154.61870400000001,57.514971999145956],[-154.69331,57.446084999144979],[-154.779663,57.366334999143888]]],[[[-154.84041500000001,56.420319999131287],[-154.742887,56.401677999131046],[-154.62428199999999,56.475180999132],[-154.529507,56.502654999132346],[-154.26633200000001,56.496365999132273],[-154.02092999999999,56.482024999132079],[-153.88767799999999,56.533636999132753],[-153.87876399999999,56.565924999133159],[-154.02504099999999,56.572516999133242],[-154.095833,56.617785999133844],[-154.21033599999998,56.609683999133729],[-154.51407799999998,56.604058999133656],[-154.70614,56.521272999132599],[-154.84041500000001,56.420319999131287]]],[[[-155.75000199999999,55.821848999123802],[-155.718593,55.772355999123199],[-155.591002,55.761724999123082],[-155.56630699999999,55.789487999123423],[-155.55424499999998,55.8464599991241],[-155.53059099999999,55.912212999124904],[-155.60537299999999,55.928825999125124],[-155.688098,55.864885999124326],[-155.75000199999999,55.821848999123802]]],[[[-156.04965099999998,19.780451999398476],[-156.06436400000001,19.730765999399736],[-156.03332599999999,19.66922999940131],[-156.02898199999998,19.650097999401805],[-155.997728,19.642815999401972],[-155.978206,19.608158999402864],[-155.96934999999999,19.555962999404201],[-155.95149000000001,19.486648999405972],[-155.92473200000001,19.453909999406818],[-155.909087,19.415454999407789],[-155.888701,19.348030999409517],[-155.89084199999999,19.298904999410791],[-155.90256499999998,19.258426999411846],[-155.912069,19.179113999413882],[-155.91421600000001,19.099146999415947],[-155.88155,19.036643999417571],[-155.80610899999999,19.013966999418162],[-155.726043,18.969436999419319],[-155.67200500000001,18.917465999420667],[-155.63805400000001,18.941722999420037],[-155.613966,18.970398999419288],[-155.59069700000001,19.007672999418332],[-155.55532600000001,19.069376999416715],[-155.505281,19.137907999414942],[-155.45351600000001,19.151951999414582],[-155.39070100000001,19.201170999413314],[-155.36063100000001,19.208929999413112],[-155.31336999999999,19.250697999412029],[-155.26461899999998,19.274212999411432],[-155.20589200000001,19.26090699941177],[-155.15963499999998,19.268374999411581],[-155.11327199999999,19.290612999411],[-155.02053699999999,19.331316999409953],[-154.944185,19.381851999408649],[-154.87661800000001,19.433222999407334],[-154.81600900000001,19.500647999405608],[-154.81441699999999,19.530089999404858],[-154.85261800000001,19.549171999404372],[-154.94710599999999,19.604855999402954],[-154.97434200000001,19.633200999402231],[-154.98110199999999,19.690686999400764],[-155.00642299999998,19.739285999399531],[-155.04538199999999,19.739823999399519],[-155.087118,19.728012999399823],[-155.091216,19.776367999398577],[-155.086341,19.855398999396584],[-155.124618,19.897287999395523],[-155.16662500000001,19.937889999394482],[-155.27031599999998,20.014524999392567],[-155.38757799999999,20.067118999391223],[-155.50256100000001,20.114154999390056],[-155.558933,20.131569999389612],[-155.59803299999999,20.124538999389788],[-155.63745900000001,20.15305099938907],[-155.704331,20.191694999388094],[-155.73700400000001,20.222772999387331],[-155.79888399999999,20.25411499938653],[-155.85329300000001,20.271547999386097],[-155.89066299999999,20.255239999386514],[-155.90278000000001,20.177072999388464],[-155.890646,20.123575999389811],[-155.85038499999999,20.062505999391355],[-155.82547299999999,20.025943999392272],[-155.83194800000001,19.982774999393367],[-155.85658799999999,19.968884999393705],[-155.89253300000001,19.932161999394634],[-155.915662,19.887125999395781],[-155.949251,19.857033999396535],[-155.976651,19.850529999396702],[-156.00626699999998,19.817579999397548],[-156.04965099999998,19.780451999398476]]],[[[-156.69988999999998,20.920628999370017],[-156.687804,20.890719999370742],[-156.63179400000001,20.821239999372441],[-156.55461700000001,20.78609599937332],[-156.53775200000001,20.778407999373503],[-156.50602599999999,20.799462999372981],[-156.47356199999999,20.7907559993732],[-156.462242,20.753951999374106],[-156.458438,20.73667599937454],[-156.44367299999999,20.656017999376537],[-156.431872,20.598142999377966],[-156.377633,20.578426999378454],[-156.284391,20.596487999378006],[-156.21025800000001,20.628517999377213],[-156.129898,20.627522999377238],[-156.04378600000001,20.664901999376315],[-156.00187,20.698063999375485],[-155.98541299999999,20.744244999374342],[-156.00353200000001,20.795544999373089],[-156.059788,20.810539999372718],[-156.13266899999999,20.861368999371464],[-156.19470999999999,20.891974999370717],[-156.24255499999998,20.937837999369592],[-156.33281700000001,20.946449999369378],[-156.40330399999999,20.915825999370131],[-156.481055,20.898198999370564],[-156.51870700000001,20.954661999369183],[-156.56277299999999,21.016166999367673],[-156.61958099999998,21.027792999367392],[-156.680905,20.980261999368548],[-156.69988999999998,20.920628999370017]]],[[[-156.670469,20.559908999378912],[-156.70226500000001,20.532450999379595],[-156.66880900000001,20.504737999380279],[-156.58623799999998,20.511710999380103],[-156.53964300000001,20.527643999379709],[-156.54303400000001,20.580114999378406],[-156.56713999999999,20.604894999377791],[-156.61073400000001,20.593769999378079],[-156.670469,20.559908999378912]]],[[[-156.73362800000001,56.077592999126956],[-156.73529199999999,56.022639999126277],[-156.681814,55.99433699912592],[-156.618202,56.017801999126227],[-156.614757,56.065177999126803],[-156.68300299999999,56.098809999127226],[-156.73362800000001,56.077592999126956]]],[[[-157.05912999999998,20.913406999370189],[-157.059663,20.884633999370891],[-157.01091099999999,20.85447599937164],[-156.99183399999998,20.826602999372323],[-156.990678,20.775901999373566],[-156.96789000000001,20.735079999374577],[-156.90908100000001,20.739532999374465],[-156.89029499999998,20.744854999374333],[-156.83832100000001,20.764574999373853],[-156.808469,20.820395999372462],[-156.83704699999998,20.863574999371416],[-156.87312499999999,20.894678999370647],[-156.93752899999998,20.925273999369907],[-157.01000099999999,20.929756999369783],[-157.05912999999998,20.913406999370189]]],[[[-157.27722,21.158430999364199],[-157.31074799999999,21.101626999365585],[-157.252534,21.087669999365929],[-157.171606,21.090700999365847],[-157.08065999999999,21.101975999365578],[-157.02617000000001,21.089014999365897],[-156.95387199999999,21.066127999366447],[-156.877137,21.04929999936687],[-156.8022,21.067094999366429],[-156.73934199999999,21.111335999365345],[-156.70910599999999,21.158654999364199],[-156.742231,21.176213999363767],[-156.84159199999999,21.167925999363959],[-156.91785956119901,21.169021345645049],[-156.921108,21.169067999363946],[-156.96284700000001,21.212130999362891],[-156.98403200000001,21.212197999362893],[-157.014267869299,21.200694265621472],[-157.039987,21.190908999363408],[-157.128207,21.201487999363149],[-157.202125,21.219297999362709],[-157.26069000000001,21.225683999362552],[-157.249695,21.184400999363564],[-157.27722,21.158430999364199]]],[[[-157.288702,56.56603899913317],[-157.32605899999999,56.525168999132639],[-157.16877700000001,56.530209999132701],[-157.04717299999999,56.519930999132576],[-156.975549,56.540445999132828],[-157.09114599999998,56.581133999133364],[-157.17202700000001,56.598038999133578],[-157.288702,56.56603899913317]]],[[[-158.232192,21.58380599935391],[-158.27767900000001,21.578788999354028],[-158.23117099999999,21.52385699935536],[-158.233,21.487599999356227],[-158.182648,21.430072999357606],[-158.17920000000001,21.404299999358244],[-158.1403,21.373799999358976],[-158.13093136646,21.348955847356272],[-158.12937099999999,21.34481799935968],[-158.10330000000002,21.297899999360805],[-158.0883,21.298799999360789],[-158.02450000000002,21.309299999360533],[-157.981525,21.315897999360384],[-157.95073600000001,21.312508999360457],[-157.89000000000001,21.306499999360607],[-157.85104799999999,21.284529999361137],[-157.80960000000002,21.25769999936178],[-157.779944,21.265251999361595],[-157.75720000000001,21.277999999361295],[-157.70010000000002,21.263999999361626],[-157.673069,21.284195999361145],[-157.65510785904002,21.309280287811841],[-157.65180000000001,21.313899999360427],[-157.7106,21.358499999359349],[-157.724324,21.403310999358261],[-157.72250600000001,21.459224999356913],[-157.76457199999999,21.461334999356858],[-157.81390000000002,21.440299999357368],[-157.84548999999998,21.466746999356722],[-157.83694500000001,21.529944999355198],[-157.87735000000001,21.575276999354116],[-157.92459099999999,21.651182999352294],[-157.968628,21.712703999350818],[-157.9923,21.707999999350932],[-158.050692,21.671214999351822],[-158.07989499999999,21.628100999352853],[-158.12560999999999,21.586738999353827],[-158.232192,21.58380599935391]]],[[[-159.78374600000001,22.064896999342444],[-159.78670199999999,22.01880099934354],[-159.754795,21.977771999344508],[-159.707795,21.961228999344904],[-159.649766,21.933847999345549],[-159.60327899999999,21.892247999346544],[-159.574521,21.892805999346528],[-159.52691799999999,21.883885999346738],[-159.44486799999999,21.8686269993471],[-159.38527099999999,21.912438999346062],[-159.33768000000001,21.95117299934514],[-159.33256399999999,21.999351999343993],[-159.33448899999999,22.041697999343004],[-159.31827999999999,22.061416999342526],[-159.293013,22.122959999341074],[-159.31229300000001,22.183081999339663],[-159.36150699999999,22.214091999338923],[-159.402466,22.232602999338493],[-159.43170699999999,22.220014999338805],[-159.48793899999998,22.229511999338566],[-159.51075600000001,22.203547999339182],[-159.543924,22.221694999338752],[-159.58105799999998,22.223487999338708],[-159.61165,22.201387999339236],[-159.70553100000001,22.159320999340217],[-159.73054400000001,22.139952999340672],[-159.74524700000001,22.09750799934168],[-159.78374600000001,22.064896999342444]]],[[[-160.24960999999999,21.815144999348377],[-160.23037299999999,21.789674999348993],[-160.205851,21.779517999349224],[-160.18978199999998,21.822449999348201],[-160.17479600000001,21.846922999347619],[-160.156092,21.867929999347108],[-160.12428299999999,21.876788999346903],[-160.07906500000001,21.896079999346441],[-160.08578699999998,21.927294999345705],[-160.07029199999999,21.963950999344828],[-160.05112800000001,21.981059999344431],[-160.05854299999999,21.996379999344061],[-160.072123,22.003333999343905],[-160.11274599999999,21.995244999344102],[-160.12226200000001,21.962880999344861],[-160.13704999999999,21.948631999345199],[-160.19395900000001,21.922385999345821],[-160.22896499999999,21.889116999346623],[-160.24960999999999,21.815144999348377]]],[[[-160.25274899999999,54.913250999113174],[-160.226967,54.864074999112631],[-160.09929499999998,54.962852999113736],[-160.02703500000001,55.020909999114402],[-159.813625,55.027466999114466],[-159.752779,55.066138999114898],[-159.63522599999999,55.037293999114588],[-159.504434,55.027315999114464],[-159.447982,54.941373999113495],[-159.30968100000001,54.865812999112642],[-159.27235400000001,54.864203999112632],[-159.203228,54.914841999113193],[-159.33847,55.046682999114687],[-159.488766,55.188811999116304],[-159.521096,55.253392999117054],[-159.67030499999998,55.182336999116238],[-159.816419,55.178050999116188],[-159.84385900000001,55.249366999117015],[-159.87059099999999,55.284888999117427],[-160.02525700000001,55.203913999116487],[-160.137102,55.171564999116107],[-160.18726100000001,55.1183759991155],[-160.192058,55.03815699911457],[-160.25274899999999,54.913250999113174]]],[[[-160.85662099999999,55.318487999117799],[-160.841917,55.204439999116495],[-160.821381,55.117850999115504],[-160.73494199999999,55.151310999115879],[-160.65557699999999,55.160260999115984],[-160.525226,55.129870999115631],[-160.48651100000001,55.181950999116239],[-160.52761699999999,55.256373999117088],[-160.46826199999998,55.288924999117469],[-160.341217,55.251798999117035],[-160.30654999999999,55.303274999117633],[-160.15403800000001,55.377517999118496],[-160.137032,55.450708999119371],[-160.26056499999999,55.463673999119507],[-160.33342099999999,55.436927999119192],[-160.51751300000001,55.37937799911851],[-160.687442,55.402197999118776],[-160.80892900000001,55.37012199911841],[-160.85662099999999,55.318487999117799]]],[[[-161.078486,58.635576999162247],[-161.07562999999999,58.549915999160952],[-160.96141599999999,58.553722999161018],[-160.880515,58.581324999161431],[-160.67930899999999,58.78022599916445],[-160.700627,58.817367999165008],[-160.918586,58.746934999163933],[-161.05659499999999,58.702201999163265],[-161.078486,58.635576999162247]]],[[[-161.426005,55.216562999116633],[-161.45128599999998,55.178026999116184],[-161.34415200000001,55.158503999115972],[-161.32987499999999,55.219417999116665],[-161.35672599999998,55.22126199911667],[-161.426005,55.216562999116633]]],[[[-161.69712899999999,55.249147999117007],[-161.691553,55.198478999116418],[-161.56020699999999,55.207044999116519],[-161.52343400000001,55.271658999117271],[-161.69712899999999,55.249147999117007]]],[[[-162.84436199999999,54.510427999108735],[-162.86173600000001,54.424770999107835],[-162.76024699999999,54.372192999107263],[-162.608608,54.36914699910723],[-162.46695,54.342691999106954],[-162.38875400000001,54.367622999107212],[-162.34484,54.401335999107594],[-162.58531499999998,54.447994999108076],[-162.84436199999999,54.510427999108735]]],[[[-165.60222499999998,54.045266999103859],[-165.555768,54.023550999103627],[-165.287665,54.038348999103775],[-165.08828299999999,54.072490999104133],[-164.95613900000001,54.060987999104015],[-164.81616600000001,54.158753999105031],[-164.7637,54.223152999105693],[-164.824183,54.225526999105725],[-164.88313399999998,54.196186999105414],[-165.00790999999998,54.134933999104774],[-165.14097800000002,54.131078999104744],[-165.28077000000002,54.115624999104583],[-165.468221,54.079640999104207],[-165.60222499999998,54.045266999103859]]],[[[-166.06155000000001,54.185091999105296],[-166.11224199999998,54.122527999104655],[-166.04643799999999,54.044185999103838],[-165.90164899999999,54.062869999104031],[-165.87512900000002,54.036419999103764],[-165.78443399999998,54.069434999104111],[-165.549217,54.112195999104543],[-165.38371899999999,54.196730999105426],[-165.478452,54.295332999106471],[-165.62555,54.298963999106498],[-165.86819199999999,54.214883999105609],[-165.95975099999998,54.220981999105682],[-166.06155000000001,54.185091999105296]]],[[[-167.43061899999998,60.197005999187091],[-167.34350899999998,60.126286999185908],[-167.33328899999998,60.066625999184922],[-167.22573899999998,60.04087999918449],[-167.06578000000002,59.987959999183623],[-166.939572,59.965482999183259],[-166.79519399999998,59.913184999182391],[-166.66552799999999,59.878167999181819],[-166.51281899999998,59.846424999181316],[-166.36212999999998,59.838603999181167],[-166.27216799999999,59.811454999180739],[-166.190406,59.750205999179734],[-166.084282,59.776058999180151],[-166.08499499999999,59.839648999181179],[-165.98231699999999,59.871636999181703],[-165.85682199999999,59.869727999181677],[-165.76983200000001,59.900494999182186],[-165.70660900000001,59.883563999181909],[-165.582302,59.908241999182316],[-165.532633,59.953424999183035],[-165.63387899999998,60.019596999184152],[-165.70922300000001,60.06600299918491],[-165.66667899999999,60.124303999185877],[-165.72348399999998,60.163823999186548],[-165.68355400000002,60.198334999187118],[-165.722533,60.236467999187731],[-165.67986999999999,60.292434999188679],[-165.88308599999999,60.343367999189539],[-166.03734,60.319455999189138],[-166.103296,60.36732099918995],[-166.14976300000001,60.436699999191106],[-166.24103199999999,60.388819999190304],[-166.37187399999999,60.355155999189726],[-166.49035800000001,60.389465999190314],[-166.54858899999999,60.361855999189842],[-166.61656599999998,60.319220999189135],[-166.713539,60.327340999189268],[-166.835825,60.268750999188285],[-166.81312700000001,60.249767999187959],[-166.84259900000001,60.21046999918731],[-166.93866,60.214703999187378],[-167.112841,60.231481999187665],[-167.31760199999999,60.231540999187665],[-167.43061899999998,60.197005999187091]]],[[[-167.79092800000001,53.335519999096839],[-167.85151100000002,53.308667999096585],[-167.74775399999999,53.273563999096261],[-167.622173,53.250361999096029],[-167.53924699999999,53.277863999096297],[-167.488215,53.269120999096224],[-167.41771299999999,53.329855999096793],[-167.30812600000002,53.33432999909683],[-167.291831,53.364101999097109],[-167.166348,53.412792999097583],[-167.07538599999998,53.424978999097704],[-166.99432899999999,53.429200999097745],[-166.87808699999999,53.429883999097733],[-166.74915799999999,53.44094399909784],[-166.65623399999998,53.487118999098286],[-166.58101099999999,53.530448999098716],[-166.508982,53.583799999099242],[-166.444909,53.640645999099796],[-166.32026200000001,53.674275999100118],[-166.244056,53.710707999100478],[-166.13865699999999,53.731081999100695],[-166.09753000000001,53.826932999101643],[-166.11303699999999,53.853715999101915],[-166.19875100000002,53.836099999101734],[-166.33676800000001,53.787089999101241],[-166.40489600000001,53.809344999101462],[-166.32000399999998,53.869526999102071],[-166.250935,53.876850999102153],[-166.21068500000001,53.915921999102537],[-166.16092465219899,53.935638051296635],[-166.07528300000001,53.969570999103077],[-166.17236500000001,53.99812399910337],[-166.22564399999999,53.986229104188254],[-166.26451900000001,53.977549999103168],[-166.35711700000002,54.002342999103412],[-166.437083,53.955643999102939],[-166.508388,53.923948999102628],[-166.58739299999999,53.959830999102984],[-166.64462700000001,54.014494999103533],[-166.74258700000001,54.015500999103558],[-166.87948799999998,53.98871599910327],[-167.03125199999999,53.945203999102837],[-167.14099199999998,53.866773999102037],[-167.141966,53.826931999101625],[-167.09813500000001,53.799986999101364],[-167.00577799999999,53.755445999100921],[-167.041245,53.707928999100467],[-167.07182299999999,53.66555999910004],[-167.10783599999999,53.63305599909971],[-167.16163999999998,53.605908999099448],[-167.135695,53.551226999098915],[-167.18803299999999,53.524072999098657],[-167.27882699999998,53.478564999098204],[-167.36979099999999,53.450645999097951],[-167.45736599999998,53.442792999097861],[-167.591219,53.393345999097392],[-167.69448399999999,53.388033999097345],[-167.79092800000001,53.335519999096839]]],[[[-168.12893,65.655743999292284],[-168.04761999999999,65.569148999290405],[-167.85123399999998,65.538180999289736],[-167.68437799999998,65.489078999288679],[-167.47402399999999,65.412743999287017],[-167.34873899999999,65.397890999286716],[-167.06770699999998,65.385116999286438],[-166.89968099999999,65.360641999285917],[-166.75070199999999,65.333171999285312],[-166.59696400000001,65.336245999285381],[-166.439404,65.319057999285022],[-166.34718900000001,65.276340999284102],[-166.45171099999999,65.236177999283242],[-166.47991300000001,65.167248999281767],[-166.63444900000002,65.125872999280887],[-166.88667699999999,65.13876299928117],[-166.911922,65.125964999280882],[-166.73725000000002,65.027525999278794],[-166.69780800000001,64.991200999278036],[-166.58606600000002,64.95571199927727],[-166.43224599999999,64.883159999275762],[-166.40731499999998,64.852280999275095],[-166.47897799999998,64.79703599927393],[-166.48268200000001,64.755100999273054],[-166.413926,64.65122899927087],[-166.23693900000001,64.583557999269473],[-165.81959499999999,64.540170999268597],[-165.29164399999999,64.480730999267323],[-165.00196099999999,64.433916999266359],[-164.80774700000001,64.449431999266693],[-164.54829799999999,64.516737999268102],[-164.30727300000001,64.561487999269019],[-164.14705900000001,64.564551999269071],[-163.97435200000001,64.551369999268786],[-163.82973899999999,64.574964999269284],[-163.68633699999998,64.568797999269165],[-163.41290000000001,64.524985999268267],[-163.24909199999999,64.456222999266828],[-163.133172,64.381843999265314],[-163.091486,64.437735999266451],[-163.02715799999999,64.47794499926728],[-163.033231,64.519313999268135],[-162.940776,64.542416999268625],[-162.857562,64.49977999926773],[-162.83654000000001,64.436701999266432],[-162.76842399999998,64.333515999264307],[-162.63224199999999,64.385733999265383],[-162.60323599999998,64.479903999267307],[-162.539996,64.530930999268364],[-162.234477,64.61933599927022],[-162.18814599999999,64.672394999271305],[-162.06029100000001,64.692871999271745],[-161.87836300000001,64.709475999272101],[-161.77297799999999,64.749257999272928],[-161.64552,64.77645199927349],[-161.51821100000001,64.753249999273024],[-161.37698499999999,64.773035999273418],[-161.32784799999999,64.829835999274621],[-161.21375599999999,64.88332399927576],[-161.133062,64.898218999276068],[-161.07971800000001,64.869548999275466],[-160.93597399999999,64.822369999274471],[-160.78339800000001,64.717159999272255],[-160.79335599999999,64.619316999270225],[-160.99289400000001,64.541294999268587],[-161.19802899999999,64.496625999267664],[-161.38987900000001,64.547832999268735],[-161.46904599999999,64.506574999267883],[-161.50490300000001,64.423073999266151],[-161.263519,64.398165999265629],[-161.17771199999999,64.343540999264505],[-160.962007,64.220574999261999],[-160.94109599999999,64.066318999258826],[-160.900464,63.998339999257453],[-160.76562000000001,63.828713999254035],[-160.78330399999999,63.752892999252509],[-161.07357300000001,63.561699999248681],[-161.19116299999999,63.490071999247263],[-161.42108500000001,63.460149999246667],[-161.676526,63.465002999246764],[-161.982168,63.446312999246395],[-162.07315599999998,63.513767999247726],[-162.252411,63.541752999248295],[-162.40120300000001,63.634366999250126],[-162.58752699999999,63.625114999249945],[-162.707559,63.577606999249014],[-162.56200699999999,63.537104999248186],[-162.35227399999999,63.454068999246545],[-162.42152999999999,63.409013999245651],[-162.526588,63.316550999243823],[-162.602860986157,63.277182502711952],[-162.72407999999999,63.214614999241832],[-162.821122,63.205595999241666],[-162.844559,63.154190999240647],[-162.91972699999999,63.120152999239984],[-163.05399599999998,63.058333999238791],[-163.316203,63.037762999238375],[-163.52993799999999,63.135399999240299],[-163.61627199999998,63.141212999240395],[-163.73265000000001,63.213256999241807],[-163.88505900000001,63.222307999241984],[-164.066991,63.262275999242775],[-164.209475,63.251471999242561],[-164.44236799999999,63.202671999241609],[-164.60742499999998,63.112898999239853],[-164.68521299999998,63.022190999238092],[-164.813007,62.903918999235778],[-164.87563999999998,62.806253999233924],[-164.86436700000002,62.752041999232873],[-164.83770299999998,62.685266999231608],[-164.96243199999998,62.658245999231085],[-165.05220199999999,62.598216999229948],[-165.09615500000001,62.522451999228501],[-165.26927000000001,62.427351999226715],[-165.45849900000002,62.282846999223999],[-165.67203699999999,62.139889999221346],[-165.75429500000001,62.055954999219786],[-165.743528,61.96253299921807],[-165.650103,61.874152999216456],[-165.63951600000001,61.847005999215945],[-165.803979,61.82568499921554],[-165.94086399999998,61.849079999215974],[-166.094312,61.813858999215334],[-166.050997,61.76668899921448],[-166.14375699999999,61.72435199921371],[-166.21178700000002,61.608372999211618],[-166.14957699999999,61.513287999209901],[-166.07539800000001,61.492979999209524],[-165.99953499999998,61.539719999210369],[-165.91249599999998,61.556199999210662],[-165.865668,61.535045999210276],[-165.746352,61.489303999209469],[-165.79108500000001,61.449851999208775],[-165.877104,61.431148999208418],[-165.92119400000001,61.403079999207925],[-165.83136500000001,61.306718999206204],[-165.787442,61.310062999206259],[-165.62331699999999,61.27843099920571],[-165.63288,61.227964999204815],[-165.640289,61.138065999203235],[-165.55513999999999,61.092673999202425],[-165.45923599999998,61.083423999202246],[-165.385437,61.079573999202204],[-165.32555200000002,61.169305999203772],[-165.203757,61.150340999203451],[-165.13940300000002,61.092945999202428],[-165.05784199999999,61.059745999201837],[-165.133937,61.011249999200999],[-165.19494500000002,60.973899999200356],[-165.10849499277901,60.926575397822425],[-165.08508999999998,60.913762999199285],[-165.03018299999999,60.838049999197985],[-165.040843,60.77265999919684],[-165.01045199999999,60.744788999196381],[-164.99166500000001,60.698839999195584],[-165.07309099999998,60.684216999195328],[-165.206433,60.610226999194047],[-165.36767600000002,60.581157999193557],[-165.42034899999999,60.550691999193042],[-165.36297500000001,60.506865999192293],[-165.274867,60.499020999192176],[-165.190449,60.498000999192136],[-165.09393899999998,60.531861999192721],[-164.986952,60.542405999192901],[-164.95678800000002,60.527836999192658],[-165.01515499999999,60.471413999191704],[-165.069693,60.460892999191529],[-165.129403,60.433706999191067],[-164.98452700000001,60.349928999189657],[-164.777233,60.293832999188709],[-164.69888900000001,60.296297999188738],[-164.61950100000001,60.234937999187729],[-164.51764700000001,60.199492999187129],[-164.41101600000002,60.097674999185429],[-164.272808,60.046193999184588],[-164.13181,59.991176999183672],[-164.17870499999998,59.961809999183188],[-164.20847499999999,59.93446099918274],[-164.13339300000001,59.845611999181266],[-163.93079799999998,59.803852999180599],[-163.77222899999998,59.795623999180464],[-163.45809199999999,59.80995799918071],[-163.17263299999999,59.845057999181265],[-162.929135,59.908053999182307],[-162.808513,59.933932999182716],[-162.737447,59.972253999183366],[-162.622569,59.971808999183345],[-162.515276,59.976182999183415],[-162.487649,60.02808199918428],[-162.495608,60.078948999185123],[-162.49418,60.130270999185981],[-162.45128,60.174366999186709],[-162.37224000000001,60.167008999186592],[-162.22837099999998,60.05631299918474],[-162.14304899999999,59.967505999183281],[-162.10877199999999,59.920106999182501],[-162.046547,59.849687999181356],[-161.88551999999999,59.698389999178893],[-161.87394399999999,59.649486999178094],[-161.77297899999999,59.566242999176758],[-161.70253,59.490905999175546],[-161.79037499999998,59.468196999175191],[-161.84898799999999,59.432493999174604],[-161.99290300000001,59.33838499917313],[-162.04858400000001,59.25417699917179],[-161.996859,59.174125999170535],[-161.910267,59.093502999169274],[-161.804034,58.991716999167686],[-161.764791,58.846234999165461],[-161.824107,58.734548999163749],[-161.99464399999999,58.688827999163053],[-162.17172199999999,58.648440999162453],[-162.02736299999998,58.607049999161816],[-161.802156,58.612317999161895],[-161.75199900000001,58.551841999160999],[-161.55053699999999,58.611159999161885],[-161.37231399999999,58.666171999162707],[-161.33958065924401,58.73933862416682],[-161.33798200000001,58.74291199916388],[-161.22194200000001,58.777740999164408],[-161.073748442441,58.826023803777836],[-161.03144100529201,58.839807950370961],[-161.00110100000001,58.849692999165505],[-160.87200300000001,58.878471999165946],[-160.823489,58.829135999165189],[-160.73097100000001,58.92118599916661],[-160.516426,59.011239999168005],[-160.31778,59.07047699916891],[-160.25659200000001,58.994479999167737],[-160.32292200000001,58.953952999167115],[-160.232788,58.901126999166287],[-160.15052800000001,58.866061999165765],[-159.979344,58.83553499916529],[-159.90838600000001,58.779902999164449],[-159.792923,58.823970999165127],[-159.74818299999998,58.875826999165909],[-159.71211399999999,58.929467999166739],[-159.61612,58.931600999166761],[-159.601899,58.88467099916604],[-159.64354900000001,58.845062999165442],[-159.53234699999999,58.833608999165257],[-159.40977900000001,58.77361099916434],[-159.228398,58.603046999161748],[-159.063346,58.423138999159058],[-158.88092699999999,58.390669999158575],[-158.79531600000001,58.40803199915883],[-158.70405199999999,58.482758999159948],[-158.82785200000001,58.626431999162108],[-158.86120700000001,58.695579999163158],[-158.780136,58.753789999164027],[-158.790378,58.804711999164823],[-158.76774799999998,58.864263999165729],[-158.61968400000001,58.911047999166435],[-158.52032700000001,58.857104999165628],[-158.56483299999999,58.802714999164792],[-158.42382800000001,58.769846999164294],[-158.37687299999999,58.74804299916395],[-158.33209299999999,58.665312999162701],[-158.23227600000001,58.61990199916201],[-158.14030700000001,58.615019999161944],[-157.77793700000001,58.70328799916328],[-157.57252399999999,58.750838999163989],[-157.38865099999998,58.805345999164835],[-157.19629214009902,58.849359540827614],[-157.11686599999999,58.867532999165768],[-157.09537227093901,58.866670716260778],[-157.016088,58.863489999165722],[-156.993548,58.836797999165306],[-157.06223,58.740186999163846],[-157.13592699999998,58.680730999162932],[-157.23430063667803,58.616666999161964],[-157.31357199999999,58.565042999161186],[-157.48148699999999,58.480770999159922],[-157.54104100000001,58.377301999158384],[-157.54720900000001,58.277534999156899],[-157.48013,58.217353999156018],[-157.556556,58.148444999154997],[-157.59660099999999,58.088669999154135],[-157.64222599999999,57.868776999150946],[-157.68334899999999,57.753694999149317],[-157.70917900000001,57.657458999147948],[-157.684282,57.609973999147286],[-157.67889099999999,57.563887999146644],[-157.77249599999999,57.547054999146404],[-157.931624,57.47620799914543],[-158.08378500000001,57.357180999143758],[-158.229883,57.321533999143291],[-158.32017999999999,57.281557999142727],[-158.531328,57.132155999140679],[-158.679293,56.988624999138736],[-158.686184,56.911554999137721],[-158.64681200000001,56.846991999136861],[-158.65635499999999,56.810011999136371],[-158.74453399999999,56.795111999136168],[-158.85329400000001,56.792619999136143],[-158.89354798656501,56.809308547513552],[-158.972735,56.842137999136789],[-159.219956,56.739529999135428],[-159.53496100000001,56.62652899913396],[-159.82804899999999,56.54393499913288],[-159.985615,56.449742999131672],[-160.146252,56.400175999131029],[-160.22287799999998,56.34686799913036],[-160.38592199999999,56.279705999129504],[-160.405869,56.207937999128596],[-160.488708,56.077213999126954],[-160.58956899999998,55.98304799912578],[-160.53368499999999,55.959949999125499],[-160.45719399999999,55.917232999124977],[-160.508433,55.869378999124393],[-160.56401399999999,55.863718999124316],[-160.793215,55.885959999124594],[-160.81104099999999,55.947229999125341],[-160.807119,56.02397999912629],[-160.964744,56.023753999126278],[-161.15687,56.012215999126155],[-161.45044200000001,55.954484999125427],[-161.71228300000001,55.904231999124811],[-161.80783299999999,55.891953999124659],[-161.898956,55.833463999123943],[-162.05063000000001,55.790896999123426],[-162.12088599999998,55.749088999122925],[-162.219551,55.710866999122459],[-162.365467,55.604585999121184],[-162.56541099999998,55.466848999119541],[-162.64165,55.392575999118669],[-162.813255,55.299457999117585],[-162.90002699999999,55.252465999117042],[-162.86151999999998,55.198338999116423],[-163.03225599999999,55.172146999116109],[-163.13200699999999,55.179628999116197],[-163.314652,55.126311999115586],[-163.28077099999999,55.03295899911452],[-163.34376800000001,54.974438999113865],[-163.42954800000001,54.954758999113643],[-163.527109,55.040870999114624],[-163.77409299999999,55.05577999911479],[-163.89469500000001,55.039114999114602],[-163.994179,54.983314999113972],[-164.11919599999999,54.969415999113806],[-164.20489700000002,54.931239999113394],[-164.34353399999998,54.894138999112968],[-164.43527999999998,54.9331259991134],[-164.57625999999999,54.895341999112986],[-164.57689599999998,54.824563999112193],[-164.674836,54.702595999110834],[-164.741815,54.645440999110214],[-164.86433299999999,54.620187999109945],[-164.94878899999998,54.579876999109509],[-164.944636,54.532902999108984],[-164.904077,54.499194999108632],[-164.86147499999998,54.431352999107887],[-164.743977,54.394215999107509],[-164.640457,54.391165999107479],[-164.45655399999998,54.419855999107774],[-164.35270400000002,54.465022999108257],[-164.337538,54.524258999108902],[-164.25758500000001,54.572721999109419],[-164.03827000000001,54.624687999109987],[-163.80358999999999,54.636497999110126],[-163.572383,54.623210999109965],[-163.39219800000001,54.65849599911035],[-163.22317899999999,54.676894999110559],[-163.03778800000001,54.646994999110234],[-163.068952,54.712604999110944],[-163.18429499999999,54.774911999111644],[-163.28137899999999,54.776729999111659],[-163.35299699999999,54.810173999112031],[-163.25458800000001,54.838906999112346],[-163.14958000000001,54.885905999112872],[-163.06560200000001,54.926171999113322],[-162.96220499999998,54.993537999114082],[-162.91368399999999,54.950272999113601],[-162.83424500000001,54.926850999113334],[-162.70845299999999,54.958479999113692],[-162.58796699999999,54.972009999113837],[-162.56929099999999,55.004598999114201],[-162.47136399999999,55.05193199911475],[-162.41351,55.036559999114566],[-162.435473,54.929248999113362],[-162.428237,54.895433999112981],[-162.34931499999999,54.836048999112315],[-162.28294399999999,54.841215999112364],[-162.236806,54.881629999112818],[-162.23567500000001,54.962600999113739],[-162.219326,55.028974999114489],[-162.190348,55.066980999114918],[-162.11874,55.102910999115323],[-162.053281,55.074211999114993],[-161.95659499999999,55.112173999115434],[-161.90643399999999,55.100319999115293],[-161.79229699999999,55.05227799911475],[-161.69034600000001,55.078499999115053],[-161.55035699999999,55.065733999114897],[-161.57664299999999,55.103830999115353],[-161.718614,55.154165999115918],[-161.81723199999999,55.176528999116165],[-161.863339,55.266988999117203],[-161.77741399999999,55.32937699911794],[-161.68649500000001,55.408040999118846],[-161.70006899999998,55.514389999120105],[-161.65826200000001,55.560446999120664],[-161.58704699999998,55.620059999121366],[-161.48206399999998,55.633978999121524],[-161.39261299999998,55.62822099912146],[-161.376102,55.569793999120769],[-161.46927099999999,55.49682999911991],[-161.47830299999998,55.44059999911925],[-161.51421099999999,55.385253999118589],[-161.48611399999999,55.359321999118286],[-161.25397699999999,55.355895999118246],[-161.08054899999999,55.408497999118858],[-160.976551,55.472735999119628],[-160.836725,55.47313499911963],[-160.78140099999999,55.451779999119367],[-160.66691700000001,55.459775999119472],[-160.65411699999999,55.512595999120087],[-160.52133499999999,55.474419999119625],[-160.46274499999998,55.506653999120012],[-160.46430100000001,55.533242999120333],[-160.39258699999999,55.602770999121169],[-160.27982700000001,55.641383999121629],[-160.13044500000001,55.681418999122108],[-160.05844300000001,55.721733999122591],[-160.02628199999998,55.792294999123442],[-159.93708900000001,55.803305999123594],[-159.84735899999998,55.802529999123578],[-159.770298,55.852356999124176],[-159.67979199999999,55.838764999124017],[-159.62748199999999,55.803247999123585],[-159.673191,55.750960999122952],[-159.67920100000001,55.655894999121799],[-159.76036500000001,55.615202999121308],[-159.73389900000001,55.569984999120763],[-159.69671299999999,55.573305999120805],[-159.572125,55.627683999121466],[-159.56143832069401,55.640913755779728],[-159.53275400000001,55.676423999122044],[-159.39459499999998,55.714943999122511],[-159.086217,55.83486899912397],[-159.09618699999999,55.914749999124936],[-158.89811599999999,55.951040999125397],[-158.74856,55.959364999125484],[-158.65321399999999,55.958614999125473],[-158.63821100000001,55.994742999125926],[-158.50984,55.979616999125746],[-158.43147099999999,55.994451999125928],[-158.39492200000001,56.064720999126813],[-158.374324,56.134521999127671],[-158.28319099999999,56.173211999128164],[-158.117797,56.230741999128888],[-158.20738699999998,56.294353999129676],[-158.28836899999999,56.316088999129953],[-158.41509500000001,56.336227999130209],[-158.48954599999999,56.341864999130294],[-158.43841399999999,56.427470999131387],[-158.37195299999999,56.467333999131888],[-158.28469899999999,56.481088999132069],[-158.24614399999999,56.466123999131881],[-158.12744000000001,56.460804999131817],[-157.971711,56.476736999132015],[-157.869124,56.456611999131759],[-157.817826,56.514209999132497],[-157.86989699999998,56.56683699913318],[-157.918541,56.643136999134164],[-157.791844,56.670691999134526],[-157.71904799999999,56.653083999134296],[-157.674587,56.609506999133735],[-157.605231,56.621314999133887],[-157.496523,56.616896999133836],[-157.45215999999999,56.643219999134175],[-157.56380200000001,56.703425999134964],[-157.530765,56.753774999135629],[-157.41148799999999,56.778350999135952],[-157.29051099999998,56.804712999136299],[-157.18363600000001,56.769078999135814],[-157.073453,56.838344999136744],[-157.03462400000001,56.884486999137359],[-156.93562900000001,56.920086999137837],[-156.82598200000001,56.897666999137527],[-156.704216,56.987078999138717],[-156.63783999999998,56.99390499913882],[-156.55052000000001,56.984609999138691],[-156.47911099999999,57.068394999139812],[-156.44300999999999,57.11953299914051],[-156.37428730155401,57.159250119865156],[-156.33440400000001,57.182299999141364],[-156.34294299999999,57.248055999142267],[-156.33642700000001,57.336080999143469],[-156.36203899999998,57.40047399914436],[-156.22010499999999,57.445294999144984],[-156.091668,57.4398289991449],[-156.01284099999998,57.451393999145068],[-156.04680400000001,57.525723999146109],[-155.91526099999999,57.535330999146233],[-155.73277899999999,57.549731999146445],[-155.72416699999999,57.633444999147606],[-155.62991199999999,57.656375999147926],[-155.61520300000001,57.688073999148394],[-155.609353,57.777698999149663],[-155.50653299999999,57.760969999149417],[-155.35401100000001,57.715260999148768],[-155.28533899999999,57.758725999149384],[-155.27291700000001,57.823980999150301],[-155.097095,57.865355999150914],[-155.06180599999999,57.904329999151471],[-155.11864800000001,57.953924999152171],[-155.026275,57.999301999152848],[-154.87655899999999,58.02772199915325],[-154.765287,58.003709999152896],[-154.581547,58.019284999153122],[-154.477979,58.052378999153611],[-154.34044900000001,58.090920999154164],[-154.222465,58.132565999154778],[-154.14527699999999,58.210930999155913],[-154.10341199999999,58.280160999156948],[-154.07414499999999,58.352660999158012],[-153.98541599999999,58.390876999158593],[-154.07066,58.440017999159316],[-154.00191799999999,58.492345999160094],[-153.93047300000001,58.497481999160172],[-153.90999399999998,58.561212999161114],[-153.85143199999999,58.611871999161899],[-153.731019,58.608223999161837],[-153.591635,58.640083999162307],[-153.55265,58.687175999163024],[-153.44500199999999,58.709309999163352],[-153.40247199999999,58.742606999163883],[-153.36938900000001,58.821254999165085],[-153.29443623490599,58.855035999165608],[-153.26740699999999,58.867217999165774],[-153.32284300000001,58.907848999166404],[-153.393101,58.951096999167056],[-153.479939,58.995285999167756],[-153.59648899999999,59.000191999167832],[-153.69566399999999,59.073993999168962],[-153.793972,59.071415999168948],[-153.93282399999998,59.062676999168808],[-154.063489,59.072139999168947],[-154.180691,59.123234999169739],[-154.172944,59.172495999170501],[-154.14119199999999,59.216597999171213],[-154.122681,59.287621999172316],[-154.03080699999998,59.327039999172953],[-153.99850599999999,59.38472299917386],[-153.925307,59.405253999174207],[-153.862199,59.424123999174483],[-153.74720099999999,59.429656999174583],[-153.69902500000001,59.463602999175116],[-153.76148000000001,59.543410999176402],[-153.68492499999999,59.552864999176542],[-153.57782800000001,59.555990999176586],[-153.55316299999998,59.597045999177247],[-153.54246599999999,59.630235999177785],[-153.40942200000001,59.636327999177894],[-153.30883699999998,59.625705999177711],[-153.24001799999999,59.632425999177819],[-153.15501899999998,59.65434399917816],[-153.051559,59.691561999178774],[-153.01635299999998,59.751126999179746],[-153.009084,59.830642999181023],[-152.96726699999999,59.881493999181863],[-152.86086699999998,59.875032999181762],[-152.70082199999999,59.92030899918251],[-152.67940199999998,59.968053999183283],[-152.575153,60.048259999184602],[-152.55017699999999,60.113714999185696],[-152.57873000000001,60.169869999186638],[-152.574938,60.206450999187233],[-152.53984299999999,60.241643999187829],[-152.411281,60.287863999188616],[-152.376743,60.345612999189584],[-152.23419899999999,60.393887999190397],[-152.30195000000001,60.414327999190732],[-152.33136500000001,60.473524999191746],[-152.26149699999999,60.53823699919284],[-152.13615999999999,60.57847499919351],[-152.03938099999999,60.660516999194925],[-151.89792,60.721749999195978],[-151.71637899999999,60.710414999195777],[-151.703802,60.732375999196165],[-151.77731,60.81046099919751],[-151.800264,60.853671999198255],[-151.72081499999999,60.904256999199127],[-151.60012599999999,60.9655889992002],[-151.4803,61.010901999200996],[-151.34900400000001,61.010003999200983],[-151.25238400000001,61.039967999201494],[-151.166606,61.046403999201615],[-151.121692,61.083573999202265],[-151.04773599999999,61.160889999203611],[-150.97401191634302,61.194467297903707],[-150.93925100000001,61.210298999204497],[-150.82729499999999,61.228389999204815],[-150.679902,61.265887999205475],[-150.53599700000001,61.269723999205546],[-150.42500000000001,61.245551999205119],[-150.204894,61.259547999205367],[-150.221240669872,61.193170799141789],[-150.22877399999999,61.162580999203669],[-150.265894,61.127364999203046],[-150.06564600000002,61.151078999203442],[-150.00504100000001,61.13855599920322],[-149.83192199999999,61.076196999202132],[-149.71716699999999,61.011302999200986],[-149.748463763199,61.001237676269206],[-149.85369299999999,60.967394999200231],[-149.90013500000001,60.940042999199754],[-149.98537400000001,60.879032999198678],[-150.10927599999999,60.890356999198872],[-150.19412800000001,60.901339999199081],[-150.34170899999998,61.024200999201241],[-150.401859,61.036226999201439],[-150.50192300000001,61.007956999200935],[-150.70581199999998,60.937791999199703],[-150.89550800000001,60.853165999198239],[-151.062558,60.787428999197111],[-151.26131900000001,60.769800999196811],[-151.37051500000001,60.733571999196158],[-151.41027299999999,60.711022999195791],[-151.350154,60.634659999194476],[-151.30312499999999,60.56132599919323],[-151.28181000000001,60.496033999192107],[-151.30608999999998,60.387256999190285],[-151.366874,60.37265499919004],[-151.38195899999999,60.296950999188759],[-151.42170199999998,60.21293099918735],[-151.60688099999999,60.099557999185471],[-151.71800999999999,60.00947299918397],[-151.75769299999999,59.917636999182449],[-151.81361899999999,59.84429699918126],[-151.86946799999998,59.769158999180029],[-151.746815,59.68623399917869],[-151.64306099999999,59.646965999178057],[-151.448669,59.648170999178063],[-151.29689500000001,59.69686099917886],[-151.20545899999999,59.630283999177784],[-151.32780299999999,59.573046999176867],[-151.51633899999999,59.523519999176067],[-151.74291499999998,59.468285999175187],[-151.88651300000001,59.421032999174422],[-151.96313000000001,59.344957999173232],[-151.98410100000001,59.278695999172186],[-151.915684,59.227521999171366],[-151.858124,59.144233999170062],[-151.66236800000001,59.089734999169224],[-151.43339,59.135516999169944],[-151.47062299999999,59.242620999171614],[-151.341601,59.222230999171295],[-151.28777099999999,59.219416999171251],[-151.12624700000001,59.209922999171091],[-151.00119599999999,59.224148999171327],[-150.94221199999998,59.233135999171481],[-150.887821,59.267919999172022],[-150.91281699999999,59.305213999172615],[-150.822768,59.330762999173004],[-150.721799,59.29208699917239],[-150.68087199999999,59.305411999172613],[-150.609488,59.386313999173879],[-150.58118200000001,59.44523299917482],[-150.49890000000002,59.456297999175],[-150.47771699999998,59.42211099917445],[-150.43014399999998,59.34335699917321],[-150.38534099999998,59.341962999173184],[-150.358992,59.399683999174115],[-150.29710799999998,59.424746999174488],[-150.28083799999999,59.466832999175168],[-150.133747,59.556785999176604],[-150.00233700000001,59.630562999177783],[-149.919444,59.691835999178792],[-149.84267199999999,59.701299999178936],[-149.74621999999999,59.637584999177911],[-149.731966,59.706782999179012],[-149.62631099999999,59.734409999179462],[-149.527793,59.706845999179031],[-149.50675799999999,59.770926999180048],[-149.59553099999999,59.797719999180501],[-149.57271399999999,59.852316999181397],[-149.472227,59.90369299918224],[-149.37659300000001,59.835878999181126],[-149.270623,59.872066999181712],[-149.22106700000001,59.938747999182823],[-149.12326200000001,59.968558999183294],[-149.03646699999999,59.942136999182864],[-148.93640600000001,59.953428999183039],[-148.859556,59.924397999182581],[-148.80132499999999,59.952793999183044],[-148.68949599999999,59.944700999182913],[-148.64952958578701,59.923553179282479],[-148.63477699999999,59.915746999182431],[-148.478881,59.935805999182769],[-148.40166600000001,59.977835999183448],[-148.313962,60.033858999184375],[-148.22055399999999,59.976349999183427],[-148.25405999999998,59.932356999182694],[-148.10123899999999,59.952793999183044],[-147.95677499999999,59.959399999183162],[-147.85508400000001,59.871914999181698],[-147.91331600000001,59.837180999181136],[-147.92923999999999,59.783874999180284],[-147.876475,59.763892999179944],[-147.76512199999999,59.795953999180476],[-147.64604500000002,59.817827999180821],[-147.508309,59.841956999181221],[-147.39184599999999,59.877759999181819],[-147.470281,59.906731999182284],[-147.45221699999999,59.954010999183048],[-147.33979399999998,59.962101999183211],[-147.376397,60.016191999184088],[-147.25779499999999,60.107882999185591],[-147.145205,60.171320999186662],[-146.99335300000001,60.240079999187806],[-146.91648699999999,60.290972999188661],[-146.69403399999999,60.279607999188464],[-146.65085199999999,60.242981999187855],[-146.60769199999999,60.241181999187823],[-146.490804,60.29493899918873],[-146.39325600000001,60.327475999189268],[-146.23268100000001,60.338850999189468],[-146.19722899999999,60.348293999189629],[-146.088134,60.364986999189895],[-145.98854599999999,60.387426999190282],[-145.83120199999999,60.350292999189655],[-145.63920400000001,60.301970999188839],[-145.51080999999999,60.318295999189118],[-145.380064,60.352828999189697],[-145.254749,60.311447999188999],[-145.13672800000001,60.296218999188753],[-145.08913899999999,60.32001399918915],[-144.95784800000001,60.288151999188599],[-144.929327,60.228252999187603],[-144.654899,60.204881999187215],[-144.555093,60.178484999186779],[-144.429249,60.148019999186253],[-144.34891299999998,60.091183999185333],[-144.186745,60.116966999185742],[-144.1103,60.098938999185449],[-144.052539,60.041758999184509],[-144.00587899999999,60.012980999184038],[-143.897029,59.985937999183591],[-143.893326,59.986721605077186],[-143.78164899999999,60.010353999183977],[-143.62415199999998,60.037256999184429],[-143.26781800000001,60.058654999184775],[-143.06870000000001,60.068602999184954],[-142.90885900000001,60.09032799918532],[-142.744868,60.094129999185377],[-142.42657199999999,60.071065999184981],[-142.062454,60.023780999184211],[-141.912218,60.009778999183979],[-141.73624000000001,59.96190499918319],[-141.59537599999999,59.96190499918319],[-141.485207,59.925023999182592],[-141.39281099999999,59.870027999181694],[-141.156497,59.813581999180762],[-140.92263500000001,59.751686999179761],[-140.79251099999999,59.72857299917937],[-140.4119,59.699648999178905],[-140.24257699999998,59.687887999178713],[-140.17622399999999,59.735964999179494],[-140.080423,59.756298999179819],[-139.87122199999999,59.802610999180587],[-139.776836,59.8338349991811],[-139.60854499999999,59.821960999180902],[-139.58877699999999,59.708967999179052],[-139.58578900000001,59.642764999177984],[-139.74266,59.623870999177669],[-139.86130600000001,59.54667799917646],[-139.63289599999999,59.459905999175056],[-139.42016799999999,59.379759999173778],[-139.27103099999999,59.337420999173119],[-139.07148000000001,59.287149999172307],[-138.919749,59.248530999171706],[-138.807186,59.20877199917107],[-138.63670200000001,59.130584999169855],[-138.35790900000001,59.069393999168895],[-138.224323,59.032215999168322],[-138.06633199999999,58.957125999167168],[-137.95199500000001,58.886028999166072],[-137.92460800000001,58.843927999165437],[-137.93615989517801,58.810650222615408],[-137.94182799999999,58.794321999164666],[-137.83644799999999,58.741562999163854],[-137.68163300000001,58.656451999162556],[-137.65370899999999,58.608323999161826],[-137.56821600000001,58.587988999161539],[-137.35532799999999,58.492373999160087],[-137.23936599999999,58.453158999159506],[-137.07810899999998,58.39747399915867],[-136.98638399999999,58.404042999158769],[-136.91171299999999,58.37025199915827],[-136.85760500000001,58.316359999157463],[-136.71709300000001,58.273507999156848],[-136.70125000000002,58.219415999156041],[-136.59192400000001,58.217885999156024],[-136.56795599999998,58.245152999156424],[-136.57679899999999,58.2779509991569],[-136.54477600000001,58.316664999157503],[-136.437152,58.302416999157266],[-136.265906,58.314498999157443],[-136.11193,58.342529999157854],[-136.04181800000001,58.38016099915842],[-135.91791699999999,58.381236999158453],[-135.72805399999999,58.397066999158675],[-135.64986099999999,58.324516999157595],[-135.54421300000001,58.330227999157671],[-135.44996617285503,58.339068181814703],[-135.40805900000001,58.342998999157864],[-135.30650700000001,58.242915999156381],[-135.22773599999999,58.236899999156321],[-135.087872,58.200072999155765],[-135.10121000000001,58.29260699915713],[-135.04906199999999,58.309294999157366],[-135.06843699999999,58.37415699915833],[-135.10441299999999,58.449262999159458],[-135.06176907711401,58.451353242782879],[-134.93689699999999,58.457473999159568],[-134.750586,58.391532999158592],[-134.631203,58.247445999156447],[-134.46463499999999,58.22738799915615],[-134.37557900000002,58.208704999155891],[-134.23457200000001,58.197233999155728],[-134.14668499999999,58.199083999155746],[-134.07815499999998,58.152045999155057],[-134.04960299999999,58.062026999153758],[-133.84877599999999,57.935439999151903],[-133.70309700000001,57.792151999149866],[-133.70302536028299,57.792036260745157],[-133.65452999999999,57.713688999148737],[-133.67644899999999,57.625191999147496],[-133.62075999999999,57.578918999146843],[-133.519598,57.530704999146174],[-133.51496399999999,57.473344999145368],[-133.472039,57.368650999143924],[-133.48973799999999,57.305191999143034],[-133.54481699999999,57.242569999142191],[-133.46693199999999,57.159355999141056],[-133.32235900000001,57.112726999140413],[-133.24741399999999,57.136801999140737],[-133.16144800000001,57.086263999140066],[-132.93752000000001,57.048320999139555],[-132.89238799999998,56.993015999138805],[-132.792089,56.856151999136983],[-132.556758,56.757241999135658],[-132.54582226332002,56.713621235014692],[-132.54288500000001,56.701904999134946],[-132.52903699999999,56.6379699991341],[-132.45078999999998,56.564097999133139],[-132.528637,56.52926899913269],[-132.627544,56.46286999913184],[-132.79187200000001,56.449168999131665],[-132.896342,56.457977999131771],[-132.97716299999999,56.439672999131538],[-133.060361,56.358377999130489],[-133.06960000000001,56.346322999130336],[-133.07005599999999,56.330950999130145],[-133.02971199999999,56.315699999129961],[-132.961082,56.29616699912971],[-132.926759,56.266187999129329],[-132.87758199999999,56.240321999129009],[-132.843716,56.23893299912897],[-132.71834200000001,56.217703999128716],[-132.708697,56.112123999127391],[-132.594235,56.021857999126262],[-132.492795,56.06643599912681],[-132.44983400000001,55.956185999125445],[-132.39730399999999,55.878866999124519],[-132.32324199999999,55.851877999124177],[-132.27996200000001,55.924838999125072],[-132.170198,55.919230999124999],[-132.06741199999999,55.875077999124457],[-132.130413,55.811418999123681],[-132.26507100000001,55.762173999123078],[-132.22416699999999,55.701765999122365],[-132.199681399057,55.633833999121535],[-132.18320699999998,55.588127999120978],[-132.114654,55.550622999120527],[-131.97179199999999,55.498278999119925],[-131.844157,55.456741999119423],[-131.854297,55.421073999119017],[-131.86216200000001,55.289283999117451],[-131.828395,55.198481999116417],[-131.748334,55.128587999115616],[-131.68413198565,55.119093613191119],[-131.60530199999999,55.107435999115381],[-131.58938699999999,55.088939999115162],[-131.646276,55.035578999114556],[-131.605661,55.004402999114205],[-131.61188974327203,54.982270633997061],[-131.621948,54.946530999113563],[-131.59456699999998,54.931129999113374],[-131.49150399999999,54.930391999113368],[-131.43347299999999,54.896534999112994],[-131.32762400000001,54.859121999112581],[-131.253671,54.866778999112654],[-131.19519700000001,54.919766999113257],[-131.24598800000001,54.940490999113472],[-131.24601799999999,54.989554999114041],[-131.190033,55.043172999114638],[-131.190628,55.108012999115381],[-131.160492,55.197480999116408],[-131.093806,55.191334999116329],[-131.08749699999998,55.163035999116012],[-131.05229800000001,55.118159999115498],[-131.013215,55.090068999115175],[-130.99705699999998,55.044255999114654],[-131.01206099999999,54.996237999114108],[-130.97503,54.974852999113864],[-130.96039999999999,54.933684999113403],[-130.947338,54.886732999112887],[-130.93245400000001,54.806937999111994],[-130.86686599999999,54.769067999111584],[-130.844145,54.765800999111534],[-130.79212200000001,54.784783999111724],[-130.73742300000001,54.753544999111384],[-130.68619200000001,54.71690999911101],[-130.62807000000001,54.739340999111242],[-130.63674499999999,54.778455999111678],[-130.52922799999999,54.810899999112038],[-130.33950400000001,54.921375999113273],[-130.22151199999999,55.025989999114458],[-130.16929400000001,55.105423999115352],[-130.104749,55.188974999116311],[-130.001735,55.264556999117175],[-129.982348,55.302078999117612],[-130.02355800000001,55.338258999118047],[-130.039928,55.429421999119107],[-130.08541299999999,55.491516999119838],[-130.12013200000001,55.563918999120695],[-130.11167699999999,55.682050999122112],[-130.15006099999999,55.727098999122653],[-130.13822233958902,55.763027564929395],[-130.12371999999999,55.807039999123631],[-130.08450999999999,55.823996999123835],[-130.01319799999999,55.916381999124965],[-130.00425999999999,55.993378999125916],[-130.10276099999999,56.116695999127451],[-130.24554000000001,56.096875999127199],[-130.24657728417401,56.097195987601907],[-130.343716,56.127161999127566],[-130.42557500000001,56.140675999127751],[-130.46687399999999,56.239788999128976],[-130.62248199999999,56.267938999129349],[-130.74061900000001,56.342952999130297],[-130.81070700000001,56.371062999130665],[-131.08570399999999,56.406539999131105],[-131.086794696282,56.407094772354725],[-131.167925,56.448360999131651],[-131.461806,56.54790399913292],[-131.581221,56.613274999133779],[-131.83513299999998,56.601848999133637],[-131.90176,56.753157999135617],[-131.871725,56.804964999136288],[-132.125934,56.874697999137219],[-132.118917923363,56.891229389646334],[-132.05104399999999,57.051154999139591],[-132.37131199999999,57.095228999140176],[-132.25218699999999,57.215654999141812],[-132.36798400000001,57.348684999143643],[-132.559178,57.503926999145811],[-132.655278650447,57.601744609630657],[-132.75681299999999,57.705092999148626],[-132.86931799999999,57.842940999150592],[-133.07642099999998,57.999761999152831],[-133.176444,58.150150999155024],[-133.17697964215802,58.150537691543938],[-133.34372500000001,58.270914999156801],[-133.46147500000001,58.38552599915851],[-133.379908,58.427908999159143],[-133.69983500000001,58.607289999161821],[-133.84039200000001,58.727990999163644],[-134.25052600000001,58.85804599916564],[-134.32896399999998,58.919592999166582],[-134.32799227791799,58.962972176980848],[-134.32798199999999,58.963430999167265],[-134.40104199999999,58.97622099916746],[-134.37977100000001,59.034960999168362],[-134.48124100000001,59.128070999169815],[-134.566689,59.128277999169818],[-134.66406999999998,59.181171999170651],[-134.702383,59.247835999171691],[-134.961972,59.280375999172215],[-135.029245,59.345363999173244],[-135.02912046661501,59.345596860786848],[-135.01003299999999,59.381287999173793],[-135.06735599999999,59.421854999174457],[-135.02632800000001,59.474657999175292],[-135.027456,59.563691999176719],[-135.114588,59.623414999177669],[-135.21434399999998,59.664342999178338],[-135.23114799999999,59.697175999178889],[-135.47743600000001,59.799625999180527],[-135.71731684218699,59.730076945753815],[-135.94590499999998,59.663801999178332],[-136.19035199999999,59.63985399917793],[-136.35062199999999,59.599325999177296],[-136.23733999999999,59.558733999176624],[-136.234229,59.524730999176086],[-136.35814099999999,59.449798999174895],[-136.47432599999999,59.464193999175123],[-136.466815,59.284251999172263],[-136.48965218999399,59.260491613790983],[-136.58152100000001,59.164908999170386],[-136.82663300000002,59.158388999170292],[-136.86389600000001,59.138471999169987],[-137.26475199999999,59.002351999167857],[-137.447383,58.909512999166424],[-137.52642399999999,58.906833999166388],[-137.52567710531301,58.908974493306523],[-137.498558,58.98669399916762],[-137.604277,59.243056999171635],[-138.58481899999998,59.752452999179759],[-138.64342199999999,59.792501999180423],[-138.70205300000001,59.910244999182346],[-139.046426,59.998234999183794],[-139.200346,60.090700999185323],[-139.082246,60.323824999189199],[-139.086669,60.357653999189772],[-139.69836100000001,60.340420999189476],[-139.98914200000002,60.185239999186898],[-140.47229199999998,60.310589999188977],[-140.53509,60.224223999187551],[-141.00184000000002,60.306104999188911],[-141.00184966564402,60.391688011086657],[-141.00202046967502,61.904047027059804],[-141.002464926138,65.839421000095214],[-141.002465,65.840074999296306],[-141.00260959621801,68.498364003948566],[-141.00267199999999,69.645608999385587],[-141.21045599999999,69.684189999386561],[-141.43083999999999,69.695143999386829],[-141.713369,69.789496999389186],[-142.01564099999999,69.837975999390395],[-142.23987299999999,69.896597999391872],[-142.40436599999998,69.916510999392372],[-142.45292699999999,69.958124999393419],[-142.74680699999999,70.042530999395538],[-142.99978999999999,70.088304999396712],[-143.28187800000001,70.151051999398305],[-143.42519899999999,70.124927999397627],[-143.51730000000001,70.138417999397973],[-143.914244,70.115695999397403],[-144.27490399999999,70.048710999395709],[-144.455421,70.035243999395348],[-144.67230499999999,69.96687599939365],[-144.79261400000001,69.979795999393971],[-144.90230400000002,69.96450999939357],[-145.175073,69.991706999394268],[-145.43483000000001,70.036993999395406],[-145.62330600000001,70.084374999396616],[-145.85829699999999,70.16599599939866],[-146.00641100000001,70.140401999398023],[-146.12957900000001,70.158947999398492],[-146.50813299999999,70.186043999399175],[-146.88577100000001,70.185916999399197],[-146.99110899999999,70.147609999398213],[-147.16160099999999,70.155611999398403],[-147.233327,70.207552999399709],[-147.431532,70.188825999399242],[-147.76510400000001,70.219805999400037],[-147.863719,70.29331699940191],[-147.9615,70.314200999402431],[-148.20347699999999,70.348187999403294],[-148.351437,70.304452999402187],[-148.46615,70.313608999402405],[-148.47704400000001,70.359067999403564],[-148.66701699999999,70.430083999405383],[-148.928979,70.426834999405315],[-149.179148,70.485699999406819],[-149.46175499999998,70.518270999407633],[-149.74018799999999,70.49815099940713],[-149.86669799999999,70.510768999407446],[-150.07446099999999,70.439332999405622],[-150.30151599999999,70.418391999405088],[-150.41435799999999,70.459693999406156],[-150.55741499999999,70.481642999406688],[-150.786327,70.463270999406234],[-150.90376499999999,70.460909999406184],[-151.02044100000001,70.433840999405476],[-151.17518699999999,70.375557999404009],[-151.29759799999999,70.400747999404629],[-151.50441699999999,70.431102999405411],[-151.73986199999999,70.436206999405542],[-151.73428699999999,70.50349199940726],[-151.69725800000001,70.547740999408404],[-151.975785,70.5632149994088],[-152.07866300000001,70.584503999409321],[-152.29669000000001,70.602286999409785],[-152.43378100000001,70.616925999410157],[-152.47334799999999,70.683668999411879],[-152.35219599999999,70.697801999412249],[-152.34841699999998,70.744381999413449],[-152.19245999999998,70.795293999414753],[-152.22305299999999,70.824593999415512],[-152.42353399999999,70.858707999416396],[-152.69686799999999,70.882085999417001],[-152.90424300000001,70.883876999417041],[-153.049207,70.91310199941779],[-153.23847999999998,70.922466999418035],[-153.426265,70.89013099941721],[-153.66636299999999,70.883447999417029],[-153.89048,70.885718999417108],[-154.127487,70.778132999414311],[-154.29031699999999,70.821494999415449],[-154.430229,70.831257999415669],[-154.57245799999998,70.825939999415553],[-154.60831400000001,70.942404999418557],[-154.581129,71.00732099942023],[-154.94286399999999,71.12626399942333],[-155.06076400000001,71.145421999423831],[-155.26260199999999,71.079148999422102],[-155.36416,70.994194999419904],[-155.513293,70.94057899941852],[-155.48591500000001,70.885904999417107],[-155.54303099999998,70.847174999416097],[-155.731842,70.831159999415689],[-155.92495500000001,70.852719999416223],[-155.979264,70.918523999417943],[-155.95204999999999,70.964830999419149],[-155.762068,70.985643999419679],[-155.70548700000001,71.02015299942056],[-155.53334699999999,71.067682999421805],[-155.520737,71.102475999422708],[-155.58770200000001,71.172559999424536],[-155.895105,71.193898999425102],[-156.04461499999999,71.184700999424834],[-156.074411,71.242488999426342],[-156.30990800000001,71.259880999426827],[-156.53112400000001,71.296337999427763],[-156.56864999999999,71.352560999429244],[-156.809653,71.286885999427525],[-156.90616499999999,71.239615999426292],[-157.17607699999999,71.095548999422519],[-157.42100099999999,70.976804999419443],[-157.768452,70.875841999416821],[-158.032397,70.832262999415718],[-158.36630199999999,70.819711999415389],[-158.573913,70.794949999414754],[-158.85342,70.792351999414691],[-159.11497199999999,70.817401999415324],[-159.17180999999999,70.875102999416811],[-159.648383,70.794367999414732],[-159.86917199999999,70.706396999412462],[-160.21482800000001,70.559086999408692],[-160.81279000000001,70.376695999404021],[-161.288197,70.296771999401969],[-161.58191099999999,70.30287699940213],[-161.879266,70.329268999402814],[-162.302314,70.204226999399637],[-162.50357199999999,70.100392999397002],[-162.78807999999998,69.929096999392698],[-162.98908399999999,69.825249999390095],[-163.07190299999999,69.737604999387898],[-163.15126100000001,69.612629999384765],[-163.15135100000001,69.430261999380221],[-163.24465599999999,69.306080999377144],[-163.57403399999998,69.124076999372662],[-163.926999,69.000801999369656],[-164.25315699999999,68.930937999367941],[-164.52688699999999,68.917908999367626],[-164.96754199999998,68.883029999366769],[-165.522358,68.855838999366114],[-165.923734,68.868431999366436],[-166.224187,68.873174999366555],[-166.193421,68.726648999362979],[-166.229761,68.613770999360256],[-166.28312,68.521246999358013],[-166.32845900000001,68.442260999356122],[-166.591802,68.405550999355242],[-166.83896899999999,68.337185999353594],[-166.60088999999999,68.333636999353502],[-166.31313799999998,68.289163999352439],[-166.08945299999999,68.221298999350822],[-165.97496999999998,68.140909999348906],[-165.87208799999999,68.110046999348157],[-165.68813699999998,68.09039599934772],[-165.39652029650301,68.034730518044583],[-165.35005000000001,68.025859999346181],[-165.09422799999999,67.931962999343952],[-164.53393699999998,67.725605999339095],[-164.25663399999999,67.651650999337363],[-164.051288,67.56635099933537],[-163.878781,67.416124999331885],[-163.74081999999999,67.209959999327111],[-163.702045,67.109374999324771],[-163.591216,67.092372999324397],[-163.29926599999999,67.060747999323681],[-163.01167599999999,67.029537999322969],[-162.84297900000001,66.991176999322079],[-162.63547,66.998433999322259],[-162.46844099999998,66.980603999321843],[-162.466702,66.950997999321146],[-162.58285599999999,66.904291999320094],[-162.62669599999998,66.859571999319087],[-162.50141500000001,66.742502999316415],[-162.349774,66.726712999316064],[-162.175398,66.687788999315174],[-162.10564099999999,66.622583999313719],[-161.87487999999999,66.511445999311192],[-161.86368999999999,66.45948699931003],[-161.91630900000001,66.349480999307588],[-161.69440399999999,66.39617399930863],[-161.575413,66.396805999308626],[-161.322126,66.36855399930802],[-161.08916099999999,66.315139999306822],[-160.993965,66.234443999305014],[-161.198971,66.210948999304492],[-161.32077799999999,66.223590999304776],[-161.34118899999999,66.255099999305472],[-161.48453899999998,66.26242599930562],[-161.548429,66.23991199930515],[-161.61394300000001,66.176692999303739],[-161.77553699999999,66.073731999301444],[-161.83801800000001,66.022581999300328],[-162.13742400000001,66.078546999301551],[-162.33128399999998,66.031402999300525],[-162.42372599999999,66.048983999300887],[-162.62228400000001,66.039525999300693],[-162.75070499999998,66.090159999301818],[-162.99747300000001,66.076844999301514],[-163.146726,66.059486999301143],[-163.372072,66.085028999301699],[-163.495845,66.085387999301702],[-163.69539399999999,66.059551999301121],[-163.80358000000001,66.100058999302036],[-163.916551,66.190493999304039],[-163.925152,66.225077999304801],[-163.843108,66.259868999305567],[-163.849163,66.307638999306647],[-163.87310600000001,66.389014999308472],[-163.798687,66.436874999309524],[-163.728308,66.498551999310919],[-163.60395599999998,66.558088999312247],[-163.82416599999999,66.591679999313001],[-164.39594359152201,66.581197638227863],[-164.400724,66.581109999312758],[-164.816093,66.525024999311512],[-165.40720399999998,66.420440999309179],[-166.038082,66.269511999305792],[-166.76894399999998,66.06858199930133],[-167.28275300000001,65.897385999297555],[-167.65005099999999,65.795702999295344],[-167.97988900000001,65.727971999293857],[-168.12893,65.655743999292284]]],[[[-169.28652,52.78474699909178],[-169.261765,52.754896999091521],[-169.17037099999999,52.776662999091705],[-169.00503800000001,52.829991999092179],[-168.85101700000001,52.9080399990929],[-168.75553099999999,52.907506999092888],[-168.688468,52.966399999093412],[-168.61396400000001,53.008775999093807],[-168.45710300000002,53.055838999094242],[-168.412522,53.110682999094735],[-168.343075,53.170552999095293],[-168.29622899999998,53.22723499909582],[-168.09201100000001,53.288269999096386],[-167.95909599999999,53.341787999096908],[-167.84232800000001,53.386488999097331],[-167.85683699999998,53.428608999097726],[-167.80811699999998,53.473860999098157],[-167.789164,53.519328999098605],[-167.914669,53.522715999098644],[-168.027006,53.562754999099035],[-168.23832099999998,53.521901999098624],[-168.342127,53.475991999098191],[-168.395355,53.397775999097433],[-168.42052100000001,53.322742999096718],[-168.44508300000001,53.265329999096195],[-168.58189099999998,53.286520999096382],[-168.76333099999999,53.182811999095414],[-168.804901,53.120014999094828],[-168.785236,53.045037999094134],[-168.86106100000001,53.016383999093875],[-168.95945999999998,52.936738999093158],[-169.044466,52.893926999092756],[-169.28652,52.78474699909178]]],[[[-169.81831,56.633611999134047],[-169.68582499999999,56.539716999132814],[-169.58262400000001,56.536938999132786],[-169.45378599999998,56.583785999133397],[-169.474322,56.625182999133933],[-169.61369100000002,56.622760999133902],[-169.81831,56.633611999134047]]],[[[-170.170683,52.784917999091782],[-170.207887,52.708898999091112],[-170.07773399999999,52.720415999091216],[-169.95149800000002,52.78861499909182],[-169.81854799999999,52.791576999091859],[-169.70387299999999,52.777116999091724],[-169.66651200000001,52.864348999092492],[-169.662385,52.95175199909329],[-169.68003299999998,53.035074999094043],[-169.747457,53.093199999094587],[-169.820198,53.066789999094333],[-169.76274000000001,52.978049999093521],[-169.85756700000002,52.908532999092898],[-170.026342,52.944911999093222],[-170.092221,52.919386999092993],[-170.170683,52.784917999091782]]],[[[-170.42004700000001,57.212916999141775],[-170.42186699999999,57.161201999141078],[-170.28631799999999,57.128168999140634],[-170.13388399999999,57.18132899914135],[-170.14399600000002,57.242803999142197],[-170.30309099999999,57.238028999142124],[-170.42004700000001,57.212916999141775]]],[[[-170.81794300000001,52.636274999090475],[-170.84193599999998,52.558170999089803],[-170.78849500000001,52.540239999089628],[-170.685914,52.58122799908999],[-170.58496,52.587185999090046],[-170.53214400000002,52.679970999090848],[-170.67154499999998,52.698081999091016],[-170.81794300000001,52.636274999090475]]],[[[-171.312658,52.493501999089254],[-171.30417,52.44995199908886],[-171.22672899999998,52.434268999088737],[-171.19601299999999,52.5001059990893],[-171.25676799999999,52.528579999089537],[-171.312658,52.493501999089254]]],[[[-171.83682999999999,63.564882999248752],[-171.84998400000001,63.485038999247159],[-171.76011199999999,63.381632999245106],[-171.667115,63.35616599924461],[-171.52808399999998,63.324932999243998],[-171.43331899999998,63.307577999243662],[-171.28541100000001,63.366463999244822],[-171.226326,63.39510799924539],[-171.06766299999998,63.424578999245966],[-170.89616699999999,63.417744999245841],[-170.66353599999999,63.376108999245012],[-170.430656,63.314283999243791],[-170.30363,63.238691999242306],[-170.26303200000001,63.179146999241141],[-170.186485,63.181617999241197],[-170.049622,63.163376999240839],[-169.88123000000002,63.105847999239707],[-169.788466,63.04301499923848],[-169.757249,62.960086999236871],[-169.63830899999999,62.937526999236447],[-169.568016,62.976878999237215],[-169.576965,63.027024999238172],[-169.53498400000001,63.074354999239098],[-169.43674799999999,63.113578999239856],[-169.23052300000001,63.172947999241032],[-169.07503,63.177688999241106],[-168.93914999999998,63.137652999240338],[-168.84165400000001,63.153843999240657],[-168.75153699999998,63.217961999241901],[-168.68514499999998,63.296426999243437],[-168.93738500000001,63.33378899924417],[-169.08791400000001,63.340936999244306],[-169.46273300000001,63.360457999244687],[-169.56656199999998,63.388724999245262],[-169.656474,63.429928999246066],[-169.857078,63.441974999246305],[-170.00794300000001,63.475427999246968],[-170.04896300000001,63.537957999248199],[-170.095833,63.612700999249697],[-170.176413,63.62548899924996],[-170.26747999999998,63.675815999250972],[-170.344855,63.694224999251318],[-170.488192,63.696722999251385],[-170.60628199999999,63.672731999250885],[-170.85903200000001,63.587502999249196],[-170.950817,63.570126999248849],[-171.30933299999998,63.621084999249845],[-171.55285599999999,63.666250999250757],[-171.58305000000001,63.715556999251746],[-171.61318199999999,63.78506499925313],[-171.74339800000001,63.782970999253109],[-171.80282399999999,63.716390999251765],[-171.79188099999999,63.620624999249863],[-171.83682999999999,63.564882999248752]]],[[[-172.61227400000001,52.306827999087659],[-172.63999200000001,52.244764999087153],[-172.52809500000001,52.254335999087218],[-172.41441900000001,52.276739999087411],[-172.301445,52.329950999087856],[-172.32644399999998,52.366471999088162],[-172.448182,52.391438999088372],[-172.54511600000001,52.357862999088084],[-172.61227400000001,52.306827999087659]]],[[[-173.07464199999998,60.704656999195684],[-173.11556899999999,60.658970999194892],[-173.06380000000001,60.502588999192227],[-172.89599799999999,60.450586999191344],[-172.63027199999999,60.334921999189397],[-172.41653400000001,60.314346999189048],[-172.25426299999998,60.297374999188762],[-172.23886199999998,60.336641999189418],[-172.38094599999999,60.382763999190203],[-172.54591199999999,60.412224999190691],[-172.84734399999999,60.516741999192476],[-172.91263599999999,60.604128999193961],[-173.07464199999998,60.704656999195684]]],[[[-175.30155600000001,52.055601999085617],[-175.32332199999999,52.007487999085193],[-175.15567299999998,52.011511999085243],[-175.01480699999999,52.00699999908521],[-174.89230599999999,52.019686999085302],[-174.736592,52.007307999085199],[-174.55627799999999,52.036732999085437],[-174.408693,52.012810999085254],[-174.38266099999998,52.081657999085806],[-174.278279,52.089488999085866],[-174.09983599999998,52.072077999085721],[-173.90107499999999,52.049434999085541],[-173.82069200000001,52.043311999085496],[-173.69531599999999,52.0553189990856],[-173.513047,52.025309999085358],[-173.39397,52.02867399908537],[-173.169557,52.043849999085502],[-172.980222,52.064048999085671],[-172.947811,52.107370999086015],[-173.17440299999998,52.126277999086177],[-173.37522899999999,52.108227999086019],[-173.529923,52.159363999086438],[-173.654404,52.146191999086341],[-173.89996600000001,52.139948999086279],[-174.022638,52.133712999086235],[-174.04699399999998,52.236261999087063],[-173.98520300000001,52.317599999087761],[-174.06824799999998,52.39033099908837],[-174.18534699999998,52.417787999088596],[-174.32981799999999,52.373547999088224],[-174.45597900000001,52.313689999087728],[-174.462962,52.213030999086889],[-174.55466999999999,52.160404999086445],[-174.715205,52.127374999086186],[-174.88724200000001,52.128601999086186],[-175.03121299999998,52.092108999085902],[-175.30155600000001,52.055601999085617]]],[[[-176.95012800000001,51.686718999082693],[-176.98738299999999,51.606871999082081],[-176.938917,51.590981999081976],[-176.809,51.61623499908216],[-176.71542399999998,51.620421999082197],[-176.65600499999999,51.658305999082486],[-176.543948,51.698718999082786],[-176.46705,51.726667999083006],[-176.28992099999999,51.741677999083123],[-176.158185,51.768900999083336],[-175.99846400000001,51.801541999083582],[-175.96304099999998,51.846252999083944],[-175.789118,51.919322999084521],[-175.63973899999999,51.933644999084621],[-175.424859,51.972331999084922],[-175.45047,52.012741999085257],[-175.66427399999998,51.993861999085098],[-175.80784799999998,51.989664999085072],[-175.88751400000001,51.995141999085114],[-176.007589,52.066227999085683],[-176.055983,52.109468999086026],[-176.14950999999999,52.117569999086108],[-176.21118799999999,52.064705999085675],[-176.18302299999999,51.998903999085137],[-176.168643,51.94802499908473],[-176.17387099999999,51.882448999084225],[-176.31157300000001,51.872462999084128],[-176.43167299999999,51.861168999084057],[-176.576381,51.842274999083898],[-176.55466100000001,51.909833999084427],[-176.54911899999999,51.955560999084796],[-176.57997499999999,52.003237999085187],[-176.69877099999999,51.96445399908486],[-176.774023,51.965894999084874],[-176.81043299999999,51.927088999084567],[-176.76247799999999,51.867877999084108],[-176.78188899999998,51.832372999083823],[-176.91708799999998,51.797015999083548],[-176.95012800000001,51.686718999082693]]],[[[-177.670119,51.743380999083122],[-177.70780200000002,51.703267999082811],[-177.651386,51.653603999082442],[-177.483959,51.682277999082665],[-177.34800999999999,51.696512999082771],[-177.27512100000001,51.680509999082652],[-177.18993999999998,51.697216999082769],[-177.105188,51.719332999082951],[-177.09866099999999,51.829646999083785],[-177.04509000000002,51.898604999084327],[-177.099266,51.936118999084648],[-177.18127099999998,51.943166999084696],[-177.19953900000002,51.910238999084442],[-177.22817700000002,51.803782999083602],[-177.31314900000001,51.778222999083397],[-177.49212399999999,51.770305999083341],[-177.670119,51.743380999083122]]],[[[-178.19709,51.905463999084382],[-178.224129,51.864880999084079],[-178.086074,51.808046999083629],[-177.995272,51.781534999083419],[-177.98163,51.715616999082911],[-178.05479800000001,51.704767999082833],[-178.117864,51.677830999082623],[-178.04566,51.630061999082265],[-177.90918499999998,51.596670999082015],[-177.86795999999998,51.679373999082642],[-177.82752399999998,51.712085999082895],[-177.755022,51.772833999083346],[-177.64927799999998,51.801850999083591],[-177.61531099999999,51.855079999084012],[-177.757429,51.847041999083935],[-177.88742300000001,51.850889999083961],[-177.95209399999999,51.915347999084474],[-178.090632,51.919398999084507],[-178.19709,51.905463999084382]]],[[[-178.88934699999999,51.570351999081815],[-178.82595599999999,51.547084999081626],[-178.73458499999998,51.542325999081598],[-178.584789,51.563859999081764],[-178.55147499999998,51.610174999082119],[-178.67814899999999,51.626009999082235],[-178.88934699999999,51.570351999081815]]],[[[-178.87684300000001,51.837916999083859],[-178.89595800000001,51.779218999083419],[-178.79240899999999,51.746070999083166],[-178.73335500000002,51.78394699908344],[-178.77965699999999,51.851546999083972],[-178.87684300000001,51.837916999083859]]],[[[-179.17426499999999,51.279056999079664],[-179.12685599999998,51.219861999079242],[-179.07231999999999,51.250962999079462],[-178.908883,51.340581999080108],[-178.926874,51.383639999080422],[-178.99559099999999,51.414483999080652],[-179.17426499999999,51.279056999079664]]]]},"properties":{"FID":0,"AFFGEOID":"0100000US","GEOID":"US","NAME":"United States"}}]
}