{
"type": "FeatureCollection",
"name": "province_boundaries",
"crs": { "type": "name", "properties": { "name": "urn:ogc:def:crs:OGC:1.3:CRS84" } },
"features": [
{ "type": "Feature", "properties": { "region_name": "Newfoundland and Labrador / Terre-Neuve-et-Labrador", "region_uid": "10" }, "geometry": { "type": "Polygon", "coordinates": [ [ [ -64.1848695670636, 60.374676014368184 ], [ -64.13862784066275, 60.172169799750833 ], [ -64.072521467282314, 60.059356432781804 ], [ -63.999979631591756, 60.000005808655281 ], [ -63.859280956674525, 59.965686638202534 ], [ -63.768783272223672, 59.922439095337168 ], [ -63.277461347524309, 59.466693607438586 ], [ -62.830330866397944, 58.996963013720091 ], [ -62.543083569125649, 58.752166400629335 ], [ -62.215657488405824, 58.42972094854828 ], [ -62.14511908342179, 58.343047459493206 ], [ -62.092303868757824, 58.245643094957316 ], [ -62.013929117350152, 58.000013713247888 ], [ -61.499999999284071, 57.999999988105749 ], [ -61.183510151364196, 57.554873257814506 ], [ -60.849217844317735, 57.029467398272757 ], [ -60.478280581525162, 56.38025721450142 ], [ -60.329201935497132, 56.000777012322949 ], [ -60.000387322394801, 55.834085745480678 ], [ -59.582601181817111, 55.750061310262907 ], [ -59.500000010749474, 55.749999999442231 ], [ -59.499999998957044, 55.730185712796562 ], [ -59.128889801256754, 55.639876787105749 ], [ -58.675009050837694, 55.505076319898421 ], [ -58.465117165159853, 55.403654049182656 ], [ -58.009490529889121, 55.159504672167927 ], [ -57.065539769926644, 54.853434393752735 ], [ -56.961373910573045, 54.810718316467955 ], [ -56.891917687624307, 54.767107296857859 ], [ -56.575908406229793, 54.513566270540963 ], [ -56.420739081231666, 54.375075212355917 ], [ -55.909385103158982, 53.843549984503611 ], [ -55.672615656856365, 53.621902604692245 ], [ -55.616034807017051, 53.509894280543172 ], [ -55.574434539521924, 53.335358105487764 ], [ -55.505246581113354, 53.189308179173629 ], [ -55.50696973040835, 52.016530282531896 ], [ -55.177891783286171, 52.01952413911075 ], [ -55.299495181619506, 51.480086225326119 ], [ -55.500000009193599, 51.041900802839955 ], [ -55.495481683939474, 50.835429235413052 ], [ -55.45174120894896, 50.824697177373089 ], [ -55.455232794935064, 50.747202261642087 ], [ -55.500000022988488, 50.73091552537818 ], [ -55.499999996456587, 50.000002275295657 ], [ -55.333054497103419, 50.000070254404619 ], [ -55.36970535461262, 49.893964376195662 ], [ -55.034044686308526, 49.946921684562767 ], [ -54.502084104641007, 49.965692827581258 ], [ -54.001415728075969, 49.946401393892053 ], [ -53.533098440077254, 49.905592891809313 ], [ -53.330674709634643, 49.832692843626766 ], [ -53.110329246306812, 49.775051403298306 ], [ -53.100374880072508, 49.756002065127895 ], [ -53.103646023248963, 49.668126213706124 ], [ -53.122314418106768, 49.564427165604862 ], [ -53.163356981818779, 49.414433532668625 ], [ -53.290378698518275, 49.056702095105216 ], [ -53.431333861477242, 49.031782874163191 ], [ -53.498579911659242, 49.000001829073376 ], [ -53.525222437950525, 48.952667193871875 ], [ -53.539360927465992, 48.890755353397921 ], [ -53.544403053020467, 48.698480647468656 ], [ -53.525379664569719, 48.66628088419106 ], [ -53.498180776408148, 48.665353710101954 ], [ -53.114524894837693, 48.748147626772806 ], [ -52.999995993698107, 48.732333476673887 ], [ -52.991641234375031, 48.570244333310612 ], [ -52.999999989730128, 48.250000006977309 ], [ -52.942450531671589, 48.250058140588102 ], [ -52.781381251708687, 48.186750286530504 ], [ -52.775051355011243, 48.107338841929177 ], [ -52.836922451368345, 47.989919536162887 ], [ -52.825794565637629, 47.877551613942096 ], [ -52.620543612056032, 47.689227407865523 ], [ -52.655318194898527, 47.563101427994333 ], [ -52.616314219220278, 47.544033951758713 ], [ -52.582295821691332, 47.500811101382268 ], [ -52.71578142874381, 47.285889338151144 ], [ -52.752530736060883, 47.250114238440744 ], [ -52.749505650866325, 46.942431063499612 ], [ -52.830393819965103, 46.842420394844488 ], [ -52.979093283372698, 46.75560867995388 ], [ -53.000000005441528, 46.750000002679798 ], [ -53.005954529474728, 46.717347594232962 ], [ -53.091518006901794, 46.608613541339217 ], [ -53.109440586088795, 46.60011633024164 ], [ -53.324471836263236, 46.600593543493893 ], [ -53.463949015132755, 46.615843079635937 ], [ -53.632459260420198, 46.595615600871241 ], [ -53.756484964976835, 46.658875464217743 ], [ -53.840751616849261, 46.757474176338711 ], [ -53.998136155261626, 46.754236853069045 ], [ -54.141018054212488, 46.766540774111185 ], [ -54.197969324116976, 46.792535988520441 ], [ -54.215745398931475, 46.805493127940601 ], [ -54.228321966969396, 46.833447473990013 ], [ -54.216786565983313, 46.912180671035465 ], [ -54.183227193798857, 47.000065797598275 ], [ -54.359142569001627, 47.013357701559606 ], [ -54.498973662449707, 46.846499739331399 ], [ -54.682067233095935, 46.798523521033864 ], [ -55.957209012267526, 46.794781305330062 ], [ -56.00000000519529, 46.842185023685545 ], [ -55.99704608952711, 47.316342602860743 ], [ -56.43873607066903, 47.439279424786484 ], [ -56.820789727095907, 47.354578435451963 ], [ -56.950170774576797, 47.359278448254486 ], [ -57.076849807047346, 47.393360993652628 ], [ -57.714426302139607, 47.506166018161068 ], [ -57.99806632020676, 47.581375297161642 ], [ -58.84365521488693, 47.559594721716813 ], [ -59.000686723075972, 47.508676288228791 ], [ -59.202650025921393, 47.500749605238511 ], [ -59.336203461749285, 47.619065378494213 ], [ -59.348377288820792, 47.757055148922412 ], [ -59.423468132966384, 47.887188348658213 ], [ -59.430577416322045, 47.918813762090615 ], [ -59.420579573831702, 47.9489003132691 ], [ -59.465383645975493, 48.000039325992901 ], [ -59.418670336687391, 48.053866951044157 ], [ -59.304543802456379, 48.133447298423185 ], [ -59.253460662074751, 48.16364856637324 ], [ -59.05690200530934, 48.250057691746235 ], [ -59.067959363743128, 48.250064956662555 ], [ -59.24869017121744, 48.380023669385928 ], [ -59.276332499271234, 48.415452470839156 ], [ -59.297404207817024, 48.468679560747212 ], [ -59.263182647643873, 48.504402395733045 ], [ -59.238570839321433, 48.583504755519435 ], [ -59.167241215967238, 48.663101120637009 ], [ -59.111189514967251, 48.687065369754379 ], [ -58.999394589637987, 48.709354262185407 ], [ -58.9003615790037, 48.749778911275605 ], [ -58.756242433269684, 48.862313386092609 ], [ -58.618509515327716, 48.924199585705431 ], [ -58.499996360062745, 49.007738090319982 ], [ -58.499996378033565, 49.18334339902195 ], [ -58.163010625994318, 49.609383922848366 ], [ -57.996259704550184, 49.749826343877906 ], [ -57.992248372834872, 49.813893449090557 ], [ -57.910609210415792, 50.007701619131467 ], [ -57.79051362366387, 50.085195030709833 ], [ -57.712350042091181, 50.261948158760987 ], [ -57.499999987183955, 50.475613675291299 ], [ -57.581499446561182, 50.480306520016505 ], [ -57.455258143077678, 50.756374673583252 ], [ -57.167966538297627, 50.999485669160912 ], [ -57.174381728722089, 51.032808315560089 ], [ -57.255108878854628, 51.094247085061383 ], [ -57.524421019018355, 51.197478979078419 ], [ -57.109571464582523, 51.287163264202064 ], [ -57.107759373027385, 51.998494772030774 ], [ -57.964734987785206, 51.996449284308184 ], [ -59.03440954986106, 51.996981121618461 ], [ -60.441692060585396, 51.996511876061049 ], [ -61.806521658581971, 51.995808709022356 ], [ -62.844182289211787, 51.996957123586853 ], [ -63.801462640078213, 51.997843676943184 ], [ -63.812672855796436, 52.032667573269677 ], [ -63.826590202663816, 52.0286406719014 ], [ -63.841138362287843, 52.056498275482838 ], [ -63.827149802229641, 52.085528311381331 ], [ -63.791724086584544, 52.083310988731959 ], [ -63.789268102843565, 52.076888795776846 ], [ -63.787416782391148, 52.08704379483175 ], [ -63.773087505556958, 52.083129305731113 ], [ -63.701402389342185, 52.044700200646751 ], [ -63.681639901069616, 52.055484195442254 ], [ -63.660451300215215, 52.03992608967107 ], [ -63.642376876496144, 52.047046405470013 ], [ -63.676816404347598, 52.082932505458523 ], [ -63.691003192353541, 52.090435009804203 ], [ -63.69029211568801, 52.077468004897966 ], [ -63.708878680795131, 52.084142999498766 ], [ -63.688658775882445, 52.135057503438674 ], [ -63.717622988178128, 52.185538996342956 ], [ -63.711915708414786, 52.197878101775423 ], [ -63.755888909238323, 52.237339497140333 ], [ -63.761744023676336, 52.250663093388212 ], [ -63.747880209955071, 52.250420191593101 ], [ -63.748446709429402, 52.258132291827174 ], [ -63.778127506582337, 52.273870810162926 ], [ -63.799534781065866, 52.275238697949263 ], [ -63.800609802804921, 52.281877407426364 ], [ -63.78730359634951, 52.275662601820123 ], [ -63.769108395615035, 52.279128891999562 ], [ -63.835951488868623, 52.313607987746735 ], [ -63.813970388096138, 52.310582999023381 ], [ -63.823690823986823, 52.321048096804901 ], [ -63.807117896983264, 52.310072202411554 ], [ -63.796708699046349, 52.31605489646779 ], [ -63.746664486111598, 52.309038391901773 ], [ -63.744486214690092, 52.315232695627607 ], [ -63.768119015800266, 52.32788740674831 ], [ -63.828493817093104, 52.334499895597816 ], [ -63.830636381307777, 52.333623400704489 ], [ -63.833795988937062, 52.334573393212288 ], [ -63.837415704159369, 52.333932096047114 ], [ -63.825119185426423, 52.319175797695614 ], [ -63.843853494969593, 52.324834911113584 ], [ -63.861039004577975, 52.319052992879122 ], [ -63.897031416689721, 52.328066200636862 ], [ -63.917633692022335, 52.343934010787905 ], [ -63.935296817079681, 52.341539002332297 ], [ -64.011635683513703, 52.368582395927497 ], [ -64.000932209529225, 52.361837911296668 ], [ -64.013034490628158, 52.362964810412343 ], [ -64.037409063655886, 52.392117150655281 ], [ -64.025566912006965, 52.405363144502743 ], [ -64.06075728092793, 52.434198574376239 ], [ -64.089700267386462, 52.445928016117378 ], [ -64.097303894489471, 52.473057411084845 ], [ -64.08877053179495, 52.505796629585177 ], [ -64.074869782954394, 52.502456672518136 ], [ -64.045763623567936, 52.56028141945243 ], [ -64.032594456102899, 52.570970941029451 ], [ -63.950490627935352, 52.596139979900492 ], [ -63.950194542285487, 52.606862714854785 ], [ -63.922022852842865, 52.598426197067823 ], [ -63.899631188581132, 52.614618888112098 ], [ -63.889218306975998, 52.610142900437737 ], [ -63.850756199130835, 52.625851500715591 ], [ -63.826755515417602, 52.623477103868112 ], [ -63.75029232653479, 52.635400493843399 ], [ -63.716457496774069, 52.630933507421851 ], [ -63.595981597800254, 52.648617907925036 ], [ -63.43202448012746, 52.645344711294335 ], [ -63.412544726751207, 52.660010415948705 ], [ -63.388292498025898, 52.656803160016473 ], [ -63.380291282165132, 52.662224296122226 ], [ -63.458018777686483, 52.717313773983754 ], [ -63.529378740410372, 52.725198899971801 ], [ -63.575861222385512, 52.760964060312148 ], [ -63.617517035664861, 52.771134858646583 ], [ -63.615956947818859, 52.790637922752268 ], [ -63.595398966525821, 52.794277501249482 ], [ -63.599747582842987, 52.82431890920779 ], [ -63.584915279472604, 52.841404527291829 ], [ -63.61077761249166, 52.858279492323625 ], [ -63.605449193245583, 52.869387109194996 ], [ -63.619888292551288, 52.877405786625872 ], [ -63.624162844131305, 52.862373185338861 ], [ -63.60996407039481, 52.844160148890928 ], [ -63.676560169342302, 52.852057193065363 ], [ -63.641714440139502, 52.837329030855862 ], [ -63.644121993118091, 52.823760042881496 ], [ -63.660064117114771, 52.811236668640589 ], [ -63.689823402644478, 52.808390911341164 ], [ -63.692982080419036, 52.814573689882721 ], [ -63.694841028334864, 52.804986351252523 ], [ -63.717537344949868, 52.801529880323351 ], [ -63.714065859289832, 52.786422228976257 ], [ -63.733961216051789, 52.784726237655384 ], [ -63.721485613442802, 52.770311801116108 ], [ -63.772222152047519, 52.773335424425966 ], [ -63.818975272193157, 52.758530482294915 ], [ -63.872941265669837, 52.773962246415337 ], [ -63.893918598430041, 52.763866676028037 ], [ -63.888641022777648, 52.750073653337992 ], [ -63.919508528680318, 52.757789518938345 ], [ -63.918230132052273, 52.740064787828608 ], [ -63.937417232990647, 52.731024294993368 ], [ -63.982734902708145, 52.725442363837232 ], [ -64.007041038871918, 52.737049114325906 ], [ -64.037274828765646, 52.738244710413774 ], [ -64.039304849248907, 52.725884180687061 ], [ -64.053517745781036, 52.723237973127688 ], [ -64.079534788773259, 52.736586665475834 ], [ -64.140493297967822, 52.726705480057063 ], [ -64.147580415755115, 52.713703225929635 ], [ -64.125830561986575, 52.698457537070041 ], [ -64.127657822334115, 52.6864232699876 ], [ -64.153494218944402, 52.673142061463274 ], [ -64.170854358019085, 52.677626655940649 ], [ -64.17298998887297, 52.670562467289521 ], [ -64.152968882837072, 52.647288640732938 ], [ -64.170057933451034, 52.623727886050823 ], [ -64.154550372963485, 52.60343257408443 ], [ -64.171538493031846, 52.58425258691706 ], [ -64.19467580415305, 52.595773033224773 ], [ -64.205809304990709, 52.577207609018231 ], [ -64.225699423509624, 52.581982366654557 ], [ -64.17043866054226, 52.544192732771336 ], [ -64.170084192528833, 52.532452471847165 ], [ -64.151948552379494, 52.519923145137724 ], [ -64.156874529511171, 52.503801755316843 ], [ -64.127786208789743, 52.434266601658535 ], [ -64.134974101078626, 52.424532629783506 ], [ -64.109376575370106, 52.414256444116134 ], [ -64.118953573176498, 52.403218064620631 ], [ -64.109229088468737, 52.394056718875206 ], [ -64.138011859322276, 52.366925789824805 ], [ -64.166148250186751, 52.364441130861273 ], [ -64.158354713486659, 52.33895535965538 ], [ -64.1827742555637, 52.332720992020676 ], [ -64.169192016355012, 52.327432227076002 ], [ -64.169456433017444, 52.306654652593842 ], [ -64.184614124881023, 52.305585892103842 ], [ -64.19157137050469, 52.289698357611158 ], [ -64.216224420351651, 52.313028348226212 ], [ -64.225583270510384, 52.302504222910443 ], [ -64.206889984376502, 52.294204775721539 ], [ -64.209813915689324, 52.2845440645848 ], [ -64.232680016969638, 52.287934661897964 ], [ -64.246561354191812, 52.275396656757572 ], [ -64.21755488933195, 52.257101979697083 ], [ -64.233995480827886, 52.224031531877884 ], [ -64.223993051276238, 52.229543859431359 ], [ -64.213508992596061, 52.224882021095603 ], [ -64.200692859332037, 52.177016349001988 ], [ -64.160797447891454, 52.146010728959759 ], [ -64.177411025415779, 52.133798693189632 ], [ -64.166359852246472, 52.116057446998596 ], [ -64.180326606251526, 52.115038914393196 ], [ -64.249926162706501, 52.144723943747707 ], [ -64.236274272804707, 52.129362686482722 ], [ -64.25385294113515, 52.121483272244362 ], [ -64.251537782436145, 52.07974699006499 ], [ -64.291866020443109, 52.07764916005906 ], [ -64.26929815133272, 52.046856397582594 ], [ -64.279378349844123, 52.03756054659285 ], [ -64.233951751068801, 51.990904413296491 ], [ -64.237105053851678, 51.9779599256849 ], [ -64.280099659093281, 51.974751312946346 ], [ -64.322966057973005, 51.994396057413013 ], [ -64.322857376846159, 52.004864097374373 ], [ -64.361045884137724, 52.005492093812471 ], [ -64.339656891846317, 51.989136988395167 ], [ -64.358769085547905, 51.979080353675919 ], [ -64.342975476579355, 51.967658296181497 ], [ -64.345070645662204, 51.937484007799341 ], [ -64.35725776594083, 51.927367299629218 ], [ -64.340057264557885, 51.890494704725839 ], [ -64.353035782693937, 51.887048913900713 ], [ -64.352703425151418, 51.849275943397849 ], [ -64.333411221015282, 51.823009144185605 ], [ -64.302455187576939, 51.803643616476975 ], [ -64.301893297304886, 51.756976445204778 ], [ -64.274037106892933, 51.74229376027035 ], [ -64.305210864306375, 51.703562363277214 ], [ -64.325627958748669, 51.694171296047472 ], [ -64.337125206351359, 51.66529480290658 ], [ -64.358922540614657, 51.671554336378676 ], [ -64.391023009672523, 51.662891396289446 ], [ -64.422996895815771, 51.676100657864652 ], [ -64.456636700210098, 51.626819368661849 ], [ -64.522608714483255, 51.597675565368036 ], [ -64.548503534560069, 51.573896846921649 ], [ -64.601057532539542, 51.632879213973908 ], [ -64.624171827884396, 51.628984713809146 ], [ -64.61821194176791, 51.661065373663732 ], [ -64.640438916148725, 51.674034065455977 ], [ -64.639878239476047, 51.705032618077055 ], [ -64.666432584634975, 51.700664991840981 ], [ -64.681148792940135, 51.709824665498942 ], [ -64.691615538520878, 51.707554697653627 ], [ -64.688117398071924, 51.717027400686774 ], [ -64.707861084171441, 51.72926621465016 ], [ -64.709750601526082, 51.75595409790413 ], [ -64.730906112634216, 51.752176834478384 ], [ -64.739421548624577, 51.761472712063757 ], [ -64.773098727435254, 51.753135226008347 ], [ -64.794034776688804, 51.761166831496062 ], [ -64.805382199234941, 51.778140314715174 ], [ -64.847815020197729, 51.762498656299428 ], [ -64.924675344963603, 51.777858459754249 ], [ -64.938639099433871, 51.764432339603552 ], [ -64.919828859327211, 51.760832595878199 ], [ -64.927636992064478, 51.746398919179263 ], [ -64.90984716632714, 51.736670054665922 ], [ -64.93070578649305, 51.714261565200644 ], [ -64.950894013353704, 51.715402141952168 ], [ -64.972354519166728, 51.721640092270661 ], [ -64.99923202517725, 51.750000940430404 ], [ -65.0205234690346, 51.758573095071746 ], [ -65.010034662718979, 51.765140247009164 ], [ -65.030276593468344, 51.762002108716523 ], [ -65.049216922560547, 51.769647399130143 ], [ -65.09115368435198, 51.745971828420423 ], [ -65.180418010890079, 51.765619534656153 ], [ -65.186063747246138, 51.775606359624391 ], [ -65.168712873248325, 51.789762587450547 ], [ -65.169614553976558, 51.822079259638521 ], [ -65.195358080753095, 51.821470541457423 ], [ -65.204617495529689, 51.812794896853958 ], [ -65.248983802838424, 51.831245218802614 ], [ -65.260194872842618, 51.824040471410484 ], [ -65.26602969905062, 51.833760896141605 ], [ -65.253870449172624, 51.861474866371061 ], [ -65.283535944918441, 51.873846859623704 ], [ -65.290652424625605, 51.869720928574516 ], [ -65.300232847233616, 51.877966941177078 ], [ -65.323299410761962, 51.870033205213744 ], [ -65.317838293462998, 51.850760679975799 ], [ -65.331505831927231, 51.829025754895689 ], [ -65.346094137755429, 51.819704156159801 ], [ -65.359759893117996, 51.822752717417572 ], [ -65.362594403980438, 51.864207614338646 ], [ -65.392170011015352, 51.880955148070875 ], [ -65.3995023249838, 51.901894724588033 ], [ -65.393227641630887, 51.914906937915809 ], [ -65.374096988574024, 51.915753996244014 ], [ -65.349333368464016, 51.942416890375419 ], [ -65.36043254584024, 51.955977522573441 ], [ -65.359086923175667, 51.981101596264814 ], [ -65.371223834255375, 51.995877778534876 ], [ -65.383866835847456, 51.988806489104554 ], [ -65.364502037125874, 51.980944506813174 ], [ -65.374863480616042, 51.976525950329702 ], [ -65.371217029351698, 51.967344757620268 ], [ -65.399755348258651, 51.965552564183739 ], [ -65.412290961628941, 51.971311259859441 ], [ -65.423208106620237, 52.002108683629977 ], [ -65.45618451451935, 52.011086797523603 ], [ -65.496076812124585, 52.050206017324612 ], [ -65.484489028527122, 52.05687747463751 ], [ -65.497193557180069, 52.060324831918152 ], [ -65.490104140379941, 52.102110559025704 ], [ -65.499325417616191, 52.11045336040754 ], [ -65.539895841133088, 52.044560200602831 ], [ -65.579321650696528, 52.032806448648913 ], [ -65.620542171807088, 52.04301065636092 ], [ -65.634049658693002, 51.999962391672817 ], [ -65.650175193946424, 51.986808768552571 ], [ -65.677370747748128, 52.00768123533453 ], [ -65.668694849353784, 52.026349095946436 ], [ -65.679910051560213, 52.041507530450268 ], [ -65.651235183263367, 52.055258651506129 ], [ -65.648561872201924, 52.080920730654483 ], [ -65.668256083911288, 52.117274713297995 ], [ -65.733939726183422, 52.082870758665976 ], [ -65.749427322966412, 52.109903314236675 ], [ -65.797361597075678, 52.105697913559332 ], [ -65.805335630713998, 52.118560515092192 ], [ -65.822191842776448, 52.110237571805285 ], [ -65.8420421346908, 52.116472041409871 ], [ -65.876988998430136, 52.110405412677636 ], [ -65.897710037673846, 52.076066895791222 ], [ -65.961284619660702, 52.1046361431858 ], [ -65.970401491089831, 52.05650258284129 ], [ -65.996196161934236, 52.054737391414754 ], [ -66.015634193686907, 52.079925345934974 ], [ -66.049590942020274, 52.085429396644514 ], [ -66.066310614159136, 52.097770314318652 ], [ -66.092634690844719, 52.0865705265701 ], [ -66.096364771438843, 52.10780837308333 ], [ -66.078191441597156, 52.124659705386158 ], [ -66.075926096377415, 52.155029701842309 ], [ -66.097937254493303, 52.195452030359597 ], [ -66.15210255406366, 52.23050432447917 ], [ -66.160021661886461, 52.231653249362033 ], [ -66.172305824679285, 52.213464959489755 ], [ -66.200790986937946, 52.226989826808037 ], [ -66.214775582508736, 52.254855773317885 ], [ -66.249647323845082, 52.273983679702667 ], [ -66.25374225614982, 52.304137665862164 ], [ -66.266696432111218, 52.310078428537814 ], [ -66.287100226014104, 52.309118589493757 ], [ -66.283465226218127, 52.285373119364003 ], [ -66.312569151311081, 52.285517954062385 ], [ -66.264117038673035, 52.165181408567669 ], [ -66.267942093600482, 52.150368800323832 ], [ -66.323567379926317, 52.131817487549931 ], [ -66.333221855200904, 52.150705988168205 ], [ -66.357976719066727, 52.14657760084436 ], [ -66.376365859582833, 52.152816044796886 ], [ -66.379790475176591, 52.162611165007903 ], [ -66.356839738887246, 52.176603179413412 ], [ -66.402662911865875, 52.216927269374132 ], [ -66.405128036219423, 52.229839583257522 ], [ -66.423264407253541, 52.219757772209142 ], [ -66.47042344300182, 52.255655227773993 ], [ -66.432891634386053, 52.266174306652921 ], [ -66.443319297704718, 52.280657118660528 ], [ -66.468765215848819, 52.284669483384285 ], [ -66.446228195954319, 52.297472130285271 ], [ -66.462951594170065, 52.301495494152618 ], [ -66.490517254524761, 52.341637463698234 ], [ -66.467267506329662, 52.354522904342765 ], [ -66.44860035621052, 52.350131460964057 ], [ -66.43659865317403, 52.358810005439096 ], [ -66.441106476912935, 52.375809544216956 ], [ -66.419876513947642, 52.383023053115956 ], [ -66.38101021884917, 52.367578383207011 ], [ -66.363843652977067, 52.351373090091798 ], [ -66.344042175335559, 52.360415401904504 ], [ -66.34171210642009, 52.397210297337033 ], [ -66.372909820188866, 52.413038883981329 ], [ -66.358817045271024, 52.430757621488176 ], [ -66.393104877838311, 52.47611145386746 ], [ -66.393866513177727, 52.486366331365844 ], [ -66.360610955641306, 52.466414638076337 ], [ -66.358122696299333, 52.488251245051963 ], [ -66.366384591450284, 52.509713680033357 ], [ -66.399213938006852, 52.528774364712248 ], [ -66.365184661336301, 52.531123224386988 ], [ -66.365697982564285, 52.556214292033019 ], [ -66.440275917272771, 52.636400427296273 ], [ -66.416362290330909, 52.642044214095534 ], [ -66.402242992970343, 52.674535447454268 ], [ -66.388657382874342, 52.682284201809026 ], [ -66.340772349577165, 52.645449910960409 ], [ -66.309302522357271, 52.604590122542476 ], [ -66.290774665911087, 52.60009698936009 ], [ -66.279907347446184, 52.617397162681918 ], [ -66.277380072631544, 52.634449745329903 ], [ -66.303657773535406, 52.637190930517036 ], [ -66.296736238512267, 52.645360263957869 ], [ -66.307780513848584, 52.662969730667548 ], [ -66.338772668148394, 52.684616783845392 ], [ -66.33736627590369, 52.701404225498827 ], [ -66.308331761119604, 52.72859107553834 ], [ -66.33183213316363, 52.741474437385968 ], [ -66.330841126249581, 52.761139582693666 ], [ -66.351269471694692, 52.784103752039393 ], [ -66.344276818710142, 52.795401276577046 ], [ -66.354179600339776, 52.802558548521922 ], [ -66.381458553114442, 52.794443181827873 ], [ -66.377473474839547, 52.814074829403189 ], [ -66.416279327004318, 52.858323105479144 ], [ -66.398562356993864, 52.878867578835035 ], [ -66.379420452850752, 52.877468194732486 ], [ -66.368745569833536, 52.863110357372456 ], [ -66.328312250703078, 52.861216180137689 ], [ -66.283236412478303, 52.833379513430252 ], [ -66.273716111869106, 52.846060507578251 ], [ -66.294629323917377, 52.860120141893397 ], [ -66.257817625821943, 52.869097630966976 ], [ -66.276159485202072, 52.883789829782593 ], [ -66.280344791367739, 52.905171559113107 ], [ -66.321954141624374, 52.938933090534711 ], [ -66.326682739471366, 52.972628908163351 ], [ -66.370270252904419, 53.024757753586641 ], [ -66.393526185385255, 53.021171073476545 ], [ -66.431834641168379, 53.048202596815081 ], [ -66.459216249473229, 53.055171749426478 ], [ -66.474989089102124, 53.042520025487981 ], [ -66.46190149724454, 53.000115281875054 ], [ -66.469612090283661, 52.99097166471109 ], [ -66.492699370683027, 52.997441469035174 ], [ -66.4883206379846, 52.96043569233295 ], [ -66.500773640095161, 52.946355589441019 ], [ -66.520024455454788, 52.96394078099906 ], [ -66.537526424256228, 52.944006686568038 ], [ -66.569969987796824, 52.936985543346736 ], [ -66.62555377300194, 52.954243263886632 ], [ -66.632911087066802, 52.931343682343432 ], [ -66.65028770692841, 52.921876295057608 ], [ -66.632414605444126, 52.897545332917772 ], [ -66.649302786342162, 52.899643507074266 ], [ -66.66329190906508, 52.890311877406155 ], [ -66.645081107395129, 52.872631192134342 ], [ -66.655617282845782, 52.866388891596628 ], [ -66.645045097067367, 52.852819153948602 ], [ -66.664779614030351, 52.830891564525835 ], [ -66.64709680914072, 52.783642484595987 ], [ -66.680191211845155, 52.79104668965693 ], [ -66.686311795189141, 52.763700095163252 ], [ -66.719357359758845, 52.763562194066466 ], [ -66.746240482103374, 52.773330899064909 ], [ -66.772865565796536, 52.797267625117854 ], [ -66.786795354280343, 52.797418933155605 ], [ -66.753746313673162, 52.751488102493163 ], [ -66.7475752691292, 52.703044305434439 ], [ -66.772126737509382, 52.696203598674956 ], [ -66.757538819081148, 52.673327281837167 ], [ -66.764676008213073, 52.666235004746511 ], [ -66.791112402325169, 52.678461229871182 ], [ -66.801037387766854, 52.708652652177854 ], [ -66.816835406264232, 52.711256964653671 ], [ -66.859864945758986, 52.768362788463655 ], [ -66.855679342755508, 52.717294515159381 ], [ -66.891167265555296, 52.732550236162375 ], [ -66.897581032526773, 52.727443098082986 ], [ -66.871984184124543, 52.709145550686756 ], [ -66.850879084872801, 52.674772471243799 ], [ -66.872338388317019, 52.680972073071921 ], [ -66.894460114792039, 52.676661706208073 ], [ -66.917310680294321, 52.715208981497291 ], [ -66.943875197368925, 52.736893254311838 ], [ -66.94926524160968, 52.759582686368766 ], [ -66.979040363652388, 52.753145984031825 ], [ -66.989837195928686, 52.762168654897174 ], [ -67.016136466806458, 52.744056446195977 ], [ -67.019752866425691, 52.755031882818344 ], [ -67.034304082227138, 52.747015631950674 ], [ -67.039616644510062, 52.767495955920793 ], [ -67.06881170415825, 52.777737827290593 ], [ -67.062252845320288, 52.818161107357362 ], [ -67.047671687710192, 52.837240207466841 ], [ -67.063150780210478, 52.875456792799945 ], [ -67.122597824260026, 52.862380763608073 ], [ -67.134187653455328, 52.851042592114595 ], [ -67.149494781693718, 52.854442835291351 ], [ -67.161129120140174, 52.817460379787676 ], [ -67.214847290401707, 52.843583136810096 ], [ -67.227472300112964, 52.841770833891935 ], [ -67.268532696075923, 52.877710714932576 ], [ -67.299845035393858, 52.884475992021216 ], [ -67.32458005539884, 52.877825527546236 ], [ -67.341857346565021, 52.89621403640075 ], [ -67.332908607750852, 52.907219641468927 ], [ -67.355742900498754, 52.928627777539127 ], [ -67.351937064060891, 52.936665750971649 ], [ -67.321476373866844, 52.965406246659711 ], [ -67.275832137876932, 52.963814337707994 ], [ -67.244521371848421, 52.979518849726752 ], [ -67.345362615725804, 52.981195461561434 ], [ -67.363425361085419, 52.996191469395725 ], [ -67.368861743029797, 53.002327567351635 ], [ -67.355371383909002, 53.008961172503312 ], [ -67.390542666943503, 53.076835372669521 ], [ -67.385378958147285, 53.13197943418124 ], [ -67.361898847122959, 53.132025269961758 ], [ -67.365004819619514, 53.121884460541132 ], [ -67.346397930406283, 53.132090146452036 ], [ -67.337530677403038, 53.128643101648962 ], [ -67.342758030834631, 53.117737336630924 ], [ -67.288076085018631, 53.140283614097093 ], [ -67.302669831543213, 53.158925027262242 ], [ -67.262968346247362, 53.181290568998222 ], [ -67.217694746019191, 53.149663774882306 ], [ -67.154227980342924, 53.14722548088718 ], [ -67.134446538787088, 53.137860621268892 ], [ -67.141082188068708, 53.128902003405251 ], [ -67.125088003654838, 53.124960314388389 ], [ -67.116201906558302, 53.105111945435567 ], [ -67.075255395464126, 53.139312899294573 ], [ -67.048922626664805, 53.139549180482078 ], [ -67.046785984991146, 53.11846430071185 ], [ -67.068973857548158, 53.10082993031876 ], [ -67.068490674413297, 53.07887463667803 ], [ -67.041607609751281, 53.076072141376024 ], [ -66.989531428492967, 53.08435675414102 ], [ -66.990873207342617, 53.117461082469084 ], [ -66.958695434825245, 53.137110263142198 ], [ -66.995182347515637, 53.138450619020546 ], [ -67.013529797627911, 53.160024957973519 ], [ -66.994000900483698, 53.174467886634815 ], [ -66.95961727029929, 53.181692800514789 ], [ -66.978061671443626, 53.213263313039832 ], [ -66.976192452044842, 53.245586227932314 ], [ -66.953370476385956, 53.290411634113248 ], [ -66.965337294340202, 53.31300660267754 ], [ -66.992349595112628, 53.322894774887239 ], [ -67.018814199504973, 53.320080526284443 ], [ -67.02705061694671, 53.334646127652945 ], [ -66.996951786897739, 53.352620925471939 ], [ -67.013675858693034, 53.361887449057726 ], [ -67.005727182837191, 53.367965649139876 ], [ -66.984691730578959, 53.372746148251636 ], [ -66.966103322723498, 53.364621762001285 ], [ -66.946319666445675, 53.390931659242405 ], [ -66.922872449187324, 53.399934858108594 ], [ -66.906707791544477, 53.395294220715044 ], [ -66.890090887941994, 53.413061460158218 ], [ -66.894479306304476, 53.419939071514349 ], [ -66.907894492353094, 53.414569620863851 ], [ -66.92444786028237, 53.418660877902219 ], [ -66.935006370490555, 53.441535300700778 ], [ -66.924952177481671, 53.454496119487743 ], [ -66.937915951962069, 53.473137346752964 ], [ -66.995822224291715, 53.464240000135895 ], [ -66.985629270180908, 53.496145976070849 ], [ -67.006653177463463, 53.500007582644336 ], [ -67.035928051843456, 53.528758282544786 ], [ -67.062024817203664, 53.537081779340909 ], [ -67.094805900002982, 53.527100529820402 ], [ -67.129886689862886, 53.530208659824105 ], [ -67.180015286431981, 53.553034390443088 ], [ -67.189132376839467, 53.550755865757651 ], [ -67.189079956156931, 53.532752601919924 ], [ -67.218769059448135, 53.530340336092458 ], [ -67.257405881126957, 53.557388575721625 ], [ -67.28629654088445, 53.543522822319446 ], [ -67.318660773122446, 53.552965329970732 ], [ -67.31354977333865, 53.584152060679067 ], [ -67.376935807424118, 53.59720979062179 ], [ -67.373693864453315, 53.608302656651091 ], [ -67.394730922938024, 53.614654307034947 ], [ -67.38942149845289, 53.642258653599711 ], [ -67.414211384967842, 53.674855739186782 ], [ -67.396330932942817, 53.677298445151763 ], [ -67.396849712881775, 53.682879301446036 ], [ -67.425562464403583, 53.704216413168133 ], [ -67.417790980859166, 53.725137864917563 ], [ -67.440620963933299, 53.724193370949422 ], [ -67.433742139537344, 53.706499419968544 ], [ -67.465109277102954, 53.708882593255559 ], [ -67.506319064323506, 53.719061533666078 ], [ -67.515968213338311, 53.728743890132243 ], [ -67.500000013952302, 53.757267351087215 ], [ -67.566768447031905, 53.75593063775888 ], [ -67.603306218276899, 53.762698560507879 ], [ -67.567476097374382, 53.770850054514071 ], [ -67.557282542012587, 53.780289293482589 ], [ -67.604195068733944, 53.790161610122787 ], [ -67.602226615286341, 53.795465355805092 ], [ -67.536033019355514, 53.801209097415096 ], [ -67.497790033733011, 53.836690725281102 ], [ -67.569070968386114, 53.841143355105665 ], [ -67.564258827000771, 53.858603411877198 ], [ -67.579492592353986, 53.860937769374601 ], [ -67.580504868828399, 53.868234090671912 ], [ -67.592766841597367, 53.862163301538828 ], [ -67.609118927192199, 53.869247366994649 ], [ -67.615731056034761, 53.890695869366326 ], [ -67.594579674575229, 53.893061013346433 ], [ -67.609164607792422, 53.901968571929601 ], [ -67.596305939970435, 53.921694766141421 ], [ -67.637130298817112, 53.930391371537404 ], [ -67.662608541996846, 53.92807305589357 ], [ -67.677555457283404, 53.941568912386522 ], [ -67.6619515299451, 53.952285659514402 ], [ -67.681267695523076, 53.9719098204326 ], [ -67.733607876790416, 53.979739275101984 ], [ -67.754509125234193, 54.000005131468143 ], [ -67.776227563446227, 53.992308760619501 ], [ -67.783128686489931, 54.008666809790469 ], [ -67.820628479933234, 54.020008822147986 ], [ -67.814667734876863, 54.032071016684391 ], [ -67.791030014291621, 54.041280113385106 ], [ -67.794082202966266, 54.054492066266576 ], [ -67.778815261275682, 54.071430325173147 ], [ -67.788358374981598, 54.085521198723995 ], [ -67.758086707374744, 54.091579528003408 ], [ -67.767705362980948, 54.099921349433608 ], [ -67.799508499715287, 54.099665021444977 ], [ -67.798164908570044, 54.118580628123709 ], [ -67.810252416246428, 54.12813290962999 ], [ -67.765036571655358, 54.157000192769083 ], [ -67.729592821170385, 54.151275140987188 ], [ -67.696341326135936, 54.162407531609063 ], [ -67.644409185594441, 54.160806521789709 ], [ -67.653354750062903, 54.188574831083145 ], [ -67.615618101008522, 54.195755535380066 ], [ -67.635895615492387, 54.202124053975382 ], [ -67.6230984229163, 54.208426259813841 ], [ -67.68082756516047, 54.246990794746672 ], [ -67.688201420454803, 54.273133186241687 ], [ -67.676896233284921, 54.268468881155805 ], [ -67.676366167131505, 54.31852430270763 ], [ -67.748036723921388, 54.350260855628754 ], [ -67.724698366073596, 54.386855787290585 ], [ -67.76896791507761, 54.419553375336974 ], [ -67.772258248662965, 54.441719001336089 ], [ -67.740517165303018, 54.441462625808569 ], [ -67.727496661287688, 54.457399279672529 ], [ -67.705466903837021, 54.456252832130701 ], [ -67.706653409463399, 54.444590193190223 ], [ -67.696680933779632, 54.443874081869858 ], [ -67.667811669970575, 54.453841963804081 ], [ -67.666418179347289, 54.493629801382816 ], [ -67.648056282621781, 54.509565897770635 ], [ -67.627877460204445, 54.473586858000743 ], [ -67.609474440594198, 54.465766181121097 ], [ -67.592639632556754, 54.469003146055805 ], [ -67.581657854943643, 54.494108527858167 ], [ -67.5004055193168, 54.481506553980203 ], [ -67.500000017845252, 54.50694097093745 ], [ -67.473112977946343, 54.520101922352858 ], [ -67.473707393492347, 54.530391704496424 ], [ -67.526882422483695, 54.570951096904459 ], [ -67.491748754825139, 54.584909514600831 ], [ -67.429025261835363, 54.569234385604922 ], [ -67.357796001578777, 54.517403797792582 ], [ -67.335305842052236, 54.521103010798107 ], [ -67.330702207663776, 54.503927526795827 ], [ -67.303513560814679, 54.511979007212467 ], [ -67.272574381125679, 54.486629172926172 ], [ -67.268871119008494, 54.49508548224356 ], [ -67.244944651654848, 54.500033909961957 ], [ -67.244587549062416, 54.514758197944587 ], [ -67.226832478852529, 54.519560394466914 ], [ -67.26631503058249, 54.538257557317287 ], [ -67.262271340719195, 54.551142714348046 ], [ -67.302704294755543, 54.555879042701861 ], [ -67.268502659996841, 54.565173059020864 ], [ -67.28032699547353, 54.591792260633852 ], [ -67.232833258201708, 54.58441737526401 ], [ -67.2295159602632, 54.615191096570136 ], [ -67.175778727376382, 54.609538170030298 ], [ -67.138551009975956, 54.624538659832815 ], [ -67.142586393170262, 54.636131656307505 ], [ -67.123456842505803, 54.645121024894337 ], [ -67.129003465400515, 54.657719418609119 ], [ -67.071528513798341, 54.673706273860581 ], [ -67.082792265986271, 54.680578678564707 ], [ -67.062900813837118, 54.692933110177798 ], [ -67.124903155324475, 54.742163021907004 ], [ -67.177464092791297, 54.763956019193159 ], [ -67.180181159363116, 54.775877899524652 ], [ -67.222140439223395, 54.800927708913619 ], [ -67.221371956820732, 54.824912916094512 ], [ -67.259176463759673, 54.833811910518484 ], [ -67.282723270349564, 54.867692858837579 ], [ -67.335143203886318, 54.90348976562553 ], [ -67.35772691131109, 54.939684440538336 ], [ -67.399755673509546, 54.957858958610196 ], [ -67.414365797376263, 54.976070446450201 ], [ -67.401940490259335, 54.988954865018869 ], [ -67.445871821257015, 55.008503828132753 ], [ -67.439649046630336, 55.032490850162226 ], [ -67.470634455086966, 55.049011625325143 ], [ -67.463703871886068, 55.062856917228082 ], [ -67.443216741931053, 55.064868946495423 ], [ -67.438017465537712, 55.077829668651788 ], [ -67.409632528865686, 55.088633237424716 ], [ -67.322837867545815, 55.089065314432801 ], [ -67.27281181618109, 55.076427253652504 ], [ -67.23397883833421, 55.051227871892635 ], [ -67.236283826986153, 55.044030829866131 ], [ -67.263296404769676, 55.045517654985019 ], [ -67.272792106659807, 55.024211565076072 ], [ -67.227188471007153, 55.005473191151232 ], [ -67.209228183033403, 54.984173488305629 ], [ -67.18778552136844, 54.980425319566166 ], [ -67.056510504430889, 54.89493770906985 ], [ -67.033043043852373, 54.861947782444958 ], [ -66.947846670658137, 54.822310513648517 ], [ -66.927045152014301, 54.80217296558024 ], [ -66.875663327041948, 54.816009608216696 ], [ -66.773237703839797, 54.765994483118334 ], [ -66.755357506961914, 54.746383373056126 ], [ -66.754331963505862, 54.759251166498622 ], [ -66.717024721432026, 54.735141131686085 ], [ -66.698012193651095, 54.734941933157998 ], [ -66.669112980858117, 54.709672749210746 ], [ -66.662814857302649, 54.728867127212169 ], [ -66.726349909170324, 54.76789015731309 ], [ -66.716936682089909, 54.788433802839009 ], [ -66.737380603310299, 54.813200403473054 ], [ -66.659428397577116, 54.770217774535624 ], [ -66.638226628436939, 54.795047157866186 ], [ -66.619884170525836, 54.787299712601509 ], [ -66.625677602011791, 54.799035591380978 ], [ -66.602651097903589, 54.81350631070309 ], [ -66.633284278604052, 54.846754874160283 ], [ -66.651722942581088, 54.849970310212669 ], [ -66.658971850765511, 54.876517879364158 ], [ -66.689653632206912, 54.897965050595047 ], [ -66.68140817898896, 54.923667784990172 ], [ -66.713226231786109, 54.955495374623901 ], [ -66.742223698315215, 54.969480209601429 ], [ -66.740228527472027, 54.985115391754441 ], [ -66.765990371571917, 55.00001691611552 ], [ -66.749368343519919, 55.000000699924243 ], [ -66.747441458879308, 55.009362493797752 ], [ -66.736907705289781, 55.000014028932597 ], [ -66.708805450317712, 55.004644375329768 ], [ -66.686013553357228, 55.000053791806224 ], [ -66.648135606804445, 54.977134914068394 ], [ -66.627057514303161, 54.984860158727663 ], [ -66.671683589230184, 55.025547623605775 ], [ -66.697880386090247, 55.02792708060835 ], [ -66.735037652663607, 55.044052676620389 ], [ -66.753626561264369, 55.090601857214985 ], [ -66.694441807791733, 55.061695218871691 ], [ -66.694862799121111, 55.069517366519108 ], [ -66.75494165324794, 55.113571290054232 ], [ -66.779651435613005, 55.110849586849099 ], [ -66.788672991693346, 55.11841379304591 ], [ -66.767602607074622, 55.135138958730593 ], [ -66.77608170179451, 55.144178192802322 ], [ -66.745729366396645, 55.153177641946421 ], [ -66.760627027485612, 55.187811898821828 ], [ -66.738103254233366, 55.191064188994829 ], [ -66.755201534387481, 55.214994276924173 ], [ -66.719717271830888, 55.209541967372594 ], [ -66.670363298285864, 55.177485029361797 ], [ -66.707230859629092, 55.227123087693144 ], [ -66.786357207053243, 55.273140586035183 ], [ -66.823725822446747, 55.306969764629763 ], [ -66.828437695829535, 55.326817192476682 ], [ -66.799888691784716, 55.323275376854433 ], [ -66.818329487580996, 55.348398841720581 ], [ -66.807842930485222, 55.356744027765373 ], [ -66.778462282139387, 55.352388151546457 ], [ -66.734568823661633, 55.321202756473269 ], [ -66.700288034844831, 55.312040107509915 ], [ -66.700633626236765, 55.28995062957511 ], [ -66.658637456304547, 55.255144789745252 ], [ -66.6444266927342, 55.267101021529498 ], [ -66.621799509034872, 55.268713884925162 ], [ -66.618034941021264, 55.27815132980308 ], [ -66.565688941989052, 55.238399307363814 ], [ -66.545595020130818, 55.235379895112111 ], [ -66.51641656769587, 55.195322129654961 ], [ -66.507404059756098, 55.204700175134086 ], [ -66.492748594245754, 55.203377880257676 ], [ -66.444707419379299, 55.140947494501333 ], [ -66.333145988115021, 55.067035206713747 ], [ -66.303597166110436, 55.035503166908342 ], [ -66.282902405399824, 55.032105101883261 ], [ -66.250545360629474, 54.995384875608394 ], [ -66.246416016961149, 54.975469042010253 ], [ -66.235532017726129, 54.991806982282739 ], [ -66.210125377962271, 54.979138698094381 ], [ -66.188608309794489, 54.980795290244394 ], [ -66.167983341339664, 54.973009325891319 ], [ -66.161583666544431, 54.987734146027755 ], [ -66.152561241473791, 54.985514853281089 ], [ -66.040825589580564, 54.919084349529207 ], [ -66.048995450490082, 54.937416587311091 ], [ -66.031221991079065, 54.942481684851927 ], [ -65.996615492260148, 54.930985294116766 ], [ -65.965130585427943, 54.929818082045735 ], [ -65.931664287732588, 54.940302002148051 ], [ -65.888007709011589, 54.925339852145292 ], [ -65.849845423742963, 54.927210876401155 ], [ -65.83862044362921, 54.907956682920336 ], [ -65.857233905538266, 54.892967680358865 ], [ -65.83638660617676, 54.874652654073053 ], [ -65.850645902009518, 54.850801259805664 ], [ -65.757024628785942, 54.786791457312241 ], [ -65.693172801036695, 54.708164034471352 ], [ -65.648533834774867, 54.735213579260638 ], [ -65.646984527488101, 54.753186844041942 ], [ -65.632064895709448, 54.754458067308043 ], [ -65.621278954674125, 54.738506411572345 ], [ -65.562070549938923, 54.739743104175687 ], [ -65.5573875082965, 54.730274470407466 ], [ -65.503963711481887, 54.736280013879806 ], [ -65.487352987933193, 54.728514092956104 ], [ -65.455530319274715, 54.728583246026837 ], [ -65.448162114891161, 54.743981531268787 ], [ -65.429114434400176, 54.748113937116003 ], [ -65.434619797006391, 54.784183462941463 ], [ -65.473736504718644, 54.807184065588544 ], [ -65.487294642738433, 54.834376793199553 ], [ -65.456335714704522, 54.849242333741003 ], [ -65.411376404619503, 54.841836997562254 ], [ -65.407548944746381, 54.819833308692225 ], [ -65.384573989407684, 54.829944680808566 ], [ -65.355839651957382, 54.818761401410633 ], [ -65.335790672340238, 54.85196780480566 ], [ -65.296312758823774, 54.817583198536241 ], [ -65.282733206337781, 54.844355256194149 ], [ -65.209623123428173, 54.847957779418472 ], [ -65.201658468137225, 54.880537068994997 ], [ -65.173642500677204, 54.914249278251702 ], [ -65.180304192439607, 54.93084914342996 ], [ -65.134517331202758, 54.928193674159786 ], [ -65.122854673498281, 54.941402742729196 ], [ -65.126449345811764, 54.961478036779724 ], [ -65.085814686511711, 54.969562791853328 ], [ -65.070601656358591, 54.953579638187612 ], [ -65.048151127945488, 54.955491414075809 ], [ -65.017721362191082, 54.932623978247449 ], [ -64.971900558802503, 54.937395576202213 ], [ -64.915038866718859, 54.920005800029088 ], [ -64.902570458787906, 54.90164037712232 ], [ -64.848430874546239, 54.876273211284726 ], [ -64.861490326163306, 54.84104084865173 ], [ -64.839298049276323, 54.84595118702719 ], [ -64.830105314430426, 54.836336669985165 ], [ -64.815867695773335, 54.849047926816098 ], [ -64.800706782317221, 54.832572237880484 ], [ -64.786535464888473, 54.843079262970726 ], [ -64.761114250688749, 54.829528144471652 ], [ -64.748739008994264, 54.81084514191663 ], [ -64.776245225537309, 54.788145505089425 ], [ -64.752327777943066, 54.767321818015809 ], [ -64.782084150991636, 54.763259836970889 ], [ -64.785164481706076, 54.753944009694436 ], [ -64.801029265820617, 54.755776796592066 ], [ -64.769672105150306, 54.730095628631602 ], [ -64.734894576136668, 54.735969650019413 ], [ -64.730953807213126, 54.725621162598152 ], [ -64.699363465440186, 54.723590895177139 ], [ -64.679968374571715, 54.735712552945209 ], [ -64.622899354770411, 54.721874031443974 ], [ -64.597631946493891, 54.728719474654909 ], [ -64.556882472606731, 54.713662282255243 ], [ -64.530691216888613, 54.733525381043151 ], [ -64.554816272877716, 54.744868911869503 ], [ -64.534187066762797, 54.761792700414269 ], [ -64.514188566146203, 54.751297797380417 ], [ -64.474805015014027, 54.752151717753684 ], [ -64.485475827585432, 54.770962810649046 ], [ -64.471493087119853, 54.770281734014809 ], [ -64.495884523973487, 54.790631116021437 ], [ -64.397474582482175, 54.790492953029322 ], [ -64.384108158925727, 54.780163039403639 ], [ -64.294681675096683, 54.753359022873362 ], [ -64.300748081357682, 54.741492229276083 ], [ -64.288194965059603, 54.731027314076783 ], [ -64.238943802684446, 54.729120592639951 ], [ -64.234281537403078, 54.717532974357106 ], [ -64.196509759313656, 54.729831951341794 ], [ -64.177634946119156, 54.721360550743093 ], [ -64.187760149925708, 54.710838658629591 ], [ -64.180688856991509, 54.693587585217394 ], [ -64.14184981278531, 54.666957399836107 ], [ -64.10276517700612, 54.655587745714584 ], [ -64.107328934861997, 54.613186614268002 ], [ -64.086106738400758, 54.62295510427009 ], [ -64.054277177747622, 54.600908292899831 ], [ -64.035102209804705, 54.607030759972503 ], [ -64.004000261399668, 54.602125792346889 ], [ -63.974422536238599, 54.620120236273834 ], [ -63.897863423540898, 54.600703821956756 ], [ -63.870073412315691, 54.623352023502136 ], [ -63.834583302023134, 54.629867330857216 ], [ -63.834351308918677, 54.641139572515456 ], [ -63.819648087566989, 54.640678973314756 ], [ -63.813377233290858, 54.650785803030004 ], [ -63.732587871727347, 54.6231189158879 ], [ -63.712625413684002, 54.624950763379246 ], [ -63.723848886142093, 54.659798580303544 ], [ -63.763099625073565, 54.673684838756657 ], [ -63.768947277789756, 54.699843830339134 ], [ -63.803894656122225, 54.716736496355821 ], [ -63.802959712645105, 54.725642066770639 ], [ -63.860650432082345, 54.752745338047426 ], [ -63.895810713220754, 54.760121657993437 ], [ -63.889741234885136, 54.768358774081285 ], [ -63.924009339873898, 54.778407386677337 ], [ -63.910069613705964, 54.788535510000536 ], [ -63.890839937587117, 54.788801914407571 ], [ -63.903664391093159, 54.801078014985272 ], [ -63.871818043700159, 54.800477621770391 ], [ -63.869005236076447, 54.807039074938579 ], [ -63.817161538486175, 54.816921865068686 ], [ -63.852658051535229, 54.876056082208578 ], [ -63.852250985344227, 54.885106732744049 ], [ -63.83802316008812, 54.883071984630554 ], [ -63.846210474856939, 54.894825930773607 ], [ -63.828965520493021, 54.901134126422704 ], [ -63.837733538879071, 54.914512773058924 ], [ -63.799572679361567, 54.926133492805924 ], [ -63.829816889481414, 54.942052304197901 ], [ -63.791710801050527, 54.955894476636352 ], [ -63.715994987926798, 54.925548200872626 ], [ -63.696418668033431, 54.925339186598549 ], [ -63.684862090877452, 54.9045685685061 ], [ -63.661282815978176, 54.899952489165145 ], [ -63.663452901258253, 54.910455107279887 ], [ -63.630723573488687, 54.909200950993402 ], [ -63.619586467169668, 54.899540619359939 ], [ -63.591443709031289, 54.896592141713597 ], [ -63.612298411991688, 54.919936895211158 ], [ -63.57787334521246, 54.929955476641801 ], [ -63.611343208730446, 54.948863828753183 ], [ -63.597524601626937, 54.959398131480583 ], [ -63.611005846439866, 54.977044310319513 ], [ -63.573161117419168, 54.978795305658807 ], [ -63.576302953057812, 54.988104366001856 ], [ -63.557534519589993, 54.989937849963354 ], [ -63.557597712333568, 54.99987375723309 ], [ -63.606129838730013, 55.008391720808994 ], [ -63.595983914993724, 55.021407525517205 ], [ -63.556391999555025, 55.034443912741935 ], [ -63.575499856449028, 55.0422479471166 ], [ -63.573431028248486, 55.053988102247907 ], [ -63.616055161324411, 55.068945682528671 ], [ -63.602863116729857, 55.076360959015467 ], [ -63.605153095600727, 55.098290000869163 ], [ -63.591602125049235, 55.095324170442453 ], [ -63.58540810260039, 55.103550813691555 ], [ -63.602296465066985, 55.128733278063031 ], [ -63.565130860172488, 55.14026433788441 ], [ -63.573409713279204, 55.155753130680033 ], [ -63.523923806795644, 55.168144659992855 ], [ -63.531385752702057, 55.174595410530685 ], [ -63.555956422795518, 55.172853501759548 ], [ -63.562918355718061, 55.187616379251629 ], [ -63.502956228324443, 55.202484325807859 ], [ -63.452611406637622, 55.201944599113993 ], [ -63.412526162816981, 55.233633039651558 ], [ -63.422663455790754, 55.243034696724848 ], [ -63.402834442564689, 55.249006458068926 ], [ -63.402562351713371, 55.257763882553313 ], [ -63.462635608229824, 55.255264694961937 ], [ -63.508418460337758, 55.232104890404166 ], [ -63.547410472744154, 55.225469003687245 ], [ -63.563312515363755, 55.243403836007765 ], [ -63.609093881195612, 55.230144369385691 ], [ -63.622503123604154, 55.24260824896389 ], [ -63.601234281159172, 55.251154521039645 ], [ -63.63050341071957, 55.25617082719009 ], [ -63.652698445844827, 55.251911759323718 ], [ -63.679475057746487, 55.266886879467648 ], [ -63.640118705887133, 55.278619328370944 ], [ -63.644078306040264, 55.287775632299365 ], [ -63.615762768498776, 55.29625683525272 ], [ -63.587884750959347, 55.302648335214641 ], [ -63.569509848553373, 55.297652224639464 ], [ -63.522555521538969, 55.309869530692502 ], [ -63.532681192216003, 55.325496899292531 ], [ -63.590831359105813, 55.320722942638334 ], [ -63.598286607502764, 55.325687736082116 ], [ -63.574406938663969, 55.339601694207282 ], [ -63.482010255079942, 55.349758022167272 ], [ -63.442249580074417, 55.344059731513639 ], [ -63.324848694713189, 55.36604693545943 ], [ -63.333660382034346, 55.383931256374581 ], [ -63.319786893706912, 55.411806346095162 ], [ -63.336956317771829, 55.409878806646852 ], [ -63.351795728775556, 55.418359716497541 ], [ -63.434910143453116, 55.400384194447945 ], [ -63.450121099278284, 55.420724038751374 ], [ -63.47097176789481, 55.419779562577268 ], [ -63.478566698584494, 55.429205559224464 ], [ -63.510657230194703, 55.420274502451257 ], [ -63.534376448013347, 55.427453752636119 ], [ -63.578391228531558, 55.420457255377833 ], [ -63.630931702960197, 55.430271650434364 ], [ -63.665397051740833, 55.423050567938553 ], [ -63.736706707830443, 55.438239287370145 ], [ -63.749350576239415, 55.454861546507018 ], [ -63.792682824978201, 55.467238604699801 ], [ -63.775471358732453, 55.481709009422147 ], [ -63.756121471240327, 55.481652210550735 ], [ -63.716440830785466, 55.504406419678283 ], [ -63.691482710596183, 55.508711307201906 ], [ -63.684031892356771, 55.537753948683076 ], [ -63.670666920680908, 55.537463558083843 ], [ -63.665472806416503, 55.545987583674254 ], [ -63.664933247834405, 55.567526186048788 ], [ -63.68147601259664, 55.575651215195435 ], [ -63.662646180301053, 55.598887534211507 ], [ -63.682687465313151, 55.609052231711026 ], [ -63.687746419128729, 55.625478947802229 ], [ -63.680224762821005, 55.635220517784546 ], [ -63.648677405880377, 55.634096884196325 ], [ -63.643690095460819, 55.641579438011675 ], [ -63.668497502769164, 55.652288107176027 ], [ -63.715982406033092, 55.657673676314324 ], [ -63.764615776664492, 55.651587948631366 ], [ -63.751192389164451, 55.671508337613083 ], [ -63.704933086701672, 55.678599956177393 ], [ -63.727910697659745, 55.695408814384102 ], [ -63.723432781214228, 55.716259481215801 ], [ -63.709410431458807, 55.72132861954173 ], [ -63.725138660353473, 55.726637915044492 ], [ -63.698206829034085, 55.731562401988562 ], [ -63.725837406017632, 55.73821709612006 ], [ -63.700997397748978, 55.7429686356556 ], [ -63.70541380218323, 55.755544477420671 ], [ -63.682137601786046, 55.752993771262432 ], [ -63.674200580505385, 55.759325111150979 ], [ -63.679475556226976, 55.77397240709702 ], [ -63.666530471559767, 55.787789765110816 ], [ -63.675384568152126, 55.791996808597879 ], [ -63.717143467443904, 55.780365210578715 ], [ -63.768398849762448, 55.789996163385126 ], [ -63.761282700434712, 55.796918378306785 ], [ -63.777022753805319, 55.801478761153824 ], [ -63.770158172354286, 55.808101429958683 ], [ -63.780377252914597, 55.813026702522819 ], [ -63.772812413074504, 55.822035778805535 ], [ -63.749968605367926, 55.825139148008581 ], [ -63.766628212026056, 55.839497306611605 ], [ -63.752901969964576, 55.846500740940357 ], [ -63.845098695005753, 55.879073405978986 ], [ -63.825109950017179, 55.90444695857731 ], [ -63.854441670694854, 55.910012438451162 ], [ -63.79258279943673, 55.931461707059519 ], [ -63.723976778039372, 55.930515430476056 ], [ -63.70364061516581, 55.946063694471924 ], [ -63.712395936093117, 55.953540700446432 ], [ -63.688091977602099, 55.948176894889698 ], [ -63.68647047758585, 55.961720661655477 ], [ -63.654652275786589, 55.972190733277046 ], [ -63.624537295477943, 55.967472954752964 ], [ -63.627140336609628, 55.97368667285302 ], [ -63.598275710177425, 55.98217607217925 ], [ -63.605788375255656, 55.987809624774577 ], [ -63.584486709216968, 55.989904015631012 ], [ -63.563009934906319, 56.005885940598787 ], [ -63.505036551609294, 56.001423917848868 ], [ -63.487360422763423, 55.987478597236986 ], [ -63.47199130539618, 55.987776743938547 ], [ -63.470194549262267, 55.998346712369468 ], [ -63.49124315627467, 56.009883798158349 ], [ -63.486379788246296, 56.015579605956844 ], [ -63.467161727520235, 56.0119014376452 ], [ -63.443545120014662, 56.029516404164646 ], [ -63.495771826638553, 56.040012957655307 ], [ -63.577584038270921, 56.025055749736488 ], [ -63.603276252085081, 56.031172695601654 ], [ -63.636721292976638, 56.023522707517813 ], [ -63.690424939343075, 56.043873458925127 ], [ -63.683033860104963, 56.059567597082157 ], [ -63.714842199868812, 56.071684928002227 ], [ -63.774199479998337, 56.053576746700983 ], [ -63.837873760764595, 56.045044939108713 ], [ -63.8110506381853, 56.084634859995035 ], [ -63.835374911722909, 56.087744827403291 ], [ -63.839628080687064, 56.10062507236573 ], [ -63.882550282464479, 56.087129727950042 ], [ -63.887580566759574, 56.092861414774511 ], [ -63.838266895316892, 56.12249882984856 ], [ -63.856178766730665, 56.137136179074666 ], [ -63.88369470704729, 56.137032387102465 ], [ -63.953088187107618, 56.088227136153606 ], [ -63.969330947497809, 56.090660820155968 ], [ -64.018053752785136, 56.067263496598564 ], [ -64.034666931362224, 56.070144579085714 ], [ -64.035759815547848, 56.082171901242319 ], [ -64.002133308726542, 56.102730308112541 ], [ -64.008550496413264, 56.13817637506272 ], [ -64.035963316365979, 56.154881042158657 ], [ -64.004703463572469, 56.173325802413331 ], [ -63.862933320829008, 56.21258908925472 ], [ -63.874390256804752, 56.224782689314111 ], [ -63.895384848587049, 56.222571792438245 ], [ -63.911492365182298, 56.230833310277042 ], [ -63.912911313665006, 56.263534160788339 ], [ -63.934892766997045, 56.271119290385172 ], [ -63.967109880165708, 56.256396683834538 ], [ -64.022150472652953, 56.267813275401025 ], [ -64.087377182107588, 56.25688926086962 ], [ -64.0904958495762, 56.279897805136379 ], [ -64.13038159316379, 56.302349335757754 ], [ -64.148629234447142, 56.303406772967115 ], [ -64.098192406509185, 56.333631753064637 ], [ -64.10748966402592, 56.343012490871786 ], [ -64.099352133386404, 56.35191260441421 ], [ -64.127843922905541, 56.369928215049846 ], [ -64.110402813349225, 56.385964024306524 ], [ -64.115355872735563, 56.402106283652337 ], [ -64.14369459970456, 56.405392610140318 ], [ -64.177984873101821, 56.425243570463394 ], [ -64.152740169875614, 56.441112116759619 ], [ -64.119360317943929, 56.428827568023877 ], [ -64.020573642560336, 56.417936633340105 ], [ -63.993015978018263, 56.40821126853448 ], [ -63.965755076234053, 56.410675263831727 ], [ -63.901841630251717, 56.440704067854597 ], [ -63.886471095148252, 56.433021943026375 ], [ -63.874230194246543, 56.441960445127059 ], [ -63.883716957991716, 56.469064256292661 ], [ -63.930632407098706, 56.466207040429296 ], [ -63.944329455688958, 56.493101973738369 ], [ -63.931062987396047, 56.533757550215924 ], [ -64.001570880965019, 56.579215868636055 ], [ -64.004016152125644, 56.591236681582878 ], [ -64.050461398066346, 56.606348057340767 ], [ -64.024858018863711, 56.653007985154119 ], [ -64.09083627875178, 56.653832974061601 ], [ -64.145314397047699, 56.699754843022326 ], [ -64.099443131681682, 56.743622061343864 ], [ -64.076282030916147, 56.746495681793924 ], [ -64.07890733950768, 56.76700317314355 ], [ -64.012759544997607, 56.778676862429137 ], [ -64.001978691580433, 56.797588698755504 ], [ -64.012977960718914, 56.849846418317568 ], [ -64.003478675417142, 56.86174373752926 ], [ -63.899498848300937, 56.877300951596581 ], [ -63.859156243079674, 56.868740028442296 ], [ -63.863890620562643, 56.896822904237979 ], [ -63.878619371353949, 56.903930096940613 ], [ -63.899927659259482, 56.9057374433973 ], [ -63.908019637362877, 56.897887502191395 ], [ -63.918093967005802, 56.904157586896922 ], [ -63.908099828968929, 56.927521104118014 ], [ -63.914129473921598, 56.977630626218847 ], [ -63.907869693872243, 56.98411740753005 ], [ -63.886999888325946, 56.980964501821077 ], [ -63.857774013080167, 56.999212411992453 ], [ -63.891934772551089, 57.012773549085487 ], [ -63.890083399988065, 57.086083059128811 ], [ -63.811809789691694, 57.078878814181451 ], [ -63.764885510511093, 57.13992562715913 ], [ -63.779748264518346, 57.161796552256881 ], [ -63.770985000238561, 57.196018312871615 ], [ -63.737137403558279, 57.221595581710119 ], [ -63.741466856619581, 57.240765569325937 ], [ -63.759769630410219, 57.251726010769012 ], [ -63.809136377052909, 57.26215970820315 ], [ -63.844717048982396, 57.225958953629636 ], [ -63.84598684958879, 57.204189626499051 ], [ -63.872385624731557, 57.192531974782305 ], [ -63.884074871341454, 57.196255856745651 ], [ -63.866975401376479, 57.226124966403475 ], [ -63.883373482796813, 57.27762095957997 ], [ -63.855820776774358, 57.334301216205255 ], [ -63.824335101757462, 57.339164057585087 ], [ -63.801725888593651, 57.332287118672632 ], [ -63.785498829770575, 57.353197420530769 ], [ -63.70130115943806, 57.368333581970482 ], [ -63.723440942343835, 57.398335999248005 ], [ -63.710305510239124, 57.422630003827777 ], [ -63.716439630265249, 57.438210140036574 ], [ -63.731457194399233, 57.42656191538714 ], [ -63.761260859453223, 57.439331668603877 ], [ -63.775221383538941, 57.493572794746257 ], [ -63.767503130830875, 57.514831457643211 ], [ -63.75339404612658, 57.515294908535559 ], [ -63.751168606382258, 57.535743572455232 ], [ -63.771915905789854, 57.592449771592875 ], [ -63.745575065865864, 57.579488682505499 ], [ -63.730613612887083, 57.601129290602209 ], [ -63.699505727455659, 57.615346260216086 ], [ -63.684602044247022, 57.603435568734717 ], [ -63.670277839086999, 57.621185466447002 ], [ -63.64995148741766, 57.620063890219541 ], [ -63.64492305191142, 57.63428153279532 ], [ -63.622966204223147, 57.641969172342748 ], [ -63.598727324354321, 57.663840480401035 ], [ -63.594499422808518, 57.685652699034314 ], [ -63.609486066728081, 57.692058594116808 ], [ -63.596770436417408, 57.74124765033811 ], [ -63.623196061897112, 57.739482252522755 ], [ -63.632565877650272, 57.728945390438035 ], [ -63.652505717940976, 57.732908219401935 ], [ -63.668055702603681, 57.723942297585694 ], [ -63.659417218732059, 57.701817977263687 ], [ -63.672434783581338, 57.692580905894246 ], [ -63.685131828102783, 57.696914895716127 ], [ -63.692612040372545, 57.65269693637601 ], [ -63.702777403179105, 57.663766329622085 ], [ -63.735290898409268, 57.662801881038639 ], [ -63.748551058305658, 57.674279574808061 ], [ -63.753630485623162, 57.720744369483114 ], [ -63.804225088608256, 57.684507884344768 ], [ -63.847476419076109, 57.719022897761278 ], [ -63.883421663028045, 57.7126073452119 ], [ -63.907178356857607, 57.75137586038629 ], [ -63.912355576814093, 57.801122540933491 ], [ -63.938596251970324, 57.788551008971446 ], [ -63.997248913981075, 57.812078691050125 ], [ -64.011877533239598, 57.802481927866125 ], [ -64.020879511001226, 57.80951741484602 ], [ -64.033968675258649, 57.791437375780156 ], [ -64.025951877683312, 57.764403575177397 ], [ -64.072001289892867, 57.77002034321103 ], [ -64.091087860646169, 57.802343161629764 ], [ -64.116675411543923, 57.811139398507223 ], [ -64.162525385401793, 57.922941784530323 ], [ -64.190431324621201, 57.930747906685369 ], [ -64.204661835616591, 57.973629709429396 ], [ -64.227438647749963, 57.989543482816934 ], [ -64.238667985556077, 58.025032340805417 ], [ -64.218507640734686, 58.036983293846099 ], [ -64.250960325086055, 58.038718518372676 ], [ -64.269257714161498, 58.061412355243519 ], [ -64.277733338172354, 58.046952084091458 ], [ -64.29926608883541, 58.044519410381739 ], [ -64.320507802158048, 58.061487993148852 ], [ -64.353910748539548, 58.069299297691167 ], [ -64.412283205877131, 58.06115916723315 ], [ -64.433091441266583, 58.069908092927967 ], [ -64.435394879178858, 58.098375319740967 ], [ -64.421732517793714, 58.186673666313276 ], [ -64.373562816019174, 58.208380596775847 ], [ -64.247503821089737, 58.227421442240654 ], [ -64.217776976949494, 58.247732199714143 ], [ -64.21698542589634, 58.28745172788981 ], [ -64.196909500098158, 58.293578107651634 ], [ -64.19819133834342, 58.311920556707939 ], [ -64.178205299871863, 58.330582456035344 ], [ -64.186768670252533, 58.336724615368425 ], [ -64.158507128191047, 58.371033758649801 ], [ -64.11924872845276, 58.364738166261283 ], [ -64.097996432631959, 58.376836514658876 ], [ -64.061668244307995, 58.360926119390129 ], [ -64.030529775937694, 58.365983791624188 ], [ -64.013201006136285, 58.423995258095601 ], [ -63.998477045535971, 58.425536918745216 ], [ -63.986578551327852, 58.444357918324933 ], [ -63.964103658000703, 58.438831651079781 ], [ -63.924239382768533, 58.444871158178479 ], [ -63.881113275411415, 58.429439661254683 ], [ -63.80785005026317, 58.48974610281951 ], [ -63.858691899614193, 58.504514407796812 ], [ -63.849714389335944, 58.546579881391033 ], [ -63.862555499419457, 58.552694910309306 ], [ -63.858194063250274, 58.563797646724154 ], [ -63.8871291157946, 58.571654476702612 ], [ -63.907366072216568, 58.573492087939677 ], [ -63.946692810564414, 58.558805165535723 ], [ -63.951861700978533, 58.541267722209042 ], [ -63.973578986694704, 58.529636084697707 ], [ -64.008774763131669, 58.531258995289434 ], [ -64.034081680892029, 58.523450416904765 ], [ -64.046939807523572, 58.535070829596627 ], [ -64.067184477858206, 58.534492289184605 ], [ -64.104943467540338, 58.563230008478541 ], [ -64.111050377938611, 58.581660752281302 ], [ -64.092785394272624, 58.587893167003642 ], [ -64.115851871671055, 58.602350556907517 ], [ -64.107926733900172, 58.639650687117381 ], [ -64.078869777902597, 58.653949394642687 ], [ -64.047222191267196, 58.702628471299768 ], [ -63.95025377006229, 58.685247329088618 ], [ -63.909965176562004, 58.710253500148539 ], [ -63.85509666425753, 58.696443063733412 ], [ -63.835615404794538, 58.710118666784936 ], [ -63.811020695588084, 58.712202101697557 ], [ -63.794276597342787, 58.703287445486154 ], [ -63.754373873481434, 58.716737061274337 ], [ -63.718355345579162, 58.706385214720413 ], [ -63.694919584849622, 58.719633170501318 ], [ -63.669554001032445, 58.717066712161383 ], [ -63.66068426386434, 58.725224725794469 ], [ -63.629845241540977, 58.714643018144045 ], [ -63.619283531607934, 58.72386062227968 ], [ -63.56170816366091, 58.727718005201396 ], [ -63.506793949486685, 58.742574628646146 ], [ -63.467504073522811, 58.762047079363121 ], [ -63.492157355829264, 58.768545213450579 ], [ -63.550279838091512, 58.822365801817043 ], [ -63.550785079866813, 58.836550116019801 ], [ -63.595341144194364, 58.857175760297245 ], [ -63.635955096123432, 58.848699677964262 ], [ -63.661121035139445, 58.85471218555297 ], [ -63.680324277570129, 58.866459325785954 ], [ -63.679938274885004, 58.878562729611374 ], [ -63.70999684130296, 58.887053192431587 ], [ -63.725463078730002, 58.877174676491208 ], [ -63.777683327198702, 58.884058759512712 ], [ -63.812137958725437, 58.847062794323499 ], [ -63.835283357528439, 58.849030314250477 ], [ -63.862186034557645, 58.831977211720947 ], [ -63.897871310772032, 58.83736530602981 ], [ -63.957161639400759, 58.826905559672163 ], [ -63.975472285428054, 58.830253248353685 ], [ -63.995402752792309, 58.813709143142866 ], [ -64.045337573072956, 58.810350373063606 ], [ -64.04630107210437, 58.78957349342727 ], [ -64.0718737495325, 58.783246950949824 ], [ -64.069708783911025, 58.769086195185054 ], [ -64.087147958887158, 58.755997457809954 ], [ -64.137792863164506, 58.746166875637087 ], [ -64.178784975028336, 58.789039590300213 ], [ -64.200125740256198, 58.779461670743288 ], [ -64.229704568455546, 58.783648475550827 ], [ -64.233656709181389, 58.864113344824922 ], [ -64.287417748958092, 58.883458355123878 ], [ -64.28761262204462, 58.896753130294563 ], [ -64.332540164089167, 58.904562760548167 ], [ -64.350261670898959, 58.891877468329255 ], [ -64.378702365232414, 58.903819115838623 ], [ -64.400294226013685, 58.902718167411393 ], [ -64.405913478047466, 58.890820993227393 ], [ -64.420602664998981, 58.890278544027943 ], [ -64.426397967698506, 58.904526775498574 ], [ -64.455800990184329, 58.908216671504817 ], [ -64.50891046709522, 58.88758137499012 ], [ -64.550182519937138, 58.887455429573606 ], [ -64.579628554368099, 58.904713642563188 ], [ -64.614768163736002, 58.907515592047581 ], [ -64.651650200899169, 58.943752041855859 ], [ -64.730669930387975, 58.950784036621904 ], [ -64.756231631188101, 58.940278214526174 ], [ -64.750291988517802, 58.934115686439917 ], [ -64.765732786410808, 58.923802815416991 ], [ -64.820713512396367, 58.916892719720209 ], [ -64.839269682041703, 58.936999027830097 ], [ -64.889111464190108, 58.938382156377592 ], [ -64.87944046483203, 58.951882497009628 ], [ -64.832913573372849, 58.956407689823727 ], [ -64.840350127531337, 58.980324316536212 ], [ -64.862218547110643, 58.986162859307029 ], [ -64.870088449804868, 58.998261213620935 ], [ -64.865015902264432, 59.015404973361079 ], [ -64.829440913139379, 59.02030371153738 ], [ -64.840792978102783, 59.0324845813454 ], [ -64.77923880788741, 59.074957441019848 ], [ -64.683256931032446, 59.074695388589184 ], [ -64.670275211200433, 59.038614429418807 ], [ -64.595788230955989, 59.035044890631966 ], [ -64.522760760702951, 59.00256016052078 ], [ -64.49778082576502, 59.019432696549323 ], [ -64.471271678390735, 59.000000124630169 ], [ -64.481292144165067, 58.988330678701494 ], [ -64.460301091120698, 58.981514253249124 ], [ -64.38770532323052, 59.006183814322227 ], [ -64.294382550461521, 59.000498683094541 ], [ -64.261791154520353, 59.012956565526224 ], [ -64.315175988569976, 59.065629763167401 ], [ -64.360840687509111, 59.067295349288969 ], [ -64.363514058362483, 59.087428949405442 ], [ -64.376027887409649, 59.092607559265659 ], [ -64.416961356932248, 59.087603772228412 ], [ -64.450457831309038, 59.102889267901375 ], [ -64.490309140935778, 59.099075068513699 ], [ -64.498048755475267, 59.106415977738372 ], [ -64.48398560810223, 59.118165982932872 ], [ -64.491271963602458, 59.136427039213153 ], [ -64.472714698430579, 59.180391198898697 ], [ -64.521847460564501, 59.196741120851428 ], [ -64.511350586792361, 59.238930377088749 ], [ -64.488603468883227, 59.257110069664506 ], [ -64.54353627482665, 59.310435058783028 ], [ -64.493302747918094, 59.349576142955158 ], [ -64.538338966759639, 59.370781933908084 ], [ -64.528268109816239, 59.395628211424381 ], [ -64.516500344822134, 59.403905389409815 ], [ -64.460725488883, 59.412177108362911 ], [ -64.511598364775949, 59.422979852787115 ], [ -64.458024688602507, 59.459174817261498 ], [ -64.426076254918272, 59.464936944204631 ], [ -64.407199041835185, 59.477806105573961 ], [ -64.386963197966679, 59.473796924319352 ], [ -64.349655887564751, 59.502952346936581 ], [ -64.327852072392403, 59.497462765523565 ], [ -64.324069310403956, 59.512774127198718 ], [ -64.385805897204293, 59.523760727938395 ], [ -64.43376621240364, 59.541973597703134 ], [ -64.462900090828043, 59.523396081926094 ], [ -64.503092589808631, 59.521373386277943 ], [ -64.505301193617981, 59.501296407421087 ], [ -64.561462414047497, 59.487914931204259 ], [ -64.589672625036755, 59.466182661110665 ], [ -64.626767226142562, 59.481970390612297 ], [ -64.642814170691352, 59.459247607359146 ], [ -64.679834930436158, 59.446905143380839 ], [ -64.728552563556121, 59.466635403616429 ], [ -64.763092607368847, 59.49664075013925 ], [ -64.764145072918936, 59.514868004346205 ], [ -64.804199477887167, 59.525015850895521 ], [ -64.803131450849563, 59.534310283036625 ], [ -64.839629583585989, 59.553341987542801 ], [ -64.86919130613704, 59.54692311425292 ], [ -64.892205848890683, 59.562468700876202 ], [ -64.939439237307539, 59.567046009429845 ], [ -64.927059771742535, 59.593178882786646 ], [ -64.868706566891731, 59.586424174424181 ], [ -64.859808390013455, 59.591537326088613 ], [ -64.898259490142578, 59.641783277298551 ], [ -64.889508054344716, 59.66215548936934 ], [ -64.824920992352872, 59.675997593487843 ], [ -64.749431897203365, 59.717239373929047 ], [ -64.810202902207152, 59.729693132516751 ], [ -64.789986694817529, 59.760304054150168 ], [ -64.813989195069823, 59.795152234072205 ], [ -64.78847380192272, 59.803273462742929 ], [ -64.825224529209564, 59.825607978660202 ], [ -64.816731825556971, 59.835049424215953 ], [ -64.794961139743492, 59.83412162392748 ], [ -64.778085641622994, 59.852847890519818 ], [ -64.736944463003979, 59.855568365599083 ], [ -64.766554108339193, 59.869675435882492 ], [ -64.756166293271207, 59.88603159282615 ], [ -64.741521600629767, 59.889298937728675 ], [ -64.683776123057058, 59.877198416180953 ], [ -64.62679818796768, 59.930294630075558 ], [ -64.634058854989448, 59.936000958572485 ], [ -64.669418486318037, 59.930128640659241 ], [ -64.662230462033548, 59.952553964114983 ], [ -64.69312059558915, 59.958876384096769 ], [ -64.732191277275987, 59.95052452175932 ], [ -64.747420559075991, 59.954729741989908 ], [ -64.747099780563119, 59.9744888279224 ], [ -64.78277649938353, 59.980401411849343 ], [ -64.806830573435235, 59.970814004767696 ], [ -64.840228437607678, 59.970319076982044 ], [ -64.88767148653811, 60.041975138814742 ], [ -64.923643294536689, 60.061465122888066 ], [ -64.895875536749713, 60.066209293256748 ], [ -64.819806172492619, 60.050482115496692 ], [ -64.742713986758758, 60.056131130298255 ], [ -64.717856900608183, 60.064074253438527 ], [ -64.707986847422717, 60.084609144631102 ], [ -64.767296137014227, 60.108353167459249 ], [ -64.681191340458227, 60.107546252536075 ], [ -64.672032128121799, 60.113548498172463 ], [ -64.633072861024431, 60.105415012263379 ], [ -64.593715864459995, 60.117031273174078 ], [ -64.602471053148292, 60.167014621722437 ], [ -64.661566948110334, 60.17016036731831 ], [ -64.682493807075147, 60.181158826693888 ], [ -64.733229973405415, 60.164366236572235 ], [ -64.745562506175503, 60.16862804621092 ], [ -64.749879573014283, 60.188155583771341 ], [ -64.863941266765067, 60.228196803102868 ], [ -64.873388064195368, 60.237293781144807 ], [ -64.8527656794856, 60.252664695286917 ], [ -64.8622585470969, 60.258468521620713 ], [ -64.853777824672889, 60.269411461856706 ], [ -64.723425872865292, 60.291478301505066 ], [ -64.70741220570963, 60.303297109913082 ], [ -64.655215424768102, 60.294806010861073 ], [ -64.581224745815788, 60.308375185911743 ], [ -64.529743087993396, 60.296677854622324 ], [ -64.515571039071787, 60.305596604749731 ], [ -64.533984585575396, 60.341061644757069 ], [ -64.491407591208983, 60.372605559727326 ], [ -64.433100090290438, 60.377744012646531 ], [ -64.1848695670636, 60.374676014368184 ] ] ] } },
{ "type": "Feature", "properties": { "region_name": "Prince Edward Island / Île-du-Prince-Édouard", "region_uid": "11" }, "geometry": { "type": "Polygon", "coordinates": [ [ [ -62.25838472556454, 46.251574830632151 ], [ -62.44117033014755, 45.99790667522231 ], [ -62.500000009198871, 45.968496483219766 ], [ -62.500000013559522, 45.861271814166649 ], [ -62.754407426225612, 45.858330503356562 ], [ -62.86844924861898, 45.874282601514011 ], [ -62.970232490808876, 45.907739194820486 ], [ -63.104856306606166, 46.003128338759502 ], [ -63.330768947821099, 46.068230553843875 ], [ -63.579253310208415, 46.100187618825892 ], [ -63.614711611238391, 46.093096991765655 ], [ -63.769868969386138, 46.251066038409689 ], [ -63.833494923859661, 46.296737298230759 ], [ -63.941744239490276, 46.335833615035959 ], [ -64.003793782988154, 46.373996304578796 ], [ -64.167750739243033, 46.398634121764296 ], [ -64.103406358168584, 46.565902538645503 ], [ -64.113065908856598, 46.578304859051954 ], [ -64.212557177069002, 46.591510206983727 ], [ -64.428051271539744, 46.602487687490715 ], [ -64.446016130547576, 46.67965637534585 ], [ -64.388596740583239, 46.758659249201834 ], [ -64.308258415082648, 46.814673763878588 ], [ -64.230651556019936, 46.913021838415709 ], [ -64.160493471189568, 46.962582337363585 ], [ -64.069873956680468, 47.011613944141175 ], [ -64.002049725912812, 47.065460618632365 ], [ -63.97275956481726, 47.065967796359878 ], [ -63.978147319976323, 46.745390291778406 ], [ -63.845501142264411, 46.653046146678207 ], [ -63.692166667493566, 46.577380987739325 ], [ -63.598260312208531, 46.577521270352953 ], [ -63.56498783038959, 46.570282674301708 ], [ -63.507984743059005, 46.553096269311879 ], [ -63.480057449579462, 46.535958864468824 ], [ -63.415740681505504, 46.519445550053156 ], [ -63.331235900256118, 46.508853809076349 ], [ -63.227291041688353, 46.480044062076566 ], [ -63.076345844816004, 46.423777100814114 ], [ -62.936789344432498, 46.441045774288817 ], [ -62.802775434027851, 46.439210206534113 ], [ -62.647387495221736, 46.468107442746067 ], [ -62.481124296382809, 46.480252272318758 ], [ -62.393495046578245, 46.475664180939368 ], [ -62.170568941038759, 46.490165530232311 ], [ -62.029085616929805, 46.484605239684981 ], [ -61.966013431925454, 46.470542983192026 ], [ -61.954992977127425, 46.457011877491631 ], [ -61.992489667060383, 46.417859554841357 ], [ -62.25838472556454, 46.251574830632151 ] ] ] } },
{ "type": "Feature", "properties": { "region_name": "Nova Scotia / Nouvelle-Écosse", "region_uid": "12" }, "geometry": { "type": "MultiPolygon", "coordinates": [ [ [ [ -60.198583343292192, 43.944340648770869 ], [ -60.294991865725159, 43.999978546523934 ], [ -60.187265937080788, 43.999981107023693 ], [ -60.078919567319055, 43.969626628894233 ], [ -59.975113247178577, 43.967043467041705 ], [ -59.855786302416242, 43.991493182524444 ], [ -59.670457662114572, 44.051299311642829 ], [ -59.671019249568467, 44.014011365982121 ], [ -59.757630026481721, 43.949502346695134 ], [ -59.775406385862091, 43.937996675942934 ], [ -59.880431692119096, 43.908504030802874 ], [ -60.022216278602507, 43.908332293387879 ], [ -60.092153274852699, 43.916700133193785 ], [ -60.198583343292192, 43.944340648770869 ] ] ], [ [ [ -60.285819553360277, 46.999658032532579 ], [ -60.300441217233569, 46.662341212520602 ], [ -60.34086506729038, 46.360157298275432 ], [ -59.958342671757848, 46.233322209117631 ], [ -59.773176075669326, 46.191776980456467 ], [ -59.69048635273289, 46.141777459671836 ], [ -59.662494627824771, 46.108416394250774 ], [ -59.652150930149354, 46.059117385988358 ], [ -59.655678102888182, 46.031237362687669 ], [ -59.694083962960271, 45.989462339085613 ], [ -59.75153259068508, 45.990919667190553 ], [ -59.796800768691071, 45.919028248880061 ], [ -59.878688384881457, 45.866149793014209 ], [ -60.067247976915901, 45.777167367353904 ], [ -60.150273788873001, 45.687098943648415 ], [ -60.321810839375843, 45.603783006227971 ], [ -60.507557312521961, 45.536314755012242 ], [ -60.588925941269991, 45.519821012680389 ], [ -60.755776359195387, 45.505185185389102 ], [ -60.890039899375907, 45.507822001095747 ], [ -60.898370240250522, 45.343762180633597 ], [ -60.917375556374992, 45.295224557321546 ], [ -60.928182828181761, 45.277632000674252 ], [ -60.980344005558678, 45.238191235178085 ], [ -61.090486115209849, 45.173429755504586 ], [ -61.193898079054691, 45.148436442002648 ], [ -61.451292753765138, 45.143847299547403 ], [ -61.562608797054502, 45.061157100360489 ], [ -61.912768942443179, 44.975532849364811 ], [ -61.996453038268719, 44.976159377094319 ], [ -61.997543880694337, 44.914005696404949 ], [ -62.084815741691393, 44.874256893734213 ], [ -62.197153678487346, 44.810058766868657 ], [ -62.493607946019139, 44.777083639136315 ], [ -62.592548795260726, 44.757684469776621 ], [ -62.755072691000407, 44.678770181537679 ], [ -62.884335844254196, 44.642474569887185 ], [ -63.046221796659985, 44.61377893926165 ], [ -63.215315015518421, 44.620858656937152 ], [ -63.499282669265398, 44.562861282402018 ], [ -63.500761846462673, 44.498335413371962 ], [ -63.539331338158426, 44.413633293949168 ], [ -63.667839349702383, 44.413538092798333 ], [ -63.667731279405324, 44.422721425807545 ], [ -63.745912101693122, 44.421791910693564 ], [ -63.797324435971127, 44.436897464367149 ], [ -63.781486900784166, 44.462233081294904 ], [ -63.950622908061547, 44.485086407117421 ], [ -63.956677796518072, 44.503954735113666 ], [ -64.003148212042078, 44.501549632816619 ], [ -63.999999987890881, 44.409713076798589 ], [ -64.232719584733502, 44.251199210195523 ], [ -64.309082339325428, 44.171660308300851 ], [ -64.61257355763037, 44.002268482656426 ], [ -64.760485456188903, 43.752351189743948 ], [ -64.950595445482065, 43.751852283086528 ], [ -64.950409400310036, 43.734375236261712 ], [ -64.969144085228976, 43.709914509099526 ], [ -65.296498178481357, 43.50154010288616 ], [ -65.374900139201671, 43.432501905703376 ], [ -65.68305046168426, 43.330235837518401 ], [ -65.863667562554483, 43.253295678130634 ], [ -65.946882666581388, 43.251742356151894 ], [ -65.987482481015348, 43.262607650490281 ], [ -65.994283869911385, 43.272336060669964 ], [ -65.994152523101036, 43.360638436428168 ], [ -66.044164754338894, 43.40921054167773 ], [ -66.023472314511423, 43.523980967980599 ], [ -66.028900757912069, 43.530122445351964 ], [ -66.094149155550852, 43.530804683784659 ], [ -66.175610840705517, 43.626849746914225 ], [ -66.200525227670425, 43.748879950570448 ], [ -66.222018428801036, 44.000665034320996 ], [ -66.447081458051855, 44.244315844435931 ], [ -66.146584985619199, 44.528678188151261 ], [ -65.921576889469335, 44.662614925687706 ], [ -65.039263164916477, 45.093530860647 ], [ -65.026279527349473, 45.252977610512346 ], [ -65.000168546562477, 45.272750950939205 ], [ -64.933749555536806, 45.449457268126721 ], [ -64.769206736888236, 45.559960372857361 ], [ -64.540133023009687, 45.684271655958021 ], [ -64.485750629505631, 45.702958147712366 ], [ -64.45932004838518, 45.746548298192046 ], [ -64.366725357136104, 45.826283416372974 ], [ -64.352043230629306, 45.85303486687436 ], [ -64.32337106182699, 45.854964253985898 ], [ -64.283016000353314, 45.829784927853829 ], [ -64.254712511535146, 45.87957350144697 ], [ -64.220332288782146, 45.901717192904165 ], [ -64.159145143543313, 45.975307695809654 ], [ -64.149423687615069, 45.980147472934611 ], [ -64.046803529200318, 45.976818011659788 ], [ -64.042379738622685, 46.004593960988331 ], [ -64.02713958810898, 46.022013256182689 ], [ -63.579253310208415, 46.100187618825892 ], [ -63.330768947821099, 46.068230553843875 ], [ -63.104856306606166, 46.003128338759502 ], [ -62.970232490808876, 45.907739194820486 ], [ -62.86844924861898, 45.874282601514011 ], [ -62.754407426225612, 45.858330503356562 ], [ -62.500000013559522, 45.861271814166649 ], [ -62.50000001169181, 45.820944326826222 ], [ -62.603631139425573, 45.723098906845408 ], [ -62.452751461934852, 45.671938904113688 ], [ -62.334721674350064, 45.709418142737924 ], [ -62.247871766604575, 45.749405951810601 ], [ -62.165737178284324, 45.797609903925277 ], [ -62.101396240707359, 45.851074539457272 ], [ -61.998885510271428, 45.898490220744002 ], [ -61.658127709057482, 46.000072684478496 ], [ -61.583719086981844, 45.999753370722239 ], [ -61.576991574259424, 46.036413373630928 ], [ -61.498031439974454, 46.097079984741278 ], [ -61.459812139283578, 46.17201604347121 ], [ -61.306622272047605, 46.249892324047018 ], [ -61.274792670692975, 46.369598318365384 ], [ -61.11085311584484, 46.50007073210385 ], [ -61.07787828942368, 46.500056827610813 ], [ -61.065239627456812, 46.603685599341766 ], [ -61.043897057739649, 46.642911952530099 ], [ -60.930830466970995, 46.750374658318087 ], [ -60.913837669596283, 46.78374684818629 ], [ -60.800515708902722, 46.870223435671612 ], [ -60.71621857234549, 46.978739721579437 ], [ -60.620050297135016, 47.06024733002301 ], [ -60.564555535642604, 47.061110741938272 ], [ -60.550930049968919, 47.054262469018191 ], [ -60.458479260095437, 47.064215193378395 ], [ -60.183380570051661, 47.235080692529799 ], [ -60.109070519061042, 47.232021707687665 ], [ -60.285819553360277, 46.999658032532579 ] ] ] ] } },
{ "type": "Feature", "properties": { "region_name": "New Brunswick / Nouveau-Brunswick", "region_uid": "13" }, "geometry": { "type": "Polygon", "coordinates": [ [ [ -64.73402494065445, 47.639171123520164 ], [ -64.830804567154289, 47.50078922344845 ], [ -64.821007557582348, 47.462702864073961 ], [ -64.832835296932785, 47.459675101300988 ], [ -64.885221194498428, 47.222747580313786 ], [ -64.883163161739674, 47.202669255355211 ], [ -64.842036521612627, 47.144102038330566 ], [ -64.778558693107726, 47.082681093812489 ], [ -64.762539457364312, 47.007835915503989 ], [ -64.851786512887216, 46.868001311483546 ], [ -64.862665384940911, 46.806401075722121 ], [ -64.827675136845741, 46.765903806979608 ], [ -64.678688184478276, 46.686105192743696 ], [ -64.682127839894477, 46.560952345367873 ], [ -64.510162555439237, 46.436081672789065 ], [ -64.505934595109665, 46.251911549405257 ], [ -64.26429191413375, 46.250018368018125 ], [ -64.005353212152272, 46.225196454430709 ], [ -63.879714156362311, 46.221459794481568 ], [ -63.749119118586265, 46.229546373489143 ], [ -63.614711611238391, 46.093096991765655 ], [ -64.025374851606145, 46.022531493876265 ], [ -64.042379738622685, 46.004593960988331 ], [ -64.046803529200318, 45.976818011659788 ], [ -64.149423687615069, 45.980147472934611 ], [ -64.220332288782146, 45.901717192904165 ], [ -64.254712511535146, 45.87957350144697 ], [ -64.283016000353314, 45.829784927853829 ], [ -64.32337106182699, 45.854964253985898 ], [ -64.352043230629306, 45.85303486687436 ], [ -64.366725357136104, 45.826283416372974 ], [ -64.45932004838518, 45.746548298192046 ], [ -64.485750629505631, 45.702958147712366 ], [ -64.540133023009687, 45.684271655958021 ], [ -64.806045271851985, 45.536489209251123 ], [ -65.029901733570355, 45.524328593566601 ], [ -65.229646238835443, 45.477118161718174 ], [ -65.37763993919809, 45.362056589916527 ], [ -65.500729720827906, 45.28967197795042 ], [ -65.779293544369139, 45.242200324496295 ], [ -65.834320540333565, 45.211841928802393 ], [ -65.92287389384154, 45.187514323467553 ], [ -65.966402772082162, 45.213493571966339 ], [ -65.988355281812673, 45.205331826504541 ], [ -65.999754957341239, 45.215911752552437 ], [ -66.09111702874911, 45.211765577979449 ], [ -66.188451183884993, 45.151025743224423 ], [ -66.240877547946141, 45.131276259168416 ], [ -66.66543939793533, 44.916657682804718 ], [ -66.671199377150359, 44.632543933170531 ], [ -66.684361364374681, 44.576245073886696 ], [ -66.715284543936548, 44.555680603530448 ], [ -66.894564924293292, 44.562390975543131 ], [ -66.911061221718455, 44.57881001185541 ], [ -66.910469468147568, 44.67640656253441 ], [ -66.863030809787119, 44.779031589594062 ], [ -66.932582486192985, 44.825509238654497 ], [ -66.965304777981103, 44.828870316689724 ], [ -66.982138091150986, 44.867259232922045 ], [ -66.968721387140889, 44.910398127259768 ], [ -67.021665902563427, 44.953925942842474 ], [ -67.128777791345129, 45.132277809101481 ], [ -67.158777810695682, 45.162000005433391 ], [ -67.205082574459027, 45.171425969702881 ], [ -67.227277113246998, 45.163425971967861 ], [ -67.247443695172549, 45.180898180109764 ], [ -67.283360411967919, 45.191870393038805 ], [ -67.302693720338866, 45.160731488762181 ], [ -67.295971525564951, 45.147842568140447 ], [ -67.320027796504647, 45.14238889350559 ], [ -67.320833300656957, 45.131333292112394 ], [ -67.340861116089897, 45.125027799518584 ], [ -67.353444416106228, 45.129166691523999 ], [ -67.380722195546355, 45.152138908743439 ], [ -67.405027804600195, 45.160055606335824 ], [ -67.400527797590115, 45.177666687872936 ], [ -67.429277801652518, 45.193472214121186 ], [ -67.439305585250167, 45.226111100020539 ], [ -67.468527796565269, 45.250638890535427 ], [ -67.476416693225374, 45.275388900639214 ], [ -67.489055605979118, 45.280583301617376 ], [ -67.485083300683428, 45.291138901330534 ], [ -67.476111102562371, 45.288638892736174 ], [ -67.460305597567327, 45.300027787690937 ], [ -67.456916691513882, 45.325249994588901 ], [ -67.428861080791492, 45.344333306681293 ], [ -67.425361095815418, 45.357416692569338 ], [ -67.434527788227172, 45.364972201225306 ], [ -67.419249993928076, 45.377111098762775 ], [ -67.4612499905829, 45.422222205393624 ], [ -67.474111099733406, 45.425083310596349 ], [ -67.482111084170683, 45.459388908563668 ], [ -67.503472184718163, 45.489555592960436 ], [ -67.467555605460717, 45.495166706715459 ], [ -67.463583279695257, 45.50836110367063 ], [ -67.449722216390768, 45.499083304468854 ], [ -67.45013888687582, 45.51027779128821 ], [ -67.416222193154667, 45.501305584635311 ], [ -67.434860473559823, 45.528148249254869 ], [ -67.420666089539353, 45.549676038973843 ], [ -67.425527813503734, 45.57841670627954 ], [ -67.456722210855929, 45.604333313978572 ], [ -67.493305587804045, 45.601333305803443 ], [ -67.487972219463586, 45.59580559965972 ], [ -67.499027790011255, 45.586638891567013 ], [ -67.608388909536643, 45.606138913324308 ], [ -67.639111093840725, 45.625111110715324 ], [ -67.645583299678066, 45.613333303733022 ], [ -67.675222207535541, 45.63074999710669 ], [ -67.709583283657054, 45.681333305081878 ], [ -67.734555601614289, 45.688916691742932 ], [ -67.717944392711232, 45.667666699853918 ], [ -67.727222188443449, 45.662638901158118 ], [ -67.744416694276154, 45.672916685299562 ], [ -67.75427781311987, 45.667555595593925 ], [ -67.768722188949695, 45.677472184107032 ], [ -67.803638902443495, 45.677638890339317 ], [ -67.818111077136976, 45.693722206437627 ], [ -67.803111107349523, 45.69602780178549 ], [ -67.809722190524084, 45.729444398636652 ], [ -67.782000005958693, 45.731083302382849 ], [ -67.793166704090694, 45.750500009640859 ], [ -67.806277796103032, 45.755249988157374 ], [ -67.806472198979776, 45.794416695343209 ], [ -67.78069441425437, 45.817750005534151 ], [ -67.75533328656924, 45.823361104929639 ], [ -67.797111085072316, 45.860027807743556 ], [ -67.803916708024261, 45.882888908413143 ], [ -67.76805511837847, 45.898120504187141 ], [ -67.765335628423102, 45.909756493414534 ], [ -67.750620737044457, 45.917636883066002 ], [ -67.781248382912722, 45.943452975985551 ], [ -67.790194410777744, 47.067222201413756 ], [ -67.88291670745889, 47.104416703866065 ], [ -67.890722190671937, 47.126499994696388 ], [ -67.928666719493066, 47.156222191660753 ], [ -67.957222197480235, 47.199611093135879 ], [ -67.989694388138872, 47.210027801757647 ], [ -68.019666692255868, 47.238500000196012 ], [ -68.074000005522379, 47.259166703277302 ], [ -68.081944413171144, 47.271000001418159 ], [ -68.13588890386292, 47.295638888432222 ], [ -68.152194420459608, 47.309666694347932 ], [ -68.154666680876758, 47.325194406687999 ], [ -68.214527816221491, 47.339611099007442 ], [ -68.234472211026343, 47.35530560253904 ], [ -68.264888888318623, 47.352222202608623 ], [ -68.2848056195091, 47.360277799014867 ], [ -68.303249997685242, 47.355249999043473 ], [ -68.327666714526316, 47.360083298422587 ], [ -68.363111101886531, 47.354666687932706 ], [ -68.384694212099618, 47.324092925344466 ], [ -68.377860889588888, 47.287370723391859 ], [ -68.448749822491067, 47.282009612122245 ], [ -68.47499984120995, 47.29714852015114 ], [ -68.516749853082729, 47.296092925840263 ], [ -68.549777657433552, 47.28214849576046 ], [ -68.580027690628313, 47.287120711892008 ], [ -68.597666566854727, 47.270148512818892 ], [ -68.593527680322921, 47.258787418844925 ], [ -68.617499894175722, 47.243370704912728 ], [ -68.659833203246663, 47.236120696031961 ], [ -68.687138832875661, 47.244426301753322 ], [ -68.717000000069476, 47.240583294890108 ], [ -68.764444392251505, 47.222055588295333 ], [ -68.811444391289768, 47.21516668471078 ], [ -68.85744440572843, 47.190333315068173 ], [ -68.900027803084953, 47.177722187560391 ], [ -68.941055596606759, 47.2060832923719 ], [ -68.96119440358585, 47.205666694963298 ], [ -69.040888937406422, 47.245009589405491 ], [ -69.050750056024341, 47.256481793952311 ], [ -69.053083349272697, 47.298537398091803 ], [ -68.799628235595137, 47.348941931541276 ], [ -68.568107007230992, 47.427146240775741 ], [ -68.383549334905922, 47.553092290930174 ], [ -68.382334183211341, 47.916116945547593 ], [ -68.122792929736661, 47.916442195771822 ], [ -68.122605028315306, 47.999892420055247 ], [ -67.598005725483915, 47.999815905417179 ], [ -67.61341641085626, 47.979809615518263 ], [ -67.597119301455535, 47.972257069533974 ], [ -67.607607912727673, 47.960406142184254 ], [ -67.608083061707973, 47.93680607795676 ], [ -67.592942646146341, 47.924406535093141 ], [ -67.582154471761356, 47.928149575051059 ], [ -67.512527415844659, 47.913713053607815 ], [ -67.393064049472386, 47.867947545167354 ], [ -67.3935398408818, 47.859697173767032 ], [ -67.379483828999511, 47.856248621069888 ], [ -67.389844172714234, 47.85012599124039 ], [ -67.374261162320948, 47.843826661082886 ], [ -67.357762618649829, 47.846851638398775 ], [ -67.36411870986457, 47.857353963029951 ], [ -67.351602950023178, 47.873864122366044 ], [ -67.343939590329569, 47.867796522906978 ], [ -67.33689179563838, 47.87170065119399 ], [ -67.348441408519349, 47.895614287830028 ], [ -67.304846635215981, 47.885717783172545 ], [ -67.294698497217269, 47.888555455086895 ], [ -67.297922593594265, 47.898674647254616 ], [ -67.287963693812571, 47.89878774324864 ], [ -67.24446795364166, 47.881690006499994 ], [ -67.228215211616188, 47.887271519906179 ], [ -67.21084354503671, 47.875481814562683 ], [ -67.175074948302907, 47.882676357140959 ], [ -67.164699738086455, 47.896833019072041 ], [ -67.142716497828786, 47.892527017957356 ], [ -67.133046947032284, 47.914836428582838 ], [ -67.106048821418341, 47.913100651431613 ], [ -67.072862509934382, 47.921537850011774 ], [ -67.058961927912421, 47.935615221781241 ], [ -66.979550731467, 47.893723331047738 ], [ -66.957952521556265, 47.892063749903194 ], [ -66.943913594905979, 47.902943928021358 ], [ -66.969728848372796, 47.914697834624057 ], [ -66.963843184838623, 47.943069145212228 ], [ -66.921270855964451, 47.984605091058768 ], [ -66.853086082765842, 48.001449833302999 ], [ -66.794230755682008, 47.991399246357339 ], [ -66.726744728496683, 48.00936622787254 ], [ -66.693605257507429, 48.006810681487224 ], [ -66.528127507490794, 48.048371930477145 ], [ -66.502431083875479, 48.077025104378606 ], [ -66.462155420744466, 48.086260128584158 ], [ -66.382128067737483, 48.088162803581248 ], [ -66.348900092694223, 48.07714990639775 ], [ -66.307195296908588, 48.049159143904141 ], [ -66.258839528946325, 48.036573346934524 ], [ -66.181427401194711, 48.047689709728701 ], [ -66.003304269578436, 48.03055921092956 ], [ -66.003006826449621, 48.016351993988309 ], [ -65.759494082601904, 48.000012042578582 ], [ -65.50464636321567, 48.00000602031529 ], [ -65.511896102598953, 47.978795183079654 ], [ -65.536494563940536, 47.957830325170029 ], [ -65.6917449069322, 47.880262202083877 ], [ -65.722516763902007, 47.853859692936176 ], [ -65.681737978018589, 47.750056078737956 ], [ -65.643019621429346, 47.68292277299355 ], [ -65.611575059729475, 47.691873407731848 ], [ -65.529806832063983, 47.697146061827738 ], [ -65.237226999816414, 47.83666876767856 ], [ -65.146332308534923, 47.861506264193324 ], [ -65.048850337021008, 47.865407706272421 ], [ -64.927843237974642, 47.852611513319388 ], [ -64.799839440170672, 47.858790795736979 ], [ -64.750522596934204, 47.869149039843975 ], [ -64.601515959743224, 47.9749771401153 ], [ -64.552141973868743, 47.998601760437282 ], [ -64.550219596890031, 48.011620640847624 ], [ -64.531682983725403, 48.025019441757472 ], [ -64.509313617165546, 48.023624756804175 ], [ -64.477592495584545, 48.004912727215064 ], [ -64.45958803195559, 47.956476227312692 ], [ -64.511330337525806, 47.813002411421792 ], [ -64.575427999128976, 47.719553645043099 ], [ -64.73402494065445, 47.639171123520164 ] ] ] } },
{ "type": "Feature", "properties": { "region_name": "Quebec / Québec", "region_uid": "24" }, "geometry": { "type": "MultiPolygon", "coordinates": [ [ [ [ -61.96227139467377, 47.200142757421915 ], [ -62.014991295781165, 47.214637075145681 ], [ -62.027565240742135, 47.236105506070786 ], [ -61.994858910577697, 47.28097230366194 ], [ -61.985472381117376, 47.365729320504791 ], [ -61.955950794820438, 47.403413875156915 ], [ -61.8373728293179, 47.45872906571212 ], [ -61.642995640411662, 47.589643613167439 ], [ -61.532942594811274, 47.743662650467527 ], [ -61.537275829718759, 47.763013901923905 ], [ -61.493487521864367, 47.811758702739382 ], [ -61.120900894931715, 47.859512096262527 ], [ -61.110146491553103, 47.854476841888463 ], [ -61.116548422189148, 47.834506921246373 ], [ -61.247587017320186, 47.76194957197638 ], [ -61.357687290112679, 47.629994333853709 ], [ -61.440184348127524, 47.555724814192999 ], [ -61.483637914500889, 47.530988599169831 ], [ -61.630951446060344, 47.504291641349809 ], [ -61.68307013846001, 47.479079218386183 ], [ -61.702025962203216, 47.391131717818922 ], [ -61.687968705723748, 47.315017545833939 ], [ -61.661000383693725, 47.279134855409922 ], [ -61.684009588882553, 47.258463487244221 ], [ -61.883288912465353, 47.199052918702563 ], [ -61.96227139467377, 47.200142757421915 ] ] ], [ [ [ -73.133336759449762, 62.25001131343781 ], [ -72.847579942903863, 62.148920996339342 ], [ -72.811179382032378, 62.144873220018887 ], [ -72.726920961830729, 62.153339993457472 ], [ -72.612702283922474, 62.123609921497859 ], [ -72.576671844557495, 62.097330815266794 ], [ -72.565169876943415, 62.072728496393765 ], [ -72.569513884409716, 62.013382873052691 ], [ -72.60108081037653, 61.98268769268514 ], [ -72.57558032984484, 61.982484393216303 ], [ -72.59425059567775, 61.975988712829377 ], [ -72.579917614191004, 61.951139110518866 ], [ -72.521126702021334, 61.92415119117512 ], [ -72.490901279771691, 61.930052191653601 ], [ -72.47348340752427, 61.925371688679405 ], [ -72.445004694123895, 61.91229839719967 ], [ -72.443841987477668, 61.898091498978687 ], [ -72.42310448009944, 61.905780100605242 ], [ -72.384982107529453, 61.887547107358301 ], [ -72.368246685671622, 61.896985403276211 ], [ -72.324554314506287, 61.884687790458003 ], [ -72.279237103765993, 61.890848796834405 ], [ -72.211106487121626, 61.875184609006027 ], [ -72.1802963162433, 61.853713290136056 ], [ -72.180307607966739, 61.839107492005333 ], [ -72.198302993229134, 61.836281199814707 ], [ -72.163266984306475, 61.827985986657083 ], [ -72.11226592288979, 61.797887704029918 ], [ -72.16629240460901, 61.794613702205517 ], [ -72.190154929867262, 61.784125322833994 ], [ -72.172743096315699, 61.774968303670839 ], [ -72.215494623331651, 61.770262104107921 ], [ -72.226090805989998, 61.757981902889597 ], [ -72.206527718115652, 61.755686215203291 ], [ -72.209073391781416, 61.743261486795355 ], [ -72.155938892931985, 61.745469398384621 ], [ -72.142610523343691, 61.762764208499981 ], [ -72.113125490238303, 61.768152592136147 ], [ -72.072535972571146, 61.757560402031636 ], [ -72.096494318667624, 61.750553096557596 ], [ -72.08262398632327, 61.744687291434239 ], [ -72.04733340331039, 61.747856388963719 ], [ -72.036262994480495, 61.731048292334833 ], [ -71.693170398963645, 61.67380656684513 ], [ -71.550884978273444, 61.6389087678252 ], [ -71.50489804894697, 61.617578505938695 ], [ -71.500002585019047, 61.577011987021052 ], [ -71.545293955038744, 61.549925054452864 ], [ -71.558792867191997, 61.500042228463506 ], [ -71.558151445082402, 61.402446067819184 ], [ -71.65222021584124, 61.305987000328159 ], [ -71.521163710167926, 61.238216512102106 ], [ -71.431808713608021, 61.227794099285035 ], [ -71.394366835891418, 61.183225203629327 ], [ -71.230144877577615, 61.174192794783885 ], [ -71.187433909831157, 61.152303232042783 ], [ -70.986634790867669, 61.135074264602672 ], [ -70.927958272732397, 61.118891406889844 ], [ -70.858151292298501, 61.086301203320261 ], [ -70.825630149457666, 61.081721762058883 ], [ -70.741610985104046, 61.09205892292632 ], [ -70.640529882711618, 61.058204700390611 ], [ -70.552592166981583, 61.061598017408436 ], [ -70.501018452930708, 61.076813250713961 ], [ -70.448949152574116, 61.072970073167518 ], [ -70.404423819965956, 61.09474410001269 ], [ -70.321482420403314, 61.105438825610079 ], [ -70.252497139804447, 61.102756446827726 ], [ -70.227132670690381, 61.090975097738472 ], [ -70.129410934661976, 61.0957004031929 ], [ -70.090584634284426, 61.058549688331105 ], [ -70.138694872895229, 61.026782227708928 ], [ -70.145926927634491, 61.010334425141103 ], [ -70.098453588788814, 60.984100042983293 ], [ -70.05039631614963, 60.878166104862743 ], [ -69.907768150809531, 60.816862968095037 ], [ -69.893674173259754, 60.816855254221736 ], [ -69.865132911837179, 60.83678575421785 ], [ -69.875823929131926, 60.85893534992384 ], [ -69.839957185553502, 60.893880477257078 ], [ -69.738464291571375, 60.94187591980333 ], [ -69.66490276565743, 61.063160376735617 ], [ -69.620379144614219, 61.083762573436942 ], [ -69.58950773779803, 61.088018012583845 ], [ -69.520331857771268, 61.079779606867014 ], [ -69.475389560720785, 61.063391730558884 ], [ -69.376460814812049, 60.948844473413104 ], [ -69.2697966857654, 60.875288432157461 ], [ -69.270919377392474, 60.85301301109839 ], [ -69.337855696816405, 60.788308085179359 ], [ -69.380175419370815, 60.766781158550678 ], [ -69.598718538551694, 60.70253485766434 ], [ -69.635043488154651, 60.681245345766641 ], [ -69.644990121606355, 60.655910709474391 ], [ -69.606012536560144, 60.590012244696055 ], [ -69.617542932233093, 60.561619887085619 ], [ -69.687538939900008, 60.499924335546005 ], [ -69.707515011597849, 60.463654823685168 ], [ -69.704561770935015, 60.425131245419259 ], [ -69.654244972470593, 60.360085627920697 ], [ -69.660660509460897, 60.323387071119541 ], [ -69.538011606833933, 60.210462289431646 ], [ -69.550871290451667, 60.136931774518693 ], [ -69.532027588488347, 60.093901893687885 ], [ -69.58609282420376, 59.984149401693998 ], [ -69.485073630729815, 59.885018935173505 ], [ -69.472143911878334, 59.847524629489655 ], [ -69.463674396248777, 59.808066117399328 ], [ -69.482639743924437, 59.706584047456857 ], [ -69.472798482505482, 59.640309990770078 ], [ -69.500001341294279, 59.578558465121205 ], [ -69.469459890675139, 59.495529509723816 ], [ -69.415859535371027, 59.448029554673312 ], [ -69.229707302569935, 59.35632895124175 ], [ -69.17750876347823, 59.265973975624277 ], [ -69.174675731440871, 59.239293717866353 ], [ -69.200846633607156, 59.225205430773741 ], [ -69.157099855184498, 59.183849989834961 ], [ -69.123332346437905, 59.185898960259202 ], [ -69.105117316012041, 59.171030491208079 ], [ -69.000001074853358, 59.054401131163495 ], [ -68.915186771172017, 58.983114604294897 ], [ -68.861933135371032, 58.955906636038705 ], [ -68.797518192976753, 58.947981997994731 ], [ -68.592518170845665, 58.952127908862209 ], [ -68.499999973874921, 58.945840560491263 ], [ -68.411721529550235, 58.925287870192705 ], [ -68.316167414645747, 58.884880991802035 ], [ -68.257524004205777, 58.836742168595961 ], [ -68.244282548331896, 58.805990386578507 ], [ -68.256568816951543, 58.641396125905679 ], [ -68.209612507393075, 58.601376612285058 ], [ -68.164152344582959, 58.59341914612893 ], [ -68.000000618160698, 58.600011162854223 ], [ -67.959311074375535, 58.594893034494277 ], [ -67.718964938848856, 58.523276205250937 ], [ -67.648440379008989, 58.461249510092109 ], [ -67.642920364712992, 58.441561694593616 ], [ -67.683538271514294, 58.359602005150236 ], [ -67.674005468220216, 58.283872355620346 ], [ -67.610911534087165, 58.266151889581828 ], [ -67.579536734585574, 58.267030301828051 ], [ -67.231730865223312, 58.409059621116846 ], [ -67.136728947738391, 58.465604062360129 ], [ -66.990063390800145, 58.509320265557179 ], [ -66.826581512374887, 58.531807312639422 ], [ -66.763082518992277, 58.558240316405964 ], [ -66.68407460672546, 58.599616510979352 ], [ -66.605176246162273, 58.655732369023305 ], [ -66.513276509206307, 58.771904794213846 ], [ -66.513376710207197, 58.833869698006637 ], [ -66.485377776643489, 58.878537862089544 ], [ -66.466164872042611, 58.885261860492491 ], [ -66.331261225428506, 58.885176081226533 ], [ -66.285773556245502, 58.866467397266014 ], [ -66.151446645645294, 58.877522365244033 ], [ -65.973903413184857, 58.93036806459898 ], [ -65.92842659271021, 58.955082801592276 ], [ -65.920705447558774, 58.96607564366974 ], [ -65.947353479269367, 58.989023640376949 ], [ -65.925579194851451, 59.156525016149978 ], [ -65.96690198356535, 59.265106876617153 ], [ -65.954906798333482, 59.311378998290472 ], [ -65.884612424471484, 59.365913096313129 ], [ -65.592233975688231, 59.527971898464656 ], [ -65.57351049180221, 59.560599506808423 ], [ -65.598015932306922, 59.734433589950612 ], [ -65.579324564429498, 59.764834685220144 ], [ -65.255065718046211, 59.937980732403005 ], [ -65.201300107724748, 59.987324622054651 ], [ -65.189778017481188, 60.008039632575674 ], [ -65.201050285242061, 60.036801591055649 ], [ -65.172037050888534, 60.068855912852925 ], [ -65.106626703849415, 60.067996181713482 ], [ -65.08301618646064, 60.058832482197261 ], [ -65.072707168730403, 60.06524071672564 ], [ -65.071974013664672, 60.109783947704337 ], [ -65.050734881619505, 60.125492343065211 ], [ -65.013602434970664, 60.131085050354415 ], [ -65.008482462194053, 60.162838918317682 ], [ -64.974750347424759, 60.164205645604468 ], [ -64.974229994412354, 60.185540944217635 ], [ -64.933288575558052, 60.201407917258827 ], [ -64.969485091308584, 60.217694666741295 ], [ -64.965427815783841, 60.257446504624475 ], [ -64.942616399050962, 60.274435934299845 ], [ -64.895307801061151, 60.285694244196627 ], [ -64.852419971714141, 60.309972474981151 ], [ -64.845403200265693, 60.341564320500154 ], [ -64.862941571628596, 60.361462462818025 ], [ -64.84500182291103, 60.37513330862329 ], [ -64.796846925399493, 60.370834200735864 ], [ -64.74065048706224, 60.352702021169932 ], [ -64.730129910677277, 60.36665639174052 ], [ -64.627071684277666, 60.346483272419796 ], [ -64.517475898826888, 60.304398201871791 ], [ -64.529743087993396, 60.296677854622324 ], [ -64.581224745815788, 60.308375185911743 ], [ -64.655215424768102, 60.294806010861073 ], [ -64.70741220570963, 60.303297109913082 ], [ -64.723425872865292, 60.291478301505066 ], [ -64.853777824672889, 60.269411461856706 ], [ -64.8622585470969, 60.258468521620713 ], [ -64.8527656794856, 60.252664695286917 ], [ -64.873388064195368, 60.237293781144807 ], [ -64.863941266765067, 60.228196803102868 ], [ -64.749879573014283, 60.188155583771341 ], [ -64.745562506175503, 60.16862804621092 ], [ -64.733229973405415, 60.164366236572235 ], [ -64.682493807075147, 60.181158826693888 ], [ -64.661566948110334, 60.17016036731831 ], [ -64.602471053148292, 60.167014621722437 ], [ -64.593715864459995, 60.117031273174078 ], [ -64.633072861024431, 60.105415012263379 ], [ -64.672032128121799, 60.113548498172463 ], [ -64.681191340458227, 60.107546252536075 ], [ -64.767296137014227, 60.108353167459249 ], [ -64.707986847422717, 60.084609144631102 ], [ -64.717856900608183, 60.064074253438527 ], [ -64.742713986758758, 60.056131130298255 ], [ -64.819806172492619, 60.050482115496692 ], [ -64.895875536749713, 60.066209293256748 ], [ -64.923643294536689, 60.061465122888066 ], [ -64.88767148653811, 60.041975138814742 ], [ -64.840228437607678, 59.970319076982044 ], [ -64.806830573435235, 59.970814004767696 ], [ -64.78277649938353, 59.980401411849343 ], [ -64.747099780563119, 59.9744888279224 ], [ -64.747420559075991, 59.954729741989908 ], [ -64.732191277275987, 59.95052452175932 ], [ -64.69312059558915, 59.958876384096769 ], [ -64.662230462033548, 59.952553964114983 ], [ -64.669418486318037, 59.930128640659241 ], [ -64.634058854989448, 59.936000958572485 ], [ -64.62679818796768, 59.930294630075558 ], [ -64.683776123057058, 59.877198416180953 ], [ -64.741521600629767, 59.889298937728675 ], [ -64.756166293271207, 59.88603159282615 ], [ -64.766554108339193, 59.869675435882492 ], [ -64.736944463003979, 59.855568365599083 ], [ -64.778085641622994, 59.852847890519818 ], [ -64.794961139743492, 59.83412162392748 ], [ -64.816731825556971, 59.835049424215953 ], [ -64.825224529209564, 59.825607978660202 ], [ -64.78847380192272, 59.803273462742929 ], [ -64.813989195069823, 59.795152234072205 ], [ -64.789986694817529, 59.760304054150168 ], [ -64.810202902207152, 59.729693132516751 ], [ -64.749431897203365, 59.717239373929047 ], [ -64.824920992352872, 59.675997593487843 ], [ -64.889508054344716, 59.66215548936934 ], [ -64.898259490142578, 59.641783277298551 ], [ -64.859808390013455, 59.591537326088613 ], [ -64.868706566891731, 59.586424174424181 ], [ -64.927059771742535, 59.593178882786646 ], [ -64.939439237307539, 59.567046009429845 ], [ -64.892205848890683, 59.562468700876202 ], [ -64.86919130613704, 59.54692311425292 ], [ -64.839629583585989, 59.553341987542801 ], [ -64.803131450849563, 59.534310283036625 ], [ -64.804199477887167, 59.525015850895521 ], [ -64.764145072918936, 59.514868004346205 ], [ -64.763092607368847, 59.49664075013925 ], [ -64.728552563556121, 59.466635403616429 ], [ -64.679834930436158, 59.446905143380839 ], [ -64.642814170691352, 59.459247607359146 ], [ -64.626767226142562, 59.481970390612297 ], [ -64.589672625036755, 59.466182661110665 ], [ -64.561462414047497, 59.487914931204259 ], [ -64.505301193617981, 59.501296407421087 ], [ -64.503092589808631, 59.521373386277943 ], [ -64.462900090828043, 59.523396081926094 ], [ -64.43376621240364, 59.541973597703134 ], [ -64.385805897204293, 59.523760727938395 ], [ -64.324069310403956, 59.512774127198718 ], [ -64.327852072392403, 59.497462765523565 ], [ -64.349655887564751, 59.502952346936581 ], [ -64.386963197966679, 59.473796924319352 ], [ -64.407199041835185, 59.477806105573961 ], [ -64.426076254918272, 59.464936944204631 ], [ -64.458024688602507, 59.459174817261498 ], [ -64.511598364775949, 59.422979852787115 ], [ -64.460725488883, 59.412177108362911 ], [ -64.516500344822134, 59.403905389409815 ], [ -64.528268109816239, 59.395628211424381 ], [ -64.538338966759639, 59.370781933908084 ], [ -64.493302747918094, 59.349576142955158 ], [ -64.54353627482665, 59.310435058783028 ], [ -64.488603468883227, 59.257110069664506 ], [ -64.511350586792361, 59.238930377088749 ], [ -64.521847460564501, 59.196741120851428 ], [ -64.472714698430579, 59.180391198898697 ], [ -64.491271963602458, 59.136427039213153 ], [ -64.48398560810223, 59.118165982932872 ], [ -64.498048755475267, 59.106415977738372 ], [ -64.490309140935778, 59.099075068513699 ], [ -64.450457831309038, 59.102889267901375 ], [ -64.416961356932248, 59.087603772228412 ], [ -64.376027887409649, 59.092607559265659 ], [ -64.363514058362483, 59.087428949405442 ], [ -64.360840687509111, 59.067295349288969 ], [ -64.315175988569976, 59.065629763167401 ], [ -64.261791154520353, 59.012956565526224 ], [ -64.294382550461521, 59.000498683094541 ], [ -64.38770532323052, 59.006183814322227 ], [ -64.460301091120698, 58.981514253249124 ], [ -64.481292144165067, 58.988330678701494 ], [ -64.471271678390735, 59.000000124630169 ], [ -64.49778082576502, 59.019432696549323 ], [ -64.522760760702951, 59.00256016052078 ], [ -64.595788230955989, 59.035044890631966 ], [ -64.670275211200433, 59.038614429418807 ], [ -64.683256931032446, 59.074695388589184 ], [ -64.77923880788741, 59.074957441019848 ], [ -64.840792978102783, 59.0324845813454 ], [ -64.829440913139379, 59.02030371153738 ], [ -64.865015902264432, 59.015404973361079 ], [ -64.870088449804868, 58.998261213620935 ], [ -64.862218547110643, 58.986162859307029 ], [ -64.840350127531337, 58.980324316536212 ], [ -64.832913573372849, 58.956407689823727 ], [ -64.87944046483203, 58.951882497009628 ], [ -64.889111464190108, 58.938382156377592 ], [ -64.839269682041703, 58.936999027830097 ], [ -64.820713512396367, 58.916892719720209 ], [ -64.765732786410808, 58.923802815416991 ], [ -64.750291988517802, 58.934115686439917 ], [ -64.756231631188101, 58.940278214526174 ], [ -64.730669930387975, 58.950784036621904 ], [ -64.651650200899169, 58.943752041855859 ], [ -64.614768163736002, 58.907515592047581 ], [ -64.579628554368099, 58.904713642563188 ], [ -64.550182519937138, 58.887455429573606 ], [ -64.50891046709522, 58.88758137499012 ], [ -64.455800990184329, 58.908216671504817 ], [ -64.426397967698506, 58.904526775498574 ], [ -64.420602664998981, 58.890278544027943 ], [ -64.405913478047466, 58.890820993227393 ], [ -64.400294226013685, 58.902718167411393 ], [ -64.378702365232414, 58.903819115838623 ], [ -64.350261670898959, 58.891877468329255 ], [ -64.332540164089167, 58.904562760548167 ], [ -64.28761262204462, 58.896753130294563 ], [ -64.287417748958092, 58.883458355123878 ], [ -64.233656709181389, 58.864113344824922 ], [ -64.229704568455546, 58.783648475550827 ], [ -64.200125740256198, 58.779461670743288 ], [ -64.178784975028336, 58.789039590300213 ], [ -64.137792863164506, 58.746166875637087 ], [ -64.087147958887158, 58.755997457809954 ], [ -64.069708783911025, 58.769086195185054 ], [ -64.0718737495325, 58.783246950949824 ], [ -64.04630107210437, 58.78957349342727 ], [ -64.045337573072956, 58.810350373063606 ], [ -63.995402752792309, 58.813709143142866 ], [ -63.975472285428054, 58.830253248353685 ], [ -63.957161639400759, 58.826905559672163 ], [ -63.897871310772032, 58.83736530602981 ], [ -63.862186034557645, 58.831977211720947 ], [ -63.835283357528439, 58.849030314250477 ], [ -63.812137958725437, 58.847062794323499 ], [ -63.777683327198702, 58.884058759512712 ], [ -63.725463078730002, 58.877174676491208 ], [ -63.70999684130296, 58.887053192431587 ], [ -63.679938274885004, 58.878562729611374 ], [ -63.680324277570129, 58.866459325785954 ], [ -63.661121035139445, 58.85471218555297 ], [ -63.635955096123432, 58.848699677964262 ], [ -63.595341144194364, 58.857175760297245 ], [ -63.550785079866813, 58.836550116019801 ], [ -63.550279838091512, 58.822365801817043 ], [ -63.492157355829264, 58.768545213450579 ], [ -63.467504073522811, 58.762047079363121 ], [ -63.506793949486685, 58.742574628646146 ], [ -63.56170816366091, 58.727718005201396 ], [ -63.619283531607934, 58.72386062227968 ], [ -63.629845241540977, 58.714643018144045 ], [ -63.66068426386434, 58.725224725794469 ], [ -63.669554001032445, 58.717066712161383 ], [ -63.694919584849622, 58.719633170501318 ], [ -63.718355345579162, 58.706385214720413 ], [ -63.754373873481434, 58.716737061274337 ], [ -63.794276597342787, 58.703287445486154 ], [ -63.811020695588084, 58.712202101697557 ], [ -63.835615404794538, 58.710118666784936 ], [ -63.85509666425753, 58.696443063733412 ], [ -63.909965176562004, 58.710253500148539 ], [ -63.95025377006229, 58.685247329088618 ], [ -64.047222191267196, 58.702628471299768 ], [ -64.078869777902597, 58.653949394642687 ], [ -64.107926733900172, 58.639650687117381 ], [ -64.115851871671055, 58.602350556907517 ], [ -64.092785394272624, 58.587893167003642 ], [ -64.111050377938611, 58.581660752281302 ], [ -64.104943467540338, 58.563230008478541 ], [ -64.067184477858206, 58.534492289184605 ], [ -64.046939807523572, 58.535070829596627 ], [ -64.034081680892029, 58.523450416904765 ], [ -64.008774763131669, 58.531258995289434 ], [ -63.973578986694704, 58.529636084697707 ], [ -63.951861700978533, 58.541267722209042 ], [ -63.946692810564414, 58.558805165535723 ], [ -63.907366072216568, 58.573492087939677 ], [ -63.8871291157946, 58.571654476702612 ], [ -63.858194063250274, 58.563797646724154 ], [ -63.862555499419457, 58.552694910309306 ], [ -63.849714389335944, 58.546579881391033 ], [ -63.858691899614193, 58.504514407796812 ], [ -63.80785005026317, 58.48974610281951 ], [ -63.881113275411415, 58.429439661254683 ], [ -63.924239382768533, 58.444871158178479 ], [ -63.964103658000703, 58.438831651079781 ], [ -63.986578551327852, 58.444357918324933 ], [ -63.998477045535971, 58.425536918745216 ], [ -64.013201006136285, 58.423995258095601 ], [ -64.030529775937694, 58.365983791624188 ], [ -64.061668244307995, 58.360926119390129 ], [ -64.097996432631959, 58.376836514658876 ], [ -64.11924872845276, 58.364738166261283 ], [ -64.158507128191047, 58.371033758649801 ], [ -64.186768670252533, 58.336724615368425 ], [ -64.178205299871863, 58.330582456035344 ], [ -64.19819133834342, 58.311920556707939 ], [ -64.196909500098158, 58.293578107651634 ], [ -64.21698542589634, 58.28745172788981 ], [ -64.217776976949494, 58.247732199714143 ], [ -64.247503821089737, 58.227421442240654 ], [ -64.373562816019174, 58.208380596775847 ], [ -64.421732517793714, 58.186673666313276 ], [ -64.435394879178858, 58.098375319740967 ], [ -64.433091441266583, 58.069908092927967 ], [ -64.412283205877131, 58.06115916723315 ], [ -64.353910748539548, 58.069299297691167 ], [ -64.320507802158048, 58.061487993148852 ], [ -64.29926608883541, 58.044519410381739 ], [ -64.277733338172354, 58.046952084091458 ], [ -64.269257714161498, 58.061412355243519 ], [ -64.250960325086055, 58.038718518372676 ], [ -64.218507640734686, 58.036983293846099 ], [ -64.238667985556077, 58.025032340805417 ], [ -64.227438647749963, 57.989543482816934 ], [ -64.204661835616591, 57.973629709429396 ], [ -64.190431324621201, 57.930747906685369 ], [ -64.162525385401793, 57.922941784530323 ], [ -64.116675411543923, 57.811139398507223 ], [ -64.091087860646169, 57.802343161629764 ], [ -64.072001289892867, 57.77002034321103 ], [ -64.025951877683312, 57.764403575177397 ], [ -64.033968675258649, 57.791437375780156 ], [ -64.020879511001226, 57.80951741484602 ], [ -64.011877533239598, 57.802481927866125 ], [ -63.997248913981075, 57.812078691050125 ], [ -63.938596251970324, 57.788551008971446 ], [ -63.912355576814093, 57.801122540933491 ], [ -63.907178356857607, 57.75137586038629 ], [ -63.883421663028045, 57.7126073452119 ], [ -63.847476419076109, 57.719022897761278 ], [ -63.804225088608256, 57.684507884344768 ], [ -63.753630485623162, 57.720744369483114 ], [ -63.748551058305658, 57.674279574808061 ], [ -63.735290898409268, 57.662801881038639 ], [ -63.702777403179105, 57.663766329622085 ], [ -63.692612040372545, 57.65269693637601 ], [ -63.685131828102783, 57.696914895716127 ], [ -63.672434783581338, 57.692580905894246 ], [ -63.659417218732059, 57.701817977263687 ], [ -63.668055702603681, 57.723942297585694 ], [ -63.652505717940976, 57.732908219401935 ], [ -63.632565877650272, 57.728945390438035 ], [ -63.623196061897112, 57.739482252522755 ], [ -63.596770436417408, 57.74124765033811 ], [ -63.609486066728081, 57.692058594116808 ], [ -63.594499422808518, 57.685652699034314 ], [ -63.598727324354321, 57.663840480401035 ], [ -63.622966204223147, 57.641969172342748 ], [ -63.64492305191142, 57.63428153279532 ], [ -63.64995148741766, 57.620063890219541 ], [ -63.670277839086999, 57.621185466447002 ], [ -63.684602044247022, 57.603435568734717 ], [ -63.699505727455659, 57.615346260216086 ], [ -63.730613612887083, 57.601129290602209 ], [ -63.745575065865864, 57.579488682505499 ], [ -63.771915905789854, 57.592449771592875 ], [ -63.751168606382258, 57.535743572455232 ], [ -63.75339404612658, 57.515294908535559 ], [ -63.767503130830875, 57.514831457643211 ], [ -63.775221383538941, 57.493572794746257 ], [ -63.761260859453223, 57.439331668603877 ], [ -63.731457194399233, 57.42656191538714 ], [ -63.716439630265249, 57.438210140036574 ], [ -63.710305510239124, 57.422630003827777 ], [ -63.723440942343835, 57.398335999248005 ], [ -63.70130115943806, 57.368333581970482 ], [ -63.785498829770575, 57.353197420530769 ], [ -63.801725888593651, 57.332287118672632 ], [ -63.824335101757462, 57.339164057585087 ], [ -63.855820776774358, 57.334301216205255 ], [ -63.883373482796813, 57.27762095957997 ], [ -63.866975401376479, 57.226124966403475 ], [ -63.884074871341454, 57.196255856745651 ], [ -63.872385624731557, 57.192531974782305 ], [ -63.84598684958879, 57.204189626499051 ], [ -63.844717048982396, 57.225958953629636 ], [ -63.809136377052909, 57.26215970820315 ], [ -63.759769630410219, 57.251726010769012 ], [ -63.741466856619581, 57.240765569325937 ], [ -63.737137403558279, 57.221595581710119 ], [ -63.770985000238561, 57.196018312871615 ], [ -63.779748264518346, 57.161796552256881 ], [ -63.764885510511093, 57.13992562715913 ], [ -63.811809789691694, 57.078878814181451 ], [ -63.890083399988065, 57.086083059128811 ], [ -63.891934772551089, 57.012773549085487 ], [ -63.857774013080167, 56.999212411992453 ], [ -63.886999888325946, 56.980964501821077 ], [ -63.907869693872243, 56.98411740753005 ], [ -63.914129473921598, 56.977630626218847 ], [ -63.908099828968929, 56.927521104118014 ], [ -63.918093967005802, 56.904157586896922 ], [ -63.908019637362877, 56.897887502191395 ], [ -63.899927659259482, 56.9057374433973 ], [ -63.878619371353949, 56.903930096940613 ], [ -63.863890620562643, 56.896822904237979 ], [ -63.859156243079674, 56.868740028442296 ], [ -63.899498848300937, 56.877300951596581 ], [ -64.003478675417142, 56.86174373752926 ], [ -64.012977960718914, 56.849846418317568 ], [ -64.001978691580433, 56.797588698755504 ], [ -64.012759544997607, 56.778676862429137 ], [ -64.07890733950768, 56.76700317314355 ], [ -64.076282030916147, 56.746495681793924 ], [ -64.099443131681682, 56.743622061343864 ], [ -64.145314397047699, 56.699754843022326 ], [ -64.09083627875178, 56.653832974061601 ], [ -64.024858018863711, 56.653007985154119 ], [ -64.050461398066346, 56.606348057340767 ], [ -64.004016152125644, 56.591236681582878 ], [ -64.001570880965019, 56.579215868636055 ], [ -63.931062987396047, 56.533757550215924 ], [ -63.944329455688958, 56.493101973738369 ], [ -63.930632407098706, 56.466207040429296 ], [ -63.883716957991716, 56.469064256292661 ], [ -63.874230194246543, 56.441960445127059 ], [ -63.886471095148252, 56.433021943026375 ], [ -63.901841630251717, 56.440704067854597 ], [ -63.965755076234053, 56.410675263831727 ], [ -63.993015978018263, 56.40821126853448 ], [ -64.020573642560336, 56.417936633340105 ], [ -64.119360317943929, 56.428827568023877 ], [ -64.152740169875614, 56.441112116759619 ], [ -64.177984873101821, 56.425243570463394 ], [ -64.14369459970456, 56.405392610140318 ], [ -64.115355872735563, 56.402106283652337 ], [ -64.110402813349225, 56.385964024306524 ], [ -64.127843922905541, 56.369928215049846 ], [ -64.099352133386404, 56.35191260441421 ], [ -64.10748966402592, 56.343012490871786 ], [ -64.098192406509185, 56.333631753064637 ], [ -64.148629234447142, 56.303406772967115 ], [ -64.13038159316379, 56.302349335757754 ], [ -64.0904958495762, 56.279897805136379 ], [ -64.087377182107588, 56.25688926086962 ], [ -64.022150472652953, 56.267813275401025 ], [ -63.967109880165708, 56.256396683834538 ], [ -63.934892766997045, 56.271119290385172 ], [ -63.912911313665006, 56.263534160788339 ], [ -63.911492365182298, 56.230833310277042 ], [ -63.895384848587049, 56.222571792438245 ], [ -63.874390256804752, 56.224782689314111 ], [ -63.862933320829008, 56.21258908925472 ], [ -64.004703463572469, 56.173325802413331 ], [ -64.035963316365979, 56.154881042158657 ], [ -64.008550496413264, 56.13817637506272 ], [ -64.002133308726542, 56.102730308112541 ], [ -64.035759815547848, 56.082171901242319 ], [ -64.034666931362224, 56.070144579085714 ], [ -64.018053752785136, 56.067263496598564 ], [ -63.969330947497809, 56.090660820155968 ], [ -63.953088187107618, 56.088227136153606 ], [ -63.88369470704729, 56.137032387102465 ], [ -63.856178766730665, 56.137136179074666 ], [ -63.838266895316892, 56.12249882984856 ], [ -63.887580566759574, 56.092861414774511 ], [ -63.882550282464479, 56.087129727950042 ], [ -63.839628080687064, 56.10062507236573 ], [ -63.835374911722909, 56.087744827403291 ], [ -63.8110506381853, 56.084634859995035 ], [ -63.837873760764595, 56.045044939108713 ], [ -63.774199479998337, 56.053576746700983 ], [ -63.714842199868812, 56.071684928002227 ], [ -63.683033860104963, 56.059567597082157 ], [ -63.690424939343075, 56.043873458925127 ], [ -63.636721292976638, 56.023522707517813 ], [ -63.603276252085081, 56.031172695601654 ], [ -63.577584038270921, 56.025055749736488 ], [ -63.495771826638553, 56.040012957655307 ], [ -63.443545120014662, 56.029516404164646 ], [ -63.467161727520235, 56.0119014376452 ], [ -63.486379788246296, 56.015579605956844 ], [ -63.49124315627467, 56.009883798158349 ], [ -63.470194549262267, 55.998346712369468 ], [ -63.47199130539618, 55.987776743938547 ], [ -63.487360422763423, 55.987478597236986 ], [ -63.505036551609294, 56.001423917848868 ], [ -63.563009934906319, 56.005885940598787 ], [ -63.584486709216968, 55.989904015631012 ], [ -63.605788375255656, 55.987809624774577 ], [ -63.598275710177425, 55.98217607217925 ], [ -63.627140336609628, 55.97368667285302 ], [ -63.624537295477943, 55.967472954752964 ], [ -63.654652275786589, 55.972190733277046 ], [ -63.68647047758585, 55.961720661655477 ], [ -63.688091977602099, 55.948176894889698 ], [ -63.712395936093117, 55.953540700446432 ], [ -63.70364061516581, 55.946063694471924 ], [ -63.723976778039372, 55.930515430476056 ], [ -63.79258279943673, 55.931461707059519 ], [ -63.854441670694854, 55.910012438451162 ], [ -63.825109950017179, 55.90444695857731 ], [ -63.845098695005753, 55.879073405978986 ], [ -63.752901969964576, 55.846500740940357 ], [ -63.766628212026056, 55.839497306611605 ], [ -63.749968605367926, 55.825139148008581 ], [ -63.772812413074504, 55.822035778805535 ], [ -63.780377252914597, 55.813026702522819 ], [ -63.770158172354286, 55.808101429958683 ], [ -63.777022753805319, 55.801478761153824 ], [ -63.761282700434712, 55.796918378306785 ], [ -63.768398849762448, 55.789996163385126 ], [ -63.717143467443904, 55.780365210578715 ], [ -63.675384568152126, 55.791996808597879 ], [ -63.666530471559767, 55.787789765110816 ], [ -63.679475556226976, 55.77397240709702 ], [ -63.674200580505385, 55.759325111150979 ], [ -63.682137601786046, 55.752993771262432 ], [ -63.70541380218323, 55.755544477420671 ], [ -63.700997397748978, 55.7429686356556 ], [ -63.725837406017632, 55.73821709612006 ], [ -63.698206829034085, 55.731562401988562 ], [ -63.725138660353473, 55.726637915044492 ], [ -63.709410431458807, 55.72132861954173 ], [ -63.723432781214228, 55.716259481215801 ], [ -63.727910697659745, 55.695408814384102 ], [ -63.704933086701672, 55.678599956177393 ], [ -63.751192389164451, 55.671508337613083 ], [ -63.764615776664492, 55.651587948631366 ], [ -63.715982406033092, 55.657673676314324 ], [ -63.668497502769164, 55.652288107176027 ], [ -63.643690095460819, 55.641579438011675 ], [ -63.648677405880377, 55.634096884196325 ], [ -63.680224762821005, 55.635220517784546 ], [ -63.687746419128729, 55.625478947802229 ], [ -63.682687465313151, 55.609052231711026 ], [ -63.662646180301053, 55.598887534211507 ], [ -63.68147601259664, 55.575651215195435 ], [ -63.664933247834405, 55.567526186048788 ], [ -63.665472806416503, 55.545987583674254 ], [ -63.670666920680908, 55.537463558083843 ], [ -63.684031892356771, 55.537753948683076 ], [ -63.691482710596183, 55.508711307201906 ], [ -63.716440830785466, 55.504406419678283 ], [ -63.756121471240327, 55.481652210550735 ], [ -63.775471358732453, 55.481709009422147 ], [ -63.792682824978201, 55.467238604699801 ], [ -63.749350576239415, 55.454861546507018 ], [ -63.736706707830443, 55.438239287370145 ], [ -63.665397051740833, 55.423050567938553 ], [ -63.630931702960197, 55.430271650434364 ], [ -63.578391228531558, 55.420457255377833 ], [ -63.534376448013347, 55.427453752636119 ], [ -63.510657230194703, 55.420274502451257 ], [ -63.478566698584494, 55.429205559224464 ], [ -63.47097176789481, 55.419779562577268 ], [ -63.450121099278284, 55.420724038751374 ], [ -63.434910143453116, 55.400384194447945 ], [ -63.351795728775556, 55.418359716497541 ], [ -63.336956317771829, 55.409878806646852 ], [ -63.319786893706912, 55.411806346095162 ], [ -63.333660382034346, 55.383931256374581 ], [ -63.324848694713189, 55.36604693545943 ], [ -63.442249580074417, 55.344059731513639 ], [ -63.482010255079942, 55.349758022167272 ], [ -63.574406938663969, 55.339601694207282 ], [ -63.598286607502764, 55.325687736082116 ], [ -63.590831359105813, 55.320722942638334 ], [ -63.532681192216003, 55.325496899292531 ], [ -63.522555521538969, 55.309869530692502 ], [ -63.569509848553373, 55.297652224639464 ], [ -63.587884750959347, 55.302648335214641 ], [ -63.615762768498776, 55.29625683525272 ], [ -63.644078306040264, 55.287775632299365 ], [ -63.640118705887133, 55.278619328370944 ], [ -63.679475057746487, 55.266886879467648 ], [ -63.652698445844827, 55.251911759323718 ], [ -63.63050341071957, 55.25617082719009 ], [ -63.601234281159172, 55.251154521039645 ], [ -63.622503123604154, 55.24260824896389 ], [ -63.609093881195612, 55.230144369385691 ], [ -63.563312515363755, 55.243403836007765 ], [ -63.547410472744154, 55.225469003687245 ], [ -63.508418460337758, 55.232104890404166 ], [ -63.462635608229824, 55.255264694961937 ], [ -63.402562351713371, 55.257763882553313 ], [ -63.402834442564689, 55.249006458068926 ], [ -63.422663455790754, 55.243034696724848 ], [ -63.412526162816981, 55.233633039651558 ], [ -63.431871190567712, 55.211342656415283 ], [ -63.452611406637622, 55.201944599113993 ], [ -63.502956228324443, 55.202484325807859 ], [ -63.562918355718061, 55.187616379251629 ], [ -63.555956422795518, 55.172853501759548 ], [ -63.531385752702057, 55.174595410530685 ], [ -63.523923806795644, 55.168144659992855 ], [ -63.573409713279204, 55.155753130680033 ], [ -63.565130860172488, 55.14026433788441 ], [ -63.602296465066985, 55.128733278063031 ], [ -63.58540810260039, 55.103550813691555 ], [ -63.591602125049235, 55.095324170442453 ], [ -63.605153095600727, 55.098290000869163 ], [ -63.602863116729857, 55.076360959015467 ], [ -63.616055161324411, 55.068945682528671 ], [ -63.573431028248486, 55.053988102247907 ], [ -63.575499856449028, 55.0422479471166 ], [ -63.556391999555025, 55.034443912741935 ], [ -63.595983914993724, 55.021407525517205 ], [ -63.606129838730013, 55.008391720808994 ], [ -63.557597712333568, 54.99987375723309 ], [ -63.557534519589993, 54.989937849963354 ], [ -63.576302953057812, 54.988104366001856 ], [ -63.573161117419168, 54.978795305658807 ], [ -63.611005846439866, 54.977044310319513 ], [ -63.597524601626937, 54.959398131480583 ], [ -63.611343208730446, 54.948863828753183 ], [ -63.57787334521246, 54.929955476641801 ], [ -63.612298411991688, 54.919936895211158 ], [ -63.591443709031289, 54.896592141713597 ], [ -63.619586467169668, 54.899540619359939 ], [ -63.630723573488687, 54.909200950993402 ], [ -63.663452901258253, 54.910455107279887 ], [ -63.661282815978176, 54.899952489165145 ], [ -63.684862090877452, 54.9045685685061 ], [ -63.696418668033431, 54.925339186598549 ], [ -63.715994987926798, 54.925548200872626 ], [ -63.791710801050527, 54.955894476636352 ], [ -63.820518333412906, 54.947958103507943 ], [ -63.824099075512549, 54.934267497930655 ], [ -63.799572679361567, 54.926133492805924 ], [ -63.837733538879071, 54.914512773058924 ], [ -63.828965520493021, 54.901134126422704 ], [ -63.846210474856939, 54.894825930773607 ], [ -63.83802316008812, 54.883071984630554 ], [ -63.852250985344227, 54.885106732744049 ], [ -63.852658051535229, 54.876056082208578 ], [ -63.817161538486175, 54.816921865068686 ], [ -63.869005236076447, 54.807039074938579 ], [ -63.871818043700159, 54.800477621770391 ], [ -63.903664391093159, 54.801078014985272 ], [ -63.890839937587117, 54.788801914407571 ], [ -63.910069613705964, 54.788535510000536 ], [ -63.924009339873898, 54.778407386677337 ], [ -63.889741234885136, 54.768358774081285 ], [ -63.895810713220754, 54.760121657993437 ], [ -63.860650432082345, 54.752745338047426 ], [ -63.802959712645105, 54.725642066770639 ], [ -63.803894656122225, 54.716736496355821 ], [ -63.768947277789756, 54.699843830339134 ], [ -63.763099625073565, 54.673684838756657 ], [ -63.723848886142093, 54.659798580303544 ], [ -63.712625413684002, 54.624950763379246 ], [ -63.732587871727347, 54.6231189158879 ], [ -63.813377233290858, 54.650785803030004 ], [ -63.819648087566989, 54.640678973314756 ], [ -63.834351308918677, 54.641139572515456 ], [ -63.834583302023134, 54.629867330857216 ], [ -63.870073412315691, 54.623352023502136 ], [ -63.897863423540898, 54.600703821956756 ], [ -63.974422536238599, 54.620120236273834 ], [ -64.004000261399668, 54.602125792346889 ], [ -64.035102209804705, 54.607030759972503 ], [ -64.054277177747622, 54.600908292899831 ], [ -64.086106738400758, 54.62295510427009 ], [ -64.107328934861997, 54.613186614268002 ], [ -64.10276517700612, 54.655587745714584 ], [ -64.14184981278531, 54.666957399836107 ], [ -64.180688856991509, 54.693587585217394 ], [ -64.187760149925708, 54.710838658629591 ], [ -64.177634946119156, 54.721360550743093 ], [ -64.196509759313656, 54.729831951341794 ], [ -64.234281537403078, 54.717532974357106 ], [ -64.238943802684446, 54.729120592639951 ], [ -64.288194965059603, 54.731027314076783 ], [ -64.300748081357682, 54.741492229276083 ], [ -64.294681675096683, 54.753359022873362 ], [ -64.384108158925727, 54.780163039403639 ], [ -64.397474582482175, 54.790492953029322 ], [ -64.495884523973487, 54.790631116021437 ], [ -64.471493087119853, 54.770281734014809 ], [ -64.485475827585432, 54.770962810649046 ], [ -64.474805015014027, 54.752151717753684 ], [ -64.514188566146203, 54.751297797380417 ], [ -64.534187066762797, 54.761792700414269 ], [ -64.554816272877716, 54.744868911869503 ], [ -64.530691216888613, 54.733525381043151 ], [ -64.556882472606731, 54.713662282255243 ], [ -64.597631946493891, 54.728719474654909 ], [ -64.622899354770411, 54.721874031443974 ], [ -64.679968374571715, 54.735712552945209 ], [ -64.699363465440186, 54.723590895177139 ], [ -64.730953807213126, 54.725621162598152 ], [ -64.734894576136668, 54.735969650019413 ], [ -64.769672105150306, 54.730095628631602 ], [ -64.801029265820617, 54.755776796592066 ], [ -64.785164481706076, 54.753944009694436 ], [ -64.782084150991636, 54.763259836970889 ], [ -64.752327777943066, 54.767321818015809 ], [ -64.776245225537309, 54.788145505089425 ], [ -64.748739008994264, 54.81084514191663 ], [ -64.761114250688749, 54.829528144471652 ], [ -64.786535464888473, 54.843079262970726 ], [ -64.800706782317221, 54.832572237880484 ], [ -64.815867695773335, 54.849047926816098 ], [ -64.830105314430426, 54.836336669985165 ], [ -64.839298049276323, 54.84595118702719 ], [ -64.861490326163306, 54.84104084865173 ], [ -64.848430874546239, 54.876273211284726 ], [ -64.902570458787906, 54.90164037712232 ], [ -64.915038866718859, 54.920005800029088 ], [ -64.971900558802503, 54.937395576202213 ], [ -65.017721362191082, 54.932623978247449 ], [ -65.048151127945488, 54.955491414075809 ], [ -65.070601656358591, 54.953579638187612 ], [ -65.085814686511711, 54.969562791853328 ], [ -65.126449345811764, 54.961478036779724 ], [ -65.122854673498281, 54.941402742729196 ], [ -65.134517331202758, 54.928193674159786 ], [ -65.180304192439607, 54.93084914342996 ], [ -65.173642500677204, 54.914249278251702 ], [ -65.201658468137225, 54.880537068994997 ], [ -65.209623123428173, 54.847957779418472 ], [ -65.282733206337781, 54.844355256194149 ], [ -65.296312758823774, 54.817583198536241 ], [ -65.335790672340238, 54.85196780480566 ], [ -65.355839651957382, 54.818761401410633 ], [ -65.384573989407684, 54.829944680808566 ], [ -65.407548944746381, 54.819833308692225 ], [ -65.411376404619503, 54.841836997562254 ], [ -65.456335714704522, 54.849242333741003 ], [ -65.487294642738433, 54.834376793199553 ], [ -65.473736504718644, 54.807184065588544 ], [ -65.434619797006391, 54.784183462941463 ], [ -65.429114434400176, 54.748113937116003 ], [ -65.448162114891161, 54.743981531268787 ], [ -65.455530319274715, 54.728583246026837 ], [ -65.487352987933193, 54.728514092956104 ], [ -65.503963711481887, 54.736280013879806 ], [ -65.5573875082965, 54.730274470407466 ], [ -65.562070549938923, 54.739743104175687 ], [ -65.621278954674125, 54.738506411572345 ], [ -65.632064895709448, 54.754458067308043 ], [ -65.646984527488101, 54.753186844041942 ], [ -65.648533834774867, 54.735213579260638 ], [ -65.693172801036695, 54.708164034471352 ], [ -65.757024628785942, 54.786791457312241 ], [ -65.850645902009518, 54.850801259805664 ], [ -65.83638660617676, 54.874652654073053 ], [ -65.857233905538266, 54.892967680358865 ], [ -65.83862044362921, 54.907956682920336 ], [ -65.849845423742963, 54.927210876401155 ], [ -65.888007709011589, 54.925339852145292 ], [ -65.931664287732588, 54.940302002148051 ], [ -65.965130585427943, 54.929818082045735 ], [ -65.996615492260148, 54.930985294116766 ], [ -66.031221991079065, 54.942481684851927 ], [ -66.048995450490082, 54.937416587311091 ], [ -66.040825589580564, 54.919084349529207 ], [ -66.152561241473791, 54.985514853281089 ], [ -66.161583666544431, 54.987734146027755 ], [ -66.167983341339664, 54.973009325891319 ], [ -66.188608309794489, 54.980795290244394 ], [ -66.210125377962271, 54.979138698094381 ], [ -66.235532017726129, 54.991806982282739 ], [ -66.246416016961149, 54.975469042010253 ], [ -66.250545360629474, 54.995384875608394 ], [ -66.282902405399824, 55.032105101883261 ], [ -66.303597166110436, 55.035503166908342 ], [ -66.333145988115021, 55.067035206713747 ], [ -66.444707419379299, 55.140947494501333 ], [ -66.492748594245754, 55.203377880257676 ], [ -66.507404059756098, 55.204700175134086 ], [ -66.51641656769587, 55.195322129654961 ], [ -66.545595020130818, 55.235379895112111 ], [ -66.565688941989052, 55.238399307363814 ], [ -66.618034941021264, 55.27815132980308 ], [ -66.621799509034872, 55.268713884925162 ], [ -66.6444266927342, 55.267101021529498 ], [ -66.658637456304547, 55.255144789745252 ], [ -66.700633626236765, 55.28995062957511 ], [ -66.700288034844831, 55.312040107509915 ], [ -66.734568823661633, 55.321202756473269 ], [ -66.778462282139387, 55.352388151546457 ], [ -66.807842930485222, 55.356744027765373 ], [ -66.818329487580996, 55.348398841720581 ], [ -66.799888691784716, 55.323275376854433 ], [ -66.828437695829535, 55.326817192476682 ], [ -66.823725822446747, 55.306969764629763 ], [ -66.786357207053243, 55.273140586035183 ], [ -66.707230859629092, 55.227123087693144 ], [ -66.670363298285864, 55.177485029361797 ], [ -66.719717271830888, 55.209541967372594 ], [ -66.755201534387481, 55.214994276924173 ], [ -66.738103254233366, 55.191064188994829 ], [ -66.760627027485612, 55.187811898821828 ], [ -66.745729366396645, 55.153177641946421 ], [ -66.77608170179451, 55.144178192802322 ], [ -66.767602607074622, 55.135138958730593 ], [ -66.788672991693346, 55.11841379304591 ], [ -66.779651435613005, 55.110849586849099 ], [ -66.75494165324794, 55.113571290054232 ], [ -66.694862799121111, 55.069517366519108 ], [ -66.694441807791733, 55.061695218871691 ], [ -66.753626561264369, 55.090601857214985 ], [ -66.735037652663607, 55.044052676620389 ], [ -66.697880386090247, 55.02792708060835 ], [ -66.671683589230184, 55.025547623605775 ], [ -66.627057514303161, 54.984860158727663 ], [ -66.648135606804445, 54.977134914068394 ], [ -66.686013553357228, 55.000053791806224 ], [ -66.708805450317712, 55.004644375329768 ], [ -66.736907705289781, 55.000014028932597 ], [ -66.747441458879308, 55.009362493797752 ], [ -66.749368343519919, 55.000000699924243 ], [ -66.765990371571917, 55.00001691611552 ], [ -66.740228527472027, 54.985115391754441 ], [ -66.742223698315215, 54.969480209601429 ], [ -66.713226231786109, 54.955495374623901 ], [ -66.68140817898896, 54.923667784990172 ], [ -66.689653632206912, 54.897965050595047 ], [ -66.658971850765511, 54.876517879364158 ], [ -66.651722942581088, 54.849970310212669 ], [ -66.633284278604052, 54.846754874160283 ], [ -66.602651097903589, 54.81350631070309 ], [ -66.625677602011791, 54.799035591380978 ], [ -66.619884170525836, 54.787299712601509 ], [ -66.638226628436939, 54.795047157866186 ], [ -66.659428397577116, 54.770217774535624 ], [ -66.739997202485114, 54.809080860273433 ], [ -66.716936682089909, 54.788433802839009 ], [ -66.726349909170324, 54.76789015731309 ], [ -66.662814857302649, 54.728867127212169 ], [ -66.667281772735706, 54.711048061035498 ], [ -66.691754977912794, 54.721821191807379 ], [ -66.698012193651095, 54.734941933157998 ], [ -66.717024721432026, 54.735141131686085 ], [ -66.754331963505862, 54.759251166498622 ], [ -66.755357506961914, 54.746383373056126 ], [ -66.773237703839797, 54.765994483118334 ], [ -66.875663327041948, 54.816009608216696 ], [ -66.927045152014301, 54.80217296558024 ], [ -66.947846670658137, 54.822310513648517 ], [ -67.033043043852373, 54.861947782444958 ], [ -67.056510504430889, 54.89493770906985 ], [ -67.18778552136844, 54.980425319566166 ], [ -67.209228183033403, 54.984173488305629 ], [ -67.227188471007153, 55.005473191151232 ], [ -67.272792106659807, 55.024211565076072 ], [ -67.263296404769676, 55.045517654985019 ], [ -67.236283826986153, 55.044030829866131 ], [ -67.23397883833421, 55.051227871892635 ], [ -67.263103234965868, 55.071902430043281 ], [ -67.322837867545815, 55.089065314432801 ], [ -67.409632528865686, 55.088633237424716 ], [ -67.468755948753028, 55.057267401918544 ], [ -67.470634455086966, 55.049011625325143 ], [ -67.439649046630336, 55.032490850162226 ], [ -67.445871821257015, 55.008503828132753 ], [ -67.401940490259335, 54.988954865018869 ], [ -67.413334083886809, 54.971967031831433 ], [ -67.35772691131109, 54.939684440538336 ], [ -67.335143203886318, 54.90348976562553 ], [ -67.282723270349564, 54.867692858837579 ], [ -67.259176463759673, 54.833811910518484 ], [ -67.221371956820732, 54.824912916094512 ], [ -67.22588878251787, 54.808255375982803 ], [ -67.213418531491627, 54.792748814248036 ], [ -67.073223854595199, 54.705063353894751 ], [ -67.062900813837118, 54.692933110177798 ], [ -67.082792265986271, 54.680578678564707 ], [ -67.071528513798341, 54.673706273860581 ], [ -67.129003465400515, 54.657719418609119 ], [ -67.123456842505803, 54.645121024894337 ], [ -67.142586393170262, 54.636131656307505 ], [ -67.138551009975956, 54.624538659832815 ], [ -67.175778727376382, 54.609538170030298 ], [ -67.220225566013539, 54.618144098791888 ], [ -67.23489286821561, 54.612277482840724 ], [ -67.232833258201708, 54.58441737526401 ], [ -67.28032699547353, 54.591792260633852 ], [ -67.268502659996841, 54.565173059020864 ], [ -67.302704294755543, 54.555879042701861 ], [ -67.262271340719195, 54.551142714348046 ], [ -67.26631503058249, 54.538257557317287 ], [ -67.226832478852529, 54.519560394466914 ], [ -67.244587549062416, 54.514758197944587 ], [ -67.244944651654848, 54.500033909961957 ], [ -67.268871119008494, 54.49508548224356 ], [ -67.272574381125679, 54.486629172926172 ], [ -67.303513560814679, 54.511979007212467 ], [ -67.330702207663776, 54.503927526795827 ], [ -67.335305842052236, 54.521103010798107 ], [ -67.357796001578777, 54.517403797792582 ], [ -67.429025261835363, 54.569234385604922 ], [ -67.491748754825139, 54.584909514600831 ], [ -67.526882422483695, 54.570951096904459 ], [ -67.473707393492347, 54.530391704496424 ], [ -67.473112977946343, 54.520101922352858 ], [ -67.500000017845252, 54.50694097093745 ], [ -67.5004055193168, 54.481506553980203 ], [ -67.581657854943643, 54.494108527858167 ], [ -67.592639632556754, 54.469003146055805 ], [ -67.609474440594198, 54.465766181121097 ], [ -67.627877460204445, 54.473586858000743 ], [ -67.648056282621781, 54.509565897770635 ], [ -67.666418179347289, 54.493629801382816 ], [ -67.667811669970575, 54.453841963804081 ], [ -67.696680933779632, 54.443874081869858 ], [ -67.706653409463399, 54.444590193190223 ], [ -67.705466903837021, 54.456252832130701 ], [ -67.727496661287688, 54.457399279672529 ], [ -67.740517165303018, 54.441462625808569 ], [ -67.763916264067859, 54.444253094775661 ], [ -67.776390350655703, 54.435279848963532 ], [ -67.76896791507761, 54.419553375336974 ], [ -67.724698366073596, 54.386855787290585 ], [ -67.748036723921388, 54.350260855628754 ], [ -67.676366167131505, 54.31852430270763 ], [ -67.676896233284921, 54.268468881155805 ], [ -67.688201420454803, 54.273133186241687 ], [ -67.677330398522173, 54.241680312733784 ], [ -67.6230984229163, 54.208426259813841 ], [ -67.635895615492387, 54.202124053975382 ], [ -67.615618101008522, 54.195755535380066 ], [ -67.653354750062903, 54.188574831083145 ], [ -67.644409185594441, 54.160806521789709 ], [ -67.696341326135936, 54.162407531609063 ], [ -67.729592821170385, 54.151275140987188 ], [ -67.765036571655358, 54.157000192769083 ], [ -67.810252416246428, 54.12813290962999 ], [ -67.798164908570044, 54.118580628123709 ], [ -67.799508499715287, 54.099665021444977 ], [ -67.767705362980948, 54.099921349433608 ], [ -67.758086707374744, 54.091579528003408 ], [ -67.788358374981598, 54.085521198723995 ], [ -67.778815261275682, 54.071430325173147 ], [ -67.794082202966266, 54.054492066266576 ], [ -67.791030014291621, 54.041280113385106 ], [ -67.814667734876863, 54.032071016684391 ], [ -67.820628479933234, 54.020008822147986 ], [ -67.783128686489931, 54.008666809790469 ], [ -67.776227563446227, 53.992308760619501 ], [ -67.754509125234193, 54.000005131468143 ], [ -67.733607876790416, 53.979739275101984 ], [ -67.681267695523076, 53.9719098204326 ], [ -67.6619515299451, 53.952285659514402 ], [ -67.677555457283404, 53.941568912386522 ], [ -67.662608541996846, 53.92807305589357 ], [ -67.637130298817112, 53.930391371537404 ], [ -67.596305939970435, 53.921694766141421 ], [ -67.609164607792422, 53.901968571929601 ], [ -67.594579674575229, 53.893061013346433 ], [ -67.615731056034761, 53.890695869366326 ], [ -67.609118927192199, 53.869247366994649 ], [ -67.592766841597367, 53.862163301538828 ], [ -67.580504868828399, 53.868234090671912 ], [ -67.579492592353986, 53.860937769374601 ], [ -67.564258827000771, 53.858603411877198 ], [ -67.569070968386114, 53.841143355105665 ], [ -67.497790033733011, 53.836690725281102 ], [ -67.536033019355514, 53.801209097415096 ], [ -67.602226615286341, 53.795465355805092 ], [ -67.604195068733944, 53.790161610122787 ], [ -67.557282542012587, 53.780289293482589 ], [ -67.567476097374382, 53.770850054514071 ], [ -67.603306218276899, 53.762698560507879 ], [ -67.566768447031905, 53.75593063775888 ], [ -67.500000013952302, 53.757267351087215 ], [ -67.515968213338311, 53.728743890132243 ], [ -67.506319064323506, 53.719061533666078 ], [ -67.465109277102954, 53.708882593255559 ], [ -67.433742139537344, 53.706499419968544 ], [ -67.440620963933299, 53.724193370949422 ], [ -67.417790980859166, 53.725137864917563 ], [ -67.425562464403583, 53.704216413168133 ], [ -67.396849712881775, 53.682879301446036 ], [ -67.396330932942817, 53.677298445151763 ], [ -67.414211384967842, 53.674855739186782 ], [ -67.38942149845289, 53.642258653599711 ], [ -67.394730922938024, 53.614654307034947 ], [ -67.373693864453315, 53.608302656651091 ], [ -67.376935807424118, 53.59720979062179 ], [ -67.31354977333865, 53.584152060679067 ], [ -67.323707186299742, 53.559001075989471 ], [ -67.30815176461789, 53.54624864817184 ], [ -67.28629654088445, 53.543522822319446 ], [ -67.257405881126957, 53.557388575721625 ], [ -67.218769059448135, 53.530340336092458 ], [ -67.189079956156931, 53.532752601919924 ], [ -67.189132376839467, 53.550755865757651 ], [ -67.180015286431981, 53.553034390443088 ], [ -67.129886689862886, 53.530208659824105 ], [ -67.094805900002982, 53.527100529820402 ], [ -67.062024817203664, 53.537081779340909 ], [ -67.030308238711925, 53.526737053704181 ], [ -67.00000001932959, 53.495963006553481 ], [ -66.985629270180908, 53.496145976070849 ], [ -66.995822224291715, 53.464240000135895 ], [ -66.937915951962069, 53.473137346752964 ], [ -66.924952177481671, 53.454496119487743 ], [ -66.935006370490555, 53.441535300700778 ], [ -66.92444786028237, 53.418660877902219 ], [ -66.907894492353094, 53.414569620863851 ], [ -66.894479306304476, 53.419939071514349 ], [ -66.890090887941994, 53.413061460158218 ], [ -66.906707791544477, 53.395294220715044 ], [ -66.922872449187324, 53.399934858108594 ], [ -66.946319666445675, 53.390931659242405 ], [ -66.966103322723498, 53.364621762001285 ], [ -66.984691730578959, 53.372746148251636 ], [ -67.005727182837191, 53.367965649139876 ], [ -67.013675858693034, 53.361887449057726 ], [ -66.996951786897739, 53.352620925471939 ], [ -67.02705061694671, 53.334646127652945 ], [ -67.018814199504973, 53.320080526284443 ], [ -66.992349595112628, 53.322894774887239 ], [ -66.965337294340202, 53.31300660267754 ], [ -66.953370476385956, 53.290411634113248 ], [ -66.976192452044842, 53.245586227932314 ], [ -66.978061671443626, 53.213263313039832 ], [ -66.95961727029929, 53.181692800514789 ], [ -66.994000900483698, 53.174467886634815 ], [ -67.013529797627911, 53.160024957973519 ], [ -66.995182347515637, 53.138450619020546 ], [ -66.958695434825245, 53.137110263142198 ], [ -66.990873207342617, 53.117461082469084 ], [ -66.989531428492967, 53.08435675414102 ], [ -67.041607609751281, 53.076072141376024 ], [ -67.068490674413297, 53.07887463667803 ], [ -67.068973857548158, 53.10082993031876 ], [ -67.046785984991146, 53.11846430071185 ], [ -67.048922626664805, 53.139549180482078 ], [ -67.075255395464126, 53.139312899294573 ], [ -67.116201906558302, 53.105111945435567 ], [ -67.125088003654838, 53.124960314388389 ], [ -67.141082188068708, 53.128902003405251 ], [ -67.134446538787088, 53.137860621268892 ], [ -67.154227980342924, 53.14722548088718 ], [ -67.217694746019191, 53.149663774882306 ], [ -67.262968346247362, 53.181290568998222 ], [ -67.302669831543213, 53.158925027262242 ], [ -67.288076085018631, 53.140283614097093 ], [ -67.342758030834631, 53.117737336630924 ], [ -67.337530677403038, 53.128643101648962 ], [ -67.346397930406283, 53.132090146452036 ], [ -67.365004819619514, 53.121884460541132 ], [ -67.361898847122959, 53.132025269961758 ], [ -67.385378958147285, 53.13197943418124 ], [ -67.390542666943503, 53.076835372669521 ], [ -67.355371383909002, 53.008961172503312 ], [ -67.368861743029797, 53.002327567351635 ], [ -67.363425361085419, 52.996191469395725 ], [ -67.345362615725804, 52.981195461561434 ], [ -67.244521371848421, 52.979518849726752 ], [ -67.275832137876932, 52.963814337707994 ], [ -67.306924018249518, 52.968886671882082 ], [ -67.332665699262463, 52.959818154949637 ], [ -67.355742900498754, 52.928627777539127 ], [ -67.332908607750852, 52.907219641468927 ], [ -67.33614504975229, 52.889625200445103 ], [ -67.316824459959605, 52.875447680069627 ], [ -67.299845035393858, 52.884475992021216 ], [ -67.268532696075923, 52.877710714932576 ], [ -67.227472300112964, 52.841770833891935 ], [ -67.214847290401707, 52.843583136810096 ], [ -67.161129120140174, 52.817460379787676 ], [ -67.149494781693718, 52.854442835291351 ], [ -67.134187653455328, 52.851042592114595 ], [ -67.122597824260026, 52.862380763608073 ], [ -67.063150780210478, 52.875456792799945 ], [ -67.047671687710192, 52.837240207466841 ], [ -67.062252845320288, 52.818161107357362 ], [ -67.06881170415825, 52.777737827290593 ], [ -67.039616644510062, 52.767495955920793 ], [ -67.034304082227138, 52.747015631950674 ], [ -67.019752866425691, 52.755031882818344 ], [ -67.016136466806458, 52.744056446195977 ], [ -66.989837195928686, 52.762168654897174 ], [ -66.979040363652388, 52.753145984031825 ], [ -66.94926524160968, 52.759582686368766 ], [ -66.943875197368925, 52.736893254311838 ], [ -66.917310680294321, 52.715208981497291 ], [ -66.894460114792039, 52.676661706208073 ], [ -66.872338388317019, 52.680972073071921 ], [ -66.850879084872801, 52.674772471243799 ], [ -66.871984184124543, 52.709145550686756 ], [ -66.897581032526773, 52.727443098082986 ], [ -66.891167265555296, 52.732550236162375 ], [ -66.855679342755508, 52.717294515159381 ], [ -66.859864945758986, 52.768362788463655 ], [ -66.816835406264232, 52.711256964653671 ], [ -66.801037387766854, 52.708652652177854 ], [ -66.791112402325169, 52.678461229871182 ], [ -66.764676008213073, 52.666235004746511 ], [ -66.757538819081148, 52.673327281837167 ], [ -66.772126737509382, 52.696203598674956 ], [ -66.7475752691292, 52.703044305434439 ], [ -66.753746313673162, 52.751488102493163 ], [ -66.786795354280343, 52.797418933155605 ], [ -66.772865565796536, 52.797267625117854 ], [ -66.746240482103374, 52.773330899064909 ], [ -66.719357359758845, 52.763562194066466 ], [ -66.686311795189141, 52.763700095163252 ], [ -66.680191211845155, 52.79104668965693 ], [ -66.650812080446897, 52.780625946537157 ], [ -66.664779614030351, 52.830891564525835 ], [ -66.645045097067367, 52.852819153948602 ], [ -66.655617282845782, 52.866388891596628 ], [ -66.645081107395129, 52.872631192134342 ], [ -66.66329190906508, 52.890311877406155 ], [ -66.632102006215362, 52.900833247901794 ], [ -66.648186513042887, 52.924909708817246 ], [ -66.632911087066802, 52.931343682343432 ], [ -66.62555377300194, 52.954243263886632 ], [ -66.57699597269054, 52.936786871870666 ], [ -66.537526424256228, 52.944006686568038 ], [ -66.520024455454788, 52.96394078099906 ], [ -66.500773640095161, 52.946355589441019 ], [ -66.494814370090808, 52.950191937615969 ], [ -66.492699370683027, 52.997441469035174 ], [ -66.469612090283661, 52.99097166471109 ], [ -66.46190149724454, 53.000115281875054 ], [ -66.474989089102124, 53.042520025487981 ], [ -66.459216249473229, 53.055171749426478 ], [ -66.431834641168379, 53.048202596815081 ], [ -66.393526185385255, 53.021171073476545 ], [ -66.370270252904419, 53.024757753586641 ], [ -66.326682739471366, 52.972628908163351 ], [ -66.321954141624374, 52.938933090534711 ], [ -66.272744612868706, 52.896016795673326 ], [ -66.276159485202072, 52.883789829782593 ], [ -66.257817625821943, 52.869097630966976 ], [ -66.294629323917377, 52.860120141893397 ], [ -66.273716111869106, 52.846060507578251 ], [ -66.283236412478303, 52.833379513430252 ], [ -66.328312250703078, 52.861216180137689 ], [ -66.368745569833536, 52.863110357372456 ], [ -66.379420452850752, 52.877468194732486 ], [ -66.398562356993864, 52.878867578835035 ], [ -66.416279327004318, 52.858323105479144 ], [ -66.377473474839547, 52.814074829403189 ], [ -66.381458553114442, 52.794443181827873 ], [ -66.354179600339776, 52.802558548521922 ], [ -66.344276818710142, 52.795401276577046 ], [ -66.351269471694692, 52.784103752039393 ], [ -66.330841126249581, 52.761139582693666 ], [ -66.33183213316363, 52.741474437385968 ], [ -66.308331761119604, 52.72859107553834 ], [ -66.33736627590369, 52.701404225498827 ], [ -66.338772668148394, 52.684616783845392 ], [ -66.307780513848584, 52.662969730667548 ], [ -66.296736238512267, 52.645360263957869 ], [ -66.303657773535406, 52.637190930517036 ], [ -66.277380072631544, 52.634449745329903 ], [ -66.284572225226057, 52.604219326341799 ], [ -66.309302522357271, 52.604590122542476 ], [ -66.340772349577165, 52.645449910960409 ], [ -66.388657382874342, 52.682284201809026 ], [ -66.402242992970343, 52.674535447454268 ], [ -66.416362290330909, 52.642044214095534 ], [ -66.440275917272771, 52.636400427296273 ], [ -66.365697982564285, 52.556214292033019 ], [ -66.365184661336301, 52.531123224386988 ], [ -66.399213938006852, 52.528774364712248 ], [ -66.366384591450284, 52.509713680033357 ], [ -66.358122696299333, 52.488251245051963 ], [ -66.360610955641306, 52.466414638076337 ], [ -66.393866513177727, 52.486366331365844 ], [ -66.393104877838311, 52.47611145386746 ], [ -66.358817045271024, 52.430757621488176 ], [ -66.372909820188866, 52.413038883981329 ], [ -66.34171210642009, 52.397210297337033 ], [ -66.344042175335559, 52.360415401904504 ], [ -66.363843652977067, 52.351373090091798 ], [ -66.38101021884917, 52.367578383207011 ], [ -66.419876513947642, 52.383023053115956 ], [ -66.441106476912935, 52.375809544216956 ], [ -66.43659865317403, 52.358810005439096 ], [ -66.44860035621052, 52.350131460964057 ], [ -66.467267506329662, 52.354522904342765 ], [ -66.490517254524761, 52.341637463698234 ], [ -66.462951594170065, 52.301495494152618 ], [ -66.446228195954319, 52.297472130285271 ], [ -66.468765215848819, 52.284669483384285 ], [ -66.443319297704718, 52.280657118660528 ], [ -66.432891634386053, 52.266174306652921 ], [ -66.47042344300182, 52.255655227773993 ], [ -66.423264407253541, 52.219757772209142 ], [ -66.405128036219423, 52.229839583257522 ], [ -66.402662911865875, 52.216927269374132 ], [ -66.356839738887246, 52.176603179413412 ], [ -66.379790475176591, 52.162611165007903 ], [ -66.376365859582833, 52.152816044796886 ], [ -66.357976719066727, 52.14657760084436 ], [ -66.333221855200904, 52.150705988168205 ], [ -66.323567379926317, 52.131817487549931 ], [ -66.267942093600482, 52.150368800323832 ], [ -66.264117038673035, 52.165181408567669 ], [ -66.312569151311081, 52.285517954062385 ], [ -66.283465226218127, 52.285373119364003 ], [ -66.287100226014104, 52.309118589493757 ], [ -66.266696432111218, 52.310078428537814 ], [ -66.25374225614982, 52.304137665862164 ], [ -66.249647323845082, 52.273983679702667 ], [ -66.214775582508736, 52.254855773317885 ], [ -66.200790986937946, 52.226989826808037 ], [ -66.172305824679285, 52.213464959489755 ], [ -66.160021661886461, 52.231653249362033 ], [ -66.15210255406366, 52.23050432447917 ], [ -66.097937254493303, 52.195452030359597 ], [ -66.075926096377415, 52.155029701842309 ], [ -66.078191441597156, 52.124659705386158 ], [ -66.096364771438843, 52.10780837308333 ], [ -66.092634690844719, 52.0865705265701 ], [ -66.066310614159136, 52.097770314318652 ], [ -66.049590942020274, 52.085429396644514 ], [ -66.015634193686907, 52.079925345934974 ], [ -65.996196161934236, 52.054737391414754 ], [ -65.970401491089831, 52.05650258284129 ], [ -65.961284619660702, 52.1046361431858 ], [ -65.897710037673846, 52.076066895791222 ], [ -65.876988998430136, 52.110405412677636 ], [ -65.8420421346908, 52.116472041409871 ], [ -65.822191842776448, 52.110237571805285 ], [ -65.805335630713998, 52.118560515092192 ], [ -65.797361597075678, 52.105697913559332 ], [ -65.749427322966412, 52.109903314236675 ], [ -65.733939726183422, 52.082870758665976 ], [ -65.668256083911288, 52.117274713297995 ], [ -65.648561872201924, 52.080920730654483 ], [ -65.651235183263367, 52.055258651506129 ], [ -65.679910051560213, 52.041507530450268 ], [ -65.668694849353784, 52.026349095946436 ], [ -65.677370747748128, 52.00768123533453 ], [ -65.650175193946424, 51.986808768552571 ], [ -65.634049658693002, 51.999962391672817 ], [ -65.620542171807088, 52.04301065636092 ], [ -65.579321650696528, 52.032806448648913 ], [ -65.539895841133088, 52.044560200602831 ], [ -65.499325417616191, 52.11045336040754 ], [ -65.490104140379941, 52.102110559025704 ], [ -65.497193557180069, 52.060324831918152 ], [ -65.484489028527122, 52.05687747463751 ], [ -65.496076812124585, 52.050206017324612 ], [ -65.45618451451935, 52.011086797523603 ], [ -65.423208106620237, 52.002108683629977 ], [ -65.412290961628941, 51.971311259859441 ], [ -65.399755348258651, 51.965552564183739 ], [ -65.371217029351698, 51.967344757620268 ], [ -65.374863480616042, 51.976525950329702 ], [ -65.364502037125874, 51.980944506813174 ], [ -65.383866835847456, 51.988806489104554 ], [ -65.371223834255375, 51.995877778534876 ], [ -65.359086923175667, 51.981101596264814 ], [ -65.36043254584024, 51.955977522573441 ], [ -65.349333368464016, 51.942416890375419 ], [ -65.374096988574024, 51.915753996244014 ], [ -65.393227641630887, 51.914906937915809 ], [ -65.3995023249838, 51.901894724588033 ], [ -65.392170011015352, 51.880955148070875 ], [ -65.362594403980438, 51.864207614338646 ], [ -65.359759893117996, 51.822752717417572 ], [ -65.346094137755429, 51.819704156159801 ], [ -65.331505831927231, 51.829025754895689 ], [ -65.317838293462998, 51.850760679975799 ], [ -65.323299410761962, 51.870033205213744 ], [ -65.300232847233616, 51.877966941177078 ], [ -65.290652424625605, 51.869720928574516 ], [ -65.283535944918441, 51.873846859623704 ], [ -65.253870449172624, 51.861474866371061 ], [ -65.26602969905062, 51.833760896141605 ], [ -65.260194872842618, 51.824040471410484 ], [ -65.248983802838424, 51.831245218802614 ], [ -65.204617495529689, 51.812794896853958 ], [ -65.195358080753095, 51.821470541457423 ], [ -65.169614553976558, 51.822079259638521 ], [ -65.168712873248325, 51.789762587450547 ], [ -65.186063747246138, 51.775606359624391 ], [ -65.180418010890079, 51.765619534656153 ], [ -65.09115368435198, 51.745971828420423 ], [ -65.049216922560547, 51.769647399130143 ], [ -65.030276593468344, 51.762002108716523 ], [ -65.010034662718979, 51.765140247009164 ], [ -65.0205234690346, 51.758573095071746 ], [ -64.99923202517725, 51.750000940430404 ], [ -64.972354519166728, 51.721640092270661 ], [ -64.950894013353704, 51.715402141952168 ], [ -64.93070578649305, 51.714261565200644 ], [ -64.90984716632714, 51.736670054665922 ], [ -64.927636992064478, 51.746398919179263 ], [ -64.919828859327211, 51.760832595878199 ], [ -64.938639099433871, 51.764432339603552 ], [ -64.924675344963603, 51.777858459754249 ], [ -64.847815020197729, 51.762498656299428 ], [ -64.805382199234941, 51.778140314715174 ], [ -64.794034776688804, 51.761166831496062 ], [ -64.773098727435254, 51.753135226008347 ], [ -64.739421548624577, 51.761472712063757 ], [ -64.730906112634216, 51.752176834478384 ], [ -64.709750601526082, 51.75595409790413 ], [ -64.707861084171441, 51.72926621465016 ], [ -64.688117398071924, 51.717027400686774 ], [ -64.691615538520878, 51.707554697653627 ], [ -64.681148792940135, 51.709824665498942 ], [ -64.666432584634975, 51.700664991840981 ], [ -64.639878239476047, 51.705032618077055 ], [ -64.640438916148725, 51.674034065455977 ], [ -64.61821194176791, 51.661065373663732 ], [ -64.624171827884396, 51.628984713809146 ], [ -64.601057532539542, 51.632879213973908 ], [ -64.548503534560069, 51.573896846921649 ], [ -64.522608714483255, 51.597675565368036 ], [ -64.456636700210098, 51.626819368661849 ], [ -64.422996895815771, 51.676100657864652 ], [ -64.391023009672523, 51.662891396289446 ], [ -64.358922540614657, 51.671554336378676 ], [ -64.337125206351359, 51.66529480290658 ], [ -64.325627958748669, 51.694171296047472 ], [ -64.305210864306375, 51.703562363277214 ], [ -64.274037106892933, 51.74229376027035 ], [ -64.301893297304886, 51.756976445204778 ], [ -64.302455187576939, 51.803643616476975 ], [ -64.333411221015282, 51.823009144185605 ], [ -64.352703425151418, 51.849275943397849 ], [ -64.353035782693937, 51.887048913900713 ], [ -64.340057264557885, 51.890494704725839 ], [ -64.35725776594083, 51.927367299629218 ], [ -64.345070645662204, 51.937484007799341 ], [ -64.342975476579355, 51.967658296181497 ], [ -64.358769085547905, 51.979080353675919 ], [ -64.339656891846317, 51.989136988395167 ], [ -64.361045884137724, 52.005492093812471 ], [ -64.322857376846159, 52.004864097374373 ], [ -64.322966057973005, 51.994396057413013 ], [ -64.280099659093281, 51.974751312946346 ], [ -64.237105053851678, 51.9779599256849 ], [ -64.233951751068801, 51.990904413296491 ], [ -64.279378349844123, 52.03756054659285 ], [ -64.26929815133272, 52.046856397582594 ], [ -64.291866020443109, 52.07764916005906 ], [ -64.251537782436145, 52.07974699006499 ], [ -64.25385294113515, 52.121483272244362 ], [ -64.236274272804707, 52.129362686482722 ], [ -64.249926162706501, 52.144723943747707 ], [ -64.180326606251526, 52.115038914393196 ], [ -64.166359852246472, 52.116057446998596 ], [ -64.177411025415779, 52.133798693189632 ], [ -64.160797447891454, 52.146010728959759 ], [ -64.200692859332037, 52.177016349001988 ], [ -64.213508992596061, 52.224882021095603 ], [ -64.223993051276238, 52.229543859431359 ], [ -64.233995480827886, 52.224031531877884 ], [ -64.21755488933195, 52.257101979697083 ], [ -64.246561354191812, 52.275396656757572 ], [ -64.232680016969638, 52.287934661897964 ], [ -64.209813915689324, 52.2845440645848 ], [ -64.206889984376502, 52.294204775721539 ], [ -64.225583270510384, 52.302504222910443 ], [ -64.216224420351651, 52.313028348226212 ], [ -64.19157137050469, 52.289698357611158 ], [ -64.184614124881023, 52.305585892103842 ], [ -64.169456433017444, 52.306654652593842 ], [ -64.169192016355012, 52.327432227076002 ], [ -64.1827742555637, 52.332720992020676 ], [ -64.158354713486659, 52.33895535965538 ], [ -64.166148250186751, 52.364441130861273 ], [ -64.138011859322276, 52.366925789824805 ], [ -64.109229088468737, 52.394056718875206 ], [ -64.118953573176498, 52.403218064620631 ], [ -64.109376575370106, 52.414256444116134 ], [ -64.134974101078626, 52.424532629783506 ], [ -64.127786208789743, 52.434266601658535 ], [ -64.156874529511171, 52.503801755316843 ], [ -64.151948552379494, 52.519923145137724 ], [ -64.170084192528833, 52.532452471847165 ], [ -64.166879137496181, 52.536653304843753 ], [ -64.17043866054226, 52.544192732771336 ], [ -64.225699423509624, 52.581982366654557 ], [ -64.205809304990709, 52.577207609018231 ], [ -64.19467580415305, 52.595773033224773 ], [ -64.171538493031846, 52.58425258691706 ], [ -64.154550372963485, 52.60343257408443 ], [ -64.170057933451034, 52.623727886050823 ], [ -64.152968882837072, 52.647288640732938 ], [ -64.17298998887297, 52.670562467289521 ], [ -64.170854358019085, 52.677626655940649 ], [ -64.153494218944402, 52.673142061463274 ], [ -64.127657822334115, 52.6864232699876 ], [ -64.125830561986575, 52.698457537070041 ], [ -64.147580415755115, 52.713703225929635 ], [ -64.140493297967822, 52.726705480057063 ], [ -64.079534788773259, 52.736586665475834 ], [ -64.053517745781036, 52.723237973127688 ], [ -64.039304849248907, 52.725884180687061 ], [ -64.037274828765646, 52.738244710413774 ], [ -64.007041038871918, 52.737049114325906 ], [ -63.982734902708145, 52.725442363837232 ], [ -63.937417232990647, 52.731024294993368 ], [ -63.918230132052273, 52.740064787828608 ], [ -63.919508528680318, 52.757789518938345 ], [ -63.888641022777648, 52.750073653337992 ], [ -63.893918598430041, 52.763866676028037 ], [ -63.872941265669837, 52.773962246415337 ], [ -63.818975272193157, 52.758530482294915 ], [ -63.772222152047519, 52.773335424425966 ], [ -63.721485613442802, 52.770311801116108 ], [ -63.733961216051789, 52.784726237655384 ], [ -63.714065859289832, 52.786422228976257 ], [ -63.717537344949868, 52.801529880323351 ], [ -63.694841028334864, 52.804986351252523 ], [ -63.692982080419036, 52.814573689882721 ], [ -63.689823402644478, 52.808390911341164 ], [ -63.660064117114771, 52.811236668640589 ], [ -63.644121993118091, 52.823760042881496 ], [ -63.641714440139502, 52.837329030855862 ], [ -63.676560169342302, 52.852057193065363 ], [ -63.60996407039481, 52.844160148890928 ], [ -63.624162844131305, 52.862373185338861 ], [ -63.614367996166536, 52.877528580153502 ], [ -63.61077761249166, 52.858279492323625 ], [ -63.584915279472604, 52.841404527291829 ], [ -63.599747582842987, 52.82431890920779 ], [ -63.595398966525821, 52.794277501249482 ], [ -63.615956947818859, 52.790637922752268 ], [ -63.617517035664861, 52.771134858646583 ], [ -63.575861222385512, 52.760964060312148 ], [ -63.529378740410372, 52.725198899971801 ], [ -63.458018777686483, 52.717313773983754 ], [ -63.380291282165132, 52.662224296122226 ], [ -63.388292498025898, 52.656803160016473 ], [ -63.412544726751207, 52.660010415948705 ], [ -63.43202448012746, 52.645344711294335 ], [ -63.595981597800254, 52.648617907925036 ], [ -63.716457496774069, 52.630933507421851 ], [ -63.75029232653479, 52.635400493843399 ], [ -63.826755515417602, 52.623477103868112 ], [ -63.850756199130835, 52.625851500715591 ], [ -63.889218306975998, 52.610142900437737 ], [ -63.899631188581132, 52.614618888112098 ], [ -63.922022852842865, 52.598426197067823 ], [ -63.950194542285487, 52.606862714854785 ], [ -63.950490627935352, 52.596139979900492 ], [ -64.032594456102899, 52.570970941029451 ], [ -64.045763623567936, 52.56028141945243 ], [ -64.074869782954394, 52.502456672518136 ], [ -64.08877053179495, 52.505796629585177 ], [ -64.097303894489471, 52.473057411084845 ], [ -64.089700267386462, 52.445928016117378 ], [ -64.06075728092793, 52.434198574376239 ], [ -64.025566912006965, 52.405363144502743 ], [ -64.037409063655886, 52.392117150655281 ], [ -64.013034490628158, 52.362964810412343 ], [ -64.005578302514721, 52.360587406987456 ], [ -64.000932209529225, 52.361837911296668 ], [ -64.010536198412638, 52.366589708812832 ], [ -64.011635683513703, 52.368582395927497 ], [ -63.935296817079681, 52.341539002332297 ], [ -63.917633692022335, 52.343934010787905 ], [ -63.897031416689721, 52.328066200636862 ], [ -63.861039004577975, 52.319052992879122 ], [ -63.843853494969593, 52.324834911113584 ], [ -63.825119185426423, 52.319175797695614 ], [ -63.837415704159369, 52.333932096047114 ], [ -63.828493817093104, 52.334499895597816 ], [ -63.768119015800266, 52.32788740674831 ], [ -63.744486214690092, 52.315232695627607 ], [ -63.746664486111598, 52.309038391901773 ], [ -63.796708699046349, 52.31605489646779 ], [ -63.807117896983264, 52.310072202411554 ], [ -63.823690823986823, 52.321048096804901 ], [ -63.813970388096138, 52.310582999023381 ], [ -63.835951488868623, 52.313607987746735 ], [ -63.769108395615035, 52.279128891999562 ], [ -63.78730359634951, 52.275662601820123 ], [ -63.800609802804921, 52.281877407426364 ], [ -63.799534781065866, 52.275238697949263 ], [ -63.778127506582337, 52.273870810162926 ], [ -63.748446709429402, 52.258132291827174 ], [ -63.747880209955071, 52.250420191593101 ], [ -63.761744023676336, 52.250663093388212 ], [ -63.755888909238323, 52.237339497140333 ], [ -63.711915708414786, 52.197878101775423 ], [ -63.717622988178128, 52.185538996342956 ], [ -63.688658775882445, 52.135057503438674 ], [ -63.708878680795131, 52.084142999498766 ], [ -63.69029211568801, 52.077468004897966 ], [ -63.691003192353541, 52.090435009804203 ], [ -63.676816404347598, 52.082932505458523 ], [ -63.642376876496144, 52.047046405470013 ], [ -63.660451300215215, 52.03992608967107 ], [ -63.681639901069616, 52.055484195442254 ], [ -63.701402389342185, 52.044700200646751 ], [ -63.773087505556958, 52.083129305731113 ], [ -63.787416782391148, 52.08704379483175 ], [ -63.789268102843565, 52.076888795776846 ], [ -63.791724086584544, 52.083310988731959 ], [ -63.827149802229641, 52.085528311381331 ], [ -63.841138362287843, 52.056498275482838 ], [ -63.826590202663816, 52.0286406719014 ], [ -63.812672855796436, 52.032667573269677 ], [ -63.801462640078213, 51.997843676943184 ], [ -62.844182289211787, 51.996957123586853 ], [ -61.806521658581971, 51.995808709022356 ], [ -60.441692060585396, 51.996511876061049 ], [ -59.03440954986106, 51.996981121618461 ], [ -57.964734987785206, 51.996449284308184 ], [ -57.107759373027385, 51.998494772030774 ], [ -57.109571464582523, 51.287163264202064 ], [ -58.000612667383649, 51.093679445957434 ], [ -58.40947518209461, 51.06778351619765 ], [ -58.487318729587052, 51.00001493068158 ], [ -58.702991633816083, 50.7386728809334 ], [ -58.843835738701742, 50.613835711049639 ], [ -58.957353084859641, 50.542008917540485 ], [ -59.177783877939163, 50.430064934301825 ], [ -60.150391194444346, 49.992510596517086 ], [ -60.894449872037775, 49.482135156520094 ], [ -61.439887828484117, 49.156780438140515 ], [ -61.696097908341407, 49.010787816283354 ], [ -62.070791203849069, 49.006390306577039 ], [ -62.476678834304025, 49.035952388814138 ], [ -63.023807601936639, 49.11578074940865 ], [ -63.576113437138631, 49.217981132805591 ], [ -63.999896047332669, 49.512421426965332 ], [ -64.22115293711154, 49.557827520628258 ], [ -64.319385662625493, 49.564498725968676 ], [ -64.637008000377904, 49.547571832552777 ], [ -64.778135446159027, 49.554937249044357 ], [ -64.890649503989664, 49.576516716864774 ], [ -65.202260483937735, 49.661807822011568 ], [ -65.588343436077395, 49.678648367144994 ], [ -66.040145003748094, 49.710139893733697 ], [ -66.131239557816826, 49.702367090580971 ], [ -66.455188176278781, 49.633015222112633 ], [ -66.580598411712657, 49.582939050315446 ], [ -66.662524357053115, 49.52774150395912 ], [ -66.810090498991229, 49.394781904474826 ], [ -67.096270425227416, 49.205014996223433 ], [ -67.250102666970378, 49.139254293519308 ], [ -67.490858286406151, 49.115952199186111 ], [ -67.490811595151328, 49.101565638439901 ], [ -66.995573952018859, 49.096158169519072 ], [ -66.870637485890583, 49.104672994886712 ], [ -66.701404239875629, 49.125084338804889 ], [ -66.427872326183845, 49.192461361480106 ], [ -66.005172915399925, 49.244908973628341 ], [ -65.742617486730708, 49.245986228697042 ], [ -65.556651462634633, 49.259026691191359 ], [ -65.36398509971643, 49.255577660391992 ], [ -64.994335805850014, 49.230892194514325 ], [ -64.752678678538572, 49.200162232404239 ], [ -64.495740877930587, 49.109000626549317 ], [ -64.286677188397803, 48.99345125846127 ], [ -64.23671161397462, 48.961883637910603 ], [ -64.191997941292669, 48.91827179973069 ], [ -64.162082971186763, 48.866279657226563 ], [ -64.132483756437026, 48.732183723478606 ], [ -64.127349205832459, 48.502150288852043 ], [ -64.141119707865556, 48.477058345844036 ], [ -64.27665845959541, 48.413913252461519 ], [ -64.367681999236282, 48.386025229606155 ], [ -64.619858159110777, 48.333725966320308 ], [ -64.738089348455162, 48.252029320106814 ], [ -64.764602738421459, 48.200652521944903 ], [ -64.607605225279755, 48.105122933068529 ], [ -64.709623298801958, 48.059196466439978 ], [ -64.930941997968233, 48.000065921985808 ], [ -65.759494082601904, 48.000012042578582 ], [ -66.003006826449621, 48.016351993988309 ], [ -66.003304269578436, 48.03055921092956 ], [ -66.15566386633094, 48.046353513257451 ], [ -66.275344778559344, 48.038262938323072 ], [ -66.364402125637525, 48.083285065058732 ], [ -66.429212442569991, 48.088654553910523 ], [ -66.491927873739769, 48.080869989524167 ], [ -66.528127507490794, 48.048371930477145 ], [ -66.693605257507429, 48.006810681487224 ], [ -66.726744728496683, 48.00936622787254 ], [ -66.794230755682008, 47.991399246357339 ], [ -66.853086082765842, 48.001449833302999 ], [ -66.921270855964451, 47.984605091058768 ], [ -66.963843184838623, 47.943069145212228 ], [ -66.969728848372796, 47.914697834624057 ], [ -66.943913594905979, 47.902943928021358 ], [ -66.957952521556265, 47.892063749903194 ], [ -66.979550731467, 47.893723331047738 ], [ -67.058961927912421, 47.935615221781241 ], [ -67.072862509934382, 47.921537850011774 ], [ -67.106048821418341, 47.913100651431613 ], [ -67.133046947032284, 47.914836428582838 ], [ -67.142716497828786, 47.892527017957356 ], [ -67.164699738086455, 47.896833019072041 ], [ -67.175074948302907, 47.882676357140959 ], [ -67.21084354503671, 47.875481814562683 ], [ -67.228215211616188, 47.887271519906179 ], [ -67.24446795364166, 47.881690006499994 ], [ -67.287963693812571, 47.89878774324864 ], [ -67.297922593594265, 47.898674647254616 ], [ -67.294698497217269, 47.888555455086895 ], [ -67.304846635215981, 47.885717783172545 ], [ -67.348441408519349, 47.895614287830028 ], [ -67.33689179563838, 47.87170065119399 ], [ -67.343939590329569, 47.867796522906978 ], [ -67.351602950023178, 47.873864122366044 ], [ -67.36411870986457, 47.857353963029951 ], [ -67.357762618649829, 47.846851638398775 ], [ -67.374261162320948, 47.843826661082886 ], [ -67.389844172714234, 47.85012599124039 ], [ -67.379483828999511, 47.856248621069888 ], [ -67.3935398408818, 47.859697173767032 ], [ -67.393064049472386, 47.867947545167354 ], [ -67.512527415844659, 47.913713053607815 ], [ -67.582154471761356, 47.928149575051059 ], [ -67.592942646146341, 47.924406535093141 ], [ -67.608083061707973, 47.93680607795676 ], [ -67.607607912727673, 47.960406142184254 ], [ -67.597119301455535, 47.972257069533974 ], [ -67.61341641085626, 47.979809615518263 ], [ -67.598005725483915, 47.999815905417179 ], [ -68.122605028315306, 47.999892420055247 ], [ -68.122792929736661, 47.916442195771822 ], [ -68.382334183211341, 47.916116945547593 ], [ -68.383549334905922, 47.553092290930174 ], [ -68.568107007230992, 47.427146240775741 ], [ -68.799628235595137, 47.348941931541276 ], [ -69.050961145571293, 47.300097813349034 ], [ -69.054103104699138, 47.374643247689228 ], [ -69.039844993375738, 47.383987154337625 ], [ -69.042275087219991, 47.405400515940464 ], [ -69.03236114289227, 47.402231829415072 ], [ -69.030100432610041, 47.407782371141316 ], [ -69.043585762885883, 47.427318484361649 ], [ -69.047592627684111, 47.427631173021453 ], [ -69.046543299699891, 47.424347882104655 ], [ -69.052590285521305, 47.42216737198347 ], [ -69.062677162622805, 47.434493191973871 ], [ -69.069708188070877, 47.426779989167102 ], [ -69.090602905391393, 47.42427829308307 ], [ -69.099046296631016, 47.431631496245316 ], [ -69.10730731557814, 47.427568501292889 ], [ -69.122236110846899, 47.442795890231309 ], [ -69.156373197054805, 47.451472703882402 ], [ -69.162288085177025, 47.447370096806488 ], [ -69.178870985902392, 47.45742769960286 ], [ -69.205186896522932, 47.451863592348701 ], [ -69.223809812870869, 47.459687691031888 ], [ -69.997082795718185, 46.695831404804395 ], [ -70.056418808910934, 46.415606600080963 ], [ -70.096867198969051, 46.409578788271652 ], [ -70.129152309543713, 46.369495999464597 ], [ -70.191809813356187, 46.349720204279841 ], [ -70.208976113280357, 46.32958020548098 ], [ -70.205682885698351, 46.299924794491751 ], [ -70.231584091804663, 46.291099308567787 ], [ -70.271492987430733, 46.210183796628698 ], [ -70.292532321781167, 46.191464492938643 ], [ -70.236242190617517, 46.145218893314876 ], [ -70.254476484564577, 46.113786006900156 ], [ -70.252542185442195, 46.100462993246843 ], [ -70.284269765693182, 46.100595255763075 ], [ -70.301923502020088, 46.082195975673102 ], [ -70.310229267897483, 46.0632108165508 ], [ -70.28550409184588, 46.062690010807437 ], [ -70.279046703820384, 46.055888974448393 ], [ -70.317802625256988, 46.018659695685145 ], [ -70.303411447488017, 45.999161871989692 ], [ -70.284311712189321, 45.995613988459432 ], [ -70.307759709283005, 45.982276135797704 ], [ -70.314971425672653, 45.962554312633323 ], [ -70.275790969636162, 45.967258292751339 ], [ -70.238992986570224, 45.944042539890319 ], [ -70.262199397531631, 45.924407786642611 ], [ -70.252965251074698, 45.907516357427241 ], [ -70.265157694694054, 45.893103956300394 ], [ -70.259270078016328, 45.889534804644121 ], [ -70.308558076397986, 45.858306312474845 ], [ -70.341952604625675, 45.852791175483347 ], [ -70.360466523174097, 45.834896634500694 ], [ -70.37143359593361, 45.835199818403801 ], [ -70.398151109896773, 45.79722229698897 ], [ -70.417078971914435, 45.795141365759484 ], [ -70.40740639714268, 45.762307944795708 ], [ -70.388146546491853, 45.751404038728246 ], [ -70.39404748500516, 45.740250879721998 ], [ -70.383963752486949, 45.734361856600415 ], [ -70.400223570706501, 45.719995439068143 ], [ -70.439128103275749, 45.703854598403943 ], [ -70.466274859875242, 45.70602489955288 ], [ -70.525530460306129, 45.666725710028764 ], [ -70.533585658935806, 45.671385077204285 ], [ -70.557736328005006, 45.666952878825612 ], [ -70.591422232083929, 45.629751524566608 ], [ -70.619734808351808, 45.611333072681738 ], [ -70.645009326259597, 45.606704662820526 ], [ -70.659565910415637, 45.585899726763898 ], [ -70.687398113084313, 45.568509525554042 ], [ -70.677264822965057, 45.551815973862112 ], [ -70.723460290187518, 45.512478544159592 ], [ -70.71119721188164, 45.49873007397732 ], [ -70.717150008569462, 45.488328691258786 ], [ -70.69163774943074, 45.473845023266477 ], [ -70.680156437244207, 45.451997844310185 ], [ -70.650935623446586, 45.445322188524891 ], [ -70.630003873615436, 45.426544123830524 ], [ -70.635018723973118, 45.411648808960287 ], [ -70.62183808874606, 45.403079691700547 ], [ -70.635211519825077, 45.396691256238398 ], [ -70.637032404044689, 45.382281115235074 ], [ -70.659816583436083, 45.377522345766188 ], [ -70.660636441592843, 45.385074446178109 ], [ -70.68129513488735, 45.394940002789546 ], [ -70.710223924160175, 45.390106051717368 ], [ -70.721935718453608, 45.394589209258086 ], [ -70.754091033186413, 45.42771832239599 ], [ -70.796174643369966, 45.427677126752961 ], [ -70.826041348535057, 45.398436950140812 ], [ -70.802128729838756, 45.366707360987839 ], [ -70.819542352041978, 45.339617760811571 ], [ -70.807720363026291, 45.327182596434177 ], [ -70.811738697009289, 45.303825850608831 ], [ -70.834408201454551, 45.293522926934386 ], [ -70.832848357844142, 45.277719470659903 ], [ -70.849031434825491, 45.262138565152071 ], [ -70.849434609696871, 45.244664171780386 ], [ -70.838706890304749, 45.2339082679662 ], [ -70.857947903734896, 45.228637583613171 ], [ -70.892951899482483, 45.238666354483975 ], [ -70.899008838636433, 45.25843891242075 ], [ -70.921432218792191, 45.278900345021192 ], [ -70.912031816423251, 45.296795087233228 ], [ -70.918903034977575, 45.312538206166735 ], [ -70.943471132123562, 45.323647929922515 ], [ -70.951813054982509, 45.338554722841273 ], [ -70.984748494852781, 45.332011757354344 ], [ -71.009633495285371, 45.347559616347503 ], [ -71.011354843907583, 45.334116783877107 ], [ -71.001603590133442, 45.32841766169296 ], [ -71.008882940853653, 45.319248849800083 ], [ -71.097563681658698, 45.301831907209191 ], [ -71.124602374573044, 45.254844102089876 ], [ -71.146997914631768, 45.239555841898522 ], [ -71.161347176398124, 45.250023975260035 ], [ -71.181425623111252, 45.24004858260713 ], [ -71.197723271855267, 45.25415957272741 ], [ -71.229994269870787, 45.249464591381731 ], [ -71.235787205728045, 45.260733915305416 ], [ -71.258935985995862, 45.271718434659725 ], [ -71.265026428632126, 45.293870668540194 ], [ -71.280177363593396, 45.294482975073848 ], [ -71.284110073009387, 45.302204776590237 ], [ -71.296619086592699, 45.299128479944308 ], [ -71.33644165995976, 45.272887374140247 ], [ -71.360433595885254, 45.270303560010092 ], [ -71.358096749127284, 45.251806147626205 ], [ -71.378227182146787, 45.243869601018382 ], [ -71.384612221067769, 45.233050096826375 ], [ -71.403434402285271, 45.2426105151578 ], [ -71.420608492398301, 45.232384636438688 ], [ -71.442248685147831, 45.238499772069645 ], [ -71.40305800036046, 45.215157986902391 ], [ -71.397387613669224, 45.203162206113213 ], [ -71.437548986966902, 45.141815202053941 ], [ -71.428234693980997, 45.135159688645309 ], [ -71.429512516060342, 45.122461904006457 ], [ -71.448618205833526, 45.112293812100802 ], [ -71.469254909064787, 45.083856391277756 ], [ -71.497650690962857, 45.070600098407098 ], [ -71.505241802083177, 45.048621799588844 ], [ -71.490862409060071, 45.042710590199604 ], [ -71.505284532213594, 45.013399863386127 ], [ -72.311875991572435, 45.003797025844179 ], [ -72.634617262555651, 45.014723023035955 ], [ -73.06606137932998, 45.015978378592521 ], [ -74.150051842637595, 44.991143167697416 ], [ -74.663055595210423, 44.998916699677054 ], [ -74.668568448112751, 45.00435508045738 ], [ -74.64436621333796, 45.022794756811606 ], [ -74.596510674302024, 45.041425761603783 ], [ -74.554839467479312, 45.044469229406872 ], [ -74.493005764796251, 45.066127065237815 ], [ -74.441671996073566, 45.130812821742317 ], [ -74.377614626423494, 45.153764894427489 ], [ -74.320380894977333, 45.186936522267288 ], [ -74.471911279195638, 45.302734210588483 ], [ -74.38175180015908, 45.566342025537885 ], [ -74.436147937087327, 45.572833190177924 ], [ -74.478653735979108, 45.595040778720346 ], [ -74.53511006028144, 45.594832517386919 ], [ -74.635892319747143, 45.638549140586683 ], [ -74.724081768908519, 45.628059437986195 ], [ -74.786358474795861, 45.638797967748872 ], [ -74.835182896155445, 45.63582156811767 ], [ -74.936774952710977, 45.644994713842209 ], [ -74.988979700057769, 45.610784845810628 ], [ -75.035466270683088, 45.593808188141509 ], [ -75.127871326310981, 45.576749931390779 ], [ -75.23641109496478, 45.586878821168618 ], [ -75.342514403137486, 45.536983993069221 ], [ -75.391041940933547, 45.524177852519031 ], [ -75.459607159078459, 45.518794853555626 ], [ -75.575556797657001, 45.474825106024433 ], [ -75.683177193085811, 45.459136501437264 ], [ -75.699585220379319, 45.444257597651379 ], [ -75.704686360408431, 45.424663944617294 ], [ -75.756358946059748, 45.412393587506941 ], [ -75.791579341295687, 45.381205023323652 ], [ -75.817825325525504, 45.372698709386519 ], [ -75.842590326650722, 45.375974814467 ], [ -75.895185098222797, 45.401634686971306 ], [ -75.95474415048453, 45.460260748906755 ], [ -75.987164606618194, 45.479645308655932 ], [ -76.089877186838052, 45.513852445405298 ], [ -76.201006389007318, 45.518879135169108 ], [ -76.233482682427734, 45.507828729606565 ], [ -76.245083932152298, 45.468608941213844 ], [ -76.291255755100821, 45.46588951264134 ], [ -76.317037369362694, 45.457022949686085 ], [ -76.365955999400754, 45.457831786120487 ], [ -76.453565760936741, 45.500389682808859 ], [ -76.481545132414965, 45.504828708306619 ], [ -76.501064717688607, 45.519040632717406 ], [ -76.5216799281215, 45.516357185357485 ], [ -76.60374500202191, 45.53218129780447 ], [ -76.659274946649148, 45.560726059034558 ], [ -76.674706320191731, 45.583689763135631 ], [ -76.669165773644593, 45.623715858711158 ], [ -76.711944539582007, 45.66548225843254 ], [ -76.686537171936493, 45.68529433690037 ], [ -76.692782737825624, 45.708651526174542 ], [ -76.704601135411011, 45.72135620209982 ], [ -76.74471078896083, 45.723147005427741 ], [ -76.77028979446041, 45.734063330085426 ], [ -76.765819329429007, 45.746831856557776 ], [ -76.781392820927465, 45.785282116011004 ], [ -76.765759208996627, 45.810989489559951 ], [ -76.764740138353133, 45.850985186506769 ], [ -76.783143190191353, 45.873517006710543 ], [ -76.894838600774861, 45.898146176276406 ], [ -76.927575154074049, 45.892254878237488 ], [ -76.922038818513613, 45.86976874331576 ], [ -76.900981294573825, 45.853258401888816 ], [ -76.927476385179716, 45.846861966411737 ], [ -76.913368209626867, 45.803663360414014 ], [ -76.935349422731576, 45.789086509655583 ], [ -76.987683335309825, 45.786634757220291 ], [ -77.016973341943299, 45.807125536247959 ], [ -77.053667939173337, 45.810582459570327 ], [ -77.081558341835375, 45.83558296226073 ], [ -77.190327216438718, 45.863860846949379 ], [ -77.236188377286027, 45.920532292190558 ], [ -77.278404071014208, 45.948889644946775 ], [ -77.286729237524014, 45.986546382973714 ], [ -77.279136013034048, 46.015513706456048 ], [ -77.314743495942224, 46.026851414504137 ], [ -77.362379345578361, 46.059486088366143 ], [ -77.566082710631292, 46.159220591127443 ], [ -77.674994288512679, 46.198497384158316 ], [ -77.6946549707841, 46.182698280021228 ], [ -77.722059580059053, 46.192002950066993 ], [ -77.79558789713009, 46.197570561880468 ], [ -77.926809155282413, 46.224098984573594 ], [ -77.98798594533622, 46.246562244829363 ], [ -78.055926918988078, 46.243883738220049 ], [ -78.135142786166455, 46.274727986931495 ], [ -78.260490548533213, 46.273944035464467 ], [ -78.309580809651393, 46.253169020910399 ], [ -78.388388730335109, 46.29168791521176 ], [ -78.503338988442636, 46.295018321184791 ], [ -78.59705837404276, 46.318852641351484 ], [ -78.675822343125262, 46.318233777796927 ], [ -78.711495597519118, 46.326007542726892 ], [ -78.728231263048215, 46.342338688110111 ], [ -78.727107172556032, 46.382872693051581 ], [ -78.892722000301632, 46.461915309522993 ], [ -78.989870724972249, 46.548855527726339 ], [ -78.995671330926356, 46.590898521077477 ], [ -79.015250739148868, 46.626852293882379 ], [ -79.094322891464088, 46.6882957138222 ], [ -79.170821536963814, 46.82521851190652 ], [ -79.214008108713116, 46.833235562220437 ], [ -79.223658231637984, 46.842655356203529 ], [ -79.329665750294666, 46.957186778094503 ], [ -79.346799183279529, 47.007858493403141 ], [ -79.434985940458873, 47.084229942002345 ], [ -79.442193430178193, 47.138509169910613 ], [ -79.426842650210233, 47.250069240188893 ], [ -79.548451270466074, 47.375652789276309 ], [ -79.586878084194936, 47.433114959071929 ], [ -79.584677265876493, 47.450633223588881 ], [ -79.560729079027368, 47.477665442813397 ], [ -79.553231731127013, 47.511193534528225 ], [ -79.510486022109959, 47.543582422955716 ], [ -79.517829204156527, 47.561596407140286 ], [ -79.5158487132164, 51.460677607715667 ], [ -79.582695251035545, 51.530099442075198 ], [ -79.581355460452471, 51.592967023726189 ], [ -79.543395851095369, 51.629093229025571 ], [ -79.465170308706959, 51.66920042899887 ], [ -79.371565724236589, 51.692712585855858 ], [ -79.298581246800879, 51.693220077642309 ], [ -79.242000740074062, 51.674686790778694 ], [ -79.182752726677421, 51.630726550189912 ], [ -79.169305598534535, 51.597324800098669 ], [ -79.127211235851746, 51.566198764849261 ], [ -79.029833529308235, 51.526413536612331 ], [ -78.960186662421066, 51.45895051998891 ], [ -78.853330074842603, 51.451832758168464 ], [ -78.822991415503125, 51.4693373625256 ], [ -78.826127314919802, 51.492056345721288 ], [ -78.842396134135555, 51.503898379814771 ], [ -78.859605274411777, 51.587485637773163 ], [ -78.880770326762473, 51.613191755721424 ], [ -78.945439842891915, 51.645817546835154 ], [ -78.966330826775206, 51.672416103922195 ], [ -79.010848078969218, 51.698755206175356 ], [ -79.02300048803707, 51.723524479829521 ], [ -79.057912661668041, 51.750054280175846 ], [ -79.059264620097807, 51.768078280759795 ], [ -79.043093206835238, 51.784949326235292 ], [ -78.925523564746754, 51.842269953035078 ], [ -78.892342013584809, 51.959495845445048 ], [ -78.875168770861791, 51.960367091038286 ], [ -78.847359642719653, 51.947081213783477 ], [ -78.770950999820911, 51.980727727525313 ], [ -78.75473965900413, 51.996441237477931 ], [ -78.747484111381453, 52.031897708508623 ], [ -78.725162508626482, 52.052664207300417 ], [ -78.680775785687914, 52.072227883913662 ], [ -78.589630040924519, 52.147059865652849 ], [ -78.58418671838065, 52.289708448914872 ], [ -78.532756569585786, 52.317585288149964 ], [ -78.521438175842832, 52.332117039666166 ], [ -78.545786344687485, 52.358341695525894 ], [ -78.557433523761233, 52.43792901345612 ], [ -78.566320635180702, 52.445304577280211 ], [ -78.626488839069907, 52.454559370337087 ], [ -78.620254228477563, 52.483234668323128 ], [ -78.594930600070796, 52.502123019367872 ], [ -78.670616944274755, 52.50637473353008 ], [ -78.684900380418355, 52.517542702042221 ], [ -78.722394591978016, 52.513011216149131 ], [ -78.75003655723053, 52.537591011604768 ], [ -78.771268828478711, 52.538880990744701 ], [ -78.769670736366152, 52.56282638367 ], [ -78.729570042758894, 52.584444111612626 ], [ -78.738497779352386, 52.612425927229921 ], [ -78.75140272785805, 52.618370450498766 ], [ -78.785707259123996, 52.615224433582078 ], [ -78.805544971698083, 52.623238669521278 ], [ -78.816358028853969, 52.640544177035629 ], [ -78.782828547560086, 52.657123244641838 ], [ -78.757197638083966, 52.653508655321644 ], [ -78.731343323646726, 52.669369992140453 ], [ -78.750744011933222, 52.679428775855854 ], [ -78.829436752983156, 52.676428973556455 ], [ -78.832949169269668, 52.704288040275109 ], [ -78.789306163131158, 52.706061233450626 ], [ -78.792693796679629, 52.712676787514752 ], [ -78.880389595337434, 52.74092188344941 ], [ -78.846972460631392, 52.764895090194777 ], [ -78.838679901379933, 52.781726052361279 ], [ -78.769809495889604, 52.783340313776804 ], [ -78.803025394214302, 52.810431352355586 ], [ -78.758488240987305, 52.844139820745696 ], [ -78.767443846203818, 52.851732810137591 ], [ -78.831913059731974, 52.849998499785762 ], [ -78.84442853766835, 52.858326628526221 ], [ -78.870344913605194, 52.857882753239586 ], [ -78.872059564015629, 52.869348923774062 ], [ -78.897282906040388, 52.883370683793714 ], [ -78.883655412649986, 52.900196716084814 ], [ -78.900074414367154, 52.899244133713928 ], [ -78.923218885880601, 52.911845320170492 ], [ -78.834811211129193, 52.968448033371722 ], [ -78.84380860933021, 52.979506811948298 ], [ -78.871451549144439, 52.976560580856464 ], [ -78.900282962383287, 52.985757180403688 ], [ -78.931000324101177, 52.981633816127548 ], [ -78.96555685136056, 52.992363208131657 ], [ -78.997479422580511, 53.013496036171063 ], [ -78.986768315511114, 53.043652033733643 ], [ -78.993481697705747, 53.072021679589696 ], [ -78.973288247302577, 53.082332779252482 ], [ -78.959499166405095, 53.106792797734961 ], [ -78.973117756800889, 53.106911683179106 ], [ -78.957919495623329, 53.12235434224273 ], [ -78.976971424722194, 53.123255198900331 ], [ -78.946580766047504, 53.140180787090067 ], [ -78.954073292224066, 53.146457836824794 ], [ -78.944719896176437, 53.160903379614545 ], [ -78.976959135366911, 53.169946954666216 ], [ -78.960081717486304, 53.188763765304941 ], [ -78.915338268249243, 53.198555204114122 ], [ -78.944840636996446, 53.211445710133127 ], [ -78.926825163746742, 53.223633876660102 ], [ -78.909444673336864, 53.218499159571948 ], [ -78.908604440055612, 53.227687481811913 ], [ -78.935685633726692, 53.237400614266306 ], [ -78.9538431824284, 53.232356164099691 ], [ -78.928139600200524, 53.251944350845797 ], [ -78.931414344890058, 53.259318889247702 ], [ -78.99022094490158, 53.270450846050643 ], [ -78.966594666983269, 53.283645928803864 ], [ -78.959546322712484, 53.316799051924797 ], [ -79.003801594020445, 53.323932795946128 ], [ -79.003280744341609, 53.340306890517247 ], [ -78.988578225089938, 53.351372081790188 ], [ -78.993336347489702, 53.388589844581475 ], [ -79.022081561381995, 53.403906598069952 ], [ -79.043916160105624, 53.399759652698265 ], [ -79.06323046541884, 53.405539843677474 ], [ -79.040496635396082, 53.424525446512781 ], [ -79.042329341033906, 53.436782771801539 ], [ -79.070124700685085, 53.426835399132052 ], [ -79.083883490563167, 53.451645158153966 ], [ -79.12164375474056, 53.472405852435038 ], [ -79.107788384531716, 53.485284293759918 ], [ -79.138578280232153, 53.500474759164966 ], [ -79.103768159242762, 53.518564136235412 ], [ -79.033774170200843, 53.534709080653833 ], [ -79.033729839863753, 53.553428455997754 ], [ -79.044722930521615, 53.554869635320202 ], [ -79.029254689908313, 53.569752727142721 ], [ -79.076748232986191, 53.588612760632437 ], [ -79.065924920194604, 53.614020536210681 ], [ -79.050393397676956, 53.62297421848875 ], [ -79.071686881082442, 53.639746707206022 ], [ -79.070439179606694, 53.665327650279536 ], [ -79.052578023400585, 53.680034266452786 ], [ -79.081056480977296, 53.689018340344461 ], [ -79.133877615645645, 53.685667876308393 ], [ -79.159220166028959, 53.694123390086524 ], [ -79.158237544574064, 53.708565413224498 ], [ -79.143230175942293, 53.716021712573877 ], [ -79.090598578672029, 53.713830520967257 ], [ -79.080591773215843, 53.735350399118992 ], [ -79.087590516225049, 53.76229743780889 ], [ -79.046307594054838, 53.768209090870926 ], [ -79.036473413050103, 53.785384503829228 ], [ -79.082898581416302, 53.786542311141652 ], [ -79.067568291793251, 53.807552401624939 ], [ -79.051873188823706, 53.806955395690352 ], [ -79.062151994396672, 53.800748003129655 ], [ -79.044006318962531, 53.809569902307238 ], [ -79.064903314891239, 53.82167070065276 ], [ -79.059025119285536, 53.841184204759884 ], [ -79.084149617625712, 53.862692405740617 ], [ -79.077670404196951, 53.871147310460266 ], [ -79.07404008753295, 53.86081588899868 ], [ -79.069818400609904, 53.860366111691562 ], [ -79.071864814743748, 53.871259498680402 ], [ -79.057163896717327, 53.874012703666466 ], [ -79.097254409245238, 53.880296206465736 ], [ -79.06778071807895, 53.884892800908226 ], [ -79.114426307758208, 53.891724989186692 ], [ -79.101264305627481, 53.893275012439325 ], [ -79.103300384977501, 53.902667100672893 ], [ -79.075881295567854, 53.895221688794102 ], [ -79.03354849595739, 53.904617901172941 ], [ -79.03641439936473, 53.893862111133728 ], [ -79.005208516203126, 53.889942190579987 ], [ -78.985174104742228, 53.899920691055264 ], [ -79.017120500625879, 53.907446191097037 ], [ -79.001776009456535, 53.915848690582934 ], [ -79.042441403187425, 53.925619491715047 ], [ -79.067785094048077, 53.923454502178231 ], [ -79.095052196473375, 53.931593000086878 ], [ -79.098658815902681, 53.939573188893085 ], [ -79.148323684235791, 53.945082289107773 ], [ -79.155007599925383, 53.948215395171054 ], [ -79.040218784958228, 53.934673003212353 ], [ -79.106927818474645, 53.94970658869201 ], [ -79.026665583025078, 53.953279590616816 ], [ -79.041782882536523, 53.95501900080928 ], [ -79.037967103829502, 53.966519794763364 ], [ -79.102543394283757, 53.969623089904822 ], [ -79.05282201721684, 53.977673511168391 ], [ -79.07451379203232, 53.982086612167684 ], [ -79.055190800816106, 53.985696192601843 ], [ -79.068469312516541, 53.988642005777166 ], [ -79.06732131377818, 53.996039490252166 ], [ -79.001976183646121, 53.997039294245354 ], [ -78.9823294065082, 53.99067699069937 ], [ -78.963882894014901, 53.993443191948018 ], [ -78.963641080821304, 54.005017409500098 ], [ -79.188151936189911, 54.039431833786303 ], [ -79.348647228225914, 54.073490078273394 ], [ -79.402327007606402, 54.090960122467834 ], [ -79.414366846924594, 54.10727410515166 ], [ -79.515759736175127, 54.142549827341789 ], [ -79.485124093495685, 54.307922657990396 ], [ -79.492394562420415, 54.352557070171606 ], [ -79.51562616409818, 54.365692529896783 ], [ -79.509931814431809, 54.424370717159533 ], [ -79.544792763197734, 54.463531815953985 ], [ -79.593317265969716, 54.475204107797744 ], [ -79.668903398405163, 54.550246533057162 ], [ -79.738946395459038, 54.58683931409756 ], [ -79.740960565729097, 54.607046555274081 ], [ -79.763559576064722, 54.612394638086606 ], [ -79.770775586069661, 54.626053535655856 ], [ -79.751439006926816, 54.634938494970463 ], [ -79.749593805031878, 54.647946491275064 ], [ -79.731386884440013, 54.635172903340532 ], [ -79.715749591372315, 54.654012489374786 ], [ -79.692374009960886, 54.655427002691205 ], [ -79.681478477011453, 54.666151209656825 ], [ -79.675883777781863, 54.661520198126993 ], [ -79.650048984645409, 54.686160006292901 ], [ -79.644351808020858, 54.68215319480381 ], [ -79.620153507909507, 54.692315011026039 ], [ -79.621681711502589, 54.701259708380263 ], [ -79.616377093846324, 54.696025591120986 ], [ -79.599753712323363, 54.699982198135302 ], [ -79.563357291764802, 54.723377998678053 ], [ -79.533474679419712, 54.72101450950386 ], [ -79.480363105659606, 54.735928907420082 ], [ -79.44944688389208, 54.759216702320948 ], [ -79.46431621559681, 54.742235304152643 ], [ -79.456064975438977, 54.738649809616753 ], [ -79.435276514276879, 54.740439406178901 ], [ -79.388617491420902, 54.764242207410597 ], [ -79.369294780385673, 54.755903597573763 ], [ -79.342056284215545, 54.757845701246488 ], [ -79.227219190829032, 54.797560791861343 ], [ -79.164556999289047, 54.800621888784555 ], [ -79.094952010629228, 54.819882395583384 ], [ -79.042930813784039, 54.823779810696301 ], [ -79.010379786210081, 54.838206504823951 ], [ -78.980169705711248, 54.832920596852532 ], [ -78.939747299431914, 54.854272691670289 ], [ -78.93579188952252, 54.869782406044244 ], [ -78.944151313153512, 54.870808790294852 ], [ -78.891081818107281, 54.883862194447886 ], [ -78.892912580447643, 54.895056300390237 ], [ -78.882807908361926, 54.890598413985543 ], [ -78.869509396938767, 54.900801698402937 ], [ -78.853425199872817, 54.898473802927448 ], [ -78.833608407327048, 54.912693812870742 ], [ -78.814245693385203, 54.90590640139542 ], [ -78.768514295742079, 54.908284601658487 ], [ -78.713690390257511, 54.9338586046741 ], [ -78.679385590578065, 54.933792206212168 ], [ -78.59047869414637, 54.966118303652024 ], [ -78.580546405102851, 54.960254112133747 ], [ -78.546107713934845, 54.981107192960941 ], [ -78.552408806234624, 54.990608507012553 ], [ -78.488401583640538, 55.004214193359296 ], [ -78.471613119428511, 55.001062495162188 ], [ -78.426352719916579, 55.020497589922606 ], [ -78.40685791070473, 55.016163390986868 ], [ -78.316573315476248, 55.042015889937858 ], [ -78.270325617407764, 55.067260494447915 ], [ -78.263800402176471, 55.076655999120909 ], [ -78.274184492366373, 55.079995910113567 ], [ -78.260551207155999, 55.086567701495049 ], [ -78.256242880374842, 55.080780107334725 ], [ -78.244878809392844, 55.083395113293207 ], [ -78.24653939760482, 55.090414909609734 ], [ -78.225966003669626, 55.093681206269316 ], [ -78.230631198062568, 55.098283287337274 ], [ -78.205416010962409, 55.106150496386462 ], [ -78.181730294063598, 55.126766394901878 ], [ -78.165662019282991, 55.129614595958351 ], [ -78.181172615453434, 55.121148111573007 ], [ -78.160800017426908, 55.12746449585724 ], [ -78.123979314174591, 55.150210802831033 ], [ -78.128021897964075, 55.139697305035476 ], [ -78.10957900908619, 55.154917093991699 ], [ -78.033512282337782, 55.175315598037628 ], [ -77.971233180123335, 55.205829000650411 ], [ -77.913958104720322, 55.218594601045538 ], [ -77.899902603442527, 55.234483304036786 ], [ -77.888438673909889, 55.232326106291971 ], [ -77.848637384173003, 55.257411894596103 ], [ -77.788813301440015, 55.268971210351012 ], [ -77.746649007494, 55.301007490946937 ], [ -77.745359624038585, 55.312747893715496 ], [ -77.690876405451121, 55.340495998194861 ], [ -77.673663912386104, 55.358450306271024 ], [ -77.624672880494657, 55.384130794640967 ], [ -77.632440618864678, 55.375272390819106 ], [ -77.604426595747938, 55.38606750972734 ], [ -77.580114594325948, 55.382715009558247 ], [ -77.552578511937597, 55.395938207800249 ], [ -77.545446783515033, 55.408800689258634 ], [ -77.48984739011162, 55.438306411101095 ], [ -77.457473416549036, 55.467669989105914 ], [ -77.427609576447395, 55.478688505464639 ], [ -77.420006796888018, 55.491526990814776 ], [ -77.336201888446539, 55.524023111681288 ], [ -77.349807497834959, 55.529586998346076 ], [ -77.326975184802421, 55.533016408877401 ], [ -77.299711806527455, 55.555440608984583 ], [ -77.304929016054103, 55.560442306333037 ], [ -77.228715786618949, 55.590117993001748 ], [ -77.233849588849594, 55.600499587168777 ], [ -77.200847308674298, 55.611714713636211 ], [ -77.163422318590861, 55.645351498242896 ], [ -77.166860117865724, 55.652285491323759 ], [ -77.115288590798144, 55.667306612300777 ], [ -77.11649248013677, 55.680846607641342 ], [ -77.080452801622243, 55.720897907833191 ], [ -77.106211384127349, 55.71947969765818 ], [ -77.110373093100407, 55.704245707196634 ], [ -77.197553181630951, 55.667658507494849 ], [ -77.107740275480268, 55.726172706633918 ], [ -77.092749079492108, 55.74486389753482 ], [ -77.067089584801366, 55.748049505657114 ], [ -77.077102506761307, 55.752793591822872 ], [ -76.999999983227312, 55.805183002030731 ], [ -76.993908705286856, 55.82319729691406 ], [ -76.962131522967411, 55.822278495705469 ], [ -76.978201376063552, 55.828629899416434 ], [ -76.956444480353028, 55.835438291353007 ], [ -76.961180201472757, 55.847767007188096 ], [ -76.894334393592928, 55.891743308913902 ], [ -76.882066914251013, 55.913557513474139 ], [ -76.830186923004774, 55.929854497130606 ], [ -76.808078816674509, 55.958111103917354 ], [ -76.798492315940706, 56.001062793029284 ], [ -76.728439796886221, 56.01693920979821 ], [ -76.690713214009435, 56.048042914322167 ], [ -76.686529477589531, 56.086621404138626 ], [ -76.649024305588895, 56.124865108098163 ], [ -76.64167434715732, 56.146721819214164 ], [ -76.659652274801232, 56.165019104619496 ], [ -76.650886819200991, 56.189631794506738 ], [ -76.641085135475663, 56.190269299194647 ], [ -76.670697930198273, 56.19380809079275 ], [ -76.625719014567608, 56.194159486882661 ], [ -76.614786722143208, 56.202901596622013 ], [ -76.626223825184525, 56.237684910484361 ], [ -76.557135401548422, 56.287640299715214 ], [ -76.542577813312931, 56.343189499298539 ], [ -76.55946993547974, 56.349582913694846 ], [ -76.540073315665481, 56.35859652230473 ], [ -76.52720720414608, 56.379513209130515 ], [ -76.540017330828562, 56.405425027089308 ], [ -76.522747175842611, 56.427342693137064 ], [ -76.518624668671208, 56.45889828508313 ], [ -76.552872277622996, 56.477329888896762 ], [ -76.544143702785263, 56.50130988942373 ], [ -76.556421811744713, 56.518453479440275 ], [ -76.541232679234597, 56.535849192513233 ], [ -76.557880187625301, 56.555447396510615 ], [ -76.534064577083313, 56.596747100956101 ], [ -76.549202022149771, 56.602884102249597 ], [ -76.53010668968318, 56.643972798585963 ], [ -76.540394399076277, 56.658611402391749 ], [ -76.529983002887448, 56.722956591963623 ], [ -76.537232079273181, 56.773349516039808 ], [ -76.534023453109157, 56.786213306345395 ], [ -76.518933687575284, 56.786548414200318 ], [ -76.536110475325998, 56.789442715291727 ], [ -76.552275891919038, 56.895216190360159 ], [ -76.542663168199397, 56.909782091941558 ], [ -76.569261691973296, 56.924234291599483 ], [ -76.569601011800529, 56.975929815315247 ], [ -76.559164578489884, 56.988055395636621 ], [ -76.575806509575273, 57.000000305061249 ], [ -76.582782304417634, 57.030218366426688 ], [ -76.577184247685281, 57.094677885483279 ], [ -76.634126889869918, 57.259885118274319 ], [ -76.716259462805453, 57.404193935797423 ], [ -76.802189606685303, 57.490788649817709 ], [ -76.820979856310615, 57.539309575766488 ], [ -76.888821206879257, 57.63496198093042 ], [ -76.904867757497328, 57.705407046145339 ], [ -77.027581985197344, 57.832688338875784 ], [ -77.212824099733595, 57.997063883332011 ], [ -77.191822857447264, 58.018310448258219 ], [ -77.236089548630929, 58.027161174720653 ], [ -77.344133866064027, 58.084220859006265 ], [ -77.387272799881202, 58.090515280836073 ], [ -77.454117361194363, 58.134653369973201 ], [ -77.543660230472469, 58.158862576000502 ], [ -77.52969884405195, 58.170904789874463 ], [ -77.535018426221143, 58.184278570002562 ], [ -77.645618465517757, 58.23565392146584 ], [ -77.807869021646042, 58.298712724226981 ], [ -78.046294942224435, 58.363603818123117 ], [ -78.075581056014499, 58.391553916097536 ], [ -78.141936867355966, 58.429434165029939 ], [ -78.607040705837619, 58.596686742223305 ], [ -78.622633379296815, 58.614017002720288 ], [ -78.608868644116981, 58.669008167790324 ], [ -78.618429588287299, 58.721260197734274 ], [ -78.64318684547348, 58.739558339789859 ], [ -78.639519852653621, 58.774798401298213 ], [ -78.621578197474847, 58.786327463177166 ], [ -78.650857805852468, 58.81251715199182 ], [ -78.649026585185013, 58.8228092237742 ], [ -78.559846749922897, 58.863210278619576 ], [ -78.569691896310985, 58.880751891120923 ], [ -78.555448015358863, 58.896267909290302 ], [ -78.580273622043492, 58.89818429793646 ], [ -78.578784108367358, 58.917104711961912 ], [ -78.568453602394825, 58.922561107608757 ], [ -78.550127280598971, 58.91594389142756 ], [ -78.540608989556645, 58.953368354483828 ], [ -78.474896847798703, 58.976455128673635 ], [ -78.337726366813328, 59.046306303330788 ], [ -78.348000896055225, 59.059224736604776 ], [ -78.297021931952614, 59.073308260673087 ], [ -78.27700351310169, 59.112341408104641 ], [ -78.236943055823303, 59.124880409925304 ], [ -78.190070567337514, 59.176128474315462 ], [ -78.19943630645885, 59.193526502813313 ], [ -78.131327154080338, 59.225327365148189 ], [ -78.038234669393148, 59.236761551683315 ], [ -78.031767079008915, 59.245540419937278 ], [ -78.048844230741608, 59.267947421996503 ], [ -78.038622435437503, 59.28231516456308 ], [ -77.939124857448292, 59.343267741407232 ], [ -77.936987072427314, 59.354185962128589 ], [ -78.000004915129779, 59.404339727942812 ], [ -77.994247776030591, 59.43135229581204 ], [ -77.86906193744646, 59.554490361344548 ], [ -77.863066719780591, 59.570325355066146 ], [ -77.888125769046326, 59.618709455816436 ], [ -77.876395603398223, 59.704395991958087 ], [ -77.854507057249648, 59.729202925999807 ], [ -77.831578331884643, 59.742878708474429 ], [ -77.745482330042606, 59.765844857338934 ], [ -77.692782438051296, 59.76784750140888 ], [ -77.597319394186584, 59.757744603695471 ], [ -77.493396668949799, 59.880227785275501 ], [ -77.470186331611089, 59.890261027296837 ], [ -77.49999998487057, 59.936064720162079 ], [ -77.583797849396134, 60.015736427093998 ], [ -77.655747509323135, 60.049533484861215 ], [ -77.654257286637929, 60.063947744605166 ], [ -77.629958576764423, 60.074444897681531 ], [ -77.658261414689562, 60.08784803579276 ], [ -77.65800782342572, 60.099255716151255 ], [ -77.616519163760543, 60.130393189321119 ], [ -77.589574241829794, 60.133781118745553 ], [ -77.567251330243025, 60.156171284499344 ], [ -77.654781901726437, 60.238339958419253 ], [ -77.644845750823549, 60.304740693099752 ], [ -77.658048580485115, 60.320092892657335 ], [ -77.795556837193573, 60.388186030304951 ], [ -77.76281529914958, 60.461071936929592 ], [ -77.866620721900205, 60.554863597013068 ], [ -77.911077290605519, 60.580600971764738 ], [ -77.903133492072229, 60.611100396417577 ], [ -77.85529377010198, 60.627559451155648 ], [ -77.878215990940262, 60.648671110434485 ], [ -77.870647807761316, 60.665271573910097 ], [ -78.064648582018663, 60.793621116134894 ], [ -78.092604700191103, 60.793337010949173 ], [ -78.073411007507005, 60.81640350248513 ], [ -78.19123781983042, 60.784514609338729 ], [ -78.220661795549645, 60.779280907722558 ], [ -78.226846021107477, 60.784318696717513 ], [ -78.206155018203248, 60.800137911890147 ], [ -78.183341278069392, 60.802310907231259 ], [ -78.180528197629698, 60.810392595481687 ], [ -78.225670082576812, 60.800876310006899 ], [ -78.172003273806439, 60.819614710971848 ], [ -78.226205219214592, 60.810968913691426 ], [ -78.181706511302906, 60.850558811854967 ], [ -78.19950841671843, 60.851721690666778 ], [ -78.193664320587217, 60.859145712804413 ], [ -78.145936210770259, 60.876375102006378 ], [ -78.135665806087147, 60.896965400708673 ], [ -78.107286007559622, 60.908570499963091 ], [ -78.126064107962662, 60.92488691449622 ], [ -77.936614132696803, 61.047533984280768 ], [ -77.858627840456265, 61.072460585053669 ], [ -77.844739920450309, 61.152967173285091 ], [ -77.813780172215729, 61.176763913918961 ], [ -77.796359735829043, 61.210307991995684 ], [ -77.817962994356463, 61.238313588253398 ], [ -77.802311008882228, 61.286971390250791 ], [ -77.821227394916548, 61.383779180064018 ], [ -77.854693989595319, 61.453567021558172 ], [ -77.83202294102783, 61.504039350856623 ], [ -77.850758433430101, 61.567271361125734 ], [ -77.876087116924097, 61.610938920751806 ], [ -78.008781536278391, 61.686274952172049 ], [ -78.048261072024488, 61.734524549962572 ], [ -78.178227827034632, 61.989134359007394 ], [ -78.194327947050922, 62.100731265499903 ], [ -78.233120096204914, 62.21402944132975 ], [ -78.224022944321462, 62.262597454525434 ], [ -78.180553824819214, 62.327243114893577 ], [ -78.113922493916746, 62.368529014729894 ], [ -78.032529425067921, 62.368930867475129 ], [ -77.950224150985804, 62.430352745762129 ], [ -77.735033709185899, 62.477392851874114 ], [ -77.700645469949691, 62.515271503973146 ], [ -77.582528951006779, 62.547312723413519 ], [ -77.515493955883514, 62.593591404408201 ], [ -77.425503373811807, 62.59222868103064 ], [ -77.224492409918909, 62.562603710123156 ], [ -76.774911849125417, 62.529025825771612 ], [ -76.514003945077391, 62.459358341372983 ], [ -75.999999982929566, 62.359732491826023 ], [ -75.9014909126155, 62.35249297740998 ], [ -75.850403952189154, 62.334887314001342 ], [ -75.759111402350811, 62.318815865989571 ], [ -75.500000019066974, 62.291344736439868 ], [ -75.446384209598747, 62.313315507659816 ], [ -75.357520128734762, 62.326753260937821 ], [ -75.237359331231303, 62.306846581429035 ], [ -75.13453440621231, 62.298620600991448 ], [ -75.065493101019868, 62.280696496645724 ], [ -74.808488264555891, 62.250820676847383 ], [ -74.720313009783155, 62.265463172079734 ], [ -74.506539606322761, 62.266039232903729 ], [ -74.377413267943396, 62.279822317098912 ], [ -74.222433498450613, 62.344511653351645 ], [ -74.156106524754463, 62.362145519148683 ], [ -74.000000014966986, 62.378762185482024 ], [ -73.856500336125436, 62.472311264845878 ], [ -73.671350563672803, 62.490655542380651 ], [ -73.619411935531929, 62.472718805030063 ], [ -73.579409585618649, 62.432495385347735 ], [ -73.526279128028847, 62.405648055834867 ], [ -73.373766189655527, 62.376954296134848 ], [ -73.168624963501472, 62.312344470244668 ], [ -73.133336759449762, 62.25001131343781 ] ] ] ] } },
{ "type": "Feature", "properties": { "region_name": "Ontario", "region_uid": "35" }, "geometry": { "type": "Polygon", "coordinates": [ [ [ -88.874032206732437, 56.861520491261061 ], [ -88.86576270858022, 56.860232908987761 ], [ -88.861643917458707, 56.85826000865319 ], [ -88.862081410907464, 56.857405904643265 ], [ -88.866334819615474, 56.859570699977255 ], [ -88.871370280260876, 56.860363790408698 ], [ -88.878419605441508, 56.86034889465229 ], [ -88.859938399918093, 56.851982308625921 ], [ -88.856671876135948, 56.826229507688737 ], [ -88.840586312414175, 56.828042713172387 ], [ -88.850978807773743, 56.838134888835164 ], [ -88.829411818258279, 56.841179089463168 ], [ -88.849393411868448, 56.843914701370942 ], [ -88.844088126056718, 56.849321110556943 ], [ -88.84285841747338, 56.846882195834638 ], [ -88.820212904269155, 56.839939988372777 ], [ -88.808874122208806, 56.834827088497121 ], [ -88.803348920657413, 56.830948004258573 ], [ -88.80205101544432, 56.823961387786746 ], [ -88.81030649993329, 56.834257289384006 ], [ -88.818429680497815, 56.838597989157428 ], [ -88.807524379776652, 56.819424800990639 ], [ -88.825355520900004, 56.806351313540695 ], [ -88.817730710299685, 56.807199609134031 ], [ -88.812317716874588, 56.799965594587547 ], [ -88.819019778620714, 56.802882189933108 ], [ -88.81825600971591, 56.792120388027179 ], [ -88.804570195701459, 56.795459709112535 ], [ -88.774366504706705, 56.776909002392479 ], [ -88.688580599251765, 56.752118708217488 ], [ -88.675505797151303, 56.709142806868599 ], [ -88.628075494598889, 56.682749790303959 ], [ -88.622257472696063, 56.690951899862036 ], [ -88.623679311991268, 56.678766399633538 ], [ -88.524879380168613, 56.652896510418238 ], [ -88.529348295170891, 56.658458602822265 ], [ -88.504267991475487, 56.655530999967418 ], [ -88.436948980872216, 56.604972500916858 ], [ -88.258438705428333, 56.530789712597723 ], [ -88.1807844975026, 56.512080500663245 ], [ -88.128683689487389, 56.509596603460707 ], [ -87.979109882125584, 56.473071301630362 ], [ -87.949879891869998, 56.44272779431418 ], [ -87.941234014635896, 56.416458197240637 ], [ -87.928625608041159, 56.408452295906827 ], [ -87.915237578104723, 56.396736994713251 ], [ -87.941081821041436, 56.413898291755821 ], [ -87.923676994972311, 56.391651086976452 ], [ -87.844955176523371, 56.347543308624886 ], [ -87.826578585303153, 56.343727501713985 ], [ -87.81198770303277, 56.334186503762403 ], [ -87.811280911335118, 56.327386512771284 ], [ -87.823035593597268, 56.341111087714346 ], [ -87.841403891860836, 56.345777209415573 ], [ -87.777976022101726, 56.268410308990411 ], [ -87.797418799895809, 56.302715110354342 ], [ -87.788729285245765, 56.293524900268416 ], [ -87.770243085617551, 56.259639597988681 ], [ -87.728093508781541, 56.23160509441216 ], [ -87.749686113977191, 56.248998200932341 ], [ -87.738600495962785, 56.245925399849611 ], [ -87.714330114882912, 56.216871691097815 ], [ -87.713079823436658, 56.193052290334798 ], [ -87.636059886911042, 56.110091105335179 ], [ -87.656759285030745, 56.106684995345184 ], [ -87.573382591359277, 56.073454203468323 ], [ -87.567515713881392, 56.067007401124933 ], [ -87.5919954838526, 56.057690408602205 ], [ -87.581248120279781, 56.051839692640826 ], [ -87.526034780493916, 56.060043287780282 ], [ -87.472841803379936, 56.048957388307528 ], [ -87.463527887534298, 56.032422891556187 ], [ -87.480726001043436, 56.018421505426375 ], [ -87.373040393937416, 55.989975105121623 ], [ -87.377905077100863, 55.984370002846234 ], [ -87.356483321942108, 55.974751589132744 ], [ -87.361324896190482, 55.954552500050411 ], [ -87.343594919085646, 55.967334396447647 ], [ -87.255002680366857, 55.941608905497269 ], [ -87.22232639201475, 55.940922190693676 ], [ -87.213347499460156, 55.932666904188174 ], [ -87.167354603162309, 55.936386705211163 ], [ -87.073891888875011, 55.922429112347686 ], [ -87.048971105669551, 55.921200601595764 ], [ -87.043084494413606, 55.923660908266065 ], [ -87.024966313116551, 55.923082897346362 ], [ -87.035752907447645, 55.922865504331057 ], [ -87.023020389430783, 55.915685991389637 ], [ -86.976731291207102, 55.918243598055909 ], [ -86.966490311221037, 55.912186892661431 ], [ -86.950435195096262, 55.917930892697186 ], [ -86.956780302950705, 55.909181909346252 ], [ -86.944622911821611, 55.916544302105834 ], [ -86.901245495276797, 55.914072292146322 ], [ -86.818910608449741, 55.881664797417272 ], [ -86.746920095850768, 55.864019799474413 ], [ -86.706263510522135, 55.84329299256342 ], [ -86.663449382869729, 55.834564904684427 ], [ -86.668439713207988, 55.83536981191719 ], [ -86.673318418961813, 55.833631197700207 ], [ -86.589426206926902, 55.823440595380852 ], [ -86.552948694149322, 55.808062108428736 ], [ -86.376751479418587, 55.765014192062011 ], [ -86.268630588955418, 55.70801220265183 ], [ -86.134392155566502, 55.690088108426274 ], [ -86.046020415131309, 55.667100496675261 ], [ -86.003990807273013, 55.671256211388879 ], [ -86.012878598187811, 55.669674018348459 ], [ -85.999595280755599, 55.669448217016303 ], [ -86.005667512972025, 55.665185311565459 ], [ -85.89550628108735, 55.655755508639139 ], [ -85.889109598218326, 55.64113391299793 ], [ -85.860979690317976, 55.624568199628051 ], [ -85.82107858635959, 55.618311004490295 ], [ -85.765540319028659, 55.590684788147392 ], [ -85.728882285539143, 55.593425591915128 ], [ -85.698934187019375, 55.583990790715099 ], [ -85.671684006098431, 55.561186895860473 ], [ -85.641901023813475, 55.557706990305356 ], [ -85.6247191166687, 55.533037198820473 ], [ -85.588607397908987, 55.52612539678038 ], [ -85.575576789330341, 55.505355510908856 ], [ -85.579280198916379, 55.505493091112861 ], [ -85.581242199517192, 55.504241203927172 ], [ -85.582969598837153, 55.502079693119256 ], [ -85.555488011677838, 55.496876593085624 ], [ -85.498997608205755, 55.451651513281114 ], [ -85.459688293183575, 55.438048693833807 ], [ -85.456460417143887, 55.434675397720959 ], [ -85.465836620808162, 55.439392507366833 ], [ -85.478528793729865, 55.437274512604837 ], [ -85.445632081912009, 55.427950695781796 ], [ -85.395593803604399, 55.398380403187147 ], [ -85.36698540943749, 55.3943882065306 ], [ -85.352313003317278, 55.383944012409955 ], [ -85.36013999000599, 55.377894592893064 ], [ -85.306795600957273, 55.381837005639703 ], [ -85.28265118700925, 55.369829890458163 ], [ -85.23355271856461, 55.374183289862358 ], [ -85.208575717482887, 55.343630900289185 ], [ -85.177744319799686, 55.347845998976283 ], [ -85.138906378764759, 55.332198103186265 ], [ -85.122051684313689, 55.335573592572835 ], [ -85.12291578129485, 55.312047207925445 ], [ -85.112591396921019, 55.313758808669718 ], [ -85.109344082178026, 55.303387188022228 ], [ -85.110578619312449, 55.291320612568981 ], [ -85.132247683732089, 55.27641599470622 ], [ -85.125471514505634, 55.26119610039467 ], [ -85.095767784279815, 55.260382597744837 ], [ -85.04427000804543, 55.273672697239377 ], [ -85.012415489331005, 55.272829410920181 ], [ -85.005924705789241, 55.265656503139653 ], [ -84.993635101882305, 55.276798007920505 ], [ -84.971754298303523, 55.279684803078041 ], [ -84.935419619130997, 55.265415014468374 ], [ -84.904055295146819, 55.26972469689828 ], [ -84.896607107539097, 55.259607499510111 ], [ -84.853045612608383, 55.254657488207798 ], [ -84.865222990409137, 55.250000002745757 ], [ -84.860365998544921, 55.24129091002856 ], [ -84.853385419540331, 55.25327829715421 ], [ -84.835663298776439, 55.251601803892846 ], [ -84.846665592928815, 55.247436287781056 ], [ -84.852209504621271, 55.239863910048562 ], [ -84.825916008586631, 55.250221408985851 ], [ -84.769471407253434, 55.231305794862138 ], [ -84.756063777613704, 55.23871170880804 ], [ -84.711554898442031, 55.232686289253991 ], [ -84.568846494698647, 55.237332802005895 ], [ -84.547334091482682, 55.233402011219717 ], [ -84.543961911996249, 55.22430699019106 ], [ -84.53107201415186, 55.236799989532962 ], [ -84.510999800760914, 55.231893388380612 ], [ -84.485183399408598, 55.237329287894951 ], [ -84.443880711498366, 55.255630590593817 ], [ -84.385088988767393, 55.264492195026456 ], [ -84.351252705476838, 55.259410899621095 ], [ -84.306142003887672, 55.275212487529259 ], [ -84.250505280146356, 55.263589092058346 ], [ -84.204543888226368, 55.271714409367526 ], [ -84.199162809144568, 55.279061089131346 ], [ -84.19204020017041, 55.270629697684548 ], [ -84.174425107962151, 55.274573309130531 ], [ -84.122478010164272, 55.254541793506263 ], [ -84.078268210246875, 55.250087808348233 ], [ -84.000589787645282, 55.270841392345133 ], [ -83.976115406080226, 55.287279303701922 ], [ -83.892810804399517, 55.294962403728 ], [ -83.818808077019213, 55.277520805090241 ], [ -83.74346030544487, 55.247796504404576 ], [ -83.69821661870256, 55.258838807607709 ], [ -83.694277485587833, 55.267994306907468 ], [ -83.672163378914462, 55.269465908597084 ], [ -83.643419698313025, 55.264766999134665 ], [ -83.621008715008827, 55.250947790667475 ], [ -83.55611188782305, 55.246980306383641 ], [ -83.468538286911027, 55.215538105022738 ], [ -83.421768487049405, 55.212805595214355 ], [ -83.433064291912103, 55.219470594062798 ], [ -83.417488588667737, 55.222554591627251 ], [ -83.337546789396271, 55.198708901873765 ], [ -83.298022509542434, 55.208345890753705 ], [ -83.265195810656692, 55.204577401769235 ], [ -83.249203677341868, 55.209187710319775 ], [ -83.256822910632309, 55.215798010935266 ], [ -83.1535859776005, 55.195505098884233 ], [ -82.988936892511063, 55.225741208612156 ], [ -82.954178780905607, 55.223701397963808 ], [ -82.909266383377584, 55.197772186450166 ], [ -82.88302698087945, 55.146344987509607 ], [ -82.797086401972606, 55.128000497063859 ], [ -82.753854099673404, 55.130822004229877 ], [ -82.723422803598098, 55.143497997933693 ], [ -82.699118482270507, 55.138142393899841 ], [ -82.715866302861869, 55.160953491006943 ], [ -82.69456728770561, 55.165790698411293 ], [ -82.685703802970394, 55.159345305241949 ], [ -82.689149680090452, 55.166041697704891 ], [ -82.673845217496392, 55.170446797471364 ], [ -82.663054597075345, 55.165584206282865 ], [ -82.673585179633292, 55.182477804259513 ], [ -82.626247588539755, 55.162036308854219 ], [ -82.659953079603895, 55.166448908088114 ], [ -82.638152801765955, 55.145716404949553 ], [ -82.588937681666835, 55.14932468848712 ], [ -82.566901293640498, 55.132804092781242 ], [ -82.554589783298823, 55.135935198212572 ], [ -82.551825409353583, 55.122446605917396 ], [ -82.54800428358962, 55.132217999417037 ], [ -82.511040286783143, 55.127852811307818 ], [ -82.518517682951867, 55.143879410573966 ], [ -82.521899897259004, 55.134272601653024 ], [ -82.532948296662212, 55.135501901954804 ], [ -82.523620393095698, 55.151211885906427 ], [ -82.498738694215874, 55.143978810507107 ], [ -82.483145513821725, 55.128629412891726 ], [ -82.462328682201289, 55.137148786159493 ], [ -82.440173496821529, 55.109458500731556 ], [ -82.422065983937046, 55.111620698066496 ], [ -82.407378313360596, 55.101255010707135 ], [ -82.415963978753268, 55.077350511454355 ], [ -82.377826995160078, 55.068781699078805 ], [ -82.357812305295582, 55.071776109159714 ], [ -82.306508588508905, 55.053258393509353 ], [ -82.334430381954689, 55.099378188193988 ], [ -82.309112101890051, 55.104546293683896 ], [ -82.309978990376692, 55.121774086171555 ], [ -82.350201141783259, 55.144106106127218 ], [ -82.349172607581664, 55.156467290258014 ], [ -82.334212734495523, 55.137234616942514 ], [ -82.33117570220756, 55.149914193621967 ], [ -82.316907706255876, 55.146236102848306 ], [ -82.295727486640914, 55.114206700312558 ], [ -82.278476685137349, 55.117118987179978 ], [ -82.286602708393943, 55.12434241206045 ], [ -82.252468304479166, 55.109626610081264 ], [ -82.245305178327285, 55.063299705721519 ], [ -82.277038889407066, 55.039190286248953 ], [ -82.255879485108466, 54.973471386083411 ], [ -82.253366121364621, 54.937126396398845 ], [ -82.263830296462288, 54.94366500725345 ], [ -82.266954290978475, 54.931671295806225 ], [ -82.257632809549577, 54.925350598352438 ], [ -82.258896118784875, 54.936904205760008 ], [ -82.248695304065407, 54.934683687650136 ], [ -82.227702496179745, 54.916455609034806 ], [ -82.223620522114658, 54.909605594461034 ], [ -82.238767506461556, 54.90573910622431 ], [ -82.228896003104978, 54.915969592433449 ], [ -82.250584089614051, 54.89654900398525 ], [ -82.234422414630586, 54.912581702915062 ], [ -82.255650987365414, 54.915515891641235 ], [ -82.261938018608916, 54.895925594718292 ], [ -82.235534507301139, 54.862914108163793 ], [ -82.228710888792179, 54.870641490550348 ], [ -82.228898404727161, 54.864694601442494 ], [ -82.210682193812644, 54.869635404423654 ], [ -82.224332816407411, 54.879739613036847 ], [ -82.215553780400001, 54.880053888583703 ], [ -82.196816485454789, 54.842258909099698 ], [ -82.195360197781298, 54.804312392158273 ], [ -82.213272409655275, 54.760415612130082 ], [ -82.248024196869181, 54.730777112018849 ], [ -82.288368100054754, 54.654426498487325 ], [ -82.284559890122125, 54.627040490585031 ], [ -82.30671910674954, 54.58461190381248 ], [ -82.322336088164249, 54.503959107393499 ], [ -82.346504002899223, 54.495928692652583 ], [ -82.410606594291522, 54.360148695580861 ], [ -82.416882599797844, 54.354655189558862 ], [ -82.446976294197313, 54.359535304706874 ], [ -82.4219337996702, 54.336301107830458 ], [ -82.438146478194994, 54.255279605194858 ], [ -82.418672898096972, 54.229525297178135 ], [ -82.436302302921476, 54.205115303618442 ], [ -82.421142321119277, 54.204071809780871 ], [ -82.430553283873195, 54.199398585791776 ], [ -82.408414002872476, 54.19304090938904 ], [ -82.384652380044997, 54.171797292499647 ], [ -82.368134682078477, 54.148950993167297 ], [ -82.375020880960307, 54.144283990581201 ], [ -82.349036686287633, 54.131369510361736 ], [ -82.358403084907337, 54.125068096554784 ], [ -82.347066789486888, 54.128601091077719 ], [ -82.320408202246995, 54.112810912952952 ], [ -82.32294222286508, 54.102578988678026 ], [ -82.308614715757358, 54.10540730305388 ], [ -82.295690018993866, 54.098445414360405 ], [ -82.243750980019655, 54.05110310928503 ], [ -82.185969378606956, 53.979754796529349 ], [ -82.184208815893214, 53.975525105435267 ], [ -82.185409582309816, 53.971922311111364 ], [ -82.187108721294251, 53.976694491627953 ], [ -82.195392689790296, 53.972452688444648 ], [ -82.196634187738411, 53.96388659535716 ], [ -82.182429186607422, 53.961039101455739 ], [ -82.192054488978812, 53.949763811277052 ], [ -82.123946594529556, 53.826530809753265 ], [ -82.120270094512534, 53.77234761120684 ], [ -82.161636209859992, 53.724960797998733 ], [ -82.200629407045469, 53.656407290982358 ], [ -82.214766826279899, 53.590724926655234 ], [ -82.201722724121467, 53.571590089868053 ], [ -82.208918183088556, 53.542770604511539 ], [ -82.19864659727331, 53.52958638750593 ], [ -82.206749795134073, 53.525953191996983 ], [ -82.16585298386606, 53.472438908087078 ], [ -82.108065793637437, 53.274108687361746 ], [ -82.112589382033519, 53.264986897074479 ], [ -82.215979208751534, 53.216778487116763 ], [ -82.221575082923209, 53.199965890100323 ], [ -82.258947707223115, 53.170936408148435 ], [ -82.286321090462465, 53.08870268730653 ], [ -82.281186007286834, 53.085240703805866 ], [ -82.272997710597608, 53.11303569008021 ], [ -82.28542078845669, 53.063203886353705 ], [ -82.281189020387572, 53.000000000263014 ], [ -82.2645194142641, 52.995244296678486 ], [ -82.257577395943699, 52.973666102277207 ], [ -82.284353786434323, 52.968570799913898 ], [ -82.292800694423661, 52.956787986514868 ], [ -82.25021181211703, 52.956664490192679 ], [ -82.235881291030026, 52.92596188921317 ], [ -82.15943278962655, 52.902488102785377 ], [ -82.160862485475675, 52.889270007859764 ], [ -82.126958013789618, 52.898556910321034 ], [ -82.107323496067323, 52.889694309035441 ], [ -81.943393003755716, 52.777208487653034 ], [ -82.000000022332244, 52.764991989565694 ], [ -81.937442691948988, 52.768236603893527 ], [ -81.918610406778043, 52.705088299118565 ], [ -81.881900203289987, 52.668024389112134 ], [ -81.761088320823177, 52.607139492372447 ], [ -81.637614784198476, 52.49226510327577 ], [ -81.531979281132948, 52.442593994424634 ], [ -81.524859493194938, 52.422597099062862 ], [ -81.545338688113162, 52.369108591019028 ], [ -81.505946701657834, 52.324821193339176 ], [ -81.561483071547201, 52.295489298835527 ], [ -81.500545447651234, 52.282843697864202 ], [ -81.458159625283031, 52.249657590580874 ], [ -81.448878616494596, 52.23097911390159 ], [ -81.436393018895913, 52.231681995432574 ], [ -81.445451998143497, 52.227594489885711 ], [ -81.50000000322369, 52.23855598888678 ], [ -81.499999999502094, 52.226933994120586 ], [ -81.45372449633021, 52.2069426068187 ], [ -81.40526699811555, 52.156737705043994 ], [ -81.424771602675548, 52.144657376576447 ], [ -81.403162679565071, 52.145865306656916 ], [ -81.412195481228437, 52.140394898453273 ], [ -81.383817496433565, 52.130930496752875 ], [ -81.388794085953165, 52.121116500430972 ], [ -81.359903185363805, 52.110803002944238 ], [ -81.365663300060802, 52.105661109513754 ], [ -81.339933203138386, 52.103519589965238 ], [ -81.345763920517854, 52.098909001548741 ], [ -81.344402602817411, 52.096996494699319 ], [ -81.325063384227363, 52.098861310295312 ], [ -81.254236597973019, 52.074529193878803 ], [ -81.263378513947288, 52.074714407204716 ], [ -81.17767811521658, 52.056373011775243 ], [ -81.144863114805943, 52.039777396312928 ], [ -81.118240206240827, 52.045798305430367 ], [ -81.121796808838241, 52.038803399500019 ], [ -81.116143596906767, 52.0458372894795 ], [ -81.110111609529355, 52.036935090380496 ], [ -81.108475589300497, 52.05154398931947 ], [ -81.079519312675927, 52.058922207745184 ], [ -81.072129112690675, 52.036149710045727 ], [ -81.04606801264552, 52.036608603169462 ], [ -81.032739996988624, 52.018682512141908 ], [ -80.989578202230362, 52.014441889740468 ], [ -80.972319200532667, 52.001695201475542 ], [ -80.973101315260053, 51.989534897273231 ], [ -80.946193709088249, 51.969293201502119 ], [ -80.916101599810204, 51.9237074919658 ], [ -80.882708687908874, 51.903079392736615 ], [ -80.883415221994881, 51.894418598048951 ], [ -80.866716490616895, 51.893547294161223 ], [ -80.858135985663495, 51.882070093395235 ], [ -80.850367406575273, 51.889249695103885 ], [ -80.821830514844166, 51.876871906084673 ], [ -80.793355209841295, 51.887938009161701 ], [ -80.787362883155083, 51.858445304934186 ], [ -80.756527516286909, 51.850944797470362 ], [ -80.751857589214168, 51.858284887878327 ], [ -80.753130519977972, 51.843584394221857 ], [ -80.744052207033022, 51.840189208909983 ], [ -80.739890099528068, 51.846268710858332 ], [ -80.718792195419809, 51.819447289377543 ], [ -80.694855208043307, 51.821075896287397 ], [ -80.687994408421616, 51.847912601761777 ], [ -80.686470413059112, 51.798169698052 ], [ -80.65708940460857, 51.792774894087842 ], [ -80.640885315082798, 51.762640400895492 ], [ -80.570380719327801, 51.708090094930526 ], [ -80.569304416932283, 51.673225394471586 ], [ -80.512631789532719, 51.547640395781968 ], [ -80.483465284285927, 51.507469599766523 ], [ -80.448290316242606, 51.493928012434466 ], [ -80.439434503036736, 51.480246502683485 ], [ -80.427259989374022, 51.450195410232233 ], [ -80.434149594990885, 51.402730388459062 ], [ -80.40717361090114, 51.401646459916712 ], [ -80.415962041650516, 51.372954311239226 ], [ -80.403446781050107, 51.35353821700469 ], [ -80.418040803112049, 51.344376988906291 ], [ -80.396546907485174, 51.329327198689526 ], [ -80.381913016164376, 51.338354408789208 ], [ -80.3223134942032, 51.324824705332205 ], [ -80.315306291871423, 51.315496801574007 ], [ -80.29000641226564, 51.312520707470277 ], [ -80.292549920709106, 51.30709489468645 ], [ -80.277153296588452, 51.311060609313813 ], [ -80.209608304876838, 51.296289397621479 ], [ -80.11296429998832, 51.290703805483588 ], [ -80.054556298236932, 51.258014003466364 ], [ -79.994622006364978, 51.248954390795546 ], [ -79.93768060563626, 51.201401797959598 ], [ -79.884525790473319, 51.171205904072842 ], [ -79.791042107334988, 51.160205313509692 ], [ -79.784034594930333, 51.152426305985038 ], [ -79.772565413828318, 51.156419989349828 ], [ -79.785875198539216, 51.172113804048209 ], [ -79.772070994238177, 51.188182205118792 ], [ -79.762371414846385, 51.185798500418812 ], [ -79.767745797198728, 51.189421190794398 ], [ -79.725079998893506, 51.238052707372802 ], [ -79.713965296026373, 51.243910097898045 ], [ -79.709713417415912, 51.23804979900121 ], [ -79.70743651285585, 51.24608721175661 ], [ -79.672435182547773, 51.255895796696663 ], [ -79.693565808818235, 51.266887510344183 ], [ -79.693700706420714, 51.298561992616058 ], [ -79.74545849039265, 51.329193593019355 ], [ -79.740646917820925, 51.352084606732646 ], [ -79.725277388737254, 51.356476807118746 ], [ -79.732273816346051, 51.371333912017448 ], [ -79.711747993478227, 51.382738798226448 ], [ -79.712245483331884, 51.346432590876802 ], [ -79.699587403200042, 51.360029498144812 ], [ -79.676707502585629, 51.338394900298674 ], [ -79.688902801762978, 51.379409509006962 ], [ -79.681237112290461, 51.408217509206629 ], [ -79.640830598816564, 51.405811609296308 ], [ -79.631311085975057, 51.419855199623257 ], [ -79.614657105387849, 51.415503905790658 ], [ -79.605746716245946, 51.438793903111005 ], [ -79.579223883057381, 51.450530387574155 ], [ -79.579120303911793, 51.473568796340189 ], [ -79.529263014292852, 51.461659889866468 ], [ -79.524330636191848, 51.47133183851254 ], [ -79.5158487132164, 51.460677607715667 ], [ -79.517829204156527, 47.561596407140286 ], [ -79.510486022109959, 47.543582422955716 ], [ -79.553231731127013, 47.511193534528225 ], [ -79.560729079027368, 47.477665442813397 ], [ -79.584677265876493, 47.450633223588881 ], [ -79.586878084194936, 47.433114959071929 ], [ -79.548451270466074, 47.375652789276309 ], [ -79.426842650210233, 47.250069240188893 ], [ -79.442193430178193, 47.138509169910613 ], [ -79.434985940458873, 47.084229942002345 ], [ -79.346799183279529, 47.007858493403141 ], [ -79.329665750294666, 46.957186778094503 ], [ -79.223658231637984, 46.842655356203529 ], [ -79.214008108713116, 46.833235562220437 ], [ -79.170821536963814, 46.82521851190652 ], [ -79.094322891464088, 46.6882957138222 ], [ -79.015250739148868, 46.626852293882379 ], [ -78.995671330926356, 46.590898521077477 ], [ -78.989870724972249, 46.548855527726339 ], [ -78.969309739414641, 46.528836078530944 ], [ -78.892722000301632, 46.461915309522993 ], [ -78.727107172556032, 46.382872693051581 ], [ -78.728231263048215, 46.342338688110111 ], [ -78.69727255670341, 46.319741542696001 ], [ -78.59705837404276, 46.318852641351484 ], [ -78.503338988442636, 46.295018321184791 ], [ -78.388388730335109, 46.29168791521176 ], [ -78.309580809651393, 46.253169020910399 ], [ -78.260490548533213, 46.273944035464467 ], [ -78.135142786166455, 46.274727986931495 ], [ -78.055926918988078, 46.243883738220049 ], [ -77.98798594533622, 46.246562244829363 ], [ -77.926809155282413, 46.224098984573594 ], [ -77.79558789713009, 46.197570561880468 ], [ -77.722059580059053, 46.192002950066993 ], [ -77.6946549707841, 46.182698280021228 ], [ -77.676526250114151, 46.198844189046312 ], [ -77.566082710631292, 46.159220591127443 ], [ -77.362379345578361, 46.059486088366143 ], [ -77.314743495942224, 46.026851414504137 ], [ -77.279136013034048, 46.015513706456048 ], [ -77.286729237524014, 45.986546382973714 ], [ -77.278404071014208, 45.948889644946775 ], [ -77.236188377286027, 45.920532292190558 ], [ -77.190327216438718, 45.863860846949379 ], [ -77.081558341835375, 45.83558296226073 ], [ -77.053667939173337, 45.810582459570327 ], [ -77.016973341943299, 45.807125536247959 ], [ -76.987683335309825, 45.786634757220291 ], [ -76.935349422731576, 45.789086509655583 ], [ -76.913368209626867, 45.803663360414014 ], [ -76.927476385179716, 45.846861966411737 ], [ -76.900981294573825, 45.853258401888816 ], [ -76.922038818513613, 45.86976874331576 ], [ -76.927575154074049, 45.892254878237488 ], [ -76.894838600774861, 45.898146176276406 ], [ -76.780161606451472, 45.872371978693337 ], [ -76.764740138353133, 45.850985186506769 ], [ -76.765759208996627, 45.810989489559951 ], [ -76.781392820927465, 45.785282116011004 ], [ -76.765819329429007, 45.746831856557776 ], [ -76.77028979446041, 45.734063330085426 ], [ -76.74471078896083, 45.723147005427741 ], [ -76.704601135411011, 45.72135620209982 ], [ -76.692782737825624, 45.708651526174542 ], [ -76.686537171936493, 45.68529433690037 ], [ -76.711944539582007, 45.66548225843254 ], [ -76.669165773644593, 45.623715858711158 ], [ -76.674706320191731, 45.583689763135631 ], [ -76.659274946649148, 45.560726059034558 ], [ -76.60374500202191, 45.53218129780447 ], [ -76.5216799281215, 45.516357185357485 ], [ -76.501064717688607, 45.519040632717406 ], [ -76.481545132414965, 45.504828708306619 ], [ -76.453565760936741, 45.500389682808859 ], [ -76.365955999400754, 45.457831786120487 ], [ -76.317037369362694, 45.457022949686085 ], [ -76.291255755100821, 45.46588951264134 ], [ -76.245083932152298, 45.468608941213844 ], [ -76.233482682427734, 45.507828729606565 ], [ -76.201006389007318, 45.518879135169108 ], [ -76.089877186838052, 45.513852445405298 ], [ -75.987164606618194, 45.479645308655932 ], [ -75.95474415048453, 45.460260748906755 ], [ -75.895185098222797, 45.401634686971306 ], [ -75.842590326650722, 45.375974814467 ], [ -75.817825325525504, 45.372698709386519 ], [ -75.791579341295687, 45.381205023323652 ], [ -75.756358946059748, 45.412393587506941 ], [ -75.704686360408431, 45.424663944617294 ], [ -75.699585220379319, 45.444257597651379 ], [ -75.683177193085811, 45.459136501437264 ], [ -75.575556797657001, 45.474825106024433 ], [ -75.459607159078459, 45.518794853555626 ], [ -75.391041940933547, 45.524177852519031 ], [ -75.342514403137486, 45.536983993069221 ], [ -75.242613949512688, 45.585508709101049 ], [ -75.205316426301181, 45.586853352563956 ], [ -75.173547235521667, 45.576993073552984 ], [ -75.113502288677921, 45.578618289199603 ], [ -75.011117485821771, 45.600751810111653 ], [ -74.932876829725757, 45.645500885020709 ], [ -74.835182896155445, 45.63582156811767 ], [ -74.786358474795861, 45.638797967748872 ], [ -74.724081768908519, 45.628059437986195 ], [ -74.635892319747143, 45.638549140586683 ], [ -74.53511006028144, 45.594832517386919 ], [ -74.475190298953962, 45.594394500169471 ], [ -74.436147937087327, 45.572833190177924 ], [ -74.380876386930069, 45.56590443344421 ], [ -74.471911279195638, 45.302734210588483 ], [ -74.320380894977333, 45.186936522267288 ], [ -74.377614626423494, 45.153764894427489 ], [ -74.441671996073566, 45.130812821742317 ], [ -74.493005764796251, 45.066127065237815 ], [ -74.554839467479312, 45.044469229406872 ], [ -74.596510674302024, 45.041425761603783 ], [ -74.65303922676091, 45.01919770292487 ], [ -74.673243946695607, 45.000834240831303 ], [ -74.702248795757896, 45.003308045630142 ], [ -74.744469330012834, 44.990654580881412 ], [ -74.760308521995768, 44.994991847673688 ], [ -74.763093478374529, 45.005718948030527 ], [ -74.792840083952669, 45.004409386695656 ], [ -74.801447669475095, 45.01455093863472 ], [ -74.826508660254106, 45.015852011162202 ], [ -74.866331996456367, 45.000458303147134 ], [ -74.887534386517103, 45.000067057211226 ], [ -74.908013790084027, 44.98350381603683 ], [ -74.972487870142572, 44.983465514569481 ], [ -74.992821485468696, 44.977455299311679 ], [ -75.004817939211719, 44.958614296545818 ], [ -75.064705018071749, 44.929447537834598 ], [ -75.134660630112037, 44.914992178719849 ], [ -75.139975705487785, 44.896864628658022 ], [ -75.218225147174508, 44.877801477734643 ], [ -75.307467401747047, 44.836714437539435 ], [ -75.301911561713382, 44.826388607347077 ], [ -75.333495347062325, 44.806180792270013 ], [ -75.344512997126898, 44.80890277812513 ], [ -75.369916725397502, 44.782878838317949 ], [ -75.413828261991512, 44.772168480850986 ], [ -75.423669430014911, 44.756090310724808 ], [ -75.766913144857853, 44.515257926262173 ], [ -75.807606508354525, 44.471692368047172 ], [ -75.82137084391286, 44.432027011503031 ], [ -75.912832513411729, 44.367790528100379 ], [ -75.970085129538433, 44.342497546692016 ], [ -76.001214544602888, 44.347936774103239 ], [ -76.045506412363892, 44.331883824063979 ], [ -76.096911657169613, 44.299810285817294 ], [ -76.131209449973312, 44.296495760193864 ], [ -76.161811400765231, 44.28075742133305 ], [ -76.164262762392781, 44.239885649993816 ], [ -76.206822859603079, 44.215045502027486 ], [ -76.245419345843132, 44.203917466215998 ], [ -76.312647382306508, 44.199122273415718 ], [ -76.352690508728585, 44.13438143035961 ], [ -76.438745269583094, 44.094129833654115 ], [ -76.582501247801545, 43.909364572908473 ], [ -76.797436943324968, 43.865601651172085 ], [ -76.991276700766406, 43.805265465515561 ], [ -77.148028242318517, 43.798171673505323 ], [ -77.328035559250409, 43.821104752655728 ], [ -77.49630700745773, 43.870928585096379 ], [ -77.566029296738023, 43.878605303518832 ], [ -77.625077140241146, 43.997169366846862 ], [ -77.754022320457423, 43.963640830367417 ], [ -77.749097724369349, 43.952885672210662 ], [ -77.882622917171702, 43.96245979514152 ], [ -78.001879063318029, 43.938362639597621 ], [ -78.129438106912858, 43.922421642391278 ], [ -78.278334523042972, 43.919001547001699 ], [ -78.429706425794052, 43.895284282910993 ], [ -78.436955714690967, 43.911942568059345 ], [ -78.482204834211501, 43.896533401700431 ], [ -78.61748763305151, 43.898559294083277 ], [ -78.672229463576912, 43.88690339327173 ], [ -78.683925955549995, 43.872924992011441 ], [ -78.6919942661129, 43.876707794036179 ], [ -78.712747935999829, 43.867462007384113 ], [ -78.79529433153894, 43.867485805559653 ], [ -78.782320226097241, 43.835769193754018 ], [ -78.873685836173166, 43.833723570097433 ], [ -78.882194869714226, 43.852625249683484 ], [ -78.902088932763277, 43.845458696898163 ], [ -78.935279338809622, 43.851102702782434 ], [ -78.980551065411333, 43.827907189639632 ], [ -79.06041136667065, 43.805723527843291 ], [ -79.091955210750882, 43.809482007238294 ], [ -79.152365922918847, 43.758616161375727 ], [ -79.17287203415556, 43.753572209169462 ], [ -79.212246684502276, 43.727200210730032 ], [ -79.232614885760242, 43.699838161137919 ], [ -79.297536409723108, 43.663853699359777 ], [ -79.31848656386228, 43.646840642015832 ], [ -79.316578208604568, 43.626092731055508 ], [ -79.326484661960393, 43.62624491681462 ], [ -79.343739523532506, 43.610809313645298 ], [ -79.355977122769318, 43.625370639652395 ], [ -79.389630632297923, 43.610365076254219 ], [ -79.406109266820536, 43.627637941057735 ], [ -79.424872207050825, 43.624782604416971 ], [ -79.446763296386294, 43.634245535625482 ], [ -79.467339318088378, 43.633161225607601 ], [ -79.463759217059433, 43.623671299975094 ], [ -79.476915021145658, 43.608401617573101 ], [ -79.633519985055784, 43.463930012005541 ], [ -79.675777845996762, 43.405803582920775 ], [ -79.796923163649339, 43.31786760935325 ], [ -79.776736463880681, 43.275318315511953 ], [ -79.733976741936161, 43.24556896931756 ], [ -79.657459851702868, 43.223428287165376 ], [ -79.622294502761022, 43.225751095064837 ], [ -79.61879413410017, 43.233371727941197 ], [ -79.579326358453187, 43.210241480856176 ], [ -79.551449498004203, 43.20983330615325 ], [ -79.513260995989029, 43.198471761668756 ], [ -79.40939906529519, 43.199583269769597 ], [ -79.343205418077247, 43.182170242703869 ], [ -79.317767301446878, 43.185043622759792 ], [ -79.318895486650689, 43.248210567095278 ], [ -79.204011429626135, 43.246459419871663 ], [ -79.202588516667362, 43.229954345371404 ], [ -79.139431417392672, 43.25784394504025 ], [ -79.071976701791087, 43.26535265507782 ], [ -79.055047141066055, 43.2527061497617 ], [ -79.053661821707422, 43.17130905647749 ], [ -79.042531460781163, 43.143472927015836 ], [ -79.07041379510828, 43.120914732706055 ], [ -79.058174617528906, 43.106824406694308 ], [ -79.076700833820027, 43.080388939194101 ], [ -79.007416699723592, 43.065916710551583 ], [ -78.999666688788921, 43.055999991088846 ], [ -79.023444392272069, 43.01627779994152 ], [ -79.020261947541997, 42.994835738152226 ], [ -78.961992445170154, 42.957857222424408 ], [ -78.933019796455383, 42.956164672432962 ], [ -78.90986507117799, 42.933636947349314 ], [ -78.906143259372186, 42.900157615447661 ], [ -78.935440927337922, 42.828363763945326 ], [ -79.1415578093536, 42.751288537119059 ], [ -79.331496542198408, 42.752221190839165 ], [ -79.43560732670683, 42.768960801697837 ], [ -80.031792342402255, 42.758974226354439 ], [ -80.051313975207933, 42.751149768769949 ], [ -80.059023136637009, 42.670587815652546 ], [ -80.017675549951079, 42.559373018709621 ], [ -80.026120701565162, 42.545056236442136 ], [ -80.05044687801302, 42.535748820719128 ], [ -80.248642891811315, 42.507376281105863 ], [ -80.723694448447134, 42.507809354187472 ], [ -81.135775035914108, 42.526827380454165 ], [ -81.33185827776704, 42.5178169712025 ], [ -81.502460521900289, 42.501250623788977 ], [ -81.501331775618112, 42.335630540486548 ], [ -81.62422000097834, 42.435905897791947 ], [ -81.810473281565862, 42.30764669716973 ], [ -81.777675400300637, 42.281388173054971 ], [ -81.786199428890029, 42.26126085489004 ], [ -81.854467086707686, 42.250088783528 ], [ -82.046834579001853, 42.25004312993493 ], [ -82.353621141625766, 42.090678439683622 ], [ -82.465319714308691, 42.059860872064419 ], [ -82.469039878534275, 42.000038252175443 ], [ -82.494510988438392, 41.985282402348716 ], [ -82.50000001080285, 41.968787368803689 ], [ -82.500000002043549, 41.67705510498056 ], [ -82.680198681471026, 41.676949221310394 ], [ -83.069116646931818, 41.863573819898704 ], [ -83.149510462391675, 42.040785935669874 ], [ -83.121742714054477, 42.125182684224541 ], [ -83.134019089871472, 42.174785092621384 ], [ -83.128039679518523, 42.238683775129147 ], [ -83.097042972635279, 42.289650631917993 ], [ -83.063409713910602, 42.317899240380584 ], [ -82.828018276395639, 42.373488411347012 ], [ -82.66238871108655, 42.54120913298172 ], [ -82.633050059277807, 42.557021462706608 ], [ -82.591148814239148, 42.549902401959457 ], [ -82.523403734313547, 42.607404708096745 ], [ -82.509685220826427, 42.638033650182976 ], [ -82.510491803109559, 42.664814014569188 ], [ -82.467399097627123, 42.762478410588933 ], [ -82.482042189979381, 42.808162254804074 ], [ -82.468227495031172, 42.855428084994422 ], [ -82.470309882667948, 42.887468388938828 ], [ -82.455288640255532, 42.926715117448609 ], [ -82.416702674112599, 42.966857156399143 ], [ -82.413033597618536, 42.977447279117868 ], [ -82.424020821961747, 42.998112425751273 ], [ -82.29491550057746, 43.250040916350429 ], [ -81.99999999485685, 43.25000000756922 ], [ -81.999996362282673, 43.236806875602554 ], [ -81.983636604614716, 43.235471748674264 ], [ -81.895033343746618, 43.251810192908209 ], [ -81.769615051806497, 43.32217850438505 ], [ -81.763328615309888, 43.319633648142187 ], [ -81.757528672128203, 43.331495280032904 ], [ -81.718503214377321, 43.497185050552403 ], [ -81.741687040104964, 43.704587236974042 ], [ -81.732541381731579, 43.749855994362086 ], [ -81.739949159947699, 43.794452916632764 ], [ -81.735546829526186, 43.893783046782886 ], [ -81.764742996875498, 44.079678710547775 ], [ -81.736758573948677, 44.134403581128851 ], [ -81.683265718918221, 44.197653344652686 ], [ -81.628295656729776, 44.345762640863761 ], [ -81.49912795991952, 44.466037031031838 ], [ -81.436003711892297, 44.49816578423512 ], [ -81.37515276857728, 44.565323157322489 ], [ -81.3533571748833, 44.614698082238164 ], [ -81.353724750147478, 44.687361607350397 ], [ -81.337251887145825, 44.757850648331384 ], [ -81.371868415973736, 44.797489981381389 ], [ -81.413880251460583, 44.876984768343711 ], [ -81.444392577497055, 44.950432232275489 ], [ -81.447440662720766, 44.993753614835306 ], [ -81.453197578821275, 44.999455467316849 ], [ -81.554327218625872, 45.010201645046891 ], [ -81.602957650151495, 45.046874427246699 ], [ -81.722112639267181, 45.182061489444443 ], [ -81.744792618957788, 45.217214431229962 ], [ -81.745230119273117, 45.250211393999834 ], [ -81.802087856917794, 45.309389395364313 ], [ -81.816763158284786, 45.361555522143469 ], [ -82.000000029336761, 45.360821940278676 ], [ -82.000000006368495, 45.499999991530863 ], [ -82.877447393674018, 45.501629688810674 ], [ -83.593937962883558, 45.819866017872648 ], [ -83.433772717643933, 45.998159684940653 ], [ -83.571944235202011, 46.105777794789141 ], [ -83.654999848316635, 46.121694413671207 ], [ -83.75986094118602, 46.10272220331624 ], [ -83.82633313674873, 46.118861111958367 ], [ -83.903527645137203, 46.060444401094593 ], [ -83.955472037744784, 46.056749994975128 ], [ -83.976333162963201, 46.102416698183802 ], [ -84.006305464386884, 46.118305615822067 ], [ -84.00597203726916, 46.149444398893031 ], [ -84.077138760155719, 46.187333312488882 ], [ -84.108249844720859, 46.241444397171236 ], [ -84.097638737045799, 46.256361101626148 ], [ -84.115416536213672, 46.26802780145519 ], [ -84.119444229918699, 46.314888907066702 ], [ -84.105944240926505, 46.321972220907099 ], [ -84.13899984089656, 46.372444409386603 ], [ -84.146055441428985, 46.418777797481759 ], [ -84.111138759821756, 46.504222220987209 ], [ -84.128999845799214, 46.530499998371347 ], [ -84.177694249836392, 46.527083310615197 ], [ -84.193666548890377, 46.540222206332473 ], [ -84.225888760252701, 46.534055609658182 ], [ -84.254760351122059, 46.500853137386969 ], [ -84.276249854546791, 46.492944415470291 ], [ -84.341888752248536, 46.507500006506298 ], [ -84.421138746747076, 46.50058331694197 ], [ -84.445222065282366, 46.48908330264937 ], [ -84.47650552766423, 46.452877734468309 ], [ -84.556833144773165, 46.460805605936038 ], [ -84.762814515064775, 46.634268612950891 ], [ -84.854344835134739, 46.892219831400986 ], [ -88.368610948313588, 48.305611113696585 ], [ -88.679222054589673, 48.243944414257975 ], [ -89.337416544707978, 47.974083333020154 ], [ -89.489360966001726, 48.014555632418507 ], [ -89.580746668667572, 47.996343420557388 ], [ -89.607755325250807, 48.006574851483698 ], [ -89.610615856289115, 48.017850558082287 ], [ -89.650047280741319, 48.003594218461501 ], [ -89.673668644225941, 48.011543221079009 ], [ -89.702588094725527, 48.006321717562749 ], [ -89.716255088344198, 48.009434123874868 ], [ -89.716945827510429, 48.01715782206935 ], [ -89.724194783899108, 48.013685671753706 ], [ -89.721191639265427, 48.019938136283834 ], [ -89.749876398262842, 48.023514642214785 ], [ -89.819695352330072, 48.015486869022034 ], [ -89.831257905873329, 47.999622539896187 ], [ -89.84455339039674, 48.003211886363779 ], [ -89.846708116106754, 47.992765464006325 ], [ -89.87244598753918, 47.985362681212578 ], [ -89.896862165425162, 47.987485507088245 ], [ -89.922042771463424, 47.996991817687586 ], [ -89.934626954474354, 48.015680485204257 ], [ -89.95300501278831, 48.010743925155396 ], [ -89.993653996225987, 48.028027870727982 ], [ -89.998110936906485, 48.058000010109815 ], [ -90.014833146536091, 48.067222223876456 ], [ -90.023333169929288, 48.084833311371135 ], [ -90.14264416680868, 48.1127531232463 ], [ -90.289249871534906, 48.099083329822605 ], [ -90.3100554553872, 48.105555611607244 ], [ -90.374413365839246, 48.090951733401802 ], [ -90.403166572616371, 48.105083327816573 ], [ -90.438444262265818, 48.098666731405174 ], [ -90.467388758143002, 48.108750018210138 ], [ -90.486694267728851, 48.099055610921788 ], [ -90.556694257674494, 48.095916726148737 ], [ -90.569722055999407, 48.106833327021938 ], [ -90.559110964404326, 48.121722226812317 ], [ -90.579666565178954, 48.123805618608685 ], [ -90.641499835079316, 48.103527835373583 ], [ -90.751583136502859, 48.09097222325024 ], [ -90.789777653461883, 48.130138929799372 ], [ -90.782222059792545, 48.135861117050538 ], [ -90.798222059963251, 48.136888929710679 ], [ -90.777833171149453, 48.148277816878085 ], [ -90.777944261308917, 48.163833319499844 ], [ -90.796416572796716, 48.159194436785803 ], [ -90.804083141905068, 48.177805613744709 ], [ -90.821027667283133, 48.184666715432208 ], [ -90.824694255639002, 48.176833325418514 ], [ -90.836388749665943, 48.177027834036387 ], [ -90.839305445256969, 48.239555617741111 ], [ -90.847666571204513, 48.244527814108054 ], [ -90.87508315097233, 48.237833316788759 ], [ -90.885749856508141, 48.24594442745034 ], [ -90.915083160668274, 48.230750025421678 ], [ -90.976972035090171, 48.219555617920662 ], [ -91.023694265064165, 48.190444414081711 ], [ -91.0824720573588, 48.181138914018725 ], [ -91.142610938576567, 48.154611118700679 ], [ -91.137333147493479, 48.149250015878657 ], [ -91.266777662750727, 48.078833329089356 ], [ -91.370833148215226, 48.069722222194159 ], [ -91.39088875295343, 48.057166731453094 ], [ -91.429583166985765, 48.04866672261862 ], [ -91.449999872883765, 48.06908331463751 ], [ -91.488194237962929, 48.068388916574072 ], [ -91.567499866332867, 48.043777831531315 ], [ -91.575388745914921, 48.066722225565179 ], [ -91.569444273830044, 48.093694424020555 ], [ -91.552833148954321, 48.103250031266569 ], [ -91.559110936945515, 48.108583324454393 ], [ -91.639916537616728, 48.097111125516498 ], [ -91.651805467706723, 48.113944418266094 ], [ -91.665083137225679, 48.107138934743375 ], [ -91.68758314399436, 48.111888932253073 ], [ -91.682110971483198, 48.12250002418768 ], [ -91.711749857366854, 48.114638936345457 ], [ -91.697777636736348, 48.14161113548095 ], [ -91.708110953168486, 48.153000020713669 ], [ -91.704833137175768, 48.170722212486993 ], [ -91.724360964159843, 48.170527836285089 ], [ -91.710388761082953, 48.192555623148031 ], [ -91.715360968817222, 48.199500018551504 ], [ -91.742083167112668, 48.204611118183436 ], [ -91.748388762617324, 48.198694413551031 ], [ -91.755916559622037, 48.206000022119007 ], [ -91.788638769642262, 48.196333317654705 ], [ -91.815444261034216, 48.21180561822851 ], [ -91.864360963251571, 48.206944425531496 ], [ -91.867555444344035, 48.219194434756552 ], [ -91.893110965982586, 48.237972218488515 ], [ -91.958360969810599, 48.233138930843239 ], [ -91.95827765970229, 48.243833335105641 ], [ -91.948027648798316, 48.245944435941887 ], [ -91.954110963044513, 48.252250030162479 ], [ -91.969972046941152, 48.253777818897142 ], [ -91.975638761921942, 48.244333330268134 ], [ -91.989138746693612, 48.260277825829597 ], [ -92.006527673974787, 48.265416719224682 ], [ -92.012972068992156, 48.297444428969378 ], [ -92.000110954040863, 48.321083318185089 ], [ -92.046944270641177, 48.334777821425973 ], [ -92.055222071192944, 48.359361126226737 ], [ -92.083555451329431, 48.353722234460392 ], [ -92.143694267591457, 48.356027835307913 ], [ -92.144888747364689, 48.365694428101712 ], [ -92.216972063204409, 48.344944429482602 ], [ -92.262555449824418, 48.354916738300524 ], [ -92.288833172380237, 48.342805619175202 ], [ -92.306166537409084, 48.31625001437763 ], [ -92.294555464663731, 48.306222239272699 ], [ -92.30144426749564, 48.288305621023646 ], [ -92.294555458808915, 48.271222229090476 ], [ -92.26958317479928, 48.248194434121167 ], [ -92.336555450857261, 48.235666720186359 ], [ -92.369916552220573, 48.220277828676103 ], [ -92.415638745334434, 48.295083337848297 ], [ -92.436722050257359, 48.308888927569754 ], [ -92.46977766111614, 48.352083323320791 ], [ -92.476499870945489, 48.371916721825293 ], [ -92.456444263587414, 48.41408332423709 ], [ -92.475444265262851, 48.418611127942874 ], [ -92.507472060064998, 48.44797221508567 ], [ -92.656222070223563, 48.436472237959755 ], [ -92.688110976141971, 48.443694422551815 ], [ -92.712694260121438, 48.462972224166634 ], [ -92.698694268629239, 48.494833326752541 ], [ -92.627027675439763, 48.503277832638474 ], [ -92.634888763755256, 48.542555614920154 ], [ -92.728416551090035, 48.539388928878765 ], [ -92.949999856859705, 48.608361129339087 ], [ -92.954777642572026, 48.631555627380713 ], [ -92.98458315811591, 48.623833324490626 ], [ -93.178388770308302, 48.623250030578518 ], [ -93.207527663553577, 48.64250001712719 ], [ -93.254666538126216, 48.64280561546812 ], [ -93.348666563011847, 48.626444415977367 ], [ -93.352694257838934, 48.613472220918489 ], [ -93.371444244236997, 48.605861134699914 ], [ -93.395386447718437, 48.603806034075014 ], [ -93.405666684645851, 48.609833296913969 ], [ -93.439833299080561, 48.593694399701285 ], [ -93.465472202256734, 48.591638905203581 ], [ -93.457666702627478, 48.559722200915893 ], [ -93.467388906468699, 48.546444407796059 ], [ -93.612249996806881, 48.522388892879654 ], [ -93.628444408596408, 48.531861102649621 ], [ -93.65930558950204, 48.516416697480139 ], [ -93.788000010022103, 48.51586109173725 ], [ -93.818500016873472, 48.53141669521716 ], [ -93.80636112021682, 48.5795000128903 ], [ -93.844361089235335, 48.630222188356939 ], [ -93.953027791245958, 48.634138898701799 ], [ -94.006944399421855, 48.643305599990761 ], [ -94.224194406609399, 48.649444403468046 ], [ -94.250944412947632, 48.656888890530496 ], [ -94.252972194493481, 48.686333303108007 ], [ -94.264499847388549, 48.699000027675837 ], [ -94.291194398691502, 48.70780561238972 ], [ -94.343138892881058, 48.7034166974436 ], [ -94.415833304530352, 48.710972196802338 ], [ -94.452388900836681, 48.692388906040627 ], [ -94.532944419008814, 48.701222193193537 ], [ -94.549027794707087, 48.714750003641356 ], [ -94.587638916840604, 48.71758330260581 ], [ -94.619166686527947, 48.737249999799587 ], [ -94.6412778088594, 48.741222206037229 ], [ -94.652027789163469, 48.756138897342389 ], [ -94.690888917259457, 48.777999998380928 ], [ -94.704277820099691, 48.824222200597568 ], [ -94.685583316118226, 48.840055592205388 ], [ -94.692388740307209, 48.86900003366987 ], [ -94.683444262320123, 48.884111119881346 ], [ -94.749721407949366, 49.098680191551551 ], [ -94.772860689878257, 49.120583297474596 ], [ -94.797922802798738, 49.198047693357438 ], [ -94.825227903254572, 49.294199988370941 ], [ -94.815731988914663, 49.32136419652084 ], [ -94.854055457759927, 49.324333334199032 ], [ -94.957548810358148, 49.370279792296763 ], [ -95.058122616969939, 49.353058592028937 ], [ -95.128914718408595, 49.37048729820912 ], [ -95.15340001610727, 49.384478287945043 ], [ -95.153151096199323, 52.840573106078416 ], [ -93.629553531617589, 53.750202696296547 ], [ -92.188692364226227, 54.774903599421741 ], [ -91.439989433490155, 55.29918751134732 ], [ -88.979576904003494, 56.851148447072369 ], [ -88.911282712986406, 56.848092596495569 ], [ -88.889925400981838, 56.860107202445271 ], [ -88.901007115251758, 56.859398811152431 ], [ -88.874032206732437, 56.861520491261061 ] ] ] } },
{ "type": "Feature", "properties": { "region_name": "Manitoba", "region_uid": "46" }, "geometry": { "type": "Polygon", "coordinates": [ [ [ -94.822786208326761, 59.999129345018439 ], [ -94.852765791758074, 59.962924349146775 ], [ -94.836599501418945, 59.955185153388477 ], [ -94.840825797779786, 59.934710349840962 ], [ -94.830266490890764, 59.930864741626507 ], [ -94.832798284681019, 59.935724945023772 ], [ -94.821152405443456, 59.938774638791507 ], [ -94.831563289650617, 59.939629152033852 ], [ -94.820045392279624, 59.939271660257077 ], [ -94.82274921347566, 59.929571047898015 ], [ -94.837569598198129, 59.927374838525594 ], [ -94.811980226090157, 59.905779646476148 ], [ -94.832125619921896, 59.9026963409705 ], [ -94.810639319230532, 59.886988255628523 ], [ -94.827368397131153, 59.881638560699216 ], [ -94.80060230426939, 59.855525557642373 ], [ -94.795346811421155, 59.827810160382533 ], [ -94.814630036483365, 59.822946761790114 ], [ -94.77162011165079, 59.786270556347347 ], [ -94.795572530057939, 59.766601436396101 ], [ -94.802416687087813, 59.74301615538851 ], [ -94.806505686450564, 59.750398562663221 ], [ -94.82253810673501, 59.739224247591665 ], [ -94.81722453772727, 59.724954061232147 ], [ -94.799458890166662, 59.730484344250875 ], [ -94.78988183062323, 59.727237745214701 ], [ -94.831724488516031, 59.706650142254823 ], [ -94.823416891995393, 59.699143160632602 ], [ -94.803143535172097, 59.702039343129599 ], [ -94.827821724219262, 59.688339654947413 ], [ -94.827094506136916, 59.674169243554637 ], [ -94.809772815304342, 59.66523644666804 ], [ -94.823515816709872, 59.664481152231282 ], [ -94.836296198132288, 59.648400143130942 ], [ -94.825025933050824, 59.614934060266471 ], [ -94.836058007656888, 59.602072841971172 ], [ -94.77313629944085, 59.564243141444784 ], [ -94.7943774928018, 59.56754705063134 ], [ -94.773190315146209, 59.561741954839064 ], [ -94.771568300856458, 59.557068853351794 ], [ -94.799730107696917, 59.566798858938263 ], [ -94.811501800070772, 59.54451845132715 ], [ -94.796759732840641, 59.509894855268378 ], [ -94.773216321595442, 59.501086848139863 ], [ -94.734788715249124, 59.441061651442396 ], [ -94.750419987059885, 59.427685239102637 ], [ -94.734121291601511, 59.411991445035603 ], [ -94.74680541150758, 59.398868044444505 ], [ -94.728009625994659, 59.400351037135032 ], [ -94.72221173168883, 59.382150254930195 ], [ -94.709609196678471, 59.383754854422882 ], [ -94.731476236434645, 59.364158250346598 ], [ -94.724809294430855, 59.35736155238957 ], [ -94.733817001790584, 59.363065261274109 ], [ -94.738287919606165, 59.357805860864119 ], [ -94.724024927880535, 59.34758804630534 ], [ -94.735833018270355, 59.344116460356695 ], [ -94.744048810978384, 59.351478543665969 ], [ -94.747406927007546, 59.337902852848309 ], [ -94.728649798572206, 59.332483936289648 ], [ -94.699412110257185, 59.355964860991868 ], [ -94.680227497696052, 59.355178952423287 ], [ -94.689008103408412, 59.361060538580098 ], [ -94.683920201286227, 59.361970548159796 ], [ -94.664484999103834, 59.350145443663074 ], [ -94.716540203885458, 59.335723452855092 ], [ -94.708655137303367, 59.320803457707513 ], [ -94.767711821937567, 59.339944752008101 ], [ -94.760646923577909, 59.313292848573241 ], [ -94.744931117903064, 59.310465842886067 ], [ -94.765331023634033, 59.306944442536135 ], [ -94.761233521715269, 59.29975824583277 ], [ -94.776398514528935, 59.303421748473028 ], [ -94.784452036440584, 59.291551948547742 ], [ -94.772268721051518, 59.279950861812161 ], [ -94.804156830489845, 59.266008749466486 ], [ -94.783071497099769, 59.255142036249204 ], [ -94.814986003071681, 59.228290542882938 ], [ -94.78953922187894, 59.221681148105858 ], [ -94.781340414175546, 59.207071845374209 ], [ -94.808637404257652, 59.190520151975711 ], [ -94.794041302465203, 59.187064942285026 ], [ -94.778774417563895, 59.155718960237806 ], [ -94.794663394716068, 59.148191050713471 ], [ -94.791387021087729, 59.126977646845681 ], [ -94.811141300625565, 59.118245955585813 ], [ -94.8159540986114, 59.101455343849615 ], [ -94.813394022140187, 59.085032241209184 ], [ -94.794812289213652, 59.087299640124435 ], [ -94.788225628333009, 59.065382300568615 ], [ -94.79727479961295, 59.042761138366615 ], [ -94.780364013670336, 59.018142151092604 ], [ -94.798332509788054, 59.01049904793836 ], [ -94.793941621007619, 59.006378137886763 ], [ -94.75866980119369, 59.017981760169718 ], [ -94.732466290454823, 59.00275524304449 ], [ -94.701584503643573, 58.962296743080834 ], [ -94.675646989847564, 58.96345773603187 ], [ -94.688258309188114, 58.946255501283304 ], [ -94.662578367037042, 58.945890285753265 ], [ -94.656107471062583, 58.955417792273096 ], [ -94.646141781700663, 58.947541089318619 ], [ -94.6241367796259, 58.947457399029112 ], [ -94.62704977342591, 58.939248910355232 ], [ -94.614603558387316, 58.944633407779548 ], [ -94.603134750529094, 58.939690601276475 ], [ -94.606072285686366, 58.898549985892096 ], [ -94.589231619462367, 58.895672940303335 ], [ -94.608391325971269, 58.889353839449178 ], [ -94.605108014576984, 58.860082660026684 ], [ -94.568824889766731, 58.834712253404824 ], [ -94.523821113150632, 58.823886045883512 ], [ -94.510192531538763, 58.800512239632944 ], [ -94.486019098243716, 58.78850904239269 ], [ -94.465455527333503, 58.724588059410962 ], [ -94.445557306331636, 58.711305639375858 ], [ -94.432003015719332, 58.712230037152693 ], [ -94.42791128957677, 58.702898841025139 ], [ -94.368064525508544, 58.702991338874369 ], [ -94.341172832026032, 58.710916736944085 ], [ -94.301718515066511, 58.740700546857163 ], [ -94.293490055549952, 58.781336600164714 ], [ -94.273202825927683, 58.796275225094313 ], [ -94.238027260698146, 58.796590101239978 ], [ -94.207245948841177, 58.815035639207707 ], [ -94.200581125772615, 58.794861905403025 ], [ -94.144592677070506, 58.775172157399929 ], [ -94.020394745616983, 58.772178294345444 ], [ -94.029303524663192, 58.762353098727601 ], [ -93.973921688786163, 58.770840139228461 ], [ -93.908875325955904, 58.766386249224695 ], [ -93.895037316535664, 58.76453773433721 ], [ -93.889686609373797, 58.751560744055716 ], [ -93.856670008832324, 58.770898859394023 ], [ -93.841817437812637, 58.77218864110074 ], [ -93.838239933406115, 58.763347942608242 ], [ -93.823204708101386, 58.779305736125089 ], [ -93.830362393874552, 58.792322055899845 ], [ -93.82892201031575, 58.799372448397008 ], [ -93.813121295688106, 58.769313254596852 ], [ -93.790730512453237, 58.770846350606149 ], [ -93.775691310118859, 58.781883246789896 ], [ -93.778485207249233, 58.772135743776083 ], [ -93.744063201029377, 58.770561039283606 ], [ -93.742137620902412, 58.777301047408699 ], [ -93.755799001680785, 58.795082759296172 ], [ -93.754397106360557, 58.800684939123492 ], [ -93.749208737839481, 58.793161956601757 ], [ -93.716317897830223, 58.789142047424946 ], [ -93.640746727824023, 58.788206937531378 ], [ -93.59272260143095, 58.765807033837049 ], [ -93.52944660449289, 58.767452050680497 ], [ -93.536270624464834, 58.780934541406843 ], [ -93.499999829163798, 58.776326037793126 ], [ -93.46685398966649, 58.763769755259048 ], [ -93.460642103223378, 58.747348949920827 ], [ -93.468250689323042, 58.751640841820844 ], [ -93.47297809995122, 58.752262457663775 ], [ -93.454652199357923, 58.73655674809504 ], [ -93.465546126011333, 58.737653050763399 ], [ -93.467178505577479, 58.72846025545013 ], [ -93.425196129390045, 58.723730553581781 ], [ -93.418095499502883, 58.713512651189305 ], [ -93.38180152878418, 58.756799743764631 ], [ -93.345125425017457, 58.765394238418054 ], [ -93.321381908553533, 58.759905839723679 ], [ -93.333272812657071, 58.756093144025442 ], [ -93.300528597381515, 58.751861241935551 ], [ -93.245685496527415, 58.776295653383947 ], [ -93.238752789626275, 58.76541345335125 ], [ -93.216700027830598, 58.765417057424955 ], [ -93.197267400426924, 58.754820055882213 ], [ -93.166559511345412, 58.724423652051414 ], [ -93.174192314736189, 58.706948832987635 ], [ -93.14451882499371, 58.686754940094339 ], [ -93.153501709389204, 58.642575438996168 ], [ -93.13246979027619, 58.601713835101563 ], [ -93.141653296576862, 58.571182440451572 ], [ -93.114358233226, 58.475167355712699 ], [ -93.056786225914394, 58.411423050079229 ], [ -93.055540292518899, 58.379438553959361 ], [ -93.035130725377911, 58.345366345620796 ], [ -93.013145691177087, 58.326725840167363 ], [ -92.968292937242921, 58.308943530776823 ], [ -92.973201011082423, 58.302231737725386 ], [ -92.971891890077956, 58.308229638347498 ], [ -92.980653600915744, 58.305841239764185 ], [ -92.979439512844863, 58.280405248016713 ], [ -92.92879280026645, 58.222937653509796 ], [ -92.927698036070097, 58.218033352487979 ], [ -92.940944306673657, 58.226206148869338 ], [ -92.921924316643683, 58.197590441536974 ], [ -92.897824792098405, 58.186830150779898 ], [ -92.895379201512554, 58.175726447383163 ], [ -92.867968309974032, 58.169151244859769 ], [ -92.883233714898168, 58.153060232577332 ], [ -92.846785392416777, 58.133859140101123 ], [ -92.849091311034798, 58.102167133200474 ], [ -92.79629601315095, 58.038225633714319 ], [ -92.797747692769804, 58.026640438587357 ], [ -92.801928133698993, 58.03979435480155 ], [ -92.809324915803757, 58.04657434856324 ], [ -92.818380225199761, 58.047651834058001 ], [ -92.806397193818356, 58.040548939884438 ], [ -92.814565831985604, 58.017207450489686 ], [ -92.761884720158875, 57.873379654454126 ], [ -92.749814502110794, 57.853592237998278 ], [ -92.736229307149188, 57.852054441244569 ], [ -92.74826153506713, 57.845492037448246 ], [ -92.729475597716686, 57.829556137891359 ], [ -92.728294291994104, 57.799232240983613 ], [ -92.626531622890255, 57.65964514364947 ], [ -92.561167439777662, 57.592018643341198 ], [ -92.536629904903293, 57.550792035669026 ], [ -92.544071219252686, 57.542123831699321 ], [ -92.502256617689284, 57.530720833737305 ], [ -92.459345600092504, 57.46000733461635 ], [ -92.42501702303241, 57.357704034846094 ], [ -92.448993698733489, 57.237401136587891 ], [ -92.517665936184272, 57.152758840483429 ], [ -92.540320812970037, 57.107377949798121 ], [ -92.591475420332671, 57.053277136482741 ], [ -92.679651222895956, 56.993750937652621 ], [ -92.714631529719185, 56.952722148150947 ], [ -92.753955586784244, 56.940277485500388 ], [ -92.73143750181157, 56.9222345392158 ], [ -92.683775019699524, 56.932223146786413 ], [ -92.610792127130992, 56.981787542165222 ], [ -92.442988233174418, 57.046730441454905 ], [ -92.209773219533005, 57.072493233473622 ], [ -92.145886115248771, 57.043270832032029 ], [ -92.127752817634089, 57.047933947557262 ], [ -92.126502319674032, 57.047332442236474 ], [ -92.126743123983616, 57.044632337078312 ], [ -92.123627116631084, 57.040671339976143 ], [ -92.116270428997581, 57.04913253950955 ], [ -92.106204413835343, 57.034782152956453 ], [ -92.094367130280972, 57.047705234620295 ], [ -92.071440338025852, 57.047214642953826 ], [ -92.067676018979, 57.039811532612518 ], [ -92.065146016865299, 57.048750046477622 ], [ -91.977419833217695, 57.056892931960881 ], [ -91.957818431956497, 57.052130449204412 ], [ -91.951850394265961, 57.061401144783773 ], [ -91.870284830999623, 57.076199536239145 ], [ -91.686797917432258, 57.128869839573163 ], [ -91.680549116437078, 57.124290639134358 ], [ -91.65553052486915, 57.129130145145716 ], [ -91.609226126072244, 57.145247631597705 ], [ -91.601011595285783, 57.140229345961657 ], [ -91.57199371640877, 57.155075628913636 ], [ -91.330259727071606, 57.205803351230486 ], [ -91.317318103210795, 57.21412174491806 ], [ -91.26652049224505, 57.219524629451513 ], [ -91.159447126272951, 57.252156428208991 ], [ -91.147015330202152, 57.247629233537999 ], [ -91.093656519277971, 57.259428246785468 ], [ -90.87055743489617, 57.264832752075343 ], [ -90.881104316509436, 57.265978026117743 ], [ -90.881982737824174, 57.26759444109279 ], [ -90.787869206639712, 57.246643125866761 ], [ -90.780718808750208, 57.251704933040578 ], [ -90.774487790500459, 57.252863243201269 ], [ -90.770472318723449, 57.252736826191239 ], [ -90.739486237341367, 57.235250826108668 ], [ -90.713893933384199, 57.232021541777584 ], [ -90.635800209550069, 57.237886636066776 ], [ -90.514200505666992, 57.20302054587696 ], [ -90.523786602205362, 57.204033141470667 ], [ -90.501616230317552, 57.191011841875259 ], [ -90.482867993564781, 57.199556036902884 ], [ -90.391458692595577, 57.178165434481009 ], [ -90.36860989054874, 57.167128140366202 ], [ -90.363234210051431, 57.158883229803855 ], [ -90.374617902508433, 57.168906036759473 ], [ -90.401331316340361, 57.178360548440061 ], [ -90.381990296403174, 57.166836929713696 ], [ -90.389708614783615, 57.169539130953297 ], [ -90.391393792940704, 57.158070045090092 ], [ -90.335466988390408, 57.147237947568421 ], [ -90.210491210989446, 57.10252385005569 ], [ -90.16330738915839, 57.073518932293133 ], [ -89.977886100006842, 57.021245845082667 ], [ -89.972142315636063, 57.017363848977013 ], [ -90.009551801005358, 57.024461730890266 ], [ -89.948888406205825, 56.999542648368632 ], [ -89.891364133275431, 57.000525824422645 ], [ -89.780023415035728, 56.972472940176218 ], [ -89.689777588133907, 56.962719026595039 ], [ -89.466104388842567, 56.919378746056957 ], [ -89.444980488679917, 56.924856442775564 ], [ -89.360975687675506, 56.92347074275358 ], [ -89.196988995457659, 56.880148138182847 ], [ -89.223221107263782, 56.883498933085981 ], [ -89.207839713501741, 56.87938042376387 ], [ -89.050681428011202, 56.852193244759334 ], [ -88.979576904003494, 56.851148447072369 ], [ -91.439989433490155, 55.29918751134732 ], [ -92.188692364226227, 54.774903599421741 ], [ -93.629553531617589, 53.750202696296547 ], [ -95.153151096199323, 52.840573106078416 ], [ -95.153194269440249, 48.998861140302388 ], [ -96.786301615030723, 49.000205499327528 ], [ -98.389090536183687, 49.00007979145014 ], [ -99.795324222758424, 49.000047991772561 ], [ -101.361989800416751, 48.999474102608545 ], [ -101.362078294236724, 49.177663000443346 ], [ -101.391480321872152, 49.177847030176252 ], [ -101.392564107252767, 49.532722580527 ], [ -101.417635151592691, 49.532744802331308 ], [ -101.417545982081919, 49.886670107605177 ], [ -101.448466193605313, 49.887362111260039 ], [ -101.447158001441267, 50.240524384990572 ], [ -101.476721111327848, 50.240504433486407 ], [ -101.476994913795693, 50.594387506554895 ], [ -101.508728823269294, 50.594393351461285 ], [ -101.508694617313523, 50.948485130734639 ], [ -101.538988698933537, 50.948495311974348 ], [ -101.539127449946619, 51.301721215361617 ], [ -101.570543937367589, 51.301875888194054 ], [ -101.577555084005141, 51.968518103972585 ], [ -101.609518189606391, 51.968577799658377 ], [ -101.609054761669242, 52.318158020526049 ], [ -101.637812651049728, 52.318149464318601 ], [ -101.637705258716494, 52.667273928192515 ], [ -101.671588041455351, 52.6672605782638 ], [ -101.671604519242464, 53.016447875233986 ], [ -101.70069426314096, 53.016450777346606 ], [ -101.700605678065045, 53.365781117497541 ], [ -101.735543684897777, 53.365808443584726 ], [ -101.735430943838068, 53.71070651718356 ], [ -101.770663999195904, 53.710910026385726 ], [ -101.771322758030763, 54.064402462051142 ], [ -101.810434520497893, 54.064405819040026 ], [ -101.810461309036299, 54.413539894860946 ], [ -101.847484263519149, 54.413563899125464 ], [ -101.847436662574424, 54.762523066863338 ], [ -101.885318375524875, 54.762525864957105 ], [ -101.885265638575774, 55.111596656240003 ], [ -101.924360606430895, 55.112090590840452 ], [ -101.924227030660887, 55.460216592212184 ], [ -101.963954943631109, 55.460420090777646 ], [ -101.963871630133028, 55.809468497998282 ], [ -102.00412938852962, 55.809350075121259 ], [ -102.000000012739392, 59.999999998080519 ], [ -100.249999990192876, 60.000000012139438 ], [ -98.500000014386401, 60.000000001755978 ], [ -96.749999995696598, 59.999999990766412 ], [ -94.822786208326761, 59.999129345018439 ] ] ] } },
{ "type": "Feature", "properties": { "region_name": "Saskatchewan", "region_uid": "47" }, "geometry": { "type": "Polygon", "coordinates": [ [ [ -110.000000017965561, 59.999999999296129 ], [ -107.749999986470499, 60.000000002560078 ], [ -105.750000003199119, 60.000000012078814 ], [ -104.000000017643359, 59.999999986226705 ], [ -102.000000012739392, 59.999999998080519 ], [ -102.00412938852962, 55.809350075121259 ], [ -101.963871630133028, 55.809468497998282 ], [ -101.963954943631109, 55.460420090777646 ], [ -101.924227030660887, 55.460216592212184 ], [ -101.924360606430895, 55.112090590840452 ], [ -101.885265638575774, 55.111596656240003 ], [ -101.885318375524875, 54.762525864957105 ], [ -101.847436662574424, 54.762523066863338 ], [ -101.847484263519149, 54.413563899125464 ], [ -101.810461309036299, 54.413539894860946 ], [ -101.810434520497893, 54.064405819040026 ], [ -101.771322758030763, 54.064402462051142 ], [ -101.770663999195904, 53.710910026385726 ], [ -101.735430943838068, 53.71070651718356 ], [ -101.735543684897777, 53.365808443584726 ], [ -101.700605678065045, 53.365781117497541 ], [ -101.70069426314096, 53.016450777346606 ], [ -101.671604519242464, 53.016447875233986 ], [ -101.671588041455351, 52.6672605782638 ], [ -101.637705258716494, 52.667273928192515 ], [ -101.637812651049728, 52.318149464318601 ], [ -101.609054761669242, 52.318158020526049 ], [ -101.609518189606391, 51.968577799658377 ], [ -101.577555084005141, 51.968518103972585 ], [ -101.570543937367589, 51.301875888194054 ], [ -101.539127449946619, 51.301721215361617 ], [ -101.538988698933537, 50.948495311974348 ], [ -101.508694617313523, 50.948485130734639 ], [ -101.508728823269294, 50.594393351461285 ], [ -101.476994913795693, 50.594387506554895 ], [ -101.476721111327848, 50.240504433486407 ], [ -101.447158001441267, 50.240524384990572 ], [ -101.448466193605313, 49.887362111260039 ], [ -101.417545982081919, 49.886670107605177 ], [ -101.417635151592691, 49.532744802331308 ], [ -101.392564107252767, 49.532722580527 ], [ -101.391480321872152, 49.177847030176252 ], [ -101.362078294236724, 49.177663000443346 ], [ -101.361989800416751, 48.999474102608545 ], [ -102.426122693270997, 48.998974592002391 ], [ -103.556939387594056, 48.999245101397179 ], [ -104.574576595554277, 48.999199693414987 ], [ -105.634294502119786, 48.999751801443232 ], [ -106.377516945256815, 48.99944788333255 ], [ -107.542413995380443, 48.999501708019459 ], [ -108.565540472614288, 48.999663402676418 ], [ -110.005022630371727, 48.999698741749683 ], [ -110.000000017965561, 59.999999999296129 ] ] ] } },
{ "type": "Feature", "properties": { "region_name": "Alberta", "region_uid": "48" }, "geometry": { "type": "Polygon", "coordinates": [ [ [ -110.000000017965561, 59.999999999296129 ], [ -110.005022630371727, 48.999698741749683 ], [ -111.608579437351281, 48.996845580443896 ], [ -112.943247476481659, 48.998463209148994 ], [ -114.06833210989366, 48.998850496589533 ], [ -114.053758264481274, 49.026544728761309 ], [ -114.063496067675004, 49.045311565808831 ], [ -114.080976358423726, 49.05968845973036 ], [ -114.09647963566276, 49.059754058680227 ], [ -114.129593023793419, 49.078103594163714 ], [ -114.153149138677236, 49.099510395686821 ], [ -114.149637871985433, 49.118063896945969 ], [ -114.166059401489463, 49.135557897349841 ], [ -114.149037918863755, 49.143652554462598 ], [ -114.161249784993274, 49.154831358146524 ], [ -114.212652686126077, 49.173441100250372 ], [ -114.221544858667343, 49.189055838480648 ], [ -114.246715312124962, 49.187277156910163 ], [ -114.257125762850521, 49.177007975694671 ], [ -114.287301505148847, 49.178024384461473 ], [ -114.318440914152617, 49.199972536139285 ], [ -114.345590606299623, 49.193570768285454 ], [ -114.398957296931115, 49.210365202211207 ], [ -114.402676408982487, 49.241650903741345 ], [ -114.381432300896748, 49.250757475756657 ], [ -114.447942475852273, 49.26436922662316 ], [ -114.453972736714803, 49.298103409191853 ], [ -114.492062086628223, 49.31381740567592 ], [ -114.492163952665194, 49.322201040751601 ], [ -114.478927629700692, 49.326780634417005 ], [ -114.487624515160064, 49.347320613846229 ], [ -114.524720993925769, 49.357365396086607 ], [ -114.526290195966084, 49.375095025260727 ], [ -114.56692967370455, 49.376883566098314 ], [ -114.573369160402947, 49.389567362473571 ], [ -114.590590237151204, 49.396108247383786 ], [ -114.605065386377802, 49.438936505069201 ], [ -114.593453519878466, 49.471436761686554 ], [ -114.596583768869365, 49.501983351096428 ], [ -114.573006265518814, 49.524963210293386 ], [ -114.573603880101615, 49.5574629064132 ], [ -114.588955481613183, 49.565898264870434 ], [ -114.620133200182821, 49.546808662235414 ], [ -114.648472468214862, 49.543328228734772 ], [ -114.683822204569395, 49.55687318989866 ], [ -114.6962343573922, 49.546829276379349 ], [ -114.732586669283009, 49.57637952665921 ], [ -114.752401355101725, 49.608796656032631 ], [ -114.746476446141585, 49.618509705751379 ], [ -114.722546176751649, 49.622905118400972 ], [ -114.702107936033471, 49.637375067894922 ], [ -114.696410095410698, 49.629356360006767 ], [ -114.674335766329804, 49.642913797281388 ], [ -114.667752439540095, 49.637446470462429 ], [ -114.657706543526146, 49.661245050178948 ], [ -114.676783970925001, 49.696187346363651 ], [ -114.638905156286313, 49.717842609118783 ], [ -114.633648210733398, 49.730361077417058 ], [ -114.659135327172805, 49.765079381242614 ], [ -114.636051505229759, 49.784811587123684 ], [ -114.647468391320444, 49.817293939054636 ], [ -114.639932435847243, 49.827720884134301 ], [ -114.691785906959694, 49.896286105149613 ], [ -114.694860971226689, 49.94191139417498 ], [ -114.683310713261776, 49.967060773548951 ], [ -114.65593507122135, 49.968058095201577 ], [ -114.651500374622017, 49.975518782461563 ], [ -114.652047485998821, 49.992733562761892 ], [ -114.666582634045398, 50.003285703022669 ], [ -114.65772215096996, 50.029682395105667 ], [ -114.676071817068006, 50.048121467004464 ], [ -114.662468974448117, 50.06490645363295 ], [ -114.691298534798705, 50.071341794970095 ], [ -114.703706848623526, 50.094842831266831 ], [ -114.735997129384117, 50.120352998581886 ], [ -114.724958819225265, 50.140742822930477 ], [ -114.732626974207378, 50.169300618234701 ], [ -114.724670388917801, 50.190177190447812 ], [ -114.770225377217429, 50.249994998937403 ], [ -114.75212247880529, 50.273178585042295 ], [ -114.752834363011971, 50.293822454950444 ], [ -114.76940039960337, 50.302593705943366 ], [ -114.780353714262191, 50.299837486269411 ], [ -114.780423385348072, 50.315271898882443 ], [ -114.800020406454848, 50.329766996948649 ], [ -114.76621722955251, 50.350742252147491 ], [ -114.768629421485088, 50.358787261273186 ], [ -114.784489973613589, 50.362821545116958 ], [ -114.78909525035985, 50.358054955846455 ], [ -114.808788688348343, 50.370704343438028 ], [ -114.819164478992619, 50.369057782842376 ], [ -114.812530086021695, 50.3782590916936 ], [ -114.824818846108911, 50.393324682324064 ], [ -114.86225508341515, 50.394486024443538 ], [ -114.859829581091205, 50.423799076692269 ], [ -114.874710849447439, 50.439557355567509 ], [ -114.887780526338503, 50.435626118374778 ], [ -114.912167023991657, 50.451372322804289 ], [ -115.011229961981144, 50.567335389050022 ], [ -115.015112789123819, 50.582395589389009 ], [ -115.052079476101909, 50.571446206601301 ], [ -115.08527384255359, 50.589749059459777 ], [ -115.117524650452125, 50.56975130000707 ], [ -115.154618708051416, 50.573273111416164 ], [ -115.189873843384731, 50.555124231524836 ], [ -115.186172667480406, 50.539789510183773 ], [ -115.208132957774168, 50.527821980081178 ], [ -115.230984139680345, 50.544878636958444 ], [ -115.241909133904372, 50.571218550304167 ], [ -115.230180587606142, 50.577507267075568 ], [ -115.239650612267255, 50.589196792229679 ], [ -115.277914891115216, 50.601066950924888 ], [ -115.295352574709511, 50.613039208721339 ], [ -115.296865116647254, 50.626213546251861 ], [ -115.311450426185786, 50.628580185867669 ], [ -115.31194342546975, 50.638236948620445 ], [ -115.288431305990088, 50.637647999354598 ], [ -115.27415345390537, 50.648923678478425 ], [ -115.312297732033869, 50.723926321951446 ], [ -115.354556563160358, 50.72271183046098 ], [ -115.378922659966818, 50.705334166873321 ], [ -115.413799195761186, 50.711257244424196 ], [ -115.412390864531844, 50.733603417061346 ], [ -115.436281980580702, 50.755730693601294 ], [ -115.481106935622762, 50.75518175980762 ], [ -115.497558262515412, 50.782345752070988 ], [ -115.512088736259784, 50.786389581352473 ], [ -115.516938692295867, 50.780196613815136 ], [ -115.560429073950985, 50.804728872535115 ], [ -115.560779121549004, 50.826532941047823 ], [ -115.573092332254859, 50.837739783216044 ], [ -115.606560107278554, 50.845642486770856 ], [ -115.623588172691015, 50.834063015752015 ], [ -115.639353483272103, 50.837966620874617 ], [ -115.648929461642197, 50.874147602239752 ], [ -115.616907765403027, 50.879414524024874 ], [ -115.592646181091254, 50.892641138858096 ], [ -115.577855449883913, 50.888344861955474 ], [ -115.562082764297742, 50.894251125350891 ], [ -115.578464640695302, 50.913364456150333 ], [ -115.60980043021344, 50.926280246360413 ], [ -115.597039718650052, 50.939860269504017 ], [ -115.614595854041099, 50.951187680019856 ], [ -115.628276874065108, 50.980873971661069 ], [ -115.648834057036311, 50.997520458340311 ], [ -115.670563195274397, 50.999959527427436 ], [ -115.692348460708772, 51.028564782843524 ], [ -115.726759615357068, 51.018687904714326 ], [ -115.743109941300588, 51.033946199361026 ], [ -115.767035633428137, 51.039388275698883 ], [ -115.773586920790336, 51.057719057678042 ], [ -115.753420303368188, 51.074405223838156 ], [ -115.776259861920821, 51.06654435778313 ], [ -115.802806917801263, 51.069604319869406 ], [ -115.812783816632049, 51.086487195132108 ], [ -115.842458257522225, 51.076484428416499 ], [ -115.867933380869218, 51.089290398375063 ], [ -115.894742220585172, 51.086125247742778 ], [ -115.900900770053696, 51.093763392879886 ], [ -115.903858113225539, 51.082895345198089 ], [ -115.923606979338004, 51.083109565659058 ], [ -115.968299958939525, 51.122163948657644 ], [ -116.008751874763277, 51.126042888415519 ], [ -116.015610488101686, 51.138099019405246 ], [ -116.007409434096402, 51.156338178495133 ], [ -116.036844942167747, 51.170045527228474 ], [ -116.021356495729265, 51.187078626333012 ], [ -116.000022592268053, 51.193947468130041 ], [ -116.007603752432061, 51.22201215460808 ], [ -116.049266400890858, 51.227437066854087 ], [ -116.065173348269539, 51.247930090371575 ], [ -116.153237677967496, 51.263433506518176 ], [ -116.151566290085356, 51.287160209309462 ], [ -116.164131143245214, 51.297790067538436 ], [ -116.182151541745313, 51.295441033096139 ], [ -116.188508799281152, 51.301479640817384 ], [ -116.219034907288787, 51.291614913896794 ], [ -116.227104245347292, 51.301536964091511 ], [ -116.268017395051672, 51.311933170837513 ], [ -116.290030620935269, 51.343108937182564 ], [ -116.277717198877696, 51.361729158612533 ], [ -116.293410416713769, 51.364841137053915 ], [ -116.311434887905889, 51.384962213498476 ], [ -116.282470205539497, 51.406836733778185 ], [ -116.294213126874141, 51.42993423491459 ], [ -116.284003540163923, 51.456490052158401 ], [ -116.360597095660054, 51.470866146106204 ], [ -116.393829222600743, 51.505662938595023 ], [ -116.395334955087051, 51.525526953355062 ], [ -116.382079870836392, 51.531010388784978 ], [ -116.390886049574576, 51.54558824927561 ], [ -116.46473472643342, 51.565817394539152 ], [ -116.469029064622234, 51.601733565786546 ], [ -116.491014940846568, 51.612336292713323 ], [ -116.499858604484089, 51.627659197378883 ], [ -116.529872187004031, 51.631678576375172 ], [ -116.595015672699205, 51.661830095188733 ], [ -116.581392887463139, 51.687459728577871 ], [ -116.585425146800659, 51.712751761445922 ], [ -116.598534663485395, 51.723873666698047 ], [ -116.631194865528684, 51.731403301858002 ], [ -116.62813146080714, 51.744868302273069 ], [ -116.650348884603702, 51.753706436150622 ], [ -116.643146529530412, 51.786708617687431 ], [ -116.659060566067183, 51.80518805780104 ], [ -116.679574905996517, 51.813033883731606 ], [ -116.715507095012725, 51.798662793690028 ], [ -116.748981307962325, 51.805060713517591 ], [ -116.819301281809274, 51.738633488944451 ], [ -116.798020032275701, 51.723602485042889 ], [ -116.809741167254174, 51.705346350983199 ], [ -116.895978807434872, 51.702727447313443 ], [ -116.920567907916308, 51.709803269334486 ], [ -116.926543694991295, 51.729062840631855 ], [ -116.976360581805551, 51.760184979417062 ], [ -116.961200045272633, 51.790878354719418 ], [ -116.988988469729094, 51.811105882411745 ], [ -116.979781426754229, 51.835552680183397 ], [ -117.005745525489019, 51.836105781924168 ], [ -117.033473926726757, 51.856353722560911 ], [ -117.010777525281242, 51.889680338298731 ], [ -117.097652117959569, 51.939695198713288 ], [ -117.103175983526114, 51.95651679782992 ], [ -117.120199730490498, 51.955700496394776 ], [ -117.144866770885059, 51.972702845068639 ], [ -117.195989369563264, 51.979118013860756 ], [ -117.201692117943992, 51.992850859455608 ], [ -117.233629752922212, 52.011765175240797 ], [ -117.214681773449797, 52.028479357981077 ], [ -117.232028034490995, 52.041073710473384 ], [ -117.250299621356589, 52.035069292515409 ], [ -117.268407916455942, 52.055786514840776 ], [ -117.305063525839046, 52.074313395392942 ], [ -117.292028801148021, 52.085405305997412 ], [ -117.317302872107177, 52.194042016403394 ], [ -117.327162616315647, 52.189948162633591 ], [ -117.334036229952844, 52.148641458687074 ], [ -117.381255740431854, 52.137724078515497 ], [ -117.500178015266727, 52.144273673018652 ], [ -117.509902925811616, 52.157812196157209 ], [ -117.523115322942218, 52.158246090834524 ], [ -117.611263812833897, 52.144258899481912 ], [ -117.629347594714972, 52.174764210063387 ], [ -117.663529523344948, 52.197892993258087 ], [ -117.743207857662966, 52.193992314541589 ], [ -117.741346378758223, 52.202997388003809 ], [ -117.818317495667927, 52.226354814743068 ], [ -117.839578064745268, 52.274127446824068 ], [ -117.796060751625319, 52.292506849721818 ], [ -117.777994645383387, 52.318930377170261 ], [ -117.752878399386006, 52.316423610677091 ], [ -117.705795031207501, 52.365344875421123 ], [ -117.766497990833997, 52.417692153461857 ], [ -117.886933046069956, 52.426091586487303 ], [ -117.966792416201002, 52.469708727900155 ], [ -117.987984903405874, 52.500238490628966 ], [ -118.013297602643306, 52.483893458314611 ], [ -118.02112887880773, 52.455528652372173 ], [ -118.050687186767846, 52.457147724500523 ], [ -118.052899059003082, 52.449563541915253 ], [ -118.030362926721338, 52.438077476799883 ], [ -118.0441687830414, 52.398459361406196 ], [ -118.138046096869331, 52.407497506429927 ], [ -118.182066558422335, 52.382797787194505 ], [ -118.180086267507633, 52.372598317844968 ], [ -118.219339394484891, 52.374174636485236 ], [ -118.220891772715291, 52.397559901340259 ], [ -118.244447121362455, 52.40802486602464 ], [ -118.239795626316763, 52.427016731850166 ], [ -118.255338017845261, 52.449536948446358 ], [ -118.193350932822284, 52.477820116615185 ], [ -118.23552910270098, 52.490177893876428 ], [ -118.289146297298885, 52.538494004938471 ], [ -118.272783383034053, 52.565955808373083 ], [ -118.332568289877813, 52.580171598431946 ], [ -118.333600554471445, 52.606195218970882 ], [ -118.352504272661193, 52.610647399417601 ], [ -118.354491118231792, 52.633683981577086 ], [ -118.301037845084224, 52.654081229903284 ], [ -118.290141185745782, 52.677693442490096 ], [ -118.343294665279814, 52.708888882451248 ], [ -118.342822828671615, 52.738556334170461 ], [ -118.422410129437637, 52.775786512877858 ], [ -118.399626430625815, 52.824460210788352 ], [ -118.402318837179465, 52.842532815207178 ], [ -118.386984835825245, 52.847124445927385 ], [ -118.452524730629605, 52.855379352414303 ], [ -118.461204857782946, 52.869352106981026 ], [ -118.448279450017694, 52.885286792785266 ], [ -118.500142371058459, 52.906381952139391 ], [ -118.522239766014394, 52.898216837844529 ], [ -118.543787744990041, 52.908454634047956 ], [ -118.575440708324876, 52.885241923896139 ], [ -118.61382974913974, 52.883721694609129 ], [ -118.613422071562397, 52.936011964359793 ], [ -118.651337156727521, 52.955501966131614 ], [ -118.67119410624494, 52.97830155874923 ], [ -118.640772159805721, 52.99933106986056 ], [ -118.655347786003119, 53.034797234305465 ], [ -118.668759937399713, 53.042504803608814 ], [ -118.695875635277673, 53.032809971368295 ], [ -118.726436615115759, 53.060218329002133 ], [ -118.758939617742513, 53.038005084985286 ], [ -118.776203379377776, 53.045350654525805 ], [ -118.759058439963979, 53.065776060948856 ], [ -118.769827080795551, 53.074492183187537 ], [ -118.72952264506614, 53.115476217542913 ], [ -118.772488081190659, 53.13303927177963 ], [ -118.786521658887523, 53.159224180536384 ], [ -118.862069585000967, 53.190942959318043 ], [ -118.879595900889498, 53.205927674574284 ], [ -118.915960827263433, 53.211844916344774 ], [ -118.947444097216604, 53.238935158923283 ], [ -118.975189995573444, 53.241656156181982 ], [ -119.023833833467066, 53.231949708173225 ], [ -119.018294637310177, 53.219428834704772 ], [ -118.999391958615277, 53.212729976213211 ], [ -118.999418052708421, 53.192764771009166 ], [ -119.028773458550901, 53.164192936971247 ], [ -118.999866156030691, 53.148580272134744 ], [ -119.025088923068949, 53.134570467196433 ], [ -119.024564463496901, 53.126711115281715 ], [ -119.047974771339199, 53.126822896593318 ], [ -119.046881526848026, 53.144909624982795 ], [ -119.088496672072409, 53.165531909848369 ], [ -119.119524006202411, 53.161765764881117 ], [ -119.146012930546917, 53.191180769524372 ], [ -119.175605312551042, 53.184630713492091 ], [ -119.233133233908987, 53.193528740953383 ], [ -119.232715067819512, 53.18176831493124 ], [ -119.257116172351161, 53.176621060366948 ], [ -119.2514626193379, 53.198966556175655 ], [ -119.291358430663394, 53.250032842858808 ], [ -119.301439420630444, 53.249825564247764 ], [ -119.340496292637226, 53.28708029871455 ], [ -119.329648896241935, 53.296614184445332 ], [ -119.355980064643106, 53.312328557666802 ], [ -119.346912488074082, 53.326326617823945 ], [ -119.35587852064738, 53.340102180585802 ], [ -119.390738094351917, 53.360801659015813 ], [ -119.406084810358294, 53.368089295446701 ], [ -119.459240309726994, 53.357219363921011 ], [ -119.517534246528427, 53.370068463419912 ], [ -119.548479577442592, 53.367491448472997 ], [ -119.598382806925684, 53.383531047034033 ], [ -119.598340734214574, 53.365715697488184 ], [ -119.624128277370502, 53.359608247789588 ], [ -119.637535734074802, 53.369059537349372 ], [ -119.668900205257714, 53.367828192618532 ], [ -119.695447820454277, 53.390609925372821 ], [ -119.725422630117109, 53.388754320221153 ], [ -119.790643148962019, 53.475369035454563 ], [ -119.780350839476768, 53.491796840067074 ], [ -119.812523482259678, 53.499949540734235 ], [ -119.832922197286706, 53.5193015218074 ], [ -119.853857531381152, 53.499932031943736 ], [ -119.870215864138061, 53.499958644898783 ], [ -119.89947701022173, 53.519127807050062 ], [ -119.900343376469493, 53.532971919292308 ], [ -119.862256507798904, 53.548508587876412 ], [ -119.861031451349007, 53.556534648608903 ], [ -119.925889937606954, 53.614538590673519 ], [ -119.893857110744918, 53.619530294715894 ], [ -119.759226520463017, 53.590971823086377 ], [ -119.713408541219565, 53.614579925519145 ], [ -119.737214038219619, 53.636832006543514 ], [ -119.734529219539723, 53.663190852092036 ], [ -119.755617081020688, 53.664920727593014 ], [ -119.792878468283206, 53.706058707144471 ], [ -119.839553213724201, 53.697400583680704 ], [ -119.844327794343954, 53.71473925298136 ], [ -119.903352973659636, 53.709844524349379 ], [ -119.915671752423449, 53.717283585396409 ], [ -119.90081872563259, 53.723017538261907 ], [ -119.902125298374457, 53.738423866940998 ], [ -119.887430398217489, 53.750019397247804 ], [ -119.888236556264474, 53.779484617942174 ], [ -119.942340519519348, 53.775861901434524 ], [ -119.983046738776338, 53.79715908637894 ], [ -119.97128673345847, 53.801617828084964 ], [ -119.977449947841635, 53.805377637309036 ], [ -119.999999978429244, 53.806219763869954 ], [ -119.999999983229557, 60.000000000161634 ], [ -118.837499944658376, 60.00005596372749 ], [ -117.750000011623001, 59.9999999898167 ], [ -116.549999907321151, 60.000039358248607 ], [ -115.499999982261045, 59.999999992453013 ], [ -114.112499981942179, 60.00006088650516 ], [ -112.749999994503639, 59.999999991071391 ], [ -111.349999955607572, 60.000059044729312 ], [ -110.000000017965561, 59.999999999296129 ] ] ] } },
{ "type": "Feature", "properties": { "region_name": "British Columbia / Colombie-Britannique", "region_uid": "59" }, "geometry": { "type": "Polygon", "coordinates": [ [ [ -135.400000026686769, 60.000059047265509 ], [ -133.500000020985254, 60.000000005752526 ], [ -131.500000014538045, 59.999999999110003 ], [ -129.687500091236075, 60.000046122483006 ], [ -127.749999992939422, 59.999999987660487 ], [ -125.749999987590897, 60.000000003535497 ], [ -123.937500082419277, 60.00004612531739 ], [ -121.999999997995076, 60.00000000978585 ], [ -119.999999983229557, 60.000000000161634 ], [ -119.999999978429244, 53.806219763869954 ], [ -119.977449947841635, 53.805377637309036 ], [ -119.97128673345847, 53.801617828084964 ], [ -119.983046738776338, 53.79715908637894 ], [ -119.942340519519348, 53.775861901434524 ], [ -119.888236556264474, 53.779484617942174 ], [ -119.887430398217489, 53.750019397247804 ], [ -119.902125298374457, 53.738423866940998 ], [ -119.90081872563259, 53.723017538261907 ], [ -119.915671752423449, 53.717283585396409 ], [ -119.903352973659636, 53.709844524349379 ], [ -119.844327794343954, 53.71473925298136 ], [ -119.839553213724201, 53.697400583680704 ], [ -119.792878468283206, 53.706058707144471 ], [ -119.755617081020688, 53.664920727593014 ], [ -119.734529219539723, 53.663190852092036 ], [ -119.737214038219619, 53.636832006543514 ], [ -119.713408541219565, 53.614579925519145 ], [ -119.759226520463017, 53.590971823086377 ], [ -119.893857110744918, 53.619530294715894 ], [ -119.925889937606954, 53.614538590673519 ], [ -119.861031451349007, 53.556534648608903 ], [ -119.862256507798904, 53.548508587876412 ], [ -119.900343376469493, 53.532971919292308 ], [ -119.89947701022173, 53.519127807050062 ], [ -119.870215864138061, 53.499958644898783 ], [ -119.853857531381152, 53.499932031943736 ], [ -119.832922197286706, 53.5193015218074 ], [ -119.812523482259678, 53.499949540734235 ], [ -119.780350839476768, 53.491796840067074 ], [ -119.790643148962019, 53.475369035454563 ], [ -119.725422630117109, 53.388754320221153 ], [ -119.695447820454277, 53.390609925372821 ], [ -119.668900205257714, 53.367828192618532 ], [ -119.637535734074802, 53.369059537349372 ], [ -119.624128277370502, 53.359608247789588 ], [ -119.598340734214574, 53.365715697488184 ], [ -119.598382806925684, 53.383531047034033 ], [ -119.548479577442592, 53.367491448472997 ], [ -119.517534246528427, 53.370068463419912 ], [ -119.459240309726994, 53.357219363921011 ], [ -119.406084810358294, 53.368089295446701 ], [ -119.390738094351917, 53.360801659015813 ], [ -119.35587852064738, 53.340102180585802 ], [ -119.346912488074082, 53.326326617823945 ], [ -119.355980064643106, 53.312328557666802 ], [ -119.329648896241935, 53.296614184445332 ], [ -119.340496292637226, 53.28708029871455 ], [ -119.301439420630444, 53.249825564247764 ], [ -119.291358430663394, 53.250032842858808 ], [ -119.2514626193379, 53.198966556175655 ], [ -119.257116172351161, 53.176621060366948 ], [ -119.232715067819512, 53.18176831493124 ], [ -119.233133233908987, 53.193528740953383 ], [ -119.175605312551042, 53.184630713492091 ], [ -119.146012930546917, 53.191180769524372 ], [ -119.119524006202411, 53.161765764881117 ], [ -119.088496672072409, 53.165531909848369 ], [ -119.046881526848026, 53.144909624982795 ], [ -119.047974771339199, 53.126822896593318 ], [ -119.024564463496901, 53.126711115281715 ], [ -119.025088923068949, 53.134570467196433 ], [ -118.999866156030691, 53.148580272134744 ], [ -119.028773458550901, 53.164192936971247 ], [ -118.999418052708421, 53.192764771009166 ], [ -118.999391958615277, 53.212729976213211 ], [ -119.018294637310177, 53.219428834704772 ], [ -119.023833833467066, 53.231949708173225 ], [ -118.975189995573444, 53.241656156181982 ], [ -118.947444097216604, 53.238935158923283 ], [ -118.915960827263433, 53.211844916344774 ], [ -118.879595900889498, 53.205927674574284 ], [ -118.862069585000967, 53.190942959318043 ], [ -118.786521658887523, 53.159224180536384 ], [ -118.772488081190659, 53.13303927177963 ], [ -118.72952264506614, 53.115476217542913 ], [ -118.769827080795551, 53.074492183187537 ], [ -118.759058439963979, 53.065776060948856 ], [ -118.776203379377776, 53.045350654525805 ], [ -118.758939617742513, 53.038005084985286 ], [ -118.726436615115759, 53.060218329002133 ], [ -118.695875635277673, 53.032809971368295 ], [ -118.668759937399713, 53.042504803608814 ], [ -118.655347786003119, 53.034797234305465 ], [ -118.640772159805721, 52.99933106986056 ], [ -118.67119410624494, 52.97830155874923 ], [ -118.651337156727521, 52.955501966131614 ], [ -118.613422071562397, 52.936011964359793 ], [ -118.61382974913974, 52.883721694609129 ], [ -118.575440708324876, 52.885241923896139 ], [ -118.543787744990041, 52.908454634047956 ], [ -118.522239766014394, 52.898216837844529 ], [ -118.500142371058459, 52.906381952139391 ], [ -118.448279450017694, 52.885286792785266 ], [ -118.461204857782946, 52.869352106981026 ], [ -118.452524730629605, 52.855379352414303 ], [ -118.386984835825245, 52.847124445927385 ], [ -118.402318837179465, 52.842532815207178 ], [ -118.399626430625815, 52.824460210788352 ], [ -118.422410129437637, 52.775786512877858 ], [ -118.342822828671615, 52.738556334170461 ], [ -118.343294665279814, 52.708888882451248 ], [ -118.290141185745782, 52.677693442490096 ], [ -118.301037845084224, 52.654081229903284 ], [ -118.354491118231792, 52.633683981577086 ], [ -118.352504272661193, 52.610647399417601 ], [ -118.333600554471445, 52.606195218970882 ], [ -118.332568289877813, 52.580171598431946 ], [ -118.272783383034053, 52.565955808373083 ], [ -118.289146297298885, 52.538494004938471 ], [ -118.23552910270098, 52.490177893876428 ], [ -118.193350932822284, 52.477820116615185 ], [ -118.255338017845261, 52.449536948446358 ], [ -118.239795626316763, 52.427016731850166 ], [ -118.244447121362455, 52.40802486602464 ], [ -118.220891772715291, 52.397559901340259 ], [ -118.219339394484891, 52.374174636485236 ], [ -118.180086267507633, 52.372598317844968 ], [ -118.182066558422335, 52.382797787194505 ], [ -118.138046096869331, 52.407497506429927 ], [ -118.0441687830414, 52.398459361406196 ], [ -118.030362926721338, 52.438077476799883 ], [ -118.052899059003082, 52.449563541915253 ], [ -118.050687186767846, 52.457147724500523 ], [ -118.02112887880773, 52.455528652372173 ], [ -118.013297602643306, 52.483893458314611 ], [ -117.987984903405874, 52.500238490628966 ], [ -117.966792416201002, 52.469708727900155 ], [ -117.886933046069956, 52.426091586487303 ], [ -117.766497990833997, 52.417692153461857 ], [ -117.705795031207501, 52.365344875421123 ], [ -117.752878399386006, 52.316423610677091 ], [ -117.777994645383387, 52.318930377170261 ], [ -117.796060751625319, 52.292506849721818 ], [ -117.839578064745268, 52.274127446824068 ], [ -117.818317495667927, 52.226354814743068 ], [ -117.741346378758223, 52.202997388003809 ], [ -117.743207857662966, 52.193992314541589 ], [ -117.663529523344948, 52.197892993258087 ], [ -117.629347594714972, 52.174764210063387 ], [ -117.611263812833897, 52.144258899481912 ], [ -117.523115322942218, 52.158246090834524 ], [ -117.509902925811616, 52.157812196157209 ], [ -117.500178015266727, 52.144273673018652 ], [ -117.381255740431854, 52.137724078515497 ], [ -117.334036229952844, 52.148641458687074 ], [ -117.327162616315647, 52.189948162633591 ], [ -117.317302872107177, 52.194042016403394 ], [ -117.292028801148021, 52.085405305997412 ], [ -117.305063525839046, 52.074313395392942 ], [ -117.268407916455942, 52.055786514840776 ], [ -117.250299621356589, 52.035069292515409 ], [ -117.232028034490995, 52.041073710473384 ], [ -117.214681773449797, 52.028479357981077 ], [ -117.233629752922212, 52.011765175240797 ], [ -117.201692117943992, 51.992850859455608 ], [ -117.195989369563264, 51.979118013860756 ], [ -117.144866770885059, 51.972702845068639 ], [ -117.120199730490498, 51.955700496394776 ], [ -117.103175983526114, 51.95651679782992 ], [ -117.097652117959569, 51.939695198713288 ], [ -117.010777525281242, 51.889680338298731 ], [ -117.033473926726757, 51.856353722560911 ], [ -117.005745525489019, 51.836105781924168 ], [ -116.979781426754229, 51.835552680183397 ], [ -116.988988469729094, 51.811105882411745 ], [ -116.961200045272633, 51.790878354719418 ], [ -116.976360581805551, 51.760184979417062 ], [ -116.926543694991295, 51.729062840631855 ], [ -116.920567907916308, 51.709803269334486 ], [ -116.895978807434872, 51.702727447313443 ], [ -116.809741167254174, 51.705346350983199 ], [ -116.798020032275701, 51.723602485042889 ], [ -116.819301281809274, 51.738633488944451 ], [ -116.748981307962325, 51.805060713517591 ], [ -116.715507095012725, 51.798662793690028 ], [ -116.679574905996517, 51.813033883731606 ], [ -116.659060566067183, 51.80518805780104 ], [ -116.643146529530412, 51.786708617687431 ], [ -116.650348884603702, 51.753706436150622 ], [ -116.62813146080714, 51.744868302273069 ], [ -116.631194865528684, 51.731403301858002 ], [ -116.598534663485395, 51.723873666698047 ], [ -116.585425146800659, 51.712751761445922 ], [ -116.581392887463139, 51.687459728577871 ], [ -116.595015672699205, 51.661830095188733 ], [ -116.529872187004031, 51.631678576375172 ], [ -116.499858604484089, 51.627659197378883 ], [ -116.491014940846568, 51.612336292713323 ], [ -116.469029064622234, 51.601733565786546 ], [ -116.46473472643342, 51.565817394539152 ], [ -116.390886049574576, 51.54558824927561 ], [ -116.382079870836392, 51.531010388784978 ], [ -116.395334955087051, 51.525526953355062 ], [ -116.393829222600743, 51.505662938595023 ], [ -116.360597095660054, 51.470866146106204 ], [ -116.284003540163923, 51.456490052158401 ], [ -116.294213126874141, 51.42993423491459 ], [ -116.282470205539497, 51.406836733778185 ], [ -116.311434887905889, 51.384962213498476 ], [ -116.293410416713769, 51.364841137053915 ], [ -116.277717198877696, 51.361729158612533 ], [ -116.290030620935269, 51.343108937182564 ], [ -116.268017395051672, 51.311933170837513 ], [ -116.227104245347292, 51.301536964091511 ], [ -116.219034907288787, 51.291614913896794 ], [ -116.188508799281152, 51.301479640817384 ], [ -116.182151541745313, 51.295441033096139 ], [ -116.164131143245214, 51.297790067538436 ], [ -116.151566290085356, 51.287160209309462 ], [ -116.153237677967496, 51.263433506518176 ], [ -116.065173348269539, 51.247930090371575 ], [ -116.049266400890858, 51.227437066854087 ], [ -116.007603752432061, 51.22201215460808 ], [ -116.000022592268053, 51.193947468130041 ], [ -116.021356495729265, 51.187078626333012 ], [ -116.036844942167747, 51.170045527228474 ], [ -116.007409434096402, 51.156338178495133 ], [ -116.015610488101686, 51.138099019405246 ], [ -116.008751874763277, 51.126042888415519 ], [ -115.968299958939525, 51.122163948657644 ], [ -115.923606979338004, 51.083109565659058 ], [ -115.903858113225539, 51.082895345198089 ], [ -115.900900770053696, 51.093763392879886 ], [ -115.894742220585172, 51.086125247742778 ], [ -115.867933380869218, 51.089290398375063 ], [ -115.842458257522225, 51.076484428416499 ], [ -115.812783816632049, 51.086487195132108 ], [ -115.802806917801263, 51.069604319869406 ], [ -115.776259861920821, 51.06654435778313 ], [ -115.753420303368188, 51.074405223838156 ], [ -115.773586920790336, 51.057719057678042 ], [ -115.767035633428137, 51.039388275698883 ], [ -115.743109941300588, 51.033946199361026 ], [ -115.726759615357068, 51.018687904714326 ], [ -115.692348460708772, 51.028564782843524 ], [ -115.670563195274397, 50.999959527427436 ], [ -115.648834057036311, 50.997520458340311 ], [ -115.628276874065108, 50.980873971661069 ], [ -115.614595854041099, 50.951187680019856 ], [ -115.597039718650052, 50.939860269504017 ], [ -115.60980043021344, 50.926280246360413 ], [ -115.578464640695302, 50.913364456150333 ], [ -115.562082764297742, 50.894251125350891 ], [ -115.577855449883913, 50.888344861955474 ], [ -115.592646181091254, 50.892641138858096 ], [ -115.616907765403027, 50.879414524024874 ], [ -115.648929461642197, 50.874147602239752 ], [ -115.639353483272103, 50.837966620874617 ], [ -115.623588172691015, 50.834063015752015 ], [ -115.606560107278554, 50.845642486770856 ], [ -115.573092332254859, 50.837739783216044 ], [ -115.560779121549004, 50.826532941047823 ], [ -115.560429073950985, 50.804728872535115 ], [ -115.516938692295867, 50.780196613815136 ], [ -115.512088736259784, 50.786389581352473 ], [ -115.497558262515412, 50.782345752070988 ], [ -115.481106935622762, 50.75518175980762 ], [ -115.436281980580702, 50.755730693601294 ], [ -115.412390864531844, 50.733603417061346 ], [ -115.413799195761186, 50.711257244424196 ], [ -115.378922659966818, 50.705334166873321 ], [ -115.354556563160358, 50.72271183046098 ], [ -115.312297732033869, 50.723926321951446 ], [ -115.27415345390537, 50.648923678478425 ], [ -115.288431305990088, 50.637647999354598 ], [ -115.31194342546975, 50.638236948620445 ], [ -115.311450426185786, 50.628580185867669 ], [ -115.296865116647254, 50.626213546251861 ], [ -115.295352574709511, 50.613039208721339 ], [ -115.277914891115216, 50.601066950924888 ], [ -115.239650612267255, 50.589196792229679 ], [ -115.230180587606142, 50.577507267075568 ], [ -115.241909133904372, 50.571218550304167 ], [ -115.230984139680345, 50.544878636958444 ], [ -115.208132957774168, 50.527821980081178 ], [ -115.186172667480406, 50.539789510183773 ], [ -115.189873843384731, 50.555124231524836 ], [ -115.154618708051416, 50.573273111416164 ], [ -115.117524650452125, 50.56975130000707 ], [ -115.08527384255359, 50.589749059459777 ], [ -115.052079476101909, 50.571446206601301 ], [ -115.015112789123819, 50.582395589389009 ], [ -115.011229961981144, 50.567335389050022 ], [ -114.912167023991657, 50.451372322804289 ], [ -114.887780526338503, 50.435626118374778 ], [ -114.874710849447439, 50.439557355567509 ], [ -114.859829581091205, 50.423799076692269 ], [ -114.86225508341515, 50.394486024443538 ], [ -114.824818846108911, 50.393324682324064 ], [ -114.812530086021695, 50.3782590916936 ], [ -114.819164478992619, 50.369057782842376 ], [ -114.808788688348343, 50.370704343438028 ], [ -114.78909525035985, 50.358054955846455 ], [ -114.784489973613589, 50.362821545116958 ], [ -114.768629421485088, 50.358787261273186 ], [ -114.76621722955251, 50.350742252147491 ], [ -114.800020406454848, 50.329766996948649 ], [ -114.780423385348072, 50.315271898882443 ], [ -114.780353714262191, 50.299837486269411 ], [ -114.76940039960337, 50.302593705943366 ], [ -114.752834363011971, 50.293822454950444 ], [ -114.75212247880529, 50.273178585042295 ], [ -114.770225377217429, 50.249994998937403 ], [ -114.724670388917801, 50.190177190447812 ], [ -114.732626974207378, 50.169300618234701 ], [ -114.724958819225265, 50.140742822930477 ], [ -114.735997129384117, 50.120352998581886 ], [ -114.703706848623526, 50.094842831266831 ], [ -114.691298534798705, 50.071341794970095 ], [ -114.662468974448117, 50.06490645363295 ], [ -114.676071817068006, 50.048121467004464 ], [ -114.65772215096996, 50.029682395105667 ], [ -114.666582634045398, 50.003285703022669 ], [ -114.652047485998821, 49.992733562761892 ], [ -114.651500374622017, 49.975518782461563 ], [ -114.65593507122135, 49.968058095201577 ], [ -114.683310713261776, 49.967060773548951 ], [ -114.694860971226689, 49.94191139417498 ], [ -114.691785906959694, 49.896286105149613 ], [ -114.639932435847243, 49.827720884134301 ], [ -114.647468391320444, 49.817293939054636 ], [ -114.636051505229759, 49.784811587123684 ], [ -114.659135327172805, 49.765079381242614 ], [ -114.633648210733398, 49.730361077417058 ], [ -114.638905156286313, 49.717842609118783 ], [ -114.676783970925001, 49.696187346363651 ], [ -114.657706543526146, 49.661245050178948 ], [ -114.667752439540095, 49.637446470462429 ], [ -114.674335766329804, 49.642913797281388 ], [ -114.696410095410698, 49.629356360006767 ], [ -114.702107936033471, 49.637375067894922 ], [ -114.722546176751649, 49.622905118400972 ], [ -114.746476446141585, 49.618509705751379 ], [ -114.752401355101725, 49.608796656032631 ], [ -114.732586669283009, 49.57637952665921 ], [ -114.6962343573922, 49.546829276379349 ], [ -114.683822204569395, 49.55687318989866 ], [ -114.648472468214862, 49.543328228734772 ], [ -114.620133200182821, 49.546808662235414 ], [ -114.588955481613183, 49.565898264870434 ], [ -114.573603880101615, 49.5574629064132 ], [ -114.573006265518814, 49.524963210293386 ], [ -114.596583768869365, 49.501983351096428 ], [ -114.593453519878466, 49.471436761686554 ], [ -114.605065386377802, 49.438936505069201 ], [ -114.590590237151204, 49.396108247383786 ], [ -114.573369160402947, 49.389567362473571 ], [ -114.56692967370455, 49.376883566098314 ], [ -114.526290195966084, 49.375095025260727 ], [ -114.524720993925769, 49.357365396086607 ], [ -114.487624515160064, 49.347320613846229 ], [ -114.478927629700692, 49.326780634417005 ], [ -114.492163952665194, 49.322201040751601 ], [ -114.492062086628223, 49.31381740567592 ], [ -114.453972736714803, 49.298103409191853 ], [ -114.447942475852273, 49.26436922662316 ], [ -114.381432300896748, 49.250757475756657 ], [ -114.402676408982487, 49.241650903741345 ], [ -114.398957296931115, 49.210365202211207 ], [ -114.345590606299623, 49.193570768285454 ], [ -114.318440914152617, 49.199972536139285 ], [ -114.287301505148847, 49.178024384461473 ], [ -114.257125762850521, 49.177007975694671 ], [ -114.246715312124962, 49.187277156910163 ], [ -114.221544858667343, 49.189055838480648 ], [ -114.212652686126077, 49.173441100250372 ], [ -114.161249784993274, 49.154831358146524 ], [ -114.149037918863755, 49.143652554462598 ], [ -114.166059401489463, 49.135557897349841 ], [ -114.149637871985433, 49.118063896945969 ], [ -114.153149138677236, 49.099510395686821 ], [ -114.129593023793419, 49.078103594163714 ], [ -114.09647963566276, 49.059754058680227 ], [ -114.080976358423726, 49.05968845973036 ], [ -114.063496067675004, 49.045311565808831 ], [ -114.053758264481274, 49.026544728761309 ], [ -114.06833210989366, 48.998850496589533 ], [ -115.240344257814655, 49.000011994744405 ], [ -116.275744473072507, 49.000029851613967 ], [ -117.26835304311065, 49.000022751631143 ], [ -118.606135663832305, 49.000078984789802 ], [ -119.74729052152334, 49.000029280424954 ], [ -120.999999991806973, 48.999999996993182 ], [ -121.995865263063322, 49.000005253596512 ], [ -123.318551412397653, 49.000065824739949 ], [ -123.008488962130883, 48.831214420868577 ], [ -123.008491744955776, 48.76710041157245 ], [ -123.268364759143509, 48.69356942058598 ], [ -123.217972587205679, 48.547451211874709 ], [ -123.158522192695131, 48.453634952071567 ], [ -123.113809161494828, 48.423117746429213 ], [ -123.247233314023561, 48.284108259162828 ], [ -123.249999991428098, 48.250000010895214 ], [ -123.75567936261308, 48.252835791005246 ], [ -123.99999999637302, 48.295014437998965 ], [ -123.999999990991753, 48.306316677535321 ], [ -124.276295476231411, 48.384579291894234 ], [ -124.499486087645749, 48.500000669232968 ], [ -124.845094277545968, 48.547705286297109 ], [ -124.842935163085784, 48.521572021830359 ], [ -124.982591414831944, 48.553103465427647 ], [ -125.097121502812001, 48.59694128157944 ], [ -125.184719598305776, 48.637624710401646 ], [ -125.337341573271857, 48.729588958315425 ], [ -125.500297624790278, 48.808050190330881 ], [ -125.62783889463762, 48.849153746585174 ], [ -125.799775211244011, 48.92564213918584 ], [ -126.089300595164573, 49.122702160566533 ], [ -126.251477489078951, 49.25102034930574 ], [ -126.593995669793557, 49.347994322302903 ], [ -126.628619906127227, 49.399603699028617 ], [ -126.607237895068195, 49.527994627400915 ], [ -126.614458392541778, 49.54044589151794 ], [ -126.999999996264393, 49.521272277301826 ], [ -127.294903521673703, 49.513784296198665 ], [ -127.452074386725641, 49.552620082159073 ], [ -127.704774364383681, 49.699290350942945 ], [ -127.783161421026477, 49.77306033129252 ], [ -127.984685227551438, 49.996531238303866 ], [ -128.184401800309786, 50.104355517414206 ], [ -128.424028541059556, 50.20414574116058 ], [ -128.570526721033389, 50.275088214423938 ], [ -128.984165114333621, 50.613835293480143 ], [ -129.059577662011833, 50.686357755284682 ], [ -129.101922019524409, 50.755013249908011 ], [ -129.119486002278791, 50.812761664513296 ], [ -129.111509730784547, 50.90603897420975 ], [ -129.016806171150449, 51.114141852470837 ], [ -129.000000013691107, 51.200521603538121 ], [ -129.000000002928715, 51.821095616978489 ], [ -129.057890748755767, 51.935297331738532 ], [ -129.068122126565697, 52.000059398745627 ], [ -128.822207054648828, 52.000063510371156 ], [ -128.81956529651319, 52.128229448763683 ], [ -128.749281667454255, 52.193254730157612 ], [ -128.804368700259431, 52.36351400840411 ], [ -128.849244620501878, 52.385555135653654 ], [ -128.945877435729329, 52.400509530816166 ], [ -129.325377390826617, 52.430593460729185 ], [ -129.395392250442967, 52.443240574219736 ], [ -129.447323136042968, 52.468889201469011 ], [ -129.540030672791914, 52.537349505258632 ], [ -129.659566307906516, 52.727726490094987 ], [ -129.691818270396197, 52.762565419346281 ], [ -129.945361151210875, 52.983524516455205 ], [ -130.192705104546349, 53.055286914123919 ], [ -130.376298984370834, 53.136103853845533 ], [ -130.515016547988267, 53.214114488686889 ], [ -130.605727876849727, 53.276279442955413 ], [ -130.699792231656488, 53.366439561867743 ], [ -130.75635097563017, 53.26296001032334 ], [ -130.836511340829901, 53.202295050178115 ], [ -130.97654380824099, 53.118185403478996 ], [ -131.007166039035212, 53.084268698636166 ], [ -131.038013248034446, 53.031748987852041 ], [ -131.047649320942838, 52.950091892779405 ], [ -131.039990482812641, 52.897341848439268 ], [ -130.970582259357883, 52.743672867708312 ], [ -130.887349428340485, 52.606762207591565 ], [ -130.790132136889838, 52.470053796763764 ], [ -130.712010437397225, 52.389881617938855 ], [ -130.516520997712064, 52.122212620489741 ], [ -130.45696237464449, 51.969093067446778 ], [ -130.975164600863394, 51.888629960825106 ], [ -131.071176481177986, 51.890681896406669 ], [ -131.217546075447842, 51.940667782643644 ], [ -131.498677351324005, 51.991938400776753 ], [ -131.61369750773494, 52.021335102250156 ], [ -131.938670552372088, 52.151215542833164 ], [ -132.067162803253467, 52.223346029001604 ], [ -132.31331112489076, 52.393574268196154 ], [ -132.500000009297764, 52.560144230768827 ], [ -132.500000019880645, 52.750000006386976 ], [ -132.7582734951323, 52.750009535755908 ], [ -132.956890698394716, 52.994264226381425 ], [ -133.12527141580054, 53.417808490485065 ], [ -133.233771217149069, 53.72009407399257 ], [ -133.243960180635327, 53.797225874578011 ], [ -133.2439579746638, 54.645918437847129 ], [ -130.61678154224191, 54.70849899013799 ], [ -130.626238641416819, 54.738068917184215 ], [ -130.65906328713811, 54.763950202596178 ], [ -130.627420488663574, 54.78186951818067 ], [ -130.567938405026098, 54.792278909498791 ], [ -130.48325468626183, 54.835855587021719 ], [ -130.283734263943472, 54.966333606881634 ], [ -130.20044214807092, 55.04639955310838 ], [ -130.105156828387493, 55.19072148623264 ], [ -129.974010545706875, 55.284921471791712 ], [ -129.986547754152809, 55.308995752198911 ], [ -130.025783346895906, 55.338524127390912 ], [ -130.038471360514592, 55.449785762640353 ], [ -130.089154606460568, 55.500063977901434 ], [ -130.111748496831638, 55.500068932573818 ], [ -130.139873581432823, 55.551547380894974 ], [ -130.14764173605198, 55.590728523126707 ], [ -130.124448993873813, 55.628689289643113 ], [ -130.122161435177503, 55.670495080843729 ], [ -130.171678630642873, 55.704785294293167 ], [ -130.159838459194049, 55.733853763949334 ], [ -130.173572157795093, 55.747041186567479 ], [ -130.15429342299521, 55.75006547634198 ], [ -130.122124240030502, 55.801621774077937 ], [ -130.084760447578702, 55.811671384917375 ], [ -130.002731334571308, 55.911553889629694 ], [ -130.02040553802405, 55.91007843016174 ], [ -130.002139094218762, 56.006610749152912 ], [ -130.103701106431629, 56.122023729618803 ], [ -130.241240591385434, 56.09580747987399 ], [ -130.419724240220546, 56.138876626532735 ], [ -130.465112269624029, 56.241474172823359 ], [ -130.563561544763559, 56.250051863091237 ], [ -130.633454128217465, 56.271564923234592 ], [ -130.781207540260908, 56.368100501157592 ], [ -131.087202745452061, 56.406353175963481 ], [ -131.164157337142768, 56.44728541121696 ], [ -131.467384888122126, 56.551073038846368 ], [ -131.581754816227487, 56.61237151127758 ], [ -131.833631679736897, 56.598775162278891 ], [ -131.857457048603351, 56.701773454781637 ], [ -131.901838236434088, 56.754360680357706 ], [ -131.87075825999014, 56.806249786344722 ], [ -132.121146937252462, 56.866901154950604 ], [ -132.04592656010243, 57.04404365265264 ], [ -132.369307587935708, 57.091422051214437 ], [ -132.244620751629782, 57.212012754630351 ], [ -132.369581728691401, 57.351424126540493 ], [ -132.563579044624731, 57.506826422124441 ], [ -132.759443090702348, 57.707526446797097 ], [ -132.868068384822266, 57.844587314258163 ], [ -133.069543165458128, 58.000052425497095 ], [ -133.172399189527312, 58.151641312834307 ], [ -133.354070567425822, 58.283399626506885 ], [ -133.461274398424905, 58.38987267251489 ], [ -133.38179769690629, 58.43255160494359 ], [ -133.699471344856363, 58.609113612367288 ], [ -133.841333084918659, 58.730148972407797 ], [ -134.002585809312052, 58.774094848404069 ], [ -134.256433757910713, 58.859072453465977 ], [ -134.337382903634591, 58.920335371865505 ], [ -134.31227859598053, 58.961391140032177 ], [ -134.407607490370907, 58.978445453626129 ], [ -134.385374902181297, 59.04139666895518 ], [ -134.444919038320904, 59.086474025234537 ], [ -134.48478307228001, 59.133387135571688 ], [ -134.569799288962741, 59.133503766434401 ], [ -134.67794727745968, 59.19280431345004 ], [ -134.699299698593705, 59.2483887664553 ], [ -134.958935153355924, 59.281086350248415 ], [ -135.030201962430112, 59.34835109273579 ], [ -134.989246363188613, 59.387875713229427 ], [ -135.097527625842986, 59.42700311084252 ], [ -135.027988836950414, 59.476302304826341 ], [ -135.027708062328344, 59.563918071812338 ], [ -135.117545948460133, 59.623383389898919 ], [ -135.154454662728028, 59.626478673144625 ], [ -135.221814803944199, 59.664146868377529 ], [ -135.234707358271777, 59.695949914716437 ], [ -135.377022836520183, 59.742925981419155 ], [ -135.479005207944084, 59.798612597894703 ], [ -135.945688926894292, 59.663622398855345 ], [ -136.195251086767314, 59.638812685260064 ], [ -136.355712475590991, 59.600673039138833 ], [ -136.241406050650255, 59.559102803158829 ], [ -136.236285017546095, 59.526711404268625 ], [ -136.301436063903537, 59.465837690599642 ], [ -136.331489212254098, 59.455992456689899 ], [ -136.397735308441213, 59.447177032506488 ], [ -136.476248052256381, 59.464192708743155 ], [ -136.467494610245012, 59.284562064546989 ], [ -136.495127499768444, 59.275129284437746 ], [ -136.488766882814417, 59.258011470493066 ], [ -136.581992148074562, 59.16554119420632 ], [ -136.824670038730545, 59.159801425251089 ], [ -137.097748572970261, 59.056521140091064 ], [ -137.288407739551729, 58.999481954190287 ], [ -137.446562384655749, 58.908661738471288 ], [ -137.526728864392652, 58.906598793572876 ], [ -137.499313520145137, 58.983138533746803 ], [ -137.602069213002039, 59.240725055691499 ], [ -138.605425508111949, 59.757690148999458 ], [ -138.656299329691194, 59.799224081967608 ], [ -138.705785230379036, 59.906239996522743 ], [ -138.790823432965453, 59.922990716215921 ], [ -139.042130945161063, 59.991567963607736 ], [ -139.05220104118419, 60.000040648284028 ], [ -137.249999988909082, 60.00000000777559 ], [ -135.400000026686769, 60.000059047265509 ] ] ] } },
{ "type": "Feature", "properties": { "region_name": "Yukon", "region_uid": "60" }, "geometry": { "type": "Polygon", "coordinates": [ [ [ -139.356391433096917, 69.591838591916812 ], [ -139.192782889494964, 69.65501476525688 ], [ -139.131618156388356, 69.668905836617242 ], [ -139.056875540904343, 69.674125544978978 ], [ -138.919930955196065, 69.652994502532593 ], [ -138.831182340368002, 69.627060491226104 ], [ -138.761899902793175, 69.575633493536671 ], [ -138.808557993261928, 69.552751432174034 ], [ -138.89493127269364, 69.543811739569549 ], [ -138.956225595562756, 69.527466764765535 ], [ -138.985306892932755, 69.507643503132883 ], [ -138.942019670960605, 69.460059368780918 ], [ -138.867929908697391, 69.428860823790416 ], [ -138.539553067550258, 69.324267812425219 ], [ -138.373185613845465, 69.312907314606733 ], [ -138.221478763393549, 69.251987927123082 ], [ -138.090674976591316, 69.177393594519955 ], [ -137.980571387806151, 69.139515327267802 ], [ -137.654916619045167, 69.060444785418539 ], [ -137.375213103996515, 69.013849968017439 ], [ -137.242220577595702, 69.005378013141168 ], [ -137.056835377098139, 68.976758780201763 ], [ -136.832710235432359, 68.908908003797279 ], [ -136.747620939705257, 68.905206358730098 ], [ -136.613877798740532, 68.934371163788768 ], [ -136.468616133022067, 68.894300804817377 ], [ -136.448772699825611, 67.649471459275574 ], [ -136.378039113303913, 67.639208112272186 ], [ -136.359379846423963, 67.62835245281255 ], [ -136.289893115875486, 67.63423337574288 ], [ -136.279267610032775, 67.621126837238151 ], [ -136.24135357845563, 67.610886539557782 ], [ -136.199979759935445, 67.561662094945589 ], [ -136.218714875283268, 67.513403074358777 ], [ -136.169919739136105, 67.503843973068058 ], [ -136.202124738586008, 67.481877380455884 ], [ -136.178667688639337, 67.457729566692933 ], [ -136.222053607336306, 67.405471620812548 ], [ -136.140034340322302, 67.366441189860467 ], [ -136.135510377583188, 67.329988992467122 ], [ -136.086557481522931, 67.300706149574609 ], [ -136.127236191336806, 67.273499617796901 ], [ -136.13749607192841, 67.232634158579231 ], [ -136.235096074778625, 67.172542379698683 ], [ -136.2212878659046, 67.1539010645144 ], [ -136.191524657349902, 67.143903836760117 ], [ -136.232449549580792, 67.106696675247122 ], [ -136.200315877305627, 67.061423002947222 ], [ -136.216264763714349, 67.050977770390134 ], [ -136.181790987196393, 67.0346811748433 ], [ -136.164413575546774, 67.000000059979797 ], [ -133.829634968031286, 67.000000115739525 ], [ -133.846883301437487, 66.983665105341345 ], [ -134.014209639552092, 66.985841037472824 ], [ -134.117847032308646, 66.956917486174092 ], [ -134.091709250373583, 66.93691039189784 ], [ -134.000687580076345, 66.909414658060157 ], [ -133.943290134939588, 66.905262960030015 ], [ -133.890467059611552, 66.883499185624487 ], [ -133.889531855295701, 66.869099662702951 ], [ -133.850280213456017, 66.85494752660469 ], [ -133.833025097458744, 66.825961013536997 ], [ -133.787471457837285, 66.817072398538187 ], [ -133.759663914346731, 66.801026959063663 ], [ -133.775931159919764, 66.765208947250528 ], [ -133.846330128754147, 66.722796297548257 ], [ -133.762075584403675, 66.692401196059322 ], [ -133.748066570153867, 66.678963612747083 ], [ -133.793368468769302, 66.649443201137004 ], [ -133.717583278383017, 66.62500195233153 ], [ -133.676774562743844, 66.583179852999791 ], [ -133.582365856701898, 66.562251974097308 ], [ -133.588187400611218, 66.549978971780376 ], [ -133.690053046596091, 66.52790224233631 ], [ -133.693442359534174, 66.50348549632271 ], [ -133.609827329291079, 66.436065247244656 ], [ -133.63931650228588, 66.430020611107494 ], [ -133.734190840943825, 66.440356617452792 ], [ -133.766378768755118, 66.417767934063789 ], [ -133.768069494131538, 66.366183517789324 ], [ -133.835423560244152, 66.317217725907298 ], [ -133.821909689258376, 66.303036487318934 ], [ -133.785759880435307, 66.295380238541156 ], [ -133.626228241544027, 66.298617072457674 ], [ -133.580511211561486, 66.286136589153955 ], [ -133.553533961437296, 66.257008916832618 ], [ -133.567959353209773, 66.208993389124799 ], [ -133.548914250722447, 66.169986805265694 ], [ -133.601686588210498, 66.134336341932126 ], [ -133.657854175061942, 66.121805539499846 ], [ -133.690705924764671, 66.07117328576885 ], [ -133.681254713719426, 66.059145650332539 ], [ -133.598556208906615, 66.056515301415033 ], [ -133.634419066507235, 65.994696573213034 ], [ -133.662792467733254, 65.981296814376392 ], [ -133.658330879312757, 65.959680990035537 ], [ -133.594964037899587, 65.935869529620561 ], [ -133.525811344777537, 65.954306419382334 ], [ -133.446919508405699, 65.933467491254376 ], [ -133.405185185683024, 65.938858504674442 ], [ -133.268578847313137, 65.995846645482644 ], [ -133.196254655705502, 66.006880323987374 ], [ -133.128070230008717, 66.030939700281451 ], [ -133.05583826753292, 66.019222785525344 ], [ -132.92114750799891, 66.020421576494954 ], [ -132.912263515063188, 66.001543630890467 ], [ -133.021484828865312, 65.918812422278691 ], [ -132.909215971412124, 65.884044083241861 ], [ -132.837186504917725, 65.900367125979855 ], [ -132.805285411356465, 65.920576536732867 ], [ -132.799338051174942, 65.95051457784875 ], [ -132.656596873440634, 66.015831569083844 ], [ -132.568262732768432, 66.022875135296445 ], [ -132.540444285038404, 66.01502464626158 ], [ -132.494541860842958, 65.971988776769535 ], [ -132.377888326701736, 65.989040255605204 ], [ -132.350122258316787, 65.952316432641211 ], [ -132.460896178448934, 65.93050311658979 ], [ -132.530863364818202, 65.905896624465001 ], [ -132.596368963870731, 65.856704131011128 ], [ -132.563679587438799, 65.830170195330808 ], [ -132.484646375702056, 65.801189443526994 ], [ -132.414387790625312, 65.788776134697386 ], [ -132.354482619788342, 65.746922990991052 ], [ -132.313460959765422, 65.739857551034348 ], [ -132.283225022587203, 65.704697413555806 ], [ -132.298616199377989, 65.685962261576861 ], [ -132.24469789769455, 65.666695273692469 ], [ -132.168321256713369, 65.602427313738659 ], [ -132.283368513328554, 65.500553320840865 ], [ -132.275370327597329, 65.457700750424564 ], [ -132.349387157166149, 65.429423575823819 ], [ -132.376436555819879, 65.402358992839069 ], [ -132.446253135606668, 65.38820830409432 ], [ -132.537148178826413, 65.350464377330795 ], [ -132.566424278927684, 65.284043475224408 ], [ -132.657004714194585, 65.278130467508717 ], [ -132.669354296985205, 65.259662539082385 ], [ -132.747897169524748, 65.227366898429977 ], [ -132.706687005333492, 65.199286292571145 ], [ -132.76396469496828, 65.196464757692368 ], [ -132.772721218843998, 65.183043278976839 ], [ -132.72687157135789, 65.158380834130213 ], [ -132.656710342186329, 65.140809057922894 ], [ -132.596631930117013, 65.146276148332618 ], [ -132.554764240799699, 65.171238144422674 ], [ -132.509337147021483, 65.173512122964368 ], [ -132.542742072378076, 65.089901096012596 ], [ -132.519368448087278, 65.081518434152073 ], [ -132.459468319427458, 65.081111619994445 ], [ -132.336100219755167, 65.060719684104058 ], [ -132.337724552738251, 65.038305678300546 ], [ -132.405598749119548, 65.010006573006066 ], [ -132.414188741352405, 64.984382692400615 ], [ -132.490318728262054, 64.962403385431941 ], [ -132.491279713775128, 64.935562759255333 ], [ -132.462292296221023, 64.901570452715859 ], [ -132.481683061917465, 64.88402324524651 ], [ -132.586896599949, 64.834589222351696 ], [ -132.627649066893866, 64.829681060421422 ], [ -132.559226249228715, 64.796122049994025 ], [ -132.546027571700762, 64.770245900236716 ], [ -132.464239760669784, 64.788694097560409 ], [ -132.422031458839882, 64.777790881736962 ], [ -132.35696419976648, 64.783168013874189 ], [ -132.216249456423469, 64.742877764275917 ], [ -132.124261477624231, 64.703741659250682 ], [ -132.037715788823107, 64.696423103237962 ], [ -131.938096047658917, 64.590343070378751 ], [ -131.896407808195363, 64.566273353653884 ], [ -131.830102592914471, 64.548772702014048 ], [ -131.855372257391366, 64.537824956759266 ], [ -131.838720117105794, 64.525344949494325 ], [ -131.806390678829587, 64.533934250128198 ], [ -131.684646179051043, 64.521371236388646 ], [ -131.707467133023982, 64.50818310429527 ], [ -131.676037867133402, 64.485509120576069 ], [ -131.82485464401725, 64.424699746727327 ], [ -131.828390708427662, 64.401146208505523 ], [ -131.858310474502787, 64.38127237316246 ], [ -131.808421633534266, 64.368817886720791 ], [ -131.76544057145577, 64.379849141480861 ], [ -131.721379926668106, 64.370298975903836 ], [ -131.676324937102919, 64.377195418963552 ], [ -131.623513430568863, 64.353666252771461 ], [ -131.559461756759362, 64.383336832016582 ], [ -131.517985287081558, 64.379195319949432 ], [ -131.503554280108006, 64.389750341110087 ], [ -131.451031608484698, 64.391864273674884 ], [ -131.419606377453164, 64.411458780746187 ], [ -131.431959585561117, 64.437923955483427 ], [ -131.372362785903107, 64.450872939192649 ], [ -131.380488977875785, 64.435682923942394 ], [ -131.295525121076452, 64.446784771601116 ], [ -131.147351740240168, 64.403791861796293 ], [ -131.110381855157328, 64.376464785837186 ], [ -131.068174454696731, 64.361319169906693 ], [ -131.062865679327075, 64.328252390661618 ], [ -131.026617291612581, 64.30469722304737 ], [ -131.079118358789032, 64.284971963711641 ], [ -131.073707979176191, 64.272870389179616 ], [ -130.98264825447967, 64.250740447302064 ], [ -130.94720044631481, 64.223016602936809 ], [ -130.943965113210396, 64.185781654340644 ], [ -130.870812894135014, 64.185665045633655 ], [ -130.859059454906117, 64.171961246731811 ], [ -130.905088999506916, 64.145963128347617 ], [ -130.952801289663682, 64.141063867404554 ], [ -130.96776877256238, 64.130045310506063 ], [ -130.955416684517985, 64.113324608732583 ], [ -130.883474580241341, 64.082036014705409 ], [ -130.870342964482546, 64.031888361526256 ], [ -130.808982692347797, 64.040451703760667 ], [ -130.723321698324128, 64.026565400963179 ], [ -130.771725385536314, 64.008866389586373 ], [ -130.775702577943719, 63.97625081754402 ], [ -130.718105779742302, 63.963733278637903 ], [ -130.688662370174825, 63.946308733317018 ], [ -130.630581127231608, 63.947636392908848 ], [ -130.592077711193156, 63.92174010763646 ], [ -130.557221128069983, 63.91667667760133 ], [ -130.538236806896663, 63.925681575469213 ], [ -130.442895052776606, 63.891143227675386 ], [ -130.394376763455654, 63.852983753426265 ], [ -130.369145919594104, 63.848525977476328 ], [ -130.339362557788291, 63.813278093684787 ], [ -130.245685085439106, 63.836227237900061 ], [ -130.218575871783628, 63.869319178021776 ], [ -130.185897376608835, 63.854207151586742 ], [ -130.144234702369118, 63.861424209703301 ], [ -130.109368056378543, 63.839414919726543 ], [ -130.132695463466547, 63.829267173766873 ], [ -130.137662463041011, 63.799294073541674 ], [ -130.106265542106541, 63.78735828346322 ], [ -130.101228527710987, 63.754179283978864 ], [ -130.121958068562549, 63.743215587645309 ], [ -130.189609921131137, 63.741996575613001 ], [ -130.215678381994081, 63.717794936055967 ], [ -130.31801297607629, 63.713794963541837 ], [ -130.339667004453077, 63.690882767159096 ], [ -130.268635408333637, 63.644783939040302 ], [ -130.232144396709856, 63.647553108218212 ], [ -130.106187809423488, 63.688480768951344 ], [ -130.072512464817549, 63.682868956648335 ], [ -130.099276849224282, 63.632647656176083 ], [ -130.081363682345938, 63.608026140307018 ], [ -129.962460774537874, 63.609801189067717 ], [ -129.928072544740331, 63.592000324892183 ], [ -129.960327510187653, 63.565757613116524 ], [ -129.897371790014489, 63.55286069234883 ], [ -129.784928019595213, 63.445969540332015 ], [ -129.874322805647097, 63.457481218635692 ], [ -129.908527149558154, 63.417636887785747 ], [ -129.866220016203187, 63.367073574391092 ], [ -129.990351005330041, 63.327568483689681 ], [ -130.040836430834389, 63.329947758819266 ], [ -130.057976212643922, 63.304158261133857 ], [ -130.108304670252153, 63.305617799856378 ], [ -130.14526745928211, 63.288789420636107 ], [ -130.130001654765778, 63.26681646980888 ], [ -130.157762902440709, 63.242357562703191 ], [ -130.048781132604063, 63.25235072135731 ], [ -130.013893945687585, 63.236448661320139 ], [ -129.987583810065559, 63.198898043727745 ], [ -129.942593708445116, 63.183051666813405 ], [ -129.910485527057773, 63.192100875701954 ], [ -129.870462298298122, 63.171834243363058 ], [ -129.813495939685737, 63.103673220593933 ], [ -129.821000904739378, 63.082389669590128 ], [ -129.7737324228614, 63.076571910930909 ], [ -129.740713352945505, 63.060512149429059 ], [ -129.673561647671875, 63.061619075773251 ], [ -129.613208522932894, 63.07304794038825 ], [ -129.58858365810292, 63.042165233984385 ], [ -129.649357016755033, 62.952987872263542 ], [ -129.678711505087847, 62.941168378583491 ], [ -129.675225382814091, 62.926455123619682 ], [ -129.709677737331646, 62.907657780080143 ], [ -129.684236966617419, 62.875942307177098 ], [ -129.750034401188543, 62.881064380718087 ], [ -129.743257547640553, 62.83836882605587 ], [ -129.665256919798139, 62.814203446965884 ], [ -129.665563634441526, 62.795724237360773 ], [ -129.607974540073229, 62.749490157780876 ], [ -129.590127243399394, 62.701012634455047 ], [ -129.566695690686657, 62.681179501082561 ], [ -129.53039894974026, 62.682021389044515 ], [ -129.526659610032596, 62.668714461096776 ], [ -129.485219466478611, 62.662427756661351 ], [ -129.504990104889572, 62.640376089016748 ], [ -129.462344733853854, 62.620386927297112 ], [ -129.464583743190673, 62.595143330602447 ], [ -129.522642704690611, 62.575397773335119 ], [ -129.522394753602043, 62.55220635662554 ], [ -129.482405420776104, 62.551079803203621 ], [ -129.439348090321118, 62.577937829316603 ], [ -129.386953293082087, 62.571304532901664 ], [ -129.324273780130653, 62.52460417123492 ], [ -129.212470150813402, 62.504507386418481 ], [ -129.186236507279773, 62.479319186978891 ], [ -129.159681940189557, 62.478618257526968 ], [ -129.174080892955573, 62.445005246315169 ], [ -129.222718167264247, 62.441104076525683 ], [ -129.24390761680786, 62.430868758360205 ], [ -129.238492403824011, 62.414056240444481 ], [ -129.284855967523725, 62.399721514744371 ], [ -129.263064256440146, 62.374292362428406 ], [ -129.189498383487262, 62.361555350635484 ], [ -129.25628198556069, 62.327955081711359 ], [ -129.264541193307053, 62.299880704520753 ], [ -129.245948310489808, 62.282172523144062 ], [ -129.26967035319737, 62.257982512540181 ], [ -129.221745001850195, 62.236364826999527 ], [ -129.205019489989866, 62.209223193446668 ], [ -129.163325751484336, 62.203971337691414 ], [ -129.193882188664873, 62.168067765054609 ], [ -129.23724181800975, 62.151061356548929 ], [ -129.235705275412897, 62.138048612016689 ], [ -129.199786981700356, 62.13944342545355 ], [ -129.128868322435721, 62.099457005642577 ], [ -129.073007355653345, 62.098307187504872 ], [ -129.033990429473874, 62.111804368034129 ], [ -128.999079864530529, 62.107883782368162 ], [ -128.944664795170866, 62.119084203878636 ], [ -128.920547798508437, 62.095490834575379 ], [ -128.851609939289233, 62.099364318106886 ], [ -128.819795462271912, 62.087471984754188 ], [ -128.809039055375763, 62.048335576420079 ], [ -128.73036016477775, 62.043142514689002 ], [ -128.719386008566744, 62.069182154853486 ], [ -128.669031639265057, 62.109078209089176 ], [ -128.635169717970911, 62.118200249003159 ], [ -128.597780207412882, 62.107188013818522 ], [ -128.549640394244648, 62.116250195189266 ], [ -128.410180667951067, 62.042800532489764 ], [ -128.388424727622407, 62.020103176726309 ], [ -128.347939217993883, 62.014836214986325 ], [ -128.350097230809581, 61.973509055675912 ], [ -128.306947984651316, 61.967559800783221 ], [ -128.30483123224991, 61.94914853609167 ], [ -128.248577134475852, 61.937032407128704 ], [ -128.208276315455521, 61.88702985163107 ], [ -128.188346217519097, 61.828416355809445 ], [ -128.149643490459397, 61.837855017337041 ], [ -128.054034897116964, 61.832687489219012 ], [ -128.020653267982368, 61.823539028938555 ], [ -128.013981720656432, 61.804896574654244 ], [ -127.985996826452322, 61.791578076930648 ], [ -128.01758338953897, 61.766989402183263 ], [ -128.012622489206962, 61.753193012830032 ], [ -128.047459975483946, 61.728720358921542 ], [ -127.911887003021008, 61.669443727075581 ], [ -127.881851533805673, 61.667558353935924 ], [ -127.766805446839726, 61.594138781352697 ], [ -127.668550330971897, 61.582552406688137 ], [ -127.622722417764479, 61.532228033491734 ], [ -127.569856455822006, 61.523892430451347 ], [ -127.469189996486719, 61.485154942017601 ], [ -127.4223770091821, 61.496799296733734 ], [ -127.363538256053801, 61.491241086239341 ], [ -127.316414925558576, 61.500109982525657 ], [ -127.237836279389583, 61.500177761354863 ], [ -127.202421890871236, 61.490019167357126 ], [ -127.19170195705243, 61.46113679655064 ], [ -127.102956202173473, 61.458150429931869 ], [ -127.090756335936206, 61.368085348293391 ], [ -127.029240780244521, 61.361254058454392 ], [ -127.021019683674879, 61.337954208635928 ], [ -127.03340143508764, 61.322409479724598 ], [ -126.996409387713285, 61.222138632739018 ], [ -126.952926146368782, 61.214963574784512 ], [ -126.975879403787957, 61.177715503711795 ], [ -126.960740113469157, 61.167928613318608 ], [ -127.012099174810302, 61.137667485310892 ], [ -126.984101738681019, 61.121403375422439 ], [ -127.041050874477264, 61.10281060387306 ], [ -127.042648862930534, 61.082086432037642 ], [ -127.072434800055461, 61.066597132637447 ], [ -127.042334307053977, 61.030943734323714 ], [ -127.047019929775601, 61.017279528968466 ], [ -126.999494163840197, 61.026177876471962 ], [ -126.9661236521261, 61.050067646060782 ], [ -126.896773993731344, 61.04098893517078 ], [ -126.906827249641722, 61.007140351149886 ], [ -126.853586480731934, 60.931631368944359 ], [ -126.866038726514134, 60.895929821522429 ], [ -126.856369729128744, 60.870329911588527 ], [ -126.877041408376883, 60.847895002269468 ], [ -126.849878838556776, 60.832599325285685 ], [ -126.825246512446981, 60.831495626344562 ], [ -126.845142926524488, 60.774978500341199 ], [ -126.812747300261307, 60.758561542311334 ], [ -126.769834774621458, 60.748638968916886 ], [ -126.76349245071772, 60.763189115278976 ], [ -126.692653577962034, 60.769031798109829 ], [ -126.639041204056539, 60.730789379308298 ], [ -126.486370111841197, 60.800148663201654 ], [ -126.387089026201906, 60.765548975819932 ], [ -126.283499844004766, 60.758828434687729 ], [ -126.197926147769536, 60.782235473887376 ], [ -126.184681763175902, 60.796927227366886 ], [ -126.21065416178088, 60.834433285108474 ], [ -126.063350617643962, 60.851368033772616 ], [ -126.083305157299094, 60.813783563102099 ], [ -126.056561310073207, 60.795245446921328 ], [ -125.966803125289005, 60.789242672117844 ], [ -125.940492250394044, 60.804615138592851 ], [ -125.920818279553231, 60.848597624585501 ], [ -125.832224755926248, 60.881287566182657 ], [ -125.669639231253797, 60.80310898502605 ], [ -125.62534975570918, 60.809708597286352 ], [ -125.568914159822683, 60.801503986039521 ], [ -125.53379371957277, 60.812355198987674 ], [ -125.374912309016224, 60.766383928107352 ], [ -125.264067260159067, 60.768347962526228 ], [ -125.222780082285169, 60.796324235096925 ], [ -125.1713521863404, 60.809660102080692 ], [ -125.14788162540971, 60.832508587567595 ], [ -125.054124810351624, 60.832887535485916 ], [ -124.967497429400822, 60.849241409249487 ], [ -124.825797717794728, 60.837046969649563 ], [ -124.837430287714895, 60.899313223170473 ], [ -124.79524820136406, 60.932507419923091 ], [ -124.788376913574496, 60.954509047709728 ], [ -124.766154115643218, 60.958063531980685 ], [ -124.728159340571167, 60.938989630468818 ], [ -124.665379607220785, 60.938661122745515 ], [ -124.633227176813691, 60.926798989243046 ], [ -124.592754594171822, 60.945836694592494 ], [ -124.539382164578754, 60.938606894407556 ], [ -124.496253981406497, 60.802502617287772 ], [ -124.450519620824494, 60.786545894731496 ], [ -124.449216613871783, 60.764682616919053 ], [ -124.491783059677587, 60.728397590117737 ], [ -124.541463356802694, 60.717940747732641 ], [ -124.562746950244758, 60.695655907495315 ], [ -124.599452651031811, 60.68786762234911 ], [ -124.571065574803882, 60.641415429921651 ], [ -124.447194651742052, 60.57280931558477 ], [ -124.433155712548015, 60.542145738638972 ], [ -124.393773259784282, 60.518900785126107 ], [ -124.389145992152763, 60.458458808794063 ], [ -124.312446906691719, 60.459254513455981 ], [ -124.197862516522548, 60.445915704736258 ], [ -124.214467810826932, 60.364572056164775 ], [ -124.18237173379309, 60.306757141720965 ], [ -124.15932774366938, 60.291057348148172 ], [ -124.155883520260474, 60.266945220440022 ], [ -124.120268726834581, 60.238628815602318 ], [ -124.123828515056971, 60.206001410345543 ], [ -124.029960778253837, 60.148158305908247 ], [ -124.000526943356604, 60.109197587809014 ], [ -123.789324835561089, 60.000032620529467 ], [ -125.250000013717724, 60.000000008290989 ], [ -126.499999971333509, 59.999999998164853 ], [ -127.935473000524681, 60.000047103084121 ], [ -129.250000012902376, 60.000000007131739 ], [ -130.56249990641561, 60.000046122470046 ], [ -131.999999986549199, 59.99999999613263 ], [ -133.362499975622711, 60.000060889528505 ], [ -134.750000003307321, 59.999999987950652 ], [ -135.925000087718871, 60.000051663080491 ], [ -137.00000001008172, 60.000000005080828 ], [ -139.05679377115527, 60.000043199247095 ], [ -139.177019185991526, 60.082859842703442 ], [ -139.048517699306814, 60.325894284629975 ], [ -139.052068169388463, 60.353726372142731 ], [ -139.680062474420708, 60.335720822323808 ], [ -139.971679236086203, 60.183882281996254 ], [ -140.447975841434896, 60.307960170813317 ], [ -140.517084149097087, 60.22016270479542 ], [ -140.997970942026456, 60.308041435819035 ], [ -141.010091291607409, 69.689427484678788 ], [ -140.490865470743387, 69.627508974278243 ], [ -140.31402229305985, 69.626977033715235 ], [ -140.04176436421983, 69.652806992043793 ], [ -139.967792877991513, 69.652493159128596 ], [ -139.481883566524687, 69.583781256667265 ], [ -139.356391433096917, 69.591838591916812 ] ] ] } },
{ "type": "Feature", "properties": { "region_name": "Northwest Territories / Territoires du Nord-Ouest", "region_uid": "61" }, "geometry": { "type": "Polygon", "coordinates": [ [ [ -109.830573339443276, 74.898275146616683 ], [ -109.861798913136099, 69.998054210072567 ], [ -112.510817218664442, 70.001685760213917 ], [ -112.518087701705639, 69.847602230783863 ], [ -112.818347309534275, 69.847283482097311 ], [ -112.825126966212764, 70.002545160800722 ], [ -114.500124415958496, 69.999957652967595 ], [ -117.022835673333304, 70.000251830855206 ], [ -117.013536778052611, 69.956578302422002 ], [ -116.924157321993732, 69.879893046644582 ], [ -116.755195101845104, 69.786444640138654 ], [ -116.465587274369753, 69.702799438461838 ], [ -120.724925122891676, 69.575013358259397 ], [ -120.605537806733722, 68.62336194833432 ], [ -120.590719441230362, 68.249104581764016 ], [ -120.630782444335111, 67.77995758320813 ], [ -118.594190586729397, 67.198864278495805 ], [ -117.065450630255128, 66.929179316560706 ], [ -112.583394810843231, 65.447065049279743 ], [ -110.538417414740451, 65.44582075051234 ], [ -109.02488424436379, 64.831448858506036 ], [ -108.837894447249568, 64.732129669834748 ], [ -104.875001269365157, 64.465982480215544 ], [ -101.999999996923478, 64.189050588764047 ], [ -102.000000012739392, 59.999999998080519 ], [ -103.349999950347282, 60.00005904461711 ], [ -104.749999982828882, 60.000000002006672 ], [ -106.049999924817044, 60.000039356821951 ], [ -107.499999984698306, 59.999999992348087 ], [ -108.912500081120399, 60.00005596764894 ], [ -110.249999983235028, 59.999999997890527 ], [ -111.700000106089135, 60.000039358565047 ], [ -113.000000023340888, 60.000000007737306 ], [ -114.362499991805791, 60.000060885878639 ], [ -115.750000019459421, 59.999999996340605 ], [ -117.137500037422939, 60.000060887569283 ], [ -118.500000005239272, 60.000000003932875 ], [ -119.887500008511992, 60.000060891131476 ], [ -121.24999998903651, 60.000000012639227 ], [ -122.500000011406954, 59.999999996833331 ], [ -123.789324835561089, 60.000032620529467 ], [ -124.000526943356604, 60.109197587809014 ], [ -124.029960778253837, 60.148158305908247 ], [ -124.123828515056971, 60.206001410345543 ], [ -124.120268726834581, 60.238628815602318 ], [ -124.155883520260474, 60.266945220440022 ], [ -124.15932774366938, 60.291057348148172 ], [ -124.18237173379309, 60.306757141720965 ], [ -124.214467810826932, 60.364572056164775 ], [ -124.197862516522548, 60.445915704736258 ], [ -124.312446906691719, 60.459254513455981 ], [ -124.389145992152763, 60.458458808794063 ], [ -124.393773259784282, 60.518900785126107 ], [ -124.433155712548015, 60.542145738638972 ], [ -124.447194651742052, 60.57280931558477 ], [ -124.571065574803882, 60.641415429921651 ], [ -124.599452651031811, 60.68786762234911 ], [ -124.562746950244758, 60.695655907495315 ], [ -124.541463356802694, 60.717940747732641 ], [ -124.491783059677587, 60.728397590117737 ], [ -124.449216613871783, 60.764682616919053 ], [ -124.450519620824494, 60.786545894731496 ], [ -124.496253981406497, 60.802502617287772 ], [ -124.539382164578754, 60.938606894407556 ], [ -124.592754594171822, 60.945836694592494 ], [ -124.633227176813691, 60.926798989243046 ], [ -124.665379607220785, 60.938661122745515 ], [ -124.728159340571167, 60.938989630468818 ], [ -124.766154115643218, 60.958063531980685 ], [ -124.788376913574496, 60.954509047709728 ], [ -124.79524820136406, 60.932507419923091 ], [ -124.837430287714895, 60.899313223170473 ], [ -124.825797717794728, 60.837046969649563 ], [ -124.967497429400822, 60.849241409249487 ], [ -125.054124810351624, 60.832887535485916 ], [ -125.14788162540971, 60.832508587567595 ], [ -125.1713521863404, 60.809660102080692 ], [ -125.222780082285169, 60.796324235096925 ], [ -125.264067260159067, 60.768347962526228 ], [ -125.374912309016224, 60.766383928107352 ], [ -125.53379371957277, 60.812355198987674 ], [ -125.568914159822683, 60.801503986039521 ], [ -125.62534975570918, 60.809708597286352 ], [ -125.669639231253797, 60.80310898502605 ], [ -125.832224755926248, 60.881287566182657 ], [ -125.920818279553231, 60.848597624585501 ], [ -125.940492250394044, 60.804615138592851 ], [ -125.966803125289005, 60.789242672117844 ], [ -126.056561310073207, 60.795245446921328 ], [ -126.083305157299094, 60.813783563102099 ], [ -126.063350617643962, 60.851368033772616 ], [ -126.21065416178088, 60.834433285108474 ], [ -126.184681763175902, 60.796927227366886 ], [ -126.197926147769536, 60.782235473887376 ], [ -126.283499844004766, 60.758828434687729 ], [ -126.387089026201906, 60.765548975819932 ], [ -126.486370111841197, 60.800148663201654 ], [ -126.639041204056539, 60.730789379308298 ], [ -126.692653577962034, 60.769031798109829 ], [ -126.76349245071772, 60.763189115278976 ], [ -126.769834774621458, 60.748638968916886 ], [ -126.812747300261307, 60.758561542311334 ], [ -126.845142926524488, 60.774978500341199 ], [ -126.825246512446981, 60.831495626344562 ], [ -126.849878838556776, 60.832599325285685 ], [ -126.877041408376883, 60.847895002269468 ], [ -126.856369729128744, 60.870329911588527 ], [ -126.866038726514134, 60.895929821522429 ], [ -126.853586480731934, 60.931631368944359 ], [ -126.906827249641722, 61.007140351149886 ], [ -126.896773993731344, 61.04098893517078 ], [ -126.9661236521261, 61.050067646060782 ], [ -126.999494163840197, 61.026177876471962 ], [ -127.047019929775601, 61.017279528968466 ], [ -127.042334307053977, 61.030943734323714 ], [ -127.072434800055461, 61.066597132637447 ], [ -127.042648862930534, 61.082086432037642 ], [ -127.041050874477264, 61.10281060387306 ], [ -126.984101738681019, 61.121403375422439 ], [ -127.012099174810302, 61.137667485310892 ], [ -126.960740113469157, 61.167928613318608 ], [ -126.975879403787957, 61.177715503711795 ], [ -126.952926146368782, 61.214963574784512 ], [ -126.996409387713285, 61.222138632739018 ], [ -127.03340143508764, 61.322409479724598 ], [ -127.021019683674879, 61.337954208635928 ], [ -127.029240780244521, 61.361254058454392 ], [ -127.090756335936206, 61.368085348293391 ], [ -127.102956202173473, 61.458150429931869 ], [ -127.19170195705243, 61.46113679655064 ], [ -127.202421890871236, 61.490019167357126 ], [ -127.237836279389583, 61.500177761354863 ], [ -127.316414925558576, 61.500109982525657 ], [ -127.363538256053801, 61.491241086239341 ], [ -127.4223770091821, 61.496799296733734 ], [ -127.469189996486719, 61.485154942017601 ], [ -127.569856455822006, 61.523892430451347 ], [ -127.622722417764479, 61.532228033491734 ], [ -127.668550330971897, 61.582552406688137 ], [ -127.766805446839726, 61.594138781352697 ], [ -127.881851533805673, 61.667558353935924 ], [ -127.911887003021008, 61.669443727075581 ], [ -128.047459975483946, 61.728720358921542 ], [ -128.012622489206962, 61.753193012830032 ], [ -128.01758338953897, 61.766989402183263 ], [ -127.985996826452322, 61.791578076930648 ], [ -128.013981720656432, 61.804896574654244 ], [ -128.020653267982368, 61.823539028938555 ], [ -128.054034897116964, 61.832687489219012 ], [ -128.149643490459397, 61.837855017337041 ], [ -128.188346217519097, 61.828416355809445 ], [ -128.208276315455521, 61.88702985163107 ], [ -128.248577134475852, 61.937032407128704 ], [ -128.30483123224991, 61.94914853609167 ], [ -128.306947984651316, 61.967559800783221 ], [ -128.350097230809581, 61.973509055675912 ], [ -128.347939217993883, 62.014836214986325 ], [ -128.388424727622407, 62.020103176726309 ], [ -128.410180667951067, 62.042800532489764 ], [ -128.549640394244648, 62.116250195189266 ], [ -128.597780207412882, 62.107188013818522 ], [ -128.635169717970911, 62.118200249003159 ], [ -128.669031639265057, 62.109078209089176 ], [ -128.719386008566744, 62.069182154853486 ], [ -128.73036016477775, 62.043142514689002 ], [ -128.809039055375763, 62.048335576420079 ], [ -128.819795462271912, 62.087471984754188 ], [ -128.851609939289233, 62.099364318106886 ], [ -128.920547798508437, 62.095490834575379 ], [ -128.944664795170866, 62.119084203878636 ], [ -128.999079864530529, 62.107883782368162 ], [ -129.033990429473874, 62.111804368034129 ], [ -129.073007355653345, 62.098307187504872 ], [ -129.128868322435721, 62.099457005642577 ], [ -129.199786981700356, 62.13944342545355 ], [ -129.235705275412897, 62.138048612016689 ], [ -129.23724181800975, 62.151061356548929 ], [ -129.193882188664873, 62.168067765054609 ], [ -129.163325751484336, 62.203971337691414 ], [ -129.205019489989866, 62.209223193446668 ], [ -129.221745001850195, 62.236364826999527 ], [ -129.26967035319737, 62.257982512540181 ], [ -129.245948310489808, 62.282172523144062 ], [ -129.264541193307053, 62.299880704520753 ], [ -129.25628198556069, 62.327955081711359 ], [ -129.189498383487262, 62.361555350635484 ], [ -129.263064256440146, 62.374292362428406 ], [ -129.284855967523725, 62.399721514744371 ], [ -129.238492403824011, 62.414056240444481 ], [ -129.24390761680786, 62.430868758360205 ], [ -129.222718167264247, 62.441104076525683 ], [ -129.174080892955573, 62.445005246315169 ], [ -129.159681940189557, 62.478618257526968 ], [ -129.186236507279773, 62.479319186978891 ], [ -129.212470150813402, 62.504507386418481 ], [ -129.324273780130653, 62.52460417123492 ], [ -129.386953293082087, 62.571304532901664 ], [ -129.439348090321118, 62.577937829316603 ], [ -129.482405420776104, 62.551079803203621 ], [ -129.522394753602043, 62.55220635662554 ], [ -129.522642704690611, 62.575397773335119 ], [ -129.464583743190673, 62.595143330602447 ], [ -129.462344733853854, 62.620386927297112 ], [ -129.504990104889572, 62.640376089016748 ], [ -129.485219466478611, 62.662427756661351 ], [ -129.526659610032596, 62.668714461096776 ], [ -129.53039894974026, 62.682021389044515 ], [ -129.566695690686657, 62.681179501082561 ], [ -129.590127243399394, 62.701012634455047 ], [ -129.607974540073229, 62.749490157780876 ], [ -129.665563634441526, 62.795724237360773 ], [ -129.665256919798139, 62.814203446965884 ], [ -129.743257547640553, 62.83836882605587 ], [ -129.750034401188543, 62.881064380718087 ], [ -129.684236966617419, 62.875942307177098 ], [ -129.709677737331646, 62.907657780080143 ], [ -129.675225382814091, 62.926455123619682 ], [ -129.678711505087847, 62.941168378583491 ], [ -129.649357016755033, 62.952987872263542 ], [ -129.58858365810292, 63.042165233984385 ], [ -129.613208522932894, 63.07304794038825 ], [ -129.673561647671875, 63.061619075773251 ], [ -129.740713352945505, 63.060512149429059 ], [ -129.7737324228614, 63.076571910930909 ], [ -129.821000904739378, 63.082389669590128 ], [ -129.813495939685737, 63.103673220593933 ], [ -129.870462298298122, 63.171834243363058 ], [ -129.910485527057773, 63.192100875701954 ], [ -129.942593708445116, 63.183051666813405 ], [ -129.987583810065559, 63.198898043727745 ], [ -130.013893945687585, 63.236448661320139 ], [ -130.048781132604063, 63.25235072135731 ], [ -130.157762902440709, 63.242357562703191 ], [ -130.130001654765778, 63.26681646980888 ], [ -130.14526745928211, 63.288789420636107 ], [ -130.108304670252153, 63.305617799856378 ], [ -130.057976212643922, 63.304158261133857 ], [ -130.040836430834389, 63.329947758819266 ], [ -129.990351005330041, 63.327568483689681 ], [ -129.866220016203187, 63.367073574391092 ], [ -129.908527149558154, 63.417636887785747 ], [ -129.874322805647097, 63.457481218635692 ], [ -129.784928019595213, 63.445969540332015 ], [ -129.897371790014489, 63.55286069234883 ], [ -129.960327510187653, 63.565757613116524 ], [ -129.928072544740331, 63.592000324892183 ], [ -129.962460774537874, 63.609801189067717 ], [ -130.081363682345938, 63.608026140307018 ], [ -130.099276849224282, 63.632647656176083 ], [ -130.072512464817549, 63.682868956648335 ], [ -130.106187809423488, 63.688480768951344 ], [ -130.232144396709856, 63.647553108218212 ], [ -130.268635408333637, 63.644783939040302 ], [ -130.339667004453077, 63.690882767159096 ], [ -130.31801297607629, 63.713794963541837 ], [ -130.215678381994081, 63.717794936055967 ], [ -130.189609921131137, 63.741996575613001 ], [ -130.121958068562549, 63.743215587645309 ], [ -130.101228527710987, 63.754179283978864 ], [ -130.106265542106541, 63.78735828346322 ], [ -130.137662463041011, 63.799294073541674 ], [ -130.132695463466547, 63.829267173766873 ], [ -130.109368056378543, 63.839414919726543 ], [ -130.144234702369118, 63.861424209703301 ], [ -130.185897376608835, 63.854207151586742 ], [ -130.218575871783628, 63.869319178021776 ], [ -130.245685085439106, 63.836227237900061 ], [ -130.339362557788291, 63.813278093684787 ], [ -130.369145919594104, 63.848525977476328 ], [ -130.394376763455654, 63.852983753426265 ], [ -130.442895052776606, 63.891143227675386 ], [ -130.538236806896663, 63.925681575469213 ], [ -130.557221128069983, 63.91667667760133 ], [ -130.592077711193156, 63.92174010763646 ], [ -130.630581127231608, 63.947636392908848 ], [ -130.688662370174825, 63.946308733317018 ], [ -130.718105779742302, 63.963733278637903 ], [ -130.775702577943719, 63.97625081754402 ], [ -130.771725385536314, 64.008866389586373 ], [ -130.723321698324128, 64.026565400963179 ], [ -130.808982692347797, 64.040451703760667 ], [ -130.870342964482546, 64.031888361526256 ], [ -130.883474580241341, 64.082036014705409 ], [ -130.955416684517985, 64.113324608732583 ], [ -130.96776877256238, 64.130045310506063 ], [ -130.952801289663682, 64.141063867404554 ], [ -130.905088999506916, 64.145963128347617 ], [ -130.859059454906117, 64.171961246731811 ], [ -130.870812894135014, 64.185665045633655 ], [ -130.943965113210396, 64.185781654340644 ], [ -130.94720044631481, 64.223016602936809 ], [ -130.98264825447967, 64.250740447302064 ], [ -131.073707979176191, 64.272870389179616 ], [ -131.079118358789032, 64.284971963711641 ], [ -131.026617291612581, 64.30469722304737 ], [ -131.062865679327075, 64.328252390661618 ], [ -131.068174454696731, 64.361319169906693 ], [ -131.110381855157328, 64.376464785837186 ], [ -131.147351740240168, 64.403791861796293 ], [ -131.295525121076452, 64.446784771601116 ], [ -131.380488977875785, 64.435682923942394 ], [ -131.372362785903107, 64.450872939192649 ], [ -131.431959585561117, 64.437923955483427 ], [ -131.419606377453164, 64.411458780746187 ], [ -131.451031608484698, 64.391864273674884 ], [ -131.503554280108006, 64.389750341110087 ], [ -131.517985287081558, 64.379195319949432 ], [ -131.559461756759362, 64.383336832016582 ], [ -131.623513430568863, 64.353666252771461 ], [ -131.676324937102919, 64.377195418963552 ], [ -131.721379926668106, 64.370298975903836 ], [ -131.76544057145577, 64.379849141480861 ], [ -131.808421633534266, 64.368817886720791 ], [ -131.858310474502787, 64.38127237316246 ], [ -131.828390708427662, 64.401146208505523 ], [ -131.82485464401725, 64.424699746727327 ], [ -131.676037867133402, 64.485509120576069 ], [ -131.707467133023982, 64.50818310429527 ], [ -131.684646179051043, 64.521371236388646 ], [ -131.806390678829587, 64.533934250128198 ], [ -131.838720117105794, 64.525344949494325 ], [ -131.855372257391366, 64.537824956759266 ], [ -131.830102592914471, 64.548772702014048 ], [ -131.896407808195363, 64.566273353653884 ], [ -131.938096047658917, 64.590343070378751 ], [ -132.037715788823107, 64.696423103237962 ], [ -132.124261477624231, 64.703741659250682 ], [ -132.216249456423469, 64.742877764275917 ], [ -132.35696419976648, 64.783168013874189 ], [ -132.422031458839882, 64.777790881736962 ], [ -132.464239760669784, 64.788694097560409 ], [ -132.546027571700762, 64.770245900236716 ], [ -132.559226249228715, 64.796122049994025 ], [ -132.627649066893866, 64.829681060421422 ], [ -132.586896599949, 64.834589222351696 ], [ -132.481683061917465, 64.88402324524651 ], [ -132.462292296221023, 64.901570452715859 ], [ -132.491279713775128, 64.935562759255333 ], [ -132.490318728262054, 64.962403385431941 ], [ -132.414188741352405, 64.984382692400615 ], [ -132.405598749119548, 65.010006573006066 ], [ -132.337724552738251, 65.038305678300546 ], [ -132.336100219755167, 65.060719684104058 ], [ -132.459468319427458, 65.081111619994445 ], [ -132.519368448087278, 65.081518434152073 ], [ -132.542742072378076, 65.089901096012596 ], [ -132.509337147021483, 65.173512122964368 ], [ -132.554764240799699, 65.171238144422674 ], [ -132.596631930117013, 65.146276148332618 ], [ -132.656710342186329, 65.140809057922894 ], [ -132.72687157135789, 65.158380834130213 ], [ -132.772721218843998, 65.183043278976839 ], [ -132.76396469496828, 65.196464757692368 ], [ -132.706687005333492, 65.199286292571145 ], [ -132.747897169524748, 65.227366898429977 ], [ -132.669354296985205, 65.259662539082385 ], [ -132.657004714194585, 65.278130467508717 ], [ -132.566424278927684, 65.284043475224408 ], [ -132.537148178826413, 65.350464377330795 ], [ -132.446253135606668, 65.38820830409432 ], [ -132.376436555819879, 65.402358992839069 ], [ -132.349387157166149, 65.429423575823819 ], [ -132.275370327597329, 65.457700750424564 ], [ -132.283368513328554, 65.500553320840865 ], [ -132.168321256713369, 65.602427313738659 ], [ -132.24469789769455, 65.666695273692469 ], [ -132.298616199377989, 65.685962261576861 ], [ -132.283225022587203, 65.704697413555806 ], [ -132.313460959765422, 65.739857551034348 ], [ -132.354482619788342, 65.746922990991052 ], [ -132.414387790625312, 65.788776134697386 ], [ -132.484646375702056, 65.801189443526994 ], [ -132.563679587438799, 65.830170195330808 ], [ -132.596368963870731, 65.856704131011128 ], [ -132.530863364818202, 65.905896624465001 ], [ -132.460896178448934, 65.93050311658979 ], [ -132.350122258316787, 65.952316432641211 ], [ -132.377888326701736, 65.989040255605204 ], [ -132.494541860842958, 65.971988776769535 ], [ -132.540444285038404, 66.01502464626158 ], [ -132.568262732768432, 66.022875135296445 ], [ -132.656596873440634, 66.015831569083844 ], [ -132.799338051174942, 65.95051457784875 ], [ -132.805285411356465, 65.920576536732867 ], [ -132.837186504917725, 65.900367125979855 ], [ -132.909215971412124, 65.884044083241861 ], [ -133.021484828865312, 65.918812422278691 ], [ -132.912263515063188, 66.001543630890467 ], [ -132.92114750799891, 66.020421576494954 ], [ -133.05583826753292, 66.019222785525344 ], [ -133.128070230008717, 66.030939700281451 ], [ -133.196254655705502, 66.006880323987374 ], [ -133.268578847313137, 65.995846645482644 ], [ -133.405185185683024, 65.938858504674442 ], [ -133.446919508405699, 65.933467491254376 ], [ -133.525811344777537, 65.954306419382334 ], [ -133.594964037899587, 65.935869529620561 ], [ -133.658330879312757, 65.959680990035537 ], [ -133.662792467733254, 65.981296814376392 ], [ -133.634419066507235, 65.994696573213034 ], [ -133.598556208906615, 66.056515301415033 ], [ -133.681254713719426, 66.059145650332539 ], [ -133.690705924764671, 66.07117328576885 ], [ -133.657854175061942, 66.121805539499846 ], [ -133.601686588210498, 66.134336341932126 ], [ -133.548914250722447, 66.169986805265694 ], [ -133.567959353209773, 66.208993389124799 ], [ -133.553533961437296, 66.257008916832618 ], [ -133.580511211561486, 66.286136589153955 ], [ -133.626228241544027, 66.298617072457674 ], [ -133.785759880435307, 66.295380238541156 ], [ -133.821909689258376, 66.303036487318934 ], [ -133.835423560244152, 66.317217725907298 ], [ -133.768069494131538, 66.366183517789324 ], [ -133.766378768755118, 66.417767934063789 ], [ -133.734190840943825, 66.440356617452792 ], [ -133.63931650228588, 66.430020611107494 ], [ -133.609827329291079, 66.436065247244656 ], [ -133.693442359534174, 66.50348549632271 ], [ -133.690053046596091, 66.52790224233631 ], [ -133.588187400611218, 66.549978971780376 ], [ -133.582365856701898, 66.562251974097308 ], [ -133.676774562743844, 66.583179852999791 ], [ -133.717583278383017, 66.62500195233153 ], [ -133.793368468769302, 66.649443201137004 ], [ -133.748066570153867, 66.678963612747083 ], [ -133.762075584403675, 66.692401196059322 ], [ -133.846330128754147, 66.722796297548257 ], [ -133.775931159919764, 66.765208947250528 ], [ -133.759663914346731, 66.801026959063663 ], [ -133.787471457837285, 66.817072398538187 ], [ -133.833025097458744, 66.825961013536997 ], [ -133.850280213456017, 66.85494752660469 ], [ -133.889531855295701, 66.869099662702951 ], [ -133.890467059611552, 66.883499185624487 ], [ -133.943290134939588, 66.905262960030015 ], [ -134.000687580076345, 66.909414658060157 ], [ -134.091709250373583, 66.93691039189784 ], [ -134.117847032308646, 66.956917486174092 ], [ -134.014209639552092, 66.985841037472824 ], [ -133.846883301437487, 66.983665105341345 ], [ -133.829634968031286, 67.000000115739525 ], [ -136.164413575546774, 67.000000059979797 ], [ -136.181790987196393, 67.0346811748433 ], [ -136.216264763714349, 67.050977770390134 ], [ -136.200315877305627, 67.061423002947222 ], [ -136.232449549580792, 67.106696675247122 ], [ -136.191524657349902, 67.143903836760117 ], [ -136.2212878659046, 67.1539010645144 ], [ -136.235096074778625, 67.172542379698683 ], [ -136.13749607192841, 67.232634158579231 ], [ -136.127236191336806, 67.273499617796901 ], [ -136.086557481522931, 67.300706149574609 ], [ -136.135510377583188, 67.329988992467122 ], [ -136.140034340322302, 67.366441189860467 ], [ -136.222053607336306, 67.405471620812548 ], [ -136.178667688639337, 67.457729566692933 ], [ -136.202124738586008, 67.481877380455884 ], [ -136.169919739136105, 67.503843973068058 ], [ -136.218714875283268, 67.513403074358777 ], [ -136.199979759935445, 67.561662094945589 ], [ -136.24135357845563, 67.610886539557782 ], [ -136.279267610032775, 67.621126837238151 ], [ -136.289893115875486, 67.63423337574288 ], [ -136.359379846423963, 67.62835245281255 ], [ -136.378039113303913, 67.639208112272186 ], [ -136.448772699825611, 67.649471459275574 ], [ -136.468616133022067, 68.894300804817377 ], [ -136.613877798740532, 68.934371163788768 ], [ -136.747620939705257, 68.905206358730098 ], [ -136.832710235432359, 68.908908003797279 ], [ -137.056835377098139, 68.976758780201763 ], [ -137.242220577595702, 69.005378013141168 ], [ -137.375213103996515, 69.013849968017439 ], [ -137.654916619045167, 69.060444785418539 ], [ -137.980571387806151, 69.139515327267802 ], [ -138.090674976591316, 69.177393594519955 ], [ -138.221478763393549, 69.251987927123082 ], [ -138.373185613845465, 69.312907314606733 ], [ -138.539553067550258, 69.324267812425219 ], [ -138.867929908697391, 69.428860823790416 ], [ -138.942019670960605, 69.460059368780918 ], [ -138.985306892932755, 69.507643503132883 ], [ -138.956225595562756, 69.527466764765535 ], [ -138.89493127269364, 69.543811739569549 ], [ -138.808557993261928, 69.552751432174034 ], [ -138.761899902793175, 69.575633493536671 ], [ -138.831182340368002, 69.627060491226104 ], [ -138.99110350643906, 69.66593839828424 ], [ -139.056875540904343, 69.674125544978978 ], [ -139.131618156388356, 69.668905836617242 ], [ -139.192782889494964, 69.65501476525688 ], [ -139.356391433096917, 69.591838591916812 ], [ -139.481883566524687, 69.583781256667265 ], [ -139.967792877991513, 69.652493159128596 ], [ -140.04176436421983, 69.652806992043793 ], [ -140.31402229305985, 69.626977033715235 ], [ -140.490865470743387, 69.627508974278243 ], [ -141.010091291607409, 69.689427484678788 ], [ -128.942602965409833, 89.999427042099072 ], [ -109.830573339443276, 74.898275146616683 ] ] ] } },
{ "type": "Feature", "properties": { "region_name": "Nunavut", "region_uid": "62" }, "geometry": { "type": "Polygon", "coordinates": [ [ [ -61.22474507105683, 69.984096101245342 ], [ -61.142391245804461, 69.663269185105733 ], [ -61.0020144940097, 69.344790902140844 ], [ -60.715248896928202, 69.144423459471994 ], [ -60.283366709439292, 68.893471343632172 ], [ -60.000000015597401, 68.749493965105103 ], [ -60.000000016861684, 60.625480324889473 ], [ -61.999999992368615, 60.432316773923944 ], [ -63.99589880730894, 60.000003957100752 ], [ -64.072521467282314, 60.059356432781804 ], [ -64.13862784066275, 60.172169799750833 ], [ -64.1848695670636, 60.374676014368184 ], [ -64.433100090290438, 60.377744012646531 ], [ -64.491407591208983, 60.372605559727326 ], [ -64.533984585575396, 60.341061644757069 ], [ -64.517475898826888, 60.304398201871791 ], [ -64.627071684277666, 60.346483272419796 ], [ -64.730129910677277, 60.36665639174052 ], [ -64.74065048706224, 60.352702021169932 ], [ -64.796846925399493, 60.370834200735864 ], [ -64.84500182291103, 60.37513330862329 ], [ -64.862941571628596, 60.361462462818025 ], [ -64.845403200265693, 60.341564320500154 ], [ -64.852419971714141, 60.309972474981151 ], [ -64.895307801061151, 60.285694244196627 ], [ -64.942616399050962, 60.274435934299845 ], [ -64.965427815783841, 60.257446504624475 ], [ -64.969485091308584, 60.217694666741295 ], [ -64.933288575558052, 60.201407917258827 ], [ -64.974229994412354, 60.185540944217635 ], [ -64.974750347424759, 60.164205645604468 ], [ -65.008482462194053, 60.162838918317682 ], [ -65.013602434970664, 60.131085050354415 ], [ -65.050734881619505, 60.125492343065211 ], [ -65.071974013664672, 60.109783947704337 ], [ -65.072707168730403, 60.06524071672564 ], [ -65.08301618646064, 60.058832482197261 ], [ -65.106626703849415, 60.067996181713482 ], [ -65.172037050888534, 60.068855912852925 ], [ -65.201050285242061, 60.036801591055649 ], [ -65.189778017481188, 60.008039632575674 ], [ -65.201300107724748, 59.987324622054651 ], [ -65.255065718046211, 59.937980732403005 ], [ -65.579324564429498, 59.764834685220144 ], [ -65.598015932306922, 59.734433589950612 ], [ -65.57351049180221, 59.560599506808423 ], [ -65.592233975688231, 59.527971898464656 ], [ -65.884612424471484, 59.365913096313129 ], [ -65.954906798333482, 59.311378998290472 ], [ -65.96690198356535, 59.265106876617153 ], [ -65.925579194851451, 59.156525016149978 ], [ -65.947353479269367, 58.989023640376949 ], [ -65.920705447558774, 58.96607564366974 ], [ -65.92842659271021, 58.955082801592276 ], [ -65.973903413184857, 58.93036806459898 ], [ -66.151446645645294, 58.877522365244033 ], [ -66.285773556245502, 58.866467397266014 ], [ -66.331261225428506, 58.885176081226533 ], [ -66.466164872042611, 58.885261860492491 ], [ -66.485377776643489, 58.878537862089544 ], [ -66.513376710207197, 58.833869698006637 ], [ -66.521971023070037, 58.757560599986213 ], [ -66.605176246162273, 58.655732369023305 ], [ -66.68407460672546, 58.599616510979352 ], [ -66.826581512374887, 58.531807312639422 ], [ -66.990063390800145, 58.509320265557179 ], [ -67.136728947738391, 58.465604062360129 ], [ -67.231730865223312, 58.409059621116846 ], [ -67.369978182219015, 58.35066203495407 ], [ -67.579536734585574, 58.267030301828051 ], [ -67.610911534087165, 58.266151889581828 ], [ -67.674005468220216, 58.283872355620346 ], [ -67.683538271514294, 58.359602005150236 ], [ -67.642920364712992, 58.441561694593616 ], [ -67.648440379008989, 58.461249510092109 ], [ -67.718964938848856, 58.523276205250937 ], [ -67.959311074375535, 58.594893034494277 ], [ -68.000000618160698, 58.600011162854223 ], [ -68.164152344582959, 58.59341914612893 ], [ -68.209612507393075, 58.601376612285058 ], [ -68.256568816951543, 58.641396125905679 ], [ -68.244282548331896, 58.805990386578507 ], [ -68.257524004205777, 58.836742168595961 ], [ -68.316167414645747, 58.884880991802035 ], [ -68.411721529550235, 58.925287870192705 ], [ -68.499999973874921, 58.945840560491263 ], [ -68.592518170845665, 58.952127908862209 ], [ -68.797518192976753, 58.947981997994731 ], [ -68.861933135371032, 58.955906636038705 ], [ -68.915186771172017, 58.983114604294897 ], [ -69.000001074853358, 59.054401131163495 ], [ -69.105117316012041, 59.171030491208079 ], [ -69.123332346437905, 59.185898960259202 ], [ -69.157099855184498, 59.183849989834961 ], [ -69.200846633607156, 59.225205430773741 ], [ -69.174675731440871, 59.239293717866353 ], [ -69.17750876347823, 59.265973975624277 ], [ -69.229707302569935, 59.35632895124175 ], [ -69.415859535371027, 59.448029554673312 ], [ -69.469459890675139, 59.495529509723816 ], [ -69.500001341294279, 59.578558465121205 ], [ -69.472798482505482, 59.640309990770078 ], [ -69.482639743924437, 59.706584047456857 ], [ -69.463674396248777, 59.808066117399328 ], [ -69.472143911878334, 59.847524629489655 ], [ -69.485073630729815, 59.885018935173505 ], [ -69.58609282420376, 59.984149401693998 ], [ -69.532027588488347, 60.093901893687885 ], [ -69.550871290451667, 60.136931774518693 ], [ -69.538011606833933, 60.210462289431646 ], [ -69.660660509460897, 60.323387071119541 ], [ -69.654244972470593, 60.360085627920697 ], [ -69.704561770935015, 60.425131245419259 ], [ -69.707515011597849, 60.463654823685168 ], [ -69.687538939900008, 60.499924335546005 ], [ -69.617542932233093, 60.561619887085619 ], [ -69.606012536560144, 60.590012244696055 ], [ -69.644990121606355, 60.655910709474391 ], [ -69.635043488154651, 60.681245345766641 ], [ -69.598718538551694, 60.70253485766434 ], [ -69.380175419370815, 60.766781158550678 ], [ -69.337855696816405, 60.788308085179359 ], [ -69.270919377392474, 60.85301301109839 ], [ -69.2697966857654, 60.875288432157461 ], [ -69.376460814812049, 60.948844473413104 ], [ -69.428346956157952, 61.000011578285132 ], [ -69.459833861476582, 61.05125085341755 ], [ -69.490638795109959, 61.071487810765852 ], [ -69.58950773779803, 61.088018012583845 ], [ -69.620379144614219, 61.083762573436942 ], [ -69.66490276565743, 61.063160376735617 ], [ -69.738464291571375, 60.94187591980333 ], [ -69.839957185553502, 60.893880477257078 ], [ -69.875823929131926, 60.85893534992384 ], [ -69.865132911837179, 60.83678575421785 ], [ -69.893674173259754, 60.816855254221736 ], [ -69.907768150809531, 60.816862968095037 ], [ -70.05039631614963, 60.878166104862743 ], [ -70.098453588788814, 60.984100042983293 ], [ -70.145926927634491, 61.010334425141103 ], [ -70.138694872895229, 61.026782227708928 ], [ -70.090584634284426, 61.058549688331105 ], [ -70.129410934661976, 61.0957004031929 ], [ -70.227132670690381, 61.090975097738472 ], [ -70.252497139804447, 61.102756446827726 ], [ -70.321482420403314, 61.105438825610079 ], [ -70.404423819965956, 61.09474410001269 ], [ -70.448949152574116, 61.072970073167518 ], [ -70.501018452930708, 61.076813250713961 ], [ -70.552592166981583, 61.061598017408436 ], [ -70.640529882711618, 61.058204700390611 ], [ -70.741610985104046, 61.09205892292632 ], [ -70.825630149457666, 61.081721762058883 ], [ -70.858151292298501, 61.086301203320261 ], [ -70.927958272732397, 61.118891406889844 ], [ -70.986634790867669, 61.135074264602672 ], [ -71.187433909831157, 61.152303232042783 ], [ -71.230144877577615, 61.174192794783885 ], [ -71.394366835891418, 61.183225203629327 ], [ -71.431808713608021, 61.227794099285035 ], [ -71.521163710167926, 61.238216512102106 ], [ -71.65222021584124, 61.305987000328159 ], [ -71.558151445082402, 61.402446067819184 ], [ -71.567824917635036, 61.422537109229232 ], [ -71.545293955038744, 61.549925054452864 ], [ -71.506795555948102, 61.571015852628285 ], [ -71.496457213549789, 61.587942797860869 ], [ -71.50489804894697, 61.617578505938695 ], [ -71.523365312137571, 61.629419831035953 ], [ -71.790675323028552, 61.694370614730914 ], [ -72.036262994480495, 61.731048292334833 ], [ -72.04733340331039, 61.747856388963719 ], [ -72.08262398632327, 61.744687291434239 ], [ -72.096494318667624, 61.750553096557596 ], [ -72.072535972571146, 61.757560402031636 ], [ -72.113125490238303, 61.768152592136147 ], [ -72.142610523343691, 61.762764208499981 ], [ -72.155938892931985, 61.745469398384621 ], [ -72.209785925018807, 61.743545995607036 ], [ -72.206527718115652, 61.755686215203291 ], [ -72.226090805989998, 61.757981902889597 ], [ -72.215494623331651, 61.770262104107921 ], [ -72.172743096315699, 61.774968303670839 ], [ -72.190154929867262, 61.784125322833994 ], [ -72.16629240460901, 61.794613702205517 ], [ -72.11226592288979, 61.797887704029918 ], [ -72.163266984306475, 61.827985986657083 ], [ -72.198302993229134, 61.836281199814707 ], [ -72.180307607966739, 61.839107492005333 ], [ -72.1802963162433, 61.853713290136056 ], [ -72.211106487121626, 61.875184609006027 ], [ -72.279237103765993, 61.890848796834405 ], [ -72.324554314506287, 61.884687790458003 ], [ -72.368246685671622, 61.896985403276211 ], [ -72.384982107529453, 61.887547107358301 ], [ -72.42310448009944, 61.905780100605242 ], [ -72.443841987477668, 61.898091498978687 ], [ -72.445004694123895, 61.91229839719967 ], [ -72.47348340752427, 61.925371688679405 ], [ -72.490901279771691, 61.930052191653601 ], [ -72.521126702021334, 61.92415119117512 ], [ -72.579917614191004, 61.951139110518866 ], [ -72.59425059567775, 61.975988712829377 ], [ -72.57558032984484, 61.982484393216303 ], [ -72.60108081037653, 61.98268769268514 ], [ -72.569513884409716, 62.013382873052691 ], [ -72.565169876943415, 62.072728496393765 ], [ -72.576671844557495, 62.097330815266794 ], [ -72.612702283922474, 62.123609921497859 ], [ -72.726920961830729, 62.153339993457472 ], [ -72.811179382032378, 62.144873220018887 ], [ -72.847579942903863, 62.148920996339342 ], [ -73.118066250848429, 62.242752238256891 ], [ -73.147792905506535, 62.258772559053142 ], [ -73.168624963501472, 62.312344470244668 ], [ -73.373766189655527, 62.376954296134848 ], [ -73.526279128028847, 62.405648055834867 ], [ -73.579409585618649, 62.432495385347735 ], [ -73.619411935531929, 62.472718805030063 ], [ -73.671350563672803, 62.490655542380651 ], [ -73.856500336125436, 62.472311264845878 ], [ -74.000000014966986, 62.378762185482024 ], [ -74.156106524754463, 62.362145519148683 ], [ -74.222433498450613, 62.344511653351645 ], [ -74.377413267943396, 62.279822317098912 ], [ -74.506539606322761, 62.266039232903729 ], [ -74.720313009783155, 62.265463172079734 ], [ -74.808488264555891, 62.250820676847383 ], [ -75.065493101019868, 62.280696496645724 ], [ -75.13453440621231, 62.298620600991448 ], [ -75.237359331231303, 62.306846581429035 ], [ -75.357520128734762, 62.326753260937821 ], [ -75.446384209598747, 62.313315507659816 ], [ -75.500000019066974, 62.291344736439868 ], [ -75.759111402350811, 62.318815865989571 ], [ -75.850403952189154, 62.334887314001342 ], [ -75.9014909126155, 62.35249297740998 ], [ -75.999999982929566, 62.359732491826023 ], [ -76.514003945077391, 62.459358341372983 ], [ -76.774911849125417, 62.529025825771612 ], [ -77.224492409918909, 62.562603710123156 ], [ -77.425503373811807, 62.59222868103064 ], [ -77.515493955883514, 62.593591404408201 ], [ -77.582528951006779, 62.547312723413519 ], [ -77.700645469949691, 62.515271503973146 ], [ -77.735033709185899, 62.477392851874114 ], [ -77.950224150985804, 62.430352745762129 ], [ -78.032529425067921, 62.368930867475129 ], [ -78.113922493916746, 62.368529014729894 ], [ -78.180553824819214, 62.327243114893577 ], [ -78.224022944321462, 62.262597454525434 ], [ -78.233120096204914, 62.21402944132975 ], [ -78.194327947050922, 62.100731265499903 ], [ -78.178227827034632, 61.989134359007394 ], [ -78.048261072024488, 61.734524549962572 ], [ -78.008781536278391, 61.686274952172049 ], [ -77.876087116924097, 61.610938920751806 ], [ -77.850758433430101, 61.567271361125734 ], [ -77.83202294102783, 61.504039350856623 ], [ -77.854693989595319, 61.453567021558172 ], [ -77.821227394916548, 61.383779180064018 ], [ -77.802311008882228, 61.286971390250791 ], [ -77.817962994356463, 61.238313588253398 ], [ -77.796359735829043, 61.210307991995684 ], [ -77.813780172215729, 61.176763913918961 ], [ -77.844739920450309, 61.152967173285091 ], [ -77.858627840456265, 61.072460585053669 ], [ -77.936614132696803, 61.047533984280768 ], [ -78.126064107962662, 60.92488691449622 ], [ -78.107286007559622, 60.908570499963091 ], [ -78.135665806087147, 60.896965400708673 ], [ -78.145936210770259, 60.876375102006378 ], [ -78.193664320587217, 60.859145712804413 ], [ -78.19950841671843, 60.851721690666778 ], [ -78.181706511302906, 60.850558811854967 ], [ -78.226205219214592, 60.810968913691426 ], [ -78.172003273806439, 60.819614710971848 ], [ -78.225670082576812, 60.800876310006899 ], [ -78.180528197629698, 60.810392595481687 ], [ -78.183341278069392, 60.802310907231259 ], [ -78.206155018203248, 60.800137911890147 ], [ -78.226846021107477, 60.784318696717513 ], [ -78.220661795549645, 60.779280907722558 ], [ -78.19123781983042, 60.784514609338729 ], [ -78.073411007507005, 60.81640350248513 ], [ -78.092604700191103, 60.793337010949173 ], [ -78.064648582018663, 60.793621116134894 ], [ -77.870647807761316, 60.665271573910097 ], [ -77.878215990940262, 60.648671110434485 ], [ -77.85529377010198, 60.627559451155648 ], [ -77.903133492072229, 60.611100396417577 ], [ -77.911077290605519, 60.580600971764738 ], [ -77.866620721900205, 60.554863597013068 ], [ -77.76281529914958, 60.461071936929592 ], [ -77.795556837193573, 60.388186030304951 ], [ -77.658048580485115, 60.320092892657335 ], [ -77.644845750823549, 60.304740693099752 ], [ -77.654781901726437, 60.238339958419253 ], [ -77.567251330243025, 60.156171284499344 ], [ -77.589574241829794, 60.133781118745553 ], [ -77.616519163760543, 60.130393189321119 ], [ -77.65800782342572, 60.099255716151255 ], [ -77.658261414689562, 60.08784803579276 ], [ -77.629958576764423, 60.074444897681531 ], [ -77.654257286637929, 60.063947744605166 ], [ -77.655747509323135, 60.049533484861215 ], [ -77.583797849396134, 60.015736427093998 ], [ -77.49999998487057, 59.936064720162079 ], [ -77.470186331611089, 59.890261027296837 ], [ -77.493396668949799, 59.880227785275501 ], [ -77.597319394186584, 59.757744603695471 ], [ -77.692782438051296, 59.76784750140888 ], [ -77.745482330042606, 59.765844857338934 ], [ -77.831578331884643, 59.742878708474429 ], [ -77.854507057249648, 59.729202925999807 ], [ -77.876395603398223, 59.704395991958087 ], [ -77.888125769046326, 59.618709455816436 ], [ -77.863066719780591, 59.570325355066146 ], [ -77.86906193744646, 59.554490361344548 ], [ -77.994247776030591, 59.43135229581204 ], [ -78.000004915129779, 59.404339727942812 ], [ -77.936987072427314, 59.354185962128589 ], [ -77.939124857448292, 59.343267741407232 ], [ -78.038622435437503, 59.28231516456308 ], [ -78.048844230741608, 59.267947421996503 ], [ -78.031767079008915, 59.245540419937278 ], [ -78.038234669393148, 59.236761551683315 ], [ -78.131327154080338, 59.225327365148189 ], [ -78.19943630645885, 59.193526502813313 ], [ -78.190070567337514, 59.176128474315462 ], [ -78.236943055823303, 59.124880409925304 ], [ -78.27700351310169, 59.112341408104641 ], [ -78.297021931952614, 59.073308260673087 ], [ -78.348000896055225, 59.059224736604776 ], [ -78.337726366813328, 59.046306303330788 ], [ -78.474896847798703, 58.976455128673635 ], [ -78.540608989556645, 58.953368354483828 ], [ -78.550127280598971, 58.91594389142756 ], [ -78.568453602394825, 58.922561107608757 ], [ -78.578784108367358, 58.917104711961912 ], [ -78.580273622043492, 58.89818429793646 ], [ -78.555448015358863, 58.896267909290302 ], [ -78.569691896310985, 58.880751891120923 ], [ -78.559846749922897, 58.863210278619576 ], [ -78.649026585185013, 58.8228092237742 ], [ -78.650857805852468, 58.81251715199182 ], [ -78.621578197474847, 58.786327463177166 ], [ -78.639519852653621, 58.774798401298213 ], [ -78.64318684547348, 58.739558339789859 ], [ -78.618429588287299, 58.721260197734274 ], [ -78.608868644116981, 58.669008167790324 ], [ -78.622633379296815, 58.614017002720288 ], [ -78.607040705837619, 58.596686742223305 ], [ -78.141936867355966, 58.429434165029939 ], [ -78.075581056014499, 58.391553916097536 ], [ -78.046294942224435, 58.363603818123117 ], [ -77.807869021646042, 58.298712724226981 ], [ -77.645618465517757, 58.23565392146584 ], [ -77.535018426221143, 58.184278570002562 ], [ -77.52969884405195, 58.170904789874463 ], [ -77.543660230472469, 58.158862576000502 ], [ -77.454117361194363, 58.134653369973201 ], [ -77.387272799881202, 58.090515280836073 ], [ -77.344133866064027, 58.084220859006265 ], [ -77.236089548630929, 58.027161174720653 ], [ -77.191822857447264, 58.018310448258219 ], [ -77.212824099733595, 57.997063883332011 ], [ -77.027581985197344, 57.832688338875784 ], [ -76.904867757497328, 57.705407046145339 ], [ -76.888821206879257, 57.63496198093042 ], [ -76.820979856310615, 57.539309575766488 ], [ -76.802189606685303, 57.490788649817709 ], [ -76.716259462805453, 57.404193935797423 ], [ -76.634126889869918, 57.259885118274319 ], [ -76.577184247685281, 57.094677885483279 ], [ -76.582782304417634, 57.030218366426688 ], [ -76.575806509575273, 57.000000305061249 ], [ -76.559164578489884, 56.988055395636621 ], [ -76.569601011800529, 56.975929815315247 ], [ -76.569261691973296, 56.924234291599483 ], [ -76.542663168199397, 56.909782091941558 ], [ -76.552275891919038, 56.895216190360159 ], [ -76.536110475325998, 56.789442715291727 ], [ -76.518933687575284, 56.786548414200318 ], [ -76.534023453109157, 56.786213306345395 ], [ -76.537232079273181, 56.773349516039808 ], [ -76.529983002887448, 56.722956591963623 ], [ -76.540394399076277, 56.658611402391749 ], [ -76.53010668968318, 56.643972798585963 ], [ -76.549202022149771, 56.602884102249597 ], [ -76.534064577083313, 56.596747100956101 ], [ -76.557880187625301, 56.555447396510615 ], [ -76.541232679234597, 56.535849192513233 ], [ -76.556421811744713, 56.518453479440275 ], [ -76.544143702785263, 56.50130988942373 ], [ -76.552872277622996, 56.477329888896762 ], [ -76.518624668671208, 56.45889828508313 ], [ -76.522747175842611, 56.427342693137064 ], [ -76.540017330828562, 56.405425027089308 ], [ -76.52720720414608, 56.379513209130515 ], [ -76.540073315665481, 56.35859652230473 ], [ -76.55946993547974, 56.349582913694846 ], [ -76.542577813312931, 56.343189499298539 ], [ -76.557135401548422, 56.287640299715214 ], [ -76.626223825184525, 56.237684910484361 ], [ -76.614786722143208, 56.202901596622013 ], [ -76.625719014567608, 56.194159486882661 ], [ -76.641473335118093, 56.195926008546884 ], [ -76.6656972043656, 56.195202903545322 ], [ -76.670697930198273, 56.19380809079275 ], [ -76.641085135475663, 56.190269299194647 ], [ -76.650886819200991, 56.189631794506738 ], [ -76.659652274801232, 56.165019104619496 ], [ -76.64167434715732, 56.146721819214164 ], [ -76.649024305588895, 56.124865108098163 ], [ -76.686529477589531, 56.086621404138626 ], [ -76.690713214009435, 56.048042914322167 ], [ -76.728439796886221, 56.01693920979821 ], [ -76.798492315940706, 56.001062793029284 ], [ -76.808078816674509, 55.958111103917354 ], [ -76.830186923004774, 55.929854497130606 ], [ -76.882066914251013, 55.913557513474139 ], [ -76.894334393592928, 55.891743308913902 ], [ -76.961180201472757, 55.847767007188096 ], [ -76.956444480353028, 55.835438291353007 ], [ -76.978201376063552, 55.828629899416434 ], [ -76.962131522967411, 55.822278495705469 ], [ -76.993908705286856, 55.82319729691406 ], [ -76.999999983227312, 55.805183002030731 ], [ -77.077102506761307, 55.752793591822872 ], [ -77.067089584801366, 55.748049505657114 ], [ -77.092749079492108, 55.74486389753482 ], [ -77.107740275480268, 55.726172706633918 ], [ -77.197553181630951, 55.667658507494849 ], [ -77.110373093100407, 55.704245707196634 ], [ -77.106211384127349, 55.71947969765818 ], [ -77.080452801622243, 55.720897907833191 ], [ -77.11649248013677, 55.680846607641342 ], [ -77.115288590798144, 55.667306612300777 ], [ -77.166860117865724, 55.652285491323759 ], [ -77.163422318590861, 55.645351498242896 ], [ -77.200847308674298, 55.611714713636211 ], [ -77.233849588849594, 55.600499587168777 ], [ -77.228580786454216, 55.594407407582075 ], [ -77.228715786618949, 55.590117993001748 ], [ -77.304929016054103, 55.560442306333037 ], [ -77.299711806527455, 55.555440608984583 ], [ -77.326975184802421, 55.533016408877401 ], [ -77.349807497834959, 55.529586998346076 ], [ -77.336201888446539, 55.524023111681288 ], [ -77.420006796888018, 55.491526990814776 ], [ -77.427609576447395, 55.478688505464639 ], [ -77.457473416549036, 55.467669989105914 ], [ -77.48984739011162, 55.438306411101095 ], [ -77.545446783515033, 55.408800689258634 ], [ -77.552578511937597, 55.395938207800249 ], [ -77.580114594325948, 55.382715009558247 ], [ -77.604426595747938, 55.38606750972734 ], [ -77.632440618864678, 55.375272390819106 ], [ -77.624672880494657, 55.384130794640967 ], [ -77.673663912386104, 55.358450306271024 ], [ -77.690876405451121, 55.340495998194861 ], [ -77.745359624038585, 55.312747893715496 ], [ -77.746649007494, 55.301007490946937 ], [ -77.788813301440015, 55.268971210351012 ], [ -77.848637384173003, 55.257411894596103 ], [ -77.888438673909889, 55.232326106291971 ], [ -77.899902603442527, 55.234483304036786 ], [ -77.913958104720322, 55.218594601045538 ], [ -77.971233180123335, 55.205829000650411 ], [ -78.033512282337782, 55.175315598037628 ], [ -78.10957900908619, 55.154917093991699 ], [ -78.128021897964075, 55.139697305035476 ], [ -78.123979314174591, 55.150210802831033 ], [ -78.160800017426908, 55.12746449585724 ], [ -78.181172615453434, 55.121148111573007 ], [ -78.165662019282991, 55.129614595958351 ], [ -78.181730294063598, 55.126766394901878 ], [ -78.205416010962409, 55.106150496386462 ], [ -78.230631198062568, 55.098283287337274 ], [ -78.225966003669626, 55.093681206269316 ], [ -78.24653939760482, 55.090414909609734 ], [ -78.244878809392844, 55.083395113293207 ], [ -78.256242880374842, 55.080780107334725 ], [ -78.260551207155999, 55.086567701495049 ], [ -78.274184492366373, 55.079995910113567 ], [ -78.263800402176471, 55.076655999120909 ], [ -78.270325617407764, 55.067260494447915 ], [ -78.316573315476248, 55.042015889937858 ], [ -78.40685791070473, 55.016163390986868 ], [ -78.426352719916579, 55.020497589922606 ], [ -78.471613119428511, 55.001062495162188 ], [ -78.488401583640538, 55.004214193359296 ], [ -78.552408806234624, 54.990608507012553 ], [ -78.546107713934845, 54.981107192960941 ], [ -78.580546405102851, 54.960254112133747 ], [ -78.59047869414637, 54.966118303652024 ], [ -78.679385590578065, 54.933792206212168 ], [ -78.713690390257511, 54.9338586046741 ], [ -78.768514295742079, 54.908284601658487 ], [ -78.814245693385203, 54.90590640139542 ], [ -78.833608407327048, 54.912693812870742 ], [ -78.853425199872817, 54.898473802927448 ], [ -78.869509396938767, 54.900801698402937 ], [ -78.882807908361926, 54.890598413985543 ], [ -78.892912580447643, 54.895056300390237 ], [ -78.891081818107281, 54.883862194447886 ], [ -78.944151313153512, 54.870808790294852 ], [ -78.93579188952252, 54.869782406044244 ], [ -78.939747299431914, 54.854272691670289 ], [ -78.980169705711248, 54.832920596852532 ], [ -79.010379786210081, 54.838206504823951 ], [ -79.042930813784039, 54.823779810696301 ], [ -79.094952010629228, 54.819882395583384 ], [ -79.164556999289047, 54.800621888784555 ], [ -79.227219190829032, 54.797560791861343 ], [ -79.342056284215545, 54.757845701246488 ], [ -79.369294780385673, 54.755903597573763 ], [ -79.388617491420902, 54.764242207410597 ], [ -79.435276514276879, 54.740439406178901 ], [ -79.456064975438977, 54.738649809616753 ], [ -79.46431621559681, 54.742235304152643 ], [ -79.44944688389208, 54.759216702320948 ], [ -79.480363105659606, 54.735928907420082 ], [ -79.533474679419712, 54.72101450950386 ], [ -79.563357291764802, 54.723377998678053 ], [ -79.599753712323363, 54.699982198135302 ], [ -79.616377093846324, 54.696025591120986 ], [ -79.621681711502589, 54.701259708380263 ], [ -79.620153507909507, 54.692315011026039 ], [ -79.644351808020858, 54.68215319480381 ], [ -79.650048984645409, 54.686160006292901 ], [ -79.675883777781863, 54.661520198126993 ], [ -79.67983961506151, 54.66123569202599 ], [ -79.677161397964753, 54.665216207385441 ], [ -79.681478477011453, 54.666151209656825 ], [ -79.692374009960886, 54.655427002691205 ], [ -79.715749591372315, 54.654012489374786 ], [ -79.731386884440013, 54.635172903340532 ], [ -79.747611124276318, 54.640168689827938 ], [ -79.744128221568502, 54.6486219020886 ], [ -79.749593805031878, 54.647946491275064 ], [ -79.751439006926816, 54.634938494970463 ], [ -79.770034506367992, 54.627646853243078 ], [ -79.763559576064722, 54.612394638086606 ], [ -79.740960565729097, 54.607046555274081 ], [ -79.738946395459038, 54.58683931409756 ], [ -79.668903398405163, 54.550246533057162 ], [ -79.593317265969716, 54.475204107797744 ], [ -79.544792763197734, 54.463531815953985 ], [ -79.509931814431809, 54.424370717159533 ], [ -79.51562616409818, 54.365692529896783 ], [ -79.492394562420415, 54.352557070171606 ], [ -79.485124093495685, 54.307922657990396 ], [ -79.515759736175127, 54.142549827341789 ], [ -79.414366846924594, 54.10727410515166 ], [ -79.402327007606402, 54.090960122467834 ], [ -79.348647228225914, 54.073490078273394 ], [ -79.188151936189911, 54.039431833786303 ], [ -78.963641080821304, 54.005017409500098 ], [ -78.963882894014901, 53.993443191948018 ], [ -78.9823294065082, 53.99067699069937 ], [ -79.001976183646121, 53.997039294245354 ], [ -79.06732131377818, 53.996039490252166 ], [ -79.068469312516541, 53.988642005777166 ], [ -79.055190800816106, 53.985696192601843 ], [ -79.07451379203232, 53.982086612167684 ], [ -79.05282201721684, 53.977673511168391 ], [ -79.102543394283757, 53.969623089904822 ], [ -79.037967103829502, 53.966519794763364 ], [ -79.041782882536523, 53.95501900080928 ], [ -79.034261518537704, 53.955258311308462 ], [ -79.038065588744445, 53.953825386266686 ], [ -79.028062192833275, 53.954405487666072 ], [ -79.026665583025078, 53.953279590616816 ], [ -79.106927818474645, 53.94970658869201 ], [ -79.040218784958228, 53.934673003212353 ], [ -79.115482691102841, 53.948213602088451 ], [ -79.133317004107525, 53.943506598890039 ], [ -79.147629501619136, 53.951282611081822 ], [ -79.155007599925383, 53.948215395171054 ], [ -79.148323684235791, 53.945082289107773 ], [ -79.098658815902681, 53.939573188893085 ], [ -79.095052196473375, 53.931593000086878 ], [ -79.067785094048077, 53.923454502178231 ], [ -79.042441403187425, 53.925619491715047 ], [ -79.001776009456535, 53.915848690582934 ], [ -79.017120500625879, 53.907446191097037 ], [ -78.985174104742228, 53.899920691055264 ], [ -79.005208516203126, 53.889942190579987 ], [ -79.03641439936473, 53.893862111133728 ], [ -79.03354849595739, 53.904617901172941 ], [ -79.075881295567854, 53.895221688794102 ], [ -79.103300384977501, 53.902667100672893 ], [ -79.101264305627481, 53.893275012439325 ], [ -79.114426307758208, 53.891724989186692 ], [ -79.06778071807895, 53.884892800908226 ], [ -79.097254409245238, 53.880296206465736 ], [ -79.057163896717327, 53.874012703666466 ], [ -79.071864814743748, 53.871259498680402 ], [ -79.069818400609904, 53.860366111691562 ], [ -79.077670404196951, 53.871147310460266 ], [ -79.084149617625712, 53.862692405740617 ], [ -79.059025119285536, 53.841184204759884 ], [ -79.064903314891239, 53.82167070065276 ], [ -79.044006318962531, 53.809569902307238 ], [ -79.056227790848595, 53.802262703228806 ], [ -79.062151994396672, 53.800748003129655 ], [ -79.051873188823706, 53.806955395690352 ], [ -79.067568291793251, 53.807552401624939 ], [ -79.082898581416302, 53.786542311141652 ], [ -79.036473413050103, 53.785384503829228 ], [ -79.046307594054838, 53.768209090870926 ], [ -79.087590516225049, 53.76229743780889 ], [ -79.080591773215843, 53.735350399118992 ], [ -79.090598578672029, 53.713830520967257 ], [ -79.143230175942293, 53.716021712573877 ], [ -79.158237544574064, 53.708565413224498 ], [ -79.159220166028959, 53.694123390086524 ], [ -79.133877615645645, 53.685667876308393 ], [ -79.081056480977296, 53.689018340344461 ], [ -79.052578023400585, 53.680034266452786 ], [ -79.070439179606694, 53.665327650279536 ], [ -79.071686881082442, 53.639746707206022 ], [ -79.050393397676956, 53.62297421848875 ], [ -79.065924920194604, 53.614020536210681 ], [ -79.076748232986191, 53.588612760632437 ], [ -79.029254689908313, 53.569752727142721 ], [ -79.044722930521615, 53.554869635320202 ], [ -79.033729839863753, 53.553428455997754 ], [ -79.033774170200843, 53.534709080653833 ], [ -79.103768159242762, 53.518564136235412 ], [ -79.138578280232153, 53.500474759164966 ], [ -79.107788384531716, 53.485284293759918 ], [ -79.12164375474056, 53.472405852435038 ], [ -79.083883490563167, 53.451645158153966 ], [ -79.070124700685085, 53.426835399132052 ], [ -79.042329341033906, 53.436782771801539 ], [ -79.040496635396082, 53.424525446512781 ], [ -79.06323046541884, 53.405539843677474 ], [ -79.043916160105624, 53.399759652698265 ], [ -79.022081561381995, 53.403906598069952 ], [ -78.993336347489702, 53.388589844581475 ], [ -78.988578225089938, 53.351372081790188 ], [ -79.003280744341609, 53.340306890517247 ], [ -79.003801594020445, 53.323932795946128 ], [ -78.959546322712484, 53.316799051924797 ], [ -78.966594666983269, 53.283645928803864 ], [ -78.99022094490158, 53.270450846050643 ], [ -78.931414344890058, 53.259318889247702 ], [ -78.928139600200524, 53.251944350845797 ], [ -78.9538431824284, 53.232356164099691 ], [ -78.935685633726692, 53.237400614266306 ], [ -78.908604440055612, 53.227687481811913 ], [ -78.909444673336864, 53.218499159571948 ], [ -78.926825163746742, 53.223633876660102 ], [ -78.944840636996446, 53.211445710133127 ], [ -78.915338268249243, 53.198555204114122 ], [ -78.960081717486304, 53.188763765304941 ], [ -78.976959135366911, 53.169946954666216 ], [ -78.944719896176437, 53.160903379614545 ], [ -78.954073292224066, 53.146457836824794 ], [ -78.946580766047504, 53.140180787090067 ], [ -78.976971424722194, 53.123255198900331 ], [ -78.957919495623329, 53.12235434224273 ], [ -78.973117756800889, 53.106911683179106 ], [ -78.959499166405095, 53.106792797734961 ], [ -78.973288247302577, 53.082332779252482 ], [ -78.993481697705747, 53.072021679589696 ], [ -78.986768315511114, 53.043652033733643 ], [ -78.997479422580511, 53.013496036171063 ], [ -78.96555685136056, 52.992363208131657 ], [ -78.931000324101177, 52.981633816127548 ], [ -78.900282962383287, 52.985757180403688 ], [ -78.871451549144439, 52.976560580856464 ], [ -78.84380860933021, 52.979506811948298 ], [ -78.834811211129193, 52.968448033371722 ], [ -78.923218885880601, 52.911845320170492 ], [ -78.900074414367154, 52.899244133713928 ], [ -78.883655412649986, 52.900196716084814 ], [ -78.897282906040388, 52.883370683793714 ], [ -78.872059564015629, 52.869348923774062 ], [ -78.870344913605194, 52.857882753239586 ], [ -78.84442853766835, 52.858326628526221 ], [ -78.831913059731974, 52.849998499785762 ], [ -78.767443846203818, 52.851732810137591 ], [ -78.758488240987305, 52.844139820745696 ], [ -78.803025394214302, 52.810431352355586 ], [ -78.769809495889604, 52.783340313776804 ], [ -78.838679901379933, 52.781726052361279 ], [ -78.846972460631392, 52.764895090194777 ], [ -78.880389595337434, 52.74092188344941 ], [ -78.792693796679629, 52.712676787514752 ], [ -78.789306163131158, 52.706061233450626 ], [ -78.832949169269668, 52.704288040275109 ], [ -78.829436752983156, 52.676428973556455 ], [ -78.750744011933222, 52.679428775855854 ], [ -78.731343323646726, 52.669369992140453 ], [ -78.757197638083966, 52.653508655321644 ], [ -78.782828547560086, 52.657123244641838 ], [ -78.816358028853969, 52.640544177035629 ], [ -78.805544971698083, 52.623238669521278 ], [ -78.785707259123996, 52.615224433582078 ], [ -78.75140272785805, 52.618370450498766 ], [ -78.738497779352386, 52.612425927229921 ], [ -78.729570042758894, 52.584444111612626 ], [ -78.769670736366152, 52.56282638367 ], [ -78.771268828478711, 52.538880990744701 ], [ -78.75003655723053, 52.537591011604768 ], [ -78.722394591978016, 52.513011216149131 ], [ -78.684900380418355, 52.517542702042221 ], [ -78.670616944274755, 52.50637473353008 ], [ -78.594930600070796, 52.502123019367872 ], [ -78.620254228477563, 52.483234668323128 ], [ -78.626488839069907, 52.454559370337087 ], [ -78.566320635180702, 52.445304577280211 ], [ -78.557433523761233, 52.43792901345612 ], [ -78.545786344687485, 52.358341695525894 ], [ -78.521438175842832, 52.332117039666166 ], [ -78.532756569585786, 52.317585288149964 ], [ -78.58418671838065, 52.289708448914872 ], [ -78.589630040924519, 52.147059865652849 ], [ -78.680775785687914, 52.072227883913662 ], [ -78.725162508626482, 52.052664207300417 ], [ -78.747484111381453, 52.031897708508623 ], [ -78.75473965900413, 51.996441237477931 ], [ -78.770950999820911, 51.980727727525313 ], [ -78.847359642719653, 51.947081213783477 ], [ -78.875168770861791, 51.960367091038286 ], [ -78.892342013584809, 51.959495845445048 ], [ -78.925523564746754, 51.842269953035078 ], [ -79.043093206835238, 51.784949326235292 ], [ -79.059264620097807, 51.768078280759795 ], [ -79.057912661668041, 51.750054280175846 ], [ -79.02300048803707, 51.723524479829521 ], [ -79.010848078969218, 51.698755206175356 ], [ -78.966330826775206, 51.672416103922195 ], [ -78.945439842891915, 51.645817546835154 ], [ -78.880770326762473, 51.613191755721424 ], [ -78.859605274411777, 51.587485637773163 ], [ -78.842396134135555, 51.503898379814771 ], [ -78.826127314919802, 51.492056345721288 ], [ -78.822991415503125, 51.4693373625256 ], [ -78.853330074842603, 51.451832758168464 ], [ -78.960186662421066, 51.45895051998891 ], [ -79.029833529308235, 51.526413536612331 ], [ -79.127211235851746, 51.566198764849261 ], [ -79.169305598534535, 51.597324800098669 ], [ -79.182752726677421, 51.630726550189912 ], [ -79.268604187033802, 51.687572879015768 ], [ -79.371565724236589, 51.692712585855858 ], [ -79.465170308706959, 51.66920042899887 ], [ -79.543395851095369, 51.629093229025571 ], [ -79.581355460452471, 51.592967023726189 ], [ -79.582695251035545, 51.530099442075198 ], [ -79.524330636191848, 51.47133183851254 ], [ -79.527651915357794, 51.462176309296773 ], [ -79.579120303911793, 51.473568796340189 ], [ -79.579223883057381, 51.450530387574155 ], [ -79.605746716245946, 51.438793903111005 ], [ -79.614657105387849, 51.415503905790658 ], [ -79.631311085975057, 51.419855199623257 ], [ -79.640830598816564, 51.405811609296308 ], [ -79.681237112290461, 51.408217509206629 ], [ -79.688902801762978, 51.379409509006962 ], [ -79.676707502585629, 51.338394900298674 ], [ -79.699587403200042, 51.360029498144812 ], [ -79.712245483331884, 51.346432590876802 ], [ -79.711747993478227, 51.382738798226448 ], [ -79.732273816346051, 51.371333912017448 ], [ -79.725277388737254, 51.356476807118746 ], [ -79.740646917820925, 51.352084606732646 ], [ -79.74545849039265, 51.329193593019355 ], [ -79.693700706420714, 51.298561992616058 ], [ -79.693565808818235, 51.266887510344183 ], [ -79.673320504177084, 51.253027491922069 ], [ -79.725079998893506, 51.238052707372802 ], [ -79.767745797198728, 51.189421190794398 ], [ -79.766579593208988, 51.187610205500334 ], [ -79.762898208260196, 51.186886597886648 ], [ -79.762371414846385, 51.185798500418812 ], [ -79.772070994238177, 51.188182205118792 ], [ -79.786209213404106, 51.171558905978479 ], [ -79.772565413828318, 51.156419989349828 ], [ -79.784034594930333, 51.152426305985038 ], [ -79.792760704015976, 51.160515309543385 ], [ -79.871020280037257, 51.167545009114832 ], [ -79.924352017061636, 51.192193399918359 ], [ -79.994622006364978, 51.248954390795546 ], [ -80.054556298236932, 51.258014003466364 ], [ -80.11296429998832, 51.290703805483588 ], [ -80.209608304876838, 51.296289397621479 ], [ -80.277153296588452, 51.311060609313813 ], [ -80.292549920709106, 51.30709489468645 ], [ -80.29000641226564, 51.312520707470277 ], [ -80.315306291871423, 51.315496801574007 ], [ -80.32267061699352, 51.324942493459638 ], [ -80.385139602489602, 51.338668897202808 ], [ -80.396546907485174, 51.329327198689526 ], [ -80.418040803112049, 51.344376988906291 ], [ -80.403446781050107, 51.35353821700469 ], [ -80.415962041650516, 51.372954311239226 ], [ -80.40717361090114, 51.401646459916712 ], [ -80.434149594990885, 51.402730388459062 ], [ -80.427259989374022, 51.450195410232233 ], [ -80.436240288463054, 51.474381006635518 ], [ -80.447669800635708, 51.493511892376404 ], [ -80.483465284285927, 51.507469599766523 ], [ -80.512631789532719, 51.547640395781968 ], [ -80.569304416932283, 51.673225394471586 ], [ -80.570380719327801, 51.708090094930526 ], [ -80.640885315082798, 51.762640400895492 ], [ -80.65708940460857, 51.792774894087842 ], [ -80.686470413059112, 51.798169698052 ], [ -80.687994408421616, 51.847912601761777 ], [ -80.694855208043307, 51.821075896287397 ], [ -80.718792195419809, 51.819447289377543 ], [ -80.739890099528068, 51.846268710858332 ], [ -80.744052207033022, 51.840189208909983 ], [ -80.753130519977972, 51.843584394221857 ], [ -80.751857589214168, 51.858284887878327 ], [ -80.756527516286909, 51.850944797470362 ], [ -80.787362883155083, 51.858445304934186 ], [ -80.793355209841295, 51.887938009161701 ], [ -80.821830514844166, 51.876871906084673 ], [ -80.850367406575273, 51.889249695103885 ], [ -80.858135985663495, 51.882070093395235 ], [ -80.866716490616895, 51.893547294161223 ], [ -80.883415221994881, 51.894418598048951 ], [ -80.882708687908874, 51.903079392736615 ], [ -80.916101599810204, 51.9237074919658 ], [ -80.946193709088249, 51.969293201502119 ], [ -80.973101315260053, 51.989534897273231 ], [ -80.972319200532667, 52.001695201475542 ], [ -80.989578202230362, 52.014441889740468 ], [ -81.032739996988624, 52.018682512141908 ], [ -81.04606801264552, 52.036608603169462 ], [ -81.072129112690675, 52.036149710045727 ], [ -81.079519312675927, 52.058922207745184 ], [ -81.108475589300497, 52.05154398931947 ], [ -81.110111609529355, 52.036935090380496 ], [ -81.116143596906767, 52.0458372894795 ], [ -81.116832888317404, 52.041781494563836 ], [ -81.121796808838241, 52.038803399500019 ], [ -81.118240206240827, 52.045798305430367 ], [ -81.144863114805943, 52.039777396312928 ], [ -81.17767811521658, 52.056373011775243 ], [ -81.263378513947288, 52.074714407204716 ], [ -81.254236597973019, 52.074529193878803 ], [ -81.325063384227363, 52.098861310295312 ], [ -81.344402602817411, 52.096996494699319 ], [ -81.339933203138386, 52.103519589965238 ], [ -81.365663300060802, 52.105661109513754 ], [ -81.359903185363805, 52.110803002944238 ], [ -81.388794085953165, 52.121116500430972 ], [ -81.383817496433565, 52.130930496752875 ], [ -81.412195481228437, 52.140394898453273 ], [ -81.403162679565071, 52.145865306656916 ], [ -81.424771602675548, 52.144657376576447 ], [ -81.40526699811555, 52.156737705043994 ], [ -81.45372449633021, 52.2069426068187 ], [ -81.499999999502094, 52.226933994120586 ], [ -81.50000000322369, 52.23855598888678 ], [ -81.445451998143497, 52.227594489885711 ], [ -81.436393018895913, 52.231681995432574 ], [ -81.448878616494596, 52.23097911390159 ], [ -81.458159625283031, 52.249657590580874 ], [ -81.500545447651234, 52.282843697864202 ], [ -81.561483071547201, 52.295489298835527 ], [ -81.505946701657834, 52.324821193339176 ], [ -81.545338688113162, 52.369108591019028 ], [ -81.524859493194938, 52.422597099062862 ], [ -81.531979281132948, 52.442593994424634 ], [ -81.637614784198476, 52.49226510327577 ], [ -81.761088320823177, 52.607139492372447 ], [ -81.881900203289987, 52.668024389112134 ], [ -81.918610406778043, 52.705088299118565 ], [ -81.937442691948988, 52.768236603893527 ], [ -82.000000022332244, 52.764991989565694 ], [ -81.943393003755716, 52.777208487653034 ], [ -82.107323496067323, 52.889694309035441 ], [ -82.126958013789618, 52.898556910321034 ], [ -82.160862485475675, 52.889270007859764 ], [ -82.15943278962655, 52.902488102785377 ], [ -82.235881291030026, 52.92596188921317 ], [ -82.25021181211703, 52.956664490192679 ], [ -82.292800694423661, 52.956787986514868 ], [ -82.284353786434323, 52.968570799913898 ], [ -82.257577395943699, 52.973666102277207 ], [ -82.2645194142641, 52.995244296678486 ], [ -82.281189020387572, 53.000000000263014 ], [ -82.28542078845669, 53.063203886353705 ], [ -82.272997710597608, 53.11303569008021 ], [ -82.281186007286834, 53.085240703805866 ], [ -82.286321090462465, 53.08870268730653 ], [ -82.258947707223115, 53.170936408148435 ], [ -82.221575082923209, 53.199965890100323 ], [ -82.215979208751534, 53.216778487116763 ], [ -82.112589382033519, 53.264986897074479 ], [ -82.108065793637437, 53.274108687361746 ], [ -82.16585298386606, 53.472438908087078 ], [ -82.206749795134073, 53.525953191996983 ], [ -82.19864659727331, 53.52958638750593 ], [ -82.208918183088556, 53.542770604511539 ], [ -82.201722724121467, 53.571590089868053 ], [ -82.214766826279899, 53.590724926655234 ], [ -82.200629407045469, 53.656407290982358 ], [ -82.161636209859992, 53.724960797998733 ], [ -82.120270094512534, 53.77234761120684 ], [ -82.123946594529556, 53.826530809753265 ], [ -82.192054488978812, 53.949763811277052 ], [ -82.182429186607422, 53.961039101455739 ], [ -82.196634187738411, 53.96388659535716 ], [ -82.195392689790296, 53.972452688444648 ], [ -82.187108721294251, 53.976694491627953 ], [ -82.185409582309816, 53.971922311111364 ], [ -82.185969378606956, 53.979754796529349 ], [ -82.243750980019655, 54.05110310928503 ], [ -82.295690018993866, 54.098445414360405 ], [ -82.308614715757358, 54.10540730305388 ], [ -82.32294222286508, 54.102578988678026 ], [ -82.320408202246995, 54.112810912952952 ], [ -82.347066789486888, 54.128601091077719 ], [ -82.358403084907337, 54.125068096554784 ], [ -82.349036686287633, 54.131369510361736 ], [ -82.375020880960307, 54.144283990581201 ], [ -82.368134682078477, 54.148950993167297 ], [ -82.384652380044997, 54.171797292499647 ], [ -82.408414002872476, 54.19304090938904 ], [ -82.430553283873195, 54.199398585791776 ], [ -82.421142321119277, 54.204071809780871 ], [ -82.436302302921476, 54.205115303618442 ], [ -82.418672898096972, 54.229525297178135 ], [ -82.438146478194994, 54.255279605194858 ], [ -82.4219337996702, 54.336301107830458 ], [ -82.446976294197313, 54.359535304706874 ], [ -82.416882599797844, 54.354655189558862 ], [ -82.410606594291522, 54.360148695580861 ], [ -82.346504002899223, 54.495928692652583 ], [ -82.322336088164249, 54.503959107393499 ], [ -82.30671910674954, 54.58461190381248 ], [ -82.284559890122125, 54.627040490585031 ], [ -82.288368100054754, 54.654426498487325 ], [ -82.248024196869181, 54.730777112018849 ], [ -82.213272409655275, 54.760415612130082 ], [ -82.195360197781298, 54.804312392158273 ], [ -82.196816485454789, 54.842258909099698 ], [ -82.215553780400001, 54.880053888583703 ], [ -82.224332816407411, 54.879739613036847 ], [ -82.215760500055538, 54.877864198723742 ], [ -82.210682193812644, 54.869635404423654 ], [ -82.228898404727161, 54.864694601442494 ], [ -82.228710888792179, 54.870641490550348 ], [ -82.235534507301139, 54.862914108163793 ], [ -82.261938018608916, 54.895925594718292 ], [ -82.255650987365414, 54.915515891641235 ], [ -82.234422414630586, 54.912581702915062 ], [ -82.246243406233461, 54.903756402877868 ], [ -82.250584089614051, 54.89654900398525 ], [ -82.228896003104978, 54.915969592433449 ], [ -82.238767506461556, 54.90573910622431 ], [ -82.223620522114658, 54.909605594461034 ], [ -82.227702496179745, 54.916455609034806 ], [ -82.248695304065407, 54.934683687650136 ], [ -82.258896118784875, 54.936904205760008 ], [ -82.251662822141299, 54.93133149942016 ], [ -82.257632809549577, 54.925350598352438 ], [ -82.266954290978475, 54.931671295806225 ], [ -82.263830296462288, 54.94366500725345 ], [ -82.253366121364621, 54.937126396398845 ], [ -82.255879485108466, 54.973471386083411 ], [ -82.277038889407066, 55.039190286248953 ], [ -82.245305178327285, 55.063299705721519 ], [ -82.252403003146668, 55.109534911085433 ], [ -82.286602708393943, 55.12434241206045 ], [ -82.278476685137349, 55.117118987179978 ], [ -82.29992378851054, 55.116450193334508 ], [ -82.319949684041035, 55.148111293953427 ], [ -82.3313046194001, 55.14982630867064 ], [ -82.334212734495523, 55.137234616942514 ], [ -82.349172607581664, 55.156467290258014 ], [ -82.350201141783259, 55.144106106127218 ], [ -82.309978990376692, 55.121774086171555 ], [ -82.309112101890051, 55.104546293683896 ], [ -82.334430381954689, 55.099378188193988 ], [ -82.305904999533823, 55.053216393790066 ], [ -82.357812305295582, 55.071776109159714 ], [ -82.377826995160078, 55.068781699078805 ], [ -82.415963978753268, 55.077350511454355 ], [ -82.407378313360596, 55.101255010707135 ], [ -82.422065983937046, 55.111620698066496 ], [ -82.440173496821529, 55.109458500731556 ], [ -82.462328682201289, 55.137148786159493 ], [ -82.483145513821725, 55.128629412891726 ], [ -82.498738694215874, 55.143978810507107 ], [ -82.523620393095698, 55.151211885906427 ], [ -82.532948296662212, 55.135501901954804 ], [ -82.521899897259004, 55.134272601653024 ], [ -82.518517682951867, 55.143879410573966 ], [ -82.511040286783143, 55.127852811307818 ], [ -82.54800428358962, 55.132217999417037 ], [ -82.551825409353583, 55.122446605917396 ], [ -82.554589783298823, 55.135935198212572 ], [ -82.566901293640498, 55.132804092781242 ], [ -82.588937681666835, 55.14932468848712 ], [ -82.638152801765955, 55.145716404949553 ], [ -82.659953079603895, 55.166448908088114 ], [ -82.626247588539755, 55.162036308854219 ], [ -82.67278069282132, 55.182350103929203 ], [ -82.681514395937114, 55.181855810946765 ], [ -82.663054597075345, 55.165584206282865 ], [ -82.673845217496392, 55.170446797471364 ], [ -82.689149680090452, 55.166041697704891 ], [ -82.685703802970394, 55.159345305241949 ], [ -82.69456728770561, 55.165790698411293 ], [ -82.715866302861869, 55.160953491006943 ], [ -82.699622408100339, 55.138002998281991 ], [ -82.723422803598098, 55.143497997933693 ], [ -82.753854099673404, 55.130822004229877 ], [ -82.797086401972606, 55.128000497063859 ], [ -82.881848380195564, 55.145879000132609 ], [ -82.883020302348442, 55.161940806524484 ], [ -82.921669390944288, 55.210460790658587 ], [ -82.9733143832905, 55.226346595631341 ], [ -83.1535859776005, 55.195505098884233 ], [ -83.256822910632309, 55.215798010935266 ], [ -83.249203677341868, 55.209187710319775 ], [ -83.265195810656692, 55.204577401769235 ], [ -83.298022509542434, 55.208345890753705 ], [ -83.337546789396271, 55.198708901873765 ], [ -83.417488588667737, 55.222554591627251 ], [ -83.433064291912103, 55.219470594062798 ], [ -83.421768487049405, 55.212805595214355 ], [ -83.468538286911027, 55.215538105022738 ], [ -83.55611188782305, 55.246980306383641 ], [ -83.621008715008827, 55.250947790667475 ], [ -83.643419698313025, 55.264766999134665 ], [ -83.672163378914462, 55.269465908597084 ], [ -83.694277485587833, 55.267994306907468 ], [ -83.69821661870256, 55.258838807607709 ], [ -83.74346030544487, 55.247796504404576 ], [ -83.818808077019213, 55.277520805090241 ], [ -83.892810804399517, 55.294962403728 ], [ -83.976115406080226, 55.287279303701922 ], [ -84.000589787645282, 55.270841392345133 ], [ -84.078268210246875, 55.250087808348233 ], [ -84.122478010164272, 55.254541793506263 ], [ -84.174425107962151, 55.274573309130531 ], [ -84.19204020017041, 55.270629697684548 ], [ -84.199162809144568, 55.279061089131346 ], [ -84.204543888226368, 55.271714409367526 ], [ -84.250505280146356, 55.263589092058346 ], [ -84.306142003887672, 55.275212487529259 ], [ -84.351252705476838, 55.259410899621095 ], [ -84.385088988767393, 55.264492195026456 ], [ -84.443880711498366, 55.255630590593817 ], [ -84.485183399408598, 55.237329287894951 ], [ -84.510999800760914, 55.231893388380612 ], [ -84.53107201415186, 55.236799989532962 ], [ -84.543961911996249, 55.22430699019106 ], [ -84.547334091482682, 55.233402011219717 ], [ -84.568846494698647, 55.237332802005895 ], [ -84.711554898442031, 55.232686289253991 ], [ -84.756063777613704, 55.23871170880804 ], [ -84.769471407253434, 55.231305794862138 ], [ -84.825916008586631, 55.250221408985851 ], [ -84.852209504621271, 55.239863910048562 ], [ -84.835663298776439, 55.251601803892846 ], [ -84.853385419540331, 55.25327829715421 ], [ -84.860365998544921, 55.24129091002856 ], [ -84.865222990409137, 55.250000002745757 ], [ -84.853045612608383, 55.254657488207798 ], [ -84.896607107539097, 55.259607499510111 ], [ -84.904055295146819, 55.26972469689828 ], [ -84.935419619130997, 55.265415014468374 ], [ -84.971754298303523, 55.279684803078041 ], [ -84.993635101882305, 55.276798007920505 ], [ -85.005924705789241, 55.265656503139653 ], [ -85.012415489331005, 55.272829410920181 ], [ -85.04427000804543, 55.273672697239377 ], [ -85.095767784279815, 55.260382597744837 ], [ -85.125471514505634, 55.26119610039467 ], [ -85.132247683732089, 55.27641599470622 ], [ -85.110578619312449, 55.291320612568981 ], [ -85.109344082178026, 55.303387188022228 ], [ -85.112591396921019, 55.313758808669718 ], [ -85.12291578129485, 55.312047207925445 ], [ -85.122051684313689, 55.335573592572835 ], [ -85.138906378764759, 55.332198103186265 ], [ -85.177744319799686, 55.347845998976283 ], [ -85.208575717482887, 55.343630900289185 ], [ -85.23355271856461, 55.374183289862358 ], [ -85.28265118700925, 55.369829890458163 ], [ -85.306795600957273, 55.381837005639703 ], [ -85.36013999000599, 55.377894592893064 ], [ -85.352313003317278, 55.383944012409955 ], [ -85.36698540943749, 55.3943882065306 ], [ -85.395593803604399, 55.398380403187147 ], [ -85.445632081912009, 55.427950695781796 ], [ -85.478528793729865, 55.437274512604837 ], [ -85.456460417143887, 55.434675397720959 ], [ -85.498997608205755, 55.451651513281114 ], [ -85.555488011677838, 55.496876593085624 ], [ -85.582969598837153, 55.502079693119256 ], [ -85.575576789330341, 55.505355510908856 ], [ -85.588607397908987, 55.52612539678038 ], [ -85.6247191166687, 55.533037198820473 ], [ -85.641901023813475, 55.557706990305356 ], [ -85.671684006098431, 55.561186895860473 ], [ -85.698934187019375, 55.583990790715099 ], [ -85.728882285539143, 55.593425591915128 ], [ -85.765540319028659, 55.590684788147392 ], [ -85.82107858635959, 55.618311004490295 ], [ -85.860979690317976, 55.624568199628051 ], [ -85.889109598218326, 55.64113391299793 ], [ -85.89550628108735, 55.655755508639139 ], [ -86.005667512972025, 55.665185311565459 ], [ -85.999595280755599, 55.669448217016303 ], [ -86.012878598187811, 55.669674018348459 ], [ -86.003990807273013, 55.671256211388879 ], [ -86.046020415131309, 55.667100496675261 ], [ -86.134392155566502, 55.690088108426274 ], [ -86.268630588955418, 55.70801220265183 ], [ -86.376751479418587, 55.765014192062011 ], [ -86.552948694149322, 55.808062108428736 ], [ -86.589426206926902, 55.823440595380852 ], [ -86.673318418961813, 55.833631197700207 ], [ -86.663449382869729, 55.834564904684427 ], [ -86.706263510522135, 55.84329299256342 ], [ -86.746920095850768, 55.864019799474413 ], [ -86.818910608449741, 55.881664797417272 ], [ -86.901245495276797, 55.914072292146322 ], [ -86.944622911821611, 55.916544302105834 ], [ -86.946676502933187, 55.913296908931819 ], [ -86.956780302950705, 55.909181909346252 ], [ -86.950435195096262, 55.917930892697186 ], [ -86.966490311221037, 55.912186892661431 ], [ -86.976731291207102, 55.918243598055909 ], [ -87.023020389430783, 55.915685991389637 ], [ -87.035752907447645, 55.922865504331057 ], [ -87.024966313116551, 55.923082897346362 ], [ -87.073891888875011, 55.922429112347686 ], [ -87.167354603162309, 55.936386705211163 ], [ -87.213347499460156, 55.932666904188174 ], [ -87.22232639201475, 55.940922190693676 ], [ -87.255002680366857, 55.941608905497269 ], [ -87.343594919085646, 55.967334396447647 ], [ -87.361324896190482, 55.954552500050411 ], [ -87.356483321942108, 55.974751589132744 ], [ -87.377905077100863, 55.984370002846234 ], [ -87.373040393937416, 55.989975105121623 ], [ -87.480726001043436, 56.018421505426375 ], [ -87.463527887534298, 56.032422891556187 ], [ -87.472841803379936, 56.048957388307528 ], [ -87.526034780493916, 56.060043287780282 ], [ -87.581248120279781, 56.051839692640826 ], [ -87.5919954838526, 56.057690408602205 ], [ -87.567515713881392, 56.067007401124933 ], [ -87.573382591359277, 56.073454203468323 ], [ -87.656759285030745, 56.106684995345184 ], [ -87.636059886911042, 56.110091105335179 ], [ -87.713079823436658, 56.193052290334798 ], [ -87.714330114882912, 56.216871691097815 ], [ -87.725210213603532, 56.229979094278782 ], [ -87.730036788723112, 56.233928696613141 ], [ -87.733081201973533, 56.240573500770289 ], [ -87.738600495962785, 56.245925399849611 ], [ -87.744326177273749, 56.249072302483476 ], [ -87.749686113977191, 56.248998200932341 ], [ -87.728093508781541, 56.23160509441216 ], [ -87.770243085617551, 56.259639597988681 ], [ -87.788729285245765, 56.293524900268416 ], [ -87.797418799895809, 56.302715110354342 ], [ -87.777960891879914, 56.273427194003673 ], [ -87.777976022101726, 56.268410308990411 ], [ -87.841403891860836, 56.345777209415573 ], [ -87.811280911335118, 56.327386512771284 ], [ -87.81198770303277, 56.334186503762403 ], [ -87.923676994972311, 56.391651086976452 ], [ -87.941081821041436, 56.413898291755821 ], [ -87.915237578104723, 56.396736994713251 ], [ -87.941234014635896, 56.416458197240637 ], [ -87.949879891869998, 56.44272779431418 ], [ -87.979109882125584, 56.473071301630362 ], [ -88.128683689487389, 56.509596603460707 ], [ -88.1807844975026, 56.512080500663245 ], [ -88.258438705428333, 56.530789712597723 ], [ -88.436948980872216, 56.604972500916858 ], [ -88.504267991475487, 56.655530999967418 ], [ -88.529348295170891, 56.658458602822265 ], [ -88.524879380168613, 56.652896510418238 ], [ -88.623679311991268, 56.678766399633538 ], [ -88.622257472696063, 56.690951899862036 ], [ -88.628075494598889, 56.682749790303959 ], [ -88.675505797151303, 56.709142806868599 ], [ -88.688580599251765, 56.752118708217488 ], [ -88.774366504706705, 56.776909002392479 ], [ -88.804570195701459, 56.795459709112535 ], [ -88.81825600971591, 56.792120388027179 ], [ -88.819019778620714, 56.802882189933108 ], [ -88.812317716874588, 56.799965594587547 ], [ -88.825355520900004, 56.806351313540695 ], [ -88.807524379776652, 56.819424800990639 ], [ -88.818429680497815, 56.838597989157428 ], [ -88.803667602438111, 56.824057303953261 ], [ -88.801691992271031, 56.828809010758981 ], [ -88.81083218852585, 56.835846099897473 ], [ -88.844088126056718, 56.849321110556943 ], [ -88.849393411868448, 56.843914701370942 ], [ -88.829411818258279, 56.841179089463168 ], [ -88.850978807773743, 56.838134888835164 ], [ -88.840586312414175, 56.828042713172387 ], [ -88.856671876135948, 56.826229507688737 ], [ -88.859938399918093, 56.851982308625921 ], [ -88.878419605441508, 56.86034889465229 ], [ -88.864170104927283, 56.85970528936393 ], [ -88.890387706376202, 56.861599902987564 ], [ -88.911282712986406, 56.848092596495569 ], [ -88.950650283038996, 56.845743604443129 ], [ -88.999999787208267, 56.854083025114619 ], [ -89.050681428011202, 56.852193244759334 ], [ -89.211580010705489, 56.880102742222412 ], [ -89.223221107263782, 56.883498933085981 ], [ -89.213131200077683, 56.881518642555072 ], [ -89.196988995457659, 56.880148138182847 ], [ -89.360975687675506, 56.92347074275358 ], [ -89.444980488679917, 56.924856442775564 ], [ -89.466104388842567, 56.919378746056957 ], [ -89.689777588133907, 56.962719026595039 ], [ -89.780023415035728, 56.972472940176218 ], [ -89.891364133275431, 57.000525824422645 ], [ -89.948888406205825, 56.999542648368632 ], [ -90.009551801005358, 57.024461730890266 ], [ -89.972142315636063, 57.017363848977013 ], [ -89.977886100006842, 57.021245845082667 ], [ -90.16330738915839, 57.073518932293133 ], [ -90.210491210989446, 57.10252385005569 ], [ -90.335466988390408, 57.147237947568421 ], [ -90.391393792940704, 57.158070045090092 ], [ -90.389708614783615, 57.169539130953297 ], [ -90.381990296403174, 57.166836929713696 ], [ -90.401331316340361, 57.178360548440061 ], [ -90.363234210051431, 57.158883229803855 ], [ -90.391458692595577, 57.178165434481009 ], [ -90.482867993564781, 57.199556036902884 ], [ -90.501616230317552, 57.191011841875259 ], [ -90.523786602205362, 57.204033141470667 ], [ -90.514200505666992, 57.20302054587696 ], [ -90.639241230066006, 57.238374431443376 ], [ -90.713893933384199, 57.232021541777584 ], [ -90.739486237341367, 57.235250826108668 ], [ -90.770472318723449, 57.252736826191239 ], [ -90.787869206639712, 57.246643125866761 ], [ -90.881982737824174, 57.26759444109279 ], [ -90.87055743489617, 57.264832752075343 ], [ -91.093656519277971, 57.259428246785468 ], [ -91.147015330202152, 57.247629233537999 ], [ -91.159447126272951, 57.252156428208991 ], [ -91.26652049224505, 57.219524629451513 ], [ -91.317318103210795, 57.21412174491806 ], [ -91.330259727071606, 57.205803351230486 ], [ -91.57199371640877, 57.155075628913636 ], [ -91.601011595285783, 57.140229345961657 ], [ -91.609226126072244, 57.145247631597705 ], [ -91.65553052486915, 57.129130145145716 ], [ -91.680549116437078, 57.124290639134358 ], [ -91.686797917432258, 57.128869839573163 ], [ -91.870284830999623, 57.076199536239145 ], [ -91.951850394265961, 57.061401144783773 ], [ -91.957818431956497, 57.052130449204412 ], [ -91.977419833217695, 57.056892931960881 ], [ -92.065146016865299, 57.048750046477622 ], [ -92.067676018979, 57.039811532612518 ], [ -92.071440338025852, 57.047214642953826 ], [ -92.094367130280972, 57.047705234620295 ], [ -92.106204413835343, 57.034782152956453 ], [ -92.116270428997581, 57.04913253950955 ], [ -92.123627116631084, 57.040671339976143 ], [ -92.127752817634089, 57.047933947557262 ], [ -92.145886115248771, 57.043270832032029 ], [ -92.209773219533005, 57.072493233473622 ], [ -92.442988233174418, 57.046730441454905 ], [ -92.610792127130992, 56.981787542165222 ], [ -92.683775019699524, 56.932223146786413 ], [ -92.73143750181157, 56.9222345392158 ], [ -92.753955586784244, 56.940277485500388 ], [ -92.714631529719185, 56.952722148150947 ], [ -92.679651222895956, 56.993750937652621 ], [ -92.591475420332671, 57.053277136482741 ], [ -92.540320812970037, 57.107377949798121 ], [ -92.517665936184272, 57.152758840483429 ], [ -92.448993698733489, 57.237401136587891 ], [ -92.42501702303241, 57.357704034846094 ], [ -92.459345600092504, 57.46000733461635 ], [ -92.502256617689284, 57.530720833737305 ], [ -92.544071219252686, 57.542123831699321 ], [ -92.536629904903293, 57.550792035669026 ], [ -92.561167439777662, 57.592018643341198 ], [ -92.626531622890255, 57.65964514364947 ], [ -92.728294291994104, 57.799232240983613 ], [ -92.729475597716686, 57.829556137891359 ], [ -92.74826153506713, 57.845492037448246 ], [ -92.736229307149188, 57.852054441244569 ], [ -92.749814502110794, 57.853592237998278 ], [ -92.761884720158875, 57.873379654454126 ], [ -92.814565831985604, 58.017207450489686 ], [ -92.806397193818356, 58.040548939884438 ], [ -92.811541622349978, 58.045896050019053 ], [ -92.817199115913468, 58.045759551630624 ], [ -92.818380225199761, 58.047651834058001 ], [ -92.809324915803757, 58.04657434856324 ], [ -92.801928133698993, 58.03979435480155 ], [ -92.797747692769804, 58.026640438587357 ], [ -92.79629601315095, 58.038225633714319 ], [ -92.849091311034798, 58.102167133200474 ], [ -92.846785392416777, 58.133859140101123 ], [ -92.883233714898168, 58.153060232577332 ], [ -92.867968309974032, 58.169151244859769 ], [ -92.895379201512554, 58.175726447383163 ], [ -92.897824792098405, 58.186830150779898 ], [ -92.921924316643683, 58.197590441536974 ], [ -92.940944306673657, 58.226206148869338 ], [ -92.927698036070097, 58.218033352487979 ], [ -92.92879280026645, 58.222937653509796 ], [ -92.979439512844863, 58.280405248016713 ], [ -92.980653600915744, 58.305841239764185 ], [ -92.971891890077956, 58.308229638347498 ], [ -92.973956417683567, 58.306531139856787 ], [ -92.973201011082423, 58.302231737725386 ], [ -92.968292937242921, 58.308943530776823 ], [ -93.013145691177087, 58.326725840167363 ], [ -93.035130725377911, 58.345366345620796 ], [ -93.055540292518899, 58.379438553959361 ], [ -93.056786225914394, 58.411423050079229 ], [ -93.114358233226, 58.475167355712699 ], [ -93.141653296576862, 58.571182440451572 ], [ -93.13246979027619, 58.601713835101563 ], [ -93.153501709389204, 58.642575438996168 ], [ -93.14451882499371, 58.686754940094339 ], [ -93.174192314736189, 58.706948832987635 ], [ -93.166559511345412, 58.724423652051414 ], [ -93.197267400426924, 58.754820055882213 ], [ -93.216700027830598, 58.765417057424955 ], [ -93.238752789626275, 58.76541345335125 ], [ -93.245685496527415, 58.776295653383947 ], [ -93.300528597381515, 58.751861241935551 ], [ -93.333272812657071, 58.756093144025442 ], [ -93.321381908553533, 58.759905839723679 ], [ -93.345125425017457, 58.765394238418054 ], [ -93.38180152878418, 58.756799743764631 ], [ -93.418095499502883, 58.713512651189305 ], [ -93.425196129390045, 58.723730553581781 ], [ -93.467178505577479, 58.72846025545013 ], [ -93.465546126011333, 58.737653050763399 ], [ -93.454652199357923, 58.73655674809504 ], [ -93.47297809995122, 58.752262457663775 ], [ -93.460642103223378, 58.747348949920827 ], [ -93.46685398966649, 58.763769755259048 ], [ -93.499999829163798, 58.776326037793126 ], [ -93.536270624464834, 58.780934541406843 ], [ -93.52944660449289, 58.767452050680497 ], [ -93.59272260143095, 58.765807033837049 ], [ -93.640746727824023, 58.788206937531378 ], [ -93.716317897830223, 58.789142047424946 ], [ -93.749208737839481, 58.793161956601757 ], [ -93.754397106360557, 58.800684939123492 ], [ -93.744063201029377, 58.770561039283606 ], [ -93.778485207249233, 58.772135743776083 ], [ -93.775691310118859, 58.781883246789896 ], [ -93.790730512453237, 58.770846350606149 ], [ -93.813121295688106, 58.769313254596852 ], [ -93.82892201031575, 58.799372448397008 ], [ -93.823204708101386, 58.779305736125089 ], [ -93.838239933406115, 58.763347942608242 ], [ -93.841817437812637, 58.77218864110074 ], [ -93.856670008832324, 58.770898859394023 ], [ -93.889686609373797, 58.751560744055716 ], [ -93.895037316535664, 58.76453773433721 ], [ -93.908875325955904, 58.766386249224695 ], [ -93.973921688786163, 58.770840139228461 ], [ -94.029303524663192, 58.762353098727601 ], [ -94.020394745616983, 58.772178294345444 ], [ -94.144592677070506, 58.775172157399929 ], [ -94.200581125772615, 58.794861905403025 ], [ -94.207245948841177, 58.815035639207707 ], [ -94.238027260698146, 58.796590101239978 ], [ -94.273202825927683, 58.796275225094313 ], [ -94.293490055549952, 58.781336600164714 ], [ -94.301718515066511, 58.740700546857163 ], [ -94.341172832026032, 58.710916736944085 ], [ -94.368064525508544, 58.702991338874369 ], [ -94.42791128957677, 58.702898841025139 ], [ -94.432003015719332, 58.712230037152693 ], [ -94.445557306331636, 58.711305639375858 ], [ -94.465455527333503, 58.724588059410962 ], [ -94.486019098243716, 58.78850904239269 ], [ -94.510192531538763, 58.800512239632944 ], [ -94.523821113150632, 58.823886045883512 ], [ -94.568824889766731, 58.834712253404824 ], [ -94.605108014576984, 58.860082660026684 ], [ -94.608391325971269, 58.889353839449178 ], [ -94.589231619462367, 58.895672940303335 ], [ -94.606072285686366, 58.898549985892096 ], [ -94.603134750529094, 58.939690601276475 ], [ -94.614603558387316, 58.944633407779548 ], [ -94.621301449971284, 58.939498804646696 ], [ -94.62704977342591, 58.939248910355232 ], [ -94.6241367796259, 58.947457399029112 ], [ -94.646141781700663, 58.947541089318619 ], [ -94.656107471062583, 58.955417792273096 ], [ -94.662578367037042, 58.945890285753265 ], [ -94.688258309188114, 58.946255501283304 ], [ -94.675646989847564, 58.96345773603187 ], [ -94.701584503643573, 58.962296743080834 ], [ -94.732466290454823, 59.00275524304449 ], [ -94.75866980119369, 59.017981760169718 ], [ -94.793941621007619, 59.006378137886763 ], [ -94.798332509788054, 59.01049904793836 ], [ -94.780364013670336, 59.018142151092604 ], [ -94.79727479961295, 59.042761138366615 ], [ -94.788225628333009, 59.065382300568615 ], [ -94.794812289213652, 59.087299640124435 ], [ -94.813394022140187, 59.085032241209184 ], [ -94.8159540986114, 59.101455343849615 ], [ -94.811141300625565, 59.118245955585813 ], [ -94.791387021087729, 59.126977646845681 ], [ -94.794663394716068, 59.148191050713471 ], [ -94.778774417563895, 59.155718960237806 ], [ -94.794041302465203, 59.187064942285026 ], [ -94.808637404257652, 59.190520151975711 ], [ -94.781340414175546, 59.207071845374209 ], [ -94.78953922187894, 59.221681148105858 ], [ -94.814986003071681, 59.228290542882938 ], [ -94.783071497099769, 59.255142036249204 ], [ -94.804156830489845, 59.266008749466486 ], [ -94.772268721051518, 59.279950861812161 ], [ -94.784452036440584, 59.291551948547742 ], [ -94.776398514528935, 59.303421748473028 ], [ -94.761233521715269, 59.29975824583277 ], [ -94.765331023634033, 59.306944442536135 ], [ -94.754538302995428, 59.304829153740712 ], [ -94.744931117903064, 59.310465842886067 ], [ -94.760646923577909, 59.313292848573241 ], [ -94.767711821937567, 59.339944752008101 ], [ -94.708655137303367, 59.320803457707513 ], [ -94.716540203885458, 59.335723452855092 ], [ -94.664484999103834, 59.350145443663074 ], [ -94.669053897274637, 59.359255947713521 ], [ -94.683920201286227, 59.361970548159796 ], [ -94.689008103408412, 59.361060538580098 ], [ -94.678621720481672, 59.360397549635451 ], [ -94.680227497696052, 59.355178952423287 ], [ -94.699412110257185, 59.355964860991868 ], [ -94.728649798572206, 59.332483936289648 ], [ -94.740355289689788, 59.334317448408896 ], [ -94.747406927007546, 59.337902852848309 ], [ -94.744048810978384, 59.351478543665969 ], [ -94.735833018270355, 59.344116460356695 ], [ -94.724024927880535, 59.34758804630534 ], [ -94.738287919606165, 59.357805860864119 ], [ -94.733817001790584, 59.363065261274109 ], [ -94.732345311642803, 59.35740563746382 ], [ -94.729247396296842, 59.356134739163174 ], [ -94.724809294430855, 59.35736155238957 ], [ -94.731476236434645, 59.364158250346598 ], [ -94.709609196678471, 59.383754854422882 ], [ -94.72221173168883, 59.382150254930195 ], [ -94.728009625994659, 59.400351037135032 ], [ -94.74680541150758, 59.398868044444505 ], [ -94.734121291601511, 59.411991445035603 ], [ -94.750419987059885, 59.427685239102637 ], [ -94.734788715249124, 59.441061651442396 ], [ -94.773216321595442, 59.501086848139863 ], [ -94.796759732840641, 59.509894855268378 ], [ -94.811501800070772, 59.54451845132715 ], [ -94.799730107696917, 59.566798858938263 ], [ -94.792013025261951, 59.561876153623203 ], [ -94.771568300856458, 59.557068853351794 ], [ -94.7943774928018, 59.56754705063134 ], [ -94.77313629944085, 59.564243141444784 ], [ -94.836058007656888, 59.602072841971172 ], [ -94.825025933050824, 59.614934060266471 ], [ -94.836296198132288, 59.648400143130942 ], [ -94.823515816709872, 59.664481152231282 ], [ -94.809772815304342, 59.66523644666804 ], [ -94.827094506136916, 59.674169243554637 ], [ -94.827821724219262, 59.688339654947413 ], [ -94.803143535172097, 59.702039343129599 ], [ -94.823416891995393, 59.699143160632602 ], [ -94.831724488516031, 59.706650142254823 ], [ -94.78988183062323, 59.727237745214701 ], [ -94.81722453772727, 59.724954061232147 ], [ -94.82253810673501, 59.739224247591665 ], [ -94.806505686450564, 59.750398562663221 ], [ -94.801226794528233, 59.750000049453199 ], [ -94.806769991723172, 59.745995441602858 ], [ -94.802416687087813, 59.74301615538851 ], [ -94.795572530057939, 59.766601436396101 ], [ -94.77162011165079, 59.786270556347347 ], [ -94.814630036483365, 59.822946761790114 ], [ -94.795346811421155, 59.827810160382533 ], [ -94.80060230426939, 59.855525557642373 ], [ -94.827368397131153, 59.881638560699216 ], [ -94.810639319230532, 59.886988255628523 ], [ -94.832125619921896, 59.9026963409705 ], [ -94.811980226090157, 59.905779646476148 ], [ -94.837569598198129, 59.927374838525594 ], [ -94.82274921347566, 59.929571047898015 ], [ -94.820045392279624, 59.939271660257077 ], [ -94.824095094382031, 59.94239825640215 ], [ -94.831563289650617, 59.939629152033852 ], [ -94.821152405443456, 59.938774638791507 ], [ -94.830266490890764, 59.930864741626507 ], [ -94.840825797779786, 59.934710349840962 ], [ -94.836599501418945, 59.955185153388477 ], [ -94.852765791758074, 59.962924349146775 ], [ -94.824372794407012, 60.000000042727933 ], [ -96.749999995696598, 59.999999990766412 ], [ -98.500000014386401, 60.000000001755978 ], [ -100.249999990192876, 60.000000012139438 ], [ -102.000000012739392, 59.999999998080519 ], [ -101.999999996923478, 64.189050588764047 ], [ -104.875001269365157, 64.465982480215544 ], [ -108.837894447249568, 64.732129669834748 ], [ -109.02488424436379, 64.831448858506036 ], [ -110.538417414740451, 65.44582075051234 ], [ -112.583394810843231, 65.447065049279743 ], [ -117.065450630255128, 66.929179316560706 ], [ -118.594190586729397, 67.198864278495805 ], [ -120.630782444335111, 67.77995758320813 ], [ -120.590719441230362, 68.249104581764016 ], [ -120.605537806733722, 68.62336194833432 ], [ -120.724925122891676, 69.575013358259397 ], [ -116.465587274369753, 69.702799438461838 ], [ -116.755195101845104, 69.786444640138654 ], [ -116.924157321993732, 69.879893046644582 ], [ -117.013536778052611, 69.956578302422002 ], [ -117.022835673333304, 70.000251830855206 ], [ -114.500124415958496, 69.999957652967595 ], [ -112.825126966212764, 70.002545160800722 ], [ -112.818347309534275, 69.847283482097311 ], [ -112.518087701705639, 69.847602230783863 ], [ -112.510817218664442, 70.001685760213917 ], [ -109.861798913136099, 69.998054210072567 ], [ -109.83106894089272, 73.932398322411885 ], [ -128.942602965409833, 89.999427042099072 ], [ -59.991263375262825, 82.184385004540559 ], [ -61.585255098414891, 81.970536869839336 ], [ -62.761209630998572, 81.728030823796516 ], [ -62.876110678664105, 81.566032174065825 ], [ -63.742410329173893, 81.414876679958368 ], [ -65.554025995588859, 81.103108005991729 ], [ -67.12719516151698, 80.761354803602316 ], [ -68.614658181610338, 80.339326030343614 ], [ -69.387088631379214, 79.897129191958669 ], [ -69.757409112921792, 79.628480492017673 ], [ -71.576847826629248, 79.165575542386279 ], [ -73.022387317770452, 78.801344064177442 ], [ -74.749774947310627, 77.541193760926745 ], [ -74.885022722541152, 76.836701349244592 ], [ -74.984699068274736, 76.685240188957749 ], [ -74.728139488298552, 76.503054853643391 ], [ -74.290598680245125, 75.988637695856838 ], [ -73.812368417130628, 75.645286858635345 ], [ -72.891333431431249, 74.698128234609143 ], [ -72.37629815757748, 74.594244267145783 ], [ -70.296558182408589, 74.089982330697595 ], [ -68.050225793370515, 73.502543801191962 ], [ -66.499414366195467, 73.317090111132885 ], [ -63.237225384671213, 71.768242690031784 ], [ -63.06581931559667, 71.721179447539654 ], [ -61.893781239495254, 70.801594936713073 ], [ -61.481308223016171, 70.496487593858532 ], [ -61.34824263145557, 70.26638610079317 ], [ -61.22474507105683, 69.984096101245342 ] ] ] } }
]
}
