region_uid,region_name,year,NAICS6,NAICSD,defence_type,total_sales_M,sales_bucket,n_firms,avg_employees,total_jobs,lq_sales,lq_firms,lq_jobs,suppressed
932,Abbotsford - Mission,2017,ALL,All,all,123.661,>=$5M,51,8.7,444.0,0.752,0.892,0.785,False
932,Abbotsford - Mission,2017,PRIMARY,Primary,primary,36.358,>=$5M,2,49.0,98.0,3.625,2.992,4.201,False
932,Abbotsford - Mission,2017,SECONDARY,Secondary,secondary,87.303,>=$5M,49,7.1,346.0,0.565,0.867,0.638,False
932,Abbotsford - Mission,2018,ALL,All,all,142.093,>=$5M,54,9.7,524.0,0.814,0.911,0.869,False
932,Abbotsford - Mission,2018,PRIMARY,Primary,primary,36.358,>=$5M,2,49.0,98.0,3.497,2.775,4.06,False
932,Abbotsford - Mission,2018,SECONDARY,Secondary,secondary,105.735,>=$5M,52,8.2,426.0,0.644,0.888,0.736,False
932,Abbotsford - Mission,2019,ALL,All,all,153.399,>=$5M,65,8.8,574.0,0.735,0.989,0.781,False
932,Abbotsford - Mission,2019,PRIMARY,Primary,primary,36.358,>=$5M,2,49.0,98.0,2.117,2.17,2.614,False
932,Abbotsford - Mission,2019,SECONDARY,Secondary,secondary,117.041,>=$5M,63,7.6,476.0,0.611,0.972,0.682,False
932,Abbotsford - Mission,2020,ALL,All,all,154.434,>=$5M,66,8.8,579.0,0.614,0.996,0.646,False
932,Abbotsford - Mission,2020,PRIMARY,Primary,primary,36.358,>=$5M,2,49.0,98.0,2.31,2.157,2.89,False
932,Abbotsford - Mission,2020,SECONDARY,Secondary,secondary,118.076,>=$5M,64,7.5,481.0,0.501,0.979,0.558,False
932,Abbotsford - Mission,2021,ALL,All,all,142.59,>=$5M,57,9.3,529.0,0.849,0.953,0.878,False
932,Abbotsford - Mission,2021,PRIMARY,Primary,primary,36.358,>=$5M,2,49.0,98.0,2.701,2.297,3.263,False
932,Abbotsford - Mission,2021,SECONDARY,Secondary,secondary,106.232,>=$5M,55,7.8,431.0,0.688,0.933,0.753,False
932,Abbotsford - Mission,2022,ALL,All,all,182.779,>=$5M,75,8.3,619.0,0.885,0.998,0.843,False
932,Abbotsford - Mission,2022,PRIMARY,Primary,primary,46.066,>=$5M,8,15.4,123.0,1.683,1.462,1.589,False
932,Abbotsford - Mission,2022,SECONDARY,Secondary,secondary,136.713,>=$5M,67,7.4,496.0,0.763,0.961,0.755,False
932,Abbotsford - Mission,2023,ALL,All,all,166.773,>=$5M,72,8.5,612.0,0.85,0.994,0.893,False
932,Abbotsford - Mission,2023,PRIMARY,Primary,primary,17.825,>=$5M,6,7.7,46.0,0.688,1.098,0.597,False
932,Abbotsford - Mission,2023,SECONDARY,Secondary,secondary,148.948,>=$5M,66,8.6,566.0,0.874,0.986,0.93,False
932,Abbotsford - Mission,2024,ALL,All,all,149.224,>=$5M,75,9.9,741.0,0.69,0.897,0.759,False
932,Abbotsford - Mission,2024,PRIMARY,Primary,primary,15.26,>=$5M,6,11.5,69.0,0.647,0.96,0.708,False
932,Abbotsford - Mission,2024,SECONDARY,Secondary,secondary,133.964,>=$5M,69,9.7,672.0,0.695,0.891,0.765,False
932,Abbotsford - Mission,2025,ALL,All,all,153.141,>=$5M,80,9.5,761.0,0.678,0.926,0.734,False
932,Abbotsford - Mission,2025,PRIMARY,Primary,primary,15.26,>=$5M,6,11.5,69.0,0.624,0.932,0.67,False
932,Abbotsford - Mission,2025,SECONDARY,Secondary,secondary,137.881,>=$5M,74,9.4,692.0,0.684,0.926,0.741,False
410,Alma,2017,ALL,All,all,22.311,>=$5M,11,9.5,105.0,0.647,0.95,0.796,False
410,Alma,2017,PRIMARY,Primary,primary,,<$5M,<2,,,,,,True
410,Alma,2017,SECONDARY,Secondary,secondary,22.311,>=$5M,11,9.5,105.0,0.689,0.961,0.83,False
410,Alma,2018,ALL,All,all,22.311,>=$5M,11,9.5,105.0,0.649,0.935,0.766,False
410,Alma,2018,PRIMARY,Primary,primary,,<$5M,<2,,,,,,True
410,Alma,2018,SECONDARY,Secondary,secondary,22.311,>=$5M,11,9.5,105.0,0.69,0.946,0.797,False
410,Alma,2019,ALL,All,all,27.624,>=$5M,14,9.1,128.0,0.711,1.081,0.787,False
410,Alma,2019,PRIMARY,Primary,primary,,<$5M,<2,,,,,,True
410,Alma,2019,SECONDARY,Secondary,secondary,27.624,>=$5M,14,9.1,128.0,0.775,1.096,0.83,False
410,Alma,2020,ALL,All,all,26.007,>=$5M,14,8.6,121.0,0.558,1.079,0.61,False
410,Alma,2020,PRIMARY,Primary,primary,,<$5M,<2,,,,,,True
410,Alma,2020,SECONDARY,Secondary,secondary,26.007,>=$5M,14,8.6,121.0,0.595,1.094,0.634,False
410,Alma,2021,ALL,All,all,26.007,>=$5M,14,8.6,121.0,0.703,1.086,0.792,False
410,Alma,2021,PRIMARY,Primary,primary,,<$5M,<2,,,,,,True
410,Alma,2021,SECONDARY,Secondary,secondary,26.007,>=$5M,14,8.6,121.0,0.764,1.102,0.834,False
410,Alma,2022,ALL,All,all,40.245,>=$5M,16,9.8,156.0,1.027,1.122,0.95,False
410,Alma,2022,PRIMARY,Primary,primary,,>=$5M,<2,,,,,,True
410,Alma,2022,SECONDARY,Secondary,secondary,26.7,>=$5M,15,8.1,121.0,0.785,1.134,0.824,False
410,Alma,2023,ALL,All,all,36.026,>=$5M,14,10.4,145.0,1.058,1.071,0.999,False
410,Alma,2023,PRIMARY,Primary,primary,,>=$5M,<2,,,,,,True
410,Alma,2023,SECONDARY,Secondary,secondary,22.481,>=$5M,13,8.5,110.0,0.761,1.076,0.853,False
410,Alma,2024,ALL,All,all,31.932,>=$5M,16,11.7,187.0,1.014,1.223,0.926,False
410,Alma,2024,PRIMARY,Primary,primary,,>=$5M,<2,,,,,,True
410,Alma,2024,SECONDARY,Secondary,secondary,25.357,>=$5M,15,10.1,152.0,0.903,1.239,0.837,False
410,Alma,2025,ALL,All,all,31.932,>=$5M,16,11.7,187.0,1.012,1.21,0.931,False
410,Alma,2025,PRIMARY,Primary,primary,,>=$5M,<2,,,,,,True
410,Alma,2025,SECONDARY,Secondary,secondary,25.357,>=$5M,15,10.1,152.0,0.902,1.226,0.84,False
481,Amos,2017,ALL,All,all,8.82,>=$5M,3,20.0,60.0,0.333,0.46,0.727,False
481,Amos,2017,PRIMARY,Primary,primary,,<$5M,<2,,,,,,True
481,Amos,2017,SECONDARY,Secondary,secondary,8.82,>=$5M,3,20.0,60.0,0.355,0.465,0.758,False
481,Amos,2018,ALL,All,all,8.82,>=$5M,3,20.0,60.0,0.314,0.436,0.684,False
481,Amos,2018,PRIMARY,Primary,primary,,<$5M,<2,,,,,,True
481,Amos,2018,SECONDARY,Secondary,secondary,8.82,>=$5M,3,20.0,60.0,0.333,0.441,0.713,False
481,Amos,2019,ALL,All,all,10.437,>=$5M,4,16.8,67.0,0.305,0.505,0.588,False
481,Amos,2019,PRIMARY,Primary,primary,,<$5M,<2,,,,,,True
481,Amos,2019,SECONDARY,Secondary,secondary,10.437,>=$5M,4,16.8,67.0,0.332,0.512,0.62,False
481,Amos,2020,ALL,All,all,8.967,>=$5M,4,15.2,61.0,0.236,0.539,0.499,False
481,Amos,2020,PRIMARY,Primary,primary,,<$5M,<2,,,,,,True
481,Amos,2020,SECONDARY,Secondary,secondary,8.967,>=$5M,4,15.2,61.0,0.251,0.546,0.519,False
481,Amos,2021,ALL,All,all,8.967,>=$5M,4,15.2,61.0,0.291,0.542,0.645,False
481,Amos,2021,PRIMARY,Primary,primary,,<$5M,<2,,,,,,True
481,Amos,2021,SECONDARY,Secondary,secondary,8.967,>=$5M,4,15.2,61.0,0.317,0.55,0.679,False
481,Amos,2022,ALL,All,all,10.902,>=$5M,5,13.2,66.0,0.339,0.603,0.642,False
481,Amos,2022,PRIMARY,Primary,primary,,<$5M,<2,,,,,,True
481,Amos,2022,SECONDARY,Secondary,secondary,8.967,>=$5M,4,15.2,61.0,0.321,0.52,0.663,False
481,Amos,2023,ALL,All,all,7.48,>=$5M,5,13.2,66.0,0.255,0.661,0.708,False
481,Amos,2023,PRIMARY,Primary,primary,,<$5M,<2,,,,,,True
481,Amos,2023,SECONDARY,Secondary,secondary,6.54,>=$5M,4,15.2,61.0,0.257,0.572,0.737,False
481,Amos,2024,ALL,All,all,6.455,>=$5M,5,12.2,61.0,0.21,0.662,0.484,False
481,Amos,2024,PRIMARY,Primary,primary,,<$5M,<2,,,,,,True
481,Amos,2024,SECONDARY,Secondary,secondary,5.515,>=$5M,4,14.0,56.0,0.201,0.572,0.493,False
481,Amos,2025,ALL,All,all,6.455,>=$5M,5,12.2,61.0,0.213,0.64,0.475,False
481,Amos,2025,PRIMARY,Primary,primary,,<$5M,<2,,,,,,True
481,Amos,2025,SECONDARY,Secondary,secondary,5.515,>=$5M,4,14.0,56.0,0.204,0.553,0.484,False
406,Baie-Comeau,2017,ALL,All,all,32.752,>=$5M,7,17.7,124.0,1.208,0.875,1.259,False
406,Baie-Comeau,2017,PRIMARY,Primary,primary,,<$5M,<2,,,,,,True
406,Baie-Comeau,2017,SECONDARY,Secondary,secondary,32.752,>=$5M,7,17.7,124.0,1.286,0.886,1.313,False
406,Baie-Comeau,2018,ALL,All,all,35.755,>=$5M,10,13.7,137.0,0.369,1.215,0.779,False
406,Baie-Comeau,2018,PRIMARY,Primary,primary,,<$5M,<2,,,,,,True
406,Baie-Comeau,2018,SECONDARY,Secondary,secondary,35.755,>=$5M,10,13.7,137.0,0.393,1.23,0.811,False
406,Baie-Comeau,2019,ALL,All,all,53.038,>=$5M,14,15.3,214.0,0.505,1.459,1.034,False
406,Baie-Comeau,2019,PRIMARY,Primary,primary,,<$5M,<2,,,,,,True
406,Baie-Comeau,2019,SECONDARY,Secondary,secondary,53.038,>=$5M,14,15.3,214.0,0.55,1.479,1.09,False
406,Baie-Comeau,2020,ALL,All,all,51.484,>=$5M,14,14.9,208.0,0.402,1.46,0.814,False
406,Baie-Comeau,2020,PRIMARY,Primary,primary,,<$5M,<2,,,,,,True
406,Baie-Comeau,2020,SECONDARY,Secondary,secondary,51.484,>=$5M,14,14.9,208.0,0.429,1.481,0.846,False
406,Baie-Comeau,2021,ALL,All,all,51.484,>=$5M,14,14.9,208.0,0.494,1.477,1.003,False
406,Baie-Comeau,2021,PRIMARY,Primary,primary,,<$5M,<2,,,,,,True
406,Baie-Comeau,2021,SECONDARY,Secondary,secondary,51.484,>=$5M,14,14.9,208.0,0.538,1.499,1.056,False
406,Baie-Comeau,2022,ALL,All,all,53.727,>=$5M,16,13.4,214.0,0.503,1.519,0.975,False
406,Baie-Comeau,2022,PRIMARY,Primary,primary,2.243,<$5M,2,3.0,6.0,0.158,2.609,0.259,False
406,Baie-Comeau,2022,SECONDARY,Secondary,secondary,51.484,>=$5M,14,14.9,208.0,0.556,1.433,1.059,False
406,Baie-Comeau,2023,ALL,All,all,43.115,>=$5M,14,12.2,171.0,0.78,1.491,0.875,False
406,Baie-Comeau,2023,PRIMARY,Primary,primary,2.243,<$5M,2,3.0,6.0,0.307,2.821,0.273,False
406,Baie-Comeau,2023,SECONDARY,Secondary,secondary,40.872,>=$5M,12,13.8,165.0,0.851,1.382,0.951,False
406,Baie-Comeau,2024,ALL,All,all,41.63,>=$5M,13,19.1,248.0,0.807,1.387,0.913,False
406,Baie-Comeau,2024,PRIMARY,Primary,primary,1.114,<$5M,2,3.0,6.0,0.198,2.857,0.221,False
406,Baie-Comeau,2024,SECONDARY,Secondary,secondary,40.516,>=$5M,11,22.0,242.0,0.882,1.269,0.99,False
406,Baie-Comeau,2025,ALL,All,all,40.113,>=$5M,13,18.9,246.0,0.786,1.364,0.901,False
406,Baie-Comeau,2025,PRIMARY,Primary,primary,0.926,<$5M,2,2.5,5.0,0.168,2.815,0.184,False
406,Baie-Comeau,2025,SECONDARY,Secondary,secondary,39.187,>=$5M,11,21.9,241.0,0.861,1.247,0.98,False
568,Barrie,2017,ALL,All,all,87.127,>=$5M,63,6.5,408.0,0.399,1.029,0.662,False
568,Barrie,2017,PRIMARY,Primary,primary,,<$5M,<2,,,,,,True
568,Barrie,2017,SECONDARY,Secondary,secondary,87.127,>=$5M,63,6.5,408.0,0.425,1.041,0.69,False
568,Barrie,2018,ALL,All,all,83.431,>=$5M,62,6.3,392.0,0.386,0.988,0.611,False
568,Barrie,2018,PRIMARY,Primary,primary,,<$5M,<2,,,,,,True
568,Barrie,2018,SECONDARY,Secondary,secondary,83.431,>=$5M,62,6.3,392.0,0.411,1.0,0.637,False
568,Barrie,2019,ALL,All,all,147.067,>=$5M,76,8.8,668.0,0.564,0.989,0.81,False
568,Barrie,2019,PRIMARY,Primary,primary,,<$5M,<2,,,,,,True
568,Barrie,2019,SECONDARY,Secondary,secondary,147.067,>=$5M,76,8.8,668.0,0.615,1.003,0.853,False
568,Barrie,2020,ALL,All,all,127.243,>=$5M,77,7.6,584.0,0.406,0.998,0.585,False
568,Barrie,2020,PRIMARY,Primary,primary,,<$5M,<2,,,,,,True
568,Barrie,2020,SECONDARY,Secondary,secondary,127.243,>=$5M,77,7.6,584.0,0.433,1.013,0.608,False
568,Barrie,2021,ALL,All,all,122.392,>=$5M,74,7.6,562.0,0.498,0.969,0.736,False
568,Barrie,2021,PRIMARY,Primary,primary,,<$5M,<2,,,,,,True
568,Barrie,2021,SECONDARY,Secondary,secondary,122.392,>=$5M,74,7.6,562.0,0.541,0.984,0.775,False
568,Barrie,2022,ALL,All,all,150.441,>=$5M,86,7.8,667.0,0.593,0.988,0.818,False
568,Barrie,2022,PRIMARY,Primary,primary,17.192,>=$5M,12,5.1,61.0,0.511,1.894,0.71,False
568,Barrie,2022,SECONDARY,Secondary,secondary,133.249,>=$5M,74,8.2,606.0,0.606,0.917,0.831,False
568,Barrie,2023,ALL,All,all,116.375,>=$5M,83,6.8,562.0,0.505,0.949,0.734,False
568,Barrie,2023,PRIMARY,Primary,primary,14.231,>=$5M,12,5.1,61.0,0.468,1.818,0.709,False
568,Barrie,2023,SECONDARY,Secondary,secondary,102.144,>=$5M,71,7.1,501.0,0.511,0.878,0.737,False
568,Barrie,2024,ALL,All,all,217.033,>=$5M,92,13.0,1192.0,0.871,1.015,1.083,False
568,Barrie,2024,PRIMARY,Primary,primary,35.959,>=$5M,17,12.9,220.0,1.324,2.511,2.001,False
568,Barrie,2024,SECONDARY,Secondary,secondary,181.074,>=$5M,75,13.0,972.0,0.815,0.894,0.981,False
568,Barrie,2025,ALL,All,all,210.565,>=$5M,94,12.0,1124.0,0.85,0.99,1.023,False
568,Barrie,2025,PRIMARY,Primary,primary,39.436,>=$5M,18,13.6,244.0,1.469,2.544,2.237,False
568,Barrie,2025,SECONDARY,Secondary,secondary,171.129,>=$5M,76,11.6,880.0,0.774,0.865,0.889,False
328,Bathurst,2017,ALL,All,all,30.633,>=$5M,10,13.9,139.0,0.933,0.943,1.051,False
328,Bathurst,2017,PRIMARY,Primary,primary,,<$5M,<2,,,,,,True
328,Bathurst,2017,SECONDARY,Secondary,secondary,30.633,>=$5M,10,13.9,139.0,0.993,0.954,1.096,False
328,Bathurst,2018,ALL,All,all,45.648,>=$5M,11,18.5,204.0,1.351,1.001,1.454,False
328,Bathurst,2018,PRIMARY,Primary,primary,,<$5M,<2,,,,,,True
328,Bathurst,2018,SECONDARY,Secondary,secondary,45.648,>=$5M,11,18.5,204.0,1.437,1.013,1.515,False
328,Bathurst,2019,ALL,All,all,46.341,>=$5M,12,17.2,207.0,0.842,1.018,1.049,False
328,Bathurst,2019,PRIMARY,Primary,primary,,<$5M,<2,,,,,,True
328,Bathurst,2019,SECONDARY,Secondary,secondary,46.341,>=$5M,12,17.2,207.0,0.918,1.033,1.105,False
328,Bathurst,2020,ALL,All,all,47.034,>=$5M,11,19.1,210.0,0.709,0.936,0.866,False
328,Bathurst,2020,PRIMARY,Primary,primary,,<$5M,<2,,,,,,True
328,Bathurst,2020,SECONDARY,Secondary,secondary,47.034,>=$5M,11,19.1,210.0,0.756,0.949,0.9,False
328,Bathurst,2021,ALL,All,all,47.034,>=$5M,11,19.1,210.0,1.089,0.968,1.524,False
328,Bathurst,2021,PRIMARY,Primary,primary,,<$5M,<2,,,,,,True
328,Bathurst,2021,SECONDARY,Secondary,secondary,47.034,>=$5M,11,19.1,210.0,1.184,0.983,1.604,False
328,Bathurst,2022,ALL,All,all,48.882,>=$5M,13,16.6,216.0,1.115,1.017,1.453,False
328,Bathurst,2022,PRIMARY,Primary,primary,1.848,<$5M,2,3.0,6.0,0.318,2.15,0.383,False
328,Bathurst,2022,SECONDARY,Secondary,secondary,47.034,>=$5M,11,19.1,210.0,1.237,0.928,1.58,False
328,Bathurst,2023,ALL,All,all,48.189,>=$5M,12,17.8,213.0,1.766,0.975,1.661,False
328,Bathurst,2023,PRIMARY,Primary,primary,1.848,<$5M,2,3.0,6.0,0.513,2.153,0.416,False
328,Bathurst,2023,SECONDARY,Secondary,secondary,46.341,>=$5M,10,20.7,207.0,1.957,0.879,1.819,False
328,Bathurst,2024,ALL,All,all,38.594,>=$5M,11,18.5,203.0,1.271,0.889,1.09,False
328,Bathurst,2024,PRIMARY,Primary,primary,0.86,<$5M,2,2.5,5.0,0.26,2.163,0.269,False
328,Bathurst,2024,SECONDARY,Secondary,secondary,37.734,>=$5M,9,22.0,198.0,1.395,0.786,1.181,False
328,Bathurst,2025,ALL,All,all,38.594,>=$5M,11,18.5,203.0,1.255,0.873,1.08,False
328,Bathurst,2025,PRIMARY,Primary,primary,0.86,<$5M,2,2.5,5.0,0.258,2.13,0.268,False
328,Bathurst,2025,SECONDARY,Secondary,secondary,37.734,>=$5M,9,22.0,198.0,1.376,0.772,1.169,False
522,Belleville - Quinte West,2017,ALL,All,all,74.879,>=$5M,29,10.8,313.0,0.64,0.717,0.811,False
522,Belleville - Quinte West,2017,PRIMARY,Primary,primary,,<$5M,<2,,,,,,True
522,Belleville - Quinte West,2017,SECONDARY,Secondary,secondary,74.879,>=$5M,29,10.8,313.0,0.682,0.725,0.846,False
522,Belleville - Quinte West,2018,ALL,All,all,77.651,>=$5M,31,10.5,325.0,0.633,0.747,0.801,False
522,Belleville - Quinte West,2018,PRIMARY,Primary,primary,,<$5M,<2,,,,,,True
522,Belleville - Quinte West,2018,SECONDARY,Secondary,secondary,77.651,>=$5M,31,10.5,325.0,0.673,0.756,0.835,False
522,Belleville - Quinte West,2019,ALL,All,all,87.791,>=$5M,37,10.0,369.0,0.6,0.796,0.726,False
522,Belleville - Quinte West,2019,PRIMARY,Primary,primary,,<$5M,<2,,,,,,True
522,Belleville - Quinte West,2019,SECONDARY,Secondary,secondary,87.791,>=$5M,37,10.0,369.0,0.654,0.808,0.765,False
522,Belleville - Quinte West,2020,ALL,All,all,84.773,>=$5M,36,9.9,355.0,0.472,0.774,0.563,False
522,Belleville - Quinte West,2020,PRIMARY,Primary,primary,,<$5M,<2,,,,,,True
522,Belleville - Quinte West,2020,SECONDARY,Secondary,secondary,84.773,>=$5M,36,9.9,355.0,0.503,0.785,0.585,False
522,Belleville - Quinte West,2021,ALL,All,all,84.773,>=$5M,36,9.9,355.0,0.599,0.782,0.754,False
522,Belleville - Quinte West,2021,PRIMARY,Primary,primary,,<$5M,<2,,,,,,True
522,Belleville - Quinte West,2021,SECONDARY,Secondary,secondary,84.773,>=$5M,36,9.9,355.0,0.652,0.793,0.793,False
522,Belleville - Quinte West,2022,ALL,All,all,92.862,>=$5M,41,9.3,383.0,0.633,0.808,0.758,False
522,Belleville - Quinte West,2022,PRIMARY,Primary,primary,4.008,<$5M,2,6.0,12.0,0.206,0.541,0.225,False
522,Belleville - Quinte West,2022,SECONDARY,Secondary,secondary,88.854,>=$5M,39,9.5,371.0,0.699,0.829,0.821,False
522,Belleville - Quinte West,2023,ALL,All,all,90.363,>=$5M,42,9.3,389.0,0.662,0.874,0.843,False
522,Belleville - Quinte West,2023,PRIMARY,Primary,primary,4.008,<$5M,2,6.0,12.0,0.222,0.551,0.231,False
522,Belleville - Quinte West,2023,SECONDARY,Secondary,secondary,86.355,>=$5M,40,9.4,377.0,0.729,0.9,0.921,False
522,Belleville - Quinte West,2024,ALL,All,all,82.924,>=$5M,47,9.3,435.0,0.625,0.943,0.685,False
522,Belleville - Quinte West,2024,PRIMARY,Primary,primary,2.131,<$5M,3,4.0,12.0,0.147,0.805,0.189,False
522,Belleville - Quinte West,2024,SECONDARY,Secondary,secondary,80.793,>=$5M,44,9.6,423.0,0.683,0.954,0.74,False
522,Belleville - Quinte West,2025,ALL,All,all,84.599,>=$5M,47,9.5,447.0,0.613,0.921,0.681,False
522,Belleville - Quinte West,2025,PRIMARY,Primary,primary,4.49,<$5M,4,7.0,28.0,0.3,1.051,0.43,False
522,Belleville - Quinte West,2025,SECONDARY,Secondary,secondary,80.109,>=$5M,43,9.7,419.0,0.651,0.91,0.709,False
610,Brandon,2017,ALL,All,all,18.137,>=$5M,16,5.8,93.0,0.253,0.884,0.394,False
610,Brandon,2017,PRIMARY,Primary,primary,,<$5M,<2,,,,,,True
610,Brandon,2017,SECONDARY,Secondary,secondary,18.137,>=$5M,16,5.8,93.0,0.27,0.895,0.411,False
610,Brandon,2018,ALL,All,all,15.852,>=$5M,14,5.7,80.0,0.212,0.745,0.32,False
610,Brandon,2018,PRIMARY,Primary,primary,,<$5M,<2,,,,,,True
610,Brandon,2018,SECONDARY,Secondary,secondary,15.852,>=$5M,14,5.7,80.0,0.226,0.755,0.333,False
610,Brandon,2019,ALL,All,all,14.817,>=$5M,13,5.8,75.0,0.17,0.635,0.248,False
610,Brandon,2019,PRIMARY,Primary,primary,,<$5M,<2,,,,,,True
610,Brandon,2019,SECONDARY,Secondary,secondary,14.817,>=$5M,13,5.8,75.0,0.185,0.644,0.261,False
610,Brandon,2020,ALL,All,all,14.61,>=$5M,13,5.7,74.0,0.15,0.64,0.203,False
610,Brandon,2020,PRIMARY,Primary,primary,,<$5M,<2,,,,,,True
610,Brandon,2020,SECONDARY,Secondary,secondary,14.61,>=$5M,13,5.7,74.0,0.16,0.649,0.211,False
610,Brandon,2021,ALL,All,all,14.148,>=$5M,12,6.0,72.0,0.183,0.6,0.261,False
610,Brandon,2021,PRIMARY,Primary,primary,,<$5M,<2,,,,,,True
610,Brandon,2021,SECONDARY,Secondary,secondary,14.148,>=$5M,12,6.0,72.0,0.199,0.609,0.275,False
610,Brandon,2022,ALL,All,all,30.934,>=$5M,15,8.5,127.0,0.388,0.68,0.424,False
610,Brandon,2022,PRIMARY,Primary,primary,16.324,>=$5M,2,26.5,53.0,1.545,1.245,1.679,False
610,Brandon,2022,SECONDARY,Secondary,secondary,14.61,>=$5M,13,5.7,74.0,0.211,0.635,0.276,False
610,Brandon,2023,ALL,All,all,30.574,>=$5M,15,8.5,127.0,0.463,0.742,0.487,False
610,Brandon,2023,PRIMARY,Primary,primary,16.324,>=$5M,2,26.5,53.0,1.872,1.311,1.809,False
610,Brandon,2023,SECONDARY,Secondary,secondary,14.25,>=$5M,13,5.7,74.0,0.248,0.696,0.32,False
610,Brandon,2024,ALL,All,all,19.233,>=$5M,15,7.9,118.0,0.305,0.721,0.346,False
610,Brandon,2024,PRIMARY,Primary,primary,9.115,>=$5M,2,26.5,53.0,1.327,1.286,1.554,False
610,Brandon,2024,SECONDARY,Secondary,secondary,10.118,>=$5M,13,5.0,65.0,0.18,0.675,0.211,False
610,Brandon,2025,ALL,All,all,18.445,>=$5M,14,7.9,110.0,0.29,0.659,0.319,False
610,Brandon,2025,PRIMARY,Primary,primary,9.115,>=$5M,2,26.5,53.0,1.324,1.263,1.545,False
610,Brandon,2025,SECONDARY,Secondary,secondary,9.33,>=$5M,12,4.8,57.0,0.165,0.61,0.183,False
543,Brantford,2017,ALL,All,all,56.671,>=$5M,21,6.4,134.0,0.352,0.494,0.283,False
543,Brantford,2017,PRIMARY,Primary,primary,,<$5M,<2,,,,,,True
543,Brantford,2017,SECONDARY,Secondary,secondary,56.671,>=$5M,21,6.4,134.0,0.375,0.499,0.295,False
543,Brantford,2018,ALL,All,all,56.671,>=$5M,21,6.4,134.0,0.329,0.484,0.259,False
543,Brantford,2018,PRIMARY,Primary,primary,,<$5M,<2,,,,,,True
543,Brantford,2018,SECONDARY,Secondary,secondary,56.671,>=$5M,21,6.4,134.0,0.35,0.49,0.27,False
543,Brantford,2019,ALL,All,all,59.809,>=$5M,25,5.9,148.0,0.299,0.493,0.23,False
543,Brantford,2019,PRIMARY,Primary,primary,,<$5M,<2,,,,,,True
543,Brantford,2019,SECONDARY,Secondary,secondary,59.809,>=$5M,25,5.9,148.0,0.325,0.5,0.243,False
543,Brantford,2020,ALL,All,all,59.809,>=$5M,25,5.9,148.0,0.251,0.488,0.189,False
543,Brantford,2020,PRIMARY,Primary,primary,,<$5M,<2,,,,,,True
543,Brantford,2020,SECONDARY,Secondary,secondary,59.809,>=$5M,25,5.9,148.0,0.268,0.495,0.196,False
543,Brantford,2021,ALL,All,all,59.809,>=$5M,25,5.9,148.0,0.31,0.493,0.243,False
543,Brantford,2021,PRIMARY,Primary,primary,,<$5M,<2,,,,,,True
543,Brantford,2021,SECONDARY,Secondary,secondary,59.809,>=$5M,25,5.9,148.0,0.337,0.5,0.256,False
543,Brantford,2022,ALL,All,all,75.101,>=$5M,33,6.0,198.0,0.358,0.557,0.299,False
543,Brantford,2022,PRIMARY,Primary,primary,12.464,>=$5M,4,11.0,44.0,0.449,0.927,0.63,False
543,Brantford,2022,SECONDARY,Secondary,secondary,62.637,>=$5M,29,5.3,154.0,0.345,0.528,0.26,False
543,Brantford,2023,ALL,All,all,72.693,>=$5M,32,6.1,194.0,0.387,0.557,0.328,False
543,Brantford,2023,PRIMARY,Primary,primary,12.464,>=$5M,4,11.0,44.0,0.503,0.922,0.662,False
543,Brantford,2023,SECONDARY,Secondary,secondary,60.229,>=$5M,28,5.4,150.0,0.37,0.527,0.286,False
543,Brantford,2024,ALL,All,all,88.447,>=$5M,36,10.0,359.0,0.45,0.613,0.456,False
543,Brantford,2024,PRIMARY,Primary,primary,14.795,>=$5M,4,26.2,105.0,0.69,0.911,1.336,False
543,Brantford,2024,SECONDARY,Secondary,secondary,73.652,>=$5M,32,7.9,254.0,0.42,0.589,0.359,False
543,Brantford,2025,ALL,All,all,89.338,>=$5M,36,10.1,362.0,0.445,0.595,0.446,False
543,Brantford,2025,PRIMARY,Primary,primary,14.943,>=$5M,4,26.5,106.0,0.687,0.887,1.314,False
543,Brantford,2025,SECONDARY,Secondary,secondary,74.395,>=$5M,32,8.0,256.0,0.416,0.572,0.35,False
512,Brockville,2017,ALL,All,all,6.048,>=$5M,6,5.3,32.0,0.169,0.432,0.221,False
512,Brockville,2017,PRIMARY,Primary,primary,,<$5M,<2,,,,,,True
512,Brockville,2017,SECONDARY,Secondary,secondary,6.048,>=$5M,6,5.3,32.0,0.18,0.437,0.231,False
512,Brockville,2018,ALL,All,all,7.203,>=$5M,7,5.3,37.0,0.195,0.501,0.243,False
512,Brockville,2018,PRIMARY,Primary,primary,,<$5M,<2,,,,,,True
512,Brockville,2018,SECONDARY,Secondary,secondary,7.203,>=$5M,7,5.3,37.0,0.207,0.507,0.253,False
512,Brockville,2019,ALL,All,all,9.624,>=$5M,9,5.3,48.0,0.201,0.573,0.254,False
512,Brockville,2019,PRIMARY,Primary,primary,,<$5M,<2,,,,,,True
512,Brockville,2019,SECONDARY,Secondary,secondary,9.624,>=$5M,9,5.3,48.0,0.219,0.581,0.267,False
512,Brockville,2020,ALL,All,all,9.624,>=$5M,9,5.3,48.0,0.166,0.572,0.204,False
512,Brockville,2020,PRIMARY,Primary,primary,,<$5M,<2,,,,,,True
512,Brockville,2020,SECONDARY,Secondary,secondary,9.624,>=$5M,9,5.3,48.0,0.177,0.581,0.212,False
512,Brockville,2021,ALL,All,all,9.624,>=$5M,9,5.3,48.0,0.203,0.573,0.27,False
512,Brockville,2021,PRIMARY,Primary,primary,,<$5M,<2,,,,,,True
512,Brockville,2021,SECONDARY,Secondary,secondary,9.624,>=$5M,9,5.3,48.0,0.221,0.582,0.284,False
512,Brockville,2022,ALL,All,all,13.422,>=$5M,10,5.7,57.0,0.272,0.578,0.297,False
512,Brockville,2022,PRIMARY,Primary,primary,,<$5M,<2,,,,,,True
512,Brockville,2022,SECONDARY,Secondary,secondary,13.422,>=$5M,10,5.7,57.0,0.313,0.624,0.331,False
512,Brockville,2023,ALL,All,all,13.386,>=$5M,10,5.7,57.0,0.331,0.615,0.341,False
512,Brockville,2023,PRIMARY,Primary,primary,,<$5M,<2,,,,,,True
512,Brockville,2023,SECONDARY,Secondary,secondary,13.386,>=$5M,10,5.7,57.0,0.382,0.665,0.384,False
512,Brockville,2024,ALL,All,all,35.164,>=$5M,11,15.8,174.0,0.859,0.647,0.781,False
512,Brockville,2024,PRIMARY,Primary,primary,,<$5M,<2,,,,,,True
512,Brockville,2024,SECONDARY,Secondary,secondary,35.164,>=$5M,11,15.8,174.0,0.964,0.699,0.868,False
512,Brockville,2025,ALL,All,all,34.357,>=$5M,11,16.5,181.0,0.854,0.632,0.782,False
512,Brockville,2025,PRIMARY,Primary,primary,,<$5M,<2,,,,,,True
512,Brockville,2025,SECONDARY,Secondary,secondary,34.357,>=$5M,11,16.5,181.0,0.958,0.683,0.868,False
806,Brooks,2017,ALL,All,all,48.977,>=$5M,3,14.3,43.0,1.252,0.434,0.52,False
806,Brooks,2017,PRIMARY,Primary,primary,,<$5M,<2,,,,,,True
806,Brooks,2017,SECONDARY,Secondary,secondary,48.977,>=$5M,3,14.3,43.0,1.333,0.439,0.543,False
806,Brooks,2018,ALL,All,all,71.757,>=$5M,4,15.8,63.0,1.779,0.55,0.733,False
806,Brooks,2018,PRIMARY,Primary,primary,,<$5M,<2,,,,,,True
806,Brooks,2018,SECONDARY,Secondary,secondary,71.757,>=$5M,4,15.8,63.0,1.892,0.557,0.764,False
806,Brooks,2019,ALL,All,all,71.757,>=$5M,4,15.8,63.0,1.42,0.516,0.538,False
806,Brooks,2019,PRIMARY,Primary,primary,,<$5M,<2,,,,,,True
806,Brooks,2019,SECONDARY,Secondary,secondary,71.757,>=$5M,4,15.8,63.0,1.548,0.524,0.567,False
806,Brooks,2020,ALL,All,all,71.757,>=$5M,4,15.8,63.0,1.188,0.519,0.448,False
806,Brooks,2020,PRIMARY,Primary,primary,,<$5M,<2,,,,,,True
806,Brooks,2020,SECONDARY,Secondary,secondary,71.757,>=$5M,4,15.8,63.0,1.267,0.526,0.465,False
806,Brooks,2021,ALL,All,all,68.34,>=$5M,3,20.0,60.0,1.463,0.409,0.577,False
806,Brooks,2021,PRIMARY,Primary,primary,,<$5M,<2,,,,,,True
806,Brooks,2021,SECONDARY,Secondary,secondary,68.34,>=$5M,3,20.0,60.0,1.59,0.415,0.608,False
806,Brooks,2022,ALL,All,all,68.34,>=$5M,3,20.0,60.0,1.491,0.377,0.56,False
806,Brooks,2022,PRIMARY,Primary,primary,,<$5M,<2,,,,,,True
806,Brooks,2022,SECONDARY,Secondary,secondary,68.34,>=$5M,3,20.0,60.0,1.719,0.407,0.626,False
806,Brooks,2023,ALL,All,all,61.863,>=$5M,4,15.8,63.0,1.618,0.525,0.693,False
806,Brooks,2023,PRIMARY,Primary,primary,,<$5M,<2,,,,,,True
806,Brooks,2023,SECONDARY,Secondary,secondary,61.863,>=$5M,4,15.8,63.0,1.864,0.568,0.78,False
806,Brooks,2024,ALL,All,all,57.986,>=$5M,4,22.5,90.0,1.661,0.516,0.734,False
806,Brooks,2024,PRIMARY,Primary,primary,,<$5M,<2,,,,,,True
806,Brooks,2024,SECONDARY,Secondary,secondary,57.986,>=$5M,4,22.5,90.0,1.864,0.558,0.815,False
806,Brooks,2025,ALL,All,all,65.072,>=$5M,4,25.2,101.0,1.845,0.51,0.813,False
806,Brooks,2025,PRIMARY,Primary,primary,,<$5M,<2,,,,,,True
806,Brooks,2025,SECONDARY,Secondary,secondary,65.072,>=$5M,4,25.2,101.0,2.07,0.551,0.903,False
825,Calgary,2017,ALL,All,all,3341.692,>=$5M,936,14.9,13902.0,1.926,2.031,2.731,False
825,Calgary,2017,PRIMARY,Primary,primary,39.851,>=$5M,5,20.6,103.0,0.377,0.928,0.491,False
825,Calgary,2017,SECONDARY,Secondary,secondary,3301.841,>=$5M,931,14.8,13799.0,2.027,2.044,2.827,False
825,Calgary,2018,ALL,All,all,3670.587,>=$5M,975,15.6,15187.0,1.88,2.043,2.794,False
825,Calgary,2018,PRIMARY,Primary,primary,39.851,>=$5M,5,20.6,103.0,0.343,0.862,0.474,False
825,Calgary,2018,SECONDARY,Secondary,secondary,3630.736,>=$5M,970,15.6,15084.0,1.977,2.057,2.891,False
825,Calgary,2019,ALL,All,all,4810.448,>=$5M,1094,18.4,20122.0,1.842,2.003,2.793,False
825,Calgary,2019,PRIMARY,Primary,primary,58.72,>=$5M,9,17.6,158.0,0.273,1.175,0.43,False
825,Calgary,2019,SECONDARY,Secondary,secondary,4751.728,>=$5M,1085,18.4,19964.0,1.983,2.015,2.92,False
825,Calgary,2020,ALL,All,all,4799.334,>=$5M,1114,17.9,19982.0,1.571,2.0,2.264,False
825,Calgary,2020,PRIMARY,Primary,primary,60.658,>=$5M,9,18.2,164.0,0.317,1.155,0.491,False
825,Calgary,2020,SECONDARY,Secondary,secondary,4738.676,>=$5M,1105,17.9,19818.0,1.654,2.012,2.334,False
825,Calgary,2021,ALL,All,all,4140.675,>=$5M,1112,15.5,17188.0,1.755,2.003,2.505,False
825,Calgary,2021,PRIMARY,Primary,primary,60.658,>=$5M,9,18.1,163.0,0.321,1.114,0.476,False
825,Calgary,2021,SECONDARY,Secondary,secondary,4080.017,>=$5M,1103,15.4,17025.0,1.88,2.017,2.611,False
825,Calgary,2022,ALL,All,all,4339.114,>=$5M,1203,14.8,17861.0,1.743,1.784,2.375,False
825,Calgary,2022,PRIMARY,Primary,primary,140.352,>=$5M,37,10.2,377.0,0.425,0.754,0.476,False
825,Calgary,2022,SECONDARY,Secondary,secondary,4198.762,>=$5M,1166,15.0,17484.0,1.944,1.865,2.599,False
825,Calgary,2023,ALL,All,all,4030.829,>=$5M,1162,14.4,16769.0,1.984,1.787,2.48,False
825,Calgary,2023,PRIMARY,Primary,primary,120.56,>=$5M,37,10.3,382.0,0.45,0.754,0.502,False
825,Calgary,2023,SECONDARY,Secondary,secondary,3910.269,>=$5M,1125,14.6,16387.0,2.217,1.872,2.73,False
825,Calgary,2024,ALL,All,all,4232.678,>=$5M,1188,18.3,21730.0,1.96,1.629,2.194,False
825,Calgary,2024,PRIMARY,Primary,primary,114.016,>=$5M,40,17.2,689.0,0.485,0.734,0.696,False
825,Calgary,2024,SECONDARY,Secondary,secondary,4118.662,>=$5M,1148,18.3,21041.0,2.141,1.702,2.36,False
825,Calgary,2025,ALL,All,all,4276.143,>=$5M,1213,18.1,21991.0,1.938,1.625,2.177,False
825,Calgary,2025,PRIMARY,Primary,primary,120.541,>=$5M,40,15.7,628.0,0.504,0.719,0.626,False
825,Calgary,2025,SECONDARY,Secondary,secondary,4155.602,>=$5M,1173,18.2,21363.0,2.112,1.698,2.348,False
944,Campbell River,2017,ALL,All,all,25.965,>=$5M,19,6.6,125.0,0.68,1.133,0.832,False
944,Campbell River,2017,PRIMARY,Primary,primary,,<$5M,<2,,,,,,True
944,Campbell River,2017,SECONDARY,Secondary,secondary,25.965,>=$5M,19,6.6,125.0,0.725,1.146,0.867,False
944,Campbell River,2018,ALL,All,all,25.146,>=$5M,18,6.7,120.0,0.614,1.037,0.732,False
944,Campbell River,2018,PRIMARY,Primary,primary,,<$5M,<2,,,,,,True
944,Campbell River,2018,SECONDARY,Secondary,secondary,25.146,>=$5M,18,6.7,120.0,0.653,1.05,0.763,False
944,Campbell River,2019,ALL,All,all,30.666,>=$5M,23,6.3,146.0,0.643,1.209,0.729,False
944,Campbell River,2019,PRIMARY,Primary,primary,,<$5M,<2,,,,,,True
944,Campbell River,2019,SECONDARY,Secondary,secondary,30.666,>=$5M,23,6.3,146.0,0.701,1.226,0.768,False
944,Campbell River,2020,ALL,All,all,33.339,>=$5M,25,6.3,157.0,0.559,1.298,0.628,False
944,Campbell River,2020,PRIMARY,Primary,primary,,<$5M,<2,,,,,,True
944,Campbell River,2020,SECONDARY,Secondary,secondary,31.401,>=$5M,24,6.3,151.0,0.562,1.264,0.628,False
944,Campbell River,2021,ALL,All,all,34.173,>=$5M,25,6.5,163.0,0.73,1.312,0.852,False
944,Campbell River,2021,PRIMARY,Primary,primary,,<$5M,<2,,,,,,True
944,Campbell River,2021,SECONDARY,Secondary,secondary,34.173,>=$5M,25,6.5,163.0,0.793,1.332,0.897,False
944,Campbell River,2022,ALL,All,all,35.097,>=$5M,26,6.3,163.0,0.713,1.23,0.77,False
944,Campbell River,2022,PRIMARY,Primary,primary,,<$5M,<2,,,,,,True
944,Campbell River,2022,SECONDARY,Secondary,secondary,35.097,>=$5M,26,6.3,163.0,0.822,1.326,0.861,False
944,Campbell River,2023,ALL,All,all,35.414,>=$5M,25,6.4,161.0,0.81,1.278,0.841,False
944,Campbell River,2023,PRIMARY,Primary,primary,,<$5M,<2,,,,,,True
944,Campbell River,2023,SECONDARY,Secondary,secondary,35.414,>=$5M,25,6.4,161.0,0.933,1.383,0.948,False
944,Campbell River,2024,ALL,All,all,49.713,>=$5M,26,9.5,248.0,1.293,1.29,0.97,False
944,Campbell River,2024,PRIMARY,Primary,primary,,<$5M,<2,,,,,,True
944,Campbell River,2024,SECONDARY,Secondary,secondary,49.713,>=$5M,26,9.5,248.0,1.451,1.394,1.078,False
944,Campbell River,2025,ALL,All,all,51.437,>=$5M,26,10.4,271.0,1.273,1.253,1.03,False
944,Campbell River,2025,PRIMARY,Primary,primary,,<$5M,<2,,,,,,True
944,Campbell River,2025,SECONDARY,Secondary,secondary,51.437,>=$5M,26,10.4,271.0,1.428,1.354,1.144,False
330,Campbellton (New Brunswick part / partie du Nouveau-Brunswick),2017,ALL,All,all,6.111,>=$5M,3,11.0,33.0,0.339,0.614,0.431,False
330,Campbellton (New Brunswick part / partie du Nouveau-Brunswick),2017,PRIMARY,Primary,primary,,<$5M,<2,,,,,,True
330,Campbellton (New Brunswick part / partie du Nouveau-Brunswick),2017,SECONDARY,Secondary,secondary,6.111,>=$5M,3,11.0,33.0,0.361,0.622,0.45,False
330,Campbellton (New Brunswick part / partie du Nouveau-Brunswick),2018,ALL,All,all,6.111,>=$5M,3,11.0,33.0,0.329,0.593,0.414,False
330,Campbellton (New Brunswick part / partie du Nouveau-Brunswick),2018,PRIMARY,Primary,primary,,<$5M,<2,,,,,,True
330,Campbellton (New Brunswick part / partie du Nouveau-Brunswick),2018,SECONDARY,Secondary,secondary,6.111,>=$5M,3,11.0,33.0,0.35,0.6,0.431,False
330,Campbellton (New Brunswick part / partie du Nouveau-Brunswick),2019,ALL,All,all,6.318,>=$5M,4,8.5,34.0,0.312,0.736,0.363,False
330,Campbellton (New Brunswick part / partie du Nouveau-Brunswick),2019,PRIMARY,Primary,primary,,<$5M,<2,,,,,,True
330,Campbellton (New Brunswick part / partie du Nouveau-Brunswick),2019,SECONDARY,Secondary,secondary,6.318,>=$5M,4,8.5,34.0,0.339,0.747,0.382,False
330,Campbellton (New Brunswick part / partie du Nouveau-Brunswick),2020,ALL,All,all,6.318,>=$5M,4,8.5,34.0,0.262,0.741,0.3,False
330,Campbellton (New Brunswick part / partie du Nouveau-Brunswick),2020,PRIMARY,Primary,primary,,<$5M,<2,,,,,,True
330,Campbellton (New Brunswick part / partie du Nouveau-Brunswick),2020,SECONDARY,Secondary,secondary,6.318,>=$5M,4,8.5,34.0,0.28,0.752,0.312,False
330,Campbellton (New Brunswick part / partie du Nouveau-Brunswick),2021,ALL,All,all,6.318,>=$5M,4,8.5,34.0,0.438,0.753,0.53,False
330,Campbellton (New Brunswick part / partie du Nouveau-Brunswick),2021,PRIMARY,Primary,primary,,<$5M,<2,,,,,,True
330,Campbellton (New Brunswick part / partie du Nouveau-Brunswick),2021,SECONDARY,Secondary,secondary,6.318,>=$5M,4,8.5,34.0,0.477,0.764,0.558,False
330,Campbellton (New Brunswick part / partie du Nouveau-Brunswick),2022,ALL,All,all,6.318,>=$5M,4,8.5,34.0,0.395,0.671,0.489,False
330,Campbellton (New Brunswick part / partie du Nouveau-Brunswick),2022,PRIMARY,Primary,primary,,<$5M,<2,,,,,,True
330,Campbellton (New Brunswick part / partie du Nouveau-Brunswick),2022,SECONDARY,Secondary,secondary,6.318,>=$5M,4,8.5,34.0,0.456,0.724,0.547,False
330,Campbellton (New Brunswick part / partie du Nouveau-Brunswick),2023,ALL,All,all,6.261,>=$5M,4,8.5,34.0,0.456,0.705,0.531,False
330,Campbellton (New Brunswick part / partie du Nouveau-Brunswick),2023,PRIMARY,Primary,primary,,<$5M,<2,,,,,,True
330,Campbellton (New Brunswick part / partie du Nouveau-Brunswick),2023,SECONDARY,Secondary,secondary,6.261,>=$5M,4,8.5,34.0,0.525,0.763,0.598,False
330,Campbellton (New Brunswick part / partie du Nouveau-Brunswick),2024,ALL,All,all,1.627,<$5M,2,8.0,16.0,0.121,0.348,0.167,False
330,Campbellton (New Brunswick part / partie du Nouveau-Brunswick),2024,PRIMARY,Primary,primary,,<$5M,<2,,,,,,True
330,Campbellton (New Brunswick part / partie du Nouveau-Brunswick),2024,SECONDARY,Secondary,secondary,1.627,<$5M,2,8.0,16.0,0.136,0.376,0.186,False
330,Campbellton (New Brunswick part / partie du Nouveau-Brunswick),2025,ALL,All,all,1.627,<$5M,2,8.0,16.0,0.121,0.34,0.163,False
330,Campbellton (New Brunswick part / partie du Nouveau-Brunswick),2025,PRIMARY,Primary,primary,,<$5M,<2,,,,,,True
330,Campbellton (New Brunswick part / partie du Nouveau-Brunswick),2025,SECONDARY,Secondary,secondary,1.627,<$5M,2,8.0,16.0,0.135,0.368,0.181,False
833,Camrose,2017,ALL,All,all,,<$5M,<2,,,,,,True
833,Camrose,2017,PRIMARY,Primary,primary,,<$5M,<2,,,,,,True
833,Camrose,2017,SECONDARY,Secondary,secondary,,<$5M,<2,,,,,,True
833,Camrose,2018,ALL,All,all,,<$5M,<2,,,,,,True
833,Camrose,2018,PRIMARY,Primary,primary,,<$5M,<2,,,,,,True
833,Camrose,2018,SECONDARY,Secondary,secondary,,<$5M,<2,,,,,,True
833,Camrose,2019,ALL,All,all,,<$5M,<2,,,,,,True
833,Camrose,2019,PRIMARY,Primary,primary,,<$5M,<2,,,,,,True
833,Camrose,2019,SECONDARY,Secondary,secondary,,<$5M,<2,,,,,,True
833,Camrose,2020,ALL,All,all,,<$5M,<2,,,,,,True
833,Camrose,2020,PRIMARY,Primary,primary,,<$5M,<2,,,,,,True
833,Camrose,2020,SECONDARY,Secondary,secondary,,<$5M,<2,,,,,,True
833,Camrose,2021,ALL,All,all,,<$5M,<2,,,,,,True
833,Camrose,2021,PRIMARY,Primary,primary,,<$5M,<2,,,,,,True
833,Camrose,2021,SECONDARY,Secondary,secondary,,<$5M,<2,,,,,,True
833,Camrose,2022,ALL,All,all,,<$5M,<2,,,,,,True
833,Camrose,2022,PRIMARY,Primary,primary,,<$5M,<2,,,,,,True
833,Camrose,2022,SECONDARY,Secondary,secondary,,<$5M,<2,,,,,,True
833,Camrose,2023,ALL,All,all,,<$5M,<2,,,,,,True
833,Camrose,2023,PRIMARY,Primary,primary,,<$5M,<2,,,,,,True
833,Camrose,2023,SECONDARY,Secondary,secondary,,<$5M,<2,,,,,,True
833,Camrose,2024,ALL,All,all,,<$5M,<2,,,,,,True
833,Camrose,2024,PRIMARY,Primary,primary,,<$5M,<2,,,,,,True
833,Camrose,2024,SECONDARY,Secondary,secondary,,<$5M,<2,,,,,,True
833,Camrose,2025,ALL,All,all,,<$5M,<2,,,,,,True
833,Camrose,2025,PRIMARY,Primary,primary,,<$5M,<2,,,,,,True
833,Camrose,2025,SECONDARY,Secondary,secondary,,<$5M,<2,,,,,,True
828,Canmore,2017,ALL,All,all,6.762,>=$5M,7,4.9,34.0,0.443,0.774,0.482,False
828,Canmore,2017,PRIMARY,Primary,primary,,<$5M,<2,,,,,,True
828,Canmore,2017,SECONDARY,Secondary,secondary,6.762,>=$5M,7,4.9,34.0,0.472,0.783,0.503,False
828,Canmore,2018,ALL,All,all,12.537,>=$5M,8,7.4,59.0,0.756,0.861,0.793,False
828,Canmore,2018,PRIMARY,Primary,primary,,<$5M,<2,,,,,,True
828,Canmore,2018,SECONDARY,Secondary,secondary,12.537,>=$5M,8,7.4,59.0,0.803,0.871,0.826,False
828,Canmore,2019,ALL,All,all,12.537,>=$5M,8,7.4,59.0,0.616,0.799,0.612,False
828,Canmore,2019,PRIMARY,Primary,primary,,<$5M,<2,,,,,,True
828,Canmore,2019,SECONDARY,Secondary,secondary,12.537,>=$5M,8,7.4,59.0,0.671,0.81,0.645,False
828,Canmore,2020,ALL,All,all,16.002,>=$5M,9,8.2,74.0,0.662,0.889,0.628,False
828,Canmore,2020,PRIMARY,Primary,primary,,<$5M,<2,,,,,,True
828,Canmore,2020,SECONDARY,Secondary,secondary,16.002,>=$5M,9,8.2,74.0,0.706,0.902,0.652,False
828,Canmore,2021,ALL,All,all,12.537,>=$5M,8,7.4,59.0,0.648,0.791,0.633,False
828,Canmore,2021,PRIMARY,Primary,primary,,<$5M,<2,,,,,,True
828,Canmore,2021,SECONDARY,Secondary,secondary,12.537,>=$5M,8,7.4,59.0,0.704,0.803,0.666,False
828,Canmore,2022,ALL,All,all,13.769,>=$5M,9,7.0,63.0,0.729,0.801,0.622,False
828,Canmore,2022,PRIMARY,Primary,primary,,<$5M,<2,,,,,,True
828,Canmore,2022,SECONDARY,Secondary,secondary,12.537,>=$5M,8,7.4,59.0,0.766,0.768,0.651,False
828,Canmore,2023,ALL,All,all,9.33,>=$5M,8,6.0,48.0,0.56,0.748,0.522,False
828,Canmore,2023,PRIMARY,Primary,primary,,<$5M,<2,,,,,,True
828,Canmore,2023,SECONDARY,Secondary,secondary,8.098,>=$5M,7,6.3,44.0,0.56,0.708,0.539,False
828,Canmore,2024,ALL,All,all,14.397,>=$5M,10,8.0,80.0,0.847,0.87,0.627,False
828,Canmore,2024,PRIMARY,Primary,primary,,<$5M,<2,,,,,,True
828,Canmore,2024,SECONDARY,Secondary,secondary,13.709,>=$5M,9,8.4,76.0,0.905,0.847,0.662,False
828,Canmore,2025,ALL,All,all,14.397,>=$5M,10,8.0,80.0,0.796,0.849,0.602,False
828,Canmore,2025,PRIMARY,Primary,primary,,<$5M,<2,,,,,,True
828,Canmore,2025,SECONDARY,Secondary,secondary,13.709,>=$5M,9,8.4,76.0,0.85,0.826,0.635,False
225,Cape Breton,2017,ALL,All,all,24.6,>=$5M,18,6.7,120.0,0.274,0.719,0.332,False
225,Cape Breton,2017,PRIMARY,Primary,primary,,<$5M,<2,,,,,,True
225,Cape Breton,2017,SECONDARY,Secondary,secondary,24.6,>=$5M,18,6.7,120.0,0.292,0.728,0.346,False
225,Cape Breton,2018,ALL,All,all,26.217,>=$5M,20,6.4,127.0,0.279,0.764,0.332,False
225,Cape Breton,2018,PRIMARY,Primary,primary,,<$5M,<2,,,,,,True
225,Cape Breton,2018,SECONDARY,Secondary,secondary,26.217,>=$5M,20,6.4,127.0,0.296,0.773,0.346,False
225,Cape Breton,2019,ALL,All,all,75.462,>=$5M,26,13.2,342.0,0.688,0.896,0.751,False
225,Cape Breton,2019,PRIMARY,Primary,primary,,<$5M,<2,,,,,,True
225,Cape Breton,2019,SECONDARY,Secondary,secondary,75.462,>=$5M,26,13.2,342.0,0.75,0.909,0.791,False
225,Cape Breton,2020,ALL,All,all,64.32,>=$5M,27,11.0,296.0,0.483,0.931,0.522,False
225,Cape Breton,2020,PRIMARY,Primary,primary,,<$5M,<2,,,,,,True
225,Cape Breton,2020,SECONDARY,Secondary,secondary,64.32,>=$5M,27,11.0,296.0,0.515,0.945,0.543,False
225,Cape Breton,2021,ALL,All,all,62.934,>=$5M,26,11.2,290.0,0.602,0.906,0.667,False
225,Cape Breton,2021,PRIMARY,Primary,primary,,<$5M,<2,,,,,,True
225,Cape Breton,2021,SECONDARY,Secondary,secondary,62.934,>=$5M,26,11.2,290.0,0.655,0.92,0.702,False
225,Cape Breton,2022,ALL,All,all,83.17,>=$5M,30,10.3,309.0,0.772,0.946,0.667,False
225,Cape Breton,2022,PRIMARY,Primary,primary,6.113,>=$5M,3,5.3,16.0,0.428,1.3,0.327,False
225,Cape Breton,2022,SECONDARY,Secondary,secondary,77.057,>=$5M,27,10.9,293.0,0.825,0.918,0.706,False
225,Cape Breton,2023,ALL,All,all,43.994,>=$5M,30,4.7,140.0,0.46,0.995,0.333,False
225,Cape Breton,2023,PRIMARY,Primary,primary,6.113,>=$5M,3,5.3,16.0,0.484,1.318,0.338,False
225,Cape Breton,2023,SECONDARY,Secondary,secondary,37.881,>=$5M,27,4.6,124.0,0.456,0.969,0.332,False
225,Cape Breton,2024,ALL,All,all,40.009,>=$5M,30,6.6,199.0,0.428,0.979,0.349,False
225,Cape Breton,2024,PRIMARY,Primary,primary,2.991,<$5M,3,5.3,16.0,0.294,1.31,0.281,False
225,Cape Breton,2024,SECONDARY,Secondary,secondary,37.018,>=$5M,27,6.8,183.0,0.445,0.952,0.357,False
225,Cape Breton,2025,ALL,All,all,40.602,>=$5M,31,6.6,204.0,0.424,0.989,0.348,False
225,Cape Breton,2025,PRIMARY,Primary,primary,2.991,<$5M,3,5.3,16.0,0.288,1.284,0.275,False
225,Cape Breton,2025,SECONDARY,Secondary,secondary,37.611,>=$5M,28,6.7,188.0,0.44,0.965,0.356,False
531,Centre Wellington,2017,ALL,All,all,32.865,>=$5M,7,20.4,143.0,1.87,0.805,2.108,False
531,Centre Wellington,2017,PRIMARY,Primary,primary,,<$5M,<2,,,,,,True
531,Centre Wellington,2017,SECONDARY,Secondary,secondary,32.865,>=$5M,7,20.4,143.0,1.991,0.814,2.199,False
531,Centre Wellington,2018,ALL,All,all,32.865,>=$5M,7,20.4,143.0,1.842,0.783,2.024,False
531,Centre Wellington,2018,PRIMARY,Primary,primary,,<$5M,<2,,,,,,True
531,Centre Wellington,2018,SECONDARY,Secondary,secondary,32.865,>=$5M,7,20.4,143.0,1.959,0.793,2.108,False
531,Centre Wellington,2019,ALL,All,all,39.088,>=$5M,9,17.3,156.0,1.764,0.869,1.72,False
531,Centre Wellington,2019,PRIMARY,Primary,primary,,>=$5M,<2,,,,,,True
531,Centre Wellington,2019,SECONDARY,Secondary,secondary,30.555,>=$5M,8,16.6,133.0,1.502,0.784,1.546,False
531,Centre Wellington,2020,ALL,All,all,36.316,>=$5M,8,18.0,144.0,1.356,0.769,1.285,False
531,Centre Wellington,2020,PRIMARY,Primary,primary,,>=$5M,<2,,,,,,True
531,Centre Wellington,2020,SECONDARY,Secondary,secondary,27.783,>=$5M,7,17.3,121.0,1.107,0.682,1.122,False
531,Centre Wellington,2021,ALL,All,all,36.316,>=$5M,8,18.1,145.0,1.686,0.783,1.676,False
531,Centre Wellington,2021,PRIMARY,Primary,primary,,>=$5M,<2,,,,,,True
531,Centre Wellington,2021,SECONDARY,Secondary,secondary,27.783,>=$5M,7,17.4,122.0,1.402,0.695,1.484,False
531,Centre Wellington,2022,ALL,All,all,52.948,>=$5M,11,17.8,196.0,2.328,0.979,2.16,False
531,Centre Wellington,2022,PRIMARY,Primary,primary,24.241,>=$5M,3,24.7,74.0,8.039,3.668,7.738,False
531,Centre Wellington,2022,SECONDARY,Secondary,secondary,28.707,>=$5M,8,15.2,122.0,1.455,0.768,1.503,False
531,Centre Wellington,2023,ALL,All,all,51.505,>=$5M,11,17.8,196.0,2.489,1.028,2.154,False
531,Centre Wellington,2023,PRIMARY,Primary,primary,24.241,>=$5M,3,24.7,74.0,8.879,3.713,7.235,False
531,Centre Wellington,2023,SECONDARY,Secondary,secondary,27.264,>=$5M,8,15.2,122.0,1.518,0.809,1.511,False
531,Centre Wellington,2024,ALL,All,all,48.149,>=$5M,11,22.4,246.0,2.311,0.992,1.643,False
531,Centre Wellington,2024,PRIMARY,Primary,primary,17.933,>=$5M,3,30.0,90.0,7.9,3.619,6.019,False
531,Centre Wellington,2024,SECONDARY,Secondary,secondary,30.216,>=$5M,8,19.5,156.0,1.628,0.779,1.158,False
531,Centre Wellington,2025,ALL,All,all,47.914,>=$5M,11,22.3,245.0,2.224,0.96,1.578,False
531,Centre Wellington,2025,PRIMARY,Primary,primary,17.698,>=$5M,3,29.7,89.0,7.584,3.511,5.773,False
531,Centre Wellington,2025,SECONDARY,Secondary,secondary,30.216,>=$5M,8,19.5,156.0,1.573,0.754,1.116,False
105,Charlottetown,2017,ALL,All,all,72.872,>=$5M,40,7.2,288.0,0.756,1.091,0.559,False
105,Charlottetown,2017,PRIMARY,Primary,primary,,<$5M,<2,,,,,,True
105,Charlottetown,2017,SECONDARY,Secondary,secondary,72.872,>=$5M,40,7.2,288.0,0.805,1.104,0.583,False
105,Charlottetown,2018,ALL,All,all,68.96,>=$5M,40,6.8,272.0,0.629,1.053,0.479,False
105,Charlottetown,2018,PRIMARY,Primary,primary,,<$5M,<2,,,,,,True
105,Charlottetown,2018,SECONDARY,Secondary,secondary,68.96,>=$5M,40,6.8,272.0,0.669,1.066,0.499,False
105,Charlottetown,2019,ALL,All,all,75.689,>=$5M,48,6.4,307.0,0.624,1.136,0.478,False
105,Charlottetown,2019,PRIMARY,Primary,primary,,<$5M,<2,,,,,,True
105,Charlottetown,2019,SECONDARY,Secondary,secondary,75.689,>=$5M,48,6.4,307.0,0.68,1.152,0.504,False
105,Charlottetown,2020,ALL,All,all,55.793,>=$5M,46,4.6,211.0,0.376,1.091,0.262,False
105,Charlottetown,2020,PRIMARY,Primary,primary,,<$5M,<2,,,,,,True
105,Charlottetown,2020,SECONDARY,Secondary,secondary,55.793,>=$5M,46,4.6,211.0,0.401,1.106,0.272,False
105,Charlottetown,2021,ALL,All,all,55.058,>=$5M,45,4.6,206.0,0.48,1.078,0.335,False
105,Charlottetown,2021,PRIMARY,Primary,primary,,<$5M,<2,,,,,,True
105,Charlottetown,2021,SECONDARY,Secondary,secondary,55.058,>=$5M,45,4.6,206.0,0.522,1.094,0.352,False
105,Charlottetown,2022,ALL,All,all,59.949,>=$5M,49,4.4,218.0,0.515,1.038,0.384,False
105,Charlottetown,2022,PRIMARY,Primary,primary,4.891,<$5M,4,2.8,11.0,0.317,1.165,0.184,False
105,Charlottetown,2022,SECONDARY,Secondary,secondary,55.058,>=$5M,45,4.6,207.0,0.546,1.028,0.407,False
105,Charlottetown,2023,ALL,All,all,57.142,>=$5M,46,4.6,212.0,0.546,1.013,0.394,False
105,Charlottetown,2023,PRIMARY,Primary,primary,4.891,<$5M,4,2.8,11.0,0.354,1.167,0.182,False
105,Charlottetown,2023,SECONDARY,Secondary,secondary,52.251,>=$5M,42,4.8,201.0,0.575,1.0,0.421,False
105,Charlottetown,2024,ALL,All,all,45.003,>=$5M,43,5.1,220.0,0.416,0.915,0.297,False
105,Charlottetown,2024,PRIMARY,Primary,primary,1.41,<$5M,3,2.7,8.0,0.12,0.854,0.108,False
105,Charlottetown,2024,SECONDARY,Secondary,secondary,43.593,>=$5M,40,5.3,212.0,0.452,0.92,0.318,False
105,Charlottetown,2025,ALL,All,all,45.881,>=$5M,44,5.2,229.0,0.416,0.918,0.3,False
105,Charlottetown,2025,PRIMARY,Primary,primary,1.41,<$5M,3,2.7,8.0,0.118,0.84,0.106,False
105,Charlottetown,2025,SECONDARY,Secondary,secondary,44.471,>=$5M,41,5.4,221.0,0.453,0.924,0.322,False
556,Chatham-Kent,2017,ALL,All,all,53.363,>=$5M,19,5.3,101.0,0.437,0.555,0.253,False
556,Chatham-Kent,2017,PRIMARY,Primary,primary,,<$5M,<2,,,,,,True
556,Chatham-Kent,2017,SECONDARY,Secondary,secondary,53.363,>=$5M,19,5.3,101.0,0.465,0.562,0.264,False
556,Chatham-Kent,2018,ALL,All,all,52.781,>=$5M,19,5.2,99.0,0.411,0.543,0.236,False
556,Chatham-Kent,2018,PRIMARY,Primary,primary,,<$5M,<2,,,,,,True
556,Chatham-Kent,2018,SECONDARY,Secondary,secondary,52.781,>=$5M,19,5.2,99.0,0.437,0.55,0.246,False
556,Chatham-Kent,2019,ALL,All,all,45.055,>=$5M,20,4.8,97.0,0.281,0.505,0.183,False
556,Chatham-Kent,2019,PRIMARY,Primary,primary,,<$5M,<2,,,,,,True
556,Chatham-Kent,2019,SECONDARY,Secondary,secondary,45.055,>=$5M,20,4.8,97.0,0.306,0.512,0.193,False
556,Chatham-Kent,2020,ALL,All,all,27.97,>=$5M,19,4.3,82.0,0.146,0.475,0.127,False
556,Chatham-Kent,2020,PRIMARY,Primary,primary,,<$5M,<2,,,,,,True
556,Chatham-Kent,2020,SECONDARY,Secondary,secondary,27.97,>=$5M,19,4.3,82.0,0.156,0.482,0.132,False
556,Chatham-Kent,2021,ALL,All,all,27.97,>=$5M,19,4.3,82.0,0.186,0.478,0.166,False
556,Chatham-Kent,2021,PRIMARY,Primary,primary,,<$5M,<2,,,,,,True
556,Chatham-Kent,2021,SECONDARY,Secondary,secondary,27.97,>=$5M,19,4.3,82.0,0.202,0.485,0.175,False
556,Chatham-Kent,2022,ALL,All,all,33.214,>=$5M,21,4.7,98.0,0.219,0.482,0.191,False
556,Chatham-Kent,2022,PRIMARY,Primary,primary,,<$5M,<2,,,,,,True
556,Chatham-Kent,2022,SECONDARY,Secondary,secondary,28.894,>=$5M,20,4.3,86.0,0.22,0.495,0.188,False
556,Chatham-Kent,2023,ALL,All,all,28.796,>=$5M,19,4.7,89.0,0.214,0.468,0.2,False
556,Chatham-Kent,2023,PRIMARY,Primary,primary,,<$5M,<2,,,,,,True
556,Chatham-Kent,2023,SECONDARY,Secondary,secondary,26.599,>=$5M,18,4.3,77.0,0.228,0.48,0.195,False
556,Chatham-Kent,2024,ALL,All,all,16.432,>=$5M,16,4.3,69.0,0.13,0.386,0.12,False
556,Chatham-Kent,2024,PRIMARY,Primary,primary,,<$5M,<2,,,,,,True
556,Chatham-Kent,2024,SECONDARY,Secondary,secondary,14.235,>=$5M,15,3.8,57.0,0.127,0.391,0.11,False
556,Chatham-Kent,2025,ALL,All,all,16.432,>=$5M,16,4.3,69.0,0.128,0.375,0.117,False
556,Chatham-Kent,2025,PRIMARY,Primary,primary,,<$5M,<2,,,,,,True
556,Chatham-Kent,2025,SECONDARY,Secondary,secondary,14.235,>=$5M,15,3.8,57.0,0.124,0.38,0.107,False
930,Chilliwack,2017,ALL,All,all,60.255,>=$5M,24,8.2,196.0,0.773,0.745,0.631,False
930,Chilliwack,2017,PRIMARY,Primary,primary,29.508,>=$5M,4,15.0,60.0,6.209,10.631,4.687,False
930,Chilliwack,2017,SECONDARY,Secondary,secondary,30.747,>=$5M,20,6.8,136.0,0.42,0.628,0.457,False
930,Chilliwack,2018,ALL,All,all,61.179,>=$5M,24,8.3,200.0,0.753,0.716,0.62,False
930,Chilliwack,2018,PRIMARY,Primary,primary,29.508,>=$5M,4,15.0,60.0,6.101,9.818,4.649,False
930,Chilliwack,2018,SECONDARY,Secondary,secondary,31.671,>=$5M,20,7.0,140.0,0.415,0.604,0.452,False
930,Chilliwack,2019,ALL,All,all,64.035,>=$5M,28,7.7,216.0,0.655,0.722,0.534,False
930,Chilliwack,2019,PRIMARY,Primary,primary,29.508,>=$5M,4,15.0,60.0,3.671,7.355,2.912,False
930,Chilliwack,2019,SECONDARY,Secondary,secondary,34.527,>=$5M,24,6.5,156.0,0.385,0.628,0.407,False
930,Chilliwack,2020,ALL,All,all,64.875,>=$5M,29,7.6,220.0,0.541,0.739,0.441,False
930,Chilliwack,2020,PRIMARY,Primary,primary,29.508,>=$5M,4,15.0,60.0,3.929,7.29,3.18,False
930,Chilliwack,2020,SECONDARY,Secondary,secondary,35.367,>=$5M,25,6.4,160.0,0.314,0.647,0.333,False
930,Chilliwack,2021,ALL,All,all,54.165,>=$5M,24,7.1,170.0,0.632,0.692,0.504,False
930,Chilliwack,2021,PRIMARY,Primary,primary,29.508,>=$5M,4,15.0,60.0,4.297,7.923,3.567,False
930,Chilliwack,2021,SECONDARY,Secondary,secondary,24.657,>=$5M,20,5.5,110.0,0.313,0.585,0.343,False
930,Chilliwack,2022,ALL,All,all,68.329,>=$5M,35,6.5,229.0,0.682,0.81,0.563,False
930,Chilliwack,2022,PRIMARY,Primary,primary,32.172,>=$5M,7,10.0,70.0,2.424,2.227,1.634,False
930,Chilliwack,2022,SECONDARY,Secondary,secondary,36.157,>=$5M,28,5.7,159.0,0.416,0.699,0.437,False
930,Chilliwack,2023,ALL,All,all,65.198,>=$5M,36,6.7,242.0,0.721,0.866,0.643,False
930,Chilliwack,2023,PRIMARY,Primary,primary,31.819,>=$5M,8,10.4,83.0,2.668,2.55,1.963,False
930,Chilliwack,2023,SECONDARY,Secondary,secondary,33.379,>=$5M,28,5.7,159.0,0.425,0.729,0.476,False
930,Chilliwack,2024,ALL,All,all,78.025,>=$5M,40,9.1,364.0,0.815,0.866,0.647,False
930,Chilliwack,2024,PRIMARY,Primary,primary,38.3,>=$5M,9,14.9,134.0,3.669,2.607,2.382,False
930,Chilliwack,2024,SECONDARY,Secondary,secondary,39.725,>=$5M,31,7.4,230.0,0.465,0.725,0.454,False
930,Chilliwack,2025,ALL,All,all,87.719,>=$5M,42,10.1,425.0,0.847,0.886,0.711,False
930,Chilliwack,2025,PRIMARY,Primary,primary,45.198,>=$5M,10,18.1,181.0,4.032,2.831,3.048,False
930,Chilliwack,2025,SECONDARY,Secondary,secondary,42.521,>=$5M,32,7.6,244.0,0.461,0.73,0.453,False
527,Cobourg,2017,ALL,All,all,50.196,>=$5M,9,9.1,82.0,1.324,1.043,0.557,False
527,Cobourg,2017,PRIMARY,Primary,primary,,<$5M,<2,,,,,,True
527,Cobourg,2017,SECONDARY,Secondary,secondary,50.196,>=$5M,9,9.1,82.0,1.41,1.056,0.58,False
527,Cobourg,2018,ALL,All,all,57.03,>=$5M,10,8.8,88.0,1.453,1.118,0.568,False
527,Cobourg,2018,PRIMARY,Primary,primary,,<$5M,<2,,,,,,True
527,Cobourg,2018,SECONDARY,Secondary,secondary,57.03,>=$5M,10,8.8,88.0,1.545,1.132,0.592,False
527,Cobourg,2019,ALL,All,all,55.665,>=$5M,10,7.7,77.0,1.219,0.991,0.404,False
527,Cobourg,2019,PRIMARY,Primary,primary,,<$5M,<2,,,,,,True
527,Cobourg,2019,SECONDARY,Secondary,secondary,55.665,>=$5M,10,7.7,77.0,1.328,1.005,0.426,False
527,Cobourg,2020,ALL,All,all,56.127,>=$5M,11,7.0,77.0,0.995,1.068,0.33,False
527,Cobourg,2020,PRIMARY,Primary,primary,,<$5M,<2,,,,,,True
527,Cobourg,2020,SECONDARY,Secondary,secondary,56.127,>=$5M,11,7.0,77.0,1.062,1.083,0.343,False
527,Cobourg,2021,ALL,All,all,56.127,>=$5M,11,7.0,77.0,1.237,1.072,0.43,False
527,Cobourg,2021,PRIMARY,Primary,primary,,<$5M,<2,,,,,,True
527,Cobourg,2021,SECONDARY,Secondary,secondary,56.127,>=$5M,11,7.0,77.0,1.344,1.088,0.452,False
527,Cobourg,2022,ALL,All,all,58.449,>=$5M,12,6.9,83.0,1.26,1.059,0.44,False
527,Cobourg,2022,PRIMARY,Primary,primary,,<$5M,<2,,,,,,True
527,Cobourg,2022,SECONDARY,Secondary,secondary,56.127,>=$5M,11,7.0,77.0,1.395,1.047,0.456,False
527,Cobourg,2023,ALL,All,all,58.341,>=$5M,12,6.9,83.0,1.377,1.113,0.489,False
527,Cobourg,2023,PRIMARY,Primary,primary,,<$5M,<2,,,,,,True
527,Cobourg,2023,SECONDARY,Secondary,secondary,56.019,>=$5M,11,7.0,77.0,1.524,1.104,0.511,False
527,Cobourg,2024,ALL,All,all,15.45,>=$5M,10,4.7,47.0,0.424,0.913,0.213,False
527,Cobourg,2024,PRIMARY,Primary,primary,,<$5M,<2,,,,,,True
527,Cobourg,2024,SECONDARY,Secondary,secondary,14.322,>=$5M,9,4.6,41.0,0.441,0.888,0.207,False
527,Cobourg,2025,ALL,All,all,15.45,>=$5M,10,4.7,47.0,0.412,0.877,0.207,False
527,Cobourg,2025,PRIMARY,Primary,primary,,<$5M,<2,,,,,,True
527,Cobourg,2025,SECONDARY,Secondary,secondary,14.322,>=$5M,9,4.6,41.0,0.428,0.853,0.2,False
567,Collingwood,2017,ALL,All,all,48.165,>=$5M,11,19.5,215.0,1.348,1.089,2.137,False
567,Collingwood,2017,PRIMARY,Primary,primary,,<$5M,<2,,,,,,True
567,Collingwood,2017,SECONDARY,Secondary,secondary,48.165,>=$5M,11,19.5,215.0,1.436,1.102,2.229,False
567,Collingwood,2018,ALL,All,all,48.165,>=$5M,11,19.5,215.0,1.309,1.068,1.98,False
567,Collingwood,2018,PRIMARY,Primary,primary,,<$5M,<2,,,,,,True
567,Collingwood,2018,SECONDARY,Secondary,secondary,48.165,>=$5M,11,19.5,215.0,1.392,1.081,2.063,False
567,Collingwood,2019,ALL,All,all,50.244,>=$5M,12,18.7,224.0,1.091,0.946,1.52,False
567,Collingwood,2019,PRIMARY,Primary,primary,,<$5M,<2,,,,,,True
567,Collingwood,2019,SECONDARY,Secondary,secondary,50.244,>=$5M,12,18.7,224.0,1.189,0.959,1.602,False
567,Collingwood,2020,ALL,All,all,49.32,>=$5M,12,18.3,220.0,0.868,0.934,1.196,False
567,Collingwood,2020,PRIMARY,Primary,primary,,<$5M,<2,,,,,,True
567,Collingwood,2020,SECONDARY,Secondary,secondary,49.32,>=$5M,12,18.3,220.0,0.926,0.948,1.243,False
567,Collingwood,2021,ALL,All,all,49.32,>=$5M,12,18.3,220.0,1.083,0.941,1.566,False
567,Collingwood,2021,PRIMARY,Primary,primary,,<$5M,<2,,,,,,True
567,Collingwood,2021,SECONDARY,Secondary,secondary,49.32,>=$5M,12,18.3,220.0,1.178,0.955,1.648,False
567,Collingwood,2022,ALL,All,all,49.936,>=$5M,13,17.1,222.0,1.141,0.919,1.473,False
567,Collingwood,2022,PRIMARY,Primary,primary,,<$5M,<2,,,,,,True
567,Collingwood,2022,SECONDARY,Secondary,secondary,49.32,>=$5M,12,18.3,220.0,1.3,0.915,1.631,False
567,Collingwood,2023,ALL,All,all,97.329,>=$5M,13,19.5,253.0,2.205,0.943,1.938,False
567,Collingwood,2023,PRIMARY,Primary,primary,51.784,>=$5M,2,21.0,42.0,8.893,1.921,2.862,False
567,Collingwood,2023,SECONDARY,Secondary,secondary,45.545,>=$5M,11,19.2,211.0,1.189,0.863,1.821,False
567,Collingwood,2024,ALL,All,all,64.868,>=$5M,13,24.2,314.0,1.493,0.92,1.791,False
567,Collingwood,2024,PRIMARY,Primary,primary,9.741,>=$5M,2,21.0,42.0,2.057,1.895,2.398,False
567,Collingwood,2024,SECONDARY,Secondary,secondary,55.127,>=$5M,11,24.7,272.0,1.424,0.842,1.723,False
567,Collingwood,2025,ALL,All,all,69.846,>=$5M,14,24.9,349.0,1.583,0.96,1.912,False
567,Collingwood,2025,PRIMARY,Primary,primary,9.741,>=$5M,2,21.0,42.0,2.039,1.841,2.317,False
567,Collingwood,2025,SECONDARY,Secondary,secondary,60.105,>=$5M,12,25.6,307.0,1.528,0.89,1.867,False
015,Corner Brook,2017,ALL,All,all,13.698,>=$5M,10,6.6,66.0,0.483,1.12,0.532,False
015,Corner Brook,2017,PRIMARY,Primary,primary,,<$5M,<2,,,,,,True
015,Corner Brook,2017,SECONDARY,Secondary,secondary,13.698,>=$5M,10,6.6,66.0,0.515,1.134,0.555,False
015,Corner Brook,2018,ALL,All,all,15.777,>=$5M,11,6.8,75.0,0.528,1.17,0.573,False
015,Corner Brook,2018,PRIMARY,Primary,primary,,<$5M,<2,,,,,,True
015,Corner Brook,2018,SECONDARY,Secondary,secondary,15.777,>=$5M,11,6.8,75.0,0.562,1.184,0.596,False
015,Corner Brook,2019,ALL,All,all,18.545,>=$5M,13,6.4,83.0,0.482,1.219,0.513,False
015,Corner Brook,2019,PRIMARY,Primary,primary,,<$5M,<2,,,,,,True
015,Corner Brook,2019,SECONDARY,Secondary,secondary,15.315,>=$5M,12,6.1,73.0,0.433,1.142,0.476,False
015,Corner Brook,2020,ALL,All,all,15.729,>=$5M,13,5.8,75.0,0.489,1.234,0.51,False
015,Corner Brook,2020,PRIMARY,Primary,primary,,<$5M,<2,,,,,,True
015,Corner Brook,2020,SECONDARY,Secondary,secondary,15.729,>=$5M,13,5.8,75.0,0.522,1.252,0.53,False
015,Corner Brook,2021,ALL,All,all,12.312,>=$5M,10,6.0,60.0,0.469,0.943,0.522,False
015,Corner Brook,2021,PRIMARY,Primary,primary,,<$5M,<2,,,,,,True
015,Corner Brook,2021,SECONDARY,Secondary,secondary,12.312,>=$5M,10,6.0,60.0,0.51,0.957,0.549,False
015,Corner Brook,2022,ALL,All,all,14.085,>=$5M,13,4.7,61.0,0.562,1.118,0.494,False
015,Corner Brook,2022,PRIMARY,Primary,primary,,<$5M,<2,,,,,,True
015,Corner Brook,2022,SECONDARY,Secondary,secondary,13.698,>=$5M,12,5.0,60.0,0.63,1.113,0.543,False
015,Corner Brook,2023,ALL,All,all,13.069,>=$5M,13,4.7,61.0,0.599,1.199,0.566,False
015,Corner Brook,2023,PRIMARY,Primary,primary,,<$5M,<2,,,,,,True
015,Corner Brook,2023,SECONDARY,Secondary,secondary,12.682,>=$5M,12,5.0,60.0,0.67,1.197,0.628,False
015,Corner Brook,2024,ALL,All,all,37.65,>=$5M,17,12.0,204.0,1.667,1.544,1.242,False
015,Corner Brook,2024,PRIMARY,Primary,primary,,<$5M,<2,,,,,,True
015,Corner Brook,2024,SECONDARY,Secondary,secondary,37.65,>=$5M,17,12.0,204.0,1.871,1.669,1.38,False
015,Corner Brook,2025,ALL,All,all,37.65,>=$5M,17,12.0,204.0,1.641,1.509,1.238,False
015,Corner Brook,2025,PRIMARY,Primary,primary,,<$5M,<2,,,,,,True
015,Corner Brook,2025,SECONDARY,Secondary,secondary,37.65,>=$5M,17,12.0,204.0,1.841,1.631,1.374,False
501,Cornwall,2017,ALL,All,all,15.651,>=$5M,10,7.3,73.0,0.225,0.451,0.304,False
501,Cornwall,2017,PRIMARY,Primary,primary,,<$5M,<2,,,,,,True
501,Cornwall,2017,SECONDARY,Secondary,secondary,15.651,>=$5M,10,7.3,73.0,0.239,0.456,0.317,False
501,Cornwall,2018,ALL,All,all,17.94,>=$5M,11,7.3,80.0,0.248,0.483,0.318,False
501,Cornwall,2018,PRIMARY,Primary,primary,,<$5M,<2,,,,,,True
501,Cornwall,2018,SECONDARY,Secondary,secondary,17.94,>=$5M,11,7.3,80.0,0.264,0.489,0.331,False
501,Cornwall,2019,ALL,All,all,35.223,>=$5M,15,10.5,157.0,0.399,0.594,0.497,False
501,Cornwall,2019,PRIMARY,Primary,primary,,<$5M,<2,,,,,,True
501,Cornwall,2019,SECONDARY,Secondary,secondary,35.223,>=$5M,15,10.5,157.0,0.435,0.602,0.524,False
501,Cornwall,2020,ALL,All,all,21.363,>=$5M,14,6.9,97.0,0.201,0.553,0.252,False
501,Cornwall,2020,PRIMARY,Primary,primary,,<$5M,<2,,,,,,True
501,Cornwall,2020,SECONDARY,Secondary,secondary,21.363,>=$5M,14,6.9,97.0,0.214,0.561,0.262,False
501,Cornwall,2021,ALL,All,all,21.363,>=$5M,14,6.8,95.0,0.246,0.558,0.324,False
501,Cornwall,2021,PRIMARY,Primary,primary,,<$5M,<2,,,,,,True
501,Cornwall,2021,SECONDARY,Secondary,secondary,21.363,>=$5M,14,6.8,95.0,0.267,0.566,0.341,False
501,Cornwall,2022,ALL,All,all,51.722,>=$5M,14,13.7,192.0,0.577,0.505,0.601,False
501,Cornwall,2022,PRIMARY,Primary,primary,,>=$5M,<2,,,,,,True
501,Cornwall,2022,SECONDARY,Secondary,secondary,20.922,>=$5M,13,7.1,92.0,0.269,0.506,0.322,False
501,Cornwall,2023,ALL,All,all,52.066,>=$5M,15,13.0,195.0,0.682,0.572,0.689,False
501,Cornwall,2023,PRIMARY,Primary,primary,,>=$5M,<2,,,,,,True
501,Cornwall,2023,SECONDARY,Secondary,secondary,21.266,>=$5M,14,6.8,95.0,0.321,0.577,0.378,False
501,Cornwall,2024,ALL,All,all,37.784,>=$5M,14,15.0,210.0,0.501,0.519,0.539,False
501,Cornwall,2024,PRIMARY,Primary,primary,17.885,>=$5M,2,52.0,104.0,2.178,0.991,2.673,False
501,Cornwall,2024,SECONDARY,Secondary,secondary,19.899,>=$5M,12,8.8,106.0,0.296,0.48,0.302,False
501,Cornwall,2025,ALL,All,all,38.273,>=$5M,14,15.2,213.0,0.495,0.505,0.529,False
501,Cornwall,2025,PRIMARY,Primary,primary,17.885,>=$5M,2,52.0,104.0,2.135,0.968,2.601,False
501,Cornwall,2025,SECONDARY,Secondary,secondary,20.388,>=$5M,12,9.1,109.0,0.296,0.468,0.301,False
943,Courtenay,2017,ALL,All,all,23.718,>=$5M,35,3.5,121.0,0.515,1.427,0.64,False
943,Courtenay,2017,PRIMARY,Primary,primary,,<$5M,<2,,,,,,True
943,Courtenay,2017,SECONDARY,Secondary,secondary,23.718,>=$5M,35,3.5,121.0,0.549,1.444,0.667,False
943,Courtenay,2018,ALL,All,all,24.18,>=$5M,36,3.4,123.0,0.508,1.415,0.615,False
943,Courtenay,2018,PRIMARY,Primary,primary,,<$5M,<2,,,,,,True
943,Courtenay,2018,SECONDARY,Secondary,secondary,24.18,>=$5M,36,3.4,123.0,0.54,1.433,0.64,False
943,Courtenay,2019,ALL,All,all,24.222,>=$5M,37,3.3,121.0,0.421,1.324,0.487,False
943,Courtenay,2019,PRIMARY,Primary,primary,,<$5M,<2,,,,,,True
943,Courtenay,2019,SECONDARY,Secondary,secondary,24.222,>=$5M,37,3.3,121.0,0.459,1.343,0.513,False
943,Courtenay,2020,ALL,All,all,28.611,>=$5M,39,3.6,140.0,0.412,1.362,0.454,False
943,Courtenay,2020,PRIMARY,Primary,primary,,<$5M,<2,,,,,,True
943,Courtenay,2020,SECONDARY,Secondary,secondary,28.611,>=$5M,39,3.6,140.0,0.44,1.382,0.472,False
943,Courtenay,2021,ALL,All,all,28.611,>=$5M,39,3.6,140.0,0.515,1.371,0.583,False
943,Courtenay,2021,PRIMARY,Primary,primary,,<$5M,<2,,,,,,True
943,Courtenay,2021,SECONDARY,Secondary,secondary,28.611,>=$5M,39,3.6,140.0,0.56,1.392,0.613,False
943,Courtenay,2022,ALL,All,all,27.591,>=$5M,40,3.4,135.0,0.483,1.262,0.52,False
943,Courtenay,2022,PRIMARY,Primary,primary,,<$5M,<2,,,,,,True
943,Courtenay,2022,SECONDARY,Secondary,secondary,26.667,>=$5M,39,3.4,132.0,0.538,1.327,0.568,False
943,Courtenay,2023,ALL,All,all,26.954,>=$5M,39,3.4,132.0,0.531,1.316,0.55,False
943,Courtenay,2023,PRIMARY,Primary,primary,,<$5M,<2,,,,,,True
943,Courtenay,2023,SECONDARY,Secondary,secondary,26.03,>=$5M,38,3.4,129.0,0.59,1.387,0.606,False
943,Courtenay,2024,ALL,All,all,28.291,>=$5M,38,4.8,181.0,0.524,1.245,0.539,False
943,Courtenay,2024,PRIMARY,Primary,primary,,<$5M,<2,,,,,,True
943,Courtenay,2024,SECONDARY,Secondary,secondary,27.775,>=$5M,37,4.8,178.0,0.578,1.31,0.589,False
943,Courtenay,2025,ALL,All,all,29.176,>=$5M,39,4.5,177.0,0.528,1.245,0.516,False
943,Courtenay,2025,PRIMARY,Primary,primary,,<$5M,<2,,,,,,True
943,Courtenay,2025,SECONDARY,Secondary,secondary,28.66,>=$5M,38,4.6,174.0,0.582,1.311,0.563,False
437,Cowansville,2017,ALL,All,all,8.379,>=$5M,6,9.5,57.0,0.394,1.041,0.9,False
437,Cowansville,2017,PRIMARY,Primary,primary,,<$5M,<2,,,,,,True
437,Cowansville,2017,SECONDARY,Secondary,secondary,8.379,>=$5M,6,9.5,57.0,0.419,1.054,0.938,False
437,Cowansville,2018,ALL,All,all,10.143,>=$5M,6,11.5,69.0,0.474,1.014,1.042,False
437,Cowansville,2018,PRIMARY,Primary,primary,,<$5M,<2,,,,,,True
437,Cowansville,2018,SECONDARY,Secondary,secondary,10.143,>=$5M,6,11.5,69.0,0.504,1.026,1.086,False
437,Cowansville,2019,ALL,All,all,10.143,>=$5M,6,11.5,69.0,0.404,0.897,0.826,False
437,Cowansville,2019,PRIMARY,Primary,primary,,<$5M,<2,,,,,,True
437,Cowansville,2019,SECONDARY,Secondary,secondary,10.143,>=$5M,6,11.5,69.0,0.44,0.91,0.87,False
437,Cowansville,2020,ALL,All,all,10.143,>=$5M,6,11.5,69.0,0.333,0.888,0.672,False
437,Cowansville,2020,PRIMARY,Primary,primary,,<$5M,<2,,,,,,True
437,Cowansville,2020,SECONDARY,Secondary,secondary,10.143,>=$5M,6,11.5,69.0,0.355,0.9,0.699,False
437,Cowansville,2021,ALL,All,all,10.143,>=$5M,6,11.5,69.0,0.412,0.902,0.873,False
437,Cowansville,2021,PRIMARY,Primary,primary,,<$5M,<2,,,,,,True
437,Cowansville,2021,SECONDARY,Secondary,secondary,10.143,>=$5M,6,11.5,69.0,0.448,0.915,0.919,False
437,Cowansville,2022,ALL,All,all,16.883,>=$5M,10,8.8,88.0,0.652,1.341,1.029,False
437,Cowansville,2022,PRIMARY,Primary,primary,6.74,>=$5M,4,4.8,19.0,1.963,7.371,2.108,False
437,Cowansville,2022,SECONDARY,Secondary,secondary,10.143,>=$5M,6,11.5,69.0,0.452,0.868,0.902,False
437,Cowansville,2023,ALL,All,all,15.343,>=$5M,9,9.7,87.0,0.709,1.286,1.261,False
437,Cowansville,2023,PRIMARY,Primary,primary,5.2,>=$5M,3,6.0,18.0,1.822,5.678,2.32,False
437,Cowansville,2023,SECONDARY,Secondary,secondary,10.143,>=$5M,6,11.5,69.0,0.54,0.927,1.127,False
437,Cowansville,2024,ALL,All,all,9.645,>=$5M,8,9.8,78.0,0.468,1.135,0.743,False
437,Cowansville,2024,PRIMARY,Primary,primary,3.538,<$5M,2,8.0,16.0,1.577,3.799,1.526,False
437,Cowansville,2024,SECONDARY,Secondary,secondary,6.107,>=$5M,6,10.3,62.0,0.333,0.92,0.656,False
437,Cowansville,2025,ALL,All,all,9.744,>=$5M,8,9.9,79.0,0.449,1.1,0.713,False
437,Cowansville,2025,PRIMARY,Primary,primary,3.538,<$5M,2,8.0,16.0,1.505,3.688,1.454,False
437,Cowansville,2025,SECONDARY,Secondary,secondary,6.206,>=$5M,6,10.5,63.0,0.321,0.891,0.631,False
905,Cranbrook,2017,ALL,All,all,9.387,>=$5M,11,4.1,45.0,0.378,0.947,0.426,False
905,Cranbrook,2017,PRIMARY,Primary,primary,,<$5M,<2,,,,,,True
905,Cranbrook,2017,SECONDARY,Secondary,secondary,9.387,>=$5M,11,4.1,45.0,0.403,0.958,0.444,False
905,Cranbrook,2018,ALL,All,all,10.773,>=$5M,11,4.6,51.0,0.409,0.916,0.464,False
905,Cranbrook,2018,PRIMARY,Primary,primary,,<$5M,<2,,,,,,True
905,Cranbrook,2018,SECONDARY,Secondary,secondary,10.773,>=$5M,11,4.6,51.0,0.435,0.927,0.484,False
905,Cranbrook,2019,ALL,All,all,13.062,>=$5M,13,4.8,62.0,0.405,0.975,0.446,False
905,Cranbrook,2019,PRIMARY,Primary,primary,,<$5M,<2,,,,,,True
905,Cranbrook,2019,SECONDARY,Secondary,secondary,13.062,>=$5M,13,4.8,62.0,0.441,0.989,0.47,False
905,Cranbrook,2020,ALL,All,all,13.269,>=$5M,14,4.5,63.0,0.34,1.046,0.368,False
905,Cranbrook,2020,PRIMARY,Primary,primary,,<$5M,<2,,,,,,True
905,Cranbrook,2020,SECONDARY,Secondary,secondary,13.269,>=$5M,14,4.5,63.0,0.362,1.06,0.382,False
905,Cranbrook,2021,ALL,All,all,13.269,>=$5M,14,4.5,63.0,0.423,1.044,0.481,False
905,Cranbrook,2021,PRIMARY,Primary,primary,,<$5M,<2,,,,,,True
905,Cranbrook,2021,SECONDARY,Secondary,secondary,13.269,>=$5M,14,4.5,63.0,0.46,1.059,0.507,False
905,Cranbrook,2022,ALL,All,all,17.052,>=$5M,16,4.9,78.0,0.507,1.063,0.572,False
905,Cranbrook,2022,PRIMARY,Primary,primary,3.783,<$5M,2,5.5,11.0,0.849,1.826,0.765,False
905,Cranbrook,2022,SECONDARY,Secondary,secondary,13.269,>=$5M,14,4.8,67.0,0.455,1.003,0.549,False
905,Cranbrook,2023,ALL,All,all,16.547,>=$5M,16,5.1,81.0,0.581,1.146,0.666,False
905,Cranbrook,2023,PRIMARY,Primary,primary,3.783,<$5M,2,5.5,11.0,1.007,1.897,0.804,False
905,Cranbrook,2023,SECONDARY,Secondary,secondary,12.764,>=$5M,14,5.0,70.0,0.517,1.085,0.648,False
905,Cranbrook,2024,ALL,All,all,11.896,>=$5M,16,4.1,66.0,0.472,1.121,0.402,False
905,Cranbrook,2024,PRIMARY,Primary,primary,1.596,<$5M,2,4.5,9.0,0.581,1.876,0.548,False
905,Cranbrook,2024,SECONDARY,Secondary,secondary,10.3,>=$5M,14,4.1,57.0,0.459,1.06,0.385,False
905,Cranbrook,2025,ALL,All,all,12.676,>=$5M,17,4.2,71.0,0.465,1.156,0.41,False
905,Cranbrook,2025,PRIMARY,Primary,primary,1.596,<$5M,2,4.5,9.0,0.54,1.825,0.524,False
905,Cranbrook,2025,SECONDARY,Secondary,secondary,11.08,>=$5M,15,4.1,62.0,0.456,1.102,0.398,False
975,Dawson Creek,2017,ALL,All,all,10.575,>=$5M,9,5.9,53.0,0.394,0.89,0.536,False
975,Dawson Creek,2017,PRIMARY,Primary,primary,,<$5M,<2,,,,,,True
975,Dawson Creek,2017,SECONDARY,Secondary,secondary,10.575,>=$5M,9,5.9,53.0,0.42,0.9,0.559,False
975,Dawson Creek,2018,ALL,All,all,10.575,>=$5M,9,5.9,53.0,0.413,0.849,0.512,False
975,Dawson Creek,2018,PRIMARY,Primary,primary,,<$5M,<2,,,,,,True
975,Dawson Creek,2018,SECONDARY,Secondary,secondary,10.575,>=$5M,9,5.9,53.0,0.439,0.859,0.534,False
975,Dawson Creek,2019,ALL,All,all,14.964,>=$5M,12,6.0,72.0,0.445,1.006,0.536,False
975,Dawson Creek,2019,PRIMARY,Primary,primary,,<$5M,<2,,,,,,True
975,Dawson Creek,2019,SECONDARY,Secondary,secondary,14.964,>=$5M,12,6.0,72.0,0.485,1.02,0.564,False
975,Dawson Creek,2020,ALL,All,all,14.733,>=$5M,11,6.5,71.0,0.367,0.946,0.457,False
975,Dawson Creek,2020,PRIMARY,Primary,primary,,<$5M,<2,,,,,,True
975,Dawson Creek,2020,SECONDARY,Secondary,secondary,14.733,>=$5M,11,6.5,71.0,0.392,0.959,0.475,False
975,Dawson Creek,2021,ALL,All,all,14.733,>=$5M,11,6.5,71.0,0.473,0.951,0.609,False
975,Dawson Creek,2021,PRIMARY,Primary,primary,,<$5M,<2,,,,,,True
975,Dawson Creek,2021,SECONDARY,Secondary,secondary,14.733,>=$5M,11,6.5,71.0,0.514,0.965,0.641,False
975,Dawson Creek,2022,ALL,All,all,29.734,>=$5M,15,7.1,107.0,0.919,1.174,0.857,False
975,Dawson Creek,2022,PRIMARY,Primary,primary,,<$5M,<2,,,,,,True
975,Dawson Creek,2022,SECONDARY,Secondary,secondary,29.734,>=$5M,15,7.1,107.0,1.06,1.267,0.958,False
975,Dawson Creek,2023,ALL,All,all,26.091,>=$5M,13,7.2,94.0,0.904,1.099,0.818,False
975,Dawson Creek,2023,PRIMARY,Primary,primary,,<$5M,<2,,,,,,True
975,Dawson Creek,2023,SECONDARY,Secondary,secondary,26.091,>=$5M,13,7.2,94.0,1.041,1.188,0.922,False
975,Dawson Creek,2024,ALL,All,all,24.881,>=$5M,14,7.3,102.0,1.152,1.171,0.717,False
975,Dawson Creek,2024,PRIMARY,Primary,primary,,<$5M,<2,,,,,,True
975,Dawson Creek,2024,SECONDARY,Secondary,secondary,24.881,>=$5M,14,7.3,102.0,1.293,1.266,0.797,False
975,Dawson Creek,2025,ALL,All,all,23.127,>=$5M,14,7.3,102.0,0.996,1.134,0.692,False
975,Dawson Creek,2025,PRIMARY,Primary,primary,,<$5M,<2,,,,,,True
975,Dawson Creek,2025,SECONDARY,Secondary,secondary,23.127,>=$5M,14,7.3,102.0,1.117,1.225,0.768,False
411,Dolbeau-Mistassini,2017,ALL,All,all,2.352,<$5M,3,5.3,16.0,0.111,0.477,0.204,False
411,Dolbeau-Mistassini,2017,PRIMARY,Primary,primary,,<$5M,<2,,,,,,True
411,Dolbeau-Mistassini,2017,SECONDARY,Secondary,secondary,2.352,<$5M,3,5.3,16.0,0.119,0.483,0.213,False
411,Dolbeau-Mistassini,2018,ALL,All,all,2.352,<$5M,3,5.3,16.0,0.11,0.471,0.199,False
411,Dolbeau-Mistassini,2018,PRIMARY,Primary,primary,,<$5M,<2,,,,,,True
411,Dolbeau-Mistassini,2018,SECONDARY,Secondary,secondary,2.352,<$5M,3,5.3,16.0,0.117,0.477,0.208,False
411,Dolbeau-Mistassini,2019,ALL,All,all,2.583,<$5M,4,4.2,17.0,0.109,0.576,0.179,False
411,Dolbeau-Mistassini,2019,PRIMARY,Primary,primary,,<$5M,<2,,,,,,True
411,Dolbeau-Mistassini,2019,SECONDARY,Secondary,secondary,2.583,<$5M,4,4.2,17.0,0.119,0.585,0.189,False
411,Dolbeau-Mistassini,2020,ALL,All,all,2.583,<$5M,4,4.2,17.0,0.09,0.571,0.145,False
411,Dolbeau-Mistassini,2020,PRIMARY,Primary,primary,,<$5M,<2,,,,,,True
411,Dolbeau-Mistassini,2020,SECONDARY,Secondary,secondary,2.583,<$5M,4,4.2,17.0,0.096,0.58,0.151,False
411,Dolbeau-Mistassini,2021,ALL,All,all,2.583,<$5M,4,4.2,17.0,0.113,0.58,0.19,False
411,Dolbeau-Mistassini,2021,PRIMARY,Primary,primary,,<$5M,<2,,,,,,True
411,Dolbeau-Mistassini,2021,SECONDARY,Secondary,secondary,2.583,<$5M,4,4.2,17.0,0.123,0.588,0.2,False
411,Dolbeau-Mistassini,2022,ALL,All,all,5.292,>=$5M,5,4.8,24.0,0.221,0.659,0.252,False
411,Dolbeau-Mistassini,2022,PRIMARY,Primary,primary,,<$5M,<2,,,,,,True
411,Dolbeau-Mistassini,2022,SECONDARY,Secondary,secondary,2.583,<$5M,4,4.2,17.0,0.125,0.569,0.2,False
411,Dolbeau-Mistassini,2023,ALL,All,all,3.425,<$5M,4,5.8,23.0,0.153,0.57,0.27,False
411,Dolbeau-Mistassini,2023,PRIMARY,Primary,primary,,<$5M,<2,,,,,,True
411,Dolbeau-Mistassini,2023,SECONDARY,Secondary,secondary,2.11,<$5M,3,5.3,16.0,0.109,0.462,0.212,False
411,Dolbeau-Mistassini,2024,ALL,All,all,2.696,<$5M,5,4.2,21.0,0.129,0.712,0.18,False
411,Dolbeau-Mistassini,2024,PRIMARY,Primary,primary,,<$5M,<2,,,,,,True
411,Dolbeau-Mistassini,2024,SECONDARY,Secondary,secondary,1.381,<$5M,4,3.5,14.0,0.074,0.616,0.134,False
411,Dolbeau-Mistassini,2025,ALL,All,all,2.696,<$5M,5,4.2,21.0,0.134,0.683,0.179,False
411,Dolbeau-Mistassini,2025,PRIMARY,Primary,primary,,<$5M,<2,,,,,,True
411,Dolbeau-Mistassini,2025,SECONDARY,Secondary,secondary,1.381,<$5M,4,3.5,14.0,0.077,0.59,0.132,False
447,Drummondville,2017,ALL,All,all,225.754,>=$5M,29,24.1,698.0,1.551,0.789,1.674,False
447,Drummondville,2017,PRIMARY,Primary,primary,,>=$5M,<2,,,,,,True
447,Drummondville,2017,SECONDARY,Secondary,secondary,136.954,>=$5M,28,14.2,398.0,1.002,0.771,0.996,False
447,Drummondville,2018,ALL,All,all,226.909,>=$5M,30,23.4,703.0,1.518,0.796,1.611,False
447,Drummondville,2018,PRIMARY,Primary,primary,,>=$5M,<2,,,,,,True
447,Drummondville,2018,SECONDARY,Secondary,secondary,138.109,>=$5M,29,13.9,403.0,0.983,0.779,0.962,False
447,Drummondville,2019,ALL,All,all,229.639,>=$5M,33,21.7,717.0,1.295,0.762,1.321,False
447,Drummondville,2019,PRIMARY,Primary,primary,,>=$5M,<2,,,,,,True
447,Drummondville,2019,SECONDARY,Secondary,secondary,140.839,>=$5M,32,13.0,417.0,0.865,0.75,0.809,False
447,Drummondville,2020,ALL,All,all,219.069,>=$5M,33,21.5,710.0,1.011,0.757,1.063,False
447,Drummondville,2020,PRIMARY,Primary,primary,,>=$5M,<2,,,,,,True
447,Drummondville,2020,SECONDARY,Secondary,secondary,130.269,>=$5M,32,12.8,410.0,0.642,0.745,0.638,False
447,Drummondville,2021,ALL,All,all,222.072,>=$5M,33,21.9,723.0,1.31,0.767,1.416,False
447,Drummondville,2021,PRIMARY,Primary,primary,,>=$5M,<2,,,,,,True
447,Drummondville,2021,SECONDARY,Secondary,secondary,133.272,>=$5M,32,13.2,423.0,0.855,0.755,0.872,False
447,Drummondville,2022,ALL,All,all,231.532,>=$5M,41,18.5,758.0,1.262,0.82,1.366,False
447,Drummondville,2022,PRIMARY,Primary,primary,97.567,>=$5M,8,41.0,328.0,4.012,2.2,5.61,False
447,Drummondville,2022,SECONDARY,Secondary,secondary,133.965,>=$5M,33,13.0,430.0,0.842,0.712,0.866,False
447,Drummondville,2023,ALL,All,all,225.452,>=$5M,39,19.3,751.0,1.317,0.795,1.451,False
447,Drummondville,2023,PRIMARY,Primary,primary,96.771,>=$5M,8,41.0,328.0,4.284,2.16,5.639,False
447,Drummondville,2023,SECONDARY,Secondary,secondary,128.681,>=$5M,31,13.6,423.0,0.866,0.684,0.921,False
447,Drummondville,2024,ALL,All,all,251.648,>=$5M,43,25.0,1074.0,1.405,0.873,1.455,False
447,Drummondville,2024,PRIMARY,Primary,primary,74.614,>=$5M,7,47.6,333.0,3.822,1.902,4.515,False
447,Drummondville,2024,SECONDARY,Secondary,secondary,177.034,>=$5M,36,20.6,741.0,1.109,0.79,1.115,False
447,Drummondville,2025,ALL,All,all,258.25,>=$5M,44,25.8,1133.0,1.468,0.874,1.537,False
447,Drummondville,2025,PRIMARY,Primary,primary,83.499,>=$5M,8,49.2,394.0,4.382,2.131,5.381,False
447,Drummondville,2025,SECONDARY,Secondary,secondary,174.751,>=$5M,36,20.5,739.0,1.114,0.772,1.113,False
937,Duncan,2017,ALL,All,all,19.603,>=$5M,19,5.1,96.0,0.386,0.872,0.527,False
937,Duncan,2017,PRIMARY,Primary,primary,,<$5M,<2,,,,,,True
937,Duncan,2017,SECONDARY,Secondary,secondary,19.603,>=$5M,19,5.1,96.0,0.412,0.882,0.55,False
937,Duncan,2018,ALL,All,all,19.719,>=$5M,19,5.1,96.0,0.377,0.836,0.498,False
937,Duncan,2018,PRIMARY,Primary,primary,,<$5M,<2,,,,,,True
937,Duncan,2018,SECONDARY,Secondary,secondary,19.719,>=$5M,19,5.1,96.0,0.401,0.847,0.519,False
937,Duncan,2019,ALL,All,all,20.047,>=$5M,20,4.9,98.0,0.328,0.797,0.41,False
937,Duncan,2019,PRIMARY,Primary,primary,,<$5M,<2,,,,,,True
937,Duncan,2019,SECONDARY,Secondary,secondary,20.047,>=$5M,20,4.9,98.0,0.357,0.808,0.432,False
937,Duncan,2020,ALL,All,all,21.154,>=$5M,21,5.0,104.0,0.29,0.832,0.359,False
937,Duncan,2020,PRIMARY,Primary,primary,,<$5M,<2,,,,,,True
937,Duncan,2020,SECONDARY,Secondary,secondary,21.154,>=$5M,21,5.0,104.0,0.31,0.844,0.373,False
937,Duncan,2021,ALL,All,all,24.349,>=$5M,24,4.9,118.0,0.427,0.964,0.534,False
937,Duncan,2021,PRIMARY,Primary,primary,,<$5M,<2,,,,,,True
937,Duncan,2021,SECONDARY,Secondary,secondary,24.349,>=$5M,24,4.9,118.0,0.464,0.978,0.562,False
937,Duncan,2022,ALL,All,all,26.043,>=$5M,27,4.4,119.0,0.433,0.976,0.499,False
937,Duncan,2022,PRIMARY,Primary,primary,,<$5M,<2,,,,,,True
937,Duncan,2022,SECONDARY,Secondary,secondary,25.735,>=$5M,26,4.5,118.0,0.493,1.013,0.553,False
937,Duncan,2023,ALL,All,all,25.659,>=$5M,27,4.4,119.0,0.437,1.041,0.544,False
937,Duncan,2023,PRIMARY,Primary,primary,,<$5M,<2,,,,,,True
937,Duncan,2023,SECONDARY,Secondary,secondary,25.487,>=$5M,26,4.5,118.0,0.5,1.085,0.607,False
937,Duncan,2024,ALL,All,all,34.022,>=$5M,27,7.4,201.0,0.586,1.001,0.685,False
937,Duncan,2024,PRIMARY,Primary,primary,,<$5M,<2,,,,,,True
937,Duncan,2024,SECONDARY,Secondary,secondary,33.85,>=$5M,26,7.7,200.0,0.654,1.042,0.758,False
937,Duncan,2025,ALL,All,all,38.503,>=$5M,27,8.2,222.0,0.643,0.984,0.735,False
937,Duncan,2025,PRIMARY,Primary,primary,,<$5M,<2,,,,,,True
937,Duncan,2025,SECONDARY,Secondary,secondary,38.331,>=$5M,26,8.5,221.0,0.718,1.024,0.813,False
835,Edmonton,2017,ALL,All,all,2233.325,>=$5M,528,14.3,7528.0,1.452,1.234,1.544,False
835,Edmonton,2017,PRIMARY,Primary,primary,28.29,>=$5M,3,12.0,36.0,0.302,0.6,0.179,False
835,Edmonton,2017,SECONDARY,Secondary,secondary,2205.035,>=$5M,525,14.3,7492.0,1.527,1.242,1.602,False
835,Edmonton,2018,ALL,All,all,2396.407,>=$5M,548,14.7,8054.0,1.489,1.23,1.571,False
835,Edmonton,2018,PRIMARY,Primary,primary,36.823,>=$5M,4,14.8,59.0,0.384,0.738,0.288,False
835,Edmonton,2018,SECONDARY,Secondary,secondary,2359.584,>=$5M,544,14.7,7995.0,1.559,1.236,1.625,False
835,Edmonton,2019,ALL,All,all,2768.794,>=$5M,621,15.6,9675.0,1.397,1.245,1.474,False
835,Edmonton,2019,PRIMARY,Primary,primary,36.823,>=$5M,4,14.8,59.0,0.226,0.571,0.176,False
835,Edmonton,2019,SECONDARY,Secondary,secondary,2731.971,>=$5M,617,15.6,9616.0,1.502,1.254,1.544,False
835,Edmonton,2020,ALL,All,all,2898.091,>=$5M,620,16.5,10220.0,1.218,1.239,1.279,False
835,Edmonton,2020,PRIMARY,Primary,primary,36.823,>=$5M,4,14.8,59.0,0.247,0.571,0.195,False
835,Edmonton,2020,SECONDARY,Secondary,secondary,2861.268,>=$5M,616,16.5,10161.0,1.283,1.249,1.322,False
835,Edmonton,2021,ALL,All,all,2596.314,>=$5M,619,15.6,9668.0,1.398,1.239,1.587,False
835,Edmonton,2021,PRIMARY,Primary,primary,36.823,>=$5M,4,14.8,59.0,0.247,0.55,0.194,False
835,Edmonton,2021,SECONDARY,Secondary,secondary,2559.491,>=$5M,615,15.6,9609.0,1.499,1.249,1.66,False
835,Edmonton,2022,ALL,All,all,2632.236,>=$5M,682,13.9,9511.0,1.344,1.18,1.457,False
835,Edmonton,2022,PRIMARY,Primary,primary,127.039,>=$5M,33,9.2,302.0,0.489,0.785,0.439,False
835,Edmonton,2022,SECONDARY,Secondary,secondary,2505.197,>=$5M,649,14.2,9209.0,1.475,1.211,1.577,False
835,Edmonton,2023,ALL,All,all,2106.276,>=$5M,658,11.7,7716.0,1.21,1.179,1.298,False
835,Edmonton,2023,PRIMARY,Primary,primary,112.453,>=$5M,32,12.0,384.0,0.489,0.76,0.574,False
835,Edmonton,2023,SECONDARY,Secondary,secondary,1993.823,>=$5M,626,11.7,7332.0,1.319,1.214,1.389,False
835,Edmonton,2024,ALL,All,all,2174.067,>=$5M,706,14.1,9964.0,1.217,1.162,1.193,False
835,Edmonton,2024,PRIMARY,Primary,primary,104.336,>=$5M,31,14.8,460.0,0.536,0.683,0.551,False
835,Edmonton,2024,SECONDARY,Secondary,secondary,2069.731,>=$5M,675,14.1,9504.0,1.301,1.201,1.264,False
835,Edmonton,2025,ALL,All,all,2159.394,>=$5M,727,13.8,10003.0,1.197,1.165,1.172,False
835,Edmonton,2025,PRIMARY,Primary,primary,106.434,>=$5M,32,14.8,473.0,0.545,0.688,0.558,False
835,Edmonton,2025,SECONDARY,Secondary,secondary,2052.96,>=$5M,695,13.7,9530.0,1.276,1.203,1.24,False
335,Edmundston,2017,ALL,All,all,58.563,>=$5M,10,8.1,81.0,1.87,1.29,0.856,False
335,Edmundston,2017,PRIMARY,Primary,primary,,<$5M,<2,,,,,,True
335,Edmundston,2017,SECONDARY,Secondary,secondary,58.563,>=$5M,10,8.1,81.0,1.991,1.306,0.893,False
335,Edmundston,2018,ALL,All,all,62.259,>=$5M,10,9.7,97.0,1.94,1.242,0.934,False
335,Edmundston,2018,PRIMARY,Primary,primary,,<$5M,<2,,,,,,True
335,Edmundston,2018,SECONDARY,Secondary,secondary,62.259,>=$5M,10,9.7,97.0,2.063,1.257,0.973,False
335,Edmundston,2019,ALL,All,all,62.721,>=$5M,11,9.0,99.0,1.798,1.227,0.783,False
335,Edmundston,2019,PRIMARY,Primary,primary,,<$5M,<2,,,,,,True
335,Edmundston,2019,SECONDARY,Secondary,secondary,62.721,>=$5M,11,9.0,99.0,1.959,1.244,0.825,False
335,Edmundston,2020,ALL,All,all,63.96,>=$5M,12,8.7,104.0,1.536,1.32,0.663,False
335,Edmundston,2020,PRIMARY,Primary,primary,,<$5M,<2,,,,,,True
335,Edmundston,2020,SECONDARY,Secondary,secondary,63.96,>=$5M,12,8.7,104.0,1.638,1.339,0.689,False
335,Edmundston,2021,ALL,All,all,63.96,>=$5M,12,8.7,104.0,1.888,1.321,0.858,False
335,Edmundston,2021,PRIMARY,Primary,primary,,<$5M,<2,,,,,,True
335,Edmundston,2021,SECONDARY,Secondary,secondary,63.96,>=$5M,12,8.7,104.0,2.053,1.341,0.903,False
335,Edmundston,2022,ALL,All,all,64.734,>=$5M,13,8.2,106.0,1.973,1.3,0.831,False
335,Edmundston,2022,PRIMARY,Primary,primary,,<$5M,<2,,,,,,True
335,Edmundston,2022,SECONDARY,Secondary,secondary,63.96,>=$5M,12,8.7,104.0,2.247,1.294,0.912,False
335,Edmundston,2023,ALL,All,all,41.912,>=$5M,12,8.7,104.0,1.386,1.256,0.875,False
335,Edmundston,2023,PRIMARY,Primary,primary,,<$5M,<2,,,,,,True
335,Edmundston,2023,SECONDARY,Secondary,secondary,41.138,>=$5M,11,9.3,102.0,1.567,1.245,0.967,False
335,Edmundston,2024,ALL,All,all,46.135,>=$5M,9,14.9,134.0,1.771,0.932,0.783,False
335,Edmundston,2024,PRIMARY,Primary,primary,,<$5M,<2,,,,,,True
335,Edmundston,2024,SECONDARY,Secondary,secondary,45.759,>=$5M,8,16.5,132.0,1.972,0.896,0.857,False
335,Edmundston,2025,ALL,All,all,46.135,>=$5M,9,14.9,134.0,1.79,0.913,0.773,False
335,Edmundston,2025,PRIMARY,Primary,primary,,<$5M,<2,,,,,,True
335,Edmundston,2025,SECONDARY,Secondary,secondary,45.759,>=$5M,8,16.5,132.0,1.991,0.877,0.846,False
582,Elliot Lake,2017,ALL,All,all,2.499,<$5M,3,4.3,13.0,0.487,0.919,0.452,False
582,Elliot Lake,2017,PRIMARY,Primary,primary,,<$5M,<2,,,,,,True
582,Elliot Lake,2017,SECONDARY,Secondary,secondary,2.499,<$5M,3,4.3,13.0,0.519,0.93,0.471,False
582,Elliot Lake,2018,ALL,All,all,2.73,<$5M,3,4.7,14.0,0.524,0.9,0.472,False
582,Elliot Lake,2018,PRIMARY,Primary,primary,,<$5M,<2,,,,,,True
582,Elliot Lake,2018,SECONDARY,Secondary,secondary,2.73,<$5M,3,4.7,14.0,0.558,0.911,0.492,False
582,Elliot Lake,2019,ALL,All,all,3.192,<$5M,4,4.0,16.0,0.478,1.06,0.428,False
582,Elliot Lake,2019,PRIMARY,Primary,primary,,<$5M,<2,,,,,,True
582,Elliot Lake,2019,SECONDARY,Secondary,secondary,3.192,<$5M,4,4.0,16.0,0.521,1.076,0.451,False
582,Elliot Lake,2020,ALL,All,all,3.192,<$5M,4,4.0,16.0,0.382,1.05,0.34,False
582,Elliot Lake,2020,PRIMARY,Primary,primary,,<$5M,<2,,,,,,True
582,Elliot Lake,2020,SECONDARY,Secondary,secondary,3.192,<$5M,4,4.0,16.0,0.407,1.065,0.354,False
582,Elliot Lake,2021,ALL,All,all,3.192,<$5M,4,4.0,16.0,0.488,1.06,0.427,False
582,Elliot Lake,2021,PRIMARY,Primary,primary,,<$5M,<2,,,,,,True
582,Elliot Lake,2021,SECONDARY,Secondary,secondary,3.192,<$5M,4,4.0,16.0,0.53,1.076,0.449,False
582,Elliot Lake,2022,ALL,All,all,3.192,<$5M,4,4.0,16.0,0.47,0.978,0.398,False
582,Elliot Lake,2022,PRIMARY,Primary,primary,,<$5M,<2,,,,,,True
582,Elliot Lake,2022,SECONDARY,Secondary,secondary,3.192,<$5M,4,4.0,16.0,0.542,1.054,0.445,False
582,Elliot Lake,2023,ALL,All,all,3.192,<$5M,4,4.0,16.0,0.523,1.052,0.445,False
582,Elliot Lake,2023,PRIMARY,Primary,primary,,<$5M,<2,,,,,,True
582,Elliot Lake,2023,SECONDARY,Secondary,secondary,3.192,<$5M,4,4.0,16.0,0.603,1.138,0.501,False
582,Elliot Lake,2024,ALL,All,all,7.797,>=$5M,3,13.3,40.0,1.014,0.766,0.793,False
582,Elliot Lake,2024,PRIMARY,Primary,primary,,<$5M,<2,,,,,,True
582,Elliot Lake,2024,SECONDARY,Secondary,secondary,7.797,>=$5M,3,13.3,40.0,1.138,0.828,0.881,False
582,Elliot Lake,2025,ALL,All,all,7.797,>=$5M,3,13.3,40.0,0.998,0.748,0.761,False
582,Elliot Lake,2025,PRIMARY,Primary,primary,,<$5M,<2,,,,,,True
582,Elliot Lake,2025,SECONDARY,Secondary,secondary,7.797,>=$5M,3,13.3,40.0,1.119,0.809,0.845,False
563,Essa,2017,ALL,All,all,,<$5M,<2,,,,,,True
563,Essa,2017,PRIMARY,Primary,primary,,<$5M,<2,,,,,,True
563,Essa,2017,SECONDARY,Secondary,secondary,,<$5M,<2,,,,,,True
563,Essa,2018,ALL,All,all,,<$5M,<2,,,,,,True
563,Essa,2018,PRIMARY,Primary,primary,,<$5M,<2,,,,,,True
563,Essa,2018,SECONDARY,Secondary,secondary,,<$5M,<2,,,,,,True
563,Essa,2019,ALL,All,all,,<$5M,<2,,,,,,True
563,Essa,2019,PRIMARY,Primary,primary,,<$5M,<2,,,,,,True
563,Essa,2019,SECONDARY,Secondary,secondary,,<$5M,<2,,,,,,True
563,Essa,2020,ALL,All,all,,<$5M,<2,,,,,,True
563,Essa,2020,PRIMARY,Primary,primary,,<$5M,<2,,,,,,True
563,Essa,2020,SECONDARY,Secondary,secondary,,<$5M,<2,,,,,,True
563,Essa,2021,ALL,All,all,,<$5M,<2,,,,,,True
563,Essa,2021,PRIMARY,Primary,primary,,<$5M,<2,,,,,,True
563,Essa,2021,SECONDARY,Secondary,secondary,,<$5M,<2,,,,,,True
563,Essa,2022,ALL,All,all,,<$5M,<2,,,,,,True
563,Essa,2022,PRIMARY,Primary,primary,,<$5M,<2,,,,,,True
563,Essa,2022,SECONDARY,Secondary,secondary,,<$5M,<2,,,,,,True
563,Essa,2023,ALL,All,all,,<$5M,<2,,,,,,True
563,Essa,2023,PRIMARY,Primary,primary,,<$5M,<2,,,,,,True
563,Essa,2023,SECONDARY,Secondary,secondary,,<$5M,<2,,,,,,True
563,Essa,2024,ALL,All,all,1.239,<$5M,2,3.0,6.0,0.116,0.375,0.102,False
563,Essa,2024,PRIMARY,Primary,primary,1.239,<$5M,2,3.0,6.0,1.067,5.023,1.022,False
563,Essa,2024,SECONDARY,Secondary,secondary,,<$5M,<2,,,,,,True
563,Essa,2025,ALL,All,all,1.434,<$5M,3,2.3,7.0,0.126,0.53,0.108,False
563,Essa,2025,PRIMARY,Primary,primary,1.239,<$5M,2,3.0,6.0,1.002,4.744,0.934,False
563,Essa,2025,SECONDARY,Secondary,secondary,,<$5M,<2,,,,,,True
750,Estevan,2017,ALL,All,all,2.31,<$5M,3,3.3,10.0,0.102,0.558,0.164,False
750,Estevan,2017,PRIMARY,Primary,primary,,<$5M,<2,,,,,,True
750,Estevan,2017,SECONDARY,Secondary,secondary,2.31,<$5M,3,3.3,10.0,0.108,0.565,0.171,False
750,Estevan,2018,ALL,All,all,4.851,<$5M,4,5.2,21.0,0.198,0.703,0.322,False
750,Estevan,2018,PRIMARY,Primary,primary,,<$5M,<2,,,,,,True
750,Estevan,2018,SECONDARY,Secondary,secondary,4.851,<$5M,4,5.2,21.0,0.211,0.711,0.336,False
750,Estevan,2019,ALL,All,all,11.781,>=$5M,6,8.5,51.0,0.397,0.936,0.617,False
750,Estevan,2019,PRIMARY,Primary,primary,,<$5M,<2,,,,,,True
750,Estevan,2019,SECONDARY,Secondary,secondary,11.781,>=$5M,6,8.5,51.0,0.433,0.949,0.65,False
750,Estevan,2020,ALL,All,all,6.237,>=$5M,5,5.4,27.0,0.146,0.784,0.254,False
750,Estevan,2020,PRIMARY,Primary,primary,,<$5M,<2,,,,,,True
750,Estevan,2020,SECONDARY,Secondary,secondary,6.237,>=$5M,5,5.4,27.0,0.155,0.795,0.264,False
750,Estevan,2021,ALL,All,all,6.237,>=$5M,5,5.4,27.0,0.202,0.811,0.366,False
750,Estevan,2021,PRIMARY,Primary,primary,,<$5M,<2,,,,,,True
750,Estevan,2021,SECONDARY,Secondary,secondary,6.237,>=$5M,5,5.4,27.0,0.219,0.823,0.385,False
750,Estevan,2022,ALL,All,all,9.317,>=$5M,6,6.2,37.0,0.284,0.885,0.475,False
750,Estevan,2022,PRIMARY,Primary,primary,,<$5M,<2,,,,,,True
750,Estevan,2022,SECONDARY,Secondary,secondary,6.237,>=$5M,5,5.4,27.0,0.219,0.796,0.387,False
750,Estevan,2023,ALL,All,all,9.317,>=$5M,6,6.2,37.0,0.31,0.948,0.526,False
750,Estevan,2023,PRIMARY,Primary,primary,,<$5M,<2,,,,,,True
750,Estevan,2023,SECONDARY,Secondary,secondary,6.237,>=$5M,5,5.4,27.0,0.239,0.854,0.433,False
750,Estevan,2024,ALL,All,all,23.163,>=$5M,7,17.1,120.0,0.977,1.033,1.219,False
750,Estevan,2024,PRIMARY,Primary,primary,,<$5M,<2,,,,,,True
750,Estevan,2024,SECONDARY,Secondary,secondary,21.443,>=$5M,6,18.3,110.0,1.015,0.957,1.241,False
750,Estevan,2025,ALL,All,all,27.06,>=$5M,7,20.0,140.0,1.103,1.022,1.342,False
750,Estevan,2025,PRIMARY,Primary,primary,,<$5M,<2,,,,,,True
750,Estevan,2025,SECONDARY,Secondary,secondary,25.34,>=$5M,6,21.7,130.0,1.159,0.946,1.383,False
977,Fort St. John,2017,ALL,All,all,39.042,>=$5M,18,12.2,220.0,0.68,1.238,1.386,False
977,Fort St. John,2017,PRIMARY,Primary,primary,,<$5M,<2,,,,,,True
977,Fort St. John,2017,SECONDARY,Secondary,secondary,39.042,>=$5M,18,12.2,220.0,0.725,1.253,1.446,False
977,Fort St. John,2018,ALL,All,all,44.901,>=$5M,21,11.9,249.0,0.771,1.38,1.524,False
977,Fort St. John,2018,PRIMARY,Primary,primary,,<$5M,<2,,,,,,True
977,Fort St. John,2018,SECONDARY,Secondary,secondary,44.901,>=$5M,21,11.9,249.0,0.82,1.397,1.588,False
977,Fort St. John,2019,ALL,All,all,81.315,>=$5M,27,15.5,419.0,1.142,1.611,2.021,False
977,Fort St. John,2019,PRIMARY,Primary,primary,,<$5M,<2,,,,,,True
977,Fort St. John,2019,SECONDARY,Secondary,secondary,81.315,>=$5M,27,15.5,419.0,1.244,1.634,2.13,False
977,Fort St. John,2020,ALL,All,all,48.849,>=$5M,21,10.3,217.0,0.534,1.352,0.89,False
977,Fort St. John,2020,PRIMARY,Primary,primary,,<$5M,<2,,,,,,True
977,Fort St. John,2020,SECONDARY,Secondary,secondary,48.849,>=$5M,21,10.3,217.0,0.569,1.371,0.925,False
977,Fort St. John,2021,ALL,All,all,46.77,>=$5M,20,10.4,208.0,0.643,1.29,1.15,False
977,Fort St. John,2021,PRIMARY,Primary,primary,,<$5M,<2,,,,,,True
977,Fort St. John,2021,SECONDARY,Secondary,secondary,46.77,>=$5M,20,10.4,208.0,0.699,1.309,1.211,False
977,Fort St. John,2022,ALL,All,all,129.914,>=$5M,31,12.9,399.0,1.879,1.815,2.131,False
977,Fort St. John,2022,PRIMARY,Primary,primary,,<$5M,<2,,,,,,True
977,Fort St. John,2022,SECONDARY,Secondary,secondary,128.682,>=$5M,30,13.2,395.0,2.145,1.894,2.358,False
977,Fort St. John,2023,ALL,All,all,99.658,>=$5M,27,10.5,284.0,1.736,1.664,1.619,False
977,Fort St. John,2023,PRIMARY,Primary,primary,,<$5M,<2,,,,,,True
977,Fort St. John,2023,SECONDARY,Secondary,secondary,98.426,>=$5M,26,10.8,280.0,1.975,1.734,1.799,False
977,Fort St. John,2024,ALL,All,all,92.227,>=$5M,27,12.0,324.0,1.962,1.629,1.444,False
977,Fort St. John,2024,PRIMARY,Primary,primary,,<$5M,<2,,,,,,True
977,Fort St. John,2024,SECONDARY,Secondary,secondary,91.539,>=$5M,26,12.3,320.0,2.186,1.695,1.584,False
977,Fort St. John,2025,ALL,All,all,92.766,>=$5M,27,12.1,327.0,1.894,1.554,1.381,False
977,Fort St. John,2025,PRIMARY,Primary,primary,,<$5M,<2,,,,,,True
977,Fort St. John,2025,SECONDARY,Secondary,secondary,92.078,>=$5M,26,12.4,323.0,2.109,1.617,1.514,False
320,Fredericton,2017,ALL,All,all,101.218,>=$5M,54,8.3,448.0,0.427,1.673,0.805,False
320,Fredericton,2017,PRIMARY,Primary,primary,,<$5M,<2,,,,,,True
320,Fredericton,2017,SECONDARY,Secondary,secondary,100.613,>=$5M,53,8.4,447.0,0.452,1.661,0.837,False
320,Fredericton,2018,ALL,All,all,153.034,>=$5M,64,10.5,672.0,0.576,1.912,1.093,False
320,Fredericton,2018,PRIMARY,Primary,primary,,<$5M,<2,,,,,,True
320,Fredericton,2018,SECONDARY,Secondary,secondary,152.429,>=$5M,63,10.7,671.0,0.61,1.905,1.137,False
320,Fredericton,2019,ALL,All,all,167.809,>=$5M,73,10.1,737.0,0.555,1.921,1.03,False
320,Fredericton,2019,PRIMARY,Primary,primary,,<$5M,<2,,,,,,True
320,Fredericton,2019,SECONDARY,Secondary,secondary,167.204,>=$5M,72,10.2,736.0,0.603,1.922,1.084,False
320,Fredericton,2020,ALL,All,all,163.882,>=$5M,70,10.2,717.0,0.47,1.864,0.813,False
320,Fredericton,2020,PRIMARY,Primary,primary,,<$5M,<2,,,,,,True
320,Fredericton,2020,SECONDARY,Secondary,secondary,163.277,>=$5M,69,10.4,716.0,0.5,1.863,0.843,False
320,Fredericton,2021,ALL,All,all,150.715,>=$5M,70,9.4,660.0,0.535,1.878,0.973,False
320,Fredericton,2021,PRIMARY,Primary,primary,,<$5M,<2,,,,,,True
320,Fredericton,2021,SECONDARY,Secondary,secondary,150.11,>=$5M,69,9.6,659.0,0.579,1.879,1.023,False
320,Fredericton,2022,ALL,All,all,154.993,>=$5M,75,8.8,661.0,0.531,1.802,0.9,False
320,Fredericton,2022,PRIMARY,Primary,primary,,<$5M,<2,,,,,,True
320,Fredericton,2022,SECONDARY,Secondary,secondary,154.388,>=$5M,74,8.9,660.0,0.61,1.917,1.004,False
320,Fredericton,2023,ALL,All,all,166.911,>=$5M,75,8.8,659.0,1.697,1.768,1.016,False
320,Fredericton,2023,PRIMARY,Primary,primary,1.841,<$5M,2,2.0,4.0,0.142,0.625,0.055,False
320,Fredericton,2023,SECONDARY,Secondary,secondary,165.07,>=$5M,73,9.0,655.0,1.934,1.862,1.138,False
320,Fredericton,2024,ALL,All,all,211.519,>=$5M,83,13.8,1145.0,1.115,1.917,1.313,False
320,Fredericton,2024,PRIMARY,Primary,primary,1.058,<$5M,2,2.0,4.0,0.051,0.618,0.046,False
320,Fredericton,2024,SECONDARY,Secondary,secondary,210.461,>=$5M,81,14.1,1141.0,1.245,2.022,1.453,False
320,Fredericton,2025,ALL,All,all,221.47,>=$5M,87,13.8,1197.0,1.172,1.951,1.329,False
320,Fredericton,2025,PRIMARY,Primary,primary,1.058,<$5M,2,2.0,4.0,0.052,0.602,0.045,False
320,Fredericton,2025,SECONDARY,Secondary,secondary,220.412,>=$5M,85,14.0,1193.0,1.308,2.06,1.471,False
011,Gander,2017,ALL,All,all,14.994,>=$5M,5,13.2,66.0,0.951,1.194,1.073,False
011,Gander,2017,PRIMARY,Primary,primary,,<$5M,<2,,,,,,True
011,Gander,2017,SECONDARY,Secondary,secondary,14.994,>=$5M,5,13.2,66.0,1.013,1.208,1.12,False
011,Gander,2018,ALL,All,all,14.994,>=$5M,5,13.2,66.0,0.894,1.145,1.016,False
011,Gander,2018,PRIMARY,Primary,primary,,<$5M,<2,,,,,,True
011,Gander,2018,SECONDARY,Secondary,secondary,14.994,>=$5M,5,13.2,66.0,0.951,1.159,1.058,False
011,Gander,2019,ALL,All,all,14.994,>=$5M,5,13.2,66.0,0.672,1.036,0.817,False
011,Gander,2019,PRIMARY,Primary,primary,,<$5M,<2,,,,,,True
011,Gander,2019,SECONDARY,Secondary,secondary,14.994,>=$5M,5,13.2,66.0,0.732,1.05,0.861,False
011,Gander,2020,ALL,All,all,14.994,>=$5M,5,13.2,66.0,0.489,1.037,0.584,False
011,Gander,2020,PRIMARY,Primary,primary,,<$5M,<2,,,,,,True
011,Gander,2020,SECONDARY,Secondary,secondary,14.994,>=$5M,5,13.2,66.0,0.522,1.052,0.607,False
011,Gander,2021,ALL,All,all,14.994,>=$5M,5,13.2,66.0,0.714,1.062,0.918,False
011,Gander,2021,PRIMARY,Primary,primary,,<$5M,<2,,,,,,True
011,Gander,2021,SECONDARY,Secondary,secondary,14.994,>=$5M,5,13.2,66.0,0.776,1.078,0.966,False
011,Gander,2022,ALL,All,all,14.994,>=$5M,5,13.2,66.0,0.682,0.934,0.861,False
011,Gander,2022,PRIMARY,Primary,primary,,<$5M,<2,,,,,,True
011,Gander,2022,SECONDARY,Secondary,secondary,14.994,>=$5M,5,13.2,66.0,0.786,1.007,0.962,False
011,Gander,2023,ALL,All,all,12.829,>=$5M,5,13.2,66.0,0.785,1.004,1.005,False
011,Gander,2023,PRIMARY,Primary,primary,,<$5M,<2,,,,,,True
011,Gander,2023,SECONDARY,Secondary,secondary,12.829,>=$5M,5,13.2,66.0,0.904,1.086,1.133,False
011,Gander,2024,ALL,All,all,11.797,>=$5M,5,12.4,62.0,0.828,0.991,0.694,False
011,Gander,2024,PRIMARY,Primary,primary,,<$5M,<2,,,,,,True
011,Gander,2024,SECONDARY,Secondary,secondary,11.797,>=$5M,5,12.4,62.0,0.929,1.071,0.771,False
011,Gander,2025,ALL,All,all,7.119,>=$5M,4,9.5,38.0,0.508,0.825,0.427,False
011,Gander,2025,PRIMARY,Primary,primary,,<$5M,<2,,,,,,True
011,Gander,2025,SECONDARY,Secondary,secondary,7.119,>=$5M,4,9.5,38.0,0.569,0.892,0.474,False
450,Granby,2017,ALL,All,all,100.069,>=$5M,31,8.0,247.0,0.743,0.941,0.765,False
450,Granby,2017,PRIMARY,Primary,primary,,<$5M,<2,,,,,,True
450,Granby,2017,SECONDARY,Secondary,secondary,100.069,>=$5M,31,8.0,247.0,0.791,0.952,0.798,False
450,Granby,2018,ALL,All,all,101.224,>=$5M,32,7.9,252.0,0.803,0.954,0.746,False
450,Granby,2018,PRIMARY,Primary,primary,,<$5M,<2,,,,,,True
450,Granby,2018,SECONDARY,Secondary,secondary,101.224,>=$5M,32,7.9,252.0,0.853,0.966,0.777,False
450,Granby,2019,ALL,All,all,109.771,>=$5M,38,7.7,293.0,0.715,0.97,0.673,False
450,Granby,2019,PRIMARY,Primary,primary,,<$5M,<2,,,,,,True
450,Granby,2019,SECONDARY,Secondary,secondary,109.771,>=$5M,38,7.7,293.0,0.779,0.984,0.709,False
450,Granby,2020,ALL,All,all,113.467,>=$5M,39,7.9,309.0,0.635,0.993,0.592,False
450,Granby,2020,PRIMARY,Primary,primary,,<$5M,<2,,,,,,True
450,Granby,2020,SECONDARY,Secondary,secondary,113.467,>=$5M,39,7.9,309.0,0.677,1.007,0.616,False
450,Granby,2021,ALL,All,all,113.467,>=$5M,39,7.9,309.0,0.777,1.003,0.758,False
450,Granby,2021,PRIMARY,Primary,primary,,<$5M,<2,,,,,,True
450,Granby,2021,SECONDARY,Secondary,secondary,113.467,>=$5M,39,7.9,309.0,0.844,1.018,0.798,False
450,Granby,2022,ALL,All,all,116.614,>=$5M,42,7.4,309.0,0.751,0.963,0.691,False
450,Granby,2022,PRIMARY,Primary,primary,3.378,<$5M,3,1.3,4.0,0.164,0.946,0.085,False
450,Granby,2022,SECONDARY,Secondary,secondary,113.236,>=$5M,39,7.8,305.0,0.841,0.965,0.762,False
450,Granby,2023,ALL,All,all,95.42,>=$5M,40,7.4,295.0,0.636,0.969,0.7,False
450,Granby,2023,PRIMARY,Primary,primary,3.378,<$5M,3,1.3,4.0,0.171,0.962,0.084,False
450,Granby,2023,SECONDARY,Secondary,secondary,92.042,>=$5M,37,7.9,291.0,0.706,0.969,0.778,False
450,Granby,2024,ALL,All,all,114.506,>=$5M,44,12.1,531.0,0.765,1.061,0.893,False
450,Granby,2024,PRIMARY,Primary,primary,1.599,<$5M,3,2.7,8.0,0.098,0.968,0.135,False
450,Granby,2024,SECONDARY,Secondary,secondary,112.907,>=$5M,41,12.8,523.0,0.847,1.068,0.977,False
450,Granby,2025,ALL,All,all,118.798,>=$5M,45,12.3,555.0,0.799,1.053,0.917,False
450,Granby,2025,PRIMARY,Primary,primary,1.599,<$5M,3,2.7,8.0,0.099,0.941,0.133,False
450,Granby,2025,SECONDARY,Secondary,secondary,117.199,>=$5M,42,13.0,547.0,0.884,1.061,1.004,False
010,Grand Falls-Windsor,2017,ALL,All,all,3.801,<$5M,3,6.3,19.0,0.187,0.567,0.348,False
010,Grand Falls-Windsor,2017,PRIMARY,Primary,primary,,<$5M,<2,,,,,,True
010,Grand Falls-Windsor,2017,SECONDARY,Secondary,secondary,3.801,<$5M,3,6.3,19.0,0.2,0.574,0.362,False
010,Grand Falls-Windsor,2018,ALL,All,all,3.801,<$5M,3,6.3,19.0,0.185,0.54,0.332,False
010,Grand Falls-Windsor,2018,PRIMARY,Primary,primary,,<$5M,<2,,,,,,True
010,Grand Falls-Windsor,2018,SECONDARY,Secondary,secondary,3.801,<$5M,3,6.3,19.0,0.196,0.547,0.346,False
010,Grand Falls-Windsor,2019,ALL,All,all,3.801,<$5M,3,6.3,19.0,0.142,0.485,0.255,False
010,Grand Falls-Windsor,2019,PRIMARY,Primary,primary,,<$5M,<2,,,,,,True
010,Grand Falls-Windsor,2019,SECONDARY,Secondary,secondary,3.801,<$5M,3,6.3,19.0,0.154,0.492,0.269,False
010,Grand Falls-Windsor,2020,ALL,All,all,3.801,<$5M,3,6.3,19.0,0.118,0.486,0.208,False
010,Grand Falls-Windsor,2020,PRIMARY,Primary,primary,,<$5M,<2,,,,,,True
010,Grand Falls-Windsor,2020,SECONDARY,Secondary,secondary,3.801,<$5M,3,6.3,19.0,0.126,0.493,0.216,False
010,Grand Falls-Windsor,2021,ALL,All,all,3.801,<$5M,3,6.3,19.0,0.147,0.494,0.274,False
010,Grand Falls-Windsor,2021,PRIMARY,Primary,primary,,<$5M,<2,,,,,,True
010,Grand Falls-Windsor,2021,SECONDARY,Secondary,secondary,3.801,<$5M,3,6.3,19.0,0.159,0.501,0.288,False
010,Grand Falls-Windsor,2022,ALL,All,all,6.552,>=$5M,5,6.4,32.0,0.244,0.72,0.423,False
010,Grand Falls-Windsor,2022,PRIMARY,Primary,primary,,<$5M,<2,,,,,,True
010,Grand Falls-Windsor,2022,SECONDARY,Secondary,secondary,6.552,>=$5M,5,6.4,32.0,0.281,0.777,0.473,False
010,Grand Falls-Windsor,2023,ALL,All,all,4.242,<$5M,4,5.5,22.0,0.193,0.64,0.346,False
010,Grand Falls-Windsor,2023,PRIMARY,Primary,primary,,<$5M,<2,,,,,,True
010,Grand Falls-Windsor,2023,SECONDARY,Secondary,secondary,4.242,<$5M,4,5.5,22.0,0.222,0.692,0.39,False
010,Grand Falls-Windsor,2024,ALL,All,all,2.546,<$5M,4,4.5,18.0,0.146,0.634,0.193,False
010,Grand Falls-Windsor,2024,PRIMARY,Primary,primary,,<$5M,<2,,,,,,True
010,Grand Falls-Windsor,2024,SECONDARY,Secondary,secondary,2.546,<$5M,4,4.5,18.0,0.163,0.685,0.214,False
010,Grand Falls-Windsor,2025,ALL,All,all,2.546,<$5M,4,4.5,18.0,0.146,0.623,0.188,False
010,Grand Falls-Windsor,2025,PRIMARY,Primary,primary,,<$5M,<2,,,,,,True
010,Grand Falls-Windsor,2025,SECONDARY,Secondary,secondary,2.546,<$5M,4,4.5,18.0,0.164,0.673,0.209,False
850,Grande Prairie,2017,ALL,All,all,317.795,>=$5M,49,14.2,698.0,2.568,1.479,1.979,False
850,Grande Prairie,2017,PRIMARY,Primary,primary,64.234,>=$5M,2,41.5,83.0,8.514,5.165,5.708,False
850,Grande Prairie,2017,SECONDARY,Secondary,secondary,253.561,>=$5M,47,13.1,615.0,2.182,1.435,1.819,False
850,Grande Prairie,2018,ALL,All,all,314.624,>=$5M,49,14.0,685.0,2.537,1.399,1.779,False
850,Grande Prairie,2018,PRIMARY,Primary,primary,64.234,>=$5M,2,41.5,83.0,8.699,4.696,5.388,False
850,Grande Prairie,2018,SECONDARY,Secondary,secondary,250.39,>=$5M,47,12.8,602.0,2.147,1.358,1.629,False
850,Grande Prairie,2019,ALL,All,all,340.004,>=$5M,58,13.7,793.0,2.2,1.493,1.626,False
850,Grande Prairie,2019,PRIMARY,Primary,primary,66.172,>=$5M,3,29.7,89.0,5.205,5.506,3.578,False
850,Grande Prairie,2019,SECONDARY,Secondary,secondary,273.832,>=$5M,55,12.8,704.0,1.93,1.436,1.521,False
850,Grande Prairie,2020,ALL,All,all,411.593,>=$5M,56,19.7,1104.0,2.162,1.435,1.83,False
850,Grande Prairie,2020,PRIMARY,Primary,primary,64.234,>=$5M,2,41.5,83.0,5.392,3.664,3.637,False
850,Grande Prairie,2020,SECONDARY,Secondary,secondary,347.359,>=$5M,54,18.9,1021.0,1.946,1.404,1.759,False
850,Grande Prairie,2021,ALL,All,all,414.533,>=$5M,58,19.4,1124.0,2.638,1.49,2.38,False
850,Grande Prairie,2021,PRIMARY,Primary,primary,64.234,>=$5M,2,41.5,83.0,5.098,3.531,3.525,False
850,Grande Prairie,2021,SECONDARY,Secondary,secondary,350.299,>=$5M,56,18.6,1041.0,2.424,1.46,2.32,False
850,Grande Prairie,2022,ALL,All,all,358.146,>=$5M,65,13.0,844.0,2.34,1.501,1.698,False
850,Grande Prairie,2022,PRIMARY,Primary,primary,70.702,>=$5M,5,20.8,104.0,3.484,1.587,1.985,False
850,Grande Prairie,2022,SECONDARY,Secondary,secondary,287.444,>=$5M,60,12.3,740.0,2.165,1.495,1.664,False
850,Grande Prairie,2023,ALL,All,all,321.231,>=$5M,60,13.2,795.0,2.522,1.475,1.795,False
850,Grande Prairie,2023,PRIMARY,Primary,primary,46.683,>=$5M,5,20.8,104.0,2.778,1.628,2.088,False
850,Grande Prairie,2023,SECONDARY,Secondary,secondary,274.548,>=$5M,55,12.6,691.0,2.483,1.462,1.758,False
850,Grande Prairie,2024,ALL,All,all,179.681,>=$5M,55,12.8,705.0,1.517,1.294,1.239,False
850,Grande Prairie,2024,PRIMARY,Primary,primary,41.071,>=$5M,4,23.8,95.0,3.182,1.259,1.671,False
850,Grande Prairie,2024,SECONDARY,Secondary,secondary,138.61,>=$5M,51,12.0,610.0,1.313,1.297,1.191,False
850,Grande Prairie,2025,ALL,All,all,179.787,>=$5M,55,12.9,708.0,1.465,1.254,1.187,False
850,Grande Prairie,2025,PRIMARY,Primary,primary,41.071,>=$5M,4,23.8,95.0,3.089,1.224,1.604,False
850,Grande Prairie,2025,SECONDARY,Secondary,secondary,138.716,>=$5M,51,12.0,613.0,1.267,1.257,1.141,False
580,Greater Sudbury / Grand Sudbury,2017,ALL,All,all,139.035,>=$5M,59,7.1,421.0,0.786,1.081,0.727,False
580,Greater Sudbury / Grand Sudbury,2017,PRIMARY,Primary,primary,,<$5M,<2,,,,,,True
580,Greater Sudbury / Grand Sudbury,2017,SECONDARY,Secondary,secondary,139.035,>=$5M,59,7.1,421.0,0.837,1.094,0.759,False
580,Greater Sudbury / Grand Sudbury,2018,ALL,All,all,186.432,>=$5M,61,10.2,624.0,1.031,1.085,1.013,False
580,Greater Sudbury / Grand Sudbury,2018,PRIMARY,Primary,primary,,<$5M,<2,,,,,,True
580,Greater Sudbury / Grand Sudbury,2018,SECONDARY,Secondary,secondary,186.432,>=$5M,61,10.2,624.0,1.096,1.098,1.055,False
580,Greater Sudbury / Grand Sudbury,2019,ALL,All,all,210.057,>=$5M,73,9.6,703.0,0.943,1.121,0.888,False
580,Greater Sudbury / Grand Sudbury,2019,PRIMARY,Primary,primary,,<$5M,<2,,,,,,True
580,Greater Sudbury / Grand Sudbury,2019,SECONDARY,Secondary,secondary,210.057,>=$5M,73,9.6,703.0,1.028,1.137,0.936,False
580,Greater Sudbury / Grand Sudbury,2020,ALL,All,all,202.524,>=$5M,74,9.4,696.0,0.796,1.145,0.736,False
580,Greater Sudbury / Grand Sudbury,2020,PRIMARY,Primary,primary,,<$5M,<2,,,,,,True
580,Greater Sudbury / Grand Sudbury,2020,SECONDARY,Secondary,secondary,202.524,>=$5M,74,9.4,696.0,0.849,1.161,0.765,False
580,Greater Sudbury / Grand Sudbury,2021,ALL,All,all,191.436,>=$5M,71,9.0,640.0,0.989,1.124,0.962,False
580,Greater Sudbury / Grand Sudbury,2021,PRIMARY,Primary,primary,,<$5M,<2,,,,,,True
580,Greater Sudbury / Grand Sudbury,2021,SECONDARY,Secondary,secondary,191.436,>=$5M,71,9.0,640.0,1.076,1.14,1.012,False
580,Greater Sudbury / Grand Sudbury,2022,ALL,All,all,207.248,>=$5M,81,8.4,683.0,1.024,1.144,0.941,False
580,Greater Sudbury / Grand Sudbury,2022,PRIMARY,Primary,primary,9.019,>=$5M,3,9.3,28.0,0.336,0.582,0.366,False
580,Greater Sudbury / Grand Sudbury,2022,SECONDARY,Secondary,secondary,198.229,>=$5M,78,8.4,655.0,1.129,1.188,1.009,False
580,Greater Sudbury / Grand Sudbury,2023,ALL,All,all,162.365,>=$5M,80,7.7,615.0,0.874,1.188,0.929,False
580,Greater Sudbury / Grand Sudbury,2023,PRIMARY,Primary,primary,11.094,>=$5M,4,11.8,47.0,0.452,0.787,0.632,False
580,Greater Sudbury / Grand Sudbury,2023,SECONDARY,Secondary,secondary,151.271,>=$5M,76,7.5,568.0,0.938,1.22,0.967,False
580,Greater Sudbury / Grand Sudbury,2024,ALL,All,all,220.669,>=$5M,88,11.1,980.0,1.195,1.285,1.07,False
580,Greater Sudbury / Grand Sudbury,2024,PRIMARY,Primary,primary,25.287,>=$5M,6,12.3,74.0,1.257,1.172,0.809,False
580,Greater Sudbury / Grand Sudbury,2024,SECONDARY,Secondary,secondary,195.382,>=$5M,82,11.0,906.0,1.188,1.294,1.099,False
580,Greater Sudbury / Grand Sudbury,2025,ALL,All,all,211.771,>=$5M,88,11.4,999.0,1.128,1.249,1.055,False
580,Greater Sudbury / Grand Sudbury,2025,PRIMARY,Primary,primary,12.881,>=$5M,6,12.3,74.0,0.634,1.143,0.787,False
580,Greater Sudbury / Grand Sudbury,2025,SECONDARY,Secondary,secondary,198.89,>=$5M,82,11.3,925.0,1.188,1.258,1.084,False
550,Guelph,2017,ALL,All,all,209.684,>=$5M,46,11.6,533.0,1.274,1.03,1.0,False
550,Guelph,2017,PRIMARY,Primary,primary,,<$5M,<2,,,,,,True
550,Guelph,2017,SECONDARY,Secondary,secondary,209.684,>=$5M,46,11.6,533.0,1.356,1.042,1.043,False
550,Guelph,2018,ALL,All,all,203.57,>=$5M,48,10.6,511.0,1.178,1.047,0.911,False
550,Guelph,2018,PRIMARY,Primary,primary,,<$5M,<2,,,,,,True
550,Guelph,2018,SECONDARY,Secondary,secondary,203.57,>=$5M,48,10.6,511.0,1.252,1.059,0.948,False
550,Guelph,2019,ALL,All,all,329.778,>=$5M,64,13.5,863.0,1.521,1.18,1.152,False
550,Guelph,2019,PRIMARY,Primary,primary,,<$5M,<2,,,,,,True
550,Guelph,2019,SECONDARY,Secondary,secondary,329.778,>=$5M,64,13.5,863.0,1.657,1.197,1.214,False
550,Guelph,2020,ALL,All,all,336.246,>=$5M,65,13.7,891.0,1.29,1.196,0.974,False
550,Guelph,2020,PRIMARY,Primary,primary,,<$5M,<2,,,,,,True
550,Guelph,2020,SECONDARY,Secondary,secondary,336.246,>=$5M,65,13.7,891.0,1.376,1.213,1.012,False
550,Guelph,2021,ALL,All,all,314.325,>=$5M,65,13.7,889.0,1.517,1.205,1.283,False
550,Guelph,2021,PRIMARY,Primary,primary,,<$5M,<2,,,,,,True
550,Guelph,2021,SECONDARY,Secondary,secondary,314.325,>=$5M,65,13.7,889.0,1.649,1.223,1.35,False
550,Guelph,2022,ALL,All,all,326.812,>=$5M,72,12.7,916.0,1.489,1.183,1.22,False
550,Guelph,2022,PRIMARY,Primary,primary,11.566,>=$5M,5,6.8,34.0,0.398,1.129,0.43,False
550,Guelph,2022,SECONDARY,Secondary,secondary,315.246,>=$5M,67,13.2,882.0,1.656,1.187,1.313,False
550,Guelph,2023,ALL,All,all,296.422,>=$5M,68,11.0,746.0,1.531,1.153,1.144,False
550,Guelph,2023,PRIMARY,Primary,primary,11.41,>=$5M,6,6.8,41.0,0.447,1.348,0.559,False
550,Guelph,2023,SECONDARY,Secondary,secondary,285.012,>=$5M,62,11.4,705.0,1.696,1.138,1.218,False
550,Guelph,2024,ALL,All,all,241.333,>=$5M,72,12.6,909.0,1.199,1.177,1.039,False
550,Guelph,2024,PRIMARY,Primary,primary,8.125,>=$5M,7,5.9,41.0,0.371,1.532,0.469,False
550,Guelph,2024,SECONDARY,Secondary,secondary,233.208,>=$5M,65,13.4,868.0,1.301,1.149,1.102,False
550,Guelph,2025,ALL,All,all,245.108,>=$5M,73,12.8,933.0,1.211,1.159,1.026,False
550,Guelph,2025,PRIMARY,Primary,primary,10.926,>=$5M,8,7.5,60.0,0.498,1.704,0.665,False
550,Guelph,2025,SECONDARY,Secondary,secondary,234.182,>=$5M,65,13.4,873.0,1.297,1.115,1.066,False
205,Halifax,2017,ALL,All,all,342.094,>=$5M,202,7.4,1500.0,0.633,1.199,0.698,False
205,Halifax,2017,PRIMARY,Primary,primary,,>=$5M,<2,,,,,,True
205,Halifax,2017,SECONDARY,Secondary,secondary,336.926,>=$5M,201,7.4,1484.0,0.664,1.207,0.72,False
205,Halifax,2018,ALL,All,all,371.212,>=$5M,212,7.7,1626.0,0.656,1.221,0.704,False
205,Halifax,2018,PRIMARY,Primary,primary,,>=$5M,<2,,,,,,True
205,Halifax,2018,SECONDARY,Secondary,secondary,366.044,>=$5M,211,7.6,1610.0,0.688,1.23,0.726,False
205,Halifax,2019,ALL,All,all,417.337,>=$5M,236,7.7,1828.0,0.624,1.19,0.656,False
205,Halifax,2019,PRIMARY,Primary,primary,6.46,>=$5M,2,10.0,20.0,0.117,0.719,0.141,False
205,Halifax,2019,SECONDARY,Secondary,secondary,410.877,>=$5M,234,7.7,1808.0,0.67,1.197,0.684,False
205,Halifax,2020,ALL,All,all,9658.451,>=$5M,238,175.8,41830.0,10.027,1.209,10.451,False
205,Halifax,2020,PRIMARY,Primary,primary,,>=$5M,<2,,,,,,True
205,Halifax,2020,SECONDARY,Secondary,secondary,9653.283,>=$5M,237,176.4,41814.0,10.69,1.221,10.858,False
205,Halifax,2021,ALL,All,all,424.193,>=$5M,232,8.1,1871.0,0.68,1.207,0.727,False
205,Halifax,2021,PRIMARY,Primary,primary,,>=$5M,<2,,,,,,True
205,Halifax,2021,SECONDARY,Secondary,secondary,419.025,>=$5M,231,8.0,1855.0,0.73,1.219,0.759,False
205,Halifax,2022,ALL,All,all,501.799,>=$5M,289,6.7,1936.0,0.757,1.213,0.735,False
205,Halifax,2022,PRIMARY,Primary,primary,59.532,>=$5M,10,15.9,159.0,0.677,0.577,0.573,False
205,Halifax,2022,SECONDARY,Secondary,secondary,442.267,>=$5M,279,6.4,1777.0,0.769,1.263,0.754,False
205,Halifax,2023,ALL,All,all,535.908,>=$5M,288,7.5,2146.0,0.889,1.234,0.876,False
205,Halifax,2023,PRIMARY,Primary,primary,120.123,>=$5M,13,26.9,350.0,1.51,0.738,1.271,False
205,Halifax,2023,SECONDARY,Secondary,secondary,415.785,>=$5M,275,6.5,1796.0,0.794,1.275,0.826,False
205,Halifax,2024,ALL,All,all,876.293,>=$5M,297,16.1,4793.0,1.448,1.215,1.341,False
205,Halifax,2024,PRIMARY,Primary,primary,79.974,>=$5M,13,28.3,368.0,1.213,0.712,1.031,False
205,Halifax,2024,SECONDARY,Secondary,secondary,796.319,>=$5M,284,15.6,4425.0,1.477,1.255,1.376,False
205,Halifax,2025,ALL,All,all,941.994,>=$5M,302,16.4,4939.0,1.536,1.214,1.347,False
205,Halifax,2025,PRIMARY,Primary,primary,83.733,>=$5M,13,29.5,384.0,1.26,0.701,1.054,False
205,Halifax,2025,SECONDARY,Secondary,secondary,858.261,>=$5M,289,15.8,4555.0,1.569,1.255,1.379,False
537,Hamilton,2017,ALL,All,all,1342.828,>=$5M,228,11.7,2663.0,2.013,1.093,1.144,False
537,Hamilton,2017,PRIMARY,Primary,primary,,<$5M,<2,,,,,,True
537,Hamilton,2017,SECONDARY,Secondary,secondary,1342.828,>=$5M,228,11.7,2663.0,2.144,1.105,1.193,False
537,Hamilton,2018,ALL,All,all,1362.909,>=$5M,232,12.3,2863.0,1.953,1.078,1.156,False
537,Hamilton,2018,PRIMARY,Primary,primary,,<$5M,<2,,,,,,True
537,Hamilton,2018,SECONDARY,Secondary,secondary,1362.909,>=$5M,232,12.3,2863.0,2.076,1.091,1.204,False
537,Hamilton,2019,ALL,All,all,1509.335,>=$5M,286,12.4,3545.0,1.694,1.106,1.092,False
537,Hamilton,2019,PRIMARY,Primary,primary,,<$5M,<2,,,,,,True
537,Hamilton,2019,SECONDARY,Secondary,secondary,1509.335,>=$5M,286,12.4,3545.0,1.845,1.122,1.151,False
537,Hamilton,2020,ALL,All,all,3565.558,>=$5M,280,19.0,5323.0,3.224,1.089,1.354,False
537,Hamilton,2020,PRIMARY,Primary,primary,,<$5M,<2,,,,,,True
537,Hamilton,2020,SECONDARY,Secondary,secondary,3565.558,>=$5M,280,19.0,5323.0,3.439,1.104,1.407,False
537,Hamilton,2021,ALL,All,all,3430.218,>=$5M,276,17.9,4930.0,3.945,1.077,1.653,False
537,Hamilton,2021,PRIMARY,Primary,primary,,<$5M,<2,,,,,,True
537,Hamilton,2021,SECONDARY,Secondary,secondary,3430.218,>=$5M,276,17.9,4930.0,4.289,1.092,1.74,False
537,Hamilton,2022,ALL,All,all,1130.646,>=$5M,344,9.4,3238.0,1.24,1.089,1.008,False
537,Hamilton,2022,PRIMARY,Primary,primary,142.373,>=$5M,27,14.4,390.0,1.178,1.175,1.152,False
537,Hamilton,2022,SECONDARY,Secondary,secondary,988.273,>=$5M,317,9.0,2848.0,1.249,1.082,0.991,False
537,Hamilton,2023,ALL,All,all,1067.627,>=$5M,340,9.5,3221.0,1.314,1.085,1.079,False
537,Hamilton,2023,PRIMARY,Primary,primary,144.427,>=$5M,28,15.0,420.0,1.347,1.183,1.251,False
537,Hamilton,2023,SECONDARY,Secondary,secondary,923.2,>=$5M,312,9.0,2801.0,1.309,1.077,1.057,False
537,Hamilton,2024,ALL,All,all,1090.324,>=$5M,356,13.7,4885.0,1.243,1.105,1.132,False
537,Hamilton,2024,PRIMARY,Primary,primary,130.744,>=$5M,29,21.4,622.0,1.368,1.204,1.443,False
537,Hamilton,2024,SECONDARY,Secondary,secondary,959.58,>=$5M,327,13.0,4263.0,1.228,1.097,1.098,False
537,Hamilton,2025,ALL,All,all,1094.48,>=$5M,365,13.5,4923.0,1.218,1.1,1.106,False
537,Hamilton,2025,PRIMARY,Primary,primary,119.424,>=$5M,31,17.1,529.0,1.227,1.254,1.197,False
537,Hamilton,2025,SECONDARY,Secondary,secondary,975.056,>=$5M,334,13.2,4394.0,1.217,1.088,1.096,False
502,Hawkesbury (Ontario part / partie de l'Ontario),2017,ALL,All,all,11.298,>=$5M,6,9.0,54.0,0.458,0.934,0.811,False
502,Hawkesbury (Ontario part / partie de l'Ontario),2017,PRIMARY,Primary,primary,,<$5M,<2,,,,,,True
502,Hawkesbury (Ontario part / partie de l'Ontario),2017,SECONDARY,Secondary,secondary,11.298,>=$5M,6,9.0,54.0,0.488,0.945,0.846,False
502,Hawkesbury (Ontario part / partie de l'Ontario),2018,ALL,All,all,11.298,>=$5M,6,9.0,54.0,0.442,0.914,0.775,False
502,Hawkesbury (Ontario part / partie de l'Ontario),2018,PRIMARY,Primary,primary,,<$5M,<2,,,,,,True
502,Hawkesbury (Ontario part / partie de l'Ontario),2018,SECONDARY,Secondary,secondary,11.298,>=$5M,6,9.0,54.0,0.47,0.925,0.807,False
502,Hawkesbury (Ontario part / partie de l'Ontario),2019,ALL,All,all,13.335,>=$5M,8,8.1,65.0,0.425,1.052,0.748,False
502,Hawkesbury (Ontario part / partie de l'Ontario),2019,PRIMARY,Primary,primary,,<$5M,<2,,,,,,True
502,Hawkesbury (Ontario part / partie de l'Ontario),2019,SECONDARY,Secondary,secondary,13.335,>=$5M,8,8.1,65.0,0.463,1.067,0.788,False
502,Hawkesbury (Ontario part / partie de l'Ontario),2020,ALL,All,all,13.335,>=$5M,8,8.1,65.0,0.349,1.056,0.591,False
502,Hawkesbury (Ontario part / partie de l'Ontario),2020,PRIMARY,Primary,primary,,<$5M,<2,,,,,,True
502,Hawkesbury (Ontario part / partie de l'Ontario),2020,SECONDARY,Secondary,secondary,13.335,>=$5M,8,8.1,65.0,0.373,1.071,0.615,False
502,Hawkesbury (Ontario part / partie de l'Ontario),2021,ALL,All,all,13.566,>=$5M,9,7.3,66.0,0.442,1.209,0.823,False
502,Hawkesbury (Ontario part / partie de l'Ontario),2021,PRIMARY,Primary,primary,,<$5M,<2,,,,,,True
502,Hawkesbury (Ontario part / partie de l'Ontario),2021,SECONDARY,Secondary,secondary,13.566,>=$5M,9,7.3,66.0,0.481,1.226,0.866,False
502,Hawkesbury (Ontario part / partie de l'Ontario),2022,ALL,All,all,17.274,>=$5M,10,7.3,73.0,0.555,1.234,0.882,False
502,Hawkesbury (Ontario part / partie de l'Ontario),2022,PRIMARY,Primary,primary,,<$5M,<2,,,,,,True
502,Hawkesbury (Ontario part / partie de l'Ontario),2022,SECONDARY,Secondary,secondary,13.566,>=$5M,9,7.1,64.0,0.502,1.197,0.865,False
502,Hawkesbury (Ontario part / partie de l'Ontario),2023,ALL,All,all,16.607,>=$5M,9,8.0,72.0,0.561,1.189,0.96,False
502,Hawkesbury (Ontario part / partie de l'Ontario),2023,PRIMARY,Primary,primary,,<$5M,<2,,,,,,True
502,Hawkesbury (Ontario part / partie de l'Ontario),2023,SECONDARY,Secondary,secondary,12.899,>=$5M,8,7.9,63.0,0.502,1.143,0.946,False
502,Hawkesbury (Ontario part / partie de l'Ontario),2024,ALL,All,all,11.099,>=$5M,9,7.0,63.0,0.346,1.168,0.607,False
502,Hawkesbury (Ontario part / partie de l'Ontario),2024,PRIMARY,Primary,primary,,<$5M,<2,,,,,,True
502,Hawkesbury (Ontario part / partie de l'Ontario),2024,SECONDARY,Secondary,secondary,9.373,>=$5M,8,6.9,55.0,0.328,1.122,0.588,False
502,Hawkesbury (Ontario part / partie de l'Ontario),2025,ALL,All,all,11.006,>=$5M,9,7.1,64.0,0.341,1.142,0.601,False
502,Hawkesbury (Ontario part / partie de l'Ontario),2025,PRIMARY,Primary,primary,,<$5M,<2,,,,,,True
502,Hawkesbury (Ontario part / partie de l'Ontario),2025,SECONDARY,Secondary,secondary,9.472,>=$5M,8,7.0,56.0,0.329,1.097,0.584,False
821,High River,2017,ALL,All,all,3.03,<$5M,3,6.0,18.0,0.181,0.602,0.423,False
821,High River,2017,PRIMARY,Primary,primary,,<$5M,<2,,,,,,True
821,High River,2017,SECONDARY,Secondary,secondary,3.03,<$5M,3,6.0,18.0,0.193,0.609,0.441,False
821,High River,2018,ALL,All,all,3.954,<$5M,4,5.5,22.0,0.225,0.764,0.482,False
821,High River,2018,PRIMARY,Primary,primary,,<$5M,<2,,,,,,True
821,High River,2018,SECONDARY,Secondary,secondary,3.954,<$5M,4,5.5,22.0,0.24,0.774,0.502,False
821,High River,2019,ALL,All,all,3.954,<$5M,4,5.5,22.0,0.196,0.677,0.377,False
821,High River,2019,PRIMARY,Primary,primary,,<$5M,<2,,,,,,True
821,High River,2019,SECONDARY,Secondary,secondary,3.954,<$5M,4,5.5,22.0,0.214,0.687,0.397,False
821,High River,2020,ALL,All,all,3.954,<$5M,4,5.5,22.0,0.163,0.672,0.316,False
821,High River,2020,PRIMARY,Primary,primary,,<$5M,<2,,,,,,True
821,High River,2020,SECONDARY,Secondary,secondary,3.954,<$5M,4,5.5,22.0,0.174,0.682,0.328,False
821,High River,2021,ALL,All,all,3.954,<$5M,4,5.5,22.0,0.198,0.67,0.416,False
821,High River,2021,PRIMARY,Primary,primary,,<$5M,<2,,,,,,True
821,High River,2021,SECONDARY,Secondary,secondary,3.954,<$5M,4,5.5,22.0,0.215,0.68,0.438,False
821,High River,2022,ALL,All,all,3.954,<$5M,4,5.5,22.0,0.195,0.609,0.392,False
821,High River,2022,PRIMARY,Primary,primary,,<$5M,<2,,,,,,True
821,High River,2022,SECONDARY,Secondary,secondary,3.954,<$5M,4,5.5,22.0,0.225,0.657,0.438,False
821,High River,2023,ALL,All,all,3.336,<$5M,4,5.5,22.0,0.17,0.632,0.404,False
821,High River,2023,PRIMARY,Primary,primary,,<$5M,<2,,,,,,True
821,High River,2023,SECONDARY,Secondary,secondary,3.336,<$5M,4,5.5,22.0,0.196,0.683,0.456,False
821,High River,2024,ALL,All,all,9.864,>=$5M,4,14.2,57.0,0.534,0.597,0.74,False
821,High River,2024,PRIMARY,Primary,primary,,<$5M,<2,,,,,,True
821,High River,2024,SECONDARY,Secondary,secondary,9.864,>=$5M,4,14.2,57.0,0.599,0.645,0.822,False
821,High River,2025,ALL,All,all,8.258,>=$5M,4,12.2,49.0,0.438,0.579,0.638,False
821,High River,2025,PRIMARY,Primary,primary,,<$5M,<2,,,,,,True
821,High River,2025,SECONDARY,Secondary,secondary,8.258,>=$5M,4,12.2,49.0,0.491,0.625,0.709,False
533,Ingersoll,2017,ALL,All,all,,>=$5M,<2,,,,,,True
533,Ingersoll,2017,PRIMARY,Primary,primary,,<$5M,<2,,,,,,True
533,Ingersoll,2017,SECONDARY,Secondary,secondary,,>=$5M,<2,,,,,,True
533,Ingersoll,2018,ALL,All,all,,>=$5M,<2,,,,,,True
533,Ingersoll,2018,PRIMARY,Primary,primary,,<$5M,<2,,,,,,True
533,Ingersoll,2018,SECONDARY,Secondary,secondary,,>=$5M,<2,,,,,,True
533,Ingersoll,2019,ALL,All,all,,>=$5M,<2,,,,,,True
533,Ingersoll,2019,PRIMARY,Primary,primary,,<$5M,<2,,,,,,True
533,Ingersoll,2019,SECONDARY,Secondary,secondary,,>=$5M,<2,,,,,,True
533,Ingersoll,2020,ALL,All,all,,>=$5M,<2,,,,,,True
533,Ingersoll,2020,PRIMARY,Primary,primary,,<$5M,<2,,,,,,True
533,Ingersoll,2020,SECONDARY,Secondary,secondary,,>=$5M,<2,,,,,,True
533,Ingersoll,2021,ALL,All,all,,>=$5M,<2,,,,,,True
533,Ingersoll,2021,PRIMARY,Primary,primary,,<$5M,<2,,,,,,True
533,Ingersoll,2021,SECONDARY,Secondary,secondary,,>=$5M,<2,,,,,,True
533,Ingersoll,2022,ALL,All,all,,>=$5M,<2,,,,,,True
533,Ingersoll,2022,PRIMARY,Primary,primary,,<$5M,<2,,,,,,True
533,Ingersoll,2022,SECONDARY,Secondary,secondary,,>=$5M,<2,,,,,,True
533,Ingersoll,2023,ALL,All,all,,>=$5M,<2,,,,,,True
533,Ingersoll,2023,PRIMARY,Primary,primary,,<$5M,<2,,,,,,True
533,Ingersoll,2023,SECONDARY,Secondary,secondary,,>=$5M,<2,,,,,,True
533,Ingersoll,2024,ALL,All,all,51.552,>=$5M,2,50.5,101.0,7.315,0.548,1.924,False
533,Ingersoll,2024,PRIMARY,Primary,primary,,>=$5M,<2,,,,,,True
533,Ingersoll,2024,SECONDARY,Secondary,secondary,,>=$5M,<2,,,,,,True
533,Ingersoll,2025,ALL,All,all,61.298,>=$5M,3,54.0,162.0,8.546,0.797,3.042,False
533,Ingersoll,2025,PRIMARY,Primary,primary,,>=$5M,<2,,,,,,True
533,Ingersoll,2025,SECONDARY,Secondary,secondary,54.844,>=$5M,2,60.0,120.0,8.575,0.574,2.502,False
456,Joliette,2017,ALL,All,all,47.535,>=$5M,24,6.9,165.0,0.914,1.061,0.82,False
456,Joliette,2017,PRIMARY,Primary,primary,,<$5M,<2,,,,,,True
456,Joliette,2017,SECONDARY,Secondary,secondary,47.535,>=$5M,24,6.9,165.0,0.973,1.073,0.855,False
456,Joliette,2018,ALL,All,all,55.922,>=$5M,25,7.0,174.0,1.039,1.08,0.819,False
456,Joliette,2018,PRIMARY,Primary,primary,,<$5M,<2,,,,,,True
456,Joliette,2018,SECONDARY,Secondary,secondary,55.922,>=$5M,25,7.0,174.0,1.105,1.093,0.853,False
456,Joliette,2019,ALL,All,all,58.967,>=$5M,27,7.0,189.0,0.933,1.055,0.76,False
456,Joliette,2019,PRIMARY,Primary,primary,,<$5M,<2,,,,,,True
456,Joliette,2019,SECONDARY,Secondary,secondary,58.967,>=$5M,27,7.0,189.0,1.017,1.07,0.801,False
456,Joliette,2020,ALL,All,all,60.568,>=$5M,27,7.1,192.0,0.784,1.055,0.626,False
456,Joliette,2020,PRIMARY,Primary,primary,,<$5M,<2,,,,,,True
456,Joliette,2020,SECONDARY,Secondary,secondary,60.568,>=$5M,27,7.1,192.0,0.836,1.07,0.65,False
456,Joliette,2021,ALL,All,all,62.065,>=$5M,28,6.9,194.0,1.057,1.163,0.864,False
456,Joliette,2021,PRIMARY,Primary,primary,,<$5M,<2,,,,,,True
456,Joliette,2021,SECONDARY,Secondary,secondary,62.065,>=$5M,28,6.9,194.0,1.149,1.18,0.91,False
456,Joliette,2022,ALL,All,all,64.924,>=$5M,30,6.9,207.0,1.037,1.103,0.851,False
456,Joliette,2022,PRIMARY,Primary,primary,,<$5M,<2,,,,,,True
456,Joliette,2022,SECONDARY,Secondary,secondary,62.989,>=$5M,29,7.0,202.0,1.159,1.15,0.928,False
456,Joliette,2023,ALL,All,all,62.379,>=$5M,30,6.9,207.0,1.095,1.165,0.93,False
456,Joliette,2023,PRIMARY,Primary,primary,,<$5M,<2,,,,,,True
456,Joliette,2023,SECONDARY,Secondary,secondary,60.444,>=$5M,29,7.0,202.0,1.223,1.218,1.023,False
456,Joliette,2024,ALL,All,all,84.505,>=$5M,35,12.2,426.0,1.445,1.357,1.347,False
456,Joliette,2024,PRIMARY,Primary,primary,,<$5M,<2,,,,,,True
456,Joliette,2024,SECONDARY,Secondary,secondary,83.941,>=$5M,34,12.4,423.0,1.611,1.424,1.486,False
456,Joliette,2025,ALL,All,all,84.604,>=$5M,35,12.2,428.0,1.453,1.312,1.341,False
456,Joliette,2025,PRIMARY,Primary,primary,,<$5M,<2,,,,,,True
456,Joliette,2025,SECONDARY,Secondary,secondary,84.04,>=$5M,34,12.5,425.0,1.619,1.377,1.478,False
925,Kamloops,2017,ALL,All,all,105.056,>=$5M,46,9.2,424.0,1.007,1.086,1.011,False
925,Kamloops,2017,PRIMARY,Primary,primary,,<$5M,<2,,,,,,True
925,Kamloops,2017,SECONDARY,Secondary,secondary,105.056,>=$5M,46,9.2,424.0,1.073,1.099,1.055,False
925,Kamloops,2018,ALL,All,all,111.755,>=$5M,51,8.9,453.0,1.027,1.167,1.014,False
925,Kamloops,2018,PRIMARY,Primary,primary,,<$5M,<2,,,,,,True
925,Kamloops,2018,SECONDARY,Secondary,secondary,111.755,>=$5M,51,8.9,453.0,1.092,1.181,1.056,False
925,Kamloops,2019,ALL,All,all,125.888,>=$5M,60,8.6,516.0,0.976,1.225,0.927,False
925,Kamloops,2019,PRIMARY,Primary,primary,,<$5M,<2,,,,,,True
925,Kamloops,2019,SECONDARY,Secondary,secondary,125.888,>=$5M,60,8.6,516.0,1.064,1.242,0.976,False
925,Kamloops,2020,ALL,All,all,131.079,>=$5M,62,8.6,533.0,0.815,1.254,0.767,False
925,Kamloops,2020,PRIMARY,Primary,primary,4.522,<$5M,2,7.0,14.0,0.449,2.89,0.532,False
925,Kamloops,2020,SECONDARY,Secondary,secondary,126.557,>=$5M,60,8.6,519.0,0.839,1.23,0.776,False
925,Kamloops,2021,ALL,All,all,96.429,>=$5M,53,7.2,383.0,0.815,1.121,0.769,False
925,Kamloops,2021,PRIMARY,Primary,primary,4.522,<$5M,2,7.0,14.0,0.476,2.908,0.564,False
925,Kamloops,2021,SECONDARY,Secondary,secondary,91.907,>=$5M,51,7.2,369.0,0.844,1.095,0.78,False
925,Kamloops,2022,ALL,All,all,113.104,>=$5M,60,8.1,486.0,0.909,1.098,0.878,False
925,Kamloops,2022,PRIMARY,Primary,primary,,<$5M,<2,,,,,,True
925,Kamloops,2022,SECONDARY,Secondary,secondary,112.458,>=$5M,59,8.2,484.0,1.042,1.165,0.977,False
925,Kamloops,2023,ALL,All,all,85.542,>=$5M,55,7.0,384.0,0.765,1.056,0.758,False
925,Kamloops,2023,PRIMARY,Primary,primary,,<$5M,<2,,,,,,True
925,Kamloops,2023,SECONDARY,Secondary,secondary,85.542,>=$5M,55,7.0,384.0,0.882,1.143,0.854,False
925,Kamloops,2024,ALL,All,all,100.993,>=$5M,61,8.8,534.0,0.858,1.111,0.736,False
925,Kamloops,2024,PRIMARY,Primary,primary,2.616,<$5M,2,6.0,12.0,0.204,0.488,0.166,False
925,Kamloops,2024,SECONDARY,Secondary,secondary,98.377,>=$5M,59,8.8,522.0,0.938,1.162,0.799,False
925,Kamloops,2025,ALL,All,all,103.109,>=$5M,65,8.4,544.0,0.857,1.148,0.732,False
925,Kamloops,2025,PRIMARY,Primary,primary,2.616,<$5M,2,6.0,12.0,0.201,0.474,0.163,False
925,Kamloops,2025,SECONDARY,Secondary,secondary,100.493,>=$5M,63,8.4,532.0,0.936,1.202,0.795,False
530,Kawartha Lakes,2017,ALL,All,all,5.649,>=$5M,6,5.8,35.0,0.108,0.253,0.181,False
530,Kawartha Lakes,2017,PRIMARY,Primary,primary,,<$5M,<2,,,,,,True
530,Kawartha Lakes,2017,SECONDARY,Secondary,secondary,5.649,>=$5M,6,5.8,35.0,0.115,0.256,0.189,False
530,Kawartha Lakes,2018,ALL,All,all,5.649,>=$5M,6,5.8,35.0,0.101,0.245,0.171,False
530,Kawartha Lakes,2018,PRIMARY,Primary,primary,,<$5M,<2,,,,,,True
530,Kawartha Lakes,2018,SECONDARY,Secondary,secondary,5.649,>=$5M,6,5.8,35.0,0.108,0.248,0.178,False
530,Kawartha Lakes,2019,ALL,All,all,7.497,>=$5M,8,5.4,43.0,0.111,0.281,0.166,False
530,Kawartha Lakes,2019,PRIMARY,Primary,primary,,<$5M,<2,,,,,,True
530,Kawartha Lakes,2019,SECONDARY,Secondary,secondary,7.497,>=$5M,8,5.4,43.0,0.121,0.285,0.175,False
530,Kawartha Lakes,2020,ALL,All,all,7.497,>=$5M,8,5.4,43.0,0.091,0.28,0.135,False
530,Kawartha Lakes,2020,PRIMARY,Primary,primary,,<$5M,<2,,,,,,True
530,Kawartha Lakes,2020,SECONDARY,Secondary,secondary,7.497,>=$5M,8,5.4,43.0,0.097,0.284,0.14,False
530,Kawartha Lakes,2021,ALL,All,all,7.497,>=$5M,8,5.4,43.0,0.115,0.283,0.177,False
530,Kawartha Lakes,2021,PRIMARY,Primary,primary,,<$5M,<2,,,,,,True
530,Kawartha Lakes,2021,SECONDARY,Secondary,secondary,7.497,>=$5M,8,5.4,43.0,0.125,0.287,0.187,False
530,Kawartha Lakes,2022,ALL,All,all,8.545,>=$5M,10,4.5,45.0,0.126,0.312,0.176,False
530,Kawartha Lakes,2022,PRIMARY,Primary,primary,,<$5M,<2,,,,,,True
530,Kawartha Lakes,2022,SECONDARY,Secondary,secondary,7.825,>=$5M,9,4.8,43.0,0.133,0.302,0.188,False
530,Kawartha Lakes,2023,ALL,All,all,8.406,>=$5M,10,4.4,44.0,0.137,0.322,0.181,False
530,Kawartha Lakes,2023,PRIMARY,Primary,primary,,<$5M,<2,,,,,,True
530,Kawartha Lakes,2023,SECONDARY,Secondary,secondary,7.686,>=$5M,9,4.7,42.0,0.145,0.313,0.195,False
530,Kawartha Lakes,2024,ALL,All,all,16.591,>=$5M,9,10.6,95.0,0.261,0.284,0.282,False
530,Kawartha Lakes,2024,PRIMARY,Primary,primary,,<$5M,<2,,,,,,True
530,Kawartha Lakes,2024,SECONDARY,Secondary,secondary,16.224,>=$5M,8,11.6,93.0,0.286,0.272,0.307,False
530,Kawartha Lakes,2025,ALL,All,all,17.371,>=$5M,9,11.1,100.0,0.269,0.278,0.29,False
530,Kawartha Lakes,2025,PRIMARY,Primary,primary,,<$5M,<2,,,,,,True
530,Kawartha Lakes,2025,SECONDARY,Secondary,secondary,17.004,>=$5M,8,12.2,98.0,0.295,0.267,0.315,False
915,Kelowna,2017,ALL,All,all,209.149,>=$5M,143,6.6,941.0,0.999,1.608,1.322,False
915,Kelowna,2017,PRIMARY,Primary,primary,,>=$5M,<2,,,,,,True
915,Kelowna,2017,SECONDARY,Secondary,secondary,200.616,>=$5M,142,6.5,918.0,1.021,1.616,1.345,False
915,Kelowna,2018,ALL,All,all,209.851,>=$5M,146,6.5,943.0,0.96,1.587,1.246,False
915,Kelowna,2018,PRIMARY,Primary,primary,,>=$5M,<2,,,,,,True
915,Kelowna,2018,SECONDARY,Secondary,secondary,201.318,>=$5M,145,6.3,920.0,0.979,1.596,1.267,False
915,Kelowna,2019,ALL,All,all,220.87,>=$5M,161,6.2,996.0,0.786,1.484,0.999,False
915,Kelowna,2019,PRIMARY,Primary,primary,,>=$5M,<2,,,,,,True
915,Kelowna,2019,SECONDARY,Secondary,secondary,212.337,>=$5M,160,6.1,973.0,0.823,1.496,1.029,False
915,Kelowna,2020,ALL,All,all,223.771,>=$5M,163,6.2,1009.0,0.651,1.481,0.817,False
915,Kelowna,2020,PRIMARY,Primary,primary,,>=$5M,<2,,,,,,True
915,Kelowna,2020,SECONDARY,Secondary,secondary,215.238,>=$5M,162,6.1,986.0,0.668,1.493,0.83,False
915,Kelowna,2021,ALL,All,all,237.155,>=$5M,164,6.4,1042.0,0.878,1.495,1.096,False
915,Kelowna,2021,PRIMARY,Primary,primary,17.066,>=$5M,2,16.0,32.0,0.788,1.253,0.675,False
915,Kelowna,2021,SECONDARY,Secondary,secondary,220.089,>=$5M,162,6.2,1010.0,0.886,1.499,1.118,False
915,Kelowna,2022,ALL,All,all,266.351,>=$5M,180,6.1,1094.0,0.887,1.358,1.04,False
915,Kelowna,2022,PRIMARY,Primary,primary,33.89,>=$5M,8,9.9,79.0,0.851,0.829,0.712,False
915,Kelowna,2022,SECONDARY,Secondary,secondary,232.461,>=$5M,172,5.9,1015.0,0.892,1.399,1.078,False
915,Kelowna,2023,ALL,All,all,245.13,>=$5M,177,6.4,1126.0,0.906,1.339,1.103,False
915,Kelowna,2023,PRIMARY,Primary,primary,34.335,>=$5M,9,20.6,185.0,0.961,0.902,1.613,False
915,Kelowna,2023,SECONDARY,Secondary,secondary,210.795,>=$5M,168,5.6,941.0,0.897,1.375,1.039,False
915,Kelowna,2024,ALL,All,all,358.967,>=$5M,179,9.6,1710.0,1.151,1.201,1.103,False
915,Kelowna,2024,PRIMARY,Primary,primary,88.511,>=$5M,11,24.8,273.0,2.604,0.988,1.763,False
915,Kelowna,2024,SECONDARY,Secondary,secondary,270.456,>=$5M,168,8.6,1437.0,0.973,1.218,1.03,False
915,Kelowna,2025,ALL,All,all,346.551,>=$5M,180,9.2,1660.0,1.053,1.175,1.009,False
915,Kelowna,2025,PRIMARY,Primary,primary,87.89,>=$5M,11,24.8,273.0,2.467,0.963,1.67,False
915,Kelowna,2025,SECONDARY,Secondary,secondary,258.661,>=$5M,169,8.2,1387.0,0.882,1.192,0.936,False
598,Kenora,2017,ALL,All,all,15.585,>=$5M,17,4.3,73.0,0.938,2.169,0.96,False
598,Kenora,2017,PRIMARY,Primary,primary,,<$5M,<2,,,,,,True
598,Kenora,2017,SECONDARY,Secondary,secondary,15.585,>=$5M,17,4.3,73.0,0.999,2.195,1.001,False
598,Kenora,2018,ALL,All,all,17.632,>=$5M,17,4.4,74.0,1.015,2.082,0.923,False
598,Kenora,2018,PRIMARY,Primary,primary,,<$5M,<2,,,,,,True
598,Kenora,2018,SECONDARY,Secondary,secondary,17.632,>=$5M,17,4.4,74.0,1.079,2.107,0.961,False
598,Kenora,2019,ALL,All,all,20.283,>=$5M,18,4.4,79.0,0.864,1.966,0.765,False
598,Kenora,2019,PRIMARY,Primary,primary,,<$5M,<2,,,,,,True
598,Kenora,2019,SECONDARY,Secondary,secondary,17.863,>=$5M,17,4.4,75.0,0.829,1.883,0.766,False
598,Kenora,2020,ALL,All,all,18.787,>=$5M,18,4.4,79.0,0.662,1.963,0.62,False
598,Kenora,2020,PRIMARY,Primary,primary,,<$5M,<2,,,,,,True
598,Kenora,2020,SECONDARY,Secondary,secondary,16.367,>=$5M,17,4.4,75.0,0.615,1.88,0.612,False
598,Kenora,2021,ALL,All,all,18.199,>=$5M,17,4.4,75.0,0.79,1.936,0.759,False
598,Kenora,2021,PRIMARY,Primary,primary,,<$5M,<2,,,,,,True
598,Kenora,2021,SECONDARY,Secondary,secondary,15.779,>=$5M,16,4.4,71.0,0.745,1.849,0.756,False
598,Kenora,2022,ALL,All,all,18.199,>=$5M,17,4.4,75.0,0.818,1.766,0.741,False
598,Kenora,2022,PRIMARY,Primary,primary,,<$5M,<2,,,,,,True
598,Kenora,2022,SECONDARY,Secondary,secondary,15.779,>=$5M,16,4.4,71.0,0.818,1.792,0.784,False
598,Kenora,2023,ALL,All,all,18.293,>=$5M,18,4.4,79.0,1.082,1.95,0.875,False
598,Kenora,2023,PRIMARY,Primary,primary,,<$5M,<2,,,,,,True
598,Kenora,2023,SECONDARY,Secondary,secondary,15.873,>=$5M,17,4.4,75.0,1.081,1.992,0.936,False
598,Kenora,2024,ALL,All,all,20.449,>=$5M,17,5.4,91.0,1.354,1.795,0.696,False
598,Kenora,2024,PRIMARY,Primary,primary,,<$5M,<2,,,,,,True
598,Kenora,2024,SECONDARY,Secondary,secondary,18.521,>=$5M,16,5.4,87.0,1.376,1.826,0.739,False
598,Kenora,2025,ALL,All,all,20.728,>=$5M,17,5.4,92.0,1.42,1.774,0.696,False
598,Kenora,2025,PRIMARY,Primary,primary,,<$5M,<2,,,,,,True
598,Kenora,2025,SECONDARY,Secondary,secondary,18.8,>=$5M,16,5.5,88.0,1.444,1.804,0.739,False
210,Kentville,2017,ALL,All,all,1.176,<$5M,4,2.0,8.0,0.058,0.468,0.108,False
210,Kentville,2017,PRIMARY,Primary,primary,,<$5M,<2,,,,,,True
210,Kentville,2017,SECONDARY,Secondary,secondary,1.176,<$5M,4,2.0,8.0,0.061,0.473,0.113,False
210,Kentville,2018,ALL,All,all,1.176,<$5M,4,2.0,8.0,0.047,0.442,0.097,False
210,Kentville,2018,PRIMARY,Primary,primary,,<$5M,<2,,,,,,True
210,Kentville,2018,SECONDARY,Secondary,secondary,1.176,<$5M,4,2.0,8.0,0.05,0.448,0.101,False
210,Kentville,2019,ALL,All,all,2.604,<$5M,6,2.7,16.0,0.083,0.591,0.154,False
210,Kentville,2019,PRIMARY,Primary,primary,,<$5M,<2,,,,,,True
210,Kentville,2019,SECONDARY,Secondary,secondary,2.604,<$5M,6,2.7,16.0,0.091,0.599,0.162,False
210,Kentville,2020,ALL,All,all,2.604,<$5M,6,2.7,16.0,0.074,0.613,0.134,False
210,Kentville,2020,PRIMARY,Primary,primary,,<$5M,<2,,,,,,True
210,Kentville,2020,SECONDARY,Secondary,secondary,2.604,<$5M,6,2.7,16.0,0.079,0.622,0.139,False
210,Kentville,2021,ALL,All,all,2.604,<$5M,6,2.7,16.0,0.101,0.622,0.181,False
210,Kentville,2021,PRIMARY,Primary,primary,,<$5M,<2,,,,,,True
210,Kentville,2021,SECONDARY,Secondary,secondary,2.604,<$5M,6,2.7,16.0,0.109,0.632,0.19,False
210,Kentville,2022,ALL,All,all,2.604,<$5M,6,2.5,15.0,0.1,0.563,0.158,False
210,Kentville,2022,PRIMARY,Primary,primary,,<$5M,<2,,,,,,True
210,Kentville,2022,SECONDARY,Secondary,secondary,2.604,<$5M,6,2.5,15.0,0.115,0.607,0.177,False
210,Kentville,2023,ALL,All,all,6.485,>=$5M,6,4.3,26.0,0.277,0.594,0.303,False
210,Kentville,2023,PRIMARY,Primary,primary,,<$5M,<2,,,,,,True
210,Kentville,2023,SECONDARY,Secondary,secondary,6.485,>=$5M,6,4.3,26.0,0.32,0.642,0.341,False
210,Kentville,2024,ALL,All,all,18.677,>=$5M,7,8.6,60.0,0.786,0.672,0.488,False
210,Kentville,2024,PRIMARY,Primary,primary,,<$5M,<2,,,,,,True
210,Kentville,2024,SECONDARY,Secondary,secondary,18.677,>=$5M,7,8.6,60.0,0.882,0.726,0.542,False
210,Kentville,2025,ALL,All,all,19.655,>=$5M,7,10.4,73.0,0.786,0.663,0.577,False
210,Kentville,2025,PRIMARY,Primary,primary,,<$5M,<2,,,,,,True
210,Kentville,2025,SECONDARY,Secondary,secondary,19.655,>=$5M,7,10.4,73.0,0.881,0.716,0.641,False
521,Kingston,2017,ALL,All,all,109.105,>=$5M,70,7.2,502.0,0.83,1.261,0.915,False
521,Kingston,2017,PRIMARY,Primary,primary,,<$5M,<2,,,,,,True
521,Kingston,2017,SECONDARY,Secondary,secondary,109.105,>=$5M,70,7.2,502.0,0.884,1.276,0.954,False
521,Kingston,2018,ALL,All,all,104.827,>=$5M,71,6.8,484.0,0.747,1.253,0.814,False
521,Kingston,2018,PRIMARY,Primary,primary,,<$5M,<2,,,,,,True
521,Kingston,2018,SECONDARY,Secondary,secondary,104.827,>=$5M,71,6.8,484.0,0.794,1.269,0.848,False
521,Kingston,2019,ALL,All,all,120.295,>=$5M,81,6.8,552.0,0.693,1.226,0.732,False
521,Kingston,2019,PRIMARY,Primary,primary,,<$5M,<2,,,,,,True
521,Kingston,2019,SECONDARY,Secondary,secondary,120.295,>=$5M,81,6.8,552.0,0.755,1.243,0.771,False
521,Kingston,2020,ALL,All,all,124.18,>=$5M,83,6.9,571.0,0.576,1.252,0.606,False
521,Kingston,2020,PRIMARY,Primary,primary,,<$5M,<2,,,,,,True
521,Kingston,2020,SECONDARY,Secondary,secondary,124.18,>=$5M,83,6.9,571.0,0.615,1.27,0.63,False
521,Kingston,2021,ALL,All,all,121.399,>=$5M,82,6.8,560.0,0.672,1.244,0.774,False
521,Kingston,2021,PRIMARY,Primary,primary,,<$5M,<2,,,,,,True
521,Kingston,2021,SECONDARY,Secondary,secondary,121.399,>=$5M,82,6.8,560.0,0.731,1.263,0.815,False
521,Kingston,2022,ALL,All,all,123.771,>=$5M,87,6.4,561.0,0.68,1.114,0.768,False
521,Kingston,2022,PRIMARY,Primary,primary,,<$5M,<2,,,,,,True
521,Kingston,2022,SECONDARY,Secondary,secondary,123.155,>=$5M,86,6.5,559.0,0.78,1.188,0.855,False
521,Kingston,2023,ALL,All,all,104.078,>=$5M,81,6.2,502.0,0.629,1.071,0.711,False
521,Kingston,2023,PRIMARY,Primary,primary,,<$5M,<2,,,,,,True
521,Kingston,2023,SECONDARY,Secondary,secondary,103.462,>=$5M,80,6.2,500.0,0.72,1.144,0.798,False
521,Kingston,2024,ALL,All,all,137.015,>=$5M,79,9.7,767.0,0.899,1.005,0.793,False
521,Kingston,2024,PRIMARY,Primary,primary,,<$5M,<2,,,,,,True
521,Kingston,2024,SECONDARY,Secondary,secondary,136.671,>=$5M,78,9.8,765.0,1.006,1.072,0.879,False
521,Kingston,2025,ALL,All,all,138.549,>=$5M,80,9.7,778.0,0.881,0.99,0.776,False
521,Kingston,2025,PRIMARY,Primary,primary,0.804,<$5M,2,2.0,4.0,0.047,0.332,0.04,False
521,Kingston,2025,SECONDARY,Secondary,secondary,137.745,>=$5M,78,9.9,774.0,0.982,1.043,0.857,False
541,Kitchener - Cambridge - Waterloo,2017,ALL,All,all,903.777,>=$5M,146,17.0,2484.0,1.209,0.905,1.22,False
541,Kitchener - Cambridge - Waterloo,2017,PRIMARY,Primary,primary,,<$5M,<2,,,,,,True
541,Kitchener - Cambridge - Waterloo,2017,SECONDARY,Secondary,secondary,903.777,>=$5M,146,17.0,2484.0,1.287,0.916,1.272,False
541,Kitchener - Cambridge - Waterloo,2018,ALL,All,all,938.365,>=$5M,154,17.0,2620.0,1.227,0.932,1.243,False
541,Kitchener - Cambridge - Waterloo,2018,PRIMARY,Primary,primary,,>=$5M,<2,,,,,,True
541,Kitchener - Cambridge - Waterloo,2018,SECONDARY,Secondary,secondary,929.832,>=$5M,153,17.0,2597.0,1.293,0.938,1.283,False
541,Kitchener - Cambridge - Waterloo,2019,ALL,All,all,1168.154,>=$5M,185,19.5,3615.0,1.269,0.956,1.357,False
541,Kitchener - Cambridge - Waterloo,2019,PRIMARY,Primary,primary,10.013,>=$5M,2,14.0,28.0,0.132,0.737,0.206,False
541,Kitchener - Cambridge - Waterloo,2019,SECONDARY,Secondary,secondary,1158.141,>=$5M,183,19.6,3587.0,1.371,0.959,1.419,False
541,Kitchener - Cambridge - Waterloo,2020,ALL,All,all,1142.767,>=$5M,184,19.1,3508.0,1.017,0.951,1.071,False
541,Kitchener - Cambridge - Waterloo,2020,PRIMARY,Primary,primary,10.013,>=$5M,2,14.0,28.0,0.142,0.739,0.226,False
541,Kitchener - Cambridge - Waterloo,2020,SECONDARY,Secondary,secondary,1132.754,>=$5M,182,19.1,3480.0,1.075,0.954,1.104,False
541,Kitchener - Cambridge - Waterloo,2021,ALL,All,all,1078.529,>=$5M,177,19.4,3426.0,1.204,0.934,1.378,False
541,Kitchener - Cambridge - Waterloo,2021,PRIMARY,Primary,primary,10.013,>=$5M,2,14.0,28.0,0.139,0.725,0.226,False
541,Kitchener - Cambridge - Waterloo,2021,SECONDARY,Secondary,secondary,1068.516,>=$5M,175,19.4,3398.0,1.297,0.937,1.438,False
541,Kitchener - Cambridge - Waterloo,2022,ALL,All,all,1082.322,>=$5M,230,13.8,3169.0,1.184,1.049,1.183,False
541,Kitchener - Cambridge - Waterloo,2022,PRIMARY,Primary,primary,91.333,>=$5M,29,9.1,264.0,0.753,1.818,0.935,False
541,Kitchener - Cambridge - Waterloo,2022,SECONDARY,Secondary,secondary,990.989,>=$5M,201,14.5,2905.0,1.249,0.989,1.212,False
541,Kitchener - Cambridge - Waterloo,2023,ALL,All,all,1003.728,>=$5M,225,12.5,2808.0,1.426,1.046,1.169,False
541,Kitchener - Cambridge - Waterloo,2023,PRIMARY,Primary,primary,104.522,>=$5M,31,11.8,366.0,1.126,1.908,1.355,False
541,Kitchener - Cambridge - Waterloo,2023,SECONDARY,Secondary,secondary,899.206,>=$5M,194,12.6,2442.0,1.472,0.975,1.146,False
541,Kitchener - Cambridge - Waterloo,2024,ALL,All,all,839.182,>=$5M,229,16.0,3660.0,1.052,1.016,1.103,False
541,Kitchener - Cambridge - Waterloo,2024,PRIMARY,Primary,primary,100.149,>=$5M,30,17.0,510.0,1.152,1.782,1.539,False
541,Kitchener - Cambridge - Waterloo,2024,SECONDARY,Secondary,secondary,739.033,>=$5M,199,15.8,3150.0,1.04,0.955,1.055,False
541,Kitchener - Cambridge - Waterloo,2025,ALL,All,all,865.319,>=$5M,235,16.2,3807.0,1.086,1.009,1.113,False
541,Kitchener - Cambridge - Waterloo,2025,PRIMARY,Primary,primary,99.579,>=$5M,30,17.0,511.0,1.154,1.728,1.504,False
541,Kitchener - Cambridge - Waterloo,2025,SECONDARY,Secondary,secondary,765.74,>=$5M,205,16.1,3296.0,1.077,0.951,1.07,False
468,Lachute,2017,ALL,All,all,13.141,>=$5M,10,5.3,53.0,1.024,1.729,1.005,False
468,Lachute,2017,PRIMARY,Primary,primary,,<$5M,<2,,,,,,True
468,Lachute,2017,SECONDARY,Secondary,secondary,12.536,>=$5M,9,5.8,52.0,1.04,1.575,1.028,False
468,Lachute,2018,ALL,All,all,13.141,>=$5M,10,5.3,53.0,1.008,1.705,0.962,False
468,Lachute,2018,PRIMARY,Primary,primary,,<$5M,<2,,,,,,True
468,Lachute,2018,SECONDARY,Secondary,secondary,12.536,>=$5M,9,5.8,52.0,1.023,1.553,0.984,False
468,Lachute,2019,ALL,All,all,14.527,>=$5M,12,4.9,59.0,0.847,1.848,0.832,False
468,Lachute,2019,PRIMARY,Primary,primary,,<$5M,<2,,,,,,True
468,Lachute,2019,SECONDARY,Secondary,secondary,13.922,>=$5M,11,5.3,58.0,0.884,1.718,0.862,False
468,Lachute,2020,ALL,All,all,16.144,>=$5M,13,5.1,66.0,0.756,1.999,0.745,False
468,Lachute,2020,PRIMARY,Primary,primary,,<$5M,<2,,,,,,True
468,Lachute,2020,SECONDARY,Secondary,secondary,15.539,>=$5M,12,5.4,65.0,0.776,1.871,0.762,False
468,Lachute,2021,ALL,All,all,16.144,>=$5M,13,5.1,66.0,1.018,2.016,0.981,False
468,Lachute,2021,PRIMARY,Primary,primary,,<$5M,<2,,,,,,True
468,Lachute,2021,SECONDARY,Secondary,secondary,15.539,>=$5M,12,5.4,65.0,1.065,1.888,1.017,False
468,Lachute,2022,ALL,All,all,16.144,>=$5M,13,5.1,66.0,0.937,1.796,0.898,False
468,Lachute,2022,PRIMARY,Primary,primary,,<$5M,<2,,,,,,True
468,Lachute,2022,SECONDARY,Secondary,secondary,15.539,>=$5M,12,5.4,65.0,1.04,1.788,0.989,False
468,Lachute,2023,ALL,All,all,15.964,>=$5M,13,4.8,63.0,1.05,1.914,0.979,False
468,Lachute,2023,PRIMARY,Primary,primary,,<$5M,<2,,,,,,True
468,Lachute,2023,SECONDARY,Secondary,secondary,15.359,>=$5M,12,5.2,62.0,1.164,1.911,1.086,False
468,Lachute,2024,ALL,All,all,24.332,>=$5M,14,8.9,124.0,1.762,2.058,1.369,False
468,Lachute,2024,PRIMARY,Primary,primary,,<$5M,<2,,,,,,True
468,Lachute,2024,SECONDARY,Secondary,secondary,23.85,>=$5M,13,9.5,123.0,1.938,2.066,1.509,False
468,Lachute,2025,ALL,All,all,24.431,>=$5M,14,9.0,126.0,1.739,2.04,1.388,False
468,Lachute,2025,PRIMARY,Primary,primary,,<$5M,<2,,,,,,True
468,Lachute,2025,SECONDARY,Secondary,secondary,23.949,>=$5M,13,9.6,125.0,1.911,2.047,1.529,False
832,Lacombe,2017,ALL,All,all,3.087,<$5M,4,4.2,17.0,0.206,0.711,0.272,False
832,Lacombe,2017,PRIMARY,Primary,primary,,<$5M,<2,,,,,,True
832,Lacombe,2017,SECONDARY,Secondary,secondary,3.087,<$5M,4,4.2,17.0,0.22,0.72,0.284,False
832,Lacombe,2018,ALL,All,all,3.087,<$5M,4,4.2,17.0,0.188,0.673,0.259,False
832,Lacombe,2018,PRIMARY,Primary,primary,,<$5M,<2,,,,,,True
832,Lacombe,2018,SECONDARY,Secondary,secondary,3.087,<$5M,4,4.2,17.0,0.2,0.682,0.27,False
832,Lacombe,2019,ALL,All,all,3.087,<$5M,4,4.2,17.0,0.162,0.631,0.22,False
832,Lacombe,2019,PRIMARY,Primary,primary,,<$5M,<2,,,,,,True
832,Lacombe,2019,SECONDARY,Secondary,secondary,3.087,<$5M,4,4.2,17.0,0.176,0.64,0.231,False
832,Lacombe,2020,ALL,All,all,3.087,<$5M,4,4.2,17.0,0.128,0.616,0.176,False
832,Lacombe,2020,PRIMARY,Primary,primary,,<$5M,<2,,,,,,True
832,Lacombe,2020,SECONDARY,Secondary,secondary,3.087,<$5M,4,4.2,17.0,0.137,0.625,0.183,False
832,Lacombe,2021,ALL,All,all,3.087,<$5M,4,4.2,17.0,0.179,0.626,0.239,False
832,Lacombe,2021,PRIMARY,Primary,primary,,<$5M,<2,,,,,,True
832,Lacombe,2021,SECONDARY,Secondary,secondary,3.087,<$5M,4,4.2,17.0,0.194,0.636,0.251,False
832,Lacombe,2022,ALL,All,all,5.243,>=$5M,5,4.8,24.0,0.306,0.707,0.309,False
832,Lacombe,2022,PRIMARY,Primary,primary,,<$5M,<2,,,,,,True
832,Lacombe,2022,SECONDARY,Secondary,secondary,3.087,<$5M,4,4.2,17.0,0.208,0.61,0.245,False
832,Lacombe,2023,ALL,All,all,5.243,>=$5M,5,4.8,24.0,0.349,0.743,0.342,False
832,Lacombe,2023,PRIMARY,Primary,primary,,<$5M,<2,,,,,,True
832,Lacombe,2023,SECONDARY,Secondary,secondary,3.087,<$5M,4,4.2,17.0,0.237,0.643,0.273,False
832,Lacombe,2024,ALL,All,all,9.389,>=$5M,6,10.5,63.0,0.595,0.839,0.68,False
832,Lacombe,2024,PRIMARY,Primary,primary,,<$5M,<2,,,,,,True
832,Lacombe,2024,SECONDARY,Secondary,secondary,8.185,>=$5M,5,11.2,56.0,0.582,0.756,0.672,False
832,Lacombe,2025,ALL,All,all,9.886,>=$5M,8,8.4,67.0,0.58,1.093,0.688,False
832,Lacombe,2025,PRIMARY,Primary,primary,,<$5M,<2,,,,,,True
832,Lacombe,2025,SECONDARY,Secondary,secondary,8.682,>=$5M,7,8.6,60.0,0.571,1.033,0.684,False
936,Ladysmith,2017,ALL,All,all,3.105,<$5M,2,7.5,15.0,0.488,0.731,0.569,False
936,Ladysmith,2017,PRIMARY,Primary,primary,,<$5M,<2,,,,,,True
936,Ladysmith,2017,SECONDARY,Secondary,secondary,3.105,<$5M,2,7.5,15.0,0.52,0.74,0.593,False
936,Ladysmith,2018,ALL,All,all,3.105,<$5M,2,7.5,15.0,0.44,0.653,0.515,False
936,Ladysmith,2018,PRIMARY,Primary,primary,,<$5M,<2,,,,,,True
936,Ladysmith,2018,SECONDARY,Secondary,secondary,3.105,<$5M,2,7.5,15.0,0.468,0.661,0.536,False
936,Ladysmith,2019,ALL,All,all,3.105,<$5M,2,7.5,15.0,0.344,0.566,0.421,False
936,Ladysmith,2019,PRIMARY,Primary,primary,,<$5M,<2,,,,,,True
936,Ladysmith,2019,SECONDARY,Secondary,secondary,3.105,<$5M,2,7.5,15.0,0.375,0.574,0.444,False
936,Ladysmith,2020,ALL,All,all,3.105,<$5M,2,7.5,15.0,0.281,0.553,0.337,False
936,Ladysmith,2020,PRIMARY,Primary,primary,,<$5M,<2,,,,,,True
936,Ladysmith,2020,SECONDARY,Secondary,secondary,3.105,<$5M,2,7.5,15.0,0.3,0.561,0.351,False
936,Ladysmith,2021,ALL,All,all,3.105,<$5M,2,7.5,15.0,0.35,0.575,0.444,False
936,Ladysmith,2021,PRIMARY,Primary,primary,,<$5M,<2,,,,,,True
936,Ladysmith,2021,SECONDARY,Secondary,secondary,3.105,<$5M,2,7.5,15.0,0.381,0.584,0.467,False
936,Ladysmith,2022,ALL,All,all,3.105,<$5M,2,7.5,15.0,0.333,0.506,0.411,False
936,Ladysmith,2022,PRIMARY,Primary,primary,,<$5M,<2,,,,,,True
936,Ladysmith,2022,SECONDARY,Secondary,secondary,3.105,<$5M,2,7.5,15.0,0.384,0.545,0.46,False
936,Ladysmith,2023,ALL,All,all,3.634,<$5M,2,7.5,15.0,0.432,0.513,0.436,False
936,Ladysmith,2023,PRIMARY,Primary,primary,,<$5M,<2,,,,,,True
936,Ladysmith,2023,SECONDARY,Secondary,secondary,3.634,<$5M,2,7.5,15.0,0.497,0.555,0.492,False
936,Ladysmith,2024,ALL,All,all,3.634,<$5M,2,7.5,15.0,0.425,0.479,0.296,False
936,Ladysmith,2024,PRIMARY,Primary,primary,,<$5M,<2,,,,,,True
936,Ladysmith,2024,SECONDARY,Secondary,secondary,3.634,<$5M,2,7.5,15.0,0.477,0.518,0.329,False
936,Ladysmith,2025,ALL,All,all,3.634,<$5M,2,7.5,15.0,0.396,0.472,0.291,False
936,Ladysmith,2025,PRIMARY,Primary,primary,,<$5M,<2,,,,,,True
936,Ladysmith,2025,SECONDARY,Secondary,secondary,3.634,<$5M,2,7.5,15.0,0.445,0.51,0.323,False
810,Lethbridge,2017,ALL,All,all,66.402,>=$5M,41,8.1,334.0,0.463,0.895,0.68,False
810,Lethbridge,2017,PRIMARY,Primary,primary,,<$5M,<2,,,,,,True
810,Lethbridge,2017,SECONDARY,Secondary,secondary,66.402,>=$5M,41,8.1,334.0,0.493,0.905,0.709,False
810,Lethbridge,2018,ALL,All,all,75.558,>=$5M,46,8.2,378.0,0.499,0.966,0.72,False
810,Lethbridge,2018,PRIMARY,Primary,primary,,<$5M,<2,,,,,,True
810,Lethbridge,2018,SECONDARY,Secondary,secondary,75.558,>=$5M,46,8.2,378.0,0.53,0.977,0.75,False
810,Lethbridge,2019,ALL,All,all,86.835,>=$5M,48,8.9,425.0,0.475,0.919,0.648,False
810,Lethbridge,2019,PRIMARY,Primary,primary,,<$5M,<2,,,,,,True
810,Lethbridge,2019,SECONDARY,Secondary,secondary,86.835,>=$5M,48,8.9,425.0,0.517,0.932,0.683,False
810,Lethbridge,2020,ALL,All,all,90.447,>=$5M,49,9.0,440.0,0.413,0.935,0.553,False
810,Lethbridge,2020,PRIMARY,Primary,primary,,<$5M,<2,,,,,,True
810,Lethbridge,2020,SECONDARY,Secondary,secondary,90.447,>=$5M,49,9.0,440.0,0.441,0.948,0.575,False
810,Lethbridge,2021,ALL,All,all,83.013,>=$5M,47,8.7,411.0,0.484,0.901,0.675,False
810,Lethbridge,2021,PRIMARY,Primary,primary,,<$5M,<2,,,,,,True
810,Lethbridge,2021,SECONDARY,Secondary,secondary,83.013,>=$5M,47,8.7,411.0,0.526,0.915,0.711,False
810,Lethbridge,2022,ALL,All,all,88.413,>=$5M,52,8.0,415.0,0.499,0.901,0.64,False
810,Lethbridge,2022,PRIMARY,Primary,primary,5.631,>=$5M,5,3.4,17.0,0.24,1.191,0.249,False
810,Lethbridge,2022,SECONDARY,Secondary,secondary,82.782,>=$5M,47,8.5,398.0,0.538,0.879,0.686,False
810,Lethbridge,2023,ALL,All,all,57.0,>=$5M,46,6.2,286.0,0.36,0.841,0.469,False
810,Lethbridge,2023,PRIMARY,Primary,primary,4.707,<$5M,4,3.5,14.0,0.225,0.968,0.204,False
810,Lethbridge,2023,SECONDARY,Secondary,secondary,52.293,>=$5M,42,6.5,272.0,0.38,0.83,0.503,False
810,Lethbridge,2024,ALL,All,all,52.19,>=$5M,43,7.5,324.0,0.348,0.75,0.406,False
810,Lethbridge,2024,PRIMARY,Primary,primary,2.112,<$5M,4,3.0,12.0,0.129,0.934,0.151,False
810,Lethbridge,2024,SECONDARY,Secondary,secondary,50.078,>=$5M,39,8.0,312.0,0.375,0.736,0.435,False
810,Lethbridge,2025,ALL,All,all,55.601,>=$5M,45,7.5,339.0,0.361,0.769,0.416,False
810,Lethbridge,2025,PRIMARY,Primary,primary,2.112,<$5M,4,3.0,12.0,0.127,0.918,0.148,False
810,Lethbridge,2025,SECONDARY,Secondary,secondary,53.489,>=$5M,41,8.0,327.0,0.39,0.757,0.445,False
840,Lloydminster (Alberta part / partie de l'Alberta),2017,ALL,All,all,162.409,>=$5M,24,14.0,335.0,2.506,1.487,1.852,False
840,Lloydminster (Alberta part / partie de l'Alberta),2017,PRIMARY,Primary,primary,,<$5M,<2,,,,,,True
840,Lloydminster (Alberta part / partie de l'Alberta),2017,SECONDARY,Secondary,secondary,162.409,>=$5M,24,14.0,335.0,2.668,1.505,1.932,False
840,Lloydminster (Alberta part / partie de l'Alberta),2018,ALL,All,all,164.761,>=$5M,24,14.3,343.0,2.521,1.434,1.802,False
840,Lloydminster (Alberta part / partie de l'Alberta),2018,PRIMARY,Primary,primary,,<$5M,<2,,,,,,True
840,Lloydminster (Alberta part / partie de l'Alberta),2018,SECONDARY,Secondary,secondary,164.761,>=$5M,24,14.3,343.0,2.681,1.452,1.877,False
840,Lloydminster (Alberta part / partie de l'Alberta),2019,ALL,All,all,161.256,>=$5M,28,13.0,364.0,1.951,1.482,1.47,False
840,Lloydminster (Alberta part / partie de l'Alberta),2019,PRIMARY,Primary,primary,,<$5M,<2,,,,,,True
840,Lloydminster (Alberta part / partie de l'Alberta),2019,SECONDARY,Secondary,secondary,161.256,>=$5M,28,13.0,364.0,2.126,1.504,1.549,False
840,Lloydminster (Alberta part / partie de l'Alberta),2020,ALL,All,all,173.077,>=$5M,27,14.2,383.0,1.668,1.42,1.251,False
840,Lloydminster (Alberta part / partie de l'Alberta),2020,PRIMARY,Primary,primary,,<$5M,<2,,,,,,True
840,Lloydminster (Alberta part / partie de l'Alberta),2020,SECONDARY,Secondary,secondary,173.077,>=$5M,27,14.2,383.0,1.78,1.44,1.301,False
840,Lloydminster (Alberta part / partie de l'Alberta),2021,ALL,All,all,169.843,>=$5M,26,14.4,374.0,2.029,1.377,1.594,False
840,Lloydminster (Alberta part / partie de l'Alberta),2021,PRIMARY,Primary,primary,,<$5M,<2,,,,,,True
840,Lloydminster (Alberta part / partie de l'Alberta),2021,SECONDARY,Secondary,secondary,169.843,>=$5M,26,14.4,374.0,2.206,1.397,1.678,False
840,Lloydminster (Alberta part / partie de l'Alberta),2022,ALL,All,all,213.631,>=$5M,30,16.1,482.0,2.481,1.433,1.968,False
840,Lloydminster (Alberta part / partie de l'Alberta),2022,PRIMARY,Primary,primary,,<$5M,<2,,,,,,True
840,Lloydminster (Alberta part / partie de l'Alberta),2022,SECONDARY,Secondary,secondary,213.631,>=$5M,30,16.1,482.0,2.86,1.546,2.2,False
840,Lloydminster (Alberta part / partie de l'Alberta),2023,ALL,All,all,164.789,>=$5M,27,14.4,390.0,2.445,1.386,1.788,False
840,Lloydminster (Alberta part / partie de l'Alberta),2023,PRIMARY,Primary,primary,,<$5M,<2,,,,,,True
840,Lloydminster (Alberta part / partie de l'Alberta),2023,SECONDARY,Secondary,secondary,164.789,>=$5M,27,14.4,390.0,2.816,1.499,2.014,False
840,Lloydminster (Alberta part / partie de l'Alberta),2024,ALL,All,all,183.724,>=$5M,34,16.9,573.0,2.995,1.693,1.984,False
840,Lloydminster (Alberta part / partie de l'Alberta),2024,PRIMARY,Primary,primary,,<$5M,<2,,,,,,True
840,Lloydminster (Alberta part / partie de l'Alberta),2024,SECONDARY,Secondary,secondary,183.226,>=$5M,33,17.3,570.0,3.352,1.776,2.192,False
840,Lloydminster (Alberta part / partie de l'Alberta),2025,ALL,All,all,184.41,>=$5M,36,16.1,578.0,2.982,1.715,1.923,False
840,Lloydminster (Alberta part / partie de l'Alberta),2025,PRIMARY,Primary,primary,,<$5M,<2,,,,,,True
840,Lloydminster (Alberta part / partie de l'Alberta),2025,SECONDARY,Secondary,secondary,183.912,>=$5M,35,16.4,575.0,3.335,1.801,2.124,False
555,London,2017,ALL,All,all,524.958,>=$5M,132,13.2,1737.0,0.942,0.881,0.816,False
555,London,2017,PRIMARY,Primary,primary,,>=$5M,<2,,,,,,True
555,London,2017,SECONDARY,Secondary,secondary,282.958,>=$5M,131,10.2,1337.0,0.541,0.885,0.655,False
555,London,2018,ALL,All,all,527.619,>=$5M,132,13.2,1748.0,0.924,0.859,0.788,False
555,London,2018,PRIMARY,Primary,primary,,>=$5M,<2,,,,,,True
555,London,2018,SECONDARY,Secondary,secondary,285.619,>=$5M,131,10.3,1348.0,0.532,0.863,0.633,False
555,London,2019,ALL,All,all,589.709,>=$5M,148,13.7,2022.0,0.828,0.81,0.728,False
555,London,2019,PRIMARY,Primary,primary,,>=$5M,<2,,,,,,True
555,London,2019,SECONDARY,Secondary,secondary,347.709,>=$5M,147,11.0,1622.0,0.532,0.816,0.616,False
555,London,2020,ALL,All,all,575.852,>=$5M,139,14.1,1961.0,0.684,0.767,0.592,False
555,London,2020,PRIMARY,Primary,primary,,>=$5M,<2,,,,,,True
555,London,2020,SECONDARY,Secondary,secondary,333.852,>=$5M,138,11.3,1561.0,0.423,0.773,0.49,False
555,London,2021,ALL,All,all,567.997,>=$5M,138,14.1,1942.0,0.831,0.768,0.713,False
555,London,2021,PRIMARY,Primary,primary,,>=$5M,<2,,,,,,True
555,London,2021,SECONDARY,Secondary,secondary,325.997,>=$5M,137,11.3,1542.0,0.519,0.774,0.596,False
555,London,2022,ALL,All,all,753.174,>=$5M,181,13.8,2495.0,1.021,0.821,0.862,False
555,London,2022,PRIMARY,Primary,primary,398.584,>=$5M,18,50.9,916.0,4.074,1.122,3.002,False
555,London,2022,SECONDARY,Secondary,secondary,354.59,>=$5M,163,9.7,1579.0,0.554,0.798,0.61,False
555,London,2023,ALL,All,all,691.731,>=$5M,182,14.3,2598.0,0.98,0.834,0.967,False
555,London,2023,PRIMARY,Primary,primary,340.155,>=$5M,20,46.4,927.0,3.652,1.214,3.07,False
555,London,2023,SECONDARY,Secondary,secondary,351.576,>=$5M,162,10.3,1671.0,0.574,0.803,0.701,False
555,London,2024,ALL,All,all,811.848,>=$5M,189,18.7,3529.0,1.107,0.831,0.945,False
555,London,2024,PRIMARY,Primary,primary,392.561,>=$5M,23,51.0,1173.0,4.914,1.354,3.145,False
555,London,2024,SECONDARY,Secondary,secondary,419.287,>=$5M,166,14.2,2356.0,0.642,0.789,0.701,False
555,London,2025,ALL,All,all,797.483,>=$5M,191,18.6,3554.0,1.066,0.819,0.928,False
555,London,2025,PRIMARY,Primary,primary,365.08,>=$5M,22,50.8,1118.0,4.504,1.265,2.938,False
555,London,2025,SECONDARY,Secondary,secondary,432.403,>=$5M,169,14.4,2436.0,0.648,0.783,0.706,False
403,Matane,2017,ALL,All,all,19.437,>=$5M,3,10.3,31.0,0.929,0.568,0.438,False
403,Matane,2017,PRIMARY,Primary,primary,,<$5M,<2,,,,,,True
403,Matane,2017,SECONDARY,Secondary,secondary,19.437,>=$5M,3,10.3,31.0,0.989,0.575,0.457,False
403,Matane,2018,ALL,All,all,19.899,>=$5M,4,8.2,33.0,0.953,0.735,0.462,False
403,Matane,2018,PRIMARY,Primary,primary,,<$5M,<2,,,,,,True
403,Matane,2018,SECONDARY,Secondary,secondary,19.899,>=$5M,4,8.2,33.0,1.013,0.744,0.481,False
403,Matane,2019,ALL,All,all,21.012,>=$5M,6,6.7,40.0,0.87,0.947,0.454,False
403,Matane,2019,PRIMARY,Primary,primary,,<$5M,<2,,,,,,True
403,Matane,2019,SECONDARY,Secondary,secondary,21.012,>=$5M,6,6.7,40.0,0.948,0.961,0.478,False
403,Matane,2020,ALL,All,all,22.167,>=$5M,7,6.4,45.0,0.763,1.125,0.419,False
403,Matane,2020,PRIMARY,Primary,primary,,<$5M,<2,,,,,,True
403,Matane,2020,SECONDARY,Secondary,secondary,22.167,>=$5M,7,6.4,45.0,0.814,1.141,0.436,False
403,Matane,2021,ALL,All,all,22.167,>=$5M,7,6.4,45.0,0.93,1.131,0.542,False
403,Matane,2021,PRIMARY,Primary,primary,,<$5M,<2,,,,,,True
403,Matane,2021,SECONDARY,Secondary,secondary,22.167,>=$5M,7,6.4,45.0,1.012,1.148,0.571,False
403,Matane,2022,ALL,All,all,27.198,>=$5M,8,7.2,58.0,1.096,1.161,0.653,False
403,Matane,2022,PRIMARY,Primary,primary,,>=$5M,<2,,,,,,True
403,Matane,2022,SECONDARY,Secondary,secondary,22.167,>=$5M,7,6.4,45.0,1.029,1.096,0.566,False
403,Matane,2023,ALL,All,all,25.812,>=$5M,6,8.7,52.0,1.197,0.958,0.658,False
403,Matane,2023,PRIMARY,Primary,primary,,>=$5M,<2,,,,,,True
403,Matane,2023,SECONDARY,Secondary,secondary,20.781,>=$5M,5,7.8,39.0,1.11,0.864,0.556,False
403,Matane,2024,ALL,All,all,21.955,>=$5M,7,11.6,81.0,0.979,1.117,0.715,False
403,Matane,2024,PRIMARY,Primary,primary,,<$5M,<2,,,,,,True
403,Matane,2024,SECONDARY,Secondary,secondary,19.513,>=$5M,6,11.3,68.0,0.977,1.035,0.667,False
403,Matane,2025,ALL,All,all,22.543,>=$5M,7,12.1,85.0,1.013,1.1,0.751,False
403,Matane,2025,PRIMARY,Primary,primary,,<$5M,<2,,,,,,True
403,Matane,2025,SECONDARY,Secondary,secondary,20.101,>=$5M,6,12.0,72.0,1.013,1.018,0.706,False
805,Medicine Hat,2017,ALL,All,all,110.859,>=$5M,31,8.4,261.0,1.135,0.971,0.792,False
805,Medicine Hat,2017,PRIMARY,Primary,primary,,<$5M,<2,,,,,,True
805,Medicine Hat,2017,SECONDARY,Secondary,secondary,110.859,>=$5M,31,8.4,261.0,1.209,0.982,0.826,False
805,Medicine Hat,2018,ALL,All,all,115.114,>=$5M,34,8.2,280.0,1.135,1.014,0.803,False
805,Medicine Hat,2018,PRIMARY,Primary,primary,,<$5M,<2,,,,,,True
805,Medicine Hat,2018,SECONDARY,Secondary,secondary,115.114,>=$5M,34,8.2,280.0,1.207,1.027,0.836,False
805,Medicine Hat,2019,ALL,All,all,121.843,>=$5M,37,8.4,310.0,0.915,0.99,0.693,False
805,Medicine Hat,2019,PRIMARY,Primary,primary,,<$5M,<2,,,,,,True
805,Medicine Hat,2019,SECONDARY,Secondary,secondary,121.843,>=$5M,37,8.4,310.0,0.997,1.004,0.731,False
805,Medicine Hat,2020,ALL,All,all,121.843,>=$5M,37,8.4,310.0,0.753,0.99,0.561,False
805,Medicine Hat,2020,PRIMARY,Primary,primary,,<$5M,<2,,,,,,True
805,Medicine Hat,2020,SECONDARY,Secondary,secondary,121.843,>=$5M,37,8.4,310.0,0.804,1.004,0.583,False
805,Medicine Hat,2021,ALL,All,all,118.609,>=$5M,35,8.5,296.0,0.962,0.947,0.715,False
805,Medicine Hat,2021,PRIMARY,Primary,primary,,<$5M,<2,,,,,,True
805,Medicine Hat,2021,SECONDARY,Secondary,secondary,118.609,>=$5M,35,8.5,296.0,1.046,0.961,0.753,False
805,Medicine Hat,2022,ALL,All,all,120.842,>=$5M,37,8.1,301.0,0.974,0.907,0.675,False
805,Medicine Hat,2022,PRIMARY,Primary,primary,,<$5M,<2,,,,,,True
805,Medicine Hat,2022,SECONDARY,Secondary,secondary,119.302,>=$5M,36,8.2,294.0,1.108,0.952,0.737,False
805,Medicine Hat,2023,ALL,All,all,115.873,>=$5M,36,7.8,279.0,1.163,0.953,0.708,False
805,Medicine Hat,2023,PRIMARY,Primary,primary,,<$5M,<2,,,,,,True
805,Medicine Hat,2023,SECONDARY,Secondary,secondary,114.333,>=$5M,35,7.8,272.0,1.322,1.002,0.778,False
805,Medicine Hat,2024,ALL,All,all,136.669,>=$5M,38,12.4,473.0,1.45,0.947,0.867,False
805,Medicine Hat,2024,PRIMARY,Primary,primary,,<$5M,<2,,,,,,True
805,Medicine Hat,2024,SECONDARY,Secondary,secondary,136.669,>=$5M,38,12.4,473.0,1.628,1.023,0.963,False
805,Medicine Hat,2025,ALL,All,all,143.736,>=$5M,40,13.0,520.0,1.497,0.974,0.926,False
805,Medicine Hat,2025,PRIMARY,Primary,primary,,<$5M,<2,,,,,,True
805,Medicine Hat,2025,SECONDARY,Secondary,secondary,139.901,>=$5M,39,12.8,500.0,1.634,1.026,0.989,False
571,Midland,2017,ALL,All,all,6.978,>=$5M,8,4.6,37.0,0.225,0.882,0.265,False
571,Midland,2017,PRIMARY,Primary,primary,,<$5M,<2,,,,,,True
571,Midland,2017,SECONDARY,Secondary,secondary,6.978,>=$5M,8,4.6,37.0,0.24,0.892,0.277,False
571,Midland,2018,ALL,All,all,6.978,>=$5M,8,4.6,37.0,0.223,0.865,0.255,False
571,Midland,2018,PRIMARY,Primary,primary,,<$5M,<2,,,,,,True
571,Midland,2018,SECONDARY,Secondary,secondary,6.978,>=$5M,8,4.6,37.0,0.237,0.875,0.265,False
571,Midland,2019,ALL,All,all,18.575,>=$5M,11,5.8,64.0,0.483,1.018,0.356,False
571,Midland,2019,PRIMARY,Primary,primary,,>=$5M,<2,,,,,,True
571,Midland,2019,SECONDARY,Secondary,secondary,8.895,>=$5M,10,4.8,48.0,0.252,0.939,0.281,False
571,Midland,2020,ALL,All,all,18.575,>=$5M,11,5.8,64.0,0.402,1.016,0.295,False
571,Midland,2020,PRIMARY,Primary,primary,,>=$5M,<2,,,,,,True
571,Midland,2020,SECONDARY,Secondary,secondary,8.895,>=$5M,10,4.8,48.0,0.205,0.937,0.23,False
571,Midland,2021,ALL,All,all,18.575,>=$5M,11,5.8,64.0,0.573,1.025,0.443,False
571,Midland,2021,PRIMARY,Primary,primary,,>=$5M,<2,,,,,,True
571,Midland,2021,SECONDARY,Secondary,secondary,8.895,>=$5M,10,4.8,48.0,0.298,0.946,0.35,False
571,Midland,2022,ALL,All,all,18.575,>=$5M,11,5.8,64.0,0.551,0.925,0.412,False
571,Midland,2022,PRIMARY,Primary,primary,,>=$5M,<2,,,,,,True
571,Midland,2022,SECONDARY,Secondary,secondary,8.895,>=$5M,10,4.8,48.0,0.304,0.907,0.346,False
571,Midland,2023,ALL,All,all,16.607,>=$5M,11,5.8,64.0,0.547,0.958,0.456,False
571,Midland,2023,PRIMARY,Primary,primary,,>=$5M,<2,,,,,,True
571,Midland,2023,SECONDARY,Secondary,secondary,8.895,>=$5M,10,4.8,48.0,0.338,0.942,0.385,False
571,Midland,2024,ALL,All,all,14.41,>=$5M,11,5.4,59.0,0.518,0.933,0.323,False
571,Midland,2024,PRIMARY,Primary,primary,10.292,>=$5M,2,15.5,31.0,3.393,2.271,1.698,False
571,Midland,2024,SECONDARY,Secondary,secondary,4.118,<$5M,9,3.1,28.0,0.166,0.825,0.17,False
571,Midland,2025,ALL,All,all,14.71,>=$5M,12,4.2,50.0,0.522,0.98,0.27,False
571,Midland,2025,PRIMARY,Primary,primary,10.292,>=$5M,2,10.0,20.0,3.371,2.191,1.086,False
571,Midland,2025,SECONDARY,Secondary,secondary,4.418,<$5M,10,3.0,30.0,0.176,0.882,0.18,False
329,Miramichi,2017,ALL,All,all,43.13,>=$5M,8,11.8,94.0,1.583,0.826,0.923,False
329,Miramichi,2017,PRIMARY,Primary,primary,,<$5M,<2,,,,,,True
329,Miramichi,2017,SECONDARY,Secondary,secondary,43.13,>=$5M,8,11.8,94.0,1.685,0.836,0.963,False
329,Miramichi,2018,ALL,All,all,43.13,>=$5M,8,11.8,94.0,1.565,0.808,0.896,False
329,Miramichi,2018,PRIMARY,Primary,primary,,<$5M,<2,,,,,,True
329,Miramichi,2018,SECONDARY,Secondary,secondary,43.13,>=$5M,8,11.8,94.0,1.664,0.817,0.934,False
329,Miramichi,2019,ALL,All,all,18.072,>=$5M,7,10.3,72.0,0.402,0.641,0.526,False
329,Miramichi,2019,PRIMARY,Primary,primary,,<$5M,<2,,,,,,True
329,Miramichi,2019,SECONDARY,Secondary,secondary,18.072,>=$5M,7,10.3,72.0,0.438,0.65,0.554,False
329,Miramichi,2020,ALL,All,all,18.072,>=$5M,7,10.3,72.0,0.332,0.643,0.424,False
329,Miramichi,2020,PRIMARY,Primary,primary,,<$5M,<2,,,,,,True
329,Miramichi,2020,SECONDARY,Secondary,secondary,18.072,>=$5M,7,10.3,72.0,0.354,0.653,0.441,False
329,Miramichi,2021,ALL,All,all,18.072,>=$5M,7,10.3,72.0,0.439,0.65,0.601,False
329,Miramichi,2021,PRIMARY,Primary,primary,,<$5M,<2,,,,,,True
329,Miramichi,2021,SECONDARY,Secondary,secondary,18.072,>=$5M,7,10.3,72.0,0.477,0.66,0.632,False
329,Miramichi,2022,ALL,All,all,18.072,>=$5M,7,10.3,72.0,0.431,0.59,0.566,False
329,Miramichi,2022,PRIMARY,Primary,primary,,<$5M,<2,,,,,,True
329,Miramichi,2022,SECONDARY,Secondary,secondary,18.072,>=$5M,7,10.3,72.0,0.496,0.636,0.632,False
329,Miramichi,2023,ALL,All,all,15.901,>=$5M,7,10.3,72.0,0.62,0.615,0.664,False
329,Miramichi,2023,PRIMARY,Primary,primary,,<$5M,<2,,,,,,True
329,Miramichi,2023,SECONDARY,Secondary,secondary,15.901,>=$5M,7,10.3,72.0,0.714,0.665,0.749,False
329,Miramichi,2024,ALL,All,all,13.307,>=$5M,6,11.5,69.0,0.521,0.525,0.458,False
329,Miramichi,2024,PRIMARY,Primary,primary,,<$5M,<2,,,,,,True
329,Miramichi,2024,SECONDARY,Secondary,secondary,13.307,>=$5M,6,11.5,69.0,0.585,0.568,0.508,False
329,Miramichi,2025,ALL,All,all,13.307,>=$5M,6,11.5,69.0,0.515,0.507,0.45,False
329,Miramichi,2025,PRIMARY,Primary,primary,,<$5M,<2,,,,,,True
329,Miramichi,2025,SECONDARY,Secondary,secondary,13.307,>=$5M,6,11.5,69.0,0.577,0.547,0.499,False
305,Moncton,2017,ALL,All,all,95.08,>=$5M,54,7.6,411.0,0.504,1.055,0.623,False
305,Moncton,2017,PRIMARY,Primary,primary,,>=$5M,<2,,,,,,True
305,Moncton,2017,SECONDARY,Secondary,secondary,86.547,>=$5M,53,7.3,388.0,0.489,1.048,0.613,False
305,Moncton,2018,ALL,All,all,100.351,>=$5M,56,7.8,436.0,0.558,1.053,0.684,False
305,Moncton,2018,PRIMARY,Primary,primary,,>=$5M,<2,,,,,,True
305,Moncton,2018,SECONDARY,Secondary,secondary,91.818,>=$5M,55,7.5,413.0,0.543,1.047,0.675,False
305,Moncton,2019,ALL,All,all,115.618,>=$5M,67,7.5,501.0,0.469,1.044,0.602,False
305,Moncton,2019,PRIMARY,Primary,primary,,>=$5M,<2,,,,,,True
305,Moncton,2019,SECONDARY,Secondary,secondary,107.085,>=$5M,66,7.2,478.0,0.473,1.043,0.605,False
305,Moncton,2020,ALL,All,all,112.384,>=$5M,67,7.3,487.0,0.381,1.049,0.478,False
305,Moncton,2020,PRIMARY,Primary,primary,,>=$5M,<2,,,,,,True
305,Moncton,2020,SECONDARY,Secondary,secondary,103.851,>=$5M,66,7.0,464.0,0.375,1.048,0.474,False
305,Moncton,2021,ALL,All,all,111.229,>=$5M,66,7.3,483.0,0.503,1.045,0.683,False
305,Moncton,2021,PRIMARY,Primary,primary,,>=$5M,<2,,,,,,True
305,Moncton,2021,SECONDARY,Secondary,secondary,102.696,>=$5M,65,7.1,460.0,0.505,1.044,0.685,False
305,Moncton,2022,ALL,All,all,135.455,>=$5M,75,7.3,550.0,0.581,1.013,0.732,False
305,Moncton,2022,PRIMARY,Primary,primary,27.013,>=$5M,4,20.8,83.0,0.875,0.742,1.048,False
305,Moncton,2022,SECONDARY,Secondary,secondary,108.442,>=$5M,71,6.6,467.0,0.537,1.034,0.694,False
305,Moncton,2023,ALL,All,all,128.692,>=$5M,72,7.5,538.0,0.673,1.003,0.79,False
305,Moncton,2023,PRIMARY,Primary,primary,27.013,>=$5M,4,20.8,83.0,1.071,0.738,1.084,False
305,Moncton,2023,SECONDARY,Secondary,secondary,101.679,>=$5M,68,6.7,455.0,0.613,1.024,0.753,False
305,Moncton,2024,ALL,All,all,166.458,>=$5M,71,12.2,864.0,0.784,0.968,0.846,False
305,Moncton,2024,PRIMARY,Primary,primary,23.945,>=$5M,4,28.8,115.0,1.035,0.73,1.127,False
305,Moncton,2024,SECONDARY,Secondary,secondary,142.513,>=$5M,67,11.2,749.0,0.753,0.987,0.815,False
305,Moncton,2025,ALL,All,all,182.328,>=$5M,74,12.2,905.0,0.855,0.981,0.862,False
305,Moncton,2025,PRIMARY,Primary,primary,22.77,>=$5M,4,28.2,113.0,0.986,0.711,1.084,False
305,Moncton,2025,SECONDARY,Secondary,secondary,159.558,>=$5M,70,11.3,792.0,0.839,1.002,0.838,False
462,Montréal,2017,ALL,All,all,5338.061,>=$5M,1220,13.6,16647.0,1.092,0.908,1.094,False
462,Montréal,2017,PRIMARY,Primary,primary,820.183,>=$5M,24,90.5,2171.0,2.753,1.529,3.46,False
462,Montréal,2017,SECONDARY,Secondary,secondary,4517.878,>=$5M,1196,12.1,14476.0,0.984,0.901,0.992,False
462,Montréal,2018,ALL,All,all,5381.21,>=$5M,1242,13.6,16874.0,1.066,0.909,1.059,False
462,Montréal,2018,PRIMARY,Primary,primary,828.716,>=$5M,25,87.8,2194.0,2.758,1.504,3.44,False
462,Montréal,2018,SECONDARY,Secondary,secondary,4552.494,>=$5M,1217,12.1,14680.0,0.959,0.901,0.959,False
462,Montréal,2019,ALL,All,all,8110.117,>=$5M,1432,17.9,25625.0,1.323,0.922,1.275,False
462,Montréal,2019,PRIMARY,Primary,primary,1653.624,>=$5M,38,95.7,3636.0,3.28,1.745,3.547,False
462,Montréal,2019,SECONDARY,Secondary,secondary,6456.493,>=$5M,1394,15.8,21989.0,1.148,0.911,1.153,False
462,Montréal,2020,ALL,All,all,7790.993,>=$5M,1427,17.6,25169.0,1.06,0.92,1.032,False
462,Montréal,2020,PRIMARY,Primary,primary,1653.624,>=$5M,38,95.7,3636.0,3.597,1.75,3.939,False
462,Montréal,2020,SECONDARY,Secondary,secondary,6137.369,>=$5M,1389,15.5,21533.0,0.891,0.908,0.917,False
462,Montréal,2021,ALL,All,all,6849.196,>=$5M,1406,15.4,21655.0,1.194,0.922,1.181,False
462,Montréal,2021,PRIMARY,Primary,primary,1653.624,>=$5M,38,95.4,3624.0,3.594,1.712,3.962,False
462,Montréal,2021,SECONDARY,Secondary,secondary,5195.572,>=$5M,1368,13.2,18031.0,0.984,0.91,1.035,False
462,Montréal,2022,ALL,All,all,7212.382,>=$5M,1746,13.5,23486.0,1.142,0.943,1.172,False
462,Montréal,2022,PRIMARY,Primary,primary,1580.092,>=$5M,163,28.3,4614.0,1.888,1.21,2.185,False
462,Montréal,2022,SECONDARY,Secondary,secondary,5632.29,>=$5M,1583,11.9,18872.0,1.029,0.923,1.053,False
462,Montréal,2023,ALL,All,all,6351.295,>=$5M,1703,12.2,20799.0,1.137,0.937,1.144,False
462,Montréal,2023,PRIMARY,Primary,primary,1228.456,>=$5M,161,24.6,3958.0,1.667,1.173,1.937,False
462,Montréal,2023,SECONDARY,Secondary,secondary,5122.839,>=$5M,1542,10.9,16841.0,1.056,0.917,1.044,False
462,Montréal,2024,ALL,All,all,7398.174,>=$5M,1787,18.6,33285.0,1.047,0.979,1.171,False
462,Montréal,2024,PRIMARY,Primary,primary,1177.312,>=$5M,171,29.3,5003.0,1.529,1.254,1.763,False
462,Montréal,2024,SECONDARY,Secondary,secondary,6220.862,>=$5M,1616,17.5,28282.0,0.988,0.957,1.106,False
462,Montréal,2025,ALL,All,all,7422.827,>=$5M,1825,18.8,34236.0,1.086,0.976,1.228,False
462,Montréal,2025,PRIMARY,Primary,primary,1180.3,>=$5M,178,28.7,5104.0,1.595,1.276,1.844,False
462,Montréal,2025,SECONDARY,Secondary,secondary,6242.527,>=$5M,1647,17.7,29132.0,1.025,0.951,1.16,False
715,Moose Jaw,2017,ALL,All,all,0.966,<$5M,2,3.0,6.0,0.034,0.153,0.047,False
715,Moose Jaw,2017,PRIMARY,Primary,primary,,<$5M,<2,,,,,,True
715,Moose Jaw,2017,SECONDARY,Secondary,secondary,0.966,<$5M,2,3.0,6.0,0.036,0.155,0.049,False
715,Moose Jaw,2018,ALL,All,all,0.966,<$5M,2,3.0,6.0,0.032,0.145,0.045,False
715,Moose Jaw,2018,PRIMARY,Primary,primary,,<$5M,<2,,,,,,True
715,Moose Jaw,2018,SECONDARY,Secondary,secondary,0.966,<$5M,2,3.0,6.0,0.034,0.147,0.047,False
715,Moose Jaw,2019,ALL,All,all,116.147,>=$5M,4,49.2,197.0,3.137,0.275,1.181,False
715,Moose Jaw,2019,PRIMARY,Primary,primary,,>=$5M,<2,,,,,,True
715,Moose Jaw,2019,SECONDARY,Secondary,secondary,1.197,<$5M,3,2.3,7.0,0.035,0.209,0.044,False
715,Moose Jaw,2020,ALL,All,all,116.147,>=$5M,4,49.2,197.0,2.579,0.272,0.961,False
715,Moose Jaw,2020,PRIMARY,Primary,primary,,>=$5M,<2,,,,,,True
715,Moose Jaw,2020,SECONDARY,Secondary,secondary,1.197,<$5M,3,2.3,7.0,0.028,0.207,0.035,False
715,Moose Jaw,2021,ALL,All,all,116.147,>=$5M,4,49.2,197.0,3.38,0.277,1.256,False
715,Moose Jaw,2021,PRIMARY,Primary,primary,,>=$5M,<2,,,,,,True
715,Moose Jaw,2021,SECONDARY,Secondary,secondary,1.197,<$5M,3,2.3,7.0,0.038,0.211,0.047,False
715,Moose Jaw,2022,ALL,All,all,116.147,>=$5M,4,49.2,197.0,3.472,0.252,1.292,False
715,Moose Jaw,2022,PRIMARY,Primary,primary,,>=$5M,<2,,,,,,True
715,Moose Jaw,2022,SECONDARY,Secondary,secondary,1.197,<$5M,3,2.3,7.0,0.041,0.203,0.051,False
715,Moose Jaw,2023,ALL,All,all,1.197,<$5M,3,2.3,7.0,0.041,0.199,0.052,False
715,Moose Jaw,2023,PRIMARY,Primary,primary,,<$5M,<2,,,,,,True
715,Moose Jaw,2023,SECONDARY,Secondary,secondary,1.197,<$5M,3,2.3,7.0,0.047,0.215,0.059,False
715,Moose Jaw,2024,ALL,All,all,0.686,<$5M,3,1.7,5.0,0.024,0.186,0.026,False
715,Moose Jaw,2024,PRIMARY,Primary,primary,,<$5M,<2,,,,,,True
715,Moose Jaw,2024,SECONDARY,Secondary,secondary,0.686,<$5M,3,1.7,5.0,0.027,0.201,0.029,False
715,Moose Jaw,2025,ALL,All,all,0.686,<$5M,3,1.7,5.0,0.022,0.182,0.024,False
715,Moose Jaw,2025,PRIMARY,Primary,primary,,<$5M,<2,,,,,,True
715,Moose Jaw,2025,SECONDARY,Secondary,secondary,0.686,<$5M,3,1.7,5.0,0.025,0.197,0.027,False
938,Nanaimo,2017,ALL,All,all,201.79,>=$5M,78,9.3,723.0,1.701,1.66,1.927,False
938,Nanaimo,2017,PRIMARY,Primary,primary,,<$5M,<2,,,,,,True
938,Nanaimo,2017,SECONDARY,Secondary,secondary,201.79,>=$5M,78,9.3,723.0,1.812,1.68,2.01,False
938,Nanaimo,2018,ALL,All,all,210.337,>=$5M,81,9.4,760.0,1.71,1.662,1.909,False
938,Nanaimo,2018,PRIMARY,Primary,primary,,<$5M,<2,,,,,,True
938,Nanaimo,2018,SECONDARY,Secondary,secondary,210.337,>=$5M,81,9.4,760.0,1.818,1.683,1.989,False
938,Nanaimo,2019,ALL,All,all,211.465,>=$5M,84,9.1,768.0,1.45,1.51,1.421,False
938,Nanaimo,2019,PRIMARY,Primary,primary,,<$5M,<2,,,,,,True
938,Nanaimo,2019,SECONDARY,Secondary,secondary,211.465,>=$5M,84,9.1,768.0,1.58,1.532,1.497,False
938,Nanaimo,2020,ALL,All,all,154.284,>=$5M,83,8.6,717.0,0.859,1.488,1.11,False
938,Nanaimo,2020,PRIMARY,Primary,primary,,<$5M,<2,,,,,,True
938,Nanaimo,2020,SECONDARY,Secondary,secondary,154.284,>=$5M,83,8.6,717.0,0.917,1.509,1.153,False
938,Nanaimo,2021,ALL,All,all,152.667,>=$5M,81,8.8,714.0,1.088,1.469,1.435,False
938,Nanaimo,2021,PRIMARY,Primary,primary,,<$5M,<2,,,,,,True
938,Nanaimo,2021,SECONDARY,Secondary,secondary,152.667,>=$5M,81,8.8,714.0,1.182,1.49,1.51,False
938,Nanaimo,2022,ALL,All,all,150.54,>=$5M,91,7.5,683.0,0.956,1.301,1.27,False
938,Nanaimo,2022,PRIMARY,Primary,primary,2.156,<$5M,2,3.5,7.0,0.103,0.393,0.123,False
938,Nanaimo,2022,SECONDARY,Secondary,secondary,148.384,>=$5M,89,7.6,676.0,1.086,1.372,1.405,False
938,Nanaimo,2023,ALL,All,all,149.614,>=$5M,94,7.6,713.0,1.069,1.403,1.427,False
938,Nanaimo,2023,PRIMARY,Primary,primary,1.612,<$5M,2,3.5,7.0,0.087,0.395,0.125,False
938,Nanaimo,2023,SECONDARY,Secondary,secondary,148.002,>=$5M,92,7.7,706.0,1.218,1.485,1.592,False
938,Nanaimo,2024,ALL,All,all,189.609,>=$5M,94,10.6,995.0,1.296,1.35,1.329,False
938,Nanaimo,2024,PRIMARY,Primary,primary,1.204,<$5M,2,3.5,7.0,0.076,0.385,0.094,False
938,Nanaimo,2024,SECONDARY,Secondary,secondary,188.405,>=$5M,92,10.7,988.0,1.446,1.428,1.467,False
938,Nanaimo,2025,ALL,All,all,241.55,>=$5M,94,10.9,1024.0,1.628,1.324,1.332,False
938,Nanaimo,2025,PRIMARY,Primary,primary,1.204,<$5M,2,3.5,7.0,0.075,0.378,0.092,False
938,Nanaimo,2025,SECONDARY,Secondary,secondary,240.346,>=$5M,92,11.1,1017.0,1.816,1.4,1.469,False
907,Nelson,2017,ALL,All,all,18.189,>=$5M,21,3.8,80.0,0.978,1.87,0.895,False
907,Nelson,2017,PRIMARY,Primary,primary,,<$5M,<2,,,,,,True
907,Nelson,2017,SECONDARY,Secondary,secondary,18.189,>=$5M,21,3.8,80.0,1.042,1.892,0.934,False
907,Nelson,2018,ALL,All,all,20.961,>=$5M,23,4.0,92.0,1.059,1.975,0.963,False
907,Nelson,2018,PRIMARY,Primary,primary,,<$5M,<2,,,,,,True
907,Nelson,2018,SECONDARY,Secondary,secondary,20.961,>=$5M,23,4.0,92.0,1.126,1.999,1.003,False
907,Nelson,2019,ALL,All,all,20.961,>=$5M,23,4.0,92.0,0.922,1.819,0.809,False
907,Nelson,2019,PRIMARY,Primary,primary,,<$5M,<2,,,,,,True
907,Nelson,2019,SECONDARY,Secondary,secondary,20.961,>=$5M,23,4.0,92.0,1.004,1.845,0.853,False
907,Nelson,2020,ALL,All,all,19.113,>=$5M,21,4.0,84.0,0.722,1.648,0.626,False
907,Nelson,2020,PRIMARY,Primary,primary,,<$5M,<2,,,,,,True
907,Nelson,2020,SECONDARY,Secondary,secondary,19.113,>=$5M,21,4.0,84.0,0.771,1.671,0.651,False
907,Nelson,2021,ALL,All,all,18.189,>=$5M,20,4.0,80.0,0.867,1.582,0.778,False
907,Nelson,2021,PRIMARY,Primary,primary,,<$5M,<2,,,,,,True
907,Nelson,2021,SECONDARY,Secondary,secondary,18.189,>=$5M,20,4.0,80.0,0.943,1.605,0.819,False
907,Nelson,2022,ALL,All,all,21.947,>=$5M,22,4.0,87.0,0.992,1.566,0.774,False
907,Nelson,2022,PRIMARY,Primary,primary,,<$5M,<2,,,,,,True
907,Nelson,2022,SECONDARY,Secondary,secondary,18.651,>=$5M,21,3.8,79.0,0.972,1.612,0.786,False
907,Nelson,2023,ALL,All,all,18.655,>=$5M,23,4.0,93.0,0.842,1.744,0.872,False
907,Nelson,2023,PRIMARY,Primary,primary,,<$5M,<2,,,,,,True
907,Nelson,2023,SECONDARY,Secondary,secondary,17.121,>=$5M,22,3.9,85.0,0.89,1.804,0.898,False
907,Nelson,2024,ALL,All,all,25.389,>=$5M,23,6.0,139.0,0.976,1.684,0.883,False
907,Nelson,2024,PRIMARY,Primary,primary,,<$5M,<2,,,,,,True
907,Nelson,2024,SECONDARY,Secondary,secondary,23.855,>=$5M,22,6.0,131.0,1.029,1.741,0.925,False
907,Nelson,2025,ALL,All,all,23.83,>=$5M,23,6.0,137.0,0.875,1.642,0.817,False
907,Nelson,2025,PRIMARY,Primary,primary,,<$5M,<2,,,,,,True
907,Nelson,2025,SECONDARY,Secondary,secondary,22.296,>=$5M,22,5.9,129.0,0.918,1.697,0.855,False
220,New Glasgow,2017,ALL,All,all,6.069,>=$5M,8,3.9,31.0,0.173,0.832,0.317,False
220,New Glasgow,2017,PRIMARY,Primary,primary,,<$5M,<2,,,,,,True
220,New Glasgow,2017,SECONDARY,Secondary,secondary,6.069,>=$5M,8,3.9,31.0,0.184,0.842,0.33,False
220,New Glasgow,2018,ALL,All,all,6.804,>=$5M,9,4.0,36.0,0.181,0.884,0.346,False
220,New Glasgow,2018,PRIMARY,Primary,primary,,<$5M,<2,,,,,,True
220,New Glasgow,2018,SECONDARY,Secondary,secondary,6.804,>=$5M,9,4.0,36.0,0.192,0.895,0.36,False
220,New Glasgow,2019,ALL,All,all,20.415,>=$5M,12,5.1,61.0,0.456,1.058,0.434,False
220,New Glasgow,2019,PRIMARY,Primary,primary,,<$5M,<2,,,,,,True
220,New Glasgow,2019,SECONDARY,Secondary,secondary,20.415,>=$5M,12,5.1,61.0,0.497,1.073,0.457,False
220,New Glasgow,2020,ALL,All,all,10.899,>=$5M,12,4.8,57.0,0.2,1.047,0.328,False
220,New Glasgow,2020,PRIMARY,Primary,primary,,<$5M,<2,,,,,,True
220,New Glasgow,2020,SECONDARY,Secondary,secondary,10.899,>=$5M,12,4.8,57.0,0.213,1.062,0.341,False
220,New Glasgow,2021,ALL,All,all,10.899,>=$5M,12,4.8,57.0,0.258,1.052,0.424,False
220,New Glasgow,2021,PRIMARY,Primary,primary,,<$5M,<2,,,,,,True
220,New Glasgow,2021,SECONDARY,Secondary,secondary,10.899,>=$5M,12,4.8,57.0,0.28,1.068,0.447,False
220,New Glasgow,2022,ALL,All,all,10.899,>=$5M,12,4.8,57.0,0.254,0.957,0.398,False
220,New Glasgow,2022,PRIMARY,Primary,primary,,<$5M,<2,,,,,,True
220,New Glasgow,2022,SECONDARY,Secondary,secondary,10.899,>=$5M,12,4.8,57.0,0.293,1.032,0.445,False
220,New Glasgow,2023,ALL,All,all,7.068,>=$5M,10,4.0,40.0,0.177,0.858,0.307,False
220,New Glasgow,2023,PRIMARY,Primary,primary,,<$5M,<2,,,,,,True
220,New Glasgow,2023,SECONDARY,Secondary,secondary,7.068,>=$5M,10,4.0,40.0,0.203,0.928,0.346,False
220,New Glasgow,2024,ALL,All,all,13.018,>=$5M,13,3.5,46.0,0.356,1.091,0.248,False
220,New Glasgow,2024,PRIMARY,Primary,primary,,<$5M,<2,,,,,,True
220,New Glasgow,2024,SECONDARY,Secondary,secondary,13.018,>=$5M,13,3.5,46.0,0.4,1.179,0.276,False
220,New Glasgow,2025,ALL,All,all,5.385,>=$5M,12,3.1,37.0,0.158,0.985,0.219,False
220,New Glasgow,2025,PRIMARY,Primary,primary,,<$5M,<2,,,,,,True
220,New Glasgow,2025,SECONDARY,Secondary,secondary,5.385,>=$5M,12,3.1,37.0,0.178,1.065,0.244,False
547,Norfolk,2017,ALL,All,all,62.664,>=$5M,13,8.2,106.0,1.357,0.694,0.648,False
547,Norfolk,2017,PRIMARY,Primary,primary,,<$5M,<2,,,,,,True
547,Norfolk,2017,SECONDARY,Secondary,secondary,62.664,>=$5M,13,8.2,106.0,1.445,0.702,0.676,False
547,Norfolk,2018,ALL,All,all,62.664,>=$5M,13,8.2,106.0,1.315,0.677,0.62,False
547,Norfolk,2018,PRIMARY,Primary,primary,,<$5M,<2,,,,,,True
547,Norfolk,2018,SECONDARY,Secondary,secondary,62.664,>=$5M,13,8.2,106.0,1.398,0.685,0.646,False
547,Norfolk,2019,ALL,All,all,62.202,>=$5M,13,8.0,104.0,1.043,0.596,0.491,False
547,Norfolk,2019,PRIMARY,Primary,primary,,<$5M,<2,,,,,,True
547,Norfolk,2019,SECONDARY,Secondary,secondary,62.202,>=$5M,13,8.0,104.0,1.137,0.605,0.517,False
547,Norfolk,2020,ALL,All,all,59.787,>=$5M,14,6.2,87.0,0.812,0.641,0.332,False
547,Norfolk,2020,PRIMARY,Primary,primary,,<$5M,<2,,,,,,True
547,Norfolk,2020,SECONDARY,Secondary,secondary,59.787,>=$5M,14,6.2,87.0,0.867,0.65,0.345,False
547,Norfolk,2021,ALL,All,all,59.787,>=$5M,14,6.2,87.0,1.003,0.648,0.433,False
547,Norfolk,2021,PRIMARY,Primary,primary,,<$5M,<2,,,,,,True
547,Norfolk,2021,SECONDARY,Secondary,secondary,59.787,>=$5M,14,6.2,87.0,1.09,0.657,0.456,False
547,Norfolk,2022,ALL,All,all,83.871,>=$5M,19,8.6,163.0,1.368,0.798,0.761,False
547,Norfolk,2022,PRIMARY,Primary,primary,21.392,>=$5M,3,24.7,74.0,2.631,1.732,3.277,False
547,Norfolk,2022,SECONDARY,Secondary,secondary,62.479,>=$5M,16,5.6,89.0,1.175,0.725,0.464,False
547,Norfolk,2023,ALL,All,all,84.141,>=$5M,20,8.3,166.0,0.997,0.896,0.327,False
547,Norfolk,2023,PRIMARY,Primary,primary,21.827,>=$5M,4,19.2,77.0,1.96,2.373,1.347,False
547,Norfolk,2023,SECONDARY,Secondary,secondary,62.314,>=$5M,16,5.6,89.0,0.851,0.775,0.197,False
547,Norfolk,2024,ALL,All,all,60.251,>=$5M,17,13.1,223.0,0.529,0.751,0.344,False
547,Norfolk,2024,PRIMARY,Primary,primary,14.225,>=$5M,4,21.5,86.0,1.147,2.366,1.326,False
547,Norfolk,2024,SECONDARY,Secondary,secondary,46.026,>=$5M,13,10.5,137.0,0.454,0.621,0.234,False
547,Norfolk,2025,ALL,All,all,64.054,>=$5M,17,14.3,243.0,0.56,0.728,0.367,False
547,Norfolk,2025,PRIMARY,Primary,primary,14.52,>=$5M,4,22.0,88.0,1.172,2.297,1.338,False
547,Norfolk,2025,SECONDARY,Secondary,secondary,49.534,>=$5M,13,11.9,155.0,0.486,0.601,0.26,False
735,North Battleford,2017,ALL,All,all,5.249,>=$5M,2,3.5,7.0,0.264,0.328,0.094,False
735,North Battleford,2017,PRIMARY,Primary,primary,,<$5M,<2,,,,,,True
735,North Battleford,2017,SECONDARY,Secondary,secondary,5.249,>=$5M,2,3.5,7.0,0.281,0.332,0.098,False
735,North Battleford,2018,ALL,All,all,5.48,>=$5M,2,4.0,8.0,0.257,0.306,0.099,False
735,North Battleford,2018,PRIMARY,Primary,primary,,<$5M,<2,,,,,,True
735,North Battleford,2018,SECONDARY,Secondary,secondary,5.48,>=$5M,2,4.0,8.0,0.273,0.309,0.104,False
735,North Battleford,2019,ALL,All,all,5.48,>=$5M,2,4.0,8.0,0.186,0.283,0.081,False
735,North Battleford,2019,PRIMARY,Primary,primary,,<$5M,<2,,,,,,True
735,North Battleford,2019,SECONDARY,Secondary,secondary,5.48,>=$5M,2,4.0,8.0,0.203,0.287,0.085,False
735,North Battleford,2020,ALL,All,all,5.48,>=$5M,2,4.0,8.0,0.157,0.282,0.065,False
735,North Battleford,2020,PRIMARY,Primary,primary,,<$5M,<2,,,,,,True
735,North Battleford,2020,SECONDARY,Secondary,secondary,5.48,>=$5M,2,4.0,8.0,0.168,0.286,0.067,False
735,North Battleford,2021,ALL,All,all,5.48,>=$5M,2,4.0,8.0,0.196,0.289,0.085,False
735,North Battleford,2021,PRIMARY,Primary,primary,,<$5M,<2,,,,,,True
735,North Battleford,2021,SECONDARY,Secondary,secondary,5.48,>=$5M,2,4.0,8.0,0.213,0.294,0.09,False
735,North Battleford,2022,ALL,All,all,5.48,>=$5M,2,4.0,8.0,0.19,0.264,0.08,False
735,North Battleford,2022,PRIMARY,Primary,primary,,<$5M,<2,,,,,,True
735,North Battleford,2022,SECONDARY,Secondary,secondary,5.48,>=$5M,2,4.0,8.0,0.219,0.285,0.089,False
735,North Battleford,2023,ALL,All,all,5.48,>=$5M,2,4.0,8.0,0.256,0.286,0.091,False
735,North Battleford,2023,PRIMARY,Primary,primary,,<$5M,<2,,,,,,True
735,North Battleford,2023,SECONDARY,Secondary,secondary,5.48,>=$5M,2,4.0,8.0,0.295,0.309,0.102,False
735,North Battleford,2024,ALL,All,all,3.358,<$5M,2,4.0,8.0,0.2,0.273,0.066,False
735,North Battleford,2024,PRIMARY,Primary,primary,,<$5M,<2,,,,,,True
735,North Battleford,2024,SECONDARY,Secondary,secondary,3.358,<$5M,2,4.0,8.0,0.225,0.295,0.073,False
735,North Battleford,2025,ALL,All,all,3.358,<$5M,2,4.0,8.0,0.184,0.264,0.064,False
735,North Battleford,2025,PRIMARY,Primary,primary,,<$5M,<2,,,,,,True
735,North Battleford,2025,SECONDARY,Secondary,secondary,3.358,<$5M,2,4.0,8.0,0.206,0.286,0.071,False
575,North Bay,2017,ALL,All,all,32.922,>=$5M,24,6.9,166.0,0.436,0.881,0.56,False
575,North Bay,2017,PRIMARY,Primary,primary,,<$5M,<2,,,,,,True
575,North Bay,2017,SECONDARY,Secondary,secondary,32.922,>=$5M,24,6.9,166.0,0.464,0.892,0.584,False
575,North Bay,2018,ALL,All,all,33.153,>=$5M,24,7.0,167.0,0.421,0.853,0.536,False
575,North Bay,2018,PRIMARY,Primary,primary,,<$5M,<2,,,,,,True
575,North Bay,2018,SECONDARY,Secondary,secondary,33.153,>=$5M,24,7.0,167.0,0.447,0.863,0.559,False
575,North Bay,2019,ALL,All,all,46.333,>=$5M,29,7.5,217.0,0.488,0.903,0.554,False
575,North Bay,2019,PRIMARY,Primary,primary,,<$5M,<2,,,,,,True
575,North Bay,2019,SECONDARY,Secondary,secondary,43.308,>=$5M,28,7.6,212.0,0.497,0.884,0.571,False
575,North Bay,2020,ALL,All,all,44.422,>=$5M,30,6.9,208.0,0.399,0.938,0.444,False
575,North Bay,2020,PRIMARY,Primary,primary,,<$5M,<2,,,,,,True
575,North Bay,2020,SECONDARY,Secondary,secondary,41.397,>=$5M,29,7.0,203.0,0.397,0.92,0.45,False
575,North Bay,2021,ALL,All,all,44.422,>=$5M,30,6.9,208.0,0.566,0.946,0.699,False
575,North Bay,2021,PRIMARY,Primary,primary,,<$5M,<2,,,,,,True
575,North Bay,2021,SECONDARY,Secondary,secondary,41.397,>=$5M,29,7.0,203.0,0.573,0.928,0.718,False
575,North Bay,2022,ALL,All,all,48.833,>=$5M,36,6.0,216.0,0.616,1.032,0.673,False
575,North Bay,2022,PRIMARY,Primary,primary,5.337,>=$5M,4,3.0,12.0,0.507,1.576,0.355,False
575,North Bay,2022,SECONDARY,Secondary,secondary,43.496,>=$5M,32,6.4,204.0,0.632,0.989,0.711,False
575,North Bay,2023,ALL,All,all,35.039,>=$5M,32,5.6,178.0,0.501,0.968,0.604,False
575,North Bay,2023,PRIMARY,Primary,primary,2.04,<$5M,3,2.3,7.0,0.221,1.202,0.211,False
575,North Bay,2023,SECONDARY,Secondary,secondary,32.999,>=$5M,29,5.9,171.0,0.543,0.949,0.654,False
575,North Bay,2024,ALL,All,all,47.835,>=$5M,33,8.2,270.0,0.632,0.982,0.621,False
575,North Bay,2024,PRIMARY,Primary,primary,1.238,<$5M,3,2.3,7.0,0.15,1.194,0.161,False
575,North Bay,2024,SECONDARY,Secondary,secondary,46.597,>=$5M,30,8.8,263.0,0.691,0.964,0.672,False
575,North Bay,2025,ALL,All,all,49.109,>=$5M,34,8.2,279.0,0.633,0.978,0.629,False
575,North Bay,2025,PRIMARY,Primary,primary,1.238,<$5M,3,2.3,7.0,0.147,1.158,0.159,False
575,North Bay,2025,SECONDARY,Secondary,secondary,47.871,>=$5M,31,8.8,272.0,0.692,0.964,0.681,False
820,Okotoks,2017,ALL,All,all,3.975,<$5M,6,3.5,21.0,0.215,0.757,0.334,False
820,Okotoks,2017,PRIMARY,Primary,primary,,<$5M,<2,,,,,,True
820,Okotoks,2017,SECONDARY,Secondary,secondary,3.975,<$5M,6,3.5,21.0,0.229,0.765,0.348,False
820,Okotoks,2018,ALL,All,all,3.975,<$5M,6,3.5,21.0,0.204,0.69,0.307,False
820,Okotoks,2018,PRIMARY,Primary,primary,,<$5M,<2,,,,,,True
820,Okotoks,2018,SECONDARY,Secondary,secondary,3.975,<$5M,6,3.5,21.0,0.217,0.698,0.32,False
820,Okotoks,2019,ALL,All,all,7.02,>=$5M,8,4.5,36.0,0.244,0.785,0.367,False
820,Okotoks,2019,PRIMARY,Primary,primary,,<$5M,<2,,,,,,True
820,Okotoks,2019,SECONDARY,Secondary,secondary,7.02,>=$5M,8,4.5,36.0,0.265,0.796,0.387,False
820,Okotoks,2020,ALL,All,all,7.02,>=$5M,8,4.5,36.0,0.196,0.779,0.295,False
820,Okotoks,2020,PRIMARY,Primary,primary,,<$5M,<2,,,,,,True
820,Okotoks,2020,SECONDARY,Secondary,secondary,7.02,>=$5M,8,4.5,36.0,0.209,0.79,0.307,False
820,Okotoks,2021,ALL,All,all,7.755,>=$5M,9,4.0,36.0,0.318,0.871,0.381,False
820,Okotoks,2021,PRIMARY,Primary,primary,,<$5M,<2,,,,,,True
820,Okotoks,2021,SECONDARY,Secondary,secondary,7.755,>=$5M,9,4.0,36.0,0.346,0.884,0.401,False
820,Okotoks,2022,ALL,All,all,7.413,>=$5M,9,3.4,31.0,0.292,0.779,0.302,False
820,Okotoks,2022,PRIMARY,Primary,primary,,<$5M,<2,,,,,,True
820,Okotoks,2022,SECONDARY,Secondary,secondary,7.413,>=$5M,9,3.4,31.0,0.336,0.84,0.338,False
820,Okotoks,2023,ALL,All,all,5.993,>=$5M,9,2.9,26.0,0.257,0.787,0.28,False
820,Okotoks,2023,PRIMARY,Primary,primary,,<$5M,<2,,,,,,True
820,Okotoks,2023,SECONDARY,Secondary,secondary,5.993,>=$5M,9,2.9,26.0,0.296,0.851,0.316,False
820,Okotoks,2024,ALL,All,all,3.783,<$5M,9,2.9,26.0,0.144,0.684,0.189,False
820,Okotoks,2024,PRIMARY,Primary,primary,,<$5M,<2,,,,,,True
820,Okotoks,2024,SECONDARY,Secondary,secondary,3.783,<$5M,9,2.9,26.0,0.162,0.739,0.21,False
820,Okotoks,2025,ALL,All,all,3.981,<$5M,9,3.1,28.0,0.155,0.671,0.203,False
820,Okotoks,2025,PRIMARY,Primary,primary,,<$5M,<2,,,,,,True
820,Okotoks,2025,SECONDARY,Secondary,secondary,3.981,<$5M,9,3.1,28.0,0.174,0.725,0.226,False
569,Orillia,2017,ALL,All,all,30.812,>=$5M,11,10.9,120.0,0.811,0.724,0.773,False
569,Orillia,2017,PRIMARY,Primary,primary,,<$5M,<2,,,,,,True
569,Orillia,2017,SECONDARY,Secondary,secondary,27.787,>=$5M,10,11.5,115.0,0.779,0.666,0.773,False
569,Orillia,2018,ALL,All,all,30.812,>=$5M,11,10.9,120.0,0.792,0.702,0.736,False
569,Orillia,2018,PRIMARY,Primary,primary,,<$5M,<2,,,,,,True
569,Orillia,2018,SECONDARY,Secondary,secondary,27.787,>=$5M,10,11.5,115.0,0.759,0.646,0.734,False
569,Orillia,2019,ALL,All,all,33.044,>=$5M,14,9.4,132.0,0.715,0.761,0.643,False
569,Orillia,2019,PRIMARY,Primary,primary,,<$5M,<2,,,,,,True
569,Orillia,2019,SECONDARY,Secondary,secondary,30.019,>=$5M,13,9.8,127.0,0.708,0.716,0.651,False
569,Orillia,2020,ALL,All,all,34.22,>=$5M,15,9.3,140.0,0.622,0.819,0.563,False
569,Orillia,2020,PRIMARY,Primary,primary,,<$5M,<2,,,,,,True
569,Orillia,2020,SECONDARY,Secondary,secondary,31.195,>=$5M,14,9.6,135.0,0.605,0.775,0.564,False
569,Orillia,2021,ALL,All,all,33.485,>=$5M,14,9.6,135.0,0.752,0.772,0.707,False
569,Orillia,2021,PRIMARY,Primary,primary,,<$5M,<2,,,,,,True
569,Orillia,2021,SECONDARY,Secondary,secondary,30.46,>=$5M,13,10.0,130.0,0.743,0.728,0.717,False
569,Orillia,2022,ALL,All,all,33.485,>=$5M,14,9.5,133.0,0.788,0.694,0.69,False
569,Orillia,2022,PRIMARY,Primary,primary,,<$5M,<2,,,,,,True
569,Orillia,2022,SECONDARY,Secondary,secondary,30.46,>=$5M,13,9.8,128.0,0.826,0.695,0.742,False
569,Orillia,2023,ALL,All,all,30.82,>=$5M,13,10.1,131.0,0.803,0.671,0.748,False
569,Orillia,2023,PRIMARY,Primary,primary,,<$5M,<2,,,,,,True
569,Orillia,2023,SECONDARY,Secondary,secondary,27.795,>=$5M,12,10.5,126.0,0.834,0.67,0.811,False
569,Orillia,2024,ALL,All,all,33.903,>=$5M,16,11.2,179.0,0.886,0.811,0.709,False
569,Orillia,2024,PRIMARY,Primary,primary,,<$5M,<2,,,,,,True
569,Orillia,2024,SECONDARY,Secondary,secondary,31.493,>=$5M,15,11.6,174.0,0.923,0.822,0.766,False
569,Orillia,2025,ALL,All,all,30.525,>=$5M,15,10.0,150.0,0.805,0.738,0.62,False
569,Orillia,2025,PRIMARY,Primary,primary,,<$5M,<2,,,,,,True
569,Orillia,2025,SECONDARY,Secondary,secondary,28.115,>=$5M,14,10.4,145.0,0.832,0.744,0.665,False
532,Oshawa,2017,ALL,All,all,659.893,>=$5M,40,22.3,891.0,3.122,0.527,1.132,False
532,Oshawa,2017,PRIMARY,Primary,primary,,<$5M,<2,,,,,,True
532,Oshawa,2017,SECONDARY,Secondary,secondary,659.893,>=$5M,40,22.3,891.0,3.325,0.533,1.181,False
532,Oshawa,2018,ALL,All,all,667.967,>=$5M,45,20.6,925.0,3.072,0.581,1.128,False
532,Oshawa,2018,PRIMARY,Primary,primary,,<$5M,<2,,,,,,True
532,Oshawa,2018,SECONDARY,Secondary,secondary,667.967,>=$5M,45,20.6,925.0,3.266,0.588,1.176,False
532,Oshawa,2019,ALL,All,all,715.558,>=$5M,57,20.2,1154.0,1.788,0.596,1.001,False
532,Oshawa,2019,PRIMARY,Primary,primary,,<$5M,<2,,,,,,True
532,Oshawa,2019,SECONDARY,Secondary,secondary,715.558,>=$5M,57,20.2,1154.0,1.949,0.605,1.054,False
532,Oshawa,2020,ALL,All,all,773.434,>=$5M,59,24.2,1430.0,2.324,0.615,1.073,False
532,Oshawa,2020,PRIMARY,Primary,primary,,<$5M,<2,,,,,,True
532,Oshawa,2020,SECONDARY,Secondary,secondary,773.434,>=$5M,59,24.2,1430.0,2.479,0.624,1.115,False
532,Oshawa,2021,ALL,All,all,202.317,>=$5M,57,16.1,920.0,0.771,0.6,0.905,False
532,Oshawa,2021,PRIMARY,Primary,primary,,<$5M,<2,,,,,,True
532,Oshawa,2021,SECONDARY,Secondary,secondary,202.317,>=$5M,57,16.1,920.0,0.838,0.609,0.953,False
532,Oshawa,2022,ALL,All,all,231.719,>=$5M,77,13.3,1026.0,0.824,0.666,0.934,False
532,Oshawa,2022,PRIMARY,Primary,primary,23.092,>=$5M,11,7.1,78.0,0.619,1.307,0.674,False
532,Oshawa,2022,SECONDARY,Secondary,secondary,208.627,>=$5M,66,14.4,948.0,0.855,0.616,0.964,False
532,Oshawa,2023,ALL,All,all,159.472,>=$5M,73,10.0,729.0,0.633,0.623,0.706,False
532,Oshawa,2023,PRIMARY,Primary,primary,20.149,>=$5M,10,7.4,74.0,0.606,1.131,0.637,False
532,Oshawa,2023,SECONDARY,Secondary,secondary,139.323,>=$5M,63,10.4,655.0,0.637,0.582,0.715,False
532,Oshawa,2024,ALL,All,all,212.54,>=$5M,76,16.2,1229.0,0.791,0.627,0.84,False
532,Oshawa,2024,PRIMARY,Primary,primary,18.608,>=$5M,10,12.0,120.0,0.636,1.103,0.821,False
532,Oshawa,2024,SECONDARY,Secondary,secondary,193.932,>=$5M,66,16.8,1109.0,0.81,0.588,0.842,False
532,Oshawa,2025,ALL,All,all,218.373,>=$5M,81,15.9,1290.0,0.794,0.646,0.86,False
532,Oshawa,2025,PRIMARY,Primary,primary,18.756,>=$5M,10,12.1,121.0,0.63,1.069,0.813,False
532,Oshawa,2025,SECONDARY,Secondary,secondary,199.617,>=$5M,71,16.5,1169.0,0.814,0.611,0.866,False
505,Ottawa - Gatineau (Ontario part / partie de l'Ontario),2017,ALL,All,all,1633.153,>=$5M,457,12.9,5885.0,1.424,1.202,1.228,False
505,Ottawa - Gatineau (Ontario part / partie de l'Ontario),2017,PRIMARY,Primary,primary,333.43,>=$5M,11,53.1,584.0,4.768,2.477,2.956,False
505,Ottawa - Gatineau (Ontario part / partie de l'Ontario),2017,SECONDARY,Secondary,secondary,1299.723,>=$5M,446,11.9,5301.0,1.207,1.187,1.154,False
505,Ottawa - Gatineau (Ontario part / partie de l'Ontario),2018,ALL,All,all,1670.901,>=$5M,473,12.7,6018.0,1.393,1.216,1.188,False
505,Ottawa - Gatineau (Ontario part / partie de l'Ontario),2018,PRIMARY,Primary,primary,341.963,>=$5M,12,50.6,607.0,4.788,2.537,2.996,False
505,Ottawa - Gatineau (Ontario part / partie de l'Ontario),2018,SECONDARY,Secondary,secondary,1328.938,>=$5M,461,11.7,5411.0,1.178,1.2,1.113,False
505,Ottawa - Gatineau (Ontario part / partie de l'Ontario),2019,ALL,All,all,1843.242,>=$5M,531,12.7,6757.0,1.226,1.134,1.04,False
505,Ottawa - Gatineau (Ontario part / partie de l'Ontario),2019,PRIMARY,Primary,primary,350.496,>=$5M,13,48.5,630.0,2.835,1.978,1.903,False
505,Ottawa - Gatineau (Ontario part / partie de l'Ontario),2019,SECONDARY,Secondary,secondary,1492.746,>=$5M,518,11.8,6127.0,1.082,1.122,0.994,False
505,Ottawa - Gatineau (Ontario part / partie de l'Ontario),2020,ALL,All,all,1837.208,>=$5M,526,12.7,6698.0,1.024,1.124,0.84,False
505,Ottawa - Gatineau (Ontario part / partie de l'Ontario),2020,PRIMARY,Primary,primary,350.496,>=$5M,13,48.5,630.0,3.123,1.985,2.087,False
505,Ottawa - Gatineau (Ontario part / partie de l'Ontario),2020,SECONDARY,Secondary,secondary,1486.712,>=$5M,513,11.8,6068.0,0.884,1.111,0.79,False
505,Ottawa - Gatineau (Ontario part / partie de l'Ontario),2021,ALL,All,all,1789.67,>=$5M,512,12.7,6489.0,1.277,1.118,1.081,False
505,Ottawa - Gatineau (Ontario part / partie de l'Ontario),2021,PRIMARY,Primary,primary,350.496,>=$5M,13,48.5,630.0,3.118,1.951,2.104,False
505,Ottawa - Gatineau (Ontario part / partie de l'Ontario),2021,SECONDARY,Secondary,secondary,1439.174,>=$5M,499,11.7,5859.0,1.116,1.106,1.027,False
505,Ottawa - Gatineau (Ontario part / partie de l'Ontario),2022,ALL,All,all,1932.89,>=$5M,597,11.6,6917.0,1.263,1.082,1.077,False
505,Ottawa - Gatineau (Ontario part / partie de l'Ontario),2022,PRIMARY,Primary,primary,391.638,>=$5M,31,24.3,752.0,1.93,0.772,1.111,False
505,Ottawa - Gatineau (Ontario part / partie de l'Ontario),2022,SECONDARY,Secondary,secondary,1541.252,>=$5M,566,10.9,6165.0,1.161,1.106,1.073,False
505,Ottawa - Gatineau (Ontario part / partie de l'Ontario),2023,ALL,All,all,1484.191,>=$5M,590,10.2,5990.0,1.098,1.066,1.001,False
505,Ottawa - Gatineau (Ontario part / partie de l'Ontario),2023,PRIMARY,Primary,primary,91.979,>=$5M,31,8.6,267.0,0.516,0.742,0.397,False
505,Ottawa - Gatineau (Ontario part / partie de l'Ontario),2023,SECONDARY,Secondary,secondary,1392.212,>=$5M,559,10.2,5723.0,1.186,1.093,1.078,False
505,Ottawa - Gatineau (Ontario part / partie de l'Ontario),2024,ALL,All,all,1770.25,>=$5M,618,14.3,8824.0,1.233,1.049,1.02,False
505,Ottawa - Gatineau (Ontario part / partie de l'Ontario),2024,PRIMARY,Primary,primary,156.852,>=$5M,33,18.5,611.0,1.002,0.75,0.707,False
505,Ottawa - Gatineau (Ontario part / partie de l'Ontario),2024,SECONDARY,Secondary,secondary,1613.398,>=$5M,585,14.0,8213.0,1.261,1.073,1.055,False
505,Ottawa - Gatineau (Ontario part / partie de l'Ontario),2025,ALL,All,all,1754.74,>=$5M,630,14.1,8861.0,1.202,1.043,1.007,False
505,Ottawa - Gatineau (Ontario part / partie de l'Ontario),2025,PRIMARY,Primary,primary,144.977,>=$5M,32,18.0,576.0,0.917,0.711,0.659,False
505,Ottawa - Gatineau (Ontario part / partie de l'Ontario),2025,SECONDARY,Secondary,secondary,1609.763,>=$5M,598,13.9,8285.0,1.236,1.07,1.045,False
566,Owen Sound,2017,ALL,All,all,34.26,>=$5M,7,18.3,128.0,0.778,0.532,0.898,False
566,Owen Sound,2017,PRIMARY,Primary,primary,,<$5M,<2,,,,,,True
566,Owen Sound,2017,SECONDARY,Secondary,secondary,34.26,>=$5M,7,18.3,128.0,0.828,0.538,0.937,False
566,Owen Sound,2018,ALL,All,all,34.26,>=$5M,7,18.3,128.0,0.644,0.52,0.711,False
566,Owen Sound,2018,PRIMARY,Primary,primary,,<$5M,<2,,,,,,True
566,Owen Sound,2018,SECONDARY,Secondary,secondary,34.26,>=$5M,7,18.3,128.0,0.685,0.526,0.74,False
566,Owen Sound,2019,ALL,All,all,36.57,>=$5M,9,15.3,138.0,0.652,0.573,0.711,False
566,Owen Sound,2019,PRIMARY,Primary,primary,,<$5M,<2,,,,,,True
566,Owen Sound,2019,SECONDARY,Secondary,secondary,36.57,>=$5M,9,15.3,138.0,0.71,0.581,0.749,False
566,Owen Sound,2020,ALL,All,all,36.423,>=$5M,9,15.2,137.0,0.548,0.573,0.59,False
566,Owen Sound,2020,PRIMARY,Primary,primary,,<$5M,<2,,,,,,True
566,Owen Sound,2020,SECONDARY,Secondary,secondary,36.423,>=$5M,9,15.2,137.0,0.585,0.581,0.614,False
566,Owen Sound,2021,ALL,All,all,36.423,>=$5M,9,15.2,137.0,0.7,0.578,0.776,False
566,Owen Sound,2021,PRIMARY,Primary,primary,,<$5M,<2,,,,,,True
566,Owen Sound,2021,SECONDARY,Secondary,secondary,36.423,>=$5M,9,15.2,137.0,0.761,0.587,0.817,False
566,Owen Sound,2022,ALL,All,all,37.971,>=$5M,10,14.6,146.0,0.72,0.58,0.767,False
566,Owen Sound,2022,PRIMARY,Primary,primary,,<$5M,<2,,,,,,True
566,Owen Sound,2022,SECONDARY,Secondary,secondary,36.423,>=$5M,9,15.8,142.0,0.796,0.563,0.834,False
566,Owen Sound,2023,ALL,All,all,37.863,>=$5M,10,14.6,146.0,0.881,0.618,0.926,False
566,Owen Sound,2023,PRIMARY,Primary,primary,,<$5M,<2,,,,,,True
566,Owen Sound,2023,SECONDARY,Secondary,secondary,36.315,>=$5M,9,15.8,142.0,0.974,0.602,1.015,False
566,Owen Sound,2024,ALL,All,all,32.324,>=$5M,12,14.0,168.0,0.77,0.726,0.779,False
566,Owen Sound,2024,PRIMARY,Primary,primary,,<$5M,<2,,,,,,True
566,Owen Sound,2024,SECONDARY,Secondary,secondary,31.572,>=$5M,11,14.9,164.0,0.844,0.719,0.845,False
566,Owen Sound,2025,ALL,All,all,32.969,>=$5M,12,14.1,169.0,0.762,0.704,0.752,False
566,Owen Sound,2025,PRIMARY,Primary,primary,,<$5M,<2,,,,,,True
566,Owen Sound,2025,SECONDARY,Secondary,secondary,32.217,>=$5M,11,15.0,165.0,0.835,0.697,0.815,False
939,Parksville,2017,ALL,All,all,12.693,>=$5M,8,7.4,59.0,0.698,0.724,0.771,False
939,Parksville,2017,PRIMARY,Primary,primary,,<$5M,<2,,,,,,True
939,Parksville,2017,SECONDARY,Secondary,secondary,12.693,>=$5M,8,7.4,59.0,0.743,0.733,0.804,False
939,Parksville,2018,ALL,All,all,12.693,>=$5M,8,7.4,59.0,0.665,0.682,0.712,False
939,Parksville,2018,PRIMARY,Primary,primary,,<$5M,<2,,,,,,True
939,Parksville,2018,SECONDARY,Secondary,secondary,12.693,>=$5M,8,7.4,59.0,0.707,0.691,0.742,False
939,Parksville,2019,ALL,All,all,13.428,>=$5M,9,7.1,64.0,0.539,0.671,0.607,False
939,Parksville,2019,PRIMARY,Primary,primary,,<$5M,<2,,,,,,True
939,Parksville,2019,SECONDARY,Secondary,secondary,13.428,>=$5M,9,7.1,64.0,0.587,0.68,0.64,False
939,Parksville,2020,ALL,All,all,13.428,>=$5M,9,7.1,64.0,0.453,0.665,0.505,False
939,Parksville,2020,PRIMARY,Primary,primary,,<$5M,<2,,,,,,True
939,Parksville,2020,SECONDARY,Secondary,secondary,13.428,>=$5M,9,7.1,64.0,0.483,0.674,0.524,False
939,Parksville,2021,ALL,All,all,13.869,>=$5M,10,6.7,67.0,0.633,0.747,0.685,False
939,Parksville,2021,PRIMARY,Primary,primary,,<$5M,<2,,,,,,True
939,Parksville,2021,SECONDARY,Secondary,secondary,13.869,>=$5M,10,6.7,67.0,0.688,0.758,0.721,False
939,Parksville,2022,ALL,All,all,16.641,>=$5M,12,6.3,76.0,0.716,0.808,0.728,False
939,Parksville,2022,PRIMARY,Primary,primary,2.772,<$5M,2,4.5,9.0,0.9,1.85,0.818,False
939,Parksville,2022,SECONDARY,Secondary,secondary,13.869,>=$5M,10,6.7,67.0,0.688,0.726,0.717,False
939,Parksville,2023,ALL,All,all,15.068,>=$5M,12,6.3,76.0,0.708,0.813,0.742,False
939,Parksville,2023,PRIMARY,Primary,primary,1.684,<$5M,2,4.5,9.0,0.6,1.794,0.782,False
939,Parksville,2023,SECONDARY,Secondary,secondary,13.384,>=$5M,10,6.7,67.0,0.725,0.733,0.737,False
939,Parksville,2024,ALL,All,all,21.26,>=$5M,13,9.1,118.0,0.886,0.847,0.848,False
939,Parksville,2024,PRIMARY,Primary,primary,1.548,<$5M,2,4.5,9.0,0.592,1.745,0.648,False
939,Parksville,2024,SECONDARY,Secondary,secondary,19.712,>=$5M,11,9.9,109.0,0.922,0.775,0.871,False
939,Parksville,2025,ALL,All,all,18.531,>=$5M,13,8.0,104.0,0.751,0.83,0.719,False
939,Parksville,2025,PRIMARY,Primary,primary,1.548,<$5M,2,4.5,9.0,0.58,1.713,0.626,False
939,Parksville,2025,SECONDARY,Secondary,secondary,16.983,>=$5M,11,8.6,95.0,0.772,0.759,0.729,False
515,Pembroke,2017,ALL,All,all,19.806,>=$5M,6,11.7,70.0,0.62,0.607,0.626,False
515,Pembroke,2017,PRIMARY,Primary,primary,,<$5M,<2,,,,,,True
515,Pembroke,2017,SECONDARY,Secondary,secondary,19.806,>=$5M,6,11.7,70.0,0.66,0.614,0.653,False
515,Pembroke,2018,ALL,All,all,19.575,>=$5M,5,13.8,69.0,0.58,0.499,0.59,False
515,Pembroke,2018,PRIMARY,Primary,primary,,<$5M,<2,,,,,,True
515,Pembroke,2018,SECONDARY,Secondary,secondary,19.575,>=$5M,5,13.8,69.0,0.616,0.505,0.615,False
515,Pembroke,2019,ALL,All,all,20.268,>=$5M,6,12.0,72.0,0.51,0.537,0.508,False
515,Pembroke,2019,PRIMARY,Primary,primary,,<$5M,<2,,,,,,True
515,Pembroke,2019,SECONDARY,Secondary,secondary,20.268,>=$5M,6,12.0,72.0,0.555,0.545,0.535,False
515,Pembroke,2020,ALL,All,all,20.268,>=$5M,6,12.0,72.0,0.419,0.536,0.406,False
515,Pembroke,2020,PRIMARY,Primary,primary,,<$5M,<2,,,,,,True
515,Pembroke,2020,SECONDARY,Secondary,secondary,20.268,>=$5M,6,12.0,72.0,0.447,0.543,0.422,False
515,Pembroke,2021,ALL,All,all,20.499,>=$5M,7,10.4,73.0,0.488,0.632,0.52,False
515,Pembroke,2021,PRIMARY,Primary,primary,,<$5M,<2,,,,,,True
515,Pembroke,2021,SECONDARY,Secondary,secondary,20.499,>=$5M,7,10.4,73.0,0.531,0.641,0.548,False
515,Pembroke,2022,ALL,All,all,22.655,>=$5M,8,10.0,80.0,0.55,0.651,0.539,False
515,Pembroke,2022,PRIMARY,Primary,primary,,<$5M,<2,,,,,,True
515,Pembroke,2022,SECONDARY,Secondary,secondary,20.499,>=$5M,7,10.4,73.0,0.574,0.615,0.55,False
515,Pembroke,2023,ALL,All,all,20.051,>=$5M,6,12.7,76.0,0.563,0.517,0.577,False
515,Pembroke,2023,PRIMARY,Primary,primary,,<$5M,<2,,,,,,True
515,Pembroke,2023,SECONDARY,Secondary,secondary,18.847,>=$5M,5,13.8,69.0,0.609,0.466,0.59,False
515,Pembroke,2024,ALL,All,all,21.421,>=$5M,7,14.9,104.0,0.759,0.59,0.595,False
515,Pembroke,2024,PRIMARY,Primary,primary,,<$5M,<2,,,,,,True
515,Pembroke,2024,SECONDARY,Secondary,secondary,20.217,>=$5M,6,16.2,97.0,0.804,0.546,0.617,False
515,Pembroke,2025,ALL,All,all,21.571,>=$5M,7,15.1,106.0,0.756,0.573,0.591,False
515,Pembroke,2025,PRIMARY,Primary,primary,,<$5M,<2,,,,,,True
515,Pembroke,2025,SECONDARY,Secondary,secondary,20.367,>=$5M,6,16.5,99.0,0.801,0.531,0.613,False
913,Penticton,2017,ALL,All,all,21.873,>=$5M,14,7.1,99.0,0.47,0.692,0.564,False
913,Penticton,2017,PRIMARY,Primary,primary,,<$5M,<2,,,,,,True
913,Penticton,2017,SECONDARY,Secondary,secondary,21.873,>=$5M,14,7.1,99.0,0.5,0.7,0.588,False
913,Penticton,2018,ALL,All,all,22.797,>=$5M,15,6.9,103.0,0.479,0.713,0.551,False
913,Penticton,2018,PRIMARY,Primary,primary,,<$5M,<2,,,,,,True
913,Penticton,2018,SECONDARY,Secondary,secondary,22.797,>=$5M,15,6.9,103.0,0.509,0.722,0.573,False
913,Penticton,2019,ALL,All,all,24.876,>=$5M,16,7.0,112.0,0.426,0.671,0.467,False
913,Penticton,2019,PRIMARY,Primary,primary,,<$5M,<2,,,,,,True
913,Penticton,2019,SECONDARY,Secondary,secondary,24.876,>=$5M,16,7.0,112.0,0.464,0.681,0.492,False
913,Penticton,2020,ALL,All,all,24.876,>=$5M,16,7.0,112.0,0.347,0.654,0.373,False
913,Penticton,2020,PRIMARY,Primary,primary,,<$5M,<2,,,,,,True
913,Penticton,2020,SECONDARY,Secondary,secondary,24.876,>=$5M,16,7.0,112.0,0.37,0.664,0.387,False
913,Penticton,2021,ALL,All,all,21.264,>=$5M,13,7.4,96.0,0.442,0.608,0.479,False
913,Penticton,2021,PRIMARY,Primary,primary,,<$5M,<2,,,,,,True
913,Penticton,2021,SECONDARY,Secondary,secondary,21.264,>=$5M,13,7.4,96.0,0.481,0.617,0.505,False
913,Penticton,2022,ALL,All,all,28.63,>=$5M,20,6.3,126.0,0.512,0.735,0.527,False
913,Penticton,2022,PRIMARY,Primary,primary,,<$5M,<2,,,,,,True
913,Penticton,2022,SECONDARY,Secondary,secondary,26.695,>=$5M,19,6.4,121.0,0.551,0.753,0.566,False
913,Penticton,2023,ALL,All,all,28.458,>=$5M,20,6.3,126.0,0.571,0.785,0.589,False
913,Penticton,2023,PRIMARY,Primary,primary,,<$5M,<2,,,,,,True
913,Penticton,2023,SECONDARY,Secondary,secondary,26.523,>=$5M,19,6.4,121.0,0.613,0.807,0.637,False
913,Penticton,2024,ALL,All,all,38.903,>=$5M,21,10.0,209.0,0.765,0.795,0.696,False
913,Penticton,2024,PRIMARY,Primary,primary,,<$5M,<2,,,,,,True
913,Penticton,2024,SECONDARY,Secondary,secondary,37.963,>=$5M,20,10.2,204.0,0.838,0.818,0.754,False
913,Penticton,2025,ALL,All,all,39.886,>=$5M,22,9.6,212.0,0.771,0.814,0.678,False
913,Penticton,2025,PRIMARY,Primary,primary,,<$5M,<2,,,,,,True
913,Penticton,2025,SECONDARY,Secondary,secondary,38.946,>=$5M,21,9.9,207.0,0.844,0.839,0.734,False
516,Petawawa,2017,ALL,All,all,,<$5M,<2,,,,,,True
516,Petawawa,2017,PRIMARY,Primary,primary,,<$5M,<2,,,,,,True
516,Petawawa,2017,SECONDARY,Secondary,secondary,,<$5M,<2,,,,,,True
516,Petawawa,2018,ALL,All,all,,<$5M,<2,,,,,,True
516,Petawawa,2018,PRIMARY,Primary,primary,,<$5M,<2,,,,,,True
516,Petawawa,2018,SECONDARY,Secondary,secondary,,<$5M,<2,,,,,,True
516,Petawawa,2019,ALL,All,all,2.519,<$5M,2,4.5,9.0,0.406,0.571,0.3,False
516,Petawawa,2019,PRIMARY,Primary,primary,,<$5M,<2,,,,,,True
516,Petawawa,2019,SECONDARY,Secondary,secondary,,<$5M,<2,,,,,,True
516,Petawawa,2020,ALL,All,all,,<$5M,<2,,,,,,True
516,Petawawa,2020,PRIMARY,Primary,primary,,<$5M,<2,,,,,,True
516,Petawawa,2020,SECONDARY,Secondary,secondary,,<$5M,<2,,,,,,True
516,Petawawa,2021,ALL,All,all,,<$5M,<2,,,,,,True
516,Petawawa,2021,PRIMARY,Primary,primary,,<$5M,<2,,,,,,True
516,Petawawa,2021,SECONDARY,Secondary,secondary,,<$5M,<2,,,,,,True
516,Petawawa,2022,ALL,All,all,,<$5M,<2,,,,,,True
516,Petawawa,2022,PRIMARY,Primary,primary,,<$5M,<2,,,,,,True
516,Petawawa,2022,SECONDARY,Secondary,secondary,,<$5M,<2,,,,,,True
516,Petawawa,2023,ALL,All,all,,<$5M,<2,,,,,,True
516,Petawawa,2023,PRIMARY,Primary,primary,,<$5M,<2,,,,,,True
516,Petawawa,2023,SECONDARY,Secondary,secondary,,<$5M,<2,,,,,,True
516,Petawawa,2024,ALL,All,all,,<$5M,<2,,,,,,True
516,Petawawa,2024,PRIMARY,Primary,primary,,<$5M,<2,,,,,,True
516,Petawawa,2024,SECONDARY,Secondary,secondary,,<$5M,<2,,,,,,True
516,Petawawa,2025,ALL,All,all,,<$5M,<2,,,,,,True
516,Petawawa,2025,PRIMARY,Primary,primary,,<$5M,<2,,,,,,True
516,Petawawa,2025,SECONDARY,Secondary,secondary,,<$5M,<2,,,,,,True
529,Peterborough,2017,ALL,All,all,55.236,>=$5M,41,6.3,258.0,0.411,0.726,0.499,False
529,Peterborough,2017,PRIMARY,Primary,primary,,<$5M,<2,,,,,,True
529,Peterborough,2017,SECONDARY,Secondary,secondary,55.236,>=$5M,41,6.3,258.0,0.438,0.734,0.521,False
529,Peterborough,2018,ALL,All,all,56.16,>=$5M,41,6.4,262.0,0.373,0.71,0.47,False
529,Peterborough,2018,PRIMARY,Primary,primary,,<$5M,<2,,,,,,True
529,Peterborough,2018,SECONDARY,Secondary,secondary,56.16,>=$5M,41,6.4,262.0,0.396,0.719,0.489,False
529,Peterborough,2019,ALL,All,all,62.763,>=$5M,47,6.2,291.0,0.343,0.712,0.419,False
529,Peterborough,2019,PRIMARY,Primary,primary,,<$5M,<2,,,,,,True
529,Peterborough,2019,SECONDARY,Secondary,secondary,62.763,>=$5M,47,6.2,291.0,0.374,0.722,0.441,False
529,Peterborough,2020,ALL,All,all,64.383,>=$5M,46,6.5,297.0,0.286,0.69,0.345,False
529,Peterborough,2020,PRIMARY,Primary,primary,,<$5M,<2,,,,,,True
529,Peterborough,2020,SECONDARY,Secondary,secondary,64.383,>=$5M,46,6.5,297.0,0.305,0.7,0.359,False
529,Peterborough,2021,ALL,All,all,64.383,>=$5M,46,6.5,297.0,0.373,0.695,0.467,False
529,Peterborough,2021,PRIMARY,Primary,primary,,<$5M,<2,,,,,,True
529,Peterborough,2021,SECONDARY,Secondary,secondary,64.383,>=$5M,46,6.5,297.0,0.406,0.705,0.491,False
529,Peterborough,2022,ALL,All,all,73.021,>=$5M,53,5.8,307.0,0.391,0.672,0.452,False
529,Peterborough,2022,PRIMARY,Primary,primary,,<$5M,<2,,,,,,True
529,Peterborough,2022,SECONDARY,Secondary,secondary,71.86,>=$5M,52,5.8,304.0,0.443,0.711,0.5,False
529,Peterborough,2023,ALL,All,all,69.962,>=$5M,52,6.1,315.0,0.403,0.674,0.473,False
529,Peterborough,2023,PRIMARY,Primary,primary,2.611,<$5M,2,6.5,13.0,0.114,0.343,0.173,False
529,Peterborough,2023,SECONDARY,Secondary,secondary,67.351,>=$5M,50,6.0,302.0,0.446,0.701,0.51,False
529,Peterborough,2024,ALL,All,all,102.588,>=$5M,56,9.5,530.0,0.555,0.709,0.561,False
529,Peterborough,2024,PRIMARY,Primary,primary,2.284,<$5M,2,6.5,13.0,0.113,0.339,0.138,False
529,Peterborough,2024,SECONDARY,Secondary,secondary,100.304,>=$5M,54,9.6,517.0,0.609,0.739,0.608,False
529,Peterborough,2025,ALL,All,all,104.356,>=$5M,58,9.7,561.0,0.545,0.718,0.571,False
529,Peterborough,2025,PRIMARY,Primary,primary,2.284,<$5M,2,6.5,13.0,0.11,0.332,0.133,False
529,Peterborough,2025,SECONDARY,Secondary,secondary,102.072,>=$5M,56,9.8,548.0,0.598,0.749,0.619,False
940,Port Alberni,2017,ALL,All,all,6.448,>=$5M,5,4.4,22.0,0.372,0.549,0.285,False
940,Port Alberni,2017,PRIMARY,Primary,primary,,<$5M,<2,,,,,,True
940,Port Alberni,2017,SECONDARY,Secondary,secondary,6.448,>=$5M,5,4.4,22.0,0.396,0.556,0.297,False
940,Port Alberni,2018,ALL,All,all,6.448,>=$5M,5,4.4,22.0,0.362,0.532,0.272,False
940,Port Alberni,2018,PRIMARY,Primary,primary,,<$5M,<2,,,,,,True
940,Port Alberni,2018,SECONDARY,Secondary,secondary,6.448,>=$5M,5,4.4,22.0,0.385,0.538,0.283,False
940,Port Alberni,2019,ALL,All,all,6.448,>=$5M,5,4.4,22.0,0.253,0.462,0.207,False
940,Port Alberni,2019,PRIMARY,Primary,primary,,<$5M,<2,,,,,,True
940,Port Alberni,2019,SECONDARY,Secondary,secondary,6.448,>=$5M,5,4.4,22.0,0.276,0.469,0.218,False
940,Port Alberni,2020,ALL,All,all,6.448,>=$5M,5,4.4,22.0,0.241,0.462,0.174,False
940,Port Alberni,2020,PRIMARY,Primary,primary,,<$5M,<2,,,,,,True
940,Port Alberni,2020,SECONDARY,Secondary,secondary,6.448,>=$5M,5,4.4,22.0,0.257,0.468,0.181,False
940,Port Alberni,2021,ALL,All,all,2.982,<$5M,3,4.7,14.0,0.155,0.3,0.157,False
940,Port Alberni,2021,PRIMARY,Primary,primary,,<$5M,<2,,,,,,True
940,Port Alberni,2021,SECONDARY,Secondary,secondary,2.982,<$5M,3,4.7,14.0,0.169,0.305,0.165,False
940,Port Alberni,2022,ALL,All,all,13.654,>=$5M,6,6.3,38.0,0.603,0.494,0.358,False
940,Port Alberni,2022,PRIMARY,Primary,primary,,<$5M,<2,,,,,,True
940,Port Alberni,2022,SECONDARY,Secondary,secondary,8.726,>=$5M,5,4.4,22.0,0.444,0.444,0.232,False
940,Port Alberni,2023,ALL,All,all,13.509,>=$5M,6,6.3,38.0,0.663,0.523,0.389,False
940,Port Alberni,2023,PRIMARY,Primary,primary,,<$5M,<2,,,,,,True
940,Port Alberni,2023,SECONDARY,Secondary,secondary,8.581,>=$5M,5,4.4,22.0,0.485,0.471,0.254,False
940,Port Alberni,2024,ALL,All,all,32.068,>=$5M,8,13.9,111.0,1.825,0.683,0.825,False
940,Port Alberni,2024,PRIMARY,Primary,primary,21.549,>=$5M,2,27.5,55.0,11.257,2.284,4.092,False
940,Port Alberni,2024,SECONDARY,Secondary,secondary,10.519,>=$5M,6,9.3,56.0,0.672,0.553,0.462,False
940,Port Alberni,2025,ALL,All,all,32.068,>=$5M,8,13.9,111.0,1.692,0.663,0.787,False
940,Port Alberni,2025,PRIMARY,Primary,primary,21.549,>=$5M,2,27.5,55.0,10.501,2.223,3.928,False
940,Port Alberni,2025,SECONDARY,Secondary,secondary,10.519,>=$5M,6,9.3,56.0,0.623,0.537,0.441,False
528,Port Hope,2017,ALL,All,all,1.281,<$5M,3,2.3,7.0,0.096,0.559,0.142,False
528,Port Hope,2017,PRIMARY,Primary,primary,,<$5M,<2,,,,,,True
528,Port Hope,2017,SECONDARY,Secondary,secondary,1.281,<$5M,3,2.3,7.0,0.102,0.565,0.148,False
528,Port Hope,2018,ALL,All,all,1.281,<$5M,3,2.3,7.0,0.089,0.542,0.132,False
528,Port Hope,2018,PRIMARY,Primary,primary,,<$5M,<2,,,,,,True
528,Port Hope,2018,SECONDARY,Secondary,secondary,1.281,<$5M,3,2.3,7.0,0.095,0.548,0.137,False
528,Port Hope,2019,ALL,All,all,2.667,<$5M,4,3.2,13.0,0.14,0.611,0.172,False
528,Port Hope,2019,PRIMARY,Primary,primary,,<$5M,<2,,,,,,True
528,Port Hope,2019,SECONDARY,Secondary,secondary,2.667,<$5M,4,3.2,13.0,0.152,0.62,0.181,False
528,Port Hope,2020,ALL,All,all,2.667,<$5M,4,3.2,13.0,0.118,0.608,0.137,False
528,Port Hope,2020,PRIMARY,Primary,primary,,<$5M,<2,,,,,,True
528,Port Hope,2020,SECONDARY,Secondary,secondary,2.667,<$5M,4,3.2,13.0,0.126,0.617,0.143,False
528,Port Hope,2021,ALL,All,all,2.667,<$5M,4,3.2,13.0,0.13,0.612,0.178,False
528,Port Hope,2021,PRIMARY,Primary,primary,,<$5M,<2,,,,,,True
528,Port Hope,2021,SECONDARY,Secondary,secondary,2.667,<$5M,4,3.2,13.0,0.141,0.621,0.187,False
528,Port Hope,2022,ALL,All,all,4.873,<$5M,6,2.2,13.0,0.28,0.835,0.172,False
528,Port Hope,2022,PRIMARY,Primary,primary,,<$5M,<2,,,,,,True
528,Port Hope,2022,SECONDARY,Secondary,secondary,4.873,<$5M,6,2.2,13.0,0.322,0.901,0.192,False
528,Port Hope,2023,ALL,All,all,4.837,<$5M,6,2.2,13.0,0.312,0.879,0.196,False
528,Port Hope,2023,PRIMARY,Primary,primary,,<$5M,<2,,,,,,True
528,Port Hope,2023,SECONDARY,Secondary,secondary,4.837,<$5M,6,2.2,13.0,0.36,0.951,0.22,False
528,Port Hope,2024,ALL,All,all,9.134,>=$5M,5,10.0,50.0,0.547,0.712,0.573,False
528,Port Hope,2024,PRIMARY,Primary,primary,,<$5M,<2,,,,,,True
528,Port Hope,2024,SECONDARY,Secondary,secondary,9.134,>=$5M,5,10.0,50.0,0.614,0.77,0.637,False
528,Port Hope,2025,ALL,All,all,9.134,>=$5M,5,10.0,50.0,0.218,0.687,0.483,False
528,Port Hope,2025,PRIMARY,Primary,primary,,<$5M,<2,,,,,,True
528,Port Hope,2025,SECONDARY,Secondary,secondary,9.134,>=$5M,5,10.0,50.0,0.245,0.743,0.536,False
607,Portage la Prairie,2017,ALL,All,all,10.916,>=$5M,5,9.6,48.0,0.654,0.938,0.689,False
607,Portage la Prairie,2017,PRIMARY,Primary,primary,,<$5M,<2,,,,,,True
607,Portage la Prairie,2017,SECONDARY,Secondary,secondary,10.916,>=$5M,5,9.6,48.0,0.696,0.949,0.719,False
607,Portage la Prairie,2018,ALL,All,all,10.916,>=$5M,5,9.6,48.0,0.643,0.917,0.658,False
607,Portage la Prairie,2018,PRIMARY,Primary,primary,,<$5M,<2,,,,,,True
607,Portage la Prairie,2018,SECONDARY,Secondary,secondary,10.916,>=$5M,5,9.6,48.0,0.684,0.928,0.685,False
607,Portage la Prairie,2019,ALL,All,all,10.916,>=$5M,5,9.6,48.0,0.56,0.858,0.551,False
607,Portage la Prairie,2019,PRIMARY,Primary,primary,,<$5M,<2,,,,,,True
607,Portage la Prairie,2019,SECONDARY,Secondary,secondary,10.916,>=$5M,5,9.6,48.0,0.61,0.87,0.581,False
607,Portage la Prairie,2020,ALL,All,all,10.916,>=$5M,5,9.6,48.0,0.484,0.867,0.463,False
607,Portage la Prairie,2020,PRIMARY,Primary,primary,,<$5M,<2,,,,,,True
607,Portage la Prairie,2020,SECONDARY,Secondary,secondary,10.916,>=$5M,5,9.6,48.0,0.516,0.88,0.481,False
607,Portage la Prairie,2021,ALL,All,all,10.916,>=$5M,5,9.6,48.0,0.611,0.892,0.618,False
607,Portage la Prairie,2021,PRIMARY,Primary,primary,,<$5M,<2,,,,,,True
607,Portage la Prairie,2021,SECONDARY,Secondary,secondary,10.916,>=$5M,5,9.6,48.0,0.664,0.905,0.651,False
607,Portage la Prairie,2022,ALL,All,all,10.916,>=$5M,5,9.6,48.0,0.615,0.818,0.575,False
607,Portage la Prairie,2022,PRIMARY,Primary,primary,,<$5M,<2,,,,,,True
607,Portage la Prairie,2022,SECONDARY,Secondary,secondary,8.628,>=$5M,4,10.0,40.0,0.561,0.706,0.536,False
607,Portage la Prairie,2023,ALL,All,all,9.695,>=$5M,5,9.6,48.0,0.593,0.885,0.639,False
607,Portage la Prairie,2023,PRIMARY,Primary,primary,,<$5M,<2,,,,,,True
607,Portage la Prairie,2023,SECONDARY,Secondary,secondary,7.407,>=$5M,4,10.0,40.0,0.522,0.766,0.6,False
607,Portage la Prairie,2024,ALL,All,all,8.609,>=$5M,5,9.6,48.0,0.466,0.868,0.481,False
607,Portage la Prairie,2024,PRIMARY,Primary,primary,,<$5M,<2,,,,,,True
607,Portage la Prairie,2024,SECONDARY,Secondary,secondary,6.829,>=$5M,4,10.0,40.0,0.415,0.751,0.445,False
607,Portage la Prairie,2025,ALL,All,all,8.609,>=$5M,5,9.6,48.0,0.461,0.844,0.47,False
607,Portage la Prairie,2025,PRIMARY,Primary,primary,,<$5M,<2,,,,,,True
607,Portage la Prairie,2025,SECONDARY,Secondary,secondary,6.829,>=$5M,4,10.0,40.0,0.41,0.73,0.435,False
945,Powell River,2017,ALL,All,all,5.661,>=$5M,5,5.6,28.0,0.317,0.61,0.409,False
945,Powell River,2017,PRIMARY,Primary,primary,,<$5M,<2,,,,,,True
945,Powell River,2017,SECONDARY,Secondary,secondary,5.661,>=$5M,5,5.6,28.0,0.338,0.618,0.427,False
945,Powell River,2018,ALL,All,all,7.278,>=$5M,6,5.8,35.0,0.392,0.704,0.486,False
945,Powell River,2018,PRIMARY,Primary,primary,,<$5M,<2,,,,,,True
945,Powell River,2018,SECONDARY,Secondary,secondary,7.278,>=$5M,6,5.8,35.0,0.416,0.713,0.506,False
945,Powell River,2019,ALL,All,all,7.278,>=$5M,6,5.8,35.0,0.285,0.665,0.384,False
945,Powell River,2019,PRIMARY,Primary,primary,,<$5M,<2,,,,,,True
945,Powell River,2019,SECONDARY,Secondary,secondary,7.278,>=$5M,6,5.8,35.0,0.31,0.674,0.405,False
945,Powell River,2020,ALL,All,all,7.278,>=$5M,6,5.8,35.0,0.286,0.64,0.33,False
945,Powell River,2020,PRIMARY,Primary,primary,,<$5M,<2,,,,,,True
945,Powell River,2020,SECONDARY,Secondary,secondary,7.278,>=$5M,6,5.8,35.0,0.305,0.649,0.343,False
945,Powell River,2021,ALL,All,all,7.278,>=$5M,6,5.8,35.0,0.359,0.642,0.42,False
945,Powell River,2021,PRIMARY,Primary,primary,,<$5M,<2,,,,,,True
945,Powell River,2021,SECONDARY,Secondary,secondary,7.278,>=$5M,6,5.8,35.0,0.39,0.651,0.442,False
945,Powell River,2022,ALL,All,all,13.438,>=$5M,7,7.9,55.0,0.643,0.684,0.632,False
945,Powell River,2022,PRIMARY,Primary,primary,,>=$5M,<2,,,,,,True
945,Powell River,2022,SECONDARY,Secondary,secondary,7.278,>=$5M,6,5.8,35.0,0.401,0.632,0.449,False
945,Powell River,2023,ALL,All,all,13.438,>=$5M,7,7.9,55.0,0.744,0.735,0.691,False
945,Powell River,2023,PRIMARY,Primary,primary,,>=$5M,<2,,,,,,True
945,Powell River,2023,SECONDARY,Secondary,secondary,7.278,>=$5M,6,5.8,35.0,0.464,0.681,0.496,False
945,Powell River,2024,ALL,All,all,41.278,>=$5M,10,12.2,122.0,2.248,1.036,1.074,False
945,Powell River,2024,PRIMARY,Primary,primary,,<$5M,<2,,,,,,True
945,Powell River,2024,SECONDARY,Secondary,secondary,38.698,>=$5M,9,11.9,107.0,2.365,1.008,1.047,False
945,Powell River,2025,ALL,All,all,38.744,>=$5M,10,12.2,122.0,1.948,1.008,1.036,False
945,Powell River,2025,PRIMARY,Primary,primary,,<$5M,<2,,,,,,True
945,Powell River,2025,SECONDARY,Secondary,secondary,36.164,>=$5M,9,11.9,107.0,2.04,0.981,1.009,False
745,Prince Albert,2017,ALL,All,all,23.21,>=$5M,11,9.3,102.0,0.728,0.703,0.624,False
745,Prince Albert,2017,PRIMARY,Primary,primary,,<$5M,<2,,,,,,True
745,Prince Albert,2017,SECONDARY,Secondary,secondary,23.21,>=$5M,11,9.3,102.0,0.775,0.711,0.651,False
745,Prince Albert,2018,ALL,All,all,25.058,>=$5M,12,9.2,110.0,0.732,0.729,0.642,False
745,Prince Albert,2018,PRIMARY,Primary,primary,,<$5M,<2,,,,,,True
745,Prince Albert,2018,SECONDARY,Secondary,secondary,25.058,>=$5M,12,9.2,110.0,0.778,0.738,0.669,False
745,Prince Albert,2019,ALL,All,all,32.219,>=$5M,14,10.1,141.0,0.708,0.759,0.632,False
745,Prince Albert,2019,PRIMARY,Primary,primary,,<$5M,<2,,,,,,True
745,Prince Albert,2019,SECONDARY,Secondary,secondary,32.219,>=$5M,14,10.1,141.0,0.772,0.77,0.666,False
745,Prince Albert,2020,ALL,All,all,32.219,>=$5M,14,10.1,141.0,0.628,0.746,0.524,False
745,Prince Albert,2020,PRIMARY,Primary,primary,,<$5M,<2,,,,,,True
745,Prince Albert,2020,SECONDARY,Secondary,secondary,32.219,>=$5M,14,10.1,141.0,0.67,0.757,0.545,False
745,Prince Albert,2021,ALL,All,all,30.371,>=$5M,13,10.2,133.0,0.74,0.702,0.65,False
745,Prince Albert,2021,PRIMARY,Primary,primary,,<$5M,<2,,,,,,True
745,Prince Albert,2021,SECONDARY,Secondary,secondary,30.371,>=$5M,13,10.2,133.0,0.804,0.713,0.684,False
745,Prince Albert,2022,ALL,All,all,32.606,>=$5M,15,9.2,138.0,0.756,0.741,0.623,False
745,Prince Albert,2022,PRIMARY,Primary,primary,,<$5M,<2,,,,,,True
745,Prince Albert,2022,SECONDARY,Secondary,secondary,32.219,>=$5M,14,9.8,137.0,0.861,0.746,0.691,False
745,Prince Albert,2023,ALL,All,all,24.784,>=$5M,13,8.4,109.0,0.608,0.698,0.542,False
745,Prince Albert,2023,PRIMARY,Primary,primary,,<$5M,<2,,,,,,True
745,Prince Albert,2023,SECONDARY,Secondary,secondary,24.596,>=$5M,12,9.0,108.0,0.695,0.697,0.605,False
745,Prince Albert,2024,ALL,All,all,28.078,>=$5M,11,13.6,150.0,0.759,0.564,0.552,False
745,Prince Albert,2024,PRIMARY,Primary,primary,,<$5M,<2,,,,,,True
745,Prince Albert,2024,SECONDARY,Secondary,secondary,27.89,>=$5M,10,14.9,149.0,0.846,0.554,0.609,False
745,Prince Albert,2025,ALL,All,all,28.272,>=$5M,11,13.8,152.0,0.752,0.554,0.55,False
745,Prince Albert,2025,PRIMARY,Primary,primary,,<$5M,<2,,,,,,True
745,Prince Albert,2025,SECONDARY,Secondary,secondary,28.084,>=$5M,10,15.1,151.0,0.838,0.544,0.607,False
970,Prince George,2017,ALL,All,all,104.208,>=$5M,52,9.0,467.0,0.881,1.535,1.227,False
970,Prince George,2017,PRIMARY,Primary,primary,,<$5M,<2,,,,,,True
970,Prince George,2017,SECONDARY,Secondary,secondary,104.208,>=$5M,52,9.0,467.0,0.938,1.553,1.279,False
970,Prince George,2018,ALL,All,all,130.263,>=$5M,58,10.0,580.0,1.045,1.641,1.434,False
970,Prince George,2018,PRIMARY,Primary,primary,,<$5M,<2,,,,,,True
970,Prince George,2018,SECONDARY,Secondary,secondary,130.263,>=$5M,58,10.0,580.0,1.111,1.661,1.494,False
970,Prince George,2019,ALL,All,all,133.77,>=$5M,59,10.1,597.0,0.848,1.521,1.203,False
970,Prince George,2019,PRIMARY,Primary,primary,,<$5M,<2,,,,,,True
970,Prince George,2019,SECONDARY,Secondary,secondary,133.77,>=$5M,59,10.1,597.0,0.924,1.542,1.267,False
970,Prince George,2020,ALL,All,all,114.912,>=$5M,58,8.9,519.0,0.603,1.487,0.849,False
970,Prince George,2020,PRIMARY,Primary,primary,,<$5M,<2,,,,,,True
970,Prince George,2020,SECONDARY,Secondary,secondary,114.912,>=$5M,58,8.9,519.0,0.643,1.508,0.882,False
970,Prince George,2021,ALL,All,all,107.982,>=$5M,56,8.7,489.0,0.702,1.447,1.04,False
970,Prince George,2021,PRIMARY,Primary,primary,,<$5M,<2,,,,,,True
970,Prince George,2021,SECONDARY,Secondary,secondary,107.982,>=$5M,56,8.7,489.0,0.763,1.468,1.094,False
970,Prince George,2022,ALL,All,all,97.483,>=$5M,60,7.2,431.0,0.612,1.378,0.855,False
970,Prince George,2022,PRIMARY,Primary,primary,4.867,<$5M,4,3.2,13.0,0.23,1.262,0.245,False
970,Prince George,2022,SECONDARY,Secondary,secondary,92.616,>=$5M,56,7.5,418.0,0.67,1.387,0.926,False
970,Prince George,2023,ALL,All,all,94.289,>=$5M,61,7.1,432.0,0.724,1.489,0.948,False
970,Prince George,2023,PRIMARY,Primary,primary,3.677,<$5M,4,3.2,13.0,0.214,1.294,0.254,False
970,Prince George,2023,SECONDARY,Secondary,secondary,90.612,>=$5M,57,7.4,419.0,0.802,1.505,1.036,False
970,Prince George,2024,ALL,All,all,90.29,>=$5M,64,7.7,490.0,0.732,1.459,0.798,False
970,Prince George,2024,PRIMARY,Primary,primary,1.47,<$5M,3,2.7,8.0,0.109,0.915,0.13,False
970,Prince George,2024,SECONDARY,Secondary,secondary,88.82,>=$5M,61,7.9,482.0,0.808,1.502,0.873,False
970,Prince George,2025,ALL,All,all,92.294,>=$5M,65,7.7,501.0,0.728,1.434,0.784,False
970,Prince George,2025,PRIMARY,Primary,primary,1.47,<$5M,3,2.7,8.0,0.107,0.888,0.126,False
970,Prince George,2025,SECONDARY,Secondary,secondary,90.824,>=$5M,62,8.0,493.0,0.803,1.478,0.857,False
955,Prince Rupert,2017,ALL,All,all,11.07,>=$5M,9,5.4,49.0,0.854,1.411,0.796,False
955,Prince Rupert,2017,PRIMARY,Primary,primary,,<$5M,<2,,,,,,True
955,Prince Rupert,2017,SECONDARY,Secondary,secondary,11.07,>=$5M,9,5.4,49.0,0.909,1.428,0.831,False
955,Prince Rupert,2018,ALL,All,all,11.07,>=$5M,9,5.4,49.0,0.79,1.353,0.749,False
955,Prince Rupert,2018,PRIMARY,Primary,primary,,<$5M,<2,,,,,,True
955,Prince Rupert,2018,SECONDARY,Secondary,secondary,11.07,>=$5M,9,5.4,49.0,0.84,1.369,0.78,False
955,Prince Rupert,2019,ALL,All,all,11.994,>=$5M,11,4.8,53.0,0.727,1.472,0.656,False
955,Prince Rupert,2019,PRIMARY,Primary,primary,,<$5M,<2,,,,,,True
955,Prince Rupert,2019,SECONDARY,Secondary,secondary,11.994,>=$5M,11,4.8,53.0,0.792,1.493,0.691,False
955,Prince Rupert,2020,ALL,All,all,8.202,>=$5M,9,4.0,36.0,0.427,1.231,0.368,False
955,Prince Rupert,2020,PRIMARY,Primary,primary,,<$5M,<2,,,,,,True
955,Prince Rupert,2020,SECONDARY,Secondary,secondary,8.202,>=$5M,9,4.0,36.0,0.456,1.248,0.383,False
955,Prince Rupert,2021,ALL,All,all,7.554,>=$5M,10,3.3,33.0,0.497,1.381,0.44,False
955,Prince Rupert,2021,PRIMARY,Primary,primary,,<$5M,<2,,,,,,True
955,Prince Rupert,2021,SECONDARY,Secondary,secondary,7.554,>=$5M,10,3.3,33.0,0.54,1.401,0.463,False
955,Prince Rupert,2022,ALL,All,all,10.942,>=$5M,11,4.0,44.0,0.697,1.384,0.557,False
955,Prince Rupert,2022,PRIMARY,Primary,primary,,<$5M,<2,,,,,,True
955,Prince Rupert,2022,SECONDARY,Secondary,secondary,7.554,>=$5M,10,3.3,33.0,0.554,1.357,0.467,False
955,Prince Rupert,2023,ALL,All,all,12.587,>=$5M,10,5.5,55.0,0.918,1.355,0.752,False
955,Prince Rupert,2023,PRIMARY,Primary,primary,,<$5M,<2,,,,,,True
955,Prince Rupert,2023,SECONDARY,Secondary,secondary,10.695,>=$5M,9,4.9,44.0,0.899,1.319,0.678,False
955,Prince Rupert,2024,ALL,All,all,21.687,>=$5M,9,11.6,104.0,1.613,1.208,0.995,False
955,Prince Rupert,2024,PRIMARY,Primary,primary,,<$5M,<2,,,,,,True
955,Prince Rupert,2024,SECONDARY,Secondary,secondary,19.795,>=$5M,8,11.6,93.0,1.652,1.161,0.989,False
955,Prince Rupert,2025,ALL,All,all,23.441,>=$5M,9,12.6,113.0,1.657,1.183,1.034,False
955,Prince Rupert,2025,PRIMARY,Primary,primary,,<$5M,<2,,,,,,True
955,Prince Rupert,2025,SECONDARY,Secondary,secondary,21.549,>=$5M,8,12.8,102.0,1.708,1.136,1.036,False
952,Quesnel,2017,ALL,All,all,2.31,<$5M,3,4.7,14.0,0.133,0.383,0.199,False
952,Quesnel,2017,PRIMARY,Primary,primary,,<$5M,<2,,,,,,True
952,Quesnel,2017,SECONDARY,Secondary,secondary,2.31,<$5M,3,4.7,14.0,0.141,0.388,0.207,False
952,Quesnel,2018,ALL,All,all,2.31,<$5M,3,4.7,14.0,0.122,0.371,0.19,False
952,Quesnel,2018,PRIMARY,Primary,primary,,<$5M,<2,,,,,,True
952,Quesnel,2018,SECONDARY,Secondary,secondary,2.31,<$5M,3,4.7,14.0,0.13,0.375,0.198,False
952,Quesnel,2019,ALL,All,all,2.31,<$5M,3,4.7,14.0,0.095,0.338,0.144,False
952,Quesnel,2019,PRIMARY,Primary,primary,,<$5M,<2,,,,,,True
952,Quesnel,2019,SECONDARY,Secondary,secondary,2.31,<$5M,3,4.7,14.0,0.103,0.343,0.151,False
952,Quesnel,2020,ALL,All,all,2.31,<$5M,3,4.7,14.0,0.079,0.334,0.118,False
952,Quesnel,2020,PRIMARY,Primary,primary,,<$5M,<2,,,,,,True
952,Quesnel,2020,SECONDARY,Secondary,secondary,2.31,<$5M,3,4.7,14.0,0.085,0.338,0.123,False
952,Quesnel,2021,ALL,All,all,2.31,<$5M,3,4.7,14.0,0.1,0.332,0.154,False
952,Quesnel,2021,PRIMARY,Primary,primary,,<$5M,<2,,,,,,True
952,Quesnel,2021,SECONDARY,Secondary,secondary,2.31,<$5M,3,4.7,14.0,0.108,0.337,0.163,False
952,Quesnel,2022,ALL,All,all,3.542,<$5M,4,4.5,18.0,0.15,0.397,0.187,False
952,Quesnel,2022,PRIMARY,Primary,primary,,<$5M,<2,,,,,,True
952,Quesnel,2022,SECONDARY,Secondary,secondary,2.31,<$5M,3,4.7,14.0,0.113,0.321,0.162,False
952,Quesnel,2023,ALL,All,all,3.542,<$5M,4,4.5,18.0,0.169,0.426,0.209,False
952,Quesnel,2023,PRIMARY,Primary,primary,,<$5M,<2,,,,,,True
952,Quesnel,2023,SECONDARY,Secondary,secondary,2.31,<$5M,3,4.7,14.0,0.127,0.346,0.183,False
952,Quesnel,2024,ALL,All,all,5.272,>=$5M,4,7.8,31.0,0.229,0.412,0.252,False
952,Quesnel,2024,PRIMARY,Primary,primary,,<$5M,<2,,,,,,True
952,Quesnel,2024,SECONDARY,Secondary,secondary,5.272,>=$5M,4,7.8,31.0,0.257,0.446,0.28,False
952,Quesnel,2025,ALL,All,all,5.272,>=$5M,4,7.8,31.0,0.224,0.403,0.25,False
952,Quesnel,2025,PRIMARY,Primary,primary,,<$5M,<2,,,,,,True
952,Quesnel,2025,SECONDARY,Secondary,secondary,5.272,>=$5M,4,7.8,31.0,0.252,0.436,0.277,False
421,Québec,2017,ALL,All,all,1486.499,>=$5M,274,16.0,4395.0,1.908,1.14,1.493,False
421,Québec,2017,PRIMARY,Primary,primary,,<$5M,<2,,,,,,True
421,Québec,2017,SECONDARY,Secondary,secondary,1483.915,>=$5M,273,16.1,4387.0,2.028,1.15,1.554,False
421,Québec,2018,ALL,All,all,1496.27,>=$5M,280,15.9,4452.0,1.73,1.144,1.43,False
421,Québec,2018,PRIMARY,Primary,primary,,<$5M,<2,,,,,,True
421,Québec,2018,SECONDARY,Secondary,secondary,1493.686,>=$5M,279,15.9,4444.0,1.836,1.154,1.487,False
421,Québec,2019,ALL,All,all,1739.512,>=$5M,302,18.3,5516.0,1.602,1.109,1.397,False
421,Québec,2019,PRIMARY,Primary,primary,7.895,>=$5M,3,8.3,25.0,0.088,0.786,0.124,False
421,Québec,2019,SECONDARY,Secondary,secondary,1731.617,>=$5M,299,18.4,5491.0,1.738,1.114,1.465,False
421,Québec,2020,ALL,All,all,1687.238,>=$5M,307,17.4,5357.0,1.359,1.132,1.134,False
421,Québec,2020,PRIMARY,Primary,primary,7.895,>=$5M,3,8.3,25.0,0.102,0.791,0.14,False
421,Québec,2020,SECONDARY,Secondary,secondary,1679.343,>=$5M,304,17.5,5332.0,1.443,1.137,1.173,False
421,Québec,2021,ALL,All,all,1703.72,>=$5M,306,17.9,5471.0,1.681,1.14,1.524,False
421,Québec,2021,PRIMARY,Primary,primary,7.895,>=$5M,3,8.3,25.0,0.097,0.768,0.14,False
421,Québec,2021,SECONDARY,Secondary,secondary,1695.825,>=$5M,303,18.0,5446.0,1.819,1.146,1.597,False
421,Québec,2022,ALL,All,all,2076.085,>=$5M,366,17.1,6272.0,1.942,1.151,1.628,False
421,Québec,2022,PRIMARY,Primary,primary,110.035,>=$5M,28,12.5,349.0,0.776,1.21,0.86,False
421,Québec,2022,SECONDARY,Secondary,secondary,1966.05,>=$5M,338,17.5,5923.0,2.12,1.146,1.719,False
421,Québec,2023,ALL,All,all,1804.751,>=$5M,354,16.8,5938.0,1.929,1.156,1.651,False
421,Québec,2023,PRIMARY,Primary,primary,110.125,>=$5M,27,14.0,377.0,0.892,1.168,0.932,False
421,Québec,2023,SECONDARY,Secondary,secondary,1694.626,>=$5M,327,17.0,5561.0,2.087,1.155,1.742,False
421,Québec,2024,ALL,All,all,2102.901,>=$5M,381,21.9,8352.0,2.074,1.236,1.51,False
421,Québec,2024,PRIMARY,Primary,primary,71.087,>=$5M,28,14.7,411.0,0.643,1.216,0.744,False
421,Québec,2024,SECONDARY,Secondary,secondary,2031.814,>=$5M,353,22.5,7941.0,2.249,1.238,1.595,False
421,Québec,2025,ALL,All,all,2072.593,>=$5M,383,22.0,8442.0,2.044,1.203,1.523,False
421,Québec,2025,PRIMARY,Primary,primary,71.259,>=$5M,28,14.7,412.0,0.649,1.18,0.748,False
421,Québec,2025,SECONDARY,Secondary,secondary,2001.334,>=$5M,355,22.6,8030.0,2.213,1.205,1.608,False
830,Red Deer,2017,ALL,All,all,125.65,>=$5M,47,8.8,412.0,0.934,1.103,0.94,False
830,Red Deer,2017,PRIMARY,Primary,primary,,<$5M,<2,,,,,,True
830,Red Deer,2017,SECONDARY,Secondary,secondary,123.835,>=$5M,46,8.9,409.0,0.981,1.092,0.973,False
830,Red Deer,2018,ALL,All,all,132.349,>=$5M,50,8.8,441.0,0.957,1.121,0.934,False
830,Red Deer,2018,PRIMARY,Primary,primary,,<$5M,<2,,,,,,True
830,Red Deer,2018,SECONDARY,Secondary,secondary,130.534,>=$5M,49,8.9,438.0,1.004,1.112,0.966,False
830,Red Deer,2019,ALL,All,all,151.405,>=$5M,57,8.6,489.0,0.908,1.168,0.84,False
830,Red Deer,2019,PRIMARY,Primary,primary,,<$5M,<2,,,,,,True
830,Red Deer,2019,SECONDARY,Secondary,secondary,149.59,>=$5M,56,8.7,486.0,0.977,1.164,0.879,False
830,Red Deer,2020,ALL,All,all,151.405,>=$5M,57,8.6,489.0,0.771,1.161,0.69,False
830,Red Deer,2020,PRIMARY,Primary,primary,,<$5M,<2,,,,,,True
830,Red Deer,2020,SECONDARY,Secondary,secondary,149.59,>=$5M,56,8.7,486.0,0.812,1.157,0.713,False
830,Red Deer,2021,ALL,All,all,145.735,>=$5M,57,8.1,461.0,0.947,1.177,0.877,False
830,Red Deer,2021,PRIMARY,Primary,primary,,<$5M,<2,,,,,,True
830,Red Deer,2021,SECONDARY,Secondary,secondary,143.92,>=$5M,56,8.2,458.0,1.016,1.173,0.917,False
830,Red Deer,2022,ALL,All,all,150.875,>=$5M,60,7.9,476.0,0.968,1.116,0.876,False
830,Red Deer,2022,PRIMARY,Primary,primary,6.955,>=$5M,4,4.5,18.0,0.337,1.023,0.314,False
830,Red Deer,2022,SECONDARY,Secondary,secondary,143.92,>=$5M,56,8.2,458.0,1.064,1.124,0.943,False
830,Red Deer,2023,ALL,All,all,125.668,>=$5M,56,7.8,437.0,0.909,1.103,0.879,False
830,Red Deer,2023,PRIMARY,Primary,primary,6.586,>=$5M,4,4.5,18.0,0.361,1.044,0.322,False
830,Red Deer,2023,SECONDARY,Secondary,secondary,119.082,>=$5M,52,8.1,419.0,0.992,1.108,0.95,False
830,Red Deer,2024,ALL,All,all,110.139,>=$5M,54,9.1,494.0,0.887,0.997,0.744,False
830,Red Deer,2024,PRIMARY,Primary,primary,2.65,<$5M,2,5.0,10.0,0.196,0.494,0.151,False
830,Red Deer,2024,SECONDARY,Secondary,secondary,107.489,>=$5M,52,9.3,484.0,0.972,1.038,0.81,False
830,Red Deer,2025,ALL,All,all,110.823,>=$5M,54,9.2,497.0,0.856,0.971,0.711,False
830,Red Deer,2025,PRIMARY,Primary,primary,2.65,<$5M,2,5.0,10.0,0.189,0.482,0.144,False
830,Red Deer,2025,SECONDARY,Secondary,secondary,108.173,>=$5M,52,9.4,487.0,0.937,1.01,0.774,False
705,Regina,2017,ALL,All,all,251.043,>=$5M,60,13.8,825.0,1.066,0.756,0.782,False
705,Regina,2017,PRIMARY,Primary,primary,,>=$5M,<2,,,,,,True
705,Regina,2017,SECONDARY,Secondary,secondary,242.51,>=$5M,59,13.6,802.0,1.097,0.752,0.793,False
705,Regina,2018,ALL,All,all,262.185,>=$5M,70,12.5,875.0,1.036,0.845,0.788,False
705,Regina,2018,PRIMARY,Primary,primary,,>=$5M,<2,,,,,,True
705,Regina,2018,SECONDARY,Secondary,secondary,253.652,>=$5M,69,12.3,852.0,1.066,0.843,0.799,False
705,Regina,2019,ALL,All,all,269.817,>=$5M,77,11.8,911.0,0.872,0.859,0.678,False
705,Regina,2019,PRIMARY,Primary,primary,,>=$5M,<2,,,,,,True
705,Regina,2019,SECONDARY,Secondary,secondary,261.284,>=$5M,76,11.7,888.0,0.92,0.86,0.697,False
705,Regina,2020,ALL,All,all,275.13,>=$5M,77,12.1,934.0,0.75,0.856,0.562,False
705,Regina,2020,PRIMARY,Primary,primary,,>=$5M,<2,,,,,,True
705,Regina,2020,SECONDARY,Secondary,secondary,266.597,>=$5M,76,12.0,911.0,0.775,0.856,0.569,False
705,Regina,2021,ALL,All,all,264.714,>=$5M,75,11.7,877.0,0.928,0.844,0.689,False
705,Regina,2021,PRIMARY,Primary,primary,,>=$5M,<2,,,,,,True
705,Regina,2021,SECONDARY,Secondary,secondary,256.181,>=$5M,74,11.5,854.0,0.976,0.845,0.706,False
705,Regina,2022,ALL,All,all,254.664,>=$5M,82,10.0,816.0,0.867,0.82,0.6,False
705,Regina,2022,PRIMARY,Primary,primary,19.042,>=$5M,7,7.9,55.0,0.489,0.962,0.384,False
705,Regina,2022,SECONDARY,Secondary,secondary,235.622,>=$5M,75,10.1,761.0,0.925,0.809,0.625,False
705,Regina,2023,ALL,All,all,229.193,>=$5M,78,9.6,746.0,0.882,0.819,0.614,False
705,Regina,2023,PRIMARY,Primary,primary,19.042,>=$5M,7,7.9,55.0,0.555,0.973,0.402,False
705,Regina,2023,SECONDARY,Secondary,secondary,210.151,>=$5M,71,9.7,691.0,0.931,0.806,0.64,False
705,Regina,2024,ALL,All,all,288.469,>=$5M,86,13.1,1124.0,1.061,0.817,0.633,False
705,Regina,2024,PRIMARY,Primary,primary,48.672,>=$5M,8,24.9,199.0,1.642,1.018,1.122,False
705,Regina,2024,SECONDARY,Secondary,secondary,239.797,>=$5M,78,11.9,925.0,0.99,0.801,0.579,False
705,Regina,2025,ALL,All,all,261.962,>=$5M,88,13.6,1194.0,0.995,0.821,0.653,False
705,Regina,2025,PRIMARY,Primary,primary,48.328,>=$5M,7,28.1,197.0,1.694,0.876,1.085,False
705,Regina,2025,SECONDARY,Secondary,secondary,213.634,>=$5M,81,12.3,997.0,0.91,0.816,0.605,False
404,Rimouski,2017,ALL,All,all,40.862,>=$5M,18,5.3,96.0,0.824,0.964,0.446,False
404,Rimouski,2017,PRIMARY,Primary,primary,,<$5M,<2,,,,,,True
404,Rimouski,2017,SECONDARY,Secondary,secondary,40.862,>=$5M,18,5.3,96.0,0.877,0.976,0.465,False
404,Rimouski,2018,ALL,All,all,37.565,>=$5M,16,4.8,77.0,0.744,0.842,0.353,False
404,Rimouski,2018,PRIMARY,Primary,primary,,<$5M,<2,,,,,,True
404,Rimouski,2018,SECONDARY,Secondary,secondary,37.565,>=$5M,16,4.8,77.0,0.791,0.852,0.367,False
404,Rimouski,2019,ALL,All,all,77.759,>=$5M,20,12.6,251.0,1.231,0.906,0.903,False
404,Rimouski,2019,PRIMARY,Primary,primary,,<$5M,<2,,,,,,True
404,Rimouski,2019,SECONDARY,Secondary,secondary,77.759,>=$5M,20,12.6,251.0,1.341,0.919,0.952,False
404,Rimouski,2020,ALL,All,all,66.968,>=$5M,19,10.7,204.0,0.915,0.881,0.619,False
404,Rimouski,2020,PRIMARY,Primary,primary,,<$5M,<2,,,,,,True
404,Rimouski,2020,SECONDARY,Secondary,secondary,66.968,>=$5M,19,10.7,204.0,0.976,0.894,0.643,False
404,Rimouski,2021,ALL,All,all,52.415,>=$5M,17,8.3,141.0,0.868,0.797,0.557,False
404,Rimouski,2021,PRIMARY,Primary,primary,,<$5M,<2,,,,,,True
404,Rimouski,2021,SECONDARY,Secondary,secondary,52.415,>=$5M,17,8.3,141.0,0.943,0.809,0.586,False
404,Rimouski,2022,ALL,All,all,53.108,>=$5M,18,7.8,141.0,0.838,0.754,0.519,False
404,Rimouski,2022,PRIMARY,Primary,primary,,<$5M,<2,,,,,,True
404,Rimouski,2022,SECONDARY,Secondary,secondary,53.108,>=$5M,18,7.8,141.0,0.966,0.813,0.581,False
404,Rimouski,2023,ALL,All,all,37.028,>=$5M,17,4.8,81.0,0.665,0.764,0.334,False
404,Rimouski,2023,PRIMARY,Primary,primary,,<$5M,<2,,,,,,True
404,Rimouski,2023,SECONDARY,Secondary,secondary,37.028,>=$5M,17,4.8,81.0,0.766,0.826,0.376,False
404,Rimouski,2024,ALL,All,all,46.038,>=$5M,18,10.5,189.0,0.867,0.807,0.535,False
404,Rimouski,2024,PRIMARY,Primary,primary,,>=$5M,<2,,,,,,True
404,Rimouski,2024,SECONDARY,Secondary,secondary,34.057,>=$5M,17,8.1,138.0,0.72,0.824,0.434,False
404,Rimouski,2025,ALL,All,all,46.428,>=$5M,18,10.6,191.0,0.877,0.788,0.534,False
404,Rimouski,2025,PRIMARY,Primary,primary,,>=$5M,<2,,,,,,True
404,Rimouski,2025,SECONDARY,Secondary,secondary,34.447,>=$5M,17,8.2,140.0,0.729,0.804,0.434,False
405,Rivière-du-Loup,2017,ALL,All,all,71.154,>=$5M,6,13.0,78.0,1.422,0.482,0.543,False
405,Rivière-du-Loup,2017,PRIMARY,Primary,primary,,<$5M,<2,,,,,,True
405,Rivière-du-Loup,2017,SECONDARY,Secondary,secondary,71.154,>=$5M,6,13.0,78.0,1.515,0.488,0.566,False
405,Rivière-du-Loup,2018,ALL,All,all,71.154,>=$5M,6,13.0,78.0,1.273,0.476,0.563,False
405,Rivière-du-Loup,2018,PRIMARY,Primary,primary,,<$5M,<2,,,,,,True
405,Rivière-du-Loup,2018,SECONDARY,Secondary,secondary,71.154,>=$5M,6,13.0,78.0,1.354,0.482,0.586,False
405,Rivière-du-Loup,2019,ALL,All,all,76.005,>=$5M,9,11.0,99.0,1.298,0.654,0.593,False
405,Rivière-du-Loup,2019,PRIMARY,Primary,primary,,<$5M,<2,,,,,,True
405,Rivière-du-Loup,2019,SECONDARY,Secondary,secondary,76.005,>=$5M,9,11.0,99.0,1.414,0.663,0.625,False
405,Rivière-du-Loup,2020,ALL,All,all,76.005,>=$5M,9,11.0,99.0,1.05,0.652,0.474,False
405,Rivière-du-Loup,2020,PRIMARY,Primary,primary,,<$5M,<2,,,,,,True
405,Rivière-du-Loup,2020,SECONDARY,Secondary,secondary,76.005,>=$5M,9,11.0,99.0,1.12,0.662,0.493,False
405,Rivière-du-Loup,2021,ALL,All,all,73.695,>=$5M,8,11.1,89.0,1.244,0.585,0.549,False
405,Rivière-du-Loup,2021,PRIMARY,Primary,primary,,<$5M,<2,,,,,,True
405,Rivière-du-Loup,2021,SECONDARY,Secondary,secondary,73.695,>=$5M,8,11.1,89.0,1.352,0.594,0.578,False
405,Rivière-du-Loup,2022,ALL,All,all,75.543,>=$5M,9,9.9,89.0,1.232,0.595,0.507,False
405,Rivière-du-Loup,2022,PRIMARY,Primary,primary,,<$5M,<2,,,,,,True
405,Rivière-du-Loup,2022,SECONDARY,Secondary,secondary,75.543,>=$5M,9,9.9,89.0,1.42,0.641,0.566,False
405,Rivière-du-Loup,2023,ALL,All,all,72.954,>=$5M,7,11.1,78.0,1.3,0.499,0.508,False
405,Rivière-du-Loup,2023,PRIMARY,Primary,primary,,<$5M,<2,,,,,,True
405,Rivière-du-Loup,2023,SECONDARY,Secondary,secondary,72.954,>=$5M,7,11.1,78.0,1.497,0.539,0.572,False
405,Rivière-du-Loup,2024,ALL,All,all,3.917,<$5M,7,4.0,28.0,0.077,0.497,0.124,False
405,Rivière-du-Loup,2024,PRIMARY,Primary,primary,,<$5M,<2,,,,,,True
405,Rivière-du-Loup,2024,SECONDARY,Secondary,secondary,3.917,<$5M,7,4.0,28.0,0.087,0.537,0.138,False
405,Rivière-du-Loup,2025,ALL,All,all,3.917,<$5M,7,4.0,28.0,0.08,0.487,0.122,False
405,Rivière-du-Loup,2025,PRIMARY,Primary,primary,,<$5M,<2,,,,,,True
405,Rivière-du-Loup,2025,SECONDARY,Secondary,secondary,3.917,<$5M,7,4.0,28.0,0.089,0.526,0.135,False
485,Rouyn-Noranda,2017,ALL,All,all,27.83,>=$5M,12,8.5,102.0,0.641,0.84,0.62,False
485,Rouyn-Noranda,2017,PRIMARY,Primary,primary,,<$5M,<2,,,,,,True
485,Rouyn-Noranda,2017,SECONDARY,Secondary,secondary,27.83,>=$5M,12,8.5,102.0,0.683,0.85,0.646,False
485,Rouyn-Noranda,2018,ALL,All,all,27.83,>=$5M,12,8.5,102.0,0.621,0.816,0.587,False
485,Rouyn-Noranda,2018,PRIMARY,Primary,primary,,<$5M,<2,,,,,,True
485,Rouyn-Noranda,2018,SECONDARY,Secondary,secondary,27.83,>=$5M,12,8.5,102.0,0.66,0.826,0.612,False
485,Rouyn-Noranda,2019,ALL,All,all,65.252,>=$5M,16,16.5,264.0,1.072,0.961,1.142,False
485,Rouyn-Noranda,2019,PRIMARY,Primary,primary,,<$5M,<2,,,,,,True
485,Rouyn-Noranda,2019,SECONDARY,Secondary,secondary,65.252,>=$5M,16,16.5,264.0,1.168,0.974,1.203,False
485,Rouyn-Noranda,2020,ALL,All,all,96.764,>=$5M,18,21.9,394.0,1.443,1.106,1.491,False
485,Rouyn-Noranda,2020,PRIMARY,Primary,primary,,<$5M,<2,,,,,,True
485,Rouyn-Noranda,2020,SECONDARY,Secondary,secondary,96.764,>=$5M,18,21.9,394.0,1.54,1.122,1.55,False
485,Rouyn-Noranda,2021,ALL,All,all,93.761,>=$5M,18,21.2,381.0,1.707,1.121,1.886,False
485,Rouyn-Noranda,2021,PRIMARY,Primary,primary,,<$5M,<2,,,,,,True
485,Rouyn-Noranda,2021,SECONDARY,Secondary,secondary,93.761,>=$5M,18,21.2,381.0,1.856,1.137,1.985,False
485,Rouyn-Noranda,2022,ALL,All,all,101.595,>=$5M,22,18.1,398.0,1.642,1.227,1.721,False
485,Rouyn-Noranda,2022,PRIMARY,Primary,primary,4.88,<$5M,3,3.3,10.0,0.595,2.299,0.41,False
485,Rouyn-Noranda,2022,SECONDARY,Secondary,secondary,96.715,>=$5M,19,20.4,388.0,1.802,1.143,1.876,False
485,Rouyn-Noranda,2023,ALL,All,all,36.948,>=$5M,17,7.0,119.0,0.72,1.031,0.602,False
485,Rouyn-Noranda,2023,PRIMARY,Primary,primary,4.88,<$5M,3,3.3,10.0,0.721,2.41,0.45,False
485,Rouyn-Noranda,2023,SECONDARY,Secondary,secondary,32.068,>=$5M,14,7.8,109.0,0.72,0.919,0.621,False
485,Rouyn-Noranda,2024,ALL,All,all,19.701,>=$5M,14,7.1,99.0,0.418,0.845,0.353,False
485,Rouyn-Noranda,2024,PRIMARY,Primary,primary,2.109,<$5M,2,6.0,12.0,0.411,1.616,0.429,False
485,Rouyn-Noranda,2024,SECONDARY,Secondary,secondary,17.592,>=$5M,12,7.2,87.0,0.419,0.783,0.345,False
485,Rouyn-Noranda,2025,ALL,All,all,20.3,>=$5M,14,7.1,100.0,0.441,0.826,0.354,False
485,Rouyn-Noranda,2025,PRIMARY,Primary,primary,2.109,<$5M,2,6.0,12.0,0.423,1.583,0.428,False
485,Rouyn-Noranda,2025,SECONDARY,Secondary,secondary,18.191,>=$5M,12,7.3,88.0,0.443,0.765,0.346,False
RURAL_AB,Rural Alberta,2017,ALL,All,all,261.293,>=$5M,134,5.5,733.0,0.294,0.441,0.27,False
RURAL_AB,Rural Alberta,2017,PRIMARY,Primary,primary,8.102,>=$5M,4,3.5,14.0,0.15,1.125,0.125,False
RURAL_AB,Rural Alberta,2017,SECONDARY,Secondary,secondary,253.191,>=$5M,130,5.5,719.0,0.304,0.432,0.276,False
RURAL_AB,Rural Alberta,2018,ALL,All,all,311.67,>=$5M,148,5.6,836.0,0.332,0.465,0.287,False
RURAL_AB,Rural Alberta,2018,PRIMARY,Primary,primary,8.748,>=$5M,5,3.2,16.0,0.156,1.291,0.137,False
RURAL_AB,Rural Alberta,2018,SECONDARY,Secondary,secondary,302.922,>=$5M,143,5.7,820.0,0.343,0.455,0.293,False
RURAL_AB,Rural Alberta,2019,ALL,All,all,691.033,>=$5M,170,10.6,1807.0,0.547,0.491,0.488,False
RURAL_AB,Rural Alberta,2019,PRIMARY,Primary,primary,260.839,>=$5M,7,62.1,435.0,2.509,1.441,2.306,False
RURAL_AB,Rural Alberta,2019,SECONDARY,Secondary,secondary,430.194,>=$5M,163,8.4,1372.0,0.371,0.477,0.391,False
RURAL_AB,Rural Alberta,2020,ALL,All,all,421.602,>=$5M,167,7.8,1302.0,0.276,0.482,0.289,False
RURAL_AB,Rural Alberta,2020,PRIMARY,Primary,primary,10.974,>=$5M,6,3.7,22.0,0.115,1.238,0.129,False
RURAL_AB,Rural Alberta,2020,SECONDARY,Secondary,secondary,410.628,>=$5M,161,8.0,1280.0,0.287,0.471,0.296,False
RURAL_AB,Rural Alberta,2021,ALL,All,all,419.154,>=$5M,165,7.8,1290.0,0.359,0.485,0.379,False
RURAL_AB,Rural Alberta,2021,PRIMARY,Primary,primary,10.974,>=$5M,6,3.7,22.0,0.117,1.211,0.13,False
RURAL_AB,Rural Alberta,2021,SECONDARY,Secondary,secondary,408.18,>=$5M,159,8.0,1268.0,0.38,0.474,0.392,False
RURAL_AB,Rural Alberta,2022,ALL,All,all,440.276,>=$5M,168,7.9,1334.0,0.376,0.455,0.366,False
RURAL_AB,Rural Alberta,2022,PRIMARY,Primary,primary,27.197,>=$5M,9,8.2,74.0,0.175,0.335,0.193,False
RURAL_AB,Rural Alberta,2022,SECONDARY,Secondary,secondary,413.079,>=$5M,159,7.9,1260.0,0.406,0.465,0.386,False
RURAL_AB,Rural Alberta,2023,ALL,All,all,280.449,>=$5M,164,5.5,905.0,0.275,0.477,0.276,False
RURAL_AB,Rural Alberta,2023,PRIMARY,Primary,primary,17.345,>=$5M,9,7.8,70.0,0.129,0.347,0.19,False
RURAL_AB,Rural Alberta,2023,SECONDARY,Secondary,secondary,263.104,>=$5M,155,5.4,835.0,0.297,0.488,0.287,False
RURAL_AB,Rural Alberta,2024,ALL,All,all,408.555,>=$5M,171,9.1,1549.0,0.431,0.484,0.338,False
RURAL_AB,Rural Alberta,2024,PRIMARY,Primary,primary,45.597,>=$5M,9,14.4,130.0,0.442,0.341,0.284,False
RURAL_AB,Rural Alberta,2024,SECONDARY,Secondary,secondary,362.958,>=$5M,162,8.8,1419.0,0.43,0.495,0.344,False
RURAL_AB,Rural Alberta,2025,ALL,All,all,428.573,>=$5M,174,9.4,1632.0,0.433,0.488,0.345,False
RURAL_AB,Rural Alberta,2025,PRIMARY,Primary,primary,32.552,>=$5M,9,11.6,104.0,0.303,0.338,0.221,False
RURAL_AB,Rural Alberta,2025,SECONDARY,Secondary,secondary,396.021,>=$5M,165,9.3,1528.0,0.448,0.5,0.358,False
RURAL_BC,Rural British Columbia,2017,ALL,All,all,250.317,>=$5M,197,5.5,1085.0,0.502,0.865,0.565,False
RURAL_BC,Rural British Columbia,2017,PRIMARY,Primary,primary,26.317,>=$5M,5,14.2,71.0,0.866,1.879,0.897,False
RURAL_BC,Rural British Columbia,2017,SECONDARY,Secondary,secondary,224.0,>=$5M,192,5.3,1014.0,0.478,0.853,0.551,False
RURAL_BC,Rural British Columbia,2018,ALL,All,all,261.69,>=$5M,208,5.5,1136.0,0.498,0.872,0.552,False
RURAL_BC,Rural British Columbia,2018,PRIMARY,Primary,primary,26.317,>=$5M,5,14.2,71.0,0.84,1.724,0.862,False
RURAL_BC,Rural British Columbia,2018,SECONDARY,Secondary,secondary,235.373,>=$5M,203,5.2,1065.0,0.476,0.861,0.539,False
RURAL_BC,Rural British Columbia,2019,ALL,All,all,278.75,>=$5M,223,5.4,1194.0,0.454,0.896,0.497,False
RURAL_BC,Rural British Columbia,2019,PRIMARY,Primary,primary,34.85,>=$5M,6,15.7,94.0,0.69,1.719,0.768,False
RURAL_BC,Rural British Columbia,2019,SECONDARY,Secondary,secondary,243.9,>=$5M,217,5.1,1100.0,0.433,0.884,0.483,False
RURAL_BC,Rural British Columbia,2020,ALL,All,all,275.711,>=$5M,221,5.4,1192.0,0.369,0.892,0.406,False
RURAL_BC,Rural British Columbia,2020,PRIMARY,Primary,primary,34.85,>=$5M,6,15.7,94.0,0.745,1.731,0.847,False
RURAL_BC,Rural British Columbia,2020,SECONDARY,Secondary,secondary,240.861,>=$5M,215,5.1,1098.0,0.344,0.88,0.389,False
RURAL_BC,Rural British Columbia,2021,ALL,All,all,274.418,>=$5M,221,5.3,1181.0,0.467,0.912,0.533,False
RURAL_BC,Rural British Columbia,2021,PRIMARY,Primary,primary,39.059,>=$5M,8,12.9,103.0,0.829,2.267,0.931,False
RURAL_BC,Rural British Columbia,2021,SECONDARY,Secondary,secondary,235.359,>=$5M,213,5.1,1078.0,0.435,0.891,0.512,False
RURAL_BC,Rural British Columbia,2022,ALL,All,all,319.007,>=$5M,238,6.3,1495.0,0.53,0.874,0.631,False
RURAL_BC,Rural British Columbia,2022,PRIMARY,Primary,primary,49.501,>=$5M,12,11.4,137.0,0.62,0.606,0.549,False
RURAL_BC,Rural British Columbia,2022,SECONDARY,Secondary,secondary,269.506,>=$5M,226,6.0,1358.0,0.516,0.896,0.641,False
RURAL_BC,Rural British Columbia,2023,ALL,All,all,271.109,>=$5M,230,5.4,1231.0,0.496,0.896,0.561,False
RURAL_BC,Rural British Columbia,2023,PRIMARY,Primary,primary,34.894,>=$5M,11,10.5,115.0,0.484,0.568,0.466,False
RURAL_BC,Rural British Columbia,2023,SECONDARY,Secondary,secondary,236.215,>=$5M,219,5.1,1116.0,0.498,0.923,0.573,False
RURAL_BC,Rural British Columbia,2024,ALL,All,all,400.766,>=$5M,223,8.6,1926.0,0.769,0.845,0.613,False
RURAL_BC,Rural British Columbia,2024,PRIMARY,Primary,primary,58.592,>=$5M,12,15.4,185.0,1.032,0.608,0.589,False
RURAL_BC,Rural British Columbia,2024,SECONDARY,Secondary,secondary,342.174,>=$5M,211,8.3,1741.0,0.737,0.864,0.615,False
RURAL_BC,Rural British Columbia,2025,ALL,All,all,410.417,>=$5M,222,9.0,1998.0,0.753,0.839,0.614,False
RURAL_BC,Rural British Columbia,2025,PRIMARY,Primary,primary,62.426,>=$5M,13,14.9,194.0,1.057,0.659,0.601,False
RURAL_BC,Rural British Columbia,2025,SECONDARY,Secondary,secondary,347.991,>=$5M,209,8.6,1804.0,0.716,0.853,0.616,False
RURAL_MB,Rural Manitoba,2017,ALL,All,all,190.427,>=$5M,47,7.3,343.0,0.499,0.359,0.249,False
RURAL_MB,Rural Manitoba,2017,PRIMARY,Primary,primary,,<$5M,<2,,,,,,True
RURAL_MB,Rural Manitoba,2017,SECONDARY,Secondary,secondary,190.427,>=$5M,47,7.3,343.0,0.531,0.363,0.259,False
RURAL_MB,Rural Manitoba,2018,ALL,All,all,184.394,>=$5M,41,7.7,314.0,0.471,0.307,0.216,False
RURAL_MB,Rural Manitoba,2018,PRIMARY,Primary,primary,,<$5M,<2,,,,,,True
RURAL_MB,Rural Manitoba,2018,SECONDARY,Secondary,secondary,184.394,>=$5M,41,7.7,314.0,0.501,0.311,0.225,False
RURAL_MB,Rural Manitoba,2019,ALL,All,all,188.09,>=$5M,46,7.2,330.0,0.421,0.322,0.195,False
RURAL_MB,Rural Manitoba,2019,PRIMARY,Primary,primary,,<$5M,<2,,,,,,True
RURAL_MB,Rural Manitoba,2019,SECONDARY,Secondary,secondary,188.09,>=$5M,46,7.2,330.0,0.459,0.327,0.205,False
RURAL_MB,Rural Manitoba,2020,ALL,All,all,192.245,>=$5M,45,7.2,323.0,0.358,0.317,0.156,False
RURAL_MB,Rural Manitoba,2020,PRIMARY,Primary,primary,,<$5M,<2,,,,,,True
RURAL_MB,Rural Manitoba,2020,SECONDARY,Secondary,secondary,192.245,>=$5M,45,7.2,323.0,0.382,0.321,0.162,False
RURAL_MB,Rural Manitoba,2021,ALL,All,all,67.681,>=$5M,44,5.0,221.0,0.166,0.317,0.143,False
RURAL_MB,Rural Manitoba,2021,PRIMARY,Primary,primary,,<$5M,<2,,,,,,True
RURAL_MB,Rural Manitoba,2021,SECONDARY,Secondary,secondary,67.681,>=$5M,44,5.0,221.0,0.18,0.322,0.151,False
RURAL_MB,Rural Manitoba,2022,ALL,All,all,70.298,>=$5M,49,4.7,230.0,0.173,0.329,0.143,False
RURAL_MB,Rural Manitoba,2022,PRIMARY,Primary,primary,2.516,<$5M,4,2.0,8.0,0.047,0.369,0.047,False
RURAL_MB,Rural Manitoba,2022,SECONDARY,Secondary,secondary,67.782,>=$5M,45,4.9,222.0,0.192,0.326,0.155,False
RURAL_MB,Rural Manitoba,2023,ALL,All,all,49.256,>=$5M,47,4.7,219.0,0.124,0.343,0.15,False
RURAL_MB,Rural Manitoba,2023,PRIMARY,Primary,primary,2.244,<$5M,4,2.0,8.0,0.043,0.387,0.049,False
RURAL_MB,Rural Manitoba,2023,SECONDARY,Secondary,secondary,47.012,>=$5M,43,4.9,211.0,0.137,0.34,0.163,False
RURAL_MB,Rural Manitoba,2024,ALL,All,all,53.156,>=$5M,44,6.3,277.0,0.146,0.313,0.133,False
RURAL_MB,Rural Manitoba,2024,PRIMARY,Primary,primary,0.528,<$5M,3,1.0,3.0,0.013,0.285,0.014,False
RURAL_MB,Rural Manitoba,2024,SECONDARY,Secondary,secondary,52.628,>=$5M,41,6.7,274.0,0.163,0.315,0.146,False
RURAL_MB,Rural Manitoba,2025,ALL,All,all,52.939,>=$5M,43,6.4,277.0,0.14,0.304,0.128,False
RURAL_MB,Rural Manitoba,2025,PRIMARY,Primary,primary,0.528,<$5M,3,1.0,3.0,0.013,0.285,0.014,False
RURAL_MB,Rural Manitoba,2025,SECONDARY,Secondary,secondary,52.411,>=$5M,40,6.8,274.0,0.156,0.306,0.14,False
RURAL_NB,Rural New Brunswick,2017,ALL,All,all,50.404,>=$5M,49,4.2,207.0,0.196,0.627,0.255,False
RURAL_NB,Rural New Brunswick,2017,PRIMARY,Primary,primary,,<$5M,<2,,,,,,True
RURAL_NB,Rural New Brunswick,2017,SECONDARY,Secondary,secondary,50.404,>=$5M,49,4.2,207.0,0.209,0.634,0.266,False
RURAL_NB,Rural New Brunswick,2018,ALL,All,all,50.635,>=$5M,50,4.2,208.0,0.187,0.62,0.24,False
RURAL_NB,Rural New Brunswick,2018,PRIMARY,Primary,primary,,<$5M,<2,,,,,,True
RURAL_NB,Rural New Brunswick,2018,SECONDARY,Secondary,secondary,50.635,>=$5M,50,4.2,208.0,0.199,0.627,0.25,False
RURAL_NB,Rural New Brunswick,2019,ALL,All,all,53.02,>=$5M,52,4.2,216.0,0.139,0.586,0.196,False
RURAL_NB,Rural New Brunswick,2019,PRIMARY,Primary,primary,,<$5M,<2,,,,,,True
RURAL_NB,Rural New Brunswick,2019,SECONDARY,Secondary,secondary,53.02,>=$5M,52,4.2,216.0,0.152,0.594,0.207,False
RURAL_NB,Rural New Brunswick,2020,ALL,All,all,52.873,>=$5M,52,4.1,215.0,0.117,0.587,0.158,False
RURAL_NB,Rural New Brunswick,2020,PRIMARY,Primary,primary,,<$5M,<2,,,,,,True
RURAL_NB,Rural New Brunswick,2020,SECONDARY,Secondary,secondary,52.873,>=$5M,52,4.1,215.0,0.125,0.596,0.164,False
RURAL_NB,Rural New Brunswick,2021,ALL,All,all,53.167,>=$5M,53,4.1,217.0,0.155,0.61,0.209,False
RURAL_NB,Rural New Brunswick,2021,PRIMARY,Primary,primary,,<$5M,<2,,,,,,True
RURAL_NB,Rural New Brunswick,2021,SECONDARY,Secondary,secondary,53.167,>=$5M,53,4.1,217.0,0.169,0.619,0.22,False
RURAL_NB,Rural New Brunswick,2022,ALL,All,all,60.848,>=$5M,59,4.0,238.0,0.171,0.606,0.216,False
RURAL_NB,Rural New Brunswick,2022,PRIMARY,Primary,primary,7.002,>=$5M,5,4.2,21.0,0.149,0.705,0.181,False
RURAL_NB,Rural New Brunswick,2022,SECONDARY,Secondary,secondary,53.846,>=$5M,54,4.0,217.0,0.175,0.598,0.22,False
RURAL_NB,Rural New Brunswick,2023,ALL,All,all,51.006,>=$5M,58,4.1,235.0,0.178,0.618,0.24,False
RURAL_NB,Rural New Brunswick,2023,PRIMARY,Primary,primary,5.848,>=$5M,5,4.2,21.0,0.154,0.706,0.191,False
RURAL_NB,Rural New Brunswick,2023,SECONDARY,Secondary,secondary,45.158,>=$5M,53,4.0,214.0,0.181,0.611,0.246,False
RURAL_NB,Rural New Brunswick,2024,ALL,All,all,33.62,>=$5M,51,3.5,177.0,0.126,0.537,0.135,False
RURAL_NB,Rural New Brunswick,2024,PRIMARY,Primary,primary,1.79,<$5M,4,2.5,10.0,0.062,0.563,0.076,False
RURAL_NB,Rural New Brunswick,2024,SECONDARY,Secondary,secondary,31.83,>=$5M,47,3.6,167.0,0.134,0.535,0.141,False
RURAL_NB,Rural New Brunswick,2025,ALL,All,all,42.2,>=$5M,52,4.2,221.0,0.155,0.532,0.162,False
RURAL_NB,Rural New Brunswick,2025,PRIMARY,Primary,primary,1.79,<$5M,4,2.5,10.0,0.061,0.549,0.074,False
RURAL_NB,Rural New Brunswick,2025,SECONDARY,Secondary,secondary,40.41,>=$5M,48,4.4,211.0,0.166,0.531,0.171,False
RURAL_NL,Rural Newfoundland and Labrador,2017,ALL,All,all,57.117,>=$5M,48,6.1,295.0,0.243,0.596,0.362,False
RURAL_NL,Rural Newfoundland and Labrador,2017,PRIMARY,Primary,primary,,<$5M,<2,,,,,,True
RURAL_NL,Rural Newfoundland and Labrador,2017,SECONDARY,Secondary,secondary,57.117,>=$5M,48,6.1,295.0,0.259,0.603,0.378,False
RURAL_NL,Rural Newfoundland and Labrador,2018,ALL,All,all,52.902,>=$5M,47,5.9,277.0,0.217,0.57,0.322,False
RURAL_NL,Rural Newfoundland and Labrador,2018,PRIMARY,Primary,primary,,<$5M,<2,,,,,,True
RURAL_NL,Rural Newfoundland and Labrador,2018,SECONDARY,Secondary,secondary,52.902,>=$5M,47,5.9,277.0,0.231,0.577,0.336,False
RURAL_NL,Rural Newfoundland and Labrador,2019,ALL,All,all,115.551,>=$5M,53,10.3,548.0,0.387,0.596,0.526,False
RURAL_NL,Rural Newfoundland and Labrador,2019,PRIMARY,Primary,primary,,<$5M,<2,,,,,,True
RURAL_NL,Rural Newfoundland and Labrador,2019,SECONDARY,Secondary,secondary,115.551,>=$5M,53,10.3,548.0,0.422,0.604,0.555,False
RURAL_NL,Rural Newfoundland and Labrador,2020,ALL,All,all,66.39,>=$5M,53,6.3,332.0,0.189,0.601,0.264,False
RURAL_NL,Rural Newfoundland and Labrador,2020,PRIMARY,Primary,primary,,<$5M,<2,,,,,,True
RURAL_NL,Rural Newfoundland and Labrador,2020,SECONDARY,Secondary,secondary,66.39,>=$5M,53,6.3,332.0,0.202,0.61,0.274,False
RURAL_NL,Rural Newfoundland and Labrador,2021,ALL,All,all,62.232,>=$5M,52,6.3,329.0,0.231,0.598,0.341,False
RURAL_NL,Rural Newfoundland and Labrador,2021,PRIMARY,Primary,primary,,<$5M,<2,,,,,,True
RURAL_NL,Rural Newfoundland and Labrador,2021,SECONDARY,Secondary,secondary,62.232,>=$5M,52,6.3,329.0,0.251,0.606,0.359,False
RURAL_NL,Rural Newfoundland and Labrador,2022,ALL,All,all,64.475,>=$5M,54,6.2,335.0,0.242,0.577,0.338,False
RURAL_NL,Rural Newfoundland and Labrador,2022,PRIMARY,Primary,primary,2.243,<$5M,2,3.0,6.0,0.064,0.294,0.057,False
RURAL_NL,Rural Newfoundland and Labrador,2022,SECONDARY,Secondary,secondary,62.232,>=$5M,52,6.3,329.0,0.269,0.6,0.371,False
RURAL_NL,Rural Newfoundland and Labrador,2023,ALL,All,all,47.238,>=$5M,50,5.7,283.0,0.213,0.597,0.326,False
RURAL_NL,Rural Newfoundland and Labrador,2023,PRIMARY,Primary,primary,2.107,<$5M,2,3.0,6.0,0.072,0.316,0.061,False
RURAL_NL,Rural Newfoundland and Labrador,2023,SECONDARY,Secondary,secondary,45.131,>=$5M,48,5.8,277.0,0.234,0.62,0.359,False
RURAL_NL,Rural Newfoundland and Labrador,2024,ALL,All,all,45.302,>=$5M,43,6.7,290.0,0.215,0.508,0.223,False
RURAL_NL,Rural Newfoundland and Labrador,2024,PRIMARY,Primary,primary,0.736,<$5M,2,2.0,4.0,0.032,0.316,0.031,False
RURAL_NL,Rural Newfoundland and Labrador,2024,SECONDARY,Secondary,secondary,44.566,>=$5M,41,7.0,286.0,0.237,0.524,0.244,False
RURAL_NL,Rural Newfoundland and Labrador,2025,ALL,All,all,45.497,>=$5M,43,6.8,291.0,0.21,0.505,0.213,False
RURAL_NL,Rural Newfoundland and Labrador,2025,PRIMARY,Primary,primary,0.736,<$5M,2,2.0,4.0,0.031,0.315,0.029,False
RURAL_NL,Rural Newfoundland and Labrador,2025,SECONDARY,Secondary,secondary,44.761,>=$5M,41,7.0,287.0,0.231,0.52,0.233,False
RURAL_NT,Rural Northwest Territories,2017,ALL,All,all,8.088,>=$5M,9,5.2,47.0,0.2,0.54,0.287,False
RURAL_NT,Rural Northwest Territories,2017,PRIMARY,Primary,primary,,<$5M,<2,,,,,,True
RURAL_NT,Rural Northwest Territories,2017,SECONDARY,Secondary,secondary,8.088,>=$5M,9,5.2,47.0,0.213,0.546,0.3,False
RURAL_NT,Rural Northwest Territories,2018,ALL,All,all,7.794,>=$5M,9,5.0,45.0,0.187,0.534,0.263,False
RURAL_NT,Rural Northwest Territories,2018,PRIMARY,Primary,primary,,<$5M,<2,,,,,,True
RURAL_NT,Rural Northwest Territories,2018,SECONDARY,Secondary,secondary,7.794,>=$5M,9,5.0,45.0,0.198,0.541,0.274,False
RURAL_NT,Rural Northwest Territories,2019,ALL,All,all,15.879,>=$5M,13,6.2,80.0,0.323,0.72,0.398,False
RURAL_NT,Rural Northwest Territories,2019,PRIMARY,Primary,primary,,<$5M,<2,,,,,,True
RURAL_NT,Rural Northwest Territories,2019,SECONDARY,Secondary,secondary,15.879,>=$5M,13,6.2,80.0,0.352,0.73,0.42,False
RURAL_NT,Rural Northwest Territories,2020,ALL,All,all,16.572,>=$5M,14,5.9,83.0,0.279,0.774,0.334,False
RURAL_NT,Rural Northwest Territories,2020,PRIMARY,Primary,primary,,<$5M,<2,,,,,,True
RURAL_NT,Rural Northwest Territories,2020,SECONDARY,Secondary,secondary,16.572,>=$5M,14,5.9,83.0,0.297,0.785,0.347,False
RURAL_NT,Rural Northwest Territories,2021,ALL,All,all,14.409,>=$5M,12,6.4,77.0,0.307,0.673,0.414,False
RURAL_NT,Rural Northwest Territories,2021,PRIMARY,Primary,primary,,<$5M,<2,,,,,,True
RURAL_NT,Rural Northwest Territories,2021,SECONDARY,Secondary,secondary,14.409,>=$5M,12,6.4,77.0,0.333,0.683,0.436,False
RURAL_NT,Rural Northwest Territories,2022,ALL,All,all,14.409,>=$5M,12,6.4,77.0,0.303,0.629,0.392,False
RURAL_NT,Rural Northwest Territories,2022,PRIMARY,Primary,primary,,<$5M,<2,,,,,,True
RURAL_NT,Rural Northwest Territories,2022,SECONDARY,Secondary,secondary,14.409,>=$5M,12,6.4,77.0,0.35,0.678,0.438,False
RURAL_NT,Rural Northwest Territories,2023,ALL,All,all,7.14,>=$5M,9,4.7,42.0,0.164,0.529,0.246,False
RURAL_NT,Rural Northwest Territories,2023,PRIMARY,Primary,primary,,<$5M,<2,,,,,,True
RURAL_NT,Rural Northwest Territories,2023,SECONDARY,Secondary,secondary,7.14,>=$5M,9,4.7,42.0,0.188,0.572,0.278,False
RURAL_NT,Rural Northwest Territories,2024,ALL,All,all,15.48,>=$5M,10,8.1,81.0,0.364,0.585,0.27,False
RURAL_NT,Rural Northwest Territories,2024,PRIMARY,Primary,primary,,<$5M,<2,,,,,,True
RURAL_NT,Rural Northwest Territories,2024,SECONDARY,Secondary,secondary,15.48,>=$5M,10,8.1,81.0,0.408,0.632,0.299,False
RURAL_NT,Rural Northwest Territories,2025,ALL,All,all,13.516,>=$5M,9,8.0,72.0,0.304,0.524,0.237,False
RURAL_NT,Rural Northwest Territories,2025,PRIMARY,Primary,primary,,<$5M,<2,,,,,,True
RURAL_NT,Rural Northwest Territories,2025,SECONDARY,Secondary,secondary,13.516,>=$5M,9,8.0,72.0,0.341,0.566,0.263,False
RURAL_NS,Rural Nova Scotia,2017,ALL,All,all,130.275,>=$5M,90,6.3,567.0,0.333,0.738,0.464,False
RURAL_NS,Rural Nova Scotia,2017,PRIMARY,Primary,primary,,<$5M,<2,,,,,,True
RURAL_NS,Rural Nova Scotia,2017,SECONDARY,Secondary,secondary,130.275,>=$5M,90,6.3,567.0,0.355,0.746,0.484,False
RURAL_NS,Rural Nova Scotia,2018,ALL,All,all,134.269,>=$5M,91,6.3,576.0,0.335,0.723,0.444,False
RURAL_NS,Rural Nova Scotia,2018,PRIMARY,Primary,primary,,<$5M,<2,,,,,,True
RURAL_NS,Rural Nova Scotia,2018,SECONDARY,Secondary,secondary,134.269,>=$5M,91,6.3,576.0,0.356,0.732,0.462,False
RURAL_NS,Rural Nova Scotia,2019,ALL,All,all,146.218,>=$5M,99,6.4,636.0,0.292,0.71,0.4,False
RURAL_NS,Rural Nova Scotia,2019,PRIMARY,Primary,primary,,<$5M,<2,,,,,,True
RURAL_NS,Rural Nova Scotia,2019,SECONDARY,Secondary,secondary,146.218,>=$5M,99,6.4,636.0,0.318,0.72,0.421,False
RURAL_NS,Rural Nova Scotia,2020,ALL,All,all,145.693,>=$5M,104,6.2,645.0,0.239,0.748,0.331,False
RURAL_NS,Rural Nova Scotia,2020,PRIMARY,Primary,primary,,<$5M,<2,,,,,,True
RURAL_NS,Rural Nova Scotia,2020,SECONDARY,Secondary,secondary,145.693,>=$5M,104,6.2,645.0,0.255,0.758,0.344,False
RURAL_NS,Rural Nova Scotia,2021,ALL,All,all,148.414,>=$5M,104,6.3,660.0,0.314,0.758,0.446,False
RURAL_NS,Rural Nova Scotia,2021,PRIMARY,Primary,primary,,<$5M,<2,,,,,,True
RURAL_NS,Rural Nova Scotia,2021,SECONDARY,Secondary,secondary,148.414,>=$5M,104,6.3,660.0,0.341,0.769,0.469,False
RURAL_NS,Rural Nova Scotia,2022,ALL,All,all,168.954,>=$5M,108,6.6,712.0,0.358,0.72,0.455,False
RURAL_NS,Rural Nova Scotia,2022,PRIMARY,Primary,primary,20.54,>=$5M,4,15.2,61.0,0.329,0.366,0.37,False
RURAL_NS,Rural Nova Scotia,2022,SECONDARY,Secondary,secondary,148.414,>=$5M,104,6.3,651.0,0.363,0.747,0.465,False
RURAL_NS,Rural Nova Scotia,2023,ALL,All,all,141.458,>=$5M,108,6.6,712.0,0.347,0.773,0.502,False
RURAL_NS,Rural Nova Scotia,2023,PRIMARY,Primary,primary,19.071,>=$5M,4,15.2,61.0,0.355,0.379,0.383,False
RURAL_NS,Rural Nova Scotia,2023,SECONDARY,Secondary,secondary,122.387,>=$5M,104,6.3,651.0,0.346,0.805,0.518,False
RURAL_NS,Rural Nova Scotia,2024,ALL,All,all,237.863,>=$5M,112,10.8,1210.0,0.61,0.78,0.607,False
RURAL_NS,Rural Nova Scotia,2024,PRIMARY,Primary,primary,20.1,>=$5M,5,20.2,101.0,0.473,0.466,0.507,False
RURAL_NS,Rural Nova Scotia,2024,SECONDARY,Secondary,secondary,217.763,>=$5M,107,10.4,1109.0,0.626,0.805,0.618,False
RURAL_NS,Rural Nova Scotia,2025,ALL,All,all,243.866,>=$5M,115,11.3,1296.0,0.621,0.788,0.626,False
RURAL_NS,Rural Nova Scotia,2025,PRIMARY,Primary,primary,20.1,>=$5M,5,20.2,101.0,0.473,0.46,0.491,False
RURAL_NS,Rural Nova Scotia,2025,SECONDARY,Secondary,secondary,223.766,>=$5M,110,10.9,1195.0,0.639,0.815,0.641,False
RURAL_NU,Rural Nunavut,2017,ALL,All,all,7.611,>=$5M,5,7.4,37.0,0.184,0.376,0.233,False
RURAL_NU,Rural Nunavut,2017,PRIMARY,Primary,primary,,<$5M,<2,,,,,,True
RURAL_NU,Rural Nunavut,2017,SECONDARY,Secondary,secondary,7.611,>=$5M,5,7.4,37.0,0.196,0.381,0.243,False
RURAL_NU,Rural Nunavut,2018,ALL,All,all,7.611,>=$5M,5,7.4,37.0,0.179,0.368,0.221,False
RURAL_NU,Rural Nunavut,2018,PRIMARY,Primary,primary,,<$5M,<2,,,,,,True
RURAL_NU,Rural Nunavut,2018,SECONDARY,Secondary,secondary,7.611,>=$5M,5,7.4,37.0,0.19,0.373,0.231,False
RURAL_NU,Rural Nunavut,2019,ALL,All,all,8.745,>=$5M,7,6.1,43.0,0.176,0.469,0.21,False
RURAL_NU,Rural Nunavut,2019,PRIMARY,Primary,primary,,<$5M,<2,,,,,,True
RURAL_NU,Rural Nunavut,2019,SECONDARY,Secondary,secondary,8.745,>=$5M,7,6.1,43.0,0.192,0.476,0.221,False
RURAL_NU,Rural Nunavut,2020,ALL,All,all,8.745,>=$5M,7,6.1,43.0,0.146,0.469,0.171,False
RURAL_NU,Rural Nunavut,2020,PRIMARY,Primary,primary,,<$5M,<2,,,,,,True
RURAL_NU,Rural Nunavut,2020,SECONDARY,Secondary,secondary,8.745,>=$5M,7,6.1,43.0,0.156,0.476,0.178,False
RURAL_NU,Rural Nunavut,2021,ALL,All,all,8.01,>=$5M,7,6.1,43.0,0.165,0.474,0.225,False
RURAL_NU,Rural Nunavut,2021,PRIMARY,Primary,primary,,<$5M,<2,,,,,,True
RURAL_NU,Rural Nunavut,2021,SECONDARY,Secondary,secondary,8.01,>=$5M,7,6.1,43.0,0.18,0.481,0.236,False
RURAL_NU,Rural Nunavut,2022,ALL,All,all,12.846,>=$5M,9,6.0,54.0,0.286,0.594,0.276,False
RURAL_NU,Rural Nunavut,2022,PRIMARY,Primary,primary,,<$5M,<2,,,,,,True
RURAL_NU,Rural Nunavut,2022,SECONDARY,Secondary,secondary,8.976,>=$5M,8,5.5,44.0,0.231,0.569,0.251,False
RURAL_NU,Rural Nunavut,2023,ALL,All,all,12.665,>=$5M,9,6.1,55.0,0.304,0.643,0.308,False
RURAL_NU,Rural Nunavut,2023,PRIMARY,Primary,primary,,<$5M,<2,,,,,,True
RURAL_NU,Rural Nunavut,2023,SECONDARY,Secondary,secondary,8.795,>=$5M,8,5.6,45.0,0.243,0.618,0.284,False
RURAL_NU,Rural Nunavut,2024,ALL,All,all,5.116,>=$5M,9,3.3,30.0,0.147,0.644,0.107,False
RURAL_NU,Rural Nunavut,2024,PRIMARY,Primary,primary,,<$5M,<2,,,,,,True
RURAL_NU,Rural Nunavut,2024,SECONDARY,Secondary,secondary,3.237,<$5M,8,2.5,20.0,0.104,0.618,0.079,False
RURAL_NU,Rural Nunavut,2025,ALL,All,all,5.605,>=$5M,9,3.7,33.0,0.165,0.645,0.114,False
RURAL_NU,Rural Nunavut,2025,PRIMARY,Primary,primary,,<$5M,<2,,,,,,True
RURAL_NU,Rural Nunavut,2025,SECONDARY,Secondary,secondary,3.726,<$5M,8,2.9,23.0,0.123,0.619,0.089,False
RURAL_ON,Rural Ontario,2017,ALL,All,all,618.636,>=$5M,315,5.9,1843.0,0.478,0.627,0.413,False
RURAL_ON,Rural Ontario,2017,PRIMARY,Primary,primary,56.27,>=$5M,9,10.8,97.0,0.714,1.533,0.528,False
RURAL_ON,Rural Ontario,2017,SECONDARY,Secondary,secondary,562.366,>=$5M,306,5.7,1746.0,0.463,0.616,0.409,False
RURAL_ON,Rural Ontario,2018,ALL,All,all,608.098,>=$5M,319,5.7,1830.0,0.449,0.622,0.39,False
RURAL_ON,Rural Ontario,2018,PRIMARY,Primary,primary,57.426,>=$5M,10,10.1,101.0,0.712,1.604,0.538,False
RURAL_ON,Rural Ontario,2018,SECONDARY,Secondary,secondary,550.672,>=$5M,309,5.6,1729.0,0.432,0.61,0.384,False
RURAL_ON,Rural Ontario,2019,ALL,All,all,1000.67,>=$5M,370,7.9,2921.0,0.593,0.628,0.491,False
RURAL_ON,Rural Ontario,2019,PRIMARY,Primary,primary,62.093,>=$5M,12,10.5,126.0,0.447,1.452,0.415,False
RURAL_ON,Rural Ontario,2019,SECONDARY,Secondary,secondary,938.577,>=$5M,358,7.8,2795.0,0.606,0.616,0.495,False
RURAL_ON,Rural Ontario,2020,ALL,All,all,1003.896,>=$5M,371,7.9,2942.0,0.502,0.63,0.404,False
RURAL_ON,Rural Ontario,2020,PRIMARY,Primary,primary,55.524,>=$5M,10,10.7,107.0,0.443,1.214,0.388,False
RURAL_ON,Rural Ontario,2020,SECONDARY,Secondary,secondary,948.372,>=$5M,361,7.9,2835.0,0.505,0.622,0.405,False
RURAL_ON,Rural Ontario,2021,ALL,All,all,1004.065,>=$5M,371,8.0,2958.0,0.629,0.638,0.533,False
RURAL_ON,Rural Ontario,2021,PRIMARY,Primary,primary,54.232,>=$5M,10,10.7,107.0,0.424,1.182,0.387,False
RURAL_ON,Rural Ontario,2021,SECONDARY,Secondary,secondary,949.833,>=$5M,361,7.9,2851.0,0.647,0.63,0.541,False
RURAL_ON,Rural Ontario,2022,ALL,All,all,1078.505,>=$5M,408,7.7,3151.0,0.669,0.638,0.538,False
RURAL_ON,Rural Ontario,2022,PRIMARY,Primary,primary,126.201,>=$5M,39,8.0,313.0,0.59,0.838,0.507,False
RURAL_ON,Rural Ontario,2022,SECONDARY,Secondary,secondary,952.304,>=$5M,369,7.7,2838.0,0.681,0.622,0.542,False
RURAL_ON,Rural Ontario,2023,ALL,All,all,594.517,>=$5M,397,5.6,2223.0,0.395,0.654,0.413,False
RURAL_ON,Rural Ontario,2023,PRIMARY,Primary,primary,105.502,>=$5M,43,7.0,300.0,0.531,0.938,0.496,False
RURAL_ON,Rural Ontario,2023,SECONDARY,Secondary,secondary,489.015,>=$5M,354,5.4,1923.0,0.374,0.63,0.403,False
RURAL_ON,Rural Ontario,2024,ALL,All,all,823.805,>=$5M,395,8.8,3478.0,0.565,0.635,0.462,False
RURAL_ON,Rural Ontario,2024,PRIMARY,Primary,primary,122.075,>=$5M,45,9.5,429.0,0.768,0.968,0.57,False
RURAL_ON,Rural Ontario,2024,SECONDARY,Secondary,secondary,701.73,>=$5M,350,8.7,3049.0,0.54,0.608,0.45,False
RURAL_ON,Rural Ontario,2025,ALL,All,all,850.125,>=$5M,404,9.1,3657.0,0.561,0.636,0.465,False
RURAL_ON,Rural Ontario,2025,PRIMARY,Primary,primary,116.575,>=$5M,45,9.3,419.0,0.711,0.951,0.536,False
RURAL_ON,Rural Ontario,2025,SECONDARY,Secondary,secondary,733.55,>=$5M,359,9.0,3238.0,0.543,0.611,0.457,False
RURAL_PE,Rural Prince Edward Island,2017,ALL,All,all,14.554,>=$5M,11,5.5,61.0,0.185,0.459,0.233,False
RURAL_PE,Rural Prince Edward Island,2017,PRIMARY,Primary,primary,,<$5M,<2,,,,,,True
RURAL_PE,Rural Prince Edward Island,2017,SECONDARY,Secondary,secondary,14.554,>=$5M,11,5.5,61.0,0.197,0.464,0.243,False
RURAL_PE,Rural Prince Edward Island,2018,ALL,All,all,14.554,>=$5M,11,5.5,61.0,0.177,0.452,0.223,False
RURAL_PE,Rural Prince Edward Island,2018,PRIMARY,Primary,primary,,<$5M,<2,,,,,,True
RURAL_PE,Rural Prince Edward Island,2018,SECONDARY,Secondary,secondary,14.554,>=$5M,11,5.5,61.0,0.188,0.458,0.232,False
RURAL_PE,Rural Prince Edward Island,2019,ALL,All,all,37.447,>=$5M,13,12.6,164.0,0.396,0.496,0.502,False
RURAL_PE,Rural Prince Edward Island,2019,PRIMARY,Primary,primary,,<$5M,<2,,,,,,True
RURAL_PE,Rural Prince Edward Island,2019,SECONDARY,Secondary,secondary,37.447,>=$5M,13,12.6,164.0,0.431,0.503,0.529,False
RURAL_PE,Rural Prince Edward Island,2020,ALL,All,all,37.447,>=$5M,13,12.6,164.0,0.328,0.5,0.405,False
RURAL_PE,Rural Prince Edward Island,2020,PRIMARY,Primary,primary,,<$5M,<2,,,,,,True
RURAL_PE,Rural Prince Edward Island,2020,SECONDARY,Secondary,secondary,37.447,>=$5M,13,12.6,164.0,0.349,0.507,0.421,False
RURAL_PE,Rural Prince Edward Island,2021,ALL,All,all,15.247,>=$5M,12,5.3,64.0,0.165,0.468,0.207,False
RURAL_PE,Rural Prince Edward Island,2021,PRIMARY,Primary,primary,,<$5M,<2,,,,,,True
RURAL_PE,Rural Prince Edward Island,2021,SECONDARY,Secondary,secondary,15.247,>=$5M,12,5.3,64.0,0.179,0.475,0.218,False
RURAL_PE,Rural Prince Edward Island,2022,ALL,All,all,15.247,>=$5M,12,5.3,64.0,0.163,0.43,0.196,False
RURAL_PE,Rural Prince Edward Island,2022,PRIMARY,Primary,primary,,<$5M,<2,,,,,,True
RURAL_PE,Rural Prince Edward Island,2022,SECONDARY,Secondary,secondary,15.247,>=$5M,12,5.3,64.0,0.188,0.464,0.219,False
RURAL_PE,Rural Prince Edward Island,2023,ALL,All,all,12.514,>=$5M,12,5.3,64.0,0.156,0.466,0.218,False
RURAL_PE,Rural Prince Edward Island,2023,PRIMARY,Primary,primary,,<$5M,<2,,,,,,True
RURAL_PE,Rural Prince Edward Island,2023,SECONDARY,Secondary,secondary,12.514,>=$5M,12,5.3,64.0,0.179,0.504,0.245,False
RURAL_PE,Rural Prince Edward Island,2024,ALL,All,all,18.12,>=$5M,13,7.5,97.0,0.269,0.51,0.242,False
RURAL_PE,Rural Prince Edward Island,2024,PRIMARY,Primary,primary,,<$5M,<2,,,,,,True
RURAL_PE,Rural Prince Edward Island,2024,SECONDARY,Secondary,secondary,18.12,>=$5M,13,7.5,97.0,0.302,0.551,0.269,False
RURAL_PE,Rural Prince Edward Island,2025,ALL,All,all,18.614,>=$5M,13,8.5,111.0,0.27,0.506,0.263,False
RURAL_PE,Rural Prince Edward Island,2025,PRIMARY,Primary,primary,,<$5M,<2,,,,,,True
RURAL_PE,Rural Prince Edward Island,2025,SECONDARY,Secondary,secondary,18.614,>=$5M,13,8.5,111.0,0.302,0.547,0.292,False
RURAL_QC,Rural Quebec,2017,ALL,All,all,1027.153,>=$5M,404,7.7,3098.0,0.633,0.722,0.531,False
RURAL_QC,Rural Quebec,2017,PRIMARY,Primary,primary,5.333,>=$5M,3,4.3,13.0,0.054,0.459,0.054,False
RURAL_QC,Rural Quebec,2017,SECONDARY,Secondary,secondary,1021.82,>=$5M,401,7.7,3085.0,0.671,0.725,0.552,False
RURAL_QC,Rural Quebec,2018,ALL,All,all,1080.52,>=$5M,415,8.1,3375.0,0.655,0.732,0.556,False
RURAL_QC,Rural Quebec,2018,PRIMARY,Primary,primary,5.333,>=$5M,3,4.3,13.0,0.054,0.435,0.054,False
RURAL_QC,Rural Quebec,2018,SECONDARY,Secondary,secondary,1075.187,>=$5M,412,8.2,3362.0,0.693,0.736,0.577,False
RURAL_QC,Rural Quebec,2019,ALL,All,all,1264.045,>=$5M,493,8.5,4202.0,0.629,0.756,0.554,False
RURAL_QC,Rural Quebec,2019,PRIMARY,Primary,primary,23.302,>=$5M,6,11.3,68.0,0.141,0.656,0.176,False
RURAL_QC,Rural Quebec,2019,SECONDARY,Secondary,secondary,1240.743,>=$5M,487,8.5,4134.0,0.672,0.757,0.574,False
RURAL_QC,Rural Quebec,2020,ALL,All,all,1218.409,>=$5M,492,8.1,3983.0,0.505,0.756,0.43,False
RURAL_QC,Rural Quebec,2020,PRIMARY,Primary,primary,23.302,>=$5M,6,11.3,68.0,0.154,0.659,0.194,False
RURAL_QC,Rural Quebec,2020,SECONDARY,Secondary,secondary,1195.107,>=$5M,486,8.1,3915.0,0.528,0.757,0.439,False
RURAL_QC,Rural Quebec,2021,ALL,All,all,1223.958,>=$5M,490,8.2,4033.0,0.641,0.768,0.575,False
RURAL_QC,Rural Quebec,2021,PRIMARY,Primary,primary,47.16,>=$5M,6,21.0,126.0,0.308,0.646,0.36,False
RURAL_QC,Rural Quebec,2021,SECONDARY,Secondary,secondary,1176.798,>=$5M,484,8.1,3907.0,0.67,0.769,0.586,False
RURAL_QC,Rural Quebec,2022,ALL,All,all,1418.441,>=$5M,550,8.3,4547.0,0.695,0.76,0.597,False
RURAL_QC,Rural Quebec,2022,PRIMARY,Primary,primary,210.106,>=$5M,55,11.7,646.0,0.776,1.045,0.805,False
RURAL_QC,Rural Quebec,2022,SECONDARY,Secondary,secondary,1208.335,>=$5M,495,7.9,3901.0,0.682,0.738,0.573,False
RURAL_QC,Rural Quebec,2023,ALL,All,all,1015.024,>=$5M,514,7.8,4034.0,0.525,0.756,0.592,False
RURAL_QC,Rural Quebec,2023,PRIMARY,Primary,primary,138.173,>=$5M,52,12.0,623.0,0.541,1.013,0.814,False
RURAL_QC,Rural Quebec,2023,SECONDARY,Secondary,secondary,876.851,>=$5M,462,7.4,3411.0,0.522,0.735,0.564,False
RURAL_QC,Rural Quebec,2024,ALL,All,all,1163.423,>=$5M,526,9.6,5058.0,0.617,0.772,0.53,False
RURAL_QC,Rural Quebec,2024,PRIMARY,Primary,primary,143.221,>=$5M,55,13.4,735.0,0.697,1.08,0.771,False
RURAL_QC,Rural Quebec,2024,SECONDARY,Secondary,secondary,1020.202,>=$5M,471,9.2,4323.0,0.607,0.747,0.503,False
RURAL_QC,Rural Quebec,2025,ALL,All,all,1198.572,>=$5M,533,9.8,5246.0,0.609,0.759,0.529,False
RURAL_QC,Rural Quebec,2025,PRIMARY,Primary,primary,152.69,>=$5M,59,13.6,802.0,0.716,1.127,0.815,False
RURAL_QC,Rural Quebec,2025,SECONDARY,Secondary,secondary,1045.882,>=$5M,474,9.4,4444.0,0.596,0.729,0.498,False
RURAL_SK,Rural Saskatchewan,2017,ALL,All,all,44.728,>=$5M,31,5.4,166.0,0.103,0.193,0.12,False
RURAL_SK,Rural Saskatchewan,2017,PRIMARY,Primary,primary,7.399,>=$5M,2,11.5,23.0,0.279,1.067,0.403,False
RURAL_SK,Rural Saskatchewan,2017,SECONDARY,Secondary,secondary,37.329,>=$5M,29,4.9,143.0,0.091,0.183,0.108,False
RURAL_SK,Rural Saskatchewan,2018,ALL,All,all,45.99,>=$5M,33,5.2,172.0,0.102,0.199,0.117,False
RURAL_SK,Rural Saskatchewan,2018,PRIMARY,Primary,primary,7.722,>=$5M,3,8.0,24.0,0.288,1.491,0.409,False
RURAL_SK,Rural Saskatchewan,2018,SECONDARY,Secondary,secondary,38.268,>=$5M,30,4.9,148.0,0.09,0.184,0.105,False
RURAL_SK,Rural Saskatchewan,2019,ALL,All,all,53.538,>=$5M,39,5.3,208.0,0.095,0.214,0.115,False
RURAL_SK,Rural Saskatchewan,2019,PRIMARY,Primary,primary,5.784,>=$5M,3,6.0,18.0,0.124,1.176,0.195,False
RURAL_SK,Rural Saskatchewan,2019,SECONDARY,Secondary,secondary,47.754,>=$5M,36,5.3,190.0,0.092,0.201,0.11,False
RURAL_SK,Rural Saskatchewan,2020,ALL,All,all,50.01,>=$5M,39,4.7,184.0,0.074,0.215,0.082,False
RURAL_SK,Rural Saskatchewan,2020,PRIMARY,Primary,primary,5.784,>=$5M,3,6.0,18.0,0.137,1.181,0.213,False
RURAL_SK,Rural Saskatchewan,2020,SECONDARY,Secondary,secondary,44.226,>=$5M,36,4.6,166.0,0.07,0.201,0.077,False
RURAL_SK,Rural Saskatchewan,2021,ALL,All,all,50.01,>=$5M,39,4.7,184.0,0.099,0.221,0.11,False
RURAL_SK,Rural Saskatchewan,2021,PRIMARY,Primary,primary,5.784,>=$5M,3,6.0,18.0,0.142,1.167,0.217,False
RURAL_SK,Rural Saskatchewan,2021,SECONDARY,Secondary,secondary,44.226,>=$5M,36,4.6,166.0,0.095,0.207,0.105,False
RURAL_SK,Rural Saskatchewan,2022,ALL,All,all,60.658,>=$5M,42,5.0,209.0,0.121,0.223,0.121,False
RURAL_SK,Rural Saskatchewan,2022,PRIMARY,Primary,primary,2.464,<$5M,4,2.0,8.0,0.037,0.292,0.044,False
RURAL_SK,Rural Saskatchewan,2022,SECONDARY,Secondary,secondary,58.194,>=$5M,38,5.3,201.0,0.134,0.218,0.13,False
RURAL_SK,Rural Saskatchewan,2023,ALL,All,all,46.77,>=$5M,42,4.5,187.0,0.089,0.243,0.119,False
RURAL_SK,Rural Saskatchewan,2023,PRIMARY,Primary,primary,1.501,<$5M,4,2.0,8.0,0.022,0.306,0.045,False
RURAL_SK,Rural Saskatchewan,2023,SECONDARY,Secondary,secondary,45.269,>=$5M,38,4.7,179.0,0.1,0.237,0.129,False
RURAL_SK,Rural Saskatchewan,2024,ALL,All,all,40.871,>=$5M,46,4.6,211.0,0.081,0.253,0.091,False
RURAL_SK,Rural Saskatchewan,2024,PRIMARY,Primary,primary,1.389,<$5M,4,2.0,8.0,0.025,0.295,0.035,False
RURAL_SK,Rural Saskatchewan,2024,SECONDARY,Secondary,secondary,39.482,>=$5M,42,4.8,203.0,0.088,0.25,0.098,False
RURAL_SK,Rural Saskatchewan,2025,ALL,All,all,45.03,>=$5M,47,4.8,226.0,0.085,0.259,0.092,False
RURAL_SK,Rural Saskatchewan,2025,PRIMARY,Primary,primary,1.389,<$5M,4,2.0,8.0,0.024,0.295,0.033,False
RURAL_SK,Rural Saskatchewan,2025,SECONDARY,Secondary,secondary,43.641,>=$5M,43,5.1,218.0,0.092,0.256,0.099,False
RURAL_YT,Rural Yukon,2017,ALL,All,all,4.431,<$5M,3,7.0,21.0,0.327,0.395,0.332,False
RURAL_YT,Rural Yukon,2017,PRIMARY,Primary,primary,,<$5M,<2,,,,,,True
RURAL_YT,Rural Yukon,2017,SECONDARY,Secondary,secondary,4.431,<$5M,3,7.0,21.0,0.349,0.4,0.346,False
RURAL_YT,Rural Yukon,2018,ALL,All,all,4.431,<$5M,3,7.0,21.0,0.281,0.382,0.314,False
RURAL_YT,Rural Yukon,2018,PRIMARY,Primary,primary,,<$5M,<2,,,,,,True
RURAL_YT,Rural Yukon,2018,SECONDARY,Secondary,secondary,4.431,<$5M,3,7.0,21.0,0.299,0.387,0.327,False
RURAL_YT,Rural Yukon,2019,ALL,All,all,4.431,<$5M,3,7.0,21.0,0.242,0.36,0.267,False
RURAL_YT,Rural Yukon,2019,PRIMARY,Primary,primary,,<$5M,<2,,,,,,True
RURAL_YT,Rural Yukon,2019,SECONDARY,Secondary,secondary,4.431,<$5M,3,7.0,21.0,0.264,0.365,0.281,False
RURAL_YT,Rural Yukon,2020,ALL,All,all,4.431,<$5M,3,7.0,21.0,0.2,0.362,0.217,False
RURAL_YT,Rural Yukon,2020,PRIMARY,Primary,primary,,<$5M,<2,,,,,,True
RURAL_YT,Rural Yukon,2020,SECONDARY,Secondary,secondary,4.431,<$5M,3,7.0,21.0,0.213,0.367,0.225,False
RURAL_YT,Rural Yukon,2021,ALL,All,all,4.431,<$5M,3,7.0,21.0,0.266,0.366,0.283,False
RURAL_YT,Rural Yukon,2021,PRIMARY,Primary,primary,,<$5M,<2,,,,,,True
RURAL_YT,Rural Yukon,2021,SECONDARY,Secondary,secondary,4.431,<$5M,3,7.0,21.0,0.289,0.371,0.298,False
RURAL_YT,Rural Yukon,2022,ALL,All,all,4.431,<$5M,3,7.0,21.0,0.27,0.344,0.27,False
RURAL_YT,Rural Yukon,2022,PRIMARY,Primary,primary,,<$5M,<2,,,,,,True
RURAL_YT,Rural Yukon,2022,SECONDARY,Secondary,secondary,4.431,<$5M,3,7.0,21.0,0.312,0.371,0.302,False
RURAL_YT,Rural Yukon,2023,ALL,All,all,4.431,<$5M,3,7.0,21.0,0.293,0.376,0.297,False
RURAL_YT,Rural Yukon,2023,PRIMARY,Primary,primary,,<$5M,<2,,,,,,True
RURAL_YT,Rural Yukon,2023,SECONDARY,Secondary,secondary,4.431,<$5M,3,7.0,21.0,0.337,0.407,0.334,False
RURAL_YT,Rural Yukon,2024,ALL,All,all,3.612,<$5M,3,7.0,21.0,0.278,0.379,0.183,False
RURAL_YT,Rural Yukon,2024,PRIMARY,Primary,primary,,<$5M,<2,,,,,,True
RURAL_YT,Rural Yukon,2024,SECONDARY,Secondary,secondary,3.612,<$5M,3,7.0,21.0,0.313,0.41,0.204,False
RURAL_YT,Rural Yukon,2025,ALL,All,all,3.612,<$5M,3,7.0,21.0,0.269,0.38,0.182,False
RURAL_YT,Rural Yukon,2025,PRIMARY,Primary,primary,,<$5M,<2,,,,,,True
RURAL_YT,Rural Yukon,2025,SECONDARY,Secondary,secondary,3.612,<$5M,3,7.0,21.0,0.302,0.411,0.202,False
408,Saguenay,2017,ALL,All,all,314.166,>=$5M,51,12.8,652.0,1.646,0.934,1.037,False
408,Saguenay,2017,PRIMARY,Primary,primary,,<$5M,<2,,,,,,True
408,Saguenay,2017,SECONDARY,Secondary,secondary,314.166,>=$5M,51,12.8,652.0,1.753,0.945,1.082,False
408,Saguenay,2018,ALL,All,all,326.329,>=$5M,55,12.5,685.0,1.514,0.986,0.992,False
408,Saguenay,2018,PRIMARY,Primary,primary,,<$5M,<2,,,,,,True
408,Saguenay,2018,SECONDARY,Secondary,secondary,326.329,>=$5M,55,12.5,685.0,1.61,0.998,1.033,False
408,Saguenay,2019,ALL,All,all,391.697,>=$5M,70,14.0,979.0,1.489,1.139,1.156,False
408,Saguenay,2019,PRIMARY,Primary,primary,,<$5M,<2,,,,,,True
408,Saguenay,2019,SECONDARY,Secondary,secondary,391.374,>=$5M,69,14.2,978.0,1.621,1.139,1.217,False
408,Saguenay,2020,ALL,All,all,370.841,>=$5M,69,12.9,891.0,1.248,1.124,0.872,False
408,Saguenay,2020,PRIMARY,Primary,primary,,<$5M,<2,,,,,,True
408,Saguenay,2020,SECONDARY,Secondary,secondary,370.518,>=$5M,68,13.1,890.0,1.33,1.123,0.905,False
408,Saguenay,2021,ALL,All,all,403.643,>=$5M,68,15.2,1033.0,1.669,1.119,1.312,False
408,Saguenay,2021,PRIMARY,Primary,primary,,<$5M,<2,,,,,,True
408,Saguenay,2021,SECONDARY,Secondary,secondary,403.32,>=$5M,67,15.4,1032.0,1.813,1.119,1.38,False
408,Saguenay,2022,ALL,All,all,445.074,>=$5M,77,15.1,1159.0,1.663,1.06,1.345,False
408,Saguenay,2022,PRIMARY,Primary,primary,20.522,>=$5M,7,8.4,59.0,0.578,1.324,0.65,False
408,Saguenay,2022,SECONDARY,Secondary,secondary,424.552,>=$5M,70,15.7,1100.0,1.829,1.039,1.427,False
408,Saguenay,2023,ALL,All,all,361.872,>=$5M,72,12.6,905.0,1.522,1.047,1.17,False
408,Saguenay,2023,PRIMARY,Primary,primary,19.184,>=$5M,6,9.7,58.0,0.612,1.155,0.667,False
408,Saguenay,2023,SECONDARY,Secondary,secondary,342.688,>=$5M,66,12.8,847.0,1.661,1.038,1.234,False
408,Saguenay,2024,ALL,All,all,314.914,>=$5M,71,17.0,1207.0,1.341,1.029,1.047,False
408,Saguenay,2024,PRIMARY,Primary,primary,9.762,>=$5M,6,9.0,54.0,0.382,1.163,0.469,False
408,Saguenay,2024,SECONDARY,Secondary,secondary,305.152,>=$5M,65,17.7,1153.0,1.459,1.018,1.111,False
408,Saguenay,2025,ALL,All,all,257.052,>=$5M,69,15.9,1097.0,1.106,0.981,0.946,False
408,Saguenay,2025,PRIMARY,Primary,primary,9.934,>=$5M,6,9.2,55.0,0.395,1.144,0.478,False
408,Saguenay,2025,SECONDARY,Secondary,secondary,247.118,>=$5M,63,16.5,1042.0,1.192,0.968,0.997,False
310,Saint John,2017,ALL,All,all,55.767,>=$5M,37,6.7,249.0,0.541,0.968,0.623,False
310,Saint John,2017,PRIMARY,Primary,primary,,<$5M,<2,,,,,,True
310,Saint John,2017,SECONDARY,Secondary,secondary,55.767,>=$5M,37,6.7,249.0,0.576,0.979,0.649,False
310,Saint John,2018,ALL,All,all,59.694,>=$5M,39,6.8,266.0,0.556,0.972,0.626,False
310,Saint John,2018,PRIMARY,Primary,primary,,<$5M,<2,,,,,,True
310,Saint John,2018,SECONDARY,Secondary,secondary,59.694,>=$5M,39,6.8,266.0,0.591,0.984,0.652,False
310,Saint John,2019,ALL,All,all,82.602,>=$5M,43,8.8,378.0,0.634,0.967,0.706,False
310,Saint John,2019,PRIMARY,Primary,primary,,<$5M,<2,,,,,,True
310,Saint John,2019,SECONDARY,Secondary,secondary,82.602,>=$5M,43,8.8,378.0,0.691,0.981,0.744,False
310,Saint John,2020,ALL,All,all,83.988,>=$5M,43,8.9,384.0,0.53,0.965,0.578,False
310,Saint John,2020,PRIMARY,Primary,primary,,<$5M,<2,,,,,,True
310,Saint John,2020,SECONDARY,Secondary,secondary,83.988,>=$5M,43,8.9,384.0,0.565,0.979,0.601,False
310,Saint John,2021,ALL,All,all,82.833,>=$5M,42,9.0,379.0,0.596,0.954,0.742,False
310,Saint John,2021,PRIMARY,Primary,primary,,<$5M,<2,,,,,,True
310,Saint John,2021,SECONDARY,Secondary,secondary,82.833,>=$5M,42,9.0,379.0,0.648,0.968,0.781,False
310,Saint John,2022,ALL,All,all,89.271,>=$5M,45,8.8,396.0,0.608,0.917,0.72,False
310,Saint John,2022,PRIMARY,Primary,primary,6.438,>=$5M,3,5.7,17.0,0.331,0.84,0.293,False
310,Saint John,2022,SECONDARY,Secondary,secondary,82.833,>=$5M,42,9.0,379.0,0.651,0.923,0.77,False
310,Saint John,2023,ALL,All,all,85.059,>=$5M,43,9.0,386.0,0.698,0.9,0.778,False
310,Saint John,2023,PRIMARY,Primary,primary,5.894,>=$5M,3,5.7,17.0,0.366,0.832,0.305,False
310,Saint John,2023,SECONDARY,Secondary,secondary,79.165,>=$5M,40,9.2,369.0,0.748,0.906,0.838,False
310,Saint John,2024,ALL,All,all,89.316,>=$5M,41,12.1,496.0,0.736,0.844,0.723,False
310,Saint John,2024,PRIMARY,Primary,primary,3.159,<$5M,3,5.7,17.0,0.239,0.827,0.248,False
310,Saint John,2024,SECONDARY,Secondary,secondary,86.157,>=$5M,38,12.6,479.0,0.797,0.846,0.776,False
310,Saint John,2025,ALL,All,all,93.605,>=$5M,41,12.6,518.0,0.766,0.824,0.737,False
310,Saint John,2025,PRIMARY,Primary,primary,3.159,<$5M,3,5.7,17.0,0.239,0.809,0.244,False
310,Saint John,2025,SECONDARY,Secondary,secondary,90.446,>=$5M,38,13.2,501.0,0.83,0.826,0.791,False
428,Saint-Georges,2017,ALL,All,all,34.578,>=$5M,13,7.8,102.0,0.74,1.079,0.676,False
428,Saint-Georges,2017,PRIMARY,Primary,primary,,<$5M,<2,,,,,,True
428,Saint-Georges,2017,SECONDARY,Secondary,secondary,34.578,>=$5M,13,7.8,102.0,0.788,1.091,0.705,False
428,Saint-Georges,2018,ALL,All,all,34.578,>=$5M,13,7.8,102.0,0.725,1.045,0.643,False
428,Saint-Georges,2018,PRIMARY,Primary,primary,,<$5M,<2,,,,,,True
428,Saint-Georges,2018,SECONDARY,Secondary,secondary,34.578,>=$5M,13,7.8,102.0,0.771,1.058,0.67,False
428,Saint-Georges,2019,ALL,All,all,41.277,>=$5M,15,8.7,131.0,0.744,1.055,0.668,False
428,Saint-Georges,2019,PRIMARY,Primary,primary,,<$5M,<2,,,,,,True
428,Saint-Georges,2019,SECONDARY,Secondary,secondary,41.277,>=$5M,15,8.7,131.0,0.811,1.07,0.704,False
428,Saint-Georges,2020,ALL,All,all,41.046,>=$5M,15,8.7,130.0,0.618,1.066,0.545,False
428,Saint-Georges,2020,PRIMARY,Primary,primary,,<$5M,<2,,,,,,True
428,Saint-Georges,2020,SECONDARY,Secondary,secondary,41.046,>=$5M,15,8.7,130.0,0.659,1.081,0.566,False
428,Saint-Georges,2021,ALL,All,all,41.046,>=$5M,15,8.7,130.0,0.769,1.084,0.747,False
428,Saint-Georges,2021,PRIMARY,Primary,primary,,<$5M,<2,,,,,,True
428,Saint-Georges,2021,SECONDARY,Secondary,secondary,41.046,>=$5M,15,8.7,130.0,0.836,1.1,0.787,False
428,Saint-Georges,2022,ALL,All,all,54.397,>=$5M,19,9.7,184.0,1.012,1.222,0.967,False
428,Saint-Georges,2022,PRIMARY,Primary,primary,13.351,>=$5M,4,13.5,54.0,1.874,3.535,2.694,False
428,Saint-Georges,2022,SECONDARY,Secondary,secondary,41.046,>=$5M,15,8.7,130.0,0.881,1.04,0.764,False
428,Saint-Georges,2023,ALL,All,all,46.563,>=$5M,18,9.1,163.0,0.93,1.237,0.96,False
428,Saint-Georges,2023,PRIMARY,Primary,primary,11.23,>=$5M,4,13.5,54.0,1.7,3.64,2.829,False
428,Saint-Georges,2023,SECONDARY,Secondary,secondary,35.333,>=$5M,14,7.8,109.0,0.813,1.04,0.723,False
428,Saint-Georges,2024,ALL,All,all,63.827,>=$5M,20,16.3,326.0,1.225,1.372,1.409,False
428,Saint-Georges,2024,PRIMARY,Primary,primary,7.49,>=$5M,3,16.3,49.0,1.32,2.754,2.12,False
428,Saint-Georges,2024,SECONDARY,Secondary,secondary,56.337,>=$5M,17,16.3,277.0,1.214,1.26,1.33,False
428,Saint-Georges,2025,ALL,All,all,64.139,>=$5M,20,16.6,331.0,1.24,1.338,1.413,False
428,Saint-Georges,2025,PRIMARY,Primary,primary,7.49,>=$5M,3,16.3,49.0,1.338,2.692,2.106,False
428,Saint-Georges,2025,SECONDARY,Secondary,secondary,56.649,>=$5M,17,16.6,282.0,1.229,1.229,1.337,False
452,Saint-Hyacinthe,2017,ALL,All,all,32.855,>=$5M,19,6.9,132.0,0.344,0.822,0.446,False
452,Saint-Hyacinthe,2017,PRIMARY,Primary,primary,,<$5M,<2,,,,,,True
452,Saint-Hyacinthe,2017,SECONDARY,Secondary,secondary,32.855,>=$5M,19,6.9,132.0,0.366,0.832,0.465,False
452,Saint-Hyacinthe,2018,ALL,All,all,34.325,>=$5M,20,6.9,138.0,0.321,0.848,0.406,False
452,Saint-Hyacinthe,2018,PRIMARY,Primary,primary,,<$5M,<2,,,,,,True
452,Saint-Hyacinthe,2018,SECONDARY,Secondary,secondary,34.325,>=$5M,20,6.9,138.0,0.341,0.859,0.423,False
452,Saint-Hyacinthe,2019,ALL,All,all,47.492,>=$5M,23,8.5,195.0,0.392,0.842,0.454,False
452,Saint-Hyacinthe,2019,PRIMARY,Primary,primary,,<$5M,<2,,,,,,True
452,Saint-Hyacinthe,2019,SECONDARY,Secondary,secondary,47.492,>=$5M,23,8.5,195.0,0.427,0.854,0.478,False
452,Saint-Hyacinthe,2020,ALL,All,all,47.492,>=$5M,23,8.5,195.0,0.326,0.838,0.374,False
452,Saint-Hyacinthe,2020,PRIMARY,Primary,primary,,<$5M,<2,,,,,,True
452,Saint-Hyacinthe,2020,SECONDARY,Secondary,secondary,47.492,>=$5M,23,8.5,195.0,0.347,0.849,0.389,False
452,Saint-Hyacinthe,2021,ALL,All,all,47.492,>=$5M,23,8.9,205.0,0.406,0.846,0.519,False
452,Saint-Hyacinthe,2021,PRIMARY,Primary,primary,,<$5M,<2,,,,,,True
452,Saint-Hyacinthe,2021,SECONDARY,Secondary,secondary,47.492,>=$5M,23,8.9,205.0,0.441,0.859,0.546,False
452,Saint-Hyacinthe,2022,ALL,All,all,80.671,>=$5M,30,10.1,303.0,0.661,0.991,0.711,False
452,Saint-Hyacinthe,2022,PRIMARY,Primary,primary,33.465,>=$5M,8,12.4,99.0,2.069,3.631,2.204,False
452,Saint-Hyacinthe,2022,SECONDARY,Secondary,secondary,47.206,>=$5M,22,9.3,204.0,0.446,0.784,0.535,False
452,Saint-Hyacinthe,2023,ALL,All,all,66.72,>=$5M,25,9.7,243.0,0.581,0.887,0.65,False
452,Saint-Hyacinthe,2023,PRIMARY,Primary,primary,33.179,>=$5M,7,14.0,98.0,2.192,3.289,2.33,False
452,Saint-Hyacinthe,2023,SECONDARY,Secondary,secondary,33.541,>=$5M,18,8.1,145.0,0.337,0.691,0.437,False
452,Saint-Hyacinthe,2024,ALL,All,all,50.885,>=$5M,25,11.0,275.0,0.42,0.883,0.544,False
452,Saint-Hyacinthe,2024,PRIMARY,Primary,primary,16.514,>=$5M,7,13.3,93.0,1.252,3.31,1.841,False
452,Saint-Hyacinthe,2024,SECONDARY,Secondary,secondary,34.371,>=$5M,18,10.1,182.0,0.319,0.687,0.4,False
452,Saint-Hyacinthe,2025,ALL,All,all,60.648,>=$5M,26,11.2,291.0,0.501,0.9,0.563,False
452,Saint-Hyacinthe,2025,PRIMARY,Primary,primary,16.514,>=$5M,7,13.3,93.0,1.26,3.249,1.811,False
452,Saint-Hyacinthe,2025,SECONDARY,Secondary,secondary,44.134,>=$5M,19,10.4,198.0,0.409,0.71,0.425,False
467,Sainte-Agathe-des-Monts,2017,ALL,All,all,14.826,>=$5M,11,7.1,78.0,0.645,1.043,0.679,False
467,Sainte-Agathe-des-Monts,2017,PRIMARY,Primary,primary,,<$5M,<2,,,,,,True
467,Sainte-Agathe-des-Monts,2017,SECONDARY,Secondary,secondary,14.826,>=$5M,11,7.1,78.0,0.687,1.055,0.708,False
467,Sainte-Agathe-des-Monts,2018,ALL,All,all,15.057,>=$5M,12,6.6,79.0,0.633,1.109,0.654,False
467,Sainte-Agathe-des-Monts,2018,PRIMARY,Primary,primary,,<$5M,<2,,,,,,True
467,Sainte-Agathe-des-Monts,2018,SECONDARY,Secondary,secondary,15.057,>=$5M,12,6.6,79.0,0.673,1.122,0.681,False
467,Sainte-Agathe-des-Monts,2019,ALL,All,all,18.06,>=$5M,14,6.6,92.0,0.581,1.084,0.602,False
467,Sainte-Agathe-des-Monts,2019,PRIMARY,Primary,primary,,<$5M,<2,,,,,,True
467,Sainte-Agathe-des-Monts,2019,SECONDARY,Secondary,secondary,18.06,>=$5M,14,6.6,92.0,0.633,1.1,0.635,False
467,Sainte-Agathe-des-Monts,2020,ALL,All,all,17.829,>=$5M,13,7.0,91.0,0.488,1.003,0.488,False
467,Sainte-Agathe-des-Monts,2020,PRIMARY,Primary,primary,,<$5M,<2,,,,,,True
467,Sainte-Agathe-des-Monts,2020,SECONDARY,Secondary,secondary,17.829,>=$5M,13,7.0,91.0,0.521,1.017,0.507,False
467,Sainte-Agathe-des-Monts,2021,ALL,All,all,17.136,>=$5M,12,7.3,88.0,0.572,0.935,0.613,False
467,Sainte-Agathe-des-Monts,2021,PRIMARY,Primary,primary,,<$5M,<2,,,,,,True
467,Sainte-Agathe-des-Monts,2021,SECONDARY,Secondary,secondary,17.136,>=$5M,12,7.3,88.0,0.622,0.949,0.646,False
467,Sainte-Agathe-des-Monts,2022,ALL,All,all,18.499,>=$5M,14,6.4,89.0,0.576,0.978,0.569,False
467,Sainte-Agathe-des-Monts,2022,PRIMARY,Primary,primary,,<$5M,<2,,,,,,True
467,Sainte-Agathe-des-Monts,2022,SECONDARY,Secondary,secondary,18.291,>=$5M,13,6.8,88.0,0.656,0.98,0.629,False
467,Sainte-Agathe-des-Monts,2023,ALL,All,all,12.846,>=$5M,13,5.7,74.0,0.426,0.961,0.532,False
467,Sainte-Agathe-des-Monts,2023,PRIMARY,Primary,primary,,<$5M,<2,,,,,,True
467,Sainte-Agathe-des-Monts,2023,SECONDARY,Secondary,secondary,12.698,>=$5M,12,6.1,73.0,0.485,0.96,0.591,False
467,Sainte-Agathe-des-Monts,2024,ALL,All,all,18.41,>=$5M,14,7.9,111.0,0.652,1.034,0.589,False
467,Sainte-Agathe-des-Monts,2024,PRIMARY,Primary,primary,,<$5M,<2,,,,,,True
467,Sainte-Agathe-des-Monts,2024,SECONDARY,Secondary,secondary,18.262,>=$5M,13,8.5,110.0,0.726,1.037,0.648,False
467,Sainte-Agathe-des-Monts,2025,ALL,All,all,19.472,>=$5M,16,7.4,119.0,0.278,1.141,0.268,False
467,Sainte-Agathe-des-Monts,2025,PRIMARY,Primary,primary,,<$5M,<2,,,,,,True
467,Sainte-Agathe-des-Monts,2025,SECONDARY,Secondary,secondary,19.324,>=$5M,15,7.9,118.0,0.309,1.156,0.295,False
423,Sainte-Marie,2017,ALL,All,all,13.659,>=$5M,9,5.0,45.0,0.709,1.647,0.696,False
423,Sainte-Marie,2017,PRIMARY,Primary,primary,,<$5M,<2,,,,,,True
423,Sainte-Marie,2017,SECONDARY,Secondary,secondary,13.659,>=$5M,9,5.0,45.0,0.755,1.667,0.726,False
423,Sainte-Marie,2018,ALL,All,all,13.659,>=$5M,9,5.0,45.0,0.669,1.583,0.658,False
423,Sainte-Marie,2018,PRIMARY,Primary,primary,,<$5M,<2,,,,,,True
423,Sainte-Marie,2018,SECONDARY,Secondary,secondary,13.659,>=$5M,9,5.0,45.0,0.711,1.603,0.685,False
423,Sainte-Marie,2019,ALL,All,all,16.431,>=$5M,11,5.2,57.0,0.631,1.672,0.645,False
423,Sainte-Marie,2019,PRIMARY,Primary,primary,,<$5M,<2,,,,,,True
423,Sainte-Marie,2019,SECONDARY,Secondary,secondary,16.431,>=$5M,11,5.2,57.0,0.687,1.696,0.68,False
423,Sainte-Marie,2020,ALL,All,all,16.431,>=$5M,11,5.2,57.0,0.547,1.67,0.527,False
423,Sainte-Marie,2020,PRIMARY,Primary,primary,,<$5M,<2,,,,,,True
423,Sainte-Marie,2020,SECONDARY,Secondary,secondary,16.431,>=$5M,11,5.2,57.0,0.584,1.693,0.547,False
423,Sainte-Marie,2021,ALL,All,all,16.431,>=$5M,11,5.2,57.0,0.681,1.685,0.688,False
423,Sainte-Marie,2021,PRIMARY,Primary,primary,,<$5M,<2,,,,,,True
423,Sainte-Marie,2021,SECONDARY,Secondary,secondary,16.431,>=$5M,11,5.2,57.0,0.74,1.71,0.724,False
423,Sainte-Marie,2022,ALL,All,all,26.831,>=$5M,12,9.2,111.0,1.052,1.665,1.246,False
423,Sainte-Marie,2022,PRIMARY,Primary,primary,,>=$5M,<2,,,,,,True
423,Sainte-Marie,2022,SECONDARY,Secondary,secondary,16.431,>=$5M,11,5.5,61.0,0.742,1.646,0.765,False
423,Sainte-Marie,2023,ALL,All,all,22.642,>=$5M,12,9.2,110.0,0.972,1.756,1.396,False
423,Sainte-Marie,2023,PRIMARY,Primary,primary,,>=$5M,<2,,,,,,True
423,Sainte-Marie,2023,SECONDARY,Secondary,secondary,15.273,>=$5M,11,5.5,60.0,0.755,1.741,0.858,False
423,Sainte-Marie,2024,ALL,All,all,14.439,>=$5M,12,6.7,80.0,0.438,1.768,0.678,False
423,Sainte-Marie,2024,PRIMARY,Primary,primary,,>=$5M,<2,,,,,,True
423,Sainte-Marie,2024,SECONDARY,Secondary,secondary,7.07,>=$5M,11,2.7,30.0,0.241,1.751,0.283,False
423,Sainte-Marie,2025,ALL,All,all,14.538,>=$5M,12,6.8,81.0,0.435,1.755,0.69,False
423,Sainte-Marie,2025,PRIMARY,Primary,primary,,>=$5M,<2,,,,,,True
423,Sainte-Marie,2025,SECONDARY,Secondary,secondary,7.169,>=$5M,11,2.8,31.0,0.24,1.738,0.293,False
465,Salaberry-de-Valleyfield,2017,ALL,All,all,27.449,>=$5M,14,6.9,97.0,0.633,0.951,0.673,False
465,Salaberry-de-Valleyfield,2017,PRIMARY,Primary,primary,,<$5M,<2,,,,,,True
465,Salaberry-de-Valleyfield,2017,SECONDARY,Secondary,secondary,27.449,>=$5M,14,6.9,97.0,0.674,0.962,0.702,False
465,Salaberry-de-Valleyfield,2018,ALL,All,all,26.063,>=$5M,13,7.0,91.0,0.591,0.875,0.608,False
465,Salaberry-de-Valleyfield,2018,PRIMARY,Primary,primary,,<$5M,<2,,,,,,True
465,Salaberry-de-Valleyfield,2018,SECONDARY,Secondary,secondary,26.063,>=$5M,13,7.0,91.0,0.628,0.885,0.634,False
465,Salaberry-de-Valleyfield,2019,ALL,All,all,158.606,>=$5M,15,36.3,544.0,2.948,0.905,2.831,False
465,Salaberry-de-Valleyfield,2019,PRIMARY,Primary,primary,,>=$5M,<2,,,,,,True
465,Salaberry-de-Valleyfield,2019,SECONDARY,Secondary,secondary,26.756,>=$5M,14,6.7,94.0,0.542,0.857,0.515,False
465,Salaberry-de-Valleyfield,2020,ALL,All,all,26.756,>=$5M,14,6.7,94.0,0.423,0.845,0.412,False
465,Salaberry-de-Valleyfield,2020,PRIMARY,Primary,primary,,<$5M,<2,,,,,,True
465,Salaberry-de-Valleyfield,2020,SECONDARY,Secondary,secondary,26.756,>=$5M,14,6.7,94.0,0.451,0.857,0.428,False
465,Salaberry-de-Valleyfield,2021,ALL,All,all,18.671,>=$5M,13,4.5,59.0,0.401,0.831,0.361,False
465,Salaberry-de-Valleyfield,2021,PRIMARY,Primary,primary,,<$5M,<2,,,,,,True
465,Salaberry-de-Valleyfield,2021,SECONDARY,Secondary,secondary,18.671,>=$5M,13,4.5,59.0,0.436,0.843,0.38,False
465,Salaberry-de-Valleyfield,2022,ALL,All,all,19.445,>=$5M,14,4.4,61.0,0.411,0.79,0.363,False
465,Salaberry-de-Valleyfield,2022,PRIMARY,Primary,primary,,<$5M,<2,,,,,,True
465,Salaberry-de-Valleyfield,2022,SECONDARY,Secondary,secondary,18.671,>=$5M,13,4.5,59.0,0.455,0.792,0.393,False
465,Salaberry-de-Valleyfield,2023,ALL,All,all,16.692,>=$5M,13,4.5,58.0,0.371,0.766,0.377,False
465,Salaberry-de-Valleyfield,2023,PRIMARY,Primary,primary,,<$5M,<2,,,,,,True
465,Salaberry-de-Valleyfield,2023,SECONDARY,Secondary,secondary,16.316,>=$5M,12,4.7,56.0,0.418,0.765,0.41,False
465,Salaberry-de-Valleyfield,2024,ALL,All,all,10.388,>=$5M,12,3.5,42.0,0.212,0.704,0.185,False
465,Salaberry-de-Valleyfield,2024,PRIMARY,Primary,primary,,<$5M,<2,,,,,,True
465,Salaberry-de-Valleyfield,2024,SECONDARY,Secondary,secondary,10.012,>=$5M,11,3.6,40.0,0.229,0.698,0.196,False
465,Salaberry-de-Valleyfield,2025,ALL,All,all,10.388,>=$5M,12,3.5,42.0,0.207,0.689,0.183,False
465,Salaberry-de-Valleyfield,2025,PRIMARY,Primary,primary,,<$5M,<2,,,,,,True
465,Salaberry-de-Valleyfield,2025,SECONDARY,Secondary,secondary,10.012,>=$5M,11,3.6,40.0,0.224,0.682,0.194,False
920,Salmon Arm,2017,ALL,All,all,6.951,>=$5M,7,5.3,37.0,0.294,0.791,0.463,False
920,Salmon Arm,2017,PRIMARY,Primary,primary,,<$5M,<2,,,,,,True
920,Salmon Arm,2017,SECONDARY,Secondary,secondary,6.951,>=$5M,7,5.3,37.0,0.314,0.8,0.483,False
920,Salmon Arm,2018,ALL,All,all,8.106,>=$5M,8,5.2,42.0,0.339,0.85,0.485,False
920,Salmon Arm,2018,PRIMARY,Primary,primary,,<$5M,<2,,,,,,True
920,Salmon Arm,2018,SECONDARY,Secondary,secondary,8.106,>=$5M,8,5.2,42.0,0.36,0.86,0.506,False
920,Salmon Arm,2019,ALL,All,all,9.807,>=$5M,10,5.3,53.0,0.356,0.949,0.501,False
920,Salmon Arm,2019,PRIMARY,Primary,primary,,<$5M,<2,,,,,,True
920,Salmon Arm,2019,SECONDARY,Secondary,secondary,9.807,>=$5M,10,5.3,53.0,0.388,0.963,0.528,False
920,Salmon Arm,2020,ALL,All,all,9.807,>=$5M,10,5.3,53.0,0.293,0.93,0.405,False
920,Salmon Arm,2020,PRIMARY,Primary,primary,,<$5M,<2,,,,,,True
920,Salmon Arm,2020,SECONDARY,Secondary,secondary,9.807,>=$5M,10,5.3,53.0,0.313,0.943,0.421,False
920,Salmon Arm,2021,ALL,All,all,9.807,>=$5M,10,5.3,53.0,0.388,0.938,0.497,False
920,Salmon Arm,2021,PRIMARY,Primary,primary,,<$5M,<2,,,,,,True
920,Salmon Arm,2021,SECONDARY,Secondary,secondary,9.807,>=$5M,10,5.3,53.0,0.422,0.952,0.523,False
920,Salmon Arm,2022,ALL,All,all,15.289,>=$5M,12,5.1,61.0,0.608,1.018,0.563,False
920,Salmon Arm,2022,PRIMARY,Primary,primary,,<$5M,<2,,,,,,True
920,Salmon Arm,2022,SECONDARY,Secondary,secondary,15.289,>=$5M,12,5.1,61.0,0.7,1.098,0.629,False
920,Salmon Arm,2023,ALL,All,all,15.013,>=$5M,12,5.4,65.0,0.655,1.078,0.641,False
920,Salmon Arm,2023,PRIMARY,Primary,primary,,<$5M,<2,,,,,,True
920,Salmon Arm,2023,SECONDARY,Secondary,secondary,15.013,>=$5M,12,5.4,65.0,0.754,1.166,0.722,False
920,Salmon Arm,2024,ALL,All,all,10.562,>=$5M,12,5.3,64.0,0.492,1.045,0.47,False
920,Salmon Arm,2024,PRIMARY,Primary,primary,,<$5M,<2,,,,,,True
920,Salmon Arm,2024,SECONDARY,Secondary,secondary,10.562,>=$5M,12,5.3,64.0,0.552,1.129,0.523,False
920,Salmon Arm,2025,ALL,All,all,10.661,>=$5M,12,5.4,65.0,0.482,1.02,0.461,False
920,Salmon Arm,2025,PRIMARY,Primary,primary,,<$5M,<2,,,,,,True
920,Salmon Arm,2025,SECONDARY,Secondary,secondary,10.661,>=$5M,12,5.4,65.0,0.54,1.102,0.511,False
562,Sarnia,2017,ALL,All,all,113.811,>=$5M,30,10.7,321.0,1.175,0.959,1.051,False
562,Sarnia,2017,PRIMARY,Primary,primary,,<$5M,<2,,,,,,True
562,Sarnia,2017,SECONDARY,Secondary,secondary,113.811,>=$5M,30,10.7,321.0,1.251,0.97,1.096,False
562,Sarnia,2018,ALL,All,all,117.045,>=$5M,31,10.8,335.0,1.204,0.961,1.044,False
562,Sarnia,2018,PRIMARY,Primary,primary,,<$5M,<2,,,,,,True
562,Sarnia,2018,SECONDARY,Secondary,secondary,117.045,>=$5M,31,10.8,335.0,1.28,0.973,1.087,False
562,Sarnia,2019,ALL,All,all,140.925,>=$5M,36,12.2,439.0,1.111,0.98,1.058,False
562,Sarnia,2019,PRIMARY,Primary,primary,,<$5M,<2,,,,,,True
562,Sarnia,2019,SECONDARY,Secondary,secondary,140.925,>=$5M,36,12.2,439.0,1.21,0.994,1.115,False
562,Sarnia,2020,ALL,All,all,168.981,>=$5M,39,13.5,528.0,1.109,1.056,1.019,False
562,Sarnia,2020,PRIMARY,Primary,primary,,<$5M,<2,,,,,,True
562,Sarnia,2020,SECONDARY,Secondary,secondary,168.981,>=$5M,39,13.5,528.0,1.183,1.071,1.059,False
562,Sarnia,2021,ALL,All,all,166.902,>=$5M,39,13.3,519.0,1.36,1.058,1.332,False
562,Sarnia,2021,PRIMARY,Primary,primary,,<$5M,<2,,,,,,True
562,Sarnia,2021,SECONDARY,Secondary,secondary,166.902,>=$5M,39,13.3,519.0,1.479,1.074,1.402,False
562,Sarnia,2022,ALL,All,all,196.366,>=$5M,42,12.7,535.0,1.688,1.033,1.304,False
562,Sarnia,2022,PRIMARY,Primary,primary,,<$5M,<2,,,,,,True
562,Sarnia,2022,SECONDARY,Secondary,secondary,193.902,>=$5M,41,12.9,527.0,1.922,1.087,1.436,False
562,Sarnia,2023,ALL,All,all,158.278,>=$5M,39,11.4,446.0,1.472,1.032,1.173,False
562,Sarnia,2023,PRIMARY,Primary,primary,,<$5M,<2,,,,,,True
562,Sarnia,2023,SECONDARY,Secondary,secondary,155.814,>=$5M,38,11.5,438.0,1.669,1.087,1.298,False
562,Sarnia,2024,ALL,All,all,131.457,>=$5M,38,13.3,506.0,1.221,0.985,0.979,False
562,Sarnia,2024,PRIMARY,Primary,primary,,<$5M,<2,,,,,,True
562,Sarnia,2024,SECONDARY,Secondary,secondary,130.081,>=$5M,37,13.5,498.0,1.356,1.036,1.07,False
562,Sarnia,2025,ALL,All,all,133.329,>=$5M,39,13.2,514.0,1.215,0.981,0.971,False
562,Sarnia,2025,PRIMARY,Primary,primary,,<$5M,<2,,,,,,True
562,Sarnia,2025,SECONDARY,Secondary,secondary,131.953,>=$5M,38,13.3,506.0,1.349,1.033,1.061,False
725,Saskatoon,2017,ALL,All,all,191.731,>=$5M,81,10.3,833.0,0.651,0.876,0.775,False
725,Saskatoon,2017,PRIMARY,Primary,primary,,<$5M,<2,,,,,,True
725,Saskatoon,2017,SECONDARY,Secondary,secondary,191.731,>=$5M,81,10.3,833.0,0.693,0.887,0.809,False
725,Saskatoon,2018,ALL,All,all,201.517,>=$5M,82,10.7,879.0,0.649,0.847,0.772,False
725,Saskatoon,2018,PRIMARY,Primary,primary,,<$5M,<2,,,,,,True
725,Saskatoon,2018,SECONDARY,Secondary,secondary,201.517,>=$5M,82,10.7,879.0,0.69,0.857,0.804,False
725,Saskatoon,2019,ALL,All,all,314.59,>=$5M,99,13.9,1374.0,0.804,0.917,0.958,False
725,Saskatoon,2019,PRIMARY,Primary,primary,,<$5M,<2,,,,,,True
725,Saskatoon,2019,SECONDARY,Secondary,secondary,314.59,>=$5M,99,13.9,1374.0,0.876,0.93,1.01,False
725,Saskatoon,2020,ALL,All,all,312.191,>=$5M,103,12.9,1333.0,0.668,0.926,0.753,False
725,Saskatoon,2020,PRIMARY,Primary,primary,,<$5M,<2,,,,,,True
725,Saskatoon,2020,SECONDARY,Secondary,secondary,312.191,>=$5M,103,12.9,1333.0,0.713,0.939,0.782,False
725,Saskatoon,2021,ALL,All,all,274.769,>=$5M,99,11.9,1182.0,0.794,0.904,0.889,False
725,Saskatoon,2021,PRIMARY,Primary,primary,,<$5M,<2,,,,,,True
725,Saskatoon,2021,SECONDARY,Secondary,secondary,274.769,>=$5M,99,11.9,1182.0,0.864,0.917,0.935,False
725,Saskatoon,2022,ALL,All,all,233.437,>=$5M,106,11.9,1258.0,0.653,0.861,0.88,False
725,Saskatoon,2022,PRIMARY,Primary,primary,28.764,>=$5M,7,12.7,89.0,0.607,0.781,0.59,False
725,Saskatoon,2022,SECONDARY,Secondary,secondary,204.673,>=$5M,99,11.8,1169.0,0.66,0.867,0.914,False
725,Saskatoon,2023,ALL,All,all,205.268,>=$5M,98,11.9,1166.0,0.633,0.82,0.89,False
725,Saskatoon,2023,PRIMARY,Primary,primary,28.22,>=$5M,7,12.7,89.0,0.66,0.776,0.605,False
725,Saskatoon,2023,SECONDARY,Secondary,secondary,177.048,>=$5M,91,11.8,1077.0,0.629,0.824,0.927,False
725,Saskatoon,2024,ALL,All,all,246.204,>=$5M,112,11.6,1296.0,0.74,0.854,0.724,False
725,Saskatoon,2024,PRIMARY,Primary,primary,24.966,>=$5M,10,14.6,146.0,0.688,1.02,0.817,False
725,Saskatoon,2024,SECONDARY,Secondary,secondary,221.238,>=$5M,102,11.3,1150.0,0.746,0.84,0.714,False
725,Saskatoon,2025,ALL,All,all,244.243,>=$5M,113,11.5,1304.0,0.69,0.842,0.684,False
725,Saskatoon,2025,PRIMARY,Primary,primary,27.596,>=$5M,10,11.3,113.0,0.72,1.0,0.597,False
725,Saskatoon,2025,SECONDARY,Secondary,secondary,216.647,>=$5M,103,11.6,1191.0,0.687,0.83,0.694,False
590,Sault Ste. Marie,2017,ALL,All,all,50.96,>=$5M,30,7.6,228.0,0.657,1.067,0.828,False
590,Sault Ste. Marie,2017,PRIMARY,Primary,primary,,<$5M,<2,,,,,,True
590,Sault Ste. Marie,2017,SECONDARY,Secondary,secondary,50.96,>=$5M,30,7.6,228.0,0.699,1.08,0.864,False
590,Sault Ste. Marie,2018,ALL,All,all,55.691,>=$5M,32,7.8,249.0,0.715,1.124,0.865,False
590,Sault Ste. Marie,2018,PRIMARY,Primary,primary,,<$5M,<2,,,,,,True
590,Sault Ste. Marie,2018,SECONDARY,Secondary,secondary,55.691,>=$5M,32,7.8,249.0,0.76,1.138,0.901,False
590,Sault Ste. Marie,2019,ALL,All,all,75.302,>=$5M,36,9.4,339.0,0.813,1.126,0.93,False
590,Sault Ste. Marie,2019,PRIMARY,Primary,primary,,<$5M,<2,,,,,,True
590,Sault Ste. Marie,2019,SECONDARY,Secondary,secondary,75.302,>=$5M,36,9.4,339.0,0.886,1.142,0.98,False
590,Sault Ste. Marie,2020,ALL,All,all,75.764,>=$5M,36,9.5,341.0,0.675,1.119,0.763,False
590,Sault Ste. Marie,2020,PRIMARY,Primary,primary,,<$5M,<2,,,,,,True
590,Sault Ste. Marie,2020,SECONDARY,Secondary,secondary,75.764,>=$5M,36,9.5,341.0,0.72,1.135,0.793,False
590,Sault Ste. Marie,2021,ALL,All,all,60.962,>=$5M,36,7.6,274.0,0.675,1.134,0.771,False
590,Sault Ste. Marie,2021,PRIMARY,Primary,primary,,<$5M,<2,,,,,,True
590,Sault Ste. Marie,2021,SECONDARY,Secondary,secondary,60.962,>=$5M,36,7.6,274.0,0.734,1.151,0.811,False
590,Sault Ste. Marie,2022,ALL,All,all,62.897,>=$5M,37,7.5,279.0,0.701,1.055,0.763,False
590,Sault Ste. Marie,2022,PRIMARY,Primary,primary,,<$5M,<2,,,,,,True
590,Sault Ste. Marie,2022,SECONDARY,Secondary,secondary,60.962,>=$5M,36,7.6,274.0,0.783,1.107,0.837,False
590,Sault Ste. Marie,2023,ALL,All,all,58.004,>=$5M,35,7.4,260.0,0.708,1.065,0.784,False
590,Sault Ste. Marie,2023,PRIMARY,Primary,primary,,<$5M,<2,,,,,,True
590,Sault Ste. Marie,2023,SECONDARY,Secondary,secondary,56.069,>=$5M,34,7.5,255.0,0.788,1.119,0.866,False
590,Sault Ste. Marie,2024,ALL,All,all,40.276,>=$5M,39,5.6,217.0,0.579,1.165,0.485,False
590,Sault Ste. Marie,2024,PRIMARY,Primary,primary,1.424,<$5M,2,4.0,8.0,0.188,0.799,0.179,False
590,Sault Ste. Marie,2024,SECONDARY,Secondary,secondary,38.852,>=$5M,37,5.6,209.0,0.627,1.194,0.519,False
590,Sault Ste. Marie,2025,ALL,All,all,51.867,>=$5M,41,6.3,259.0,0.72,1.189,0.551,False
590,Sault Ste. Marie,2025,PRIMARY,Primary,primary,1.424,<$5M,2,4.0,8.0,0.183,0.778,0.171,False
590,Sault Ste. Marie,2025,SECONDARY,Secondary,secondary,50.443,>=$5M,39,6.4,251.0,0.785,1.222,0.593,False
412,Sept-Îles,2017,ALL,All,all,38.299,>=$5M,11,11.2,123.0,1.476,1.243,1.344,False
412,Sept-Îles,2017,PRIMARY,Primary,primary,,<$5M,<2,,,,,,True
412,Sept-Îles,2017,SECONDARY,Secondary,secondary,38.299,>=$5M,11,11.2,123.0,1.572,1.257,1.401,False
412,Sept-Îles,2018,ALL,All,all,38.992,>=$5M,12,10.5,126.0,1.533,1.332,1.327,False
412,Sept-Îles,2018,PRIMARY,Primary,primary,,<$5M,<2,,,,,,True
412,Sept-Îles,2018,SECONDARY,Secondary,secondary,38.992,>=$5M,12,10.5,126.0,1.63,1.348,1.382,False
412,Sept-Îles,2019,ALL,All,all,57.703,>=$5M,16,12.9,207.0,1.904,1.572,1.764,False
412,Sept-Îles,2019,PRIMARY,Primary,primary,,<$5M,<2,,,,,,True
412,Sept-Îles,2019,SECONDARY,Secondary,secondary,57.703,>=$5M,16,12.9,207.0,2.075,1.595,1.859,False
412,Sept-Îles,2020,ALL,All,all,53.776,>=$5M,15,12.7,190.0,1.439,1.516,1.382,False
412,Sept-Îles,2020,PRIMARY,Primary,primary,,<$5M,<2,,,,,,True
412,Sept-Îles,2020,SECONDARY,Secondary,secondary,53.776,>=$5M,15,12.7,190.0,1.535,1.538,1.437,False
412,Sept-Îles,2021,ALL,All,all,53.776,>=$5M,15,12.7,190.0,1.779,1.522,1.764,False
412,Sept-Îles,2021,PRIMARY,Primary,primary,,<$5M,<2,,,,,,True
412,Sept-Îles,2021,SECONDARY,Secondary,secondary,53.776,>=$5M,15,12.7,190.0,1.934,1.544,1.856,False
412,Sept-Îles,2022,ALL,All,all,59.879,>=$5M,19,10.8,205.0,1.948,1.73,1.809,False
412,Sept-Îles,2022,PRIMARY,Primary,primary,5.41,>=$5M,3,5.0,15.0,1.328,3.754,1.256,False
412,Sept-Îles,2022,SECONDARY,Secondary,secondary,54.469,>=$5M,16,11.9,190.0,2.043,1.571,1.874,False
412,Sept-Îles,2023,ALL,All,all,35.982,>=$5M,15,7.4,111.0,1.329,1.459,1.078,False
412,Sept-Îles,2023,PRIMARY,Primary,primary,5.41,>=$5M,3,5.0,15.0,1.515,3.866,1.296,False
412,Sept-Îles,2023,SECONDARY,Secondary,secondary,30.572,>=$5M,12,8.0,96.0,1.301,1.263,1.051,False
412,Sept-Îles,2024,ALL,All,all,84.583,>=$5M,19,22.2,421.0,2.991,1.84,2.659,False
412,Sept-Îles,2024,PRIMARY,Primary,primary,4.838,<$5M,4,6.8,27.0,1.57,5.183,1.707,False
412,Sept-Îles,2024,SECONDARY,Secondary,secondary,79.745,>=$5M,15,26.3,394.0,3.165,1.57,2.765,False
412,Sept-Îles,2025,ALL,All,all,85.363,>=$5M,19,22.4,425.0,3.058,1.807,2.615,False
412,Sept-Îles,2025,PRIMARY,Primary,primary,4.838,<$5M,4,6.8,27.0,1.6,5.104,1.673,False
412,Sept-Îles,2025,SECONDARY,Secondary,secondary,80.525,>=$5M,15,26.5,398.0,3.235,1.541,2.719,False
444,Shawinigan,2017,ALL,All,all,173.856,>=$5M,22,25.0,550.0,3.158,1.175,2.609,False
444,Shawinigan,2017,PRIMARY,Primary,primary,,<$5M,<2,,,,,,True
444,Shawinigan,2017,SECONDARY,Secondary,secondary,173.856,>=$5M,22,25.0,550.0,3.363,1.189,2.721,False
444,Shawinigan,2018,ALL,All,all,197.329,>=$5M,27,21.2,573.0,3.492,1.379,2.587,False
444,Shawinigan,2018,PRIMARY,Primary,primary,,<$5M,<2,,,,,,True
444,Shawinigan,2018,SECONDARY,Secondary,secondary,197.329,>=$5M,27,21.2,573.0,3.713,1.396,2.695,False
444,Shawinigan,2019,ALL,All,all,207.262,>=$5M,30,20.5,616.0,2.609,1.395,2.165,False
444,Shawinigan,2019,PRIMARY,Primary,primary,,<$5M,<2,,,,,,True
444,Shawinigan,2019,SECONDARY,Secondary,secondary,207.262,>=$5M,30,20.5,616.0,2.843,1.414,2.281,False
444,Shawinigan,2020,ALL,All,all,210.496,>=$5M,31,20.3,630.0,2.18,1.438,1.791,False
444,Shawinigan,2020,PRIMARY,Primary,primary,,<$5M,<2,,,,,,True
444,Shawinigan,2020,SECONDARY,Secondary,secondary,210.496,>=$5M,31,20.3,630.0,2.326,1.459,1.861,False
444,Shawinigan,2021,ALL,All,all,208.144,>=$5M,29,21.2,614.0,2.751,1.417,2.366,False
444,Shawinigan,2021,PRIMARY,Primary,primary,,<$5M,<2,,,,,,True
444,Shawinigan,2021,SECONDARY,Secondary,secondary,208.144,>=$5M,29,21.2,614.0,2.99,1.438,2.491,False
444,Shawinigan,2022,ALL,All,all,210.083,>=$5M,32,19.5,625.0,2.589,1.353,2.165,False
444,Shawinigan,2022,PRIMARY,Primary,primary,0.616,<$5M,2,1.0,2.0,0.057,1.162,0.066,False
444,Shawinigan,2022,SECONDARY,Secondary,secondary,209.467,>=$5M,30,20.8,623.0,2.976,1.368,2.412,False
444,Shawinigan,2023,ALL,All,all,196.88,>=$5M,28,20.3,568.0,3.273,1.276,2.398,False
444,Shawinigan,2023,PRIMARY,Primary,primary,0.616,<$5M,2,1.0,2.0,0.078,1.208,0.075,False
444,Shawinigan,2023,SECONDARY,Secondary,secondary,196.264,>=$5M,26,21.8,566.0,3.759,1.282,2.692,False
444,Shawinigan,2024,ALL,All,all,133.883,>=$5M,27,21.4,578.0,2.274,1.23,1.79,False
444,Shawinigan,2024,PRIMARY,Primary,primary,0.344,<$5M,2,1.0,2.0,0.054,1.219,0.062,False
444,Shawinigan,2024,SECONDARY,Secondary,secondary,133.539,>=$5M,25,23.0,576.0,2.546,1.231,1.982,False
444,Shawinigan,2025,ALL,All,all,146.489,>=$5M,29,22.2,645.0,2.471,1.29,1.972,False
444,Shawinigan,2025,PRIMARY,Primary,primary,0.344,<$5M,2,1.0,2.0,0.054,1.194,0.062,False
444,Shawinigan,2025,SECONDARY,Secondary,secondary,146.145,>=$5M,27,23.8,643.0,2.765,1.298,2.183,False
433,Sherbrooke,2017,ALL,All,all,244.714,>=$5M,79,9.3,738.0,1.065,1.023,0.863,False
433,Sherbrooke,2017,PRIMARY,Primary,primary,,<$5M,<2,,,,,,True
433,Sherbrooke,2017,SECONDARY,Secondary,secondary,244.714,>=$5M,79,9.3,738.0,1.135,1.035,0.9,False
433,Sherbrooke,2018,ALL,All,all,247.753,>=$5M,78,9.5,743.0,1.041,0.992,0.827,False
433,Sherbrooke,2018,PRIMARY,Primary,primary,,<$5M,<2,,,,,,True
433,Sherbrooke,2018,SECONDARY,Secondary,secondary,247.753,>=$5M,78,9.5,743.0,1.107,1.004,0.861,False
433,Sherbrooke,2019,ALL,All,all,308.062,>=$5M,90,11.1,1002.0,1.064,0.982,0.879,False
433,Sherbrooke,2019,PRIMARY,Primary,primary,,<$5M,<2,,,,,,True
433,Sherbrooke,2019,SECONDARY,Secondary,secondary,308.062,>=$5M,90,11.1,1002.0,1.159,0.996,0.926,False
433,Sherbrooke,2020,ALL,All,all,257.812,>=$5M,89,8.8,784.0,0.737,0.969,0.565,False
433,Sherbrooke,2020,PRIMARY,Primary,primary,,<$5M,<2,,,,,,True
433,Sherbrooke,2020,SECONDARY,Secondary,secondary,257.812,>=$5M,89,8.8,784.0,0.786,0.983,0.587,False
433,Sherbrooke,2021,ALL,All,all,245.382,>=$5M,85,9.0,766.0,0.936,0.982,0.76,False
433,Sherbrooke,2021,PRIMARY,Primary,primary,,<$5M,<2,,,,,,True
433,Sherbrooke,2021,SECONDARY,Secondary,secondary,245.382,>=$5M,85,9.0,766.0,1.018,0.997,0.799,False
433,Sherbrooke,2022,ALL,All,all,281.502,>=$5M,101,9.0,913.0,0.966,0.955,0.805,False
433,Sherbrooke,2022,PRIMARY,Primary,primary,31.173,>=$5M,9,14.4,130.0,0.807,1.169,1.087,False
433,Sherbrooke,2022,SECONDARY,Secondary,secondary,250.329,>=$5M,92,8.5,783.0,0.99,0.938,0.772,False
433,Sherbrooke,2023,ALL,All,all,270.453,>=$5M,102,9.1,927.0,1.04,0.987,0.899,False
433,Sherbrooke,2023,PRIMARY,Primary,primary,29.133,>=$5M,9,14.4,130.0,0.849,1.154,1.121,False
433,Sherbrooke,2023,SECONDARY,Secondary,secondary,241.32,>=$5M,93,8.6,797.0,1.069,0.974,0.871,False
433,Sherbrooke,2024,ALL,All,all,361.452,>=$5M,101,14.9,1500.0,1.297,0.977,0.998,False
433,Sherbrooke,2024,PRIMARY,Primary,primary,33.95,>=$5M,10,17.9,179.0,1.118,1.294,1.192,False
433,Sherbrooke,2024,SECONDARY,Secondary,secondary,327.502,>=$5M,91,14.5,1321.0,1.319,0.951,0.976,False
433,Sherbrooke,2025,ALL,All,all,371.082,>=$5M,103,14.9,1534.0,1.26,0.967,1.011,False
433,Sherbrooke,2025,PRIMARY,Primary,primary,33.95,>=$5M,10,17.9,179.0,1.065,1.259,1.187,False
433,Sherbrooke,2025,SECONDARY,Secondary,secondary,337.132,>=$5M,93,14.6,1355.0,1.284,0.943,0.991,False
454,Sorel-Tracy,2017,ALL,All,all,512.472,>=$5M,12,39.0,468.0,11.606,0.76,3.167,False
454,Sorel-Tracy,2017,PRIMARY,Primary,primary,,<$5M,<2,,,,,,True
454,Sorel-Tracy,2017,SECONDARY,Secondary,secondary,512.472,>=$5M,12,39.0,468.0,12.36,0.769,3.303,False
454,Sorel-Tracy,2018,ALL,All,all,513.396,>=$5M,13,36.3,472.0,11.85,0.803,3.071,False
454,Sorel-Tracy,2018,PRIMARY,Primary,primary,,<$5M,<2,,,,,,True
454,Sorel-Tracy,2018,SECONDARY,Secondary,secondary,513.396,>=$5M,13,36.3,472.0,12.6,0.813,3.199,False
454,Sorel-Tracy,2019,ALL,All,all,515.055,>=$5M,16,30.1,481.0,10.406,0.904,2.595,False
454,Sorel-Tracy,2019,PRIMARY,Primary,primary,,<$5M,<2,,,,,,True
454,Sorel-Tracy,2019,SECONDARY,Secondary,secondary,515.055,>=$5M,16,30.1,481.0,11.339,0.917,2.735,False
454,Sorel-Tracy,2020,ALL,All,all,607.728,>=$5M,17,52.0,884.0,9.856,0.955,3.778,False
454,Sorel-Tracy,2020,PRIMARY,Primary,primary,,<$5M,<2,,,,,,True
454,Sorel-Tracy,2020,SECONDARY,Secondary,secondary,607.728,>=$5M,17,52.0,884.0,10.514,0.968,3.926,False
454,Sorel-Tracy,2021,ALL,All,all,607.728,>=$5M,17,52.0,884.0,11.899,0.964,4.863,False
454,Sorel-Tracy,2021,PRIMARY,Primary,primary,,<$5M,<2,,,,,,True
454,Sorel-Tracy,2021,SECONDARY,Secondary,secondary,607.728,>=$5M,17,52.0,884.0,12.937,0.979,5.118,False
454,Sorel-Tracy,2022,ALL,All,all,607.728,>=$5M,17,52.0,884.0,11.295,0.866,4.502,False
454,Sorel-Tracy,2022,PRIMARY,Primary,primary,,<$5M,<2,,,,,,True
454,Sorel-Tracy,2022,SECONDARY,Secondary,secondary,607.728,>=$5M,17,52.0,884.0,13.021,0.934,5.033,False
454,Sorel-Tracy,2023,ALL,All,all,469.306,>=$5M,13,34.0,442.0,9.767,0.714,2.555,False
454,Sorel-Tracy,2023,PRIMARY,Primary,primary,,<$5M,<2,,,,,,True
454,Sorel-Tracy,2023,SECONDARY,Secondary,secondary,469.306,>=$5M,13,34.0,442.0,11.251,0.773,2.879,False
454,Sorel-Tracy,2024,ALL,All,all,263.127,>=$5M,11,38.8,427.0,5.254,0.602,1.704,False
454,Sorel-Tracy,2024,PRIMARY,Primary,primary,,<$5M,<2,,,,,,True
454,Sorel-Tracy,2024,SECONDARY,Secondary,secondary,263.127,>=$5M,11,38.8,427.0,5.896,0.65,1.894,False
454,Sorel-Tracy,2025,ALL,All,all,198.602,>=$5M,10,32.6,326.0,4.111,0.536,1.304,False
454,Sorel-Tracy,2025,PRIMARY,Primary,primary,,<$5M,<2,,,,,,True
454,Sorel-Tracy,2025,SECONDARY,Secondary,secondary,198.602,>=$5M,10,32.6,326.0,4.611,0.579,1.448,False
934,Squamish,2017,ALL,All,all,5.414,>=$5M,7,3.4,24.0,0.416,1.203,0.478,False
934,Squamish,2017,PRIMARY,Primary,primary,,<$5M,<2,,,,,,True
934,Squamish,2017,SECONDARY,Secondary,secondary,4.809,<$5M,6,3.8,23.0,0.394,1.043,0.478,False
934,Squamish,2018,ALL,All,all,5.828,>=$5M,8,3.2,26.0,0.409,1.231,0.465,False
934,Squamish,2018,PRIMARY,Primary,primary,,<$5M,<2,,,,,,True
934,Squamish,2018,SECONDARY,Secondary,secondary,5.223,>=$5M,7,3.6,25.0,0.39,1.09,0.466,False
934,Squamish,2019,ALL,All,all,14.645,>=$5M,18,4.1,73.0,0.442,1.351,0.489,False
934,Squamish,2019,PRIMARY,Primary,primary,,<$5M,<2,,,,,,True
934,Squamish,2019,SECONDARY,Secondary,secondary,14.04,>=$5M,17,4.2,72.0,0.462,1.294,0.508,False
934,Squamish,2020,ALL,All,all,14.183,>=$5M,17,4.2,71.0,0.355,1.247,0.386,False
934,Squamish,2020,PRIMARY,Primary,primary,,<$5M,<2,,,,,,True
934,Squamish,2020,SECONDARY,Secondary,secondary,13.578,>=$5M,16,4.4,70.0,0.362,1.191,0.395,False
934,Squamish,2021,ALL,All,all,14.183,>=$5M,17,4.2,71.0,0.421,1.254,0.525,False
934,Squamish,2021,PRIMARY,Primary,primary,,<$5M,<2,,,,,,True
934,Squamish,2021,SECONDARY,Secondary,secondary,13.578,>=$5M,16,4.4,70.0,0.438,1.197,0.544,False
934,Squamish,2022,ALL,All,all,14.876,>=$5M,18,3.9,71.0,0.426,1.191,0.477,False
934,Squamish,2022,PRIMARY,Primary,primary,,<$5M,<2,,,,,,True
934,Squamish,2022,SECONDARY,Secondary,secondary,14.271,>=$5M,17,4.1,70.0,0.471,1.213,0.525,False
934,Squamish,2023,ALL,All,all,12.625,>=$5M,17,4.1,70.0,0.407,1.163,0.495,False
934,Squamish,2023,PRIMARY,Primary,primary,,<$5M,<2,,,,,,True
934,Squamish,2023,SECONDARY,Secondary,secondary,12.02,>=$5M,16,4.3,69.0,0.446,1.184,0.549,False
934,Squamish,2024,ALL,All,all,12.658,>=$5M,17,4.5,77.0,0.438,1.086,0.412,False
934,Squamish,2024,PRIMARY,Primary,primary,,<$5M,<2,,,,,,True
934,Squamish,2024,SECONDARY,Secondary,secondary,12.176,>=$5M,16,4.8,76.0,0.473,1.105,0.452,False
934,Squamish,2025,ALL,All,all,13.057,>=$5M,18,4.4,80.0,0.415,1.105,0.401,False
934,Squamish,2025,PRIMARY,Primary,primary,,<$5M,<2,,,,,,True
934,Squamish,2025,SECONDARY,Secondary,secondary,12.575,>=$5M,17,4.6,79.0,0.448,1.128,0.44,False
539,St. Catharines - Niagara,2017,ALL,All,all,367.423,>=$5M,103,10.7,1100.0,0.975,0.737,0.778,False
539,St. Catharines - Niagara,2017,PRIMARY,Primary,primary,117.918,>=$5M,2,99.0,198.0,5.131,1.225,3.398,False
539,St. Catharines - Niagara,2017,SECONDARY,Secondary,secondary,249.505,>=$5M,101,8.9,902.0,0.705,0.732,0.666,False
539,St. Catharines - Niagara,2018,ALL,All,all,379.646,>=$5M,108,10.6,1143.0,0.953,0.751,0.755,False
539,St. Catharines - Niagara,2018,PRIMARY,Primary,primary,120.943,>=$5M,3,67.7,203.0,5.096,1.717,3.351,False
539,St. Catharines - Niagara,2018,SECONDARY,Secondary,secondary,258.703,>=$5M,105,9.0,940.0,0.69,0.739,0.647,False
539,St. Catharines - Niagara,2019,ALL,All,all,418.244,>=$5M,120,10.5,1265.0,0.746,0.737,0.649,False
539,St. Catharines - Niagara,2019,PRIMARY,Primary,primary,139.093,>=$5M,2,116.5,233.0,3.016,0.876,2.345,False
539,St. Catharines - Niagara,2019,SECONDARY,Secondary,secondary,279.151,>=$5M,118,8.7,1032.0,0.543,0.735,0.558,False
539,St. Catharines - Niagara,2020,ALL,All,all,424.536,>=$5M,123,10.1,1241.0,0.728,0.747,0.528,False
539,St. Catharines - Niagara,2020,PRIMARY,Primary,primary,159.827,>=$5M,4,67.8,271.0,4.377,1.737,3.046,False
539,St. Catharines - Niagara,2020,SECONDARY,Secondary,secondary,264.709,>=$5M,119,8.2,970.0,0.484,0.733,0.429,False
539,St. Catharines - Niagara,2021,ALL,All,all,421.38,>=$5M,122,10.1,1228.0,0.894,0.744,0.684,False
539,St. Catharines - Niagara,2021,PRIMARY,Primary,primary,158.535,>=$5M,4,67.8,271.0,4.196,1.676,3.029,False
539,St. Catharines - Niagara,2021,SECONDARY,Secondary,secondary,262.845,>=$5M,118,8.1,957.0,0.606,0.73,0.561,False
539,St. Catharines - Niagara,2022,ALL,All,all,449.235,>=$5M,143,9.4,1342.0,0.905,0.77,0.688,False
539,St. Catharines - Niagara,2022,PRIMARY,Primary,primary,181.376,>=$5M,16,22.6,361.0,2.757,1.184,1.756,False
539,St. Catharines - Niagara,2022,SECONDARY,Secondary,secondary,267.859,>=$5M,127,7.7,981.0,0.622,0.737,0.562,False
539,St. Catharines - Niagara,2023,ALL,All,all,429.169,>=$5M,144,9.2,1325.0,0.946,0.817,0.725,False
539,St. Catharines - Niagara,2023,PRIMARY,Primary,primary,186.073,>=$5M,18,21.5,387.0,3.108,1.353,1.884,False
539,St. Catharines - Niagara,2023,SECONDARY,Secondary,secondary,243.096,>=$5M,126,7.4,938.0,0.617,0.773,0.578,False
539,St. Catharines - Niagara,2024,ALL,All,all,414.148,>=$5M,135,12.1,1639.0,0.949,0.757,0.691,False
539,St. Catharines - Niagara,2024,PRIMARY,Primary,primary,160.464,>=$5M,16,26.1,418.0,3.376,1.201,1.764,False
539,St. Catharines - Niagara,2024,SECONDARY,Secondary,secondary,253.684,>=$5M,119,10.3,1221.0,0.653,0.721,0.572,False
539,St. Catharines - Niagara,2025,ALL,All,all,421.181,>=$5M,139,12.2,1693.0,0.936,0.754,0.691,False
539,St. Catharines - Niagara,2025,PRIMARY,Primary,primary,160.76,>=$5M,16,26.2,420.0,3.299,1.164,1.727,False
539,St. Catharines - Niagara,2025,SECONDARY,Secondary,secondary,260.421,>=$5M,123,10.3,1273.0,0.649,0.721,0.577,False
001,St. John's,2017,ALL,All,all,223.036,>=$5M,110,8.9,980.0,0.942,1.637,1.058,False
001,St. John's,2017,PRIMARY,Primary,primary,,<$5M,<2,,,,,,True
001,St. John's,2017,SECONDARY,Secondary,secondary,222.067,>=$5M,109,9.0,977.0,0.999,1.642,1.1,False
001,St. John's,2018,ALL,All,all,239.071,>=$5M,116,9.1,1057.0,0.96,1.662,1.091,False
001,St. John's,2018,PRIMARY,Primary,primary,,<$5M,<2,,,,,,True
001,St. John's,2018,SECONDARY,Secondary,secondary,238.102,>=$5M,115,9.2,1054.0,1.017,1.668,1.133,False
001,St. John's,2019,ALL,All,all,341.362,>=$5M,129,11.6,1498.0,1.148,1.656,1.245,False
001,St. John's,2019,PRIMARY,Primary,primary,,<$5M,<2,,,,,,True
001,St. John's,2019,SECONDARY,Secondary,secondary,340.393,>=$5M,128,11.7,1495.0,1.248,1.666,1.309,False
001,St. John's,2020,ALL,All,all,337.96,>=$5M,131,11.3,1484.0,0.916,1.683,0.993,False
001,St. John's,2020,PRIMARY,Primary,primary,,<$5M,<2,,,,,,True
001,St. John's,2020,SECONDARY,Secondary,secondary,336.991,>=$5M,130,11.4,1481.0,0.974,1.694,1.03,False
001,St. John's,2021,ALL,All,all,283.213,>=$5M,127,9.8,1244.0,0.999,1.65,1.095,False
001,St. John's,2021,PRIMARY,Primary,primary,,<$5M,<2,,,,,,True
001,St. John's,2021,SECONDARY,Secondary,secondary,282.244,>=$5M,126,9.8,1241.0,1.082,1.661,1.15,False
001,St. John's,2022,ALL,All,all,314.241,>=$5M,134,10.1,1360.0,1.094,1.524,1.154,False
001,St. John's,2022,PRIMARY,Primary,primary,4.665,<$5M,2,7.5,15.0,0.122,0.313,0.121,False
001,St. John's,2022,SECONDARY,Secondary,secondary,309.576,>=$5M,132,10.2,1345.0,1.242,1.619,1.276,False
001,St. John's,2023,ALL,All,all,233.131,>=$5M,131,7.7,1012.0,0.928,1.565,0.963,False
001,St. John's,2023,PRIMARY,Primary,primary,8.345,>=$5M,3,8.3,25.0,0.252,0.475,0.212,False
001,St. John's,2023,SECONDARY,Secondary,secondary,224.786,>=$5M,128,7.7,987.0,1.031,1.654,1.058,False
001,St. John's,2024,ALL,All,all,308.632,>=$5M,120,13.1,1570.0,1.313,1.374,1.068,False
001,St. John's,2024,PRIMARY,Primary,primary,5.047,>=$5M,3,8.3,25.0,0.197,0.46,0.17,False
001,St. John's,2024,SECONDARY,Secondary,secondary,303.585,>=$5M,117,13.2,1545.0,1.45,1.448,1.168,False
001,St. John's,2025,ALL,All,all,326.689,>=$5M,124,13.3,1654.0,1.366,1.388,1.101,False
001,St. John's,2025,PRIMARY,Primary,primary,5.047,>=$5M,3,8.3,25.0,0.195,0.451,0.168,False
001,St. John's,2025,SECONDARY,Secondary,secondary,321.642,>=$5M,121,13.5,1629.0,1.509,1.464,1.204,False
605,Steinbach,2017,ALL,All,all,4.101,<$5M,5,4.6,23.0,0.15,0.894,0.289,False
605,Steinbach,2017,PRIMARY,Primary,primary,,<$5M,<2,,,,,,True
605,Steinbach,2017,SECONDARY,Secondary,secondary,4.101,<$5M,5,4.6,23.0,0.16,0.904,0.302,False
605,Steinbach,2018,ALL,All,all,4.794,<$5M,6,4.3,26.0,0.17,1.025,0.308,False
605,Steinbach,2018,PRIMARY,Primary,primary,,<$5M,<2,,,,,,True
605,Steinbach,2018,SECONDARY,Secondary,secondary,4.794,<$5M,6,4.3,26.0,0.181,1.038,0.32,False
605,Steinbach,2019,ALL,All,all,5.949,>=$5M,7,4.4,31.0,0.187,1.081,0.302,False
605,Steinbach,2019,PRIMARY,Primary,primary,,<$5M,<2,,,,,,True
605,Steinbach,2019,SECONDARY,Secondary,secondary,5.949,>=$5M,7,4.4,31.0,0.203,1.097,0.318,False
605,Steinbach,2020,ALL,All,all,5.949,>=$5M,7,4.4,31.0,0.152,1.091,0.249,False
605,Steinbach,2020,PRIMARY,Primary,primary,,<$5M,<2,,,,,,True
605,Steinbach,2020,SECONDARY,Secondary,secondary,5.949,>=$5M,7,4.4,31.0,0.162,1.106,0.259,False
605,Steinbach,2021,ALL,All,all,5.949,>=$5M,7,4.4,31.0,0.194,1.122,0.335,False
605,Steinbach,2021,PRIMARY,Primary,primary,,<$5M,<2,,,,,,True
605,Steinbach,2021,SECONDARY,Secondary,secondary,5.949,>=$5M,7,4.4,31.0,0.211,1.139,0.353,False
605,Steinbach,2022,ALL,All,all,7.797,>=$5M,8,3.8,30.0,0.27,1.16,0.306,False
605,Steinbach,2022,PRIMARY,Primary,primary,,<$5M,<2,,,,,,True
605,Steinbach,2022,SECONDARY,Secondary,secondary,7.797,>=$5M,8,3.8,30.0,0.312,1.251,0.342,False
605,Steinbach,2023,ALL,All,all,7.625,>=$5M,8,3.8,30.0,0.266,1.174,0.324,False
605,Steinbach,2023,PRIMARY,Primary,primary,,<$5M,<2,,,,,,True
605,Steinbach,2023,SECONDARY,Secondary,secondary,7.625,>=$5M,8,3.8,30.0,0.307,1.27,0.366,False
605,Steinbach,2024,ALL,All,all,10.768,>=$5M,8,7.9,63.0,0.313,1.114,0.517,False
605,Steinbach,2024,PRIMARY,Primary,primary,,<$5M,<2,,,,,,True
605,Steinbach,2024,SECONDARY,Secondary,secondary,10.768,>=$5M,8,7.9,63.0,0.351,1.203,0.575,False
605,Steinbach,2025,ALL,All,all,10.768,>=$5M,8,7.9,63.0,0.311,1.088,0.499,False
605,Steinbach,2025,PRIMARY,Primary,primary,,<$5M,<2,,,,,,True
605,Steinbach,2025,SECONDARY,Secondary,secondary,10.768,>=$5M,8,7.9,63.0,0.348,1.175,0.554,False
553,Stratford,2017,ALL,All,all,278.276,>=$5M,13,28.2,367.0,4.634,0.946,2.357,False
553,Stratford,2017,PRIMARY,Primary,primary,,>=$5M,<2,,,,,,True
553,Stratford,2017,SECONDARY,Secondary,secondary,208.406,>=$5M,12,23.5,282.0,3.696,0.884,1.889,False
553,Stratford,2018,ALL,All,all,278.276,>=$5M,13,28.2,367.0,4.398,0.915,2.209,False
553,Stratford,2018,PRIMARY,Primary,primary,,>=$5M,<2,,,,,,True
553,Stratford,2018,SECONDARY,Secondary,secondary,208.406,>=$5M,12,23.5,282.0,3.502,0.855,1.768,False
553,Stratford,2019,ALL,All,all,279.317,>=$5M,15,24.9,374.0,3.832,0.918,1.756,False
553,Stratford,2019,PRIMARY,Primary,primary,,>=$5M,<2,,,,,,True
553,Stratford,2019,SECONDARY,Secondary,secondary,209.447,>=$5M,14,20.6,289.0,3.131,0.869,1.43,False
553,Stratford,2020,ALL,All,all,270.791,>=$5M,14,24.0,336.0,3.013,0.849,1.268,False
553,Stratford,2020,PRIMARY,Primary,primary,,>=$5M,<2,,,,,,True
553,Stratford,2020,SECONDARY,Secondary,secondary,200.921,>=$5M,13,19.3,251.0,2.385,0.8,0.984,False
553,Stratford,2021,ALL,All,all,270.791,>=$5M,14,24.0,336.0,3.966,0.86,1.696,False
553,Stratford,2021,PRIMARY,Primary,primary,,>=$5M,<2,,,,,,True
553,Stratford,2021,SECONDARY,Secondary,secondary,200.921,>=$5M,13,19.3,251.0,3.199,0.81,1.334,False
553,Stratford,2022,ALL,All,all,276.027,>=$5M,16,21.6,345.0,3.871,0.892,1.614,False
553,Stratford,2022,PRIMARY,Primary,primary,73.258,>=$5M,2,48.0,96.0,7.75,1.532,4.26,False
553,Stratford,2022,SECONDARY,Secondary,secondary,202.769,>=$5M,14,17.8,249.0,3.278,0.842,1.302,False
553,Stratford,2023,ALL,All,all,93.571,>=$5M,15,12.3,185.0,1.508,0.888,0.989,False
553,Stratford,2023,PRIMARY,Primary,primary,73.258,>=$5M,2,48.0,96.0,8.95,1.568,4.565,False
553,Stratford,2023,SECONDARY,Secondary,secondary,20.313,>=$5M,13,6.8,89.0,0.377,0.832,0.536,False
553,Stratford,2024,ALL,All,all,61.679,>=$5M,14,14.0,196.0,1.003,0.803,0.78,False
553,Stratford,2024,PRIMARY,Primary,primary,44.54,>=$5M,2,48.0,96.0,6.646,1.535,3.822,False
553,Stratford,2024,SECONDARY,Secondary,secondary,17.139,>=$5M,12,8.3,100.0,0.313,0.744,0.442,False
553,Stratford,2025,ALL,All,all,61.778,>=$5M,14,14.1,197.0,0.992,0.777,0.756,False
553,Stratford,2025,PRIMARY,Primary,primary,44.54,>=$5M,2,48.0,96.0,6.601,1.49,3.709,False
553,Stratford,2025,SECONDARY,Secondary,secondary,17.238,>=$5M,12,8.4,101.0,0.31,0.72,0.43,False
826,Strathmore,2017,ALL,All,all,50.447,>=$5M,6,8.8,53.0,4.638,1.259,1.283,False
826,Strathmore,2017,PRIMARY,Primary,primary,,<$5M,<2,,,,,,True
826,Strathmore,2017,SECONDARY,Secondary,secondary,50.447,>=$5M,6,8.8,53.0,4.939,1.273,1.339,False
826,Strathmore,2018,ALL,All,all,50.447,>=$5M,6,8.8,53.0,4.504,1.168,1.259,False
826,Strathmore,2018,PRIMARY,Primary,primary,,<$5M,<2,,,,,,True
826,Strathmore,2018,SECONDARY,Secondary,secondary,50.447,>=$5M,6,8.8,53.0,4.789,1.182,1.312,False
826,Strathmore,2019,ALL,All,all,50.447,>=$5M,6,8.8,53.0,3.405,1.019,0.939,False
826,Strathmore,2019,PRIMARY,Primary,primary,,<$5M,<2,,,,,,True
826,Strathmore,2019,SECONDARY,Secondary,secondary,50.447,>=$5M,6,8.8,53.0,3.71,1.033,0.99,False
826,Strathmore,2020,ALL,All,all,50.447,>=$5M,6,8.8,53.0,3.011,1.022,0.807,False
826,Strathmore,2020,PRIMARY,Primary,primary,,<$5M,<2,,,,,,True
826,Strathmore,2020,SECONDARY,Secondary,secondary,50.447,>=$5M,6,8.8,53.0,3.212,1.036,0.839,False
826,Strathmore,2021,ALL,All,all,50.447,>=$5M,6,8.8,53.0,3.691,1.014,1.044,False
826,Strathmore,2021,PRIMARY,Primary,primary,,<$5M,<2,,,,,,True
826,Strathmore,2021,SECONDARY,Secondary,secondary,50.447,>=$5M,6,8.8,53.0,4.013,1.029,1.099,False
826,Strathmore,2022,ALL,All,all,50.447,>=$5M,6,8.8,53.0,3.613,0.923,0.977,False
826,Strathmore,2022,PRIMARY,Primary,primary,,<$5M,<2,,,,,,True
826,Strathmore,2022,SECONDARY,Secondary,secondary,50.447,>=$5M,6,8.8,53.0,4.165,0.995,1.092,False
826,Strathmore,2023,ALL,All,all,48.964,>=$5M,6,8.8,53.0,3.953,0.992,1.043,False
826,Strathmore,2023,PRIMARY,Primary,primary,,<$5M,<2,,,,,,True
826,Strathmore,2023,SECONDARY,Secondary,secondary,48.964,>=$5M,6,8.8,53.0,4.554,1.073,1.175,False
826,Strathmore,2024,ALL,All,all,62.989,>=$5M,5,20.4,102.0,5.07,0.737,1.404,False
826,Strathmore,2024,PRIMARY,Primary,primary,,<$5M,<2,,,,,,True
826,Strathmore,2024,SECONDARY,Secondary,secondary,62.989,>=$5M,5,20.4,102.0,5.69,0.796,1.559,False
826,Strathmore,2025,ALL,All,all,62.989,>=$5M,5,20.4,102.0,4.737,0.72,1.343,False
826,Strathmore,2025,PRIMARY,Primary,primary,,<$5M,<2,,,,,,True
826,Strathmore,2025,SECONDARY,Secondary,secondary,62.989,>=$5M,5,20.4,102.0,5.312,0.778,1.491,False
110,Summerside,2017,ALL,All,all,15.614,>=$5M,4,8.5,34.0,0.633,0.493,0.373,False
110,Summerside,2017,PRIMARY,Primary,primary,,>=$5M,<2,,,,,,True
110,Summerside,2017,SECONDARY,Secondary,secondary,7.081,>=$5M,3,3.7,11.0,0.306,0.374,0.126,False
110,Summerside,2018,ALL,All,all,15.614,>=$5M,4,8.5,34.0,0.601,0.472,0.351,False
110,Summerside,2018,PRIMARY,Primary,primary,,>=$5M,<2,,,,,,True
110,Summerside,2018,SECONDARY,Secondary,secondary,7.081,>=$5M,3,3.7,11.0,0.29,0.358,0.118,False
110,Summerside,2019,ALL,All,all,15.614,>=$5M,4,8.5,34.0,0.501,0.425,0.28,False
110,Summerside,2019,PRIMARY,Primary,primary,,>=$5M,<2,,,,,,True
110,Summerside,2019,SECONDARY,Secondary,secondary,7.081,>=$5M,3,3.7,11.0,0.248,0.323,0.095,False
110,Summerside,2020,ALL,All,all,15.614,>=$5M,4,8.5,34.0,0.42,0.43,0.231,False
110,Summerside,2020,PRIMARY,Primary,primary,,>=$5M,<2,,,,,,True
110,Summerside,2020,SECONDARY,Secondary,secondary,7.081,>=$5M,3,3.7,11.0,0.203,0.327,0.078,False
110,Summerside,2021,ALL,All,all,15.614,>=$5M,4,8.5,34.0,0.538,0.437,0.306,False
110,Summerside,2021,PRIMARY,Primary,primary,,>=$5M,<2,,,,,,True
110,Summerside,2021,SECONDARY,Secondary,secondary,7.081,>=$5M,3,3.7,11.0,0.265,0.332,0.104,False
110,Summerside,2022,ALL,All,all,17.462,>=$5M,5,3.8,19.0,0.6,0.492,0.169,False
110,Summerside,2022,PRIMARY,Primary,primary,,>=$5M,<2,,,,,,True
110,Summerside,2022,SECONDARY,Secondary,secondary,8.929,>=$5M,4,2.8,11.0,0.353,0.424,0.109,False
110,Summerside,2023,ALL,All,all,8.893,>=$5M,4,2.8,11.0,0.346,0.417,0.104,False
110,Summerside,2023,PRIMARY,Primary,primary,,<$5M,<2,,,,,,True
110,Summerside,2023,SECONDARY,Secondary,secondary,8.893,>=$5M,4,2.8,11.0,0.399,0.451,0.117,False
110,Summerside,2024,ALL,All,all,41.557,>=$5M,6,17.2,103.0,1.43,0.617,0.702,False
110,Summerside,2024,PRIMARY,Primary,primary,,<$5M,<2,,,,,,True
110,Summerside,2024,SECONDARY,Secondary,secondary,41.557,>=$5M,6,17.2,103.0,1.605,0.667,0.78,False
110,Summerside,2025,ALL,All,all,41.557,>=$5M,6,17.2,103.0,1.428,0.606,0.69,False
110,Summerside,2025,PRIMARY,Primary,primary,,<$5M,<2,,,,,,True
110,Summerside,2025,SECONDARY,Secondary,secondary,41.557,>=$5M,6,17.2,103.0,1.601,0.655,0.766,False
720,Swift Current,2017,ALL,All,all,2.793,<$5M,3,5.0,15.0,0.104,0.293,0.149,False
720,Swift Current,2017,PRIMARY,Primary,primary,,<$5M,<2,,,,,,True
720,Swift Current,2017,SECONDARY,Secondary,secondary,2.793,<$5M,3,5.0,15.0,0.111,0.296,0.155,False
720,Swift Current,2018,ALL,All,all,3.486,<$5M,4,4.5,18.0,0.123,0.372,0.167,False
720,Swift Current,2018,PRIMARY,Primary,primary,,<$5M,<2,,,,,,True
720,Swift Current,2018,SECONDARY,Secondary,secondary,3.486,<$5M,4,4.5,18.0,0.131,0.376,0.174,False
720,Swift Current,2019,ALL,All,all,5.103,>=$5M,5,5.0,25.0,0.156,0.444,0.199,False
720,Swift Current,2019,PRIMARY,Primary,primary,,<$5M,<2,,,,,,True
720,Swift Current,2019,SECONDARY,Secondary,secondary,5.103,>=$5M,5,5.0,25.0,0.17,0.45,0.21,False
720,Swift Current,2020,ALL,All,all,12.495,>=$5M,5,11.4,57.0,0.318,0.446,0.369,False
720,Swift Current,2020,PRIMARY,Primary,primary,,<$5M,<2,,,,,,True
720,Swift Current,2020,SECONDARY,Secondary,secondary,12.495,>=$5M,5,11.4,57.0,0.339,0.452,0.383,False
720,Swift Current,2021,ALL,All,all,12.495,>=$5M,5,11.4,57.0,0.393,0.449,0.48,False
720,Swift Current,2021,PRIMARY,Primary,primary,,<$5M,<2,,,,,,True
720,Swift Current,2021,SECONDARY,Secondary,secondary,12.495,>=$5M,5,11.4,57.0,0.427,0.455,0.506,False
720,Swift Current,2022,ALL,All,all,12.495,>=$5M,5,11.4,57.0,0.388,0.412,0.45,False
720,Swift Current,2022,PRIMARY,Primary,primary,,<$5M,<2,,,,,,True
720,Swift Current,2022,SECONDARY,Secondary,secondary,12.495,>=$5M,5,11.4,57.0,0.447,0.444,0.503,False
720,Swift Current,2023,ALL,All,all,3.717,<$5M,4,4.5,18.0,0.129,0.357,0.155,False
720,Swift Current,2023,PRIMARY,Primary,primary,,<$5M,<2,,,,,,True
720,Swift Current,2023,SECONDARY,Secondary,secondary,3.717,<$5M,4,4.5,18.0,0.148,0.386,0.175,False
720,Swift Current,2024,ALL,All,all,7.214,>=$5M,4,9.5,38.0,0.281,0.336,0.25,False
720,Swift Current,2024,PRIMARY,Primary,primary,,<$5M,<2,,,,,,True
720,Swift Current,2024,SECONDARY,Secondary,secondary,7.214,>=$5M,4,9.5,38.0,0.316,0.364,0.278,False
720,Swift Current,2025,ALL,All,all,7.703,>=$5M,4,10.2,41.0,0.289,0.33,0.256,False
720,Swift Current,2025,PRIMARY,Primary,primary,,<$5M,<2,,,,,,True
720,Swift Current,2025,SECONDARY,Secondary,secondary,7.703,>=$5M,4,10.2,41.0,0.324,0.356,0.284,False
831,Sylvan Lake,2017,ALL,All,all,,<$5M,<2,,,,,,True
831,Sylvan Lake,2017,PRIMARY,Primary,primary,,<$5M,<2,,,,,,True
831,Sylvan Lake,2017,SECONDARY,Secondary,secondary,,<$5M,<2,,,,,,True
831,Sylvan Lake,2018,ALL,All,all,3.234,<$5M,2,7.0,14.0,0.193,0.357,0.263,False
831,Sylvan Lake,2018,PRIMARY,Primary,primary,,<$5M,<2,,,,,,True
831,Sylvan Lake,2018,SECONDARY,Secondary,secondary,3.234,<$5M,2,7.0,14.0,0.206,0.362,0.274,False
831,Sylvan Lake,2019,ALL,All,all,8.547,>=$5M,4,9.2,37.0,0.409,0.629,0.519,False
831,Sylvan Lake,2019,PRIMARY,Primary,primary,,<$5M,<2,,,,,,True
831,Sylvan Lake,2019,SECONDARY,Secondary,secondary,8.547,>=$5M,4,9.2,37.0,0.446,0.638,0.547,False
831,Sylvan Lake,2020,ALL,All,all,8.547,>=$5M,4,9.2,37.0,0.325,0.625,0.433,False
831,Sylvan Lake,2020,PRIMARY,Primary,primary,,<$5M,<2,,,,,,True
831,Sylvan Lake,2020,SECONDARY,Secondary,secondary,8.547,>=$5M,4,9.2,37.0,0.347,0.633,0.45,False
831,Sylvan Lake,2021,ALL,All,all,8.547,>=$5M,4,9.2,37.0,0.404,0.626,0.574,False
831,Sylvan Lake,2021,PRIMARY,Primary,primary,,<$5M,<2,,,,,,True
831,Sylvan Lake,2021,SECONDARY,Secondary,secondary,8.547,>=$5M,4,9.2,37.0,0.439,0.635,0.604,False
831,Sylvan Lake,2022,ALL,All,all,10.087,>=$5M,5,7.2,36.0,0.462,0.706,0.511,False
831,Sylvan Lake,2022,PRIMARY,Primary,primary,,<$5M,<2,,,,,,True
831,Sylvan Lake,2022,SECONDARY,Secondary,secondary,8.547,>=$5M,4,7.8,31.0,0.451,0.609,0.492,False
831,Sylvan Lake,2023,ALL,All,all,6.622,>=$5M,4,5.2,21.0,0.357,0.581,0.318,False
831,Sylvan Lake,2023,PRIMARY,Primary,primary,,<$5M,<2,,,,,,True
831,Sylvan Lake,2023,SECONDARY,Secondary,secondary,5.082,>=$5M,3,5.3,16.0,0.316,0.472,0.273,False
831,Sylvan Lake,2024,ALL,All,all,1.56,<$5M,3,2.7,8.0,0.099,0.418,0.098,False
831,Sylvan Lake,2024,PRIMARY,Primary,primary,,<$5M,<2,,,,,,True
831,Sylvan Lake,2024,SECONDARY,Secondary,secondary,1.56,<$5M,3,2.7,8.0,0.111,0.452,0.109,False
831,Sylvan Lake,2025,ALL,All,all,1.56,<$5M,3,2.7,8.0,0.094,0.407,0.094,False
831,Sylvan Lake,2025,PRIMARY,Primary,primary,,<$5M,<2,,,,,,True
831,Sylvan Lake,2025,SECONDARY,Secondary,secondary,1.56,<$5M,3,2.7,8.0,0.105,0.44,0.104,False
965,Terrace,2017,ALL,All,all,8.154,>=$5M,5,7.6,38.0,0.417,0.557,0.46,False
965,Terrace,2017,PRIMARY,Primary,primary,,<$5M,<2,,,,,,True
965,Terrace,2017,SECONDARY,Secondary,secondary,8.154,>=$5M,5,7.6,38.0,0.444,0.564,0.48,False
965,Terrace,2018,ALL,All,all,8.154,>=$5M,5,7.6,38.0,0.381,0.542,0.444,False
965,Terrace,2018,PRIMARY,Primary,primary,,<$5M,<2,,,,,,True
965,Terrace,2018,SECONDARY,Secondary,secondary,8.154,>=$5M,5,7.6,38.0,0.405,0.548,0.462,False
965,Terrace,2019,ALL,All,all,105.174,>=$5M,7,65.4,458.0,3.943,0.703,4.217,False
965,Terrace,2019,PRIMARY,Primary,primary,,<$5M,<2,,,,,,True
965,Terrace,2019,SECONDARY,Secondary,secondary,105.174,>=$5M,7,65.4,458.0,4.296,0.713,4.444,False
965,Terrace,2020,ALL,All,all,106.56,>=$5M,8,58.0,464.0,3.273,0.786,3.35,False
965,Terrace,2020,PRIMARY,Primary,primary,,<$5M,<2,,,,,,True
965,Terrace,2020,SECONDARY,Secondary,secondary,106.56,>=$5M,8,58.0,464.0,3.491,0.797,3.482,False
965,Terrace,2021,ALL,All,all,106.56,>=$5M,8,58.0,464.0,4.338,0.789,4.351,False
965,Terrace,2021,PRIMARY,Primary,primary,,<$5M,<2,,,,,,True
965,Terrace,2021,SECONDARY,Secondary,secondary,106.56,>=$5M,8,58.0,464.0,4.716,0.8,4.579,False
965,Terrace,2022,ALL,All,all,106.878,>=$5M,8,57.8,462.0,4.195,0.707,4.016,False
965,Terrace,2022,PRIMARY,Primary,primary,,<$5M,<2,,,,,,True
965,Terrace,2022,SECONDARY,Secondary,secondary,104.943,>=$5M,7,65.3,457.0,4.749,0.667,4.44,False
965,Terrace,2023,ALL,All,all,8.472,>=$5M,5,7.2,36.0,0.376,0.48,0.356,False
965,Terrace,2023,PRIMARY,Primary,primary,,<$5M,<2,,,,,,True
965,Terrace,2023,SECONDARY,Secondary,secondary,6.537,>=$5M,4,7.8,31.0,0.335,0.415,0.345,False
965,Terrace,2024,ALL,All,all,4.79,<$5M,4,7.0,28.0,0.237,0.376,0.201,False
965,Terrace,2024,PRIMARY,Primary,primary,,<$5M,<2,,,,,,True
965,Terrace,2024,SECONDARY,Secondary,secondary,4.79,<$5M,4,7.0,28.0,0.266,0.406,0.223,False
965,Terrace,2025,ALL,All,all,4.79,<$5M,4,7.0,28.0,0.229,0.366,0.198,False
965,Terrace,2025,PRIMARY,Primary,primary,,<$5M,<2,,,,,,True
965,Terrace,2025,SECONDARY,Secondary,secondary,4.79,<$5M,4,7.0,28.0,0.257,0.396,0.22,False
430,Thetford Mines,2017,ALL,All,all,47.151,>=$5M,15,6.5,97.0,1.133,1.169,0.666,False
430,Thetford Mines,2017,PRIMARY,Primary,primary,,<$5M,<2,,,,,,True
430,Thetford Mines,2017,SECONDARY,Secondary,secondary,45.536,>=$5M,14,6.6,92.0,1.166,1.104,0.659,False
430,Thetford Mines,2018,ALL,All,all,53.985,>=$5M,16,6.4,103.0,1.26,1.214,0.675,False
430,Thetford Mines,2018,PRIMARY,Primary,primary,,<$5M,<2,,,,,,True
430,Thetford Mines,2018,SECONDARY,Secondary,secondary,52.37,>=$5M,15,6.5,98.0,1.3,1.153,0.669,False
430,Thetford Mines,2019,ALL,All,all,57.45,>=$5M,17,6.9,118.0,1.112,1.153,0.625,False
430,Thetford Mines,2019,PRIMARY,Primary,primary,,<$5M,<2,,,,,,True
430,Thetford Mines,2019,SECONDARY,Secondary,secondary,55.835,>=$5M,16,7.1,113.0,1.178,1.101,0.631,False
430,Thetford Mines,2020,ALL,All,all,57.849,>=$5M,18,6.6,119.0,0.965,1.227,0.525,False
430,Thetford Mines,2020,PRIMARY,Primary,primary,,<$5M,<2,,,,,,True
430,Thetford Mines,2020,SECONDARY,Secondary,secondary,56.234,>=$5M,17,6.7,114.0,1.0,1.175,0.523,False
430,Thetford Mines,2021,ALL,All,all,58.143,>=$5M,18,6.6,119.0,1.256,1.268,0.702,False
430,Thetford Mines,2021,PRIMARY,Primary,primary,,<$5M,<2,,,,,,True
430,Thetford Mines,2021,SECONDARY,Secondary,secondary,56.528,>=$5M,17,6.7,114.0,1.327,1.215,0.708,False
430,Thetford Mines,2022,ALL,All,all,62.903,>=$5M,23,6.1,141.0,1.281,1.429,0.775,False
430,Thetford Mines,2022,PRIMARY,Primary,primary,4.527,<$5M,5,3.8,19.0,0.696,4.267,0.991,False
430,Thetford Mines,2022,SECONDARY,Secondary,secondary,58.376,>=$5M,18,6.8,122.0,1.371,1.206,0.75,False
430,Thetford Mines,2023,ALL,All,all,54.277,>=$5M,20,6.7,134.0,1.216,1.333,0.83,False
430,Thetford Mines,2023,PRIMARY,Primary,primary,4.467,<$5M,5,3.8,19.0,0.759,4.414,1.046,False
430,Thetford Mines,2023,SECONDARY,Secondary,secondary,49.81,>=$5M,15,7.7,115.0,1.286,1.081,0.802,False
430,Thetford Mines,2024,ALL,All,all,55.726,>=$5M,20,9.4,187.0,1.38,1.333,0.817,False
430,Thetford Mines,2024,PRIMARY,Primary,primary,6.069,>=$5M,5,7.8,39.0,1.38,4.458,1.706,False
430,Thetford Mines,2024,SECONDARY,Secondary,secondary,49.657,>=$5M,15,9.9,148.0,1.38,1.08,0.719,False
430,Thetford Mines,2025,ALL,All,all,58.139,>=$5M,21,9.2,193.0,1.437,1.353,0.833,False
430,Thetford Mines,2025,PRIMARY,Primary,primary,6.659,>=$5M,6,7.2,43.0,1.52,5.184,1.868,False
430,Thetford Mines,2025,SECONDARY,Secondary,secondary,51.48,>=$5M,15,10.0,150.0,1.427,1.044,0.719,False
640,Thompson,2017,ALL,All,all,4.62,<$5M,2,10.0,20.0,0.184,0.462,0.199,False
640,Thompson,2017,PRIMARY,Primary,primary,,<$5M,<2,,,,,,True
640,Thompson,2017,SECONDARY,Secondary,secondary,4.62,<$5M,2,10.0,20.0,0.196,0.468,0.208,False
640,Thompson,2018,ALL,All,all,4.62,<$5M,2,10.0,20.0,0.177,0.446,0.192,False
640,Thompson,2018,PRIMARY,Primary,primary,,<$5M,<2,,,,,,True
640,Thompson,2018,SECONDARY,Secondary,secondary,4.62,<$5M,2,10.0,20.0,0.188,0.452,0.2,False
640,Thompson,2019,ALL,All,all,4.62,<$5M,2,10.0,20.0,0.159,0.408,0.164,False
640,Thompson,2019,PRIMARY,Primary,primary,,<$5M,<2,,,,,,True
640,Thompson,2019,SECONDARY,Secondary,secondary,4.62,<$5M,2,10.0,20.0,0.174,0.414,0.172,False
640,Thompson,2020,ALL,All,all,4.62,<$5M,2,10.0,20.0,0.133,0.414,0.134,False
640,Thompson,2020,PRIMARY,Primary,primary,,<$5M,<2,,,,,,True
640,Thompson,2020,SECONDARY,Secondary,secondary,4.62,<$5M,2,10.0,20.0,0.142,0.419,0.139,False
640,Thompson,2021,ALL,All,all,4.62,<$5M,2,10.0,20.0,0.179,0.421,0.182,False
640,Thompson,2021,PRIMARY,Primary,primary,,<$5M,<2,,,,,,True
640,Thompson,2021,SECONDARY,Secondary,secondary,4.62,<$5M,2,10.0,20.0,0.194,0.427,0.191,False
640,Thompson,2022,ALL,All,all,5.656,>=$5M,4,6.2,25.0,0.204,0.769,0.207,False
640,Thompson,2022,PRIMARY,Primary,primary,,<$5M,<2,,,,,,True
640,Thompson,2022,SECONDARY,Secondary,secondary,5.448,>=$5M,3,8.0,24.0,0.227,0.622,0.222,False
640,Thompson,2023,ALL,All,all,5.656,>=$5M,4,6.2,25.0,0.223,0.84,0.231,False
640,Thompson,2023,PRIMARY,Primary,primary,,<$5M,<2,,,,,,True
640,Thompson,2023,SECONDARY,Secondary,secondary,5.448,>=$5M,3,8.0,24.0,0.247,0.681,0.25,False
640,Thompson,2024,ALL,All,all,1.769,<$5M,3,3.3,10.0,0.123,0.617,0.072,False
640,Thompson,2024,PRIMARY,Primary,primary,,<$5M,<2,,,,,,True
640,Thompson,2024,SECONDARY,Secondary,secondary,1.769,<$5M,3,3.3,10.0,0.139,0.667,0.08,False
640,Thompson,2025,ALL,All,all,1.769,<$5M,3,3.3,10.0,0.128,0.604,0.072,False
640,Thompson,2025,PRIMARY,Primary,primary,,<$5M,<2,,,,,,True
640,Thompson,2025,SECONDARY,Secondary,secondary,1.769,<$5M,3,3.3,10.0,0.143,0.653,0.08,False
595,Thunder Bay,2017,ALL,All,all,150.928,>=$5M,42,14.8,622.0,1.381,0.991,1.319,False
595,Thunder Bay,2017,PRIMARY,Primary,primary,,<$5M,<2,,,,,,True
595,Thunder Bay,2017,SECONDARY,Secondary,secondary,150.928,>=$5M,42,14.8,622.0,1.47,1.002,1.375,False
595,Thunder Bay,2018,ALL,All,all,159.754,>=$5M,45,15.7,708.0,1.356,1.029,1.423,False
595,Thunder Bay,2018,PRIMARY,Primary,primary,,<$5M,<2,,,,,,True
595,Thunder Bay,2018,SECONDARY,Secondary,secondary,159.754,>=$5M,45,15.7,708.0,1.442,1.041,1.482,False
595,Thunder Bay,2019,ALL,All,all,171.343,>=$5M,55,13.8,759.0,1.175,1.064,1.162,False
595,Thunder Bay,2019,PRIMARY,Primary,primary,,<$5M,<2,,,,,,True
595,Thunder Bay,2019,SECONDARY,Secondary,secondary,171.343,>=$5M,55,13.8,759.0,1.28,1.079,1.224,False
595,Thunder Bay,2020,ALL,All,all,180.121,>=$5M,56,14.2,797.0,1.049,1.078,1.002,False
595,Thunder Bay,2020,PRIMARY,Primary,primary,,<$5M,<2,,,,,,True
595,Thunder Bay,2020,SECONDARY,Secondary,secondary,180.121,>=$5M,56,14.2,797.0,1.119,1.093,1.041,False
595,Thunder Bay,2021,ALL,All,all,179.707,>=$5M,55,14.5,795.0,1.3,1.068,1.309,False
595,Thunder Bay,2021,PRIMARY,Primary,primary,,<$5M,<2,,,,,,True
595,Thunder Bay,2021,SECONDARY,Secondary,secondary,179.707,>=$5M,55,14.5,795.0,1.413,1.084,1.377,False
595,Thunder Bay,2022,ALL,All,all,184.422,>=$5M,58,13.8,802.0,1.289,1.03,1.228,False
595,Thunder Bay,2022,PRIMARY,Primary,primary,4.715,<$5M,3,4.3,13.0,0.249,0.732,0.189,False
595,Thunder Bay,2022,SECONDARY,Secondary,secondary,179.707,>=$5M,55,14.3,789.0,1.448,1.053,1.351,False
595,Thunder Bay,2023,ALL,All,all,157.434,>=$5M,55,13.0,717.0,1.215,1.048,1.253,False
595,Thunder Bay,2023,PRIMARY,Primary,primary,4.715,<$5M,3,4.3,13.0,0.276,0.757,0.202,False
595,Thunder Bay,2023,SECONDARY,Secondary,secondary,152.719,>=$5M,52,13.5,704.0,1.358,1.071,1.386,False
595,Thunder Bay,2024,ALL,All,all,121.929,>=$5M,55,11.8,649.0,0.945,1.032,0.861,False
595,Thunder Bay,2024,PRIMARY,Primary,primary,1.94,<$5M,3,3.7,11.0,0.138,0.753,0.146,False
595,Thunder Bay,2024,SECONDARY,Secondary,secondary,119.989,>=$5M,52,12.3,638.0,1.044,1.055,0.941,False
595,Thunder Bay,2025,ALL,All,all,123.197,>=$5M,56,11.7,655.0,0.948,1.035,0.863,False
595,Thunder Bay,2025,PRIMARY,Primary,primary,1.94,<$5M,3,3.7,11.0,0.138,0.744,0.146,False
595,Thunder Bay,2025,SECONDARY,Secondary,secondary,121.257,>=$5M,53,12.2,644.0,1.047,1.058,0.943,False
546,Tillsonburg,2017,ALL,All,all,5.922,>=$5M,3,10.0,30.0,0.268,0.531,0.415,False
546,Tillsonburg,2017,PRIMARY,Primary,primary,,<$5M,<2,,,,,,True
546,Tillsonburg,2017,SECONDARY,Secondary,secondary,5.922,>=$5M,3,10.0,30.0,0.285,0.538,0.433,False
546,Tillsonburg,2018,ALL,All,all,5.922,>=$5M,3,10.0,30.0,0.262,0.526,0.403,False
546,Tillsonburg,2018,PRIMARY,Primary,primary,,<$5M,<2,,,,,,True
546,Tillsonburg,2018,SECONDARY,Secondary,secondary,5.922,>=$5M,3,10.0,30.0,0.279,0.532,0.42,False
546,Tillsonburg,2019,ALL,All,all,5.922,>=$5M,3,10.0,30.0,0.226,0.458,0.328,False
546,Tillsonburg,2019,PRIMARY,Primary,primary,,<$5M,<2,,,,,,True
546,Tillsonburg,2019,SECONDARY,Secondary,secondary,5.922,>=$5M,3,10.0,30.0,0.246,0.465,0.346,False
546,Tillsonburg,2020,ALL,All,all,5.922,>=$5M,3,10.0,30.0,0.191,0.458,0.265,False
546,Tillsonburg,2020,PRIMARY,Primary,primary,,<$5M,<2,,,,,,True
546,Tillsonburg,2020,SECONDARY,Secondary,secondary,5.922,>=$5M,3,10.0,30.0,0.204,0.464,0.276,False
546,Tillsonburg,2021,ALL,All,all,5.922,>=$5M,3,10.0,30.0,0.24,0.462,0.349,False
546,Tillsonburg,2021,PRIMARY,Primary,primary,,<$5M,<2,,,,,,True
546,Tillsonburg,2021,SECONDARY,Secondary,secondary,5.922,>=$5M,3,10.0,30.0,0.261,0.468,0.367,False
546,Tillsonburg,2022,ALL,All,all,5.922,>=$5M,3,10.0,30.0,0.235,0.415,0.331,False
546,Tillsonburg,2022,PRIMARY,Primary,primary,,<$5M,<2,,,,,,True
546,Tillsonburg,2022,SECONDARY,Secondary,secondary,5.922,>=$5M,3,10.0,30.0,0.271,0.448,0.37,False
546,Tillsonburg,2023,ALL,All,all,5.922,>=$5M,3,10.0,30.0,0.265,0.437,0.354,False
546,Tillsonburg,2023,PRIMARY,Primary,primary,,<$5M,<2,,,,,,True
546,Tillsonburg,2023,SECONDARY,Secondary,secondary,5.922,>=$5M,3,10.0,30.0,0.306,0.472,0.399,False
546,Tillsonburg,2024,ALL,All,all,4.691,<$5M,3,10.0,30.0,0.184,0.426,0.268,False
546,Tillsonburg,2024,PRIMARY,Primary,primary,,<$5M,<2,,,,,,True
546,Tillsonburg,2024,SECONDARY,Secondary,secondary,4.691,<$5M,3,10.0,30.0,0.207,0.46,0.298,False
546,Tillsonburg,2025,ALL,All,all,4.691,<$5M,3,14.0,42.0,0.189,0.417,0.372,False
546,Tillsonburg,2025,PRIMARY,Primary,primary,,<$5M,<2,,,,,,True
546,Tillsonburg,2025,SECONDARY,Secondary,secondary,4.691,<$5M,3,14.0,42.0,0.212,0.45,0.413,False
586,Timmins,2017,ALL,All,all,13.97,>=$5M,14,4.1,58.0,0.28,0.968,0.324,False
586,Timmins,2017,PRIMARY,Primary,primary,,<$5M,<2,,,,,,True
586,Timmins,2017,SECONDARY,Secondary,secondary,13.97,>=$5M,14,4.1,58.0,0.298,0.979,0.338,False
586,Timmins,2018,ALL,All,all,16.259,>=$5M,14,4.9,69.0,0.319,0.946,0.37,False
586,Timmins,2018,PRIMARY,Primary,primary,,<$5M,<2,,,,,,True
586,Timmins,2018,SECONDARY,Secondary,secondary,16.259,>=$5M,14,4.9,69.0,0.339,0.957,0.385,False
586,Timmins,2019,ALL,All,all,43.622,>=$5M,18,10.6,190.0,0.698,1.041,0.804,False
586,Timmins,2019,PRIMARY,Primary,primary,,<$5M,<2,,,,,,True
586,Timmins,2019,SECONDARY,Secondary,secondary,43.622,>=$5M,18,10.6,190.0,0.761,1.056,0.847,False
586,Timmins,2020,ALL,All,all,38.787,>=$5M,16,10.8,173.0,0.533,0.937,0.616,False
586,Timmins,2020,PRIMARY,Primary,primary,,<$5M,<2,,,,,,True
586,Timmins,2020,SECONDARY,Secondary,secondary,38.787,>=$5M,16,10.8,173.0,0.568,0.951,0.64,False
586,Timmins,2021,ALL,All,all,38.787,>=$5M,16,10.8,173.0,0.692,0.952,0.847,False
586,Timmins,2021,PRIMARY,Primary,primary,,<$5M,<2,,,,,,True
586,Timmins,2021,SECONDARY,Secondary,secondary,38.787,>=$5M,16,10.8,173.0,0.752,0.966,0.891,False
586,Timmins,2022,ALL,All,all,48.027,>=$5M,17,11.9,202.0,0.866,0.925,0.918,False
586,Timmins,2022,PRIMARY,Primary,primary,,>=$5M,<2,,,,,,True
586,Timmins,2022,SECONDARY,Secondary,secondary,38.787,>=$5M,16,10.8,172.0,0.806,0.939,0.873,False
586,Timmins,2023,ALL,All,all,43.251,>=$5M,17,11.9,202.0,0.84,0.998,0.985,False
586,Timmins,2023,PRIMARY,Primary,primary,,>=$5M,<2,,,,,,True
586,Timmins,2023,SECONDARY,Secondary,secondary,34.011,>=$5M,16,10.8,172.0,0.761,1.016,0.945,False
586,Timmins,2024,ALL,All,all,41.341,>=$5M,16,13.7,219.0,0.87,0.921,0.805,False
586,Timmins,2024,PRIMARY,Primary,primary,,<$5M,<2,,,,,,True
586,Timmins,2024,SECONDARY,Secondary,secondary,41.341,>=$5M,16,13.7,219.0,0.977,0.995,0.895,False
586,Timmins,2025,ALL,All,all,41.926,>=$5M,16,13.9,222.0,0.876,0.898,0.788,False
586,Timmins,2025,PRIMARY,Primary,primary,,<$5M,<2,,,,,,True
586,Timmins,2025,SECONDARY,Secondary,secondary,41.926,>=$5M,16,13.9,222.0,0.982,0.971,0.875,False
535,Toronto,2017,ALL,All,all,6149.25,>=$5M,1761,11.8,20838.0,0.877,1.004,0.998,False
535,Toronto,2017,PRIMARY,Primary,primary,251.452,>=$5M,22,30.1,662.0,0.588,1.073,0.769,False
535,Toronto,2017,SECONDARY,Secondary,secondary,5897.798,>=$5M,1739,11.6,20176.0,0.896,1.003,1.008,False
535,Toronto,2018,ALL,All,all,6303.123,>=$5M,1777,12.1,21507.0,0.861,0.979,0.974,False
535,Toronto,2018,PRIMARY,Primary,primary,259.985,>=$5M,23,29.8,685.0,0.597,1.042,0.776,False
535,Toronto,2018,SECONDARY,Secondary,secondary,6043.138,>=$5M,1754,11.9,20822.0,0.878,0.978,0.983,False
535,Toronto,2019,ALL,All,all,7320.191,>=$5M,2086,12.3,25721.0,0.799,0.952,0.881,False
535,Toronto,2019,PRIMARY,Primary,primary,277.422,>=$5M,26,28.2,732.0,0.368,0.845,0.492,False
535,Toronto,2019,SECONDARY,Secondary,secondary,7042.769,>=$5M,2060,12.1,24989.0,0.838,0.953,0.902,False
535,Toronto,2020,ALL,All,all,7443.868,>=$5M,2099,12.6,26356.0,0.666,0.955,0.734,False
535,Toronto,2020,PRIMARY,Primary,primary,277.422,>=$5M,26,28.2,732.0,0.396,0.845,0.538,False
535,Toronto,2020,SECONDARY,Secondary,secondary,7166.446,>=$5M,2073,12.4,25624.0,0.684,0.956,0.741,False
535,Toronto,2021,ALL,All,all,6814.21,>=$5M,2090,11.6,24238.0,0.774,0.961,0.894,False
535,Toronto,2021,PRIMARY,Primary,primary,289.341,>=$5M,29,26.6,771.0,0.41,0.916,0.57,False
535,Toronto,2021,SECONDARY,Secondary,secondary,6524.869,>=$5M,2061,11.4,23467.0,0.806,0.962,0.911,False
535,Toronto,2022,ALL,All,all,8697.707,>=$5M,2658,10.9,29079.0,0.917,1.01,0.993,False
535,Toronto,2022,PRIMARY,Primary,primary,1287.35,>=$5M,241,16.7,4033.0,1.024,1.258,1.306,False
535,Toronto,2022,SECONDARY,Secondary,secondary,7410.357,>=$5M,2417,10.4,25046.0,0.901,0.99,0.956,False
535,Toronto,2023,ALL,All,all,8728.666,>=$5M,2677,10.9,29200.0,1.078,0.975,1.081,False
535,Toronto,2023,PRIMARY,Primary,primary,1561.286,>=$5M,251,17.7,4451.0,1.461,1.211,1.465,False
535,Toronto,2023,SECONDARY,Secondary,secondary,7167.38,>=$5M,2426,10.2,24749.0,1.019,0.956,1.032,False
535,Toronto,2024,ALL,All,all,9385.838,>=$5M,2883,15.9,45966.0,0.926,1.019,1.144,False
535,Toronto,2024,PRIMARY,Primary,primary,1124.802,>=$5M,255,21.4,5462.0,1.019,1.206,1.361,False
535,Toronto,2024,SECONDARY,Secondary,secondary,8261.036,>=$5M,2628,15.4,40504.0,0.915,1.004,1.12,False
535,Toronto,2025,ALL,All,all,9455.457,>=$5M,2999,15.5,46629.0,0.945,1.022,1.161,False
535,Toronto,2025,PRIMARY,Primary,primary,1149.56,>=$5M,260,21.6,5607.0,1.061,1.188,1.406,False
535,Toronto,2025,SECONDARY,Secondary,secondary,8305.897,>=$5M,2739,15.0,41022.0,0.931,1.008,1.134,False
910,Trail,2017,ALL,All,all,12.375,>=$5M,9,6.3,57.0,0.94,1.416,1.013,False
910,Trail,2017,PRIMARY,Primary,primary,,<$5M,<2,,,,,,True
910,Trail,2017,SECONDARY,Secondary,secondary,12.375,>=$5M,9,6.3,57.0,1.001,1.433,1.057,False
910,Trail,2018,ALL,All,all,29.7,>=$5M,10,13.2,132.0,2.123,1.525,2.224,False
910,Trail,2018,PRIMARY,Primary,primary,,<$5M,<2,,,,,,True
910,Trail,2018,SECONDARY,Secondary,secondary,29.7,>=$5M,10,13.2,132.0,2.257,1.544,2.317,False
910,Trail,2019,ALL,All,all,29.7,>=$5M,10,13.2,132.0,1.771,1.374,1.763,False
910,Trail,2019,PRIMARY,Primary,primary,,<$5M,<2,,,,,,True
910,Trail,2019,SECONDARY,Secondary,secondary,29.7,>=$5M,10,13.2,132.0,1.93,1.394,1.857,False
910,Trail,2020,ALL,All,all,29.7,>=$5M,10,13.2,132.0,1.462,1.382,1.446,False
910,Trail,2020,PRIMARY,Primary,primary,,<$5M,<2,,,,,,True
910,Trail,2020,SECONDARY,Secondary,secondary,29.7,>=$5M,10,13.2,132.0,1.56,1.402,1.503,False
910,Trail,2021,ALL,All,all,12.375,>=$5M,9,6.3,57.0,0.782,1.252,0.833,False
910,Trail,2021,PRIMARY,Primary,primary,,<$5M,<2,,,,,,True
910,Trail,2021,SECONDARY,Secondary,secondary,12.375,>=$5M,9,6.3,57.0,0.85,1.271,0.876,False
910,Trail,2022,ALL,All,all,20.555,>=$5M,13,5.6,73.0,1.288,1.626,0.994,False
910,Trail,2022,PRIMARY,Primary,primary,,<$5M,<2,,,,,,True
910,Trail,2022,SECONDARY,Secondary,secondary,15.911,>=$5M,12,5.1,61.0,1.149,1.619,0.929,False
910,Trail,2023,ALL,All,all,16.873,>=$5M,13,5.6,73.0,1.123,1.795,1.116,False
910,Trail,2023,PRIMARY,Primary,primary,,<$5M,<2,,,,,,True
910,Trail,2023,SECONDARY,Secondary,secondary,14.618,>=$5M,12,5.1,61.0,1.121,1.792,1.051,False
910,Trail,2024,ALL,All,all,41.37,>=$5M,15,14.2,213.0,3.164,2.019,2.575,False
910,Trail,2024,PRIMARY,Primary,primary,,<$5M,<2,,,,,,True
910,Trail,2024,SECONDARY,Secondary,secondary,39.115,>=$5M,14,14.4,201.0,3.357,2.037,2.699,False
910,Trail,2025,ALL,All,all,40.785,>=$5M,15,14.0,210.0,2.976,1.984,2.437,False
910,Trail,2025,PRIMARY,Primary,primary,,<$5M,<2,,,,,,True
910,Trail,2025,SECONDARY,Secondary,secondary,38.53,>=$5M,14,14.1,198.0,3.153,2.001,2.551,False
442,Trois-Rivières,2017,ALL,All,all,356.723,>=$5M,70,12.9,904.0,1.723,1.218,1.271,False
442,Trois-Rivières,2017,PRIMARY,Primary,primary,,<$5M,<2,,,,,,True
442,Trois-Rivières,2017,SECONDARY,Secondary,secondary,356.118,>=$5M,69,13.1,903.0,1.831,1.215,1.325,False
442,Trois-Rivières,2018,ALL,All,all,590.811,>=$5M,75,25.3,1900.0,2.723,1.277,2.52,False
442,Trois-Rivières,2018,PRIMARY,Primary,primary,,<$5M,<2,,,,,,True
442,Trois-Rivières,2018,SECONDARY,Secondary,secondary,590.206,>=$5M,74,25.7,1899.0,2.892,1.275,2.623,False
442,Trois-Rivières,2019,ALL,All,all,695.689,>=$5M,79,29.8,2356.0,2.399,1.199,2.491,False
442,Trois-Rivières,2019,PRIMARY,Primary,primary,,<$5M,<2,,,,,,True
442,Trois-Rivières,2019,SECONDARY,Secondary,secondary,695.084,>=$5M,78,30.2,2355.0,2.612,1.2,2.624,False
442,Trois-Rivières,2020,ALL,All,all,461.524,>=$5M,78,17.2,1341.0,1.487,1.194,1.233,False
442,Trois-Rivières,2020,PRIMARY,Primary,primary,,<$5M,<2,,,,,,True
442,Trois-Rivières,2020,SECONDARY,Secondary,secondary,460.919,>=$5M,77,17.4,1340.0,1.585,1.195,1.28,False
442,Trois-Rivières,2021,ALL,All,all,452.136,>=$5M,76,17.5,1328.0,1.796,1.191,1.616,False
442,Trois-Rivières,2021,PRIMARY,Primary,primary,,<$5M,<2,,,,,,True
442,Trois-Rivières,2021,SECONDARY,Secondary,secondary,451.531,>=$5M,75,17.7,1327.0,1.95,1.193,1.699,False
442,Trois-Rivières,2022,ALL,All,all,505.905,>=$5M,94,15.4,1448.0,1.827,1.227,1.609,False
442,Trois-Rivières,2022,PRIMARY,Primary,primary,25.8,>=$5M,6,13.2,79.0,0.703,1.076,0.833,False
442,Trois-Rivières,2022,SECONDARY,Secondary,secondary,480.105,>=$5M,88,15.6,1369.0,1.999,1.239,1.7,False
442,Trois-Rivières,2023,ALL,All,all,408.822,>=$5M,92,13.4,1234.0,1.767,1.247,1.6,False
442,Trois-Rivières,2023,PRIMARY,Primary,primary,25.677,>=$5M,6,13.2,79.0,0.841,1.077,0.911,False
442,Trois-Rivières,2023,SECONDARY,Secondary,secondary,383.145,>=$5M,86,13.4,1155.0,1.908,1.261,1.688,False
442,Trois-Rivières,2024,ALL,All,all,470.733,>=$5M,99,22.3,2211.0,1.973,1.342,1.978,False
442,Trois-Rivières,2024,PRIMARY,Primary,primary,36.964,>=$5M,9,19.2,173.0,1.421,1.633,1.55,False
442,Trois-Rivières,2024,SECONDARY,Secondary,secondary,433.769,>=$5M,90,22.6,2038.0,2.04,1.319,2.026,False
442,Trois-Rivières,2025,ALL,All,all,514.47,>=$5M,104,21.8,2262.0,2.156,1.367,2.002,False
442,Trois-Rivières,2025,PRIMARY,Primary,primary,42.832,>=$5M,10,20.2,202.0,1.657,1.763,1.8,False
442,Trois-Rivières,2025,SECONDARY,Secondary,secondary,471.638,>=$5M,94,21.9,2060.0,2.217,1.335,2.025,False
215,Truro,2017,ALL,All,all,23.659,>=$5M,20,7.2,143.0,0.354,0.886,0.688,False
215,Truro,2017,PRIMARY,Primary,primary,,<$5M,<2,,,,,,True
215,Truro,2017,SECONDARY,Secondary,secondary,23.659,>=$5M,20,7.2,143.0,0.377,0.897,0.717,False
215,Truro,2018,ALL,All,all,24.352,>=$5M,21,7.0,146.0,0.345,0.9,0.661,False
215,Truro,2018,PRIMARY,Primary,primary,,<$5M,<2,,,,,,True
215,Truro,2018,SECONDARY,Secondary,secondary,24.352,>=$5M,21,7.0,146.0,0.367,0.911,0.689,False
215,Truro,2019,ALL,All,all,26.334,>=$5M,22,7.0,154.0,0.316,0.823,0.549,False
215,Truro,2019,PRIMARY,Primary,primary,,<$5M,<2,,,,,,True
215,Truro,2019,SECONDARY,Secondary,secondary,26.334,>=$5M,22,7.0,154.0,0.344,0.835,0.579,False
215,Truro,2020,ALL,All,all,25.641,>=$5M,21,7.2,151.0,0.254,0.785,0.434,False
215,Truro,2020,PRIMARY,Primary,primary,,<$5M,<2,,,,,,True
215,Truro,2020,SECONDARY,Secondary,secondary,25.641,>=$5M,21,7.2,151.0,0.271,0.797,0.451,False
215,Truro,2021,ALL,All,all,25.641,>=$5M,21,7.2,151.0,0.32,0.79,0.569,False
215,Truro,2021,PRIMARY,Primary,primary,,<$5M,<2,,,,,,True
215,Truro,2021,SECONDARY,Secondary,secondary,25.641,>=$5M,21,7.2,151.0,0.347,0.802,0.599,False
215,Truro,2022,ALL,All,all,28.311,>=$5M,23,6.8,156.0,0.355,0.787,0.555,False
215,Truro,2022,PRIMARY,Primary,primary,,<$5M,<2,,,,,,True
215,Truro,2022,SECONDARY,Secondary,secondary,26.376,>=$5M,22,6.9,151.0,0.381,0.812,0.6,False
215,Truro,2023,ALL,All,all,23.874,>=$5M,23,6.8,156.0,0.368,0.853,0.612,False
215,Truro,2023,PRIMARY,Primary,primary,,<$5M,<2,,,,,,True
215,Truro,2023,SECONDARY,Secondary,secondary,21.939,>=$5M,22,6.9,151.0,0.39,0.883,0.667,False
215,Truro,2024,ALL,All,all,32.862,>=$5M,22,9.9,218.0,0.503,0.776,0.61,False
215,Truro,2024,PRIMARY,Primary,primary,,<$5M,<2,,,,,,True
215,Truro,2024,SECONDARY,Secondary,secondary,32.862,>=$5M,22,9.9,218.0,0.564,0.839,0.677,False
215,Truro,2025,ALL,All,all,33.546,>=$5M,22,10.3,227.0,0.511,0.763,0.626,False
215,Truro,2025,PRIMARY,Primary,primary,,<$5M,<2,,,,,,True
215,Truro,2025,SECONDARY,Secondary,secondary,33.546,>=$5M,22,10.3,227.0,0.573,0.825,0.695,False
480,Val-d'Or,2017,ALL,All,all,19.84,>=$5M,16,6.8,108.0,0.49,1.321,0.742,False
480,Val-d'Or,2017,PRIMARY,Primary,primary,,<$5M,<2,,,,,,True
480,Val-d'Or,2017,SECONDARY,Secondary,secondary,19.194,>=$5M,15,7.1,106.0,0.504,1.253,0.759,False
480,Val-d'Or,2018,ALL,All,all,23.095,>=$5M,19,6.6,125.0,0.569,1.504,0.811,False
480,Val-d'Or,2018,PRIMARY,Primary,primary,,<$5M,<2,,,,,,True
480,Val-d'Or,2018,SECONDARY,Secondary,secondary,22.449,>=$5M,18,6.8,123.0,0.589,1.443,0.831,False
480,Val-d'Or,2019,ALL,All,all,33.999,>=$5M,23,7.5,173.0,0.694,1.62,0.9,False
480,Val-d'Or,2019,PRIMARY,Primary,primary,,<$5M,<2,,,,,,True
480,Val-d'Or,2019,SECONDARY,Secondary,secondary,33.999,>=$5M,23,7.5,173.0,0.756,1.643,0.948,False
480,Val-d'Or,2020,ALL,All,all,28.639,>=$5M,23,6.5,149.0,0.493,1.664,0.65,False
480,Val-d'Or,2020,PRIMARY,Primary,primary,,<$5M,<2,,,,,,True
480,Val-d'Or,2020,SECONDARY,Secondary,secondary,27.993,>=$5M,22,6.7,147.0,0.514,1.614,0.667,False
480,Val-d'Or,2021,ALL,All,all,27.757,>=$5M,22,6.5,143.0,0.573,1.606,0.811,False
480,Val-d'Or,2021,PRIMARY,Primary,primary,,<$5M,<2,,,,,,True
480,Val-d'Or,2021,SECONDARY,Secondary,secondary,27.111,>=$5M,21,6.7,141.0,0.609,1.556,0.841,False
480,Val-d'Or,2022,ALL,All,all,30.961,>=$5M,23,6.5,149.0,0.582,1.514,0.736,False
480,Val-d'Or,2022,PRIMARY,Primary,primary,,<$5M,<2,,,,,,True
480,Val-d'Or,2022,SECONDARY,Secondary,secondary,28.497,>=$5M,22,6.4,141.0,0.617,1.562,0.779,False
480,Val-d'Or,2023,ALL,All,all,28.258,>=$5M,21,7.2,152.0,0.625,1.508,0.85,False
480,Val-d'Or,2023,PRIMARY,Primary,primary,,<$5M,<2,,,,,,True
480,Val-d'Or,2023,SECONDARY,Secondary,secondary,25.794,>=$5M,20,7.2,144.0,0.657,1.553,0.907,False
480,Val-d'Or,2024,ALL,All,all,33.001,>=$5M,26,7.3,190.0,0.719,1.862,0.741,False
480,Val-d'Or,2024,PRIMARY,Primary,primary,,<$5M,<2,,,,,,True
480,Val-d'Or,2024,SECONDARY,Secondary,secondary,31.625,>=$5M,25,7.3,182.0,0.773,1.935,0.788,False
480,Val-d'Or,2025,ALL,All,all,33.1,>=$5M,26,7.3,191.0,0.752,1.81,0.778,False
480,Val-d'Or,2025,PRIMARY,Primary,primary,,<$5M,<2,,,,,,True
480,Val-d'Or,2025,SECONDARY,Secondary,secondary,31.724,>=$5M,25,7.3,183.0,0.809,1.881,0.827,False
933,Vancouver,2017,ALL,All,all,3292.005,>=$5M,1301,10.6,13823.0,1.188,1.43,1.439,False
933,Vancouver,2017,PRIMARY,Primary,primary,79.655,>=$5M,18,11.2,202.0,0.472,1.693,0.51,False
933,Vancouver,2017,SECONDARY,Secondary,secondary,3212.35,>=$5M,1283,10.6,13621.0,1.235,1.426,1.479,False
933,Vancouver,2018,ALL,All,all,3407.206,>=$5M,1321,11.0,14500.0,1.175,1.402,1.432,False
933,Vancouver,2018,PRIMARY,Primary,primary,83.365,>=$5M,19,11.2,212.0,0.483,1.659,0.523,False
933,Vancouver,2018,SECONDARY,Secondary,secondary,3323.841,>=$5M,1302,11.0,14288.0,1.219,1.399,1.47,False
933,Vancouver,2019,ALL,All,all,4122.182,>=$5M,1453,11.6,16915.0,1.161,1.365,1.33,False
933,Vancouver,2019,PRIMARY,Primary,primary,375.757,>=$5M,23,33.7,775.0,1.287,1.54,1.196,False
933,Vancouver,2019,SECONDARY,Secondary,secondary,3746.425,>=$5M,1430,11.3,16140.0,1.15,1.362,1.338,False
933,Vancouver,2020,ALL,All,all,4127.231,>=$5M,1470,11.5,16929.0,0.959,1.362,1.08,False
933,Vancouver,2020,PRIMARY,Primary,primary,386.228,>=$5M,25,32.2,804.0,1.434,1.656,1.355,False
933,Vancouver,2020,SECONDARY,Secondary,secondary,3741.003,>=$5M,1445,11.2,16125.0,0.927,1.358,1.069,False
933,Vancouver,2021,ALL,All,all,3708.647,>=$5M,1442,10.6,15269.0,1.082,1.353,1.283,False
933,Vancouver,2021,PRIMARY,Primary,primary,347.046,>=$5M,25,26.5,663.0,1.263,1.611,1.117,False
933,Vancouver,2021,SECONDARY,Secondary,secondary,3361.601,>=$5M,1417,10.3,14606.0,1.066,1.349,1.292,False
933,Vancouver,2022,ALL,All,all,4242.649,>=$5M,1711,9.6,16450.0,1.111,1.29,1.264,False
933,Vancouver,2022,PRIMARY,Primary,primary,548.496,>=$5M,97,12.3,1194.0,1.084,1.005,0.87,False
933,Vancouver,2022,SECONDARY,Secondary,secondary,3694.153,>=$5M,1614,9.5,15256.0,1.116,1.312,1.31,False
933,Vancouver,2023,ALL,All,all,3737.94,>=$5M,1697,9.1,15511.0,1.08,1.295,1.283,False
933,Vancouver,2023,PRIMARY,Primary,primary,274.169,>=$5M,99,8.6,851.0,0.6,1.001,0.626,False
933,Vancouver,2023,SECONDARY,Secondary,secondary,3463.771,>=$5M,1598,9.2,14660.0,1.153,1.319,1.367,False
933,Vancouver,2024,ALL,All,all,4378.192,>=$5M,1816,12.8,23229.0,1.018,1.252,1.156,False
933,Vancouver,2024,PRIMARY,Primary,primary,268.226,>=$5M,98,13.2,1295.0,0.572,0.904,0.645,False
933,Vancouver,2024,SECONDARY,Secondary,secondary,4109.966,>=$5M,1718,12.8,21934.0,1.072,1.28,1.213,False
933,Vancouver,2025,ALL,All,all,4217.262,>=$5M,1914,11.8,22511.0,1.002,1.281,1.152,False
933,Vancouver,2025,PRIMARY,Primary,primary,254.875,>=$5M,102,12.2,1240.0,0.559,0.916,0.639,False
933,Vancouver,2025,SECONDARY,Secondary,secondary,3962.387,>=$5M,1812,11.7,21271.0,1.055,1.311,1.208,False
918,Vernon,2017,ALL,All,all,29.268,>=$5M,30,4.6,139.0,0.572,1.141,0.667,False
918,Vernon,2017,PRIMARY,Primary,primary,,<$5M,<2,,,,,,True
918,Vernon,2017,SECONDARY,Secondary,secondary,29.268,>=$5M,30,4.6,139.0,0.609,1.155,0.696,False
918,Vernon,2018,ALL,All,all,50.688,>=$5M,31,7.5,231.0,0.955,1.142,1.053,False
918,Vernon,2018,PRIMARY,Primary,primary,,<$5M,<2,,,,,,True
918,Vernon,2018,SECONDARY,Secondary,secondary,50.688,>=$5M,31,7.5,231.0,1.016,1.156,1.097,False
918,Vernon,2019,ALL,All,all,53.229,>=$5M,34,7.1,242.0,0.811,1.109,0.876,False
918,Vernon,2019,PRIMARY,Primary,primary,,<$5M,<2,,,,,,True
918,Vernon,2019,SECONDARY,Secondary,secondary,53.229,>=$5M,34,7.1,242.0,0.883,1.125,0.923,False
918,Vernon,2020,ALL,All,all,54.264,>=$5M,35,7.1,247.0,0.698,1.131,0.716,False
918,Vernon,2020,PRIMARY,Primary,primary,,<$5M,<2,,,,,,True
918,Vernon,2020,SECONDARY,Secondary,secondary,54.264,>=$5M,35,7.1,247.0,0.745,1.147,0.744,False
918,Vernon,2021,ALL,All,all,53.802,>=$5M,34,7.2,245.0,0.89,1.104,0.933,False
918,Vernon,2021,PRIMARY,Primary,primary,,<$5M,<2,,,,,,True
918,Vernon,2021,SECONDARY,Secondary,secondary,53.802,>=$5M,34,7.2,245.0,0.967,1.12,0.982,False
918,Vernon,2022,ALL,All,all,59.938,>=$5M,37,7.1,262.0,0.925,1.071,0.919,False
918,Vernon,2022,PRIMARY,Primary,primary,,<$5M,<2,,,,,,True
918,Vernon,2022,SECONDARY,Secondary,secondary,57.058,>=$5M,36,7.1,254.0,1.015,1.124,0.996,False
918,Vernon,2023,ALL,All,all,55.345,>=$5M,39,6.7,261.0,0.953,1.196,0.998,False
918,Vernon,2023,PRIMARY,Primary,primary,2.779,<$5M,3,4.7,14.0,0.363,1.219,0.476,False
918,Vernon,2023,SECONDARY,Secondary,secondary,52.566,>=$5M,36,6.9,247.0,1.043,1.194,1.064,False
918,Vernon,2024,ALL,All,all,64.497,>=$5M,37,9.4,348.0,0.995,1.041,0.95,False
918,Vernon,2024,PRIMARY,Primary,primary,2.67,<$5M,3,4.7,14.0,0.378,1.13,0.382,False
918,Vernon,2024,SECONDARY,Secondary,secondary,61.827,>=$5M,34,9.8,334.0,1.071,1.034,1.013,False
918,Vernon,2025,ALL,All,all,61.545,>=$5M,37,9.0,333.0,0.899,1.011,0.853,False
918,Vernon,2025,PRIMARY,Primary,primary,2.154,<$5M,2,5.5,11.0,0.29,0.733,0.284,False
918,Vernon,2025,SECONDARY,Secondary,secondary,59.391,>=$5M,35,9.2,322.0,0.973,1.034,0.915,False
935,Victoria,2017,ALL,All,all,496.109,>=$5M,239,9.8,2354.0,1.353,1.657,1.305,False
935,Victoria,2017,PRIMARY,Primary,primary,,<$5M,<2,,,,,,True
935,Victoria,2017,SECONDARY,Secondary,secondary,496.109,>=$5M,239,9.8,2354.0,1.44,1.677,1.361,False
935,Victoria,2018,ALL,All,all,524.342,>=$5M,240,9.5,2290.0,1.34,1.619,1.212,False
935,Victoria,2018,PRIMARY,Primary,primary,,<$5M,<2,,,,,,True
935,Victoria,2018,SECONDARY,Secondary,secondary,524.342,>=$5M,240,9.5,2290.0,1.425,1.639,1.263,False
935,Victoria,2019,ALL,All,all,595.04,>=$5M,274,9.5,2604.0,1.214,1.591,1.101,False
935,Victoria,2019,PRIMARY,Primary,primary,,<$5M,<2,,,,,,True
935,Victoria,2019,SECONDARY,Secondary,secondary,595.04,>=$5M,274,9.5,2604.0,1.323,1.614,1.16,False
935,Victoria,2020,ALL,All,all,588.728,>=$5M,272,9.5,2576.0,1.005,1.571,0.889,False
935,Victoria,2020,PRIMARY,Primary,primary,,<$5M,<2,,,,,,True
935,Victoria,2020,SECONDARY,Secondary,secondary,588.728,>=$5M,272,9.5,2576.0,1.072,1.593,0.924,False
935,Victoria,2021,ALL,All,all,589.911,>=$5M,263,9.7,2544.0,1.309,1.556,1.218,False
935,Victoria,2021,PRIMARY,Primary,primary,,<$5M,<2,,,,,,True
935,Victoria,2021,SECONDARY,Secondary,secondary,589.911,>=$5M,263,9.7,2544.0,1.423,1.579,1.282,False
935,Victoria,2022,ALL,All,all,649.768,>=$5M,304,8.7,2651.0,1.222,1.367,1.175,False
935,Victoria,2022,PRIMARY,Primary,primary,14.958,>=$5M,6,6.7,40.0,0.212,0.371,0.168,False
935,Victoria,2022,SECONDARY,Secondary,secondary,634.81,>=$5M,298,8.8,2611.0,1.376,1.445,1.294,False
935,Victoria,2023,ALL,All,all,698.564,>=$5M,304,9.5,2883.0,1.498,1.41,1.435,False
935,Victoria,2023,PRIMARY,Primary,primary,122.155,>=$5M,6,55.5,333.0,1.986,0.369,1.475,False
935,Victoria,2023,SECONDARY,Secondary,secondary,576.409,>=$5M,298,8.6,2550.0,1.424,1.495,1.43,False
935,Victoria,2024,ALL,All,all,742.44,>=$5M,296,12.4,3673.0,1.596,1.313,1.177,False
935,Victoria,2024,PRIMARY,Primary,primary,160.057,>=$5M,8,49.6,397.0,3.158,0.475,1.274,False
935,Victoria,2024,SECONDARY,Secondary,secondary,582.383,>=$5M,288,11.4,3276.0,1.405,1.38,1.166,False
935,Victoria,2025,ALL,All,all,747.978,>=$5M,301,12.3,3705.0,1.564,1.31,1.137,False
935,Victoria,2025,PRIMARY,Primary,primary,162.949,>=$5M,9,44.8,403.0,3.145,0.525,1.246,False
935,Victoria,2025,SECONDARY,Secondary,secondary,585.029,>=$5M,292,11.3,3302.0,1.371,1.373,1.125,False
440,Victoriaville,2017,ALL,All,all,28.506,>=$5M,12,9.2,110.0,0.437,0.558,0.463,False
440,Victoriaville,2017,PRIMARY,Primary,primary,,<$5M,<2,,,,,,True
440,Victoriaville,2017,SECONDARY,Secondary,secondary,28.506,>=$5M,12,9.2,110.0,0.466,0.565,0.483,False
440,Victoriaville,2018,ALL,All,all,38.424,>=$5M,12,12.7,152.0,0.569,0.548,0.618,False
440,Victoriaville,2018,PRIMARY,Primary,primary,,<$5M,<2,,,,,,True
440,Victoriaville,2018,SECONDARY,Secondary,secondary,38.424,>=$5M,12,12.7,152.0,0.605,0.554,0.644,False
440,Victoriaville,2019,ALL,All,all,40.041,>=$5M,13,12.2,159.0,0.485,0.525,0.511,False
440,Victoriaville,2019,PRIMARY,Primary,primary,,<$5M,<2,,,,,,True
440,Victoriaville,2019,SECONDARY,Secondary,secondary,40.041,>=$5M,13,12.2,159.0,0.529,0.533,0.539,False
440,Victoriaville,2020,ALL,All,all,40.041,>=$5M,13,12.2,159.0,0.415,0.526,0.426,False
440,Victoriaville,2020,PRIMARY,Primary,primary,,<$5M,<2,,,,,,True
440,Victoriaville,2020,SECONDARY,Secondary,secondary,40.041,>=$5M,13,12.2,159.0,0.442,0.534,0.443,False
440,Victoriaville,2021,ALL,All,all,50.856,>=$5M,14,15.0,210.0,0.706,0.585,0.758,False
440,Victoriaville,2021,PRIMARY,Primary,primary,,<$5M,<2,,,,,,True
440,Victoriaville,2021,SECONDARY,Secondary,secondary,50.856,>=$5M,14,15.0,210.0,0.768,0.594,0.798,False
440,Victoriaville,2022,ALL,All,all,61.723,>=$5M,19,12.7,241.0,0.797,0.713,0.8,False
440,Victoriaville,2022,PRIMARY,Primary,primary,6.225,>=$5M,4,4.8,19.0,0.606,2.062,0.599,False
440,Victoriaville,2022,SECONDARY,Secondary,secondary,55.498,>=$5M,15,14.8,222.0,0.826,0.607,0.824,False
440,Victoriaville,2023,ALL,All,all,55.479,>=$5M,18,13.4,241.0,0.792,0.721,0.907,False
440,Victoriaville,2023,PRIMARY,Primary,primary,6.225,>=$5M,4,4.8,19.0,0.674,2.123,0.636,False
440,Victoriaville,2023,SECONDARY,Secondary,secondary,49.254,>=$5M,14,15.9,222.0,0.81,0.607,0.941,False
440,Victoriaville,2024,ALL,All,all,43.774,>=$5M,17,13.7,233.0,0.599,0.679,0.648,False
440,Victoriaville,2024,PRIMARY,Primary,primary,4.76,<$5M,4,6.8,27.0,0.598,2.138,0.752,False
440,Victoriaville,2024,SECONDARY,Secondary,secondary,39.014,>=$5M,13,15.8,206.0,0.599,0.561,0.637,False
440,Victoriaville,2025,ALL,All,all,53.52,>=$5M,18,15.7,283.0,0.73,0.701,0.773,False
440,Victoriaville,2025,PRIMARY,Primary,primary,4.76,<$5M,4,6.8,27.0,0.6,2.09,0.743,False
440,Victoriaville,2025,SECONDARY,Secondary,secondary,48.76,>=$5M,14,18.3,256.0,0.746,0.589,0.776,False
565,Wasaga Beach,2017,ALL,All,all,,<$5M,<2,,,,,,True
565,Wasaga Beach,2017,PRIMARY,Primary,primary,,<$5M,<2,,,,,,True
565,Wasaga Beach,2017,SECONDARY,Secondary,secondary,,<$5M,<2,,,,,,True
565,Wasaga Beach,2018,ALL,All,all,,<$5M,<2,,,,,,True
565,Wasaga Beach,2018,PRIMARY,Primary,primary,,<$5M,<2,,,,,,True
565,Wasaga Beach,2018,SECONDARY,Secondary,secondary,,<$5M,<2,,,,,,True
565,Wasaga Beach,2019,ALL,All,all,1.722,<$5M,2,5.0,10.0,0.218,0.353,0.281,False
565,Wasaga Beach,2019,PRIMARY,Primary,primary,,<$5M,<2,,,,,,True
565,Wasaga Beach,2019,SECONDARY,Secondary,secondary,1.722,<$5M,2,5.0,10.0,0.238,0.358,0.296,False
565,Wasaga Beach,2020,ALL,All,all,1.722,<$5M,2,5.0,10.0,0.175,0.351,0.219,False
565,Wasaga Beach,2020,PRIMARY,Primary,primary,,<$5M,<2,,,,,,True
565,Wasaga Beach,2020,SECONDARY,Secondary,secondary,1.722,<$5M,2,5.0,10.0,0.187,0.356,0.227,False
565,Wasaga Beach,2021,ALL,All,all,1.722,<$5M,2,5.0,10.0,0.217,0.354,0.29,False
565,Wasaga Beach,2021,PRIMARY,Primary,primary,,<$5M,<2,,,,,,True
565,Wasaga Beach,2021,SECONDARY,Secondary,secondary,1.722,<$5M,2,5.0,10.0,0.235,0.359,0.305,False
565,Wasaga Beach,2022,ALL,All,all,1.722,<$5M,2,5.0,10.0,0.196,0.313,0.265,False
565,Wasaga Beach,2022,PRIMARY,Primary,primary,,<$5M,<2,,,,,,True
565,Wasaga Beach,2022,SECONDARY,Secondary,secondary,1.722,<$5M,2,5.0,10.0,0.226,0.338,0.296,False
565,Wasaga Beach,2023,ALL,All,all,1.383,<$5M,2,5.0,10.0,0.178,0.316,0.28,False
565,Wasaga Beach,2023,PRIMARY,Primary,primary,,<$5M,<2,,,,,,True
565,Wasaga Beach,2023,SECONDARY,Secondary,secondary,1.383,<$5M,2,5.0,10.0,0.205,0.341,0.316,False
565,Wasaga Beach,2024,ALL,All,all,1.275,<$5M,2,5.0,10.0,0.151,0.305,0.191,False
565,Wasaga Beach,2024,PRIMARY,Primary,primary,,<$5M,<2,,,,,,True
565,Wasaga Beach,2024,SECONDARY,Secondary,secondary,1.275,<$5M,2,5.0,10.0,0.17,0.329,0.212,False
565,Wasaga Beach,2025,ALL,All,all,1.724,<$5M,3,4.3,13.0,0.183,0.426,0.23,False
565,Wasaga Beach,2025,PRIMARY,Primary,primary,,<$5M,<2,,,,,,True
565,Wasaga Beach,2025,SECONDARY,Secondary,secondary,1.724,<$5M,3,4.3,13.0,0.205,0.461,0.255,False
865,Wetaskiwin,2017,ALL,All,all,1.089,<$5M,2,3.5,7.0,0.053,0.316,0.076,False
865,Wetaskiwin,2017,PRIMARY,Primary,primary,,<$5M,<2,,,,,,True
865,Wetaskiwin,2017,SECONDARY,Secondary,secondary,1.089,<$5M,2,3.5,7.0,0.057,0.32,0.079,False
865,Wetaskiwin,2018,ALL,All,all,1.089,<$5M,2,3.5,7.0,0.051,0.304,0.072,False
865,Wetaskiwin,2018,PRIMARY,Primary,primary,,<$5M,<2,,,,,,True
865,Wetaskiwin,2018,SECONDARY,Secondary,secondary,1.089,<$5M,2,3.5,7.0,0.054,0.307,0.075,False
865,Wetaskiwin,2019,ALL,All,all,4.554,<$5M,3,7.3,22.0,0.186,0.428,0.187,False
865,Wetaskiwin,2019,PRIMARY,Primary,primary,,<$5M,<2,,,,,,True
865,Wetaskiwin,2019,SECONDARY,Secondary,secondary,4.554,<$5M,3,7.3,22.0,0.202,0.434,0.197,False
865,Wetaskiwin,2020,ALL,All,all,4.554,<$5M,3,7.3,22.0,0.155,0.429,0.153,False
865,Wetaskiwin,2020,PRIMARY,Primary,primary,,<$5M,<2,,,,,,True
865,Wetaskiwin,2020,SECONDARY,Secondary,secondary,4.554,<$5M,3,7.3,22.0,0.165,0.436,0.159,False
865,Wetaskiwin,2021,ALL,All,all,4.554,<$5M,3,7.3,22.0,0.201,0.43,0.201,False
865,Wetaskiwin,2021,PRIMARY,Primary,primary,,<$5M,<2,,,,,,True
865,Wetaskiwin,2021,SECONDARY,Secondary,secondary,4.554,<$5M,3,7.3,22.0,0.218,0.437,0.212,False
865,Wetaskiwin,2022,ALL,All,all,4.862,<$5M,4,5.8,23.0,0.205,0.512,0.195,False
865,Wetaskiwin,2022,PRIMARY,Primary,primary,,<$5M,<2,,,,,,True
865,Wetaskiwin,2022,SECONDARY,Secondary,secondary,4.554,<$5M,3,7.3,22.0,0.221,0.414,0.209,False
865,Wetaskiwin,2023,ALL,All,all,1.397,<$5M,3,2.7,8.0,0.073,0.422,0.079,False
865,Wetaskiwin,2023,PRIMARY,Primary,primary,,<$5M,<2,,,,,,True
865,Wetaskiwin,2023,SECONDARY,Secondary,secondary,1.089,<$5M,2,3.5,7.0,0.065,0.304,0.077,False
865,Wetaskiwin,2024,ALL,All,all,0.519,<$5M,3,1.3,4.0,0.032,0.411,0.03,False
865,Wetaskiwin,2024,PRIMARY,Primary,primary,,<$5M,<2,,,,,,True
865,Wetaskiwin,2024,SECONDARY,Secondary,secondary,0.347,<$5M,2,1.5,3.0,0.024,0.296,0.025,False
865,Wetaskiwin,2025,ALL,All,all,0.618,<$5M,3,1.7,5.0,0.039,0.405,0.039,False
865,Wetaskiwin,2025,PRIMARY,Primary,primary,,<$5M,<2,,,,,,True
865,Wetaskiwin,2025,SECONDARY,Secondary,secondary,0.446,<$5M,2,2.0,4.0,0.032,0.292,0.034,False
755,Weyburn,2017,ALL,All,all,1.617,<$5M,2,3.5,7.0,0.099,0.395,0.129,False
755,Weyburn,2017,PRIMARY,Primary,primary,,<$5M,<2,,,,,,True
755,Weyburn,2017,SECONDARY,Secondary,secondary,1.617,<$5M,2,3.5,7.0,0.106,0.4,0.135,False
755,Weyburn,2018,ALL,All,all,1.617,<$5M,2,3.5,7.0,0.096,0.375,0.121,False
755,Weyburn,2018,PRIMARY,Primary,primary,,<$5M,<2,,,,,,True
755,Weyburn,2018,SECONDARY,Secondary,secondary,1.617,<$5M,2,3.5,7.0,0.102,0.38,0.126,False
755,Weyburn,2019,ALL,All,all,2.31,<$5M,3,3.3,10.0,0.109,0.515,0.142,False
755,Weyburn,2019,PRIMARY,Primary,primary,,<$5M,<2,,,,,,True
755,Weyburn,2019,SECONDARY,Secondary,secondary,2.31,<$5M,3,3.3,10.0,0.119,0.523,0.149,False
755,Weyburn,2020,ALL,All,all,2.31,<$5M,3,3.3,10.0,0.088,0.514,0.114,False
755,Weyburn,2020,PRIMARY,Primary,primary,,<$5M,<2,,,,,,True
755,Weyburn,2020,SECONDARY,Secondary,secondary,2.31,<$5M,3,3.3,10.0,0.094,0.521,0.119,False
755,Weyburn,2021,ALL,All,all,2.31,<$5M,3,3.3,10.0,0.112,0.527,0.156,False
755,Weyburn,2021,PRIMARY,Primary,primary,,<$5M,<2,,,,,,True
755,Weyburn,2021,SECONDARY,Secondary,secondary,2.31,<$5M,3,3.3,10.0,0.122,0.535,0.164,False
755,Weyburn,2022,ALL,All,all,2.31,<$5M,3,3.3,10.0,0.12,0.476,0.144,False
755,Weyburn,2022,PRIMARY,Primary,primary,,<$5M,<2,,,,,,True
755,Weyburn,2022,SECONDARY,Secondary,secondary,2.31,<$5M,3,3.3,10.0,0.138,0.513,0.161,False
755,Weyburn,2023,ALL,All,all,2.238,<$5M,3,3.3,10.0,0.132,0.508,0.162,False
755,Weyburn,2023,PRIMARY,Primary,primary,,<$5M,<2,,,,,,True
755,Weyburn,2023,SECONDARY,Secondary,secondary,2.238,<$5M,3,3.3,10.0,0.152,0.549,0.183,False
755,Weyburn,2024,ALL,All,all,1.56,<$5M,3,2.7,8.0,0.097,0.489,0.091,False
755,Weyburn,2024,PRIMARY,Primary,primary,,<$5M,<2,,,,,,True
755,Weyburn,2024,SECONDARY,Secondary,secondary,1.56,<$5M,3,2.7,8.0,0.108,0.529,0.101,False
755,Weyburn,2025,ALL,All,all,1.755,<$5M,3,3.0,9.0,0.109,0.479,0.098,False
755,Weyburn,2025,PRIMARY,Primary,primary,,<$5M,<2,,,,,,True
755,Weyburn,2025,SECONDARY,Secondary,secondary,1.755,<$5M,3,3.0,9.0,0.123,0.518,0.108,False
990,Whitehorse,2017,ALL,All,all,26.52,>=$5M,24,5.5,132.0,0.589,1.52,0.932,False
990,Whitehorse,2017,PRIMARY,Primary,primary,,<$5M,<2,,,,,,True
990,Whitehorse,2017,SECONDARY,Secondary,secondary,26.52,>=$5M,24,5.5,132.0,0.627,1.538,0.972,False
990,Whitehorse,2018,ALL,All,all,30.096,>=$5M,29,5.1,148.0,0.629,1.78,1.015,False
990,Whitehorse,2018,PRIMARY,Primary,primary,,<$5M,<2,,,,,,True
990,Whitehorse,2018,SECONDARY,Secondary,secondary,30.096,>=$5M,29,5.1,148.0,0.669,1.802,1.057,False
990,Whitehorse,2019,ALL,All,all,41.877,>=$5M,34,5.9,199.0,0.889,1.908,1.133,False
990,Whitehorse,2019,PRIMARY,Primary,primary,,<$5M,<2,,,,,,True
990,Whitehorse,2019,SECONDARY,Secondary,secondary,41.877,>=$5M,34,5.9,199.0,0.969,1.935,1.193,False
990,Whitehorse,2020,ALL,All,all,42.108,>=$5M,34,5.9,200.0,0.753,1.92,0.923,False
990,Whitehorse,2020,PRIMARY,Primary,primary,,<$5M,<2,,,,,,True
990,Whitehorse,2020,SECONDARY,Secondary,secondary,42.108,>=$5M,34,5.9,200.0,0.803,1.947,0.959,False
990,Whitehorse,2021,ALL,All,all,50.91,>=$5M,33,7.2,238.0,1.15,1.868,1.357,False
990,Whitehorse,2021,PRIMARY,Primary,primary,,<$5M,<2,,,,,,True
990,Whitehorse,2021,SECONDARY,Secondary,secondary,50.91,>=$5M,33,7.2,238.0,1.25,1.896,1.429,False
990,Whitehorse,2022,ALL,All,all,53.342,>=$5M,36,6.8,245.0,1.351,1.86,1.327,False
990,Whitehorse,2022,PRIMARY,Primary,primary,,<$5M,<2,,,,,,True
990,Whitehorse,2022,SECONDARY,Secondary,secondary,51.494,>=$5M,35,6.8,239.0,1.503,1.95,1.447,False
990,Whitehorse,2023,ALL,All,all,34.201,>=$5M,34,5.2,178.0,0.895,1.864,1.015,False
990,Whitehorse,2023,PRIMARY,Primary,primary,,<$5M,<2,,,,,,True
990,Whitehorse,2023,SECONDARY,Secondary,secondary,32.353,>=$5M,33,5.2,172.0,0.975,1.957,1.105,False
990,Whitehorse,2024,ALL,All,all,53.043,>=$5M,35,8.5,299.0,1.516,1.905,1.222,False
990,Whitehorse,2024,PRIMARY,Primary,primary,,<$5M,<2,,,,,,True
990,Whitehorse,2024,SECONDARY,Secondary,secondary,53.043,>=$5M,35,8.5,299.0,1.701,2.058,1.358,False
990,Whitehorse,2025,ALL,All,all,51.933,>=$5M,36,8.2,294.0,1.452,1.924,1.147,False
990,Whitehorse,2025,PRIMARY,Primary,primary,,<$5M,<2,,,,,,True
990,Whitehorse,2025,SECONDARY,Secondary,secondary,51.933,>=$5M,36,8.2,294.0,1.628,2.079,1.274,False
950,Williams Lake,2017,ALL,All,all,6.403,>=$5M,8,3.9,31.0,0.23,0.759,0.317,False
950,Williams Lake,2017,PRIMARY,Primary,primary,,<$5M,<2,,,,,,True
950,Williams Lake,2017,SECONDARY,Secondary,secondary,6.403,>=$5M,8,3.9,31.0,0.245,0.768,0.331,False
950,Williams Lake,2018,ALL,All,all,6.403,>=$5M,8,3.9,31.0,0.216,0.737,0.302,False
950,Williams Lake,2018,PRIMARY,Primary,primary,,<$5M,<2,,,,,,True
950,Williams Lake,2018,SECONDARY,Secondary,secondary,6.403,>=$5M,8,3.9,31.0,0.23,0.746,0.315,False
950,Williams Lake,2019,ALL,All,all,6.731,>=$5M,9,3.7,33.0,0.2,0.764,0.263,False
950,Williams Lake,2019,PRIMARY,Primary,primary,,<$5M,<2,,,,,,True
950,Williams Lake,2019,SECONDARY,Secondary,secondary,6.731,>=$5M,9,3.7,33.0,0.218,0.774,0.277,False
950,Williams Lake,2020,ALL,All,all,6.731,>=$5M,9,3.7,33.0,0.17,0.764,0.216,False
950,Williams Lake,2020,PRIMARY,Primary,primary,,<$5M,<2,,,,,,True
950,Williams Lake,2020,SECONDARY,Secondary,secondary,6.731,>=$5M,9,3.7,33.0,0.181,0.775,0.225,False
950,Williams Lake,2021,ALL,All,all,6.731,>=$5M,9,3.7,33.0,0.215,0.783,0.291,False
950,Williams Lake,2021,PRIMARY,Primary,primary,,<$5M,<2,,,,,,True
950,Williams Lake,2021,SECONDARY,Secondary,secondary,6.731,>=$5M,9,3.7,33.0,0.234,0.795,0.306,False
950,Williams Lake,2022,ALL,All,all,9.827,>=$5M,10,4.1,41.0,0.301,0.778,0.332,False
950,Williams Lake,2022,PRIMARY,Primary,primary,,<$5M,<2,,,,,,True
950,Williams Lake,2022,SECONDARY,Secondary,secondary,6.731,>=$5M,9,3.7,33.0,0.238,0.755,0.299,False
950,Williams Lake,2023,ALL,All,all,11.267,>=$5M,12,4.1,49.0,0.357,1.003,0.432,False
950,Williams Lake,2023,PRIMARY,Primary,primary,,<$5M,<2,,,,,,True
950,Williams Lake,2023,SECONDARY,Secondary,secondary,8.171,>=$5M,11,3.7,41.0,0.298,0.994,0.408,False
950,Williams Lake,2024,ALL,All,all,11.258,>=$5M,11,6.5,71.0,0.38,0.906,0.441,False
950,Williams Lake,2024,PRIMARY,Primary,primary,,<$5M,<2,,,,,,True
950,Williams Lake,2024,SECONDARY,Secondary,secondary,9.755,>=$5M,10,6.3,63.0,0.369,0.89,0.435,False
950,Williams Lake,2025,ALL,All,all,11.258,>=$5M,11,6.5,71.0,0.379,0.89,0.432,False
950,Williams Lake,2025,PRIMARY,Primary,primary,,<$5M,<2,,,,,,True
950,Williams Lake,2025,SECONDARY,Secondary,secondary,9.755,>=$5M,10,6.3,63.0,0.368,0.875,0.425,False
559,Windsor,2017,ALL,All,all,281.55,>=$5M,99,7.7,765.0,0.689,0.795,0.537,False
559,Windsor,2017,PRIMARY,Primary,primary,,<$5M,<2,,,,,,True
559,Windsor,2017,SECONDARY,Secondary,secondary,281.55,>=$5M,99,7.7,765.0,0.733,0.804,0.561,False
559,Windsor,2018,ALL,All,all,286.503,>=$5M,99,7.9,780.0,0.675,0.766,0.519,False
559,Windsor,2018,PRIMARY,Primary,primary,,<$5M,<2,,,,,,True
559,Windsor,2018,SECONDARY,Secondary,secondary,286.503,>=$5M,99,7.9,780.0,0.718,0.776,0.541,False
559,Windsor,2019,ALL,All,all,321.268,>=$5M,121,7.5,903.0,0.62,0.797,0.476,False
559,Windsor,2019,PRIMARY,Primary,primary,,<$5M,<2,,,,,,True
559,Windsor,2019,SECONDARY,Secondary,secondary,321.268,>=$5M,121,7.5,903.0,0.675,0.808,0.501,False
559,Windsor,2020,ALL,All,all,315.215,>=$5M,121,7.6,916.0,0.404,0.79,0.378,False
559,Windsor,2020,PRIMARY,Primary,primary,,<$5M,<2,,,,,,True
559,Windsor,2020,SECONDARY,Secondary,secondary,315.215,>=$5M,121,7.6,916.0,0.431,0.802,0.393,False
559,Windsor,2021,ALL,All,all,308.009,>=$5M,118,7.6,891.0,0.612,0.775,0.497,False
559,Windsor,2021,PRIMARY,Primary,primary,,<$5M,<2,,,,,,True
559,Windsor,2021,SECONDARY,Secondary,secondary,308.009,>=$5M,118,7.6,891.0,0.665,0.786,0.523,False
559,Windsor,2022,ALL,All,all,455.062,>=$5M,165,7.3,1212.0,0.826,0.901,0.617,False
559,Windsor,2022,PRIMARY,Primary,primary,51.895,>=$5M,18,14.2,255.0,0.71,1.351,1.232,False
559,Windsor,2022,SECONDARY,Secondary,secondary,403.167,>=$5M,147,6.5,957.0,0.843,0.866,0.545,False
559,Windsor,2023,ALL,All,all,381.662,>=$5M,158,7.1,1129.0,0.793,0.897,0.624,False
559,Windsor,2023,PRIMARY,Primary,primary,41.374,>=$5M,16,14.7,235.0,0.651,1.203,1.156,False
559,Windsor,2023,SECONDARY,Secondary,secondary,340.288,>=$5M,142,6.3,894.0,0.814,0.872,0.557,False
559,Windsor,2024,ALL,All,all,533.597,>=$5M,170,13.2,2237.0,1.071,0.942,0.903,False
559,Windsor,2024,PRIMARY,Primary,primary,48.86,>=$5M,17,18.2,310.0,0.9,1.261,1.253,False
559,Windsor,2024,SECONDARY,Secondary,secondary,484.737,>=$5M,153,12.6,1927.0,1.092,0.916,0.865,False
559,Windsor,2025,ALL,All,all,544.845,>=$5M,174,13.1,2274.0,1.075,0.941,0.892,False
559,Windsor,2025,PRIMARY,Primary,primary,48.861,>=$5M,17,18.2,310.0,0.89,1.234,1.225,False
559,Windsor,2025,SECONDARY,Secondary,secondary,495.984,>=$5M,157,12.5,1964.0,1.098,0.918,0.855,False
603,Winkler,2017,ALL,All,all,16.26,>=$5M,15,6.4,96.0,0.225,1.876,0.85,False
603,Winkler,2017,PRIMARY,Primary,primary,,<$5M,<2,,,,,,True
603,Winkler,2017,SECONDARY,Secondary,secondary,16.26,>=$5M,15,6.4,96.0,0.24,1.898,0.886,False
603,Winkler,2018,ALL,All,all,15.432,>=$5M,14,6.6,92.0,0.216,1.665,0.747,False
603,Winkler,2018,PRIMARY,Primary,primary,,<$5M,<2,,,,,,True
603,Winkler,2018,SECONDARY,Secondary,secondary,15.432,>=$5M,14,6.6,92.0,0.229,1.686,0.779,False
603,Winkler,2019,ALL,All,all,15.432,>=$5M,14,6.6,92.0,0.193,1.56,0.625,False
603,Winkler,2019,PRIMARY,Primary,primary,,<$5M,<2,,,,,,True
603,Winkler,2019,SECONDARY,Secondary,secondary,15.432,>=$5M,14,6.6,92.0,0.21,1.583,0.659,False
603,Winkler,2020,ALL,All,all,15.432,>=$5M,14,6.6,92.0,0.152,1.541,0.497,False
603,Winkler,2020,PRIMARY,Primary,primary,,<$5M,<2,,,,,,True
603,Winkler,2020,SECONDARY,Secondary,secondary,15.432,>=$5M,14,6.6,92.0,0.163,1.563,0.517,False
603,Winkler,2021,ALL,All,all,15.432,>=$5M,14,6.6,92.0,0.185,1.553,0.648,False
603,Winkler,2021,PRIMARY,Primary,primary,,<$5M,<2,,,,,,True
603,Winkler,2021,SECONDARY,Secondary,secondary,15.432,>=$5M,14,6.6,92.0,0.201,1.576,0.682,False
603,Winkler,2022,ALL,All,all,15.432,>=$5M,14,6.6,92.0,0.178,1.413,0.605,False
603,Winkler,2022,PRIMARY,Primary,primary,,<$5M,<2,,,,,,True
603,Winkler,2022,SECONDARY,Secondary,secondary,15.432,>=$5M,14,6.6,92.0,0.206,1.524,0.676,False
603,Winkler,2023,ALL,All,all,12.9,>=$5M,14,6.6,92.0,0.181,1.495,0.683,False
603,Winkler,2023,PRIMARY,Primary,primary,,<$5M,<2,,,,,,True
603,Winkler,2023,SECONDARY,Secondary,secondary,12.9,>=$5M,14,6.6,92.0,0.209,1.617,0.77,False
603,Winkler,2024,ALL,All,all,6.924,>=$5M,9,5.8,52.0,0.106,0.941,0.3,False
603,Winkler,2024,PRIMARY,Primary,primary,,<$5M,<2,,,,,,True
603,Winkler,2024,SECONDARY,Secondary,secondary,6.924,>=$5M,9,5.8,52.0,0.119,1.017,0.334,False
603,Winkler,2025,ALL,All,all,6.924,>=$5M,9,5.8,52.0,0.11,0.908,0.286,False
603,Winkler,2025,PRIMARY,Primary,primary,,<$5M,<2,,,,,,True
603,Winkler,2025,SECONDARY,Secondary,secondary,6.924,>=$5M,9,5.8,52.0,0.124,0.981,0.317,False
602,Winnipeg,2017,ALL,All,all,562.785,>=$5M,204,9.3,1890.0,0.662,0.839,0.597,False
602,Winnipeg,2017,PRIMARY,Primary,primary,47.517,>=$5M,5,16.2,81.0,0.917,1.76,0.621,False
602,Winnipeg,2017,SECONDARY,Secondary,secondary,515.268,>=$5M,199,9.1,1809.0,0.645,0.828,0.596,False
602,Winnipeg,2018,ALL,All,all,631.165,>=$5M,217,10.5,2268.0,0.699,0.866,0.677,False
602,Winnipeg,2018,PRIMARY,Primary,primary,46.925,>=$5M,5,15.8,79.0,0.873,1.641,0.59,False
602,Winnipeg,2018,SECONDARY,Secondary,secondary,584.24,>=$5M,212,10.3,2189.0,0.688,0.856,0.681,False
602,Winnipeg,2019,ALL,All,all,717.61,>=$5M,247,10.7,2639.0,0.684,0.894,0.641,False
602,Winnipeg,2019,PRIMARY,Primary,primary,55.458,>=$5M,6,17.0,102.0,0.643,1.548,0.486,False
602,Winnipeg,2019,SECONDARY,Secondary,secondary,662.152,>=$5M,241,10.5,2537.0,0.688,0.884,0.649,False
602,Winnipeg,2020,ALL,All,all,723.503,>=$5M,246,10.8,2663.0,0.567,0.882,0.525,False
602,Winnipeg,2020,PRIMARY,Primary,primary,55.458,>=$5M,6,17.0,102.0,0.694,1.538,0.531,False
602,Winnipeg,2020,SECONDARY,Secondary,secondary,668.045,>=$5M,240,10.7,2561.0,0.558,0.873,0.524,False
602,Winnipeg,2021,ALL,All,all,693.127,>=$5M,241,10.9,2617.0,0.679,0.874,0.677,False
602,Winnipeg,2021,PRIMARY,Primary,primary,54.57,>=$5M,6,16.5,99.0,0.667,1.496,0.514,False
602,Winnipeg,2021,SECONDARY,Secondary,secondary,638.557,>=$5M,235,10.7,2518.0,0.68,0.865,0.686,False
602,Winnipeg,2022,ALL,All,all,768.167,>=$5M,295,9.7,2860.0,0.702,0.908,0.686,False
602,Winnipeg,2022,PRIMARY,Primary,primary,120.541,>=$5M,33,9.6,317.0,0.831,1.395,0.722,False
602,Winnipeg,2022,SECONDARY,Secondary,secondary,647.626,>=$5M,262,9.7,2543.0,0.682,0.869,0.682,False
602,Winnipeg,2023,ALL,All,all,633.971,>=$5M,290,8.7,2524.0,0.636,0.928,0.671,False
602,Winnipeg,2023,PRIMARY,Primary,primary,113.678,>=$5M,34,9.9,337.0,0.864,1.441,0.797,False
602,Winnipeg,2023,SECONDARY,Secondary,secondary,520.293,>=$5M,256,8.5,2187.0,0.601,0.886,0.655,False
602,Winnipeg,2024,ALL,All,all,657.131,>=$5M,292,11.5,3370.0,0.642,0.892,0.632,False
602,Winnipeg,2024,PRIMARY,Primary,primary,87.684,>=$5M,31,12.4,384.0,0.786,1.268,0.721,False
602,Winnipeg,2024,SECONDARY,Secondary,secondary,569.447,>=$5M,261,11.4,2986.0,0.625,0.862,0.622,False
602,Winnipeg,2025,ALL,All,all,654.638,>=$5M,296,11.4,3372.0,0.629,0.889,0.619,False
602,Winnipeg,2025,PRIMARY,Primary,primary,83.62,>=$5M,31,12.0,372.0,0.742,1.249,0.688,False
602,Winnipeg,2025,SECONDARY,Secondary,secondary,571.018,>=$5M,265,11.3,3000.0,0.615,0.86,0.612,False
860,Wood Buffalo,2017,ALL,All,all,94.432,>=$5M,23,18.4,424.0,0.41,1.027,1.362,False
860,Wood Buffalo,2017,PRIMARY,Primary,primary,,<$5M,<2,,,,,,True
860,Wood Buffalo,2017,SECONDARY,Secondary,secondary,94.432,>=$5M,23,18.4,424.0,0.437,1.039,1.42,False
860,Wood Buffalo,2018,ALL,All,all,51.928,>=$5M,24,10.0,240.0,0.527,1.029,0.876,False
860,Wood Buffalo,2018,PRIMARY,Primary,primary,,<$5M,<2,,,,,,True
860,Wood Buffalo,2018,SECONDARY,Secondary,secondary,51.928,>=$5M,24,10.0,240.0,0.56,1.042,0.913,False
860,Wood Buffalo,2019,ALL,All,all,76.162,>=$5M,35,10.0,350.0,0.574,1.297,0.939,False
860,Wood Buffalo,2019,PRIMARY,Primary,primary,,<$5M,<2,,,,,,True
860,Wood Buffalo,2019,SECONDARY,Secondary,secondary,76.162,>=$5M,35,10.0,350.0,0.626,1.316,0.99,False
860,Wood Buffalo,2020,ALL,All,all,78.472,>=$5M,35,10.3,360.0,0.521,1.286,0.816,False
860,Wood Buffalo,2020,PRIMARY,Primary,primary,,<$5M,<2,,,,,,True
860,Wood Buffalo,2020,SECONDARY,Secondary,secondary,78.472,>=$5M,35,10.3,360.0,0.556,1.304,0.848,False
860,Wood Buffalo,2021,ALL,All,all,74.083,>=$5M,34,10.0,341.0,0.621,1.257,0.971,False
860,Wood Buffalo,2021,PRIMARY,Primary,primary,,<$5M,<2,,,,,,True
860,Wood Buffalo,2021,SECONDARY,Secondary,secondary,74.083,>=$5M,34,10.0,341.0,0.675,1.275,1.022,False
860,Wood Buffalo,2022,ALL,All,all,78.934,>=$5M,36,9.2,333.0,0.656,1.212,0.905,False
860,Wood Buffalo,2022,PRIMARY,Primary,primary,,<$5M,<2,,,,,,True
860,Wood Buffalo,2022,SECONDARY,Secondary,secondary,78.934,>=$5M,36,9.2,333.0,0.756,1.307,1.011,False
860,Wood Buffalo,2023,ALL,All,all,68.694,>=$5M,31,9.6,297.0,0.666,1.079,0.871,False
860,Wood Buffalo,2023,PRIMARY,Primary,primary,,<$5M,<2,,,,,,True
860,Wood Buffalo,2023,SECONDARY,Secondary,secondary,68.694,>=$5M,31,9.6,297.0,0.768,1.167,0.982,False
860,Wood Buffalo,2024,ALL,All,all,60.604,>=$5M,33,10.5,346.0,0.743,1.065,0.864,False
860,Wood Buffalo,2024,PRIMARY,Primary,primary,,<$5M,<2,,,,,,True
860,Wood Buffalo,2024,SECONDARY,Secondary,secondary,60.604,>=$5M,33,10.5,346.0,0.834,1.151,0.96,False
860,Wood Buffalo,2025,ALL,All,all,65.046,>=$5M,31,11.4,353.0,0.77,0.983,0.84,False
860,Wood Buffalo,2025,PRIMARY,Primary,primary,,<$5M,<2,,,,,,True
860,Wood Buffalo,2025,SECONDARY,Secondary,secondary,65.046,>=$5M,31,11.4,353.0,0.864,1.063,0.932,False
544,Woodstock,2017,ALL,All,all,49.801,>=$5M,9,8.2,74.0,1.153,0.666,0.561,False
544,Woodstock,2017,PRIMARY,Primary,primary,,<$5M,<2,,,,,,True
544,Woodstock,2017,SECONDARY,Secondary,secondary,49.801,>=$5M,9,8.2,74.0,1.228,0.674,0.585,False
544,Woodstock,2018,ALL,All,all,49.801,>=$5M,9,8.2,74.0,1.048,0.645,0.511,False
544,Woodstock,2018,PRIMARY,Primary,primary,,<$5M,<2,,,,,,True
544,Woodstock,2018,SECONDARY,Secondary,secondary,49.801,>=$5M,9,8.2,74.0,1.114,0.653,0.532,False
544,Woodstock,2019,ALL,All,all,50.472,>=$5M,11,6.8,75.0,0.905,0.676,0.406,False
544,Woodstock,2019,PRIMARY,Primary,primary,,<$5M,<2,,,,,,True
544,Woodstock,2019,SECONDARY,Secondary,secondary,50.101,>=$5M,10,7.4,74.0,0.979,0.623,0.422,False
544,Woodstock,2020,ALL,All,all,50.636,>=$5M,11,6.9,76.0,0.738,0.673,0.334,False
544,Woodstock,2020,PRIMARY,Primary,primary,,<$5M,<2,,,,,,True
544,Woodstock,2020,SECONDARY,Secondary,secondary,50.265,>=$5M,10,7.5,75.0,0.781,0.621,0.342,False
544,Woodstock,2021,ALL,All,all,50.636,>=$5M,11,6.9,76.0,0.924,0.677,0.433,False
544,Woodstock,2021,PRIMARY,Primary,primary,,<$5M,<2,,,,,,True
544,Woodstock,2021,SECONDARY,Secondary,secondary,50.265,>=$5M,10,7.5,75.0,0.997,0.624,0.449,False
544,Woodstock,2022,ALL,All,all,56.488,>=$5M,13,7.3,95.0,1.003,0.725,0.501,False
544,Woodstock,2022,PRIMARY,Primary,primary,6.223,>=$5M,3,6.7,20.0,0.834,2.298,1.0,False
544,Woodstock,2022,SECONDARY,Secondary,secondary,50.265,>=$5M,10,7.5,75.0,1.029,0.601,0.442,False
544,Woodstock,2023,ALL,All,all,47.376,>=$5M,12,7.2,87.0,0.891,0.697,0.504,False
544,Woodstock,2023,PRIMARY,Primary,primary,6.223,>=$5M,3,6.7,20.0,0.887,2.308,1.03,False
544,Woodstock,2023,SECONDARY,Secondary,secondary,41.153,>=$5M,9,7.4,67.0,0.891,0.565,0.437,False
544,Woodstock,2024,ALL,All,all,31.869,>=$5M,10,10.8,108.0,0.646,0.564,0.466,False
544,Woodstock,2024,PRIMARY,Primary,primary,3.503,<$5M,3,6.7,20.0,0.652,2.266,0.865,False
544,Woodstock,2024,SECONDARY,Secondary,secondary,28.366,>=$5M,7,12.6,88.0,0.645,0.427,0.422,False
544,Woodstock,2025,ALL,All,all,31.869,>=$5M,10,10.8,108.0,0.633,0.543,0.443,False
544,Woodstock,2025,PRIMARY,Primary,primary,3.503,<$5M,3,6.7,20.0,0.642,2.187,0.826,False
544,Woodstock,2025,SECONDARY,Secondary,secondary,28.366,>=$5M,7,12.6,88.0,0.631,0.411,0.401,False
995,Yellowknife,2017,ALL,All,all,8.43,>=$5M,9,4.2,38.0,0.106,1.051,0.336,False
995,Yellowknife,2017,PRIMARY,Primary,primary,,<$5M,<2,,,,,,True
995,Yellowknife,2017,SECONDARY,Secondary,secondary,8.43,>=$5M,9,4.2,38.0,0.113,1.064,0.351,False
995,Yellowknife,2018,ALL,All,all,19.329,>=$5M,16,6.4,103.0,0.232,1.701,0.842,False
995,Yellowknife,2018,PRIMARY,Primary,primary,,<$5M,<2,,,,,,True
995,Yellowknife,2018,SECONDARY,Secondary,secondary,19.329,>=$5M,16,6.4,103.0,0.247,1.722,0.877,False
995,Yellowknife,2019,ALL,All,all,24.317,>=$5M,21,5.9,123.0,0.262,1.995,0.797,False
995,Yellowknife,2019,PRIMARY,Primary,primary,,<$5M,<2,,,,,,True
995,Yellowknife,2019,SECONDARY,Secondary,secondary,23.025,>=$5M,20,6.0,119.0,0.27,1.927,0.813,False
995,Yellowknife,2020,ALL,All,all,32.402,>=$5M,22,7.2,158.0,0.289,2.11,0.84,False
995,Yellowknife,2020,PRIMARY,Primary,primary,,<$5M,<2,,,,,,True
995,Yellowknife,2020,SECONDARY,Secondary,secondary,31.11,>=$5M,21,7.3,154.0,0.296,2.043,0.851,False
995,Yellowknife,2021,ALL,All,all,21.545,>=$5M,20,5.4,108.0,0.243,1.954,0.765,False
995,Yellowknife,2021,PRIMARY,Primary,primary,,<$5M,<2,,,,,,True
995,Yellowknife,2021,SECONDARY,Secondary,secondary,20.253,>=$5M,19,5.5,104.0,0.248,1.884,0.776,False
995,Yellowknife,2022,ALL,All,all,23.636,>=$5M,20,5.6,113.0,0.258,1.783,0.744,False
995,Yellowknife,2022,PRIMARY,Primary,primary,3.614,<$5M,2,5.0,10.0,0.297,2.451,0.625,False
995,Yellowknife,2022,SECONDARY,Secondary,secondary,20.022,>=$5M,18,5.7,103.0,0.252,1.731,0.758,False
995,Yellowknife,2023,ALL,All,all,20.769,>=$5M,18,5.8,104.0,0.772,1.732,0.77,False
995,Yellowknife,2023,PRIMARY,Primary,primary,,<$5M,<2,,,,,,True
995,Yellowknife,2023,SECONDARY,Secondary,secondary,18.447,>=$5M,17,5.8,98.0,0.79,1.77,0.818,False
995,Yellowknife,2024,ALL,All,all,17.617,>=$5M,17,5.5,94.0,0.207,1.606,0.504,False
995,Yellowknife,2024,PRIMARY,Primary,primary,,<$5M,<2,,,,,,True
995,Yellowknife,2024,SECONDARY,Secondary,secondary,16.489,>=$5M,16,5.5,88.0,0.217,1.634,0.524,False
995,Yellowknife,2025,ALL,All,all,20.541,>=$5M,18,6.1,109.0,0.241,1.652,0.562,False
995,Yellowknife,2025,PRIMARY,Primary,primary,,<$5M,<2,,,,,,True
995,Yellowknife,2025,SECONDARY,Secondary,secondary,19.413,>=$5M,17,6.1,103.0,0.256,1.686,0.59,False
710,Yorkton,2017,ALL,All,all,3.003,<$5M,4,3.2,13.0,0.144,0.46,0.146,False
710,Yorkton,2017,PRIMARY,Primary,primary,,<$5M,<2,,,,,,True
710,Yorkton,2017,SECONDARY,Secondary,secondary,3.003,<$5M,4,3.2,13.0,0.153,0.465,0.153,False
710,Yorkton,2018,ALL,All,all,3.003,<$5M,4,3.2,13.0,0.123,0.439,0.134,False
710,Yorkton,2018,PRIMARY,Primary,primary,,<$5M,<2,,,,,,True
710,Yorkton,2018,SECONDARY,Secondary,secondary,3.003,<$5M,4,3.2,13.0,0.131,0.444,0.139,False
710,Yorkton,2019,ALL,All,all,4.767,<$5M,5,5.0,25.0,0.158,0.494,0.213,False
710,Yorkton,2019,PRIMARY,Primary,primary,,<$5M,<2,,,,,,True
710,Yorkton,2019,SECONDARY,Secondary,secondary,4.767,<$5M,5,5.0,25.0,0.172,0.501,0.224,False
710,Yorkton,2020,ALL,All,all,4.767,<$5M,5,5.0,25.0,0.131,0.498,0.176,False
710,Yorkton,2020,PRIMARY,Primary,primary,,<$5M,<2,,,,,,True
710,Yorkton,2020,SECONDARY,Secondary,secondary,4.767,<$5M,5,5.0,25.0,0.14,0.505,0.183,False
710,Yorkton,2021,ALL,All,all,4.767,<$5M,5,5.0,25.0,0.167,0.519,0.24,False
710,Yorkton,2021,PRIMARY,Primary,primary,,<$5M,<2,,,,,,True
710,Yorkton,2021,SECONDARY,Secondary,secondary,4.767,<$5M,5,5.0,25.0,0.181,0.527,0.253,False
710,Yorkton,2022,ALL,All,all,7.231,>=$5M,6,5.5,33.0,0.246,0.573,0.299,False
710,Yorkton,2022,PRIMARY,Primary,primary,,<$5M,<2,,,,,,True
710,Yorkton,2022,SECONDARY,Secondary,secondary,4.767,<$5M,5,5.0,25.0,0.187,0.515,0.253,False
710,Yorkton,2023,ALL,All,all,5.467,>=$5M,5,4.6,23.0,0.209,0.505,0.226,False
710,Yorkton,2023,PRIMARY,Primary,primary,,<$5M,<2,,,,,,True
710,Yorkton,2023,SECONDARY,Secondary,secondary,3.003,<$5M,4,3.8,15.0,0.132,0.437,0.166,False
710,Yorkton,2024,ALL,All,all,1.961,<$5M,2,5.5,11.0,0.071,0.187,0.071,False
710,Yorkton,2024,PRIMARY,Primary,primary,,<$5M,<2,,,,,,True
710,Yorkton,2024,SECONDARY,Secondary,secondary,,<$5M,<2,,,,,,True
710,Yorkton,2025,ALL,All,all,1.961,<$5M,2,5.5,11.0,0.066,0.184,0.067,False
710,Yorkton,2025,PRIMARY,Primary,primary,,<$5M,<2,,,,,,True
710,Yorkton,2025,SECONDARY,Secondary,secondary,,<$5M,<2,,,,,,True
