region_uid,region_name,year,NAICS6,NAICSD,defence_type,total_sales_M,sales_bucket,n_firms,avg_employees,suppressed
932,Abbotsford - Mission,2017,331110,Iron & Steel Mills & Ferroalloy Manufacturing,secondary,16.506,>=$5M,2,7.5,False
932,Abbotsford - Mission,2017,334511,Search Detection & Navigation Instruments,primary,36.358,>=$5M,2,49.0,False
932,Abbotsford - Mission,2017,541330,Engineering Services,secondary,56.595,>=$5M,30,8.2,False
932,Abbotsford - Mission,2017,541370,Surveying & Mapping (except Geophysical) Services,secondary,8.82,>=$5M,10,6.0,False
932,Abbotsford - Mission,2017,541511,Custom Computer Programming Services,secondary,5.382,>=$5M,7,3.7,False
932,Abbotsford - Mission,2017,ALL,All,all,123.661,>=$5M,51,8.7,False
932,Abbotsford - Mission,2017,PRIMARY,Primary,primary,36.358,>=$5M,2,49.0,False
932,Abbotsford - Mission,2017,SECONDARY,Secondary,secondary,87.303,>=$5M,49,7.1,False
932,Abbotsford - Mission,2018,331110,Iron & Steel Mills & Ferroalloy Manufacturing,secondary,16.506,>=$5M,2,7.5,False
932,Abbotsford - Mission,2018,334511,Search Detection & Navigation Instruments,primary,36.358,>=$5M,2,49.0,False
932,Abbotsford - Mission,2018,541330,Engineering Services,secondary,74.613,>=$5M,33,9.8,False
932,Abbotsford - Mission,2018,541370,Surveying & Mapping (except Geophysical) Services,secondary,8.82,>=$5M,10,6.0,False
932,Abbotsford - Mission,2018,541511,Custom Computer Programming Services,secondary,5.796,>=$5M,7,4.0,False
932,Abbotsford - Mission,2018,ALL,All,all,142.093,>=$5M,54,9.7,False
932,Abbotsford - Mission,2018,PRIMARY,Primary,primary,36.358,>=$5M,2,49.0,False
932,Abbotsford - Mission,2018,SECONDARY,Secondary,secondary,105.735,>=$5M,52,8.2,False
932,Abbotsford - Mission,2019,331110,Iron & Steel Mills & Ferroalloy Manufacturing,secondary,17.645,>=$5M,3,5.3,False
932,Abbotsford - Mission,2019,334511,Search Detection & Navigation Instruments,primary,36.358,>=$5M,2,49.0,False
932,Abbotsford - Mission,2019,541330,Engineering Services,secondary,81.774,>=$5M,38,9.3,False
932,Abbotsford - Mission,2019,541370,Surveying & Mapping (except Geophysical) Services,secondary,10.584,>=$5M,12,6.0,False
932,Abbotsford - Mission,2019,541511,Custom Computer Programming Services,secondary,7.038,>=$5M,10,3.4,False
932,Abbotsford - Mission,2019,ALL,All,all,153.399,>=$5M,65,8.8,False
932,Abbotsford - Mission,2019,PRIMARY,Primary,primary,36.358,>=$5M,2,49.0,False
932,Abbotsford - Mission,2019,SECONDARY,Secondary,secondary,117.041,>=$5M,63,7.6,False
932,Abbotsford - Mission,2020,331110,Iron & Steel Mills & Ferroalloy Manufacturing,secondary,17.645,>=$5M,3,5.3,False
932,Abbotsford - Mission,2020,334511,Search Detection & Navigation Instruments,primary,36.358,>=$5M,2,49.0,False
932,Abbotsford - Mission,2020,541330,Engineering Services,secondary,81.774,>=$5M,38,9.3,False
932,Abbotsford - Mission,2020,541370,Surveying & Mapping (except Geophysical) Services,secondary,10.584,>=$5M,12,6.0,False
932,Abbotsford - Mission,2020,541511,Custom Computer Programming Services,secondary,8.073,>=$5M,11,3.5,False
932,Abbotsford - Mission,2020,ALL,All,all,154.434,>=$5M,66,8.8,False
932,Abbotsford - Mission,2020,PRIMARY,Primary,primary,36.358,>=$5M,2,49.0,False
932,Abbotsford - Mission,2020,SECONDARY,Secondary,secondary,118.076,>=$5M,64,7.5,False
932,Abbotsford - Mission,2021,331110,Iron and Steel Mills and Ferroalloy Manufacturing,secondary,17.645,>=$5M,3,5.3,False
932,Abbotsford - Mission,2021,334511,"Search, Detection, Navigation, Guidance, Aeronauti",primary,36.358,>=$5M,2,49.0,False
932,Abbotsford - Mission,2021,541330,Engineering Services,secondary,68.607,>=$5M,30,9.9,False
932,Abbotsford - Mission,2021,541370,Surveying and Mapping (except Geophysical) Service,secondary,11.907,>=$5M,11,7.2,False
932,Abbotsford - Mission,2021,541511,Custom Computer Programming Services,secondary,8.073,>=$5M,11,3.5,False
932,Abbotsford - Mission,2021,ALL,All,all,142.59,>=$5M,57,9.3,False
932,Abbotsford - Mission,2021,PRIMARY,Primary,primary,36.358,>=$5M,2,49.0,False
932,Abbotsford - Mission,2021,SECONDARY,Secondary,secondary,106.232,>=$5M,55,7.8,False
932,Abbotsford - Mission,2022,331110,Iron and Steel Mills and Ferroalloy Manufacturing,secondary,34.73,>=$5M,4,7.8,False
932,Abbotsford - Mission,2022,333310,Commercial and Service Industry Machinery Manufact,primary,9.708,>=$5M,6,4.2,False
932,Abbotsford - Mission,2022,334511,"Search, Detection, Navigation, Guidance, Aeronauti",primary,36.358,>=$5M,2,49.0,False
932,Abbotsford - Mission,2022,334610,Manufacturing and Reproducing Magnetic and Optical,secondary,,<$5M,<2,,True
932,Abbotsford - Mission,2022,541330,Engineering Services,secondary,80.619,>=$5M,38,8.8,False
932,Abbotsford - Mission,2022,541370,Surveying and Mapping (except Geophysical) Service,secondary,12.054,>=$5M,12,6.7,False
932,Abbotsford - Mission,2022,541511,Custom Computer Programming Services,secondary,9.108,>=$5M,12,3.9,False
932,Abbotsford - Mission,2022,ALL,All,all,182.779,>=$5M,75,8.3,False
932,Abbotsford - Mission,2022,PRIMARY,Primary,primary,46.066,>=$5M,8,15.4,False
932,Abbotsford - Mission,2022,SECONDARY,Secondary,secondary,136.713,>=$5M,67,7.4,False
932,Abbotsford - Mission,2023,331110,Iron and Steel Mills and Ferroalloy Manufacturing,secondary,34.73,>=$5M,4,7.8,False
932,Abbotsford - Mission,2023,333310,Commercial and Service Industry Machinery Manufact,primary,9.292,>=$5M,5,4.6,False
932,Abbotsford - Mission,2023,334511,"Search, Detection, Navigation, Guidance, Aeronauti",primary,,>=$5M,<2,,True
932,Abbotsford - Mission,2023,334610,Manufacturing and Reproducing Magnetic and Optical,secondary,,<$5M,<2,,True
932,Abbotsford - Mission,2023,541330,Engineering Services,secondary,95.029,>=$5M,38,10.7,False
932,Abbotsford - Mission,2023,541370,Surveying and Mapping (except Geophysical) Service,secondary,10.394,>=$5M,11,7.3,False
932,Abbotsford - Mission,2023,541511,Custom Computer Programming Services,secondary,8.593,>=$5M,12,3.9,False
932,Abbotsford - Mission,2023,ALL,All,all,166.773,>=$5M,72,8.5,False
932,Abbotsford - Mission,2023,PRIMARY,Primary,primary,17.825,>=$5M,6,7.7,False
932,Abbotsford - Mission,2023,SECONDARY,Secondary,secondary,148.948,>=$5M,66,8.6,False
932,Abbotsford - Mission,2024,331110,Iron and Steel Mills and Ferroalloy Manufacturing,secondary,19.743,>=$5M,4,7.8,False
932,Abbotsford - Mission,2024,333310,Commercial and Service Industry Machinery Manufact,primary,5.838,>=$5M,4,7.8,False
932,Abbotsford - Mission,2024,334511,"Search, Detection, Navigation, Guidance, Aeronauti",primary,,>=$5M,<2,,True
932,Abbotsford - Mission,2024,336411,Aircraft Manufacturing,primary,,<$5M,<2,,True
932,Abbotsford - Mission,2024,541330,Engineering Services,secondary,94.547,>=$5M,43,11.3,False
932,Abbotsford - Mission,2024,541370,Surveying and Mapping (except Geophysical) Service,secondary,6.504,>=$5M,12,5.4,False
932,Abbotsford - Mission,2024,541511,Custom Computer Programming Services,secondary,13.17,>=$5M,10,9.0,False
932,Abbotsford - Mission,2024,ALL,All,all,149.224,>=$5M,75,9.9,False
932,Abbotsford - Mission,2024,PRIMARY,Primary,primary,15.26,>=$5M,6,11.5,False
932,Abbotsford - Mission,2024,SECONDARY,Secondary,secondary,133.964,>=$5M,69,9.7,False
932,Abbotsford - Mission,2025,331110,Iron and Steel Mills and Ferroalloy Manufacturing,secondary,19.743,>=$5M,4,7.8,False
932,Abbotsford - Mission,2025,333310,Commercial and Service Industry Machinery Manufact,primary,5.838,>=$5M,4,7.8,False
932,Abbotsford - Mission,2025,334511,"Search, Detection, Navigation, Guidance, Aeronauti",primary,,>=$5M,<2,,True
932,Abbotsford - Mission,2025,336411,Aircraft Manufacturing,primary,,<$5M,<2,,True
932,Abbotsford - Mission,2025,541330,Engineering Services,secondary,97.666,>=$5M,47,10.7,False
932,Abbotsford - Mission,2025,541370,Surveying and Mapping (except Geophysical) Service,secondary,6.702,>=$5M,12,5.7,False
932,Abbotsford - Mission,2025,541511,Custom Computer Programming Services,secondary,13.77,>=$5M,11,8.4,False
932,Abbotsford - Mission,2025,ALL,All,all,153.141,>=$5M,80,9.5,False
932,Abbotsford - Mission,2025,PRIMARY,Primary,primary,15.26,>=$5M,6,11.5,False
932,Abbotsford - Mission,2025,SECONDARY,Secondary,secondary,137.881,>=$5M,74,9.4,False
410,Alma,2017,331110,Iron & Steel Mills & Ferroalloy Manufacturing,secondary,,<$5M,<2,,True
410,Alma,2017,541330,Engineering Services,secondary,10.395,>=$5M,5,9.0,False
410,Alma,2017,541370,Surveying & Mapping (except Geophysical) Services,secondary,8.085,>=$5M,4,13.8,False
410,Alma,2017,541511,Custom Computer Programming Services,secondary,,<$5M,<2,,True
410,Alma,2017,ALL,All,all,22.311,>=$5M,11,9.5,False
410,Alma,2017,SECONDARY,Secondary,secondary,22.311,>=$5M,11,9.5,False
410,Alma,2018,331110,Iron & Steel Mills & Ferroalloy Manufacturing,secondary,,<$5M,<2,,True
410,Alma,2018,541330,Engineering Services,secondary,10.395,>=$5M,5,9.0,False
410,Alma,2018,541370,Surveying & Mapping (except Geophysical) Services,secondary,8.085,>=$5M,4,13.8,False
410,Alma,2018,541511,Custom Computer Programming Services,secondary,,<$5M,<2,,True
410,Alma,2018,ALL,All,all,22.311,>=$5M,11,9.5,False
410,Alma,2018,SECONDARY,Secondary,secondary,22.311,>=$5M,11,9.5,False
410,Alma,2019,331110,Iron & Steel Mills & Ferroalloy Manufacturing,secondary,,<$5M,<2,,True
410,Alma,2019,541330,Engineering Services,secondary,15.708,>=$5M,8,8.5,False
410,Alma,2019,541370,Surveying & Mapping (except Geophysical) Services,secondary,8.085,>=$5M,4,13.8,False
410,Alma,2019,541511,Custom Computer Programming Services,secondary,,<$5M,<2,,True
410,Alma,2019,ALL,All,all,27.624,>=$5M,14,9.1,False
410,Alma,2019,SECONDARY,Secondary,secondary,27.624,>=$5M,14,9.1,False
410,Alma,2020,331110,Iron & Steel Mills & Ferroalloy Manufacturing,secondary,,<$5M,<2,,True
410,Alma,2020,541330,Engineering Services,secondary,14.091,>=$5M,8,7.6,False
410,Alma,2020,541370,Surveying & Mapping (except Geophysical) Services,secondary,8.085,>=$5M,4,13.8,False
410,Alma,2020,541511,Custom Computer Programming Services,secondary,,<$5M,<2,,True
410,Alma,2020,ALL,All,all,26.007,>=$5M,14,8.6,False
410,Alma,2020,SECONDARY,Secondary,secondary,26.007,>=$5M,14,8.6,False
410,Alma,2021,331110,Iron and Steel Mills and Ferroalloy Manufacturing,secondary,,<$5M,<2,,True
410,Alma,2021,541330,Engineering Services,secondary,14.091,>=$5M,8,7.6,False
410,Alma,2021,541370,Surveying and Mapping (except Geophysical) Service,secondary,8.085,>=$5M,4,13.8,False
410,Alma,2021,541511,Custom Computer Programming Services,secondary,,<$5M,<2,,True
410,Alma,2021,ALL,All,all,26.007,>=$5M,14,8.6,False
410,Alma,2021,SECONDARY,Secondary,secondary,26.007,>=$5M,14,8.6,False
410,Alma,2022,331110,Iron and Steel Mills and Ferroalloy Manufacturing,secondary,,<$5M,<2,,True
410,Alma,2022,333310,Commercial and Service Industry Machinery Manufact,primary,,>=$5M,<2,,True
410,Alma,2022,541330,Engineering Services,secondary,14.784,>=$5M,9,6.8,False
410,Alma,2022,541370,Surveying and Mapping (except Geophysical) Service,secondary,8.085,>=$5M,4,13.8,False
410,Alma,2022,541511,Custom Computer Programming Services,secondary,,<$5M,<2,,True
410,Alma,2022,ALL,All,all,40.245,>=$5M,16,9.8,False
410,Alma,2022,PRIMARY,Primary,primary,,>=$5M,<2,,True
410,Alma,2022,SECONDARY,Secondary,secondary,26.7,>=$5M,15,8.1,False
410,Alma,2023,331110,Iron and Steel Mills and Ferroalloy Manufacturing,secondary,,<$5M,<2,,True
410,Alma,2023,333310,Commercial and Service Industry Machinery Manufact,primary,,>=$5M,<2,,True
410,Alma,2023,541330,Engineering Services,secondary,11.341,>=$5M,7,7.1,False
410,Alma,2023,541370,Surveying and Mapping (except Geophysical) Service,secondary,7.309,>=$5M,4,13.8,False
410,Alma,2023,541511,Custom Computer Programming Services,secondary,,<$5M,<2,,True
410,Alma,2023,ALL,All,all,36.026,>=$5M,14,10.4,False
410,Alma,2023,PRIMARY,Primary,primary,,>=$5M,<2,,True
410,Alma,2023,SECONDARY,Secondary,secondary,22.481,>=$5M,13,8.5,False
410,Alma,2024,331110,Iron and Steel Mills and Ferroalloy Manufacturing,secondary,,<$5M,<2,,True
410,Alma,2024,333310,Commercial and Service Industry Machinery Manufact,primary,,>=$5M,<2,,True
410,Alma,2024,541330,Engineering Services,secondary,16.959,>=$5M,7,12.4,False
410,Alma,2024,541370,Surveying and Mapping (except Geophysical) Service,secondary,5.416,>=$5M,4,13.8,False
410,Alma,2024,541511,Custom Computer Programming Services,secondary,1.049,<$5M,3,2.3,False
410,Alma,2024,ALL,All,all,31.932,>=$5M,16,11.7,False
410,Alma,2024,PRIMARY,Primary,primary,,>=$5M,<2,,True
410,Alma,2024,SECONDARY,Secondary,secondary,25.357,>=$5M,15,10.1,False
410,Alma,2025,331110,Iron and Steel Mills and Ferroalloy Manufacturing,secondary,,<$5M,<2,,True
410,Alma,2025,333310,Commercial and Service Industry Machinery Manufact,primary,,>=$5M,<2,,True
410,Alma,2025,541330,Engineering Services,secondary,16.959,>=$5M,7,12.4,False
410,Alma,2025,541370,Surveying and Mapping (except Geophysical) Service,secondary,5.416,>=$5M,4,13.8,False
410,Alma,2025,541511,Custom Computer Programming Services,secondary,1.049,<$5M,3,2.3,False
410,Alma,2025,ALL,All,all,31.932,>=$5M,16,11.7,False
410,Alma,2025,PRIMARY,Primary,primary,,>=$5M,<2,,True
410,Alma,2025,SECONDARY,Secondary,secondary,25.357,>=$5M,15,10.1,False
481,Amos,2017,541370,Surveying & Mapping (except Geophysical) Services,secondary,8.82,>=$5M,3,20.0,False
481,Amos,2017,ALL,All,all,8.82,>=$5M,3,20.0,False
481,Amos,2017,SECONDARY,Secondary,secondary,8.82,>=$5M,3,20.0,False
481,Amos,2018,541370,Surveying & Mapping (except Geophysical) Services,secondary,8.82,>=$5M,3,20.0,False
481,Amos,2018,ALL,All,all,8.82,>=$5M,3,20.0,False
481,Amos,2018,SECONDARY,Secondary,secondary,8.82,>=$5M,3,20.0,False
481,Amos,2019,541330,Engineering Services,secondary,,<$5M,<2,,True
481,Amos,2019,541370,Surveying & Mapping (except Geophysical) Services,secondary,8.82,>=$5M,3,20.0,False
481,Amos,2019,ALL,All,all,10.437,>=$5M,4,16.8,False
481,Amos,2019,SECONDARY,Secondary,secondary,10.437,>=$5M,4,16.8,False
481,Amos,2020,541370,Surveying & Mapping (except Geophysical) Services,secondary,8.967,>=$5M,4,15.2,False
481,Amos,2020,ALL,All,all,8.967,>=$5M,4,15.2,False
481,Amos,2020,SECONDARY,Secondary,secondary,8.967,>=$5M,4,15.2,False
481,Amos,2021,541370,Surveying and Mapping (except Geophysical) Service,secondary,8.967,>=$5M,4,15.2,False
481,Amos,2021,ALL,All,all,8.967,>=$5M,4,15.2,False
481,Amos,2021,SECONDARY,Secondary,secondary,8.967,>=$5M,4,15.2,False
481,Amos,2022,333310,Commercial and Service Industry Machinery Manufact,primary,,<$5M,<2,,True
481,Amos,2022,541370,Surveying and Mapping (except Geophysical) Service,secondary,8.967,>=$5M,4,15.2,False
481,Amos,2022,ALL,All,all,10.902,>=$5M,5,13.2,False
481,Amos,2022,PRIMARY,Primary,primary,,<$5M,<2,,True
481,Amos,2022,SECONDARY,Secondary,secondary,8.967,>=$5M,4,15.2,False
481,Amos,2023,333310,Commercial and Service Industry Machinery Manufact,primary,,<$5M,<2,,True
481,Amos,2023,541370,Surveying and Mapping (except Geophysical) Service,secondary,6.54,>=$5M,4,15.2,False
481,Amos,2023,ALL,All,all,7.48,>=$5M,5,13.2,False
481,Amos,2023,PRIMARY,Primary,primary,,<$5M,<2,,True
481,Amos,2023,SECONDARY,Secondary,secondary,6.54,>=$5M,4,15.2,False
481,Amos,2024,333310,Commercial and Service Industry Machinery Manufact,primary,,<$5M,<2,,True
481,Amos,2024,541370,Surveying and Mapping (except Geophysical) Service,secondary,5.515,>=$5M,4,14.0,False
481,Amos,2024,ALL,All,all,6.455,>=$5M,5,12.2,False
481,Amos,2024,PRIMARY,Primary,primary,,<$5M,<2,,True
481,Amos,2024,SECONDARY,Secondary,secondary,5.515,>=$5M,4,14.0,False
481,Amos,2025,333310,Commercial and Service Industry Machinery Manufact,primary,,<$5M,<2,,True
481,Amos,2025,541370,Surveying and Mapping (except Geophysical) Service,secondary,5.515,>=$5M,4,14.0,False
481,Amos,2025,ALL,All,all,6.455,>=$5M,5,12.2,False
481,Amos,2025,PRIMARY,Primary,primary,,<$5M,<2,,True
481,Amos,2025,SECONDARY,Secondary,secondary,5.515,>=$5M,4,14.0,False
406,Baie-Comeau,2017,331110,Iron & Steel Mills & Ferroalloy Manufacturing,secondary,12.529,>=$5M,2,5.5,False
406,Baie-Comeau,2017,541330,Engineering Services,secondary,9.933,>=$5M,2,21.5,False
406,Baie-Comeau,2017,541370,Surveying & Mapping (except Geophysical) Services,secondary,10.29,>=$5M,3,23.3,False
406,Baie-Comeau,2017,ALL,All,all,32.752,>=$5M,7,17.7,False
406,Baie-Comeau,2017,SECONDARY,Secondary,secondary,32.752,>=$5M,7,17.7,False
406,Baie-Comeau,2018,331110,Iron & Steel Mills & Ferroalloy Manufacturing,secondary,12.529,>=$5M,2,5.5,False
406,Baie-Comeau,2018,541330,Engineering Services,secondary,12.936,>=$5M,5,11.2,False
406,Baie-Comeau,2018,541370,Surveying & Mapping (except Geophysical) Services,secondary,10.29,>=$5M,3,23.3,False
406,Baie-Comeau,2018,ALL,All,all,35.755,>=$5M,10,13.7,False
406,Baie-Comeau,2018,SECONDARY,Secondary,secondary,35.755,>=$5M,10,13.7,False
406,Baie-Comeau,2019,331110,Iron & Steel Mills & Ferroalloy Manufacturing,secondary,12.529,>=$5M,2,5.5,False
406,Baie-Comeau,2019,541330,Engineering Services,secondary,29.337,>=$5M,8,15.9,False
406,Baie-Comeau,2019,541370,Surveying & Mapping (except Geophysical) Services,secondary,11.172,>=$5M,4,19.0,False
406,Baie-Comeau,2019,ALL,All,all,53.038,>=$5M,14,15.3,False
406,Baie-Comeau,2019,SECONDARY,Secondary,secondary,53.038,>=$5M,14,15.3,False
406,Baie-Comeau,2020,331110,Iron & Steel Mills & Ferroalloy Manufacturing,secondary,12.529,>=$5M,2,5.5,False
406,Baie-Comeau,2020,541330,Engineering Services,secondary,27.489,>=$5M,8,14.9,False
406,Baie-Comeau,2020,541370,Surveying & Mapping (except Geophysical) Services,secondary,11.466,>=$5M,4,19.5,False
406,Baie-Comeau,2020,ALL,All,all,51.484,>=$5M,14,14.9,False
406,Baie-Comeau,2020,SECONDARY,Secondary,secondary,51.484,>=$5M,14,14.9,False
406,Baie-Comeau,2021,331110,Iron and Steel Mills and Ferroalloy Manufacturing,secondary,12.529,>=$5M,2,5.5,False
406,Baie-Comeau,2021,541330,Engineering Services,secondary,27.489,>=$5M,8,14.9,False
406,Baie-Comeau,2021,541370,Surveying and Mapping (except Geophysical) Service,secondary,11.466,>=$5M,4,19.5,False
406,Baie-Comeau,2021,ALL,All,all,51.484,>=$5M,14,14.9,False
406,Baie-Comeau,2021,SECONDARY,Secondary,secondary,51.484,>=$5M,14,14.9,False
406,Baie-Comeau,2022,331110,Iron and Steel Mills and Ferroalloy Manufacturing,secondary,12.529,>=$5M,2,5.5,False
406,Baie-Comeau,2022,333310,Commercial and Service Industry Machinery Manufact,primary,2.243,<$5M,2,3.0,False
406,Baie-Comeau,2022,541330,Engineering Services,secondary,27.489,>=$5M,8,14.9,False
406,Baie-Comeau,2022,541370,Surveying and Mapping (except Geophysical) Service,secondary,11.466,>=$5M,4,19.5,False
406,Baie-Comeau,2022,ALL,All,all,53.727,>=$5M,16,13.4,False
406,Baie-Comeau,2022,PRIMARY,Primary,primary,2.243,<$5M,2,3.0,False
406,Baie-Comeau,2022,SECONDARY,Secondary,secondary,51.484,>=$5M,14,14.9,False
406,Baie-Comeau,2023,331110,Iron and Steel Mills and Ferroalloy Manufacturing,secondary,12.529,>=$5M,2,5.5,False
406,Baie-Comeau,2023,333310,Commercial and Service Industry Machinery Manufact,primary,2.243,<$5M,2,3.0,False
406,Baie-Comeau,2023,541330,Engineering Services,secondary,17.556,>=$5M,6,12.7,False
406,Baie-Comeau,2023,541370,Surveying and Mapping (except Geophysical) Service,secondary,10.787,>=$5M,4,19.5,False
406,Baie-Comeau,2023,ALL,All,all,43.115,>=$5M,14,12.2,False
406,Baie-Comeau,2023,PRIMARY,Primary,primary,2.243,<$5M,2,3.0,False
406,Baie-Comeau,2023,SECONDARY,Secondary,secondary,40.872,>=$5M,12,13.8,False
406,Baie-Comeau,2024,333310,Commercial and Service Industry Machinery Manufact,primary,1.114,<$5M,2,3.0,False
406,Baie-Comeau,2024,541330,Engineering Services,secondary,33.721,>=$5M,7,24.7,False
406,Baie-Comeau,2024,541370,Surveying and Mapping (except Geophysical) Service,secondary,6.795,>=$5M,4,17.2,False
406,Baie-Comeau,2024,ALL,All,all,41.63,>=$5M,13,19.1,False
406,Baie-Comeau,2024,PRIMARY,Primary,primary,1.114,<$5M,2,3.0,False
406,Baie-Comeau,2024,SECONDARY,Secondary,secondary,40.516,>=$5M,11,22.0,False
406,Baie-Comeau,2025,333310,Commercial and Service Industry Machinery Manufact,primary,0.926,<$5M,2,2.5,False
406,Baie-Comeau,2025,541330,Engineering Services,secondary,33.332,>=$5M,7,24.4,False
406,Baie-Comeau,2025,541370,Surveying and Mapping (except Geophysical) Service,secondary,5.855,>=$5M,4,17.5,False
406,Baie-Comeau,2025,ALL,All,all,40.113,>=$5M,13,18.9,False
406,Baie-Comeau,2025,PRIMARY,Primary,primary,0.926,<$5M,2,2.5,False
406,Baie-Comeau,2025,SECONDARY,Secondary,secondary,39.187,>=$5M,11,21.9,False
568,Barrie,2017,331110,Iron & Steel Mills & Ferroalloy Manufacturing,secondary,,<$5M,<2,,True
568,Barrie,2017,336612,Boat Building,secondary,,<$5M,<2,,True
568,Barrie,2017,541330,Engineering Services,secondary,62.303,>=$5M,44,6.1,False
568,Barrie,2017,541370,Surveying & Mapping (except Geophysical) Services,secondary,11.319,>=$5M,13,5.9,False
568,Barrie,2017,541511,Custom Computer Programming Services,secondary,11.178,>=$5M,4,13.5,False
568,Barrie,2017,ALL,All,all,87.127,>=$5M,63,6.5,False
568,Barrie,2017,SECONDARY,Secondary,secondary,87.127,>=$5M,63,6.5,False
568,Barrie,2018,331110,Iron & Steel Mills & Ferroalloy Manufacturing,secondary,,<$5M,<2,,True
568,Barrie,2018,336612,Boat Building,secondary,,<$5M,<2,,True
568,Barrie,2018,541330,Engineering Services,secondary,58.607,>=$5M,43,5.9,False
568,Barrie,2018,541370,Surveying & Mapping (except Geophysical) Services,secondary,11.319,>=$5M,13,5.9,False
568,Barrie,2018,541511,Custom Computer Programming Services,secondary,11.178,>=$5M,4,13.5,False
568,Barrie,2018,ALL,All,all,83.431,>=$5M,62,6.3,False
568,Barrie,2018,SECONDARY,Secondary,secondary,83.431,>=$5M,62,6.3,False
568,Barrie,2019,331110,Iron & Steel Mills & Ferroalloy Manufacturing,secondary,,<$5M,<2,,True
568,Barrie,2019,336612,Boat Building,secondary,,<$5M,<2,,True
568,Barrie,2019,541330,Engineering Services,secondary,121.208,>=$5M,56,9.4,False
568,Barrie,2019,541370,Surveying & Mapping (except Geophysical) Services,secondary,11.319,>=$5M,13,5.9,False
568,Barrie,2019,541511,Custom Computer Programming Services,secondary,12.213,>=$5M,5,11.8,False
568,Barrie,2019,ALL,All,all,147.067,>=$5M,76,8.8,False
568,Barrie,2019,SECONDARY,Secondary,secondary,147.067,>=$5M,76,8.8,False
568,Barrie,2020,331110,Iron & Steel Mills & Ferroalloy Manufacturing,secondary,,<$5M,<2,,True
568,Barrie,2020,336612,Boat Building,secondary,,<$5M,<2,,True
568,Barrie,2020,541330,Engineering Services,secondary,100.649,>=$5M,56,7.8,False
568,Barrie,2020,541370,Surveying & Mapping (except Geophysical) Services,secondary,12.054,>=$5M,14,5.9,False
568,Barrie,2020,541511,Custom Computer Programming Services,secondary,12.213,>=$5M,5,11.8,False
568,Barrie,2020,ALL,All,all,127.243,>=$5M,77,7.6,False
568,Barrie,2020,SECONDARY,Secondary,secondary,127.243,>=$5M,77,7.6,False
568,Barrie,2021,331110,Iron and Steel Mills and Ferroalloy Manufacturing,secondary,,<$5M,<2,,True
568,Barrie,2021,336612,Boat Building,secondary,,<$5M,<2,,True
568,Barrie,2021,541330,Engineering Services,secondary,95.798,>=$5M,53,7.8,False
568,Barrie,2021,541370,Surveying and Mapping (except Geophysical) Service,secondary,12.054,>=$5M,14,5.9,False
568,Barrie,2021,541511,Custom Computer Programming Services,secondary,12.213,>=$5M,5,11.6,False
568,Barrie,2021,ALL,All,all,122.392,>=$5M,74,7.6,False
568,Barrie,2021,SECONDARY,Secondary,secondary,122.392,>=$5M,74,7.6,False
568,Barrie,2022,331110,Iron and Steel Mills and Ferroalloy Manufacturing,secondary,,<$5M,<2,,True
568,Barrie,2022,333310,Commercial and Service Industry Machinery Manufact,primary,17.192,>=$5M,12,5.1,False
568,Barrie,2022,336612,Boat Building,secondary,,<$5M,<2,,True
568,Barrie,2022,541330,Engineering Services,secondary,106.655,>=$5M,53,8.7,False
568,Barrie,2022,541370,Surveying and Mapping (except Geophysical) Service,secondary,12.054,>=$5M,14,5.9,False
568,Barrie,2022,541511,Custom Computer Programming Services,secondary,12.213,>=$5M,5,11.6,False
568,Barrie,2022,ALL,All,all,150.441,>=$5M,86,7.8,False
568,Barrie,2022,PRIMARY,Primary,primary,17.192,>=$5M,12,5.1,False
568,Barrie,2022,SECONDARY,Secondary,secondary,133.249,>=$5M,74,8.2,False
568,Barrie,2023,331110,Iron and Steel Mills and Ferroalloy Manufacturing,secondary,,<$5M,<2,,True
568,Barrie,2023,333310,Commercial and Service Industry Machinery Manufact,primary,14.231,>=$5M,12,5.1,False
568,Barrie,2023,336612,Boat Building,secondary,,<$5M,<2,,True
568,Barrie,2023,541330,Engineering Services,secondary,76.713,>=$5M,50,6.9,False
568,Barrie,2023,541370,Surveying and Mapping (except Geophysical) Service,secondary,10.891,>=$5M,14,6.6,False
568,Barrie,2023,541511,Custom Computer Programming Services,secondary,12.213,>=$5M,5,11.6,False
568,Barrie,2023,ALL,All,all,116.375,>=$5M,83,6.8,False
568,Barrie,2023,PRIMARY,Primary,primary,14.231,>=$5M,12,5.1,False
568,Barrie,2023,SECONDARY,Secondary,secondary,102.144,>=$5M,71,7.1,False
568,Barrie,2024,331110,Iron and Steel Mills and Ferroalloy Manufacturing,secondary,21.262,>=$5M,2,16.5,False
568,Barrie,2024,332994,"Small Arms, Ordnance, and Ordnance Accessories Man",primary,,>=$5M,<2,,True
568,Barrie,2024,333310,Commercial and Service Industry Machinery Manufact,primary,26.068,>=$5M,15,10.4,False
568,Barrie,2024,334511,"Search, Detection, Navigation, Guidance, Aeronauti",primary,,<$5M,<2,,True
568,Barrie,2024,336612,Boat Building,secondary,,>=$5M,<2,,True
568,Barrie,2024,541330,Engineering Services,secondary,101.296,>=$5M,52,10.0,False
568,Barrie,2024,541370,Surveying and Mapping (except Geophysical) Service,secondary,8.179,>=$5M,13,6.4,False
568,Barrie,2024,541511,Custom Computer Programming Services,secondary,43.685,>=$5M,7,41.7,False
568,Barrie,2024,ALL,All,all,217.033,>=$5M,92,13.0,False
568,Barrie,2024,PRIMARY,Primary,primary,35.959,>=$5M,17,12.9,False
568,Barrie,2024,SECONDARY,Secondary,secondary,181.074,>=$5M,75,13.0,False
568,Barrie,2025,331110,Iron and Steel Mills and Ferroalloy Manufacturing,secondary,21.262,>=$5M,2,16.5,False
568,Barrie,2025,332992,Small Arms Ammunition Manufacturing,primary,,>=$5M,<2,,True
568,Barrie,2025,332994,"Small Arms, Ordnance, and Ordnance Accessories Man",primary,,>=$5M,<2,,True
568,Barrie,2025,333310,Commercial and Service Industry Machinery Manufact,primary,25.921,>=$5M,15,10.3,False
568,Barrie,2025,334511,"Search, Detection, Navigation, Guidance, Aeronauti",primary,,<$5M,<2,,True
568,Barrie,2025,336612,Boat Building,secondary,,<$5M,<2,,True
568,Barrie,2025,541330,Engineering Services,secondary,98.176,>=$5M,52,9.1,False
568,Barrie,2025,541370,Surveying and Mapping (except Geophysical) Service,secondary,8.475,>=$5M,14,6.1,False
568,Barrie,2025,541511,Custom Computer Programming Services,secondary,38.299,>=$5M,7,36.6,False
568,Barrie,2025,ALL,All,all,210.565,>=$5M,94,12.0,False
568,Barrie,2025,PRIMARY,Primary,primary,39.436,>=$5M,18,13.6,False
568,Barrie,2025,SECONDARY,Secondary,secondary,171.129,>=$5M,76,11.6,False
328,Bathurst,2017,541330,Engineering Services,secondary,27.72,>=$5M,5,24.0,False
328,Bathurst,2017,541370,Surveying & Mapping (except Geophysical) Services,secondary,2.499,<$5M,4,4.2,False
328,Bathurst,2017,541511,Custom Computer Programming Services,secondary,,<$5M,<2,,True
328,Bathurst,2017,ALL,All,all,30.633,>=$5M,10,13.9,False
328,Bathurst,2017,SECONDARY,Secondary,secondary,30.633,>=$5M,10,13.9,False
328,Bathurst,2018,541330,Engineering Services,secondary,42.735,>=$5M,6,30.8,False
328,Bathurst,2018,541370,Surveying & Mapping (except Geophysical) Services,secondary,2.499,<$5M,4,4.2,False
328,Bathurst,2018,541511,Custom Computer Programming Services,secondary,,<$5M,<2,,True
328,Bathurst,2018,ALL,All,all,45.648,>=$5M,11,18.5,False
328,Bathurst,2018,SECONDARY,Secondary,secondary,45.648,>=$5M,11,18.5,False
328,Bathurst,2019,541330,Engineering Services,secondary,43.428,>=$5M,7,26.9,False
328,Bathurst,2019,541370,Surveying & Mapping (except Geophysical) Services,secondary,2.499,<$5M,4,4.2,False
328,Bathurst,2019,541511,Custom Computer Programming Services,secondary,,<$5M,<2,,True
328,Bathurst,2019,ALL,All,all,46.341,>=$5M,12,17.2,False
328,Bathurst,2019,SECONDARY,Secondary,secondary,46.341,>=$5M,12,17.2,False
328,Bathurst,2020,541330,Engineering Services,secondary,44.121,>=$5M,6,31.8,False
328,Bathurst,2020,541370,Surveying & Mapping (except Geophysical) Services,secondary,2.499,<$5M,4,4.2,False
328,Bathurst,2020,541511,Custom Computer Programming Services,secondary,,<$5M,<2,,True
328,Bathurst,2020,ALL,All,all,47.034,>=$5M,11,19.1,False
328,Bathurst,2020,SECONDARY,Secondary,secondary,47.034,>=$5M,11,19.1,False
328,Bathurst,2021,541330,Engineering Services,secondary,44.121,>=$5M,6,31.8,False
328,Bathurst,2021,541370,Surveying and Mapping (except Geophysical) Service,secondary,2.499,<$5M,4,4.2,False
328,Bathurst,2021,541511,Custom Computer Programming Services,secondary,,<$5M,<2,,True
328,Bathurst,2021,ALL,All,all,47.034,>=$5M,11,19.1,False
328,Bathurst,2021,SECONDARY,Secondary,secondary,47.034,>=$5M,11,19.1,False
328,Bathurst,2022,333310,Commercial and Service Industry Machinery Manufact,primary,1.848,<$5M,2,3.0,False
328,Bathurst,2022,541330,Engineering Services,secondary,44.121,>=$5M,6,31.8,False
328,Bathurst,2022,541370,Surveying and Mapping (except Geophysical) Service,secondary,2.499,<$5M,4,4.2,False
328,Bathurst,2022,541511,Custom Computer Programming Services,secondary,,<$5M,<2,,True
328,Bathurst,2022,ALL,All,all,48.882,>=$5M,13,16.6,False
328,Bathurst,2022,PRIMARY,Primary,primary,1.848,<$5M,2,3.0,False
328,Bathurst,2022,SECONDARY,Secondary,secondary,47.034,>=$5M,11,19.1,False
328,Bathurst,2023,333310,Commercial and Service Industry Machinery Manufact,primary,1.848,<$5M,2,3.0,False
328,Bathurst,2023,541330,Engineering Services,secondary,43.428,>=$5M,5,37.6,False
328,Bathurst,2023,541370,Surveying and Mapping (except Geophysical) Service,secondary,2.499,<$5M,4,4.2,False
328,Bathurst,2023,541511,Custom Computer Programming Services,secondary,,<$5M,<2,,True
328,Bathurst,2023,ALL,All,all,48.189,>=$5M,12,17.8,False
328,Bathurst,2023,PRIMARY,Primary,primary,1.848,<$5M,2,3.0,False
328,Bathurst,2023,SECONDARY,Secondary,secondary,46.341,>=$5M,10,20.7,False
328,Bathurst,2024,333310,Commercial and Service Industry Machinery Manufact,primary,0.86,<$5M,2,2.5,False
328,Bathurst,2024,541330,Engineering Services,secondary,36.645,>=$5M,5,37.6,False
328,Bathurst,2024,541370,Surveying and Mapping (except Geophysical) Service,secondary,0.789,<$5M,3,2.7,False
328,Bathurst,2024,541511,Custom Computer Programming Services,secondary,,<$5M,<2,,True
328,Bathurst,2024,ALL,All,all,38.594,>=$5M,11,18.5,False
328,Bathurst,2024,PRIMARY,Primary,primary,0.86,<$5M,2,2.5,False
328,Bathurst,2024,SECONDARY,Secondary,secondary,37.734,>=$5M,9,22.0,False
328,Bathurst,2025,333310,Commercial and Service Industry Machinery Manufact,primary,0.86,<$5M,2,2.5,False
328,Bathurst,2025,541330,Engineering Services,secondary,36.645,>=$5M,5,37.6,False
328,Bathurst,2025,541370,Surveying and Mapping (except Geophysical) Service,secondary,0.789,<$5M,3,2.7,False
328,Bathurst,2025,541511,Custom Computer Programming Services,secondary,,<$5M,<2,,True
328,Bathurst,2025,ALL,All,all,38.594,>=$5M,11,18.5,False
328,Bathurst,2025,PRIMARY,Primary,primary,0.86,<$5M,2,2.5,False
328,Bathurst,2025,SECONDARY,Secondary,secondary,37.734,>=$5M,9,22.0,False
522,Belleville - Quinte West,2017,331110,Iron & Steel Mills & Ferroalloy Manufacturing,secondary,,>=$5M,<2,,True
522,Belleville - Quinte West,2017,541330,Engineering Services,secondary,60.291,>=$5M,22,11.9,False
522,Belleville - Quinte West,2017,541370,Surveying & Mapping (except Geophysical) Services,secondary,6.615,>=$5M,6,7.5,False
522,Belleville - Quinte West,2017,ALL,All,all,74.879,>=$5M,29,10.8,False
522,Belleville - Quinte West,2017,SECONDARY,Secondary,secondary,74.879,>=$5M,29,10.8,False
522,Belleville - Quinte West,2018,331110,Iron & Steel Mills & Ferroalloy Manufacturing,secondary,,>=$5M,<2,,True
522,Belleville - Quinte West,2018,541330,Engineering Services,secondary,63.063,>=$5M,24,11.4,False
522,Belleville - Quinte West,2018,541370,Surveying & Mapping (except Geophysical) Services,secondary,6.615,>=$5M,6,7.5,False
522,Belleville - Quinte West,2018,ALL,All,all,77.651,>=$5M,31,10.5,False
522,Belleville - Quinte West,2018,SECONDARY,Secondary,secondary,77.651,>=$5M,31,10.5,False
522,Belleville - Quinte West,2019,331110,Iron & Steel Mills & Ferroalloy Manufacturing,secondary,,>=$5M,<2,,True
522,Belleville - Quinte West,2019,541330,Engineering Services,secondary,72.996,>=$5M,29,10.9,False
522,Belleville - Quinte West,2019,541370,Surveying & Mapping (except Geophysical) Services,secondary,6.615,>=$5M,6,7.5,False
522,Belleville - Quinte West,2019,541511,Custom Computer Programming Services,secondary,,<$5M,<2,,True
522,Belleville - Quinte West,2019,ALL,All,all,87.791,>=$5M,37,10.0,False
522,Belleville - Quinte West,2019,SECONDARY,Secondary,secondary,87.791,>=$5M,37,10.0,False
522,Belleville - Quinte West,2020,331110,Iron & Steel Mills & Ferroalloy Manufacturing,secondary,,>=$5M,<2,,True
522,Belleville - Quinte West,2020,541330,Engineering Services,secondary,69.531,>=$5M,28,10.8,False
522,Belleville - Quinte West,2020,541370,Surveying & Mapping (except Geophysical) Services,secondary,6.027,>=$5M,5,8.2,False
522,Belleville - Quinte West,2020,541511,Custom Computer Programming Services,secondary,1.242,<$5M,2,3.0,False
522,Belleville - Quinte West,2020,ALL,All,all,84.773,>=$5M,36,9.9,False
522,Belleville - Quinte West,2020,SECONDARY,Secondary,secondary,84.773,>=$5M,36,9.9,False
522,Belleville - Quinte West,2021,331110,Iron and Steel Mills and Ferroalloy Manufacturing,secondary,,>=$5M,<2,,True
522,Belleville - Quinte West,2021,541330,Engineering Services,secondary,69.531,>=$5M,28,10.8,False
522,Belleville - Quinte West,2021,541370,Surveying and Mapping (except Geophysical) Service,secondary,6.027,>=$5M,5,8.2,False
522,Belleville - Quinte West,2021,541511,Custom Computer Programming Services,secondary,1.242,<$5M,2,3.0,False
522,Belleville - Quinte West,2021,ALL,All,all,84.773,>=$5M,36,9.9,False
522,Belleville - Quinte West,2021,SECONDARY,Secondary,secondary,84.773,>=$5M,36,9.9,False
522,Belleville - Quinte West,2022,331110,Iron and Steel Mills and Ferroalloy Manufacturing,secondary,,>=$5M,<2,,True
522,Belleville - Quinte West,2022,333310,Commercial and Service Industry Machinery Manufact,primary,4.008,<$5M,2,6.0,False
522,Belleville - Quinte West,2022,334610,Manufacturing and Reproducing Magnetic and Optical,secondary,,<$5M,<2,,True
522,Belleville - Quinte West,2022,541330,Engineering Services,secondary,72.996,>=$5M,29,10.8,False
522,Belleville - Quinte West,2022,541370,Surveying and Mapping (except Geophysical) Service,secondary,6.027,>=$5M,5,8.2,False
522,Belleville - Quinte West,2022,541511,Custom Computer Programming Services,secondary,1.656,<$5M,3,2.7,False
522,Belleville - Quinte West,2022,ALL,All,all,92.862,>=$5M,41,9.3,False
522,Belleville - Quinte West,2022,PRIMARY,Primary,primary,4.008,<$5M,2,6.0,False
522,Belleville - Quinte West,2022,SECONDARY,Secondary,secondary,88.854,>=$5M,39,9.5,False
522,Belleville - Quinte West,2023,331110,Iron and Steel Mills and Ferroalloy Manufacturing,secondary,,>=$5M,<2,,True
522,Belleville - Quinte West,2023,333310,Commercial and Service Industry Machinery Manufact,primary,4.008,<$5M,2,6.0,False
522,Belleville - Quinte West,2023,334610,Manufacturing and Reproducing Magnetic and Optical,secondary,,<$5M,<2,,True
522,Belleville - Quinte West,2023,541330,Engineering Services,secondary,70.254,>=$5M,29,10.8,False
522,Belleville - Quinte West,2023,541370,Surveying and Mapping (except Geophysical) Service,secondary,6.327,>=$5M,6,7.8,False
522,Belleville - Quinte West,2023,541511,Custom Computer Programming Services,secondary,1.599,<$5M,3,2.7,False
522,Belleville - Quinte West,2023,ALL,All,all,90.363,>=$5M,42,9.3,False
522,Belleville - Quinte West,2023,PRIMARY,Primary,primary,4.008,<$5M,2,6.0,False
522,Belleville - Quinte West,2023,SECONDARY,Secondary,secondary,86.355,>=$5M,40,9.4,False
522,Belleville - Quinte West,2024,331110,Iron and Steel Mills and Ferroalloy Manufacturing,secondary,,<$5M,<2,,True
522,Belleville - Quinte West,2024,333310,Commercial and Service Industry Machinery Manufact,primary,2.131,<$5M,3,4.0,False
522,Belleville - Quinte West,2024,334610,Manufacturing and Reproducing Magnetic and Optical,secondary,,<$5M,<2,,True
522,Belleville - Quinte West,2024,541330,Engineering Services,secondary,70.176,>=$5M,31,11.6,False
522,Belleville - Quinte West,2024,541370,Surveying and Mapping (except Geophysical) Service,secondary,4.335,<$5M,6,7.3,False
522,Belleville - Quinte West,2024,541511,Custom Computer Programming Services,secondary,1.499,<$5M,5,2.0,False
522,Belleville - Quinte West,2024,ALL,All,all,82.924,>=$5M,47,9.3,False
522,Belleville - Quinte West,2024,PRIMARY,Primary,primary,2.131,<$5M,3,4.0,False
522,Belleville - Quinte West,2024,SECONDARY,Secondary,secondary,80.793,>=$5M,44,9.6,False
522,Belleville - Quinte West,2025,331110,Iron and Steel Mills and Ferroalloy Manufacturing,secondary,,<$5M,<2,,True
522,Belleville - Quinte West,2025,333310,Commercial and Service Industry Machinery Manufact,primary,4.49,<$5M,4,7.0,False
522,Belleville - Quinte West,2025,334610,Manufacturing and Reproducing Magnetic and Optical,secondary,,<$5M,<2,,True
522,Belleville - Quinte West,2025,541330,Engineering Services,secondary,69.591,>=$5M,30,11.9,False
522,Belleville - Quinte West,2025,541370,Surveying and Mapping (except Geophysical) Service,secondary,4.236,<$5M,6,7.2,False
522,Belleville - Quinte West,2025,541511,Custom Computer Programming Services,secondary,1.499,<$5M,5,2.0,False
522,Belleville - Quinte West,2025,ALL,All,all,84.599,>=$5M,47,9.5,False
522,Belleville - Quinte West,2025,PRIMARY,Primary,primary,4.49,<$5M,4,7.0,False
522,Belleville - Quinte West,2025,SECONDARY,Secondary,secondary,80.109,>=$5M,43,9.7,False
610,Brandon,2017,541330,Engineering Services,secondary,9.494,>=$5M,6,7.3,False
610,Brandon,2017,541370,Surveying & Mapping (except Geophysical) Services,secondary,3.675,<$5M,5,5.0,False
610,Brandon,2017,541511,Custom Computer Programming Services,secondary,4.968,<$5M,5,4.8,False
610,Brandon,2017,ALL,All,all,18.137,>=$5M,16,5.8,False
610,Brandon,2017,SECONDARY,Secondary,secondary,18.137,>=$5M,16,5.8,False
610,Brandon,2018,541330,Engineering Services,secondary,7.623,>=$5M,5,6.6,False
610,Brandon,2018,541370,Surveying & Mapping (except Geophysical) Services,secondary,3.675,<$5M,5,5.0,False
610,Brandon,2018,541511,Custom Computer Programming Services,secondary,4.554,<$5M,4,5.5,False
610,Brandon,2018,ALL,All,all,15.852,>=$5M,14,5.7,False
610,Brandon,2018,SECONDARY,Secondary,secondary,15.852,>=$5M,14,5.7,False
610,Brandon,2019,541330,Engineering Services,secondary,7.623,>=$5M,5,6.6,False
610,Brandon,2019,541370,Surveying & Mapping (except Geophysical) Services,secondary,3.675,<$5M,5,5.0,False
610,Brandon,2019,541511,Custom Computer Programming Services,secondary,3.519,<$5M,3,5.7,False
610,Brandon,2019,ALL,All,all,14.817,>=$5M,13,5.8,False
610,Brandon,2019,SECONDARY,Secondary,secondary,14.817,>=$5M,13,5.8,False
610,Brandon,2020,541330,Engineering Services,secondary,7.623,>=$5M,5,6.6,False
610,Brandon,2020,541370,Surveying & Mapping (except Geophysical) Services,secondary,3.675,<$5M,5,5.0,False
610,Brandon,2020,541511,Custom Computer Programming Services,secondary,3.312,<$5M,3,5.3,False
610,Brandon,2020,ALL,All,all,14.61,>=$5M,13,5.7,False
610,Brandon,2020,SECONDARY,Secondary,secondary,14.61,>=$5M,13,5.7,False
610,Brandon,2021,541330,Engineering Services,secondary,7.161,>=$5M,4,7.8,False
610,Brandon,2021,541370,Surveying and Mapping (except Geophysical) Service,secondary,3.675,<$5M,5,5.0,False
610,Brandon,2021,541511,Custom Computer Programming Services,secondary,3.312,<$5M,3,5.3,False
610,Brandon,2021,ALL,All,all,14.148,>=$5M,12,6.0,False
610,Brandon,2021,SECONDARY,Secondary,secondary,14.148,>=$5M,12,6.0,False
610,Brandon,2022,333310,Commercial and Service Industry Machinery Manufact,primary,16.324,>=$5M,2,26.5,False
610,Brandon,2022,541330,Engineering Services,secondary,7.623,>=$5M,5,6.6,False
610,Brandon,2022,541370,Surveying and Mapping (except Geophysical) Service,secondary,3.675,<$5M,5,5.0,False
610,Brandon,2022,541511,Custom Computer Programming Services,secondary,3.312,<$5M,3,5.3,False
610,Brandon,2022,ALL,All,all,30.934,>=$5M,15,8.5,False
610,Brandon,2022,PRIMARY,Primary,primary,16.324,>=$5M,2,26.5,False
610,Brandon,2022,SECONDARY,Secondary,secondary,14.61,>=$5M,13,5.7,False
610,Brandon,2023,333310,Commercial and Service Industry Machinery Manufact,primary,16.324,>=$5M,2,26.5,False
610,Brandon,2023,541330,Engineering Services,secondary,7.263,>=$5M,5,6.6,False
610,Brandon,2023,541370,Surveying and Mapping (except Geophysical) Service,secondary,3.675,<$5M,5,5.0,False
610,Brandon,2023,541511,Custom Computer Programming Services,secondary,3.312,<$5M,3,5.3,False
610,Brandon,2023,ALL,All,all,30.574,>=$5M,15,8.5,False
610,Brandon,2023,PRIMARY,Primary,primary,16.324,>=$5M,2,26.5,False
610,Brandon,2023,SECONDARY,Secondary,secondary,14.25,>=$5M,13,5.7,False
610,Brandon,2024,333310,Commercial and Service Industry Machinery Manufact,primary,9.115,>=$5M,2,26.5,False
610,Brandon,2024,541330,Engineering Services,secondary,5.85,>=$5M,5,6.0,False
610,Brandon,2024,541370,Surveying and Mapping (except Geophysical) Service,secondary,1.873,<$5M,5,3.8,False
610,Brandon,2024,541511,Custom Computer Programming Services,secondary,2.395,<$5M,3,5.3,False
610,Brandon,2024,ALL,All,all,19.233,>=$5M,15,7.9,False
610,Brandon,2024,PRIMARY,Primary,primary,9.115,>=$5M,2,26.5,False
610,Brandon,2024,SECONDARY,Secondary,secondary,10.118,>=$5M,13,5.0,False
610,Brandon,2025,333310,Commercial and Service Industry Machinery Manufact,primary,9.115,>=$5M,2,26.5,False
610,Brandon,2025,541330,Engineering Services,secondary,5.85,>=$5M,5,6.0,False
610,Brandon,2025,541370,Surveying and Mapping (except Geophysical) Service,secondary,1.085,<$5M,4,2.8,False
610,Brandon,2025,541511,Custom Computer Programming Services,secondary,2.395,<$5M,3,5.3,False
610,Brandon,2025,ALL,All,all,18.445,>=$5M,14,7.9,False
610,Brandon,2025,PRIMARY,Primary,primary,9.115,>=$5M,2,26.5,False
610,Brandon,2025,SECONDARY,Secondary,secondary,9.33,>=$5M,12,4.8,False
543,Brantford,2017,331110,Iron & Steel Mills & Ferroalloy Manufacturing,secondary,35.309,>=$5M,3,10.3,False
543,Brantford,2017,541330,Engineering Services,secondary,15.41,>=$5M,9,7.4,False
543,Brantford,2017,541370,Surveying & Mapping (except Geophysical) Services,secondary,3.675,<$5M,4,6.2,False
543,Brantford,2017,541511,Custom Computer Programming Services,secondary,2.277,<$5M,5,2.2,False
543,Brantford,2017,ALL,All,all,56.671,>=$5M,21,6.4,False
543,Brantford,2017,SECONDARY,Secondary,secondary,56.671,>=$5M,21,6.4,False
543,Brantford,2018,331110,Iron & Steel Mills & Ferroalloy Manufacturing,secondary,35.309,>=$5M,3,10.3,False
543,Brantford,2018,541330,Engineering Services,secondary,15.41,>=$5M,9,7.4,False
543,Brantford,2018,541370,Surveying & Mapping (except Geophysical) Services,secondary,3.675,<$5M,4,6.2,False
543,Brantford,2018,541511,Custom Computer Programming Services,secondary,2.277,<$5M,5,2.2,False
543,Brantford,2018,ALL,All,all,56.671,>=$5M,21,6.4,False
543,Brantford,2018,SECONDARY,Secondary,secondary,56.671,>=$5M,21,6.4,False
543,Brantford,2019,331110,Iron & Steel Mills & Ferroalloy Manufacturing,secondary,35.309,>=$5M,3,10.3,False
543,Brantford,2019,541330,Engineering Services,secondary,17.72,>=$5M,12,6.4,False
543,Brantford,2019,541370,Surveying & Mapping (except Geophysical) Services,secondary,3.675,<$5M,4,6.2,False
543,Brantford,2019,541511,Custom Computer Programming Services,secondary,3.105,<$5M,6,2.5,False
543,Brantford,2019,ALL,All,all,59.809,>=$5M,25,5.9,False
543,Brantford,2019,SECONDARY,Secondary,secondary,59.809,>=$5M,25,5.9,False
543,Brantford,2020,331110,Iron & Steel Mills & Ferroalloy Manufacturing,secondary,35.309,>=$5M,3,10.3,False
543,Brantford,2020,541330,Engineering Services,secondary,17.72,>=$5M,12,6.4,False
543,Brantford,2020,541370,Surveying & Mapping (except Geophysical) Services,secondary,3.675,<$5M,4,6.2,False
543,Brantford,2020,541511,Custom Computer Programming Services,secondary,3.105,<$5M,6,2.5,False
543,Brantford,2020,ALL,All,all,59.809,>=$5M,25,5.9,False
543,Brantford,2020,SECONDARY,Secondary,secondary,59.809,>=$5M,25,5.9,False
543,Brantford,2021,331110,Iron and Steel Mills and Ferroalloy Manufacturing,secondary,35.309,>=$5M,3,10.3,False
543,Brantford,2021,541330,Engineering Services,secondary,17.72,>=$5M,12,6.4,False
543,Brantford,2021,541370,Surveying and Mapping (except Geophysical) Service,secondary,3.675,<$5M,4,6.2,False
543,Brantford,2021,541511,Custom Computer Programming Services,secondary,3.105,<$5M,6,2.5,False
543,Brantford,2021,ALL,All,all,59.809,>=$5M,25,5.9,False
543,Brantford,2021,SECONDARY,Secondary,secondary,59.809,>=$5M,25,5.9,False
543,Brantford,2022,331110,Iron and Steel Mills and Ferroalloy Manufacturing,secondary,35.309,>=$5M,3,10.3,False
543,Brantford,2022,333310,Commercial and Service Industry Machinery Manufact,primary,12.464,>=$5M,4,11.0,False
543,Brantford,2022,334610,Manufacturing and Reproducing Magnetic and Optical,secondary,,<$5M,<2,,True
543,Brantford,2022,541330,Engineering Services,secondary,19.464,>=$5M,14,5.8,False
543,Brantford,2022,541370,Surveying and Mapping (except Geophysical) Service,secondary,4.557,<$5M,5,5.0,False
543,Brantford,2022,541511,Custom Computer Programming Services,secondary,3.105,<$5M,6,2.5,False
543,Brantford,2022,ALL,All,all,75.101,>=$5M,33,6.0,False
543,Brantford,2022,PRIMARY,Primary,primary,12.464,>=$5M,4,11.0,False
543,Brantford,2022,SECONDARY,Secondary,secondary,62.637,>=$5M,29,5.3,False
543,Brantford,2023,331110,Iron and Steel Mills and Ferroalloy Manufacturing,secondary,33.825,>=$5M,3,10.3,False
543,Brantford,2023,333310,Commercial and Service Industry Machinery Manufact,primary,12.464,>=$5M,4,11.0,False
543,Brantford,2023,334610,Manufacturing and Reproducing Magnetic and Optical,secondary,,<$5M,<2,,True
543,Brantford,2023,541330,Engineering Services,secondary,18.54,>=$5M,13,5.9,False
543,Brantford,2023,541370,Surveying and Mapping (except Geophysical) Service,secondary,4.557,<$5M,5,5.0,False
543,Brantford,2023,541511,Custom Computer Programming Services,secondary,3.105,<$5M,6,2.5,False
543,Brantford,2023,ALL,All,all,72.693,>=$5M,32,6.1,False
543,Brantford,2023,PRIMARY,Primary,primary,12.464,>=$5M,4,11.0,False
543,Brantford,2023,SECONDARY,Secondary,secondary,60.229,>=$5M,28,5.4,False
543,Brantford,2024,331110,Iron and Steel Mills and Ferroalloy Manufacturing,secondary,38.657,>=$5M,3,20.0,False
543,Brantford,2024,333310,Commercial and Service Industry Machinery Manufact,primary,14.795,>=$5M,4,26.2,False
543,Brantford,2024,334610,Manufacturing and Reproducing Magnetic and Optical,secondary,,<$5M,<2,,True
543,Brantford,2024,541330,Engineering Services,secondary,30.498,>=$5M,15,10.5,False
543,Brantford,2024,541370,Surveying and Mapping (except Geophysical) Service,secondary,1.675,<$5M,4,4.2,False
543,Brantford,2024,541511,Custom Computer Programming Services,secondary,2.549,<$5M,9,1.9,False
543,Brantford,2024,ALL,All,all,88.447,>=$5M,36,10.0,False
543,Brantford,2024,PRIMARY,Primary,primary,14.795,>=$5M,4,26.2,False
543,Brantford,2024,SECONDARY,Secondary,secondary,73.652,>=$5M,32,7.9,False
543,Brantford,2025,331110,Iron and Steel Mills and Ferroalloy Manufacturing,secondary,39.301,>=$5M,3,20.3,False
543,Brantford,2025,333310,Commercial and Service Industry Machinery Manufact,primary,14.943,>=$5M,4,26.5,False
543,Brantford,2025,334610,Manufacturing and Reproducing Magnetic and Optical,secondary,,<$5M,<2,,True
543,Brantford,2025,541330,Engineering Services,secondary,30.498,>=$5M,15,10.5,False
543,Brantford,2025,541370,Surveying and Mapping (except Geophysical) Service,secondary,1.774,<$5M,4,4.5,False
543,Brantford,2025,541511,Custom Computer Programming Services,secondary,2.549,<$5M,9,1.9,False
543,Brantford,2025,ALL,All,all,89.338,>=$5M,36,10.1,False
543,Brantford,2025,PRIMARY,Primary,primary,14.943,>=$5M,4,26.5,False
543,Brantford,2025,SECONDARY,Secondary,secondary,74.395,>=$5M,32,8.0,False
512,Brockville,2017,541330,Engineering Services,secondary,3.696,<$5M,3,5.3,False
512,Brockville,2017,541370,Surveying & Mapping (except Geophysical) Services,secondary,2.352,<$5M,3,5.3,False
512,Brockville,2017,ALL,All,all,6.048,>=$5M,6,5.3,False
512,Brockville,2017,SECONDARY,Secondary,secondary,6.048,>=$5M,6,5.3,False
512,Brockville,2018,541330,Engineering Services,secondary,4.851,<$5M,4,5.2,False
512,Brockville,2018,541370,Surveying & Mapping (except Geophysical) Services,secondary,2.352,<$5M,3,5.3,False
512,Brockville,2018,ALL,All,all,7.203,>=$5M,7,5.3,False
512,Brockville,2018,SECONDARY,Secondary,secondary,7.203,>=$5M,7,5.3,False
512,Brockville,2019,541330,Engineering Services,secondary,6.237,>=$5M,5,5.4,False
512,Brockville,2019,541370,Surveying & Mapping (except Geophysical) Services,secondary,2.352,<$5M,3,5.3,False
512,Brockville,2019,541511,Custom Computer Programming Services,secondary,,<$5M,<2,,True
512,Brockville,2019,ALL,All,all,9.624,>=$5M,9,5.3,False
512,Brockville,2019,SECONDARY,Secondary,secondary,9.624,>=$5M,9,5.3,False
512,Brockville,2020,541330,Engineering Services,secondary,6.237,>=$5M,5,5.4,False
512,Brockville,2020,541370,Surveying & Mapping (except Geophysical) Services,secondary,2.352,<$5M,3,5.3,False
512,Brockville,2020,541511,Custom Computer Programming Services,secondary,,<$5M,<2,,True
512,Brockville,2020,ALL,All,all,9.624,>=$5M,9,5.3,False
512,Brockville,2020,SECONDARY,Secondary,secondary,9.624,>=$5M,9,5.3,False
512,Brockville,2021,541330,Engineering Services,secondary,6.237,>=$5M,5,5.4,False
512,Brockville,2021,541370,Surveying and Mapping (except Geophysical) Service,secondary,2.352,<$5M,3,5.3,False
512,Brockville,2021,541511,Custom Computer Programming Services,secondary,,<$5M,<2,,True
512,Brockville,2021,ALL,All,all,9.624,>=$5M,9,5.3,False
512,Brockville,2021,SECONDARY,Secondary,secondary,9.624,>=$5M,9,5.3,False
512,Brockville,2022,334610,Manufacturing and Reproducing Magnetic and Optical,secondary,,<$5M,<2,,True
512,Brockville,2022,541330,Engineering Services,secondary,6.237,>=$5M,5,5.4,False
512,Brockville,2022,541370,Surveying and Mapping (except Geophysical) Service,secondary,2.352,<$5M,3,5.3,False
512,Brockville,2022,541511,Custom Computer Programming Services,secondary,,<$5M,<2,,True
512,Brockville,2022,ALL,All,all,13.422,>=$5M,10,5.7,False
512,Brockville,2022,SECONDARY,Secondary,secondary,13.422,>=$5M,10,5.7,False
512,Brockville,2023,334610,Manufacturing and Reproducing Magnetic and Optical,secondary,,<$5M,<2,,True
512,Brockville,2023,541330,Engineering Services,secondary,6.201,>=$5M,5,5.4,False
512,Brockville,2023,541370,Surveying and Mapping (except Geophysical) Service,secondary,2.352,<$5M,3,5.3,False
512,Brockville,2023,541511,Custom Computer Programming Services,secondary,,<$5M,<2,,True
512,Brockville,2023,ALL,All,all,13.386,>=$5M,10,5.7,False
512,Brockville,2023,SECONDARY,Secondary,secondary,13.386,>=$5M,10,5.7,False
512,Brockville,2024,334610,Manufacturing and Reproducing Magnetic and Optical,secondary,,<$5M,<2,,True
512,Brockville,2024,541330,Engineering Services,secondary,23.001,>=$5M,7,16.9,False
512,Brockville,2024,541370,Surveying and Mapping (except Geophysical) Service,secondary,,<$5M,<2,,True
512,Brockville,2024,541511,Custom Computer Programming Services,secondary,7.929,>=$5M,2,20.0,False
512,Brockville,2024,ALL,All,all,35.164,>=$5M,11,15.8,False
512,Brockville,2024,SECONDARY,Secondary,secondary,35.164,>=$5M,11,15.8,False
512,Brockville,2025,334610,Manufacturing and Reproducing Magnetic and Optical,secondary,,<$5M,<2,,True
512,Brockville,2025,541330,Engineering Services,secondary,23.391,>=$5M,7,17.1,False
512,Brockville,2025,541370,Surveying and Mapping (except Geophysical) Service,secondary,,<$5M,<2,,True
512,Brockville,2025,541511,Custom Computer Programming Services,secondary,6.732,>=$5M,2,22.5,False
512,Brockville,2025,ALL,All,all,34.357,>=$5M,11,16.5,False
512,Brockville,2025,SECONDARY,Secondary,secondary,34.357,>=$5M,11,16.5,False
806,Brooks,2017,331110,Iron & Steel Mills & Ferroalloy Manufacturing,secondary,48.977,>=$5M,3,14.3,False
806,Brooks,2017,ALL,All,all,48.977,>=$5M,3,14.3,False
806,Brooks,2017,SECONDARY,Secondary,secondary,48.977,>=$5M,3,14.3,False
806,Brooks,2018,331110,Iron & Steel Mills & Ferroalloy Manufacturing,secondary,71.757,>=$5M,4,15.8,False
806,Brooks,2018,ALL,All,all,71.757,>=$5M,4,15.8,False
806,Brooks,2018,SECONDARY,Secondary,secondary,71.757,>=$5M,4,15.8,False
806,Brooks,2019,331110,Iron & Steel Mills & Ferroalloy Manufacturing,secondary,71.757,>=$5M,4,15.8,False
806,Brooks,2019,ALL,All,all,71.757,>=$5M,4,15.8,False
806,Brooks,2019,SECONDARY,Secondary,secondary,71.757,>=$5M,4,15.8,False
806,Brooks,2020,331110,Iron & Steel Mills & Ferroalloy Manufacturing,secondary,71.757,>=$5M,4,15.8,False
806,Brooks,2020,ALL,All,all,71.757,>=$5M,4,15.8,False
806,Brooks,2020,SECONDARY,Secondary,secondary,71.757,>=$5M,4,15.8,False
806,Brooks,2021,331110,Iron and Steel Mills and Ferroalloy Manufacturing,secondary,68.34,>=$5M,3,20.0,False
806,Brooks,2021,ALL,All,all,68.34,>=$5M,3,20.0,False
806,Brooks,2021,SECONDARY,Secondary,secondary,68.34,>=$5M,3,20.0,False
806,Brooks,2022,331110,Iron and Steel Mills and Ferroalloy Manufacturing,secondary,68.34,>=$5M,3,20.0,False
806,Brooks,2022,ALL,All,all,68.34,>=$5M,3,20.0,False
806,Brooks,2022,SECONDARY,Secondary,secondary,68.34,>=$5M,3,20.0,False
806,Brooks,2023,331110,Iron and Steel Mills and Ferroalloy Manufacturing,secondary,61.863,>=$5M,4,15.8,False
806,Brooks,2023,ALL,All,all,61.863,>=$5M,4,15.8,False
806,Brooks,2023,SECONDARY,Secondary,secondary,61.863,>=$5M,4,15.8,False
806,Brooks,2024,331110,Iron and Steel Mills and Ferroalloy Manufacturing,secondary,57.986,>=$5M,4,22.5,False
806,Brooks,2024,ALL,All,all,57.986,>=$5M,4,22.5,False
806,Brooks,2024,SECONDARY,Secondary,secondary,57.986,>=$5M,4,22.5,False
806,Brooks,2025,331110,Iron and Steel Mills and Ferroalloy Manufacturing,secondary,65.072,>=$5M,4,25.2,False
806,Brooks,2025,ALL,All,all,65.072,>=$5M,4,25.2,False
806,Brooks,2025,SECONDARY,Secondary,secondary,65.072,>=$5M,4,25.2,False
825,Calgary,2017,331110,Iron & Steel Mills & Ferroalloy Manufacturing,secondary,387.26,>=$5M,22,15.5,False
825,Calgary,2017,334511,Search Detection & Navigation Instruments,primary,35.616,>=$5M,3,32.0,False
825,Calgary,2017,336411,Aircraft Manufacturing,primary,4.235,<$5M,2,3.5,False
825,Calgary,2017,541330,Engineering Services,secondary,2446.752,>=$5M,669,15.8,False
825,Calgary,2017,541370,Surveying & Mapping (except Geophysical) Services,secondary,307.818,>=$5M,149,14.1,False
825,Calgary,2017,541511,Custom Computer Programming Services,secondary,160.011,>=$5M,91,8.5,False
825,Calgary,2017,ALL,All,all,3341.692,>=$5M,936,14.9,False
825,Calgary,2017,PRIMARY,Primary,primary,39.851,>=$5M,5,20.6,False
825,Calgary,2017,SECONDARY,Secondary,secondary,3301.841,>=$5M,931,14.8,False
825,Calgary,2018,331110,Iron & Steel Mills & Ferroalloy Manufacturing,secondary,419.152,>=$5M,24,15.3,False
825,Calgary,2018,334511,Search Detection & Navigation Instruments,primary,35.616,>=$5M,3,32.0,False
825,Calgary,2018,336411,Aircraft Manufacturing,primary,4.235,<$5M,2,3.5,False
825,Calgary,2018,541330,Engineering Services,secondary,2755.368,>=$5M,706,16.9,False
825,Calgary,2018,541370,Surveying & Mapping (except Geophysical) Services,secondary,296.205,>=$5M,150,13.4,False
825,Calgary,2018,541511,Custom Computer Programming Services,secondary,160.011,>=$5M,90,8.6,False
825,Calgary,2018,ALL,All,all,3670.587,>=$5M,975,15.6,False
825,Calgary,2018,PRIMARY,Primary,primary,39.851,>=$5M,5,20.6,False
825,Calgary,2018,SECONDARY,Secondary,secondary,3630.736,>=$5M,970,15.6,False
825,Calgary,2019,325920,Explosives Manufacturing,primary,10.336,>=$5M,3,10.7,False
825,Calgary,2019,331110,Iron & Steel Mills & Ferroalloy Manufacturing,secondary,419.152,>=$5M,24,15.3,False
825,Calgary,2019,334511,Search Detection & Navigation Instruments,primary,44.149,>=$5M,4,29.8,False
825,Calgary,2019,336411,Aircraft Manufacturing,primary,4.235,<$5M,2,3.5,False
825,Calgary,2019,541330,Engineering Services,secondary,3847.536,>=$5M,793,21.0,False
825,Calgary,2019,541370,Surveying & Mapping (except Geophysical) Services,secondary,302.673,>=$5M,157,13.1,False
825,Calgary,2019,541511,Custom Computer Programming Services,secondary,182.367,>=$5M,111,7.9,False
825,Calgary,2019,ALL,All,all,4810.448,>=$5M,1094,18.4,False
825,Calgary,2019,PRIMARY,Primary,primary,58.72,>=$5M,9,17.6,False
825,Calgary,2019,SECONDARY,Secondary,secondary,4751.728,>=$5M,1085,18.4,False
825,Calgary,2020,325920,Explosives Manufacturing,primary,12.274,>=$5M,3,12.7,False
825,Calgary,2020,331110,Iron & Steel Mills & Ferroalloy Manufacturing,secondary,441.932,>=$5M,25,15.5,False
825,Calgary,2020,334511,Search Detection & Navigation Instruments,primary,44.149,>=$5M,4,29.8,False
825,Calgary,2020,336411,Aircraft Manufacturing,primary,4.235,<$5M,2,3.5,False
825,Calgary,2020,541330,Engineering Services,secondary,3808.497,>=$5M,810,20.3,False
825,Calgary,2020,541370,Surveying & Mapping (except Geophysical) Services,secondary,305.466,>=$5M,158,13.1,False
825,Calgary,2020,541511,Custom Computer Programming Services,secondary,182.781,>=$5M,112,7.9,False
825,Calgary,2020,ALL,All,all,4799.334,>=$5M,1114,17.9,False
825,Calgary,2020,PRIMARY,Primary,primary,60.658,>=$5M,9,18.2,False
825,Calgary,2020,SECONDARY,Secondary,secondary,4738.676,>=$5M,1105,17.9,False
825,Calgary,2021,325920,Explosives Manufacturing,primary,12.274,>=$5M,3,12.3,False
825,Calgary,2021,331110,Iron and Steel Mills and Ferroalloy Manufacturing,secondary,441.932,>=$5M,25,15.0,False
825,Calgary,2021,334511,"Search, Detection, Navigation, Guidance, Aeronauti",primary,44.149,>=$5M,4,29.8,False
825,Calgary,2021,336411,Aircraft Manufacturing,primary,4.235,<$5M,2,3.5,False
825,Calgary,2021,541330,Engineering Services,secondary,3139.752,>=$5M,805,17.0,False
825,Calgary,2021,541370,Surveying and Mapping (except Geophysical) Service,secondary,310.17,>=$5M,157,13.4,False
825,Calgary,2021,541511,Custom Computer Programming Services,secondary,188.163,>=$5M,116,7.8,False
825,Calgary,2021,ALL,All,all,4140.675,>=$5M,1112,15.5,False
825,Calgary,2021,PRIMARY,Primary,primary,60.658,>=$5M,9,18.1,False
825,Calgary,2021,SECONDARY,Secondary,secondary,4080.017,>=$5M,1103,15.4,False
825,Calgary,2022,325920,Explosives Manufacturing,primary,,>=$5M,<2,,True
825,Calgary,2022,331110,Iron and Steel Mills and Ferroalloy Manufacturing,secondary,465.851,>=$5M,27,14.0,False
825,Calgary,2022,333310,Commercial and Service Industry Machinery Manufact,primary,84.862,>=$5M,30,8.2,False
825,Calgary,2022,334511,"Search, Detection, Navigation, Guidance, Aeronauti",primary,44.149,>=$5M,4,25.8,False
825,Calgary,2022,334610,Manufacturing and Reproducing Magnetic and Optical,secondary,1.068,<$5M,2,1.5,False
825,Calgary,2022,336411,Aircraft Manufacturing,primary,4.235,<$5M,2,3.5,False
825,Calgary,2022,541330,Engineering Services,secondary,3226.688,>=$5M,860,16.4,False
825,Calgary,2022,541370,Surveying and Mapping (except Geophysical) Service,secondary,316.785,>=$5M,159,13.4,False
825,Calgary,2022,541511,Custom Computer Programming Services,secondary,188.37,>=$5M,118,7.6,False
825,Calgary,2022,ALL,All,all,4339.114,>=$5M,1203,14.8,False
825,Calgary,2022,PRIMARY,Primary,primary,140.352,>=$5M,37,10.2,False
825,Calgary,2022,SECONDARY,Secondary,secondary,4198.762,>=$5M,1166,15.0,False
825,Calgary,2023,331110,Iron and Steel Mills and Ferroalloy Manufacturing,secondary,429.013,>=$5M,24,14.1,False
825,Calgary,2023,333310,Commercial and Service Industry Machinery Manufact,primary,71.429,>=$5M,30,8.8,False
825,Calgary,2023,334511,"Search, Detection, Navigation, Guidance, Aeronauti",primary,40.936,>=$5M,4,25.0,False
825,Calgary,2023,334610,Manufacturing and Reproducing Magnetic and Optical,secondary,1.012,<$5M,2,1.5,False
825,Calgary,2023,336411,Aircraft Manufacturing,primary,4.235,<$5M,2,3.5,False
825,Calgary,2023,336999,All Other Transportation Equipment Manufacturing,primary,,<$5M,<2,,True
825,Calgary,2023,541330,Engineering Services,secondary,3001.809,>=$5M,826,15.8,False
825,Calgary,2023,541370,Surveying and Mapping (except Geophysical) Service,secondary,308.108,>=$5M,160,13.3,False
825,Calgary,2023,541511,Custom Computer Programming Services,secondary,170.327,>=$5M,113,7.3,False
825,Calgary,2023,ALL,All,all,4030.829,>=$5M,1162,14.4,False
825,Calgary,2023,PRIMARY,Primary,primary,120.56,>=$5M,37,10.3,False
825,Calgary,2023,SECONDARY,Secondary,secondary,3910.269,>=$5M,1125,14.6,False
825,Calgary,2024,331110,Iron and Steel Mills and Ferroalloy Manufacturing,secondary,352.418,>=$5M,20,27.4,False
825,Calgary,2024,333310,Commercial and Service Industry Machinery Manufact,primary,51.234,>=$5M,30,14.4,False
825,Calgary,2024,334511,"Search, Detection, Navigation, Guidance, Aeronauti",primary,56.148,>=$5M,6,39.8,False
825,Calgary,2024,334610,Manufacturing and Reproducing Magnetic and Optical,secondary,1.082,<$5M,2,1.5,False
825,Calgary,2024,336411,Aircraft Manufacturing,primary,4.338,<$5M,3,3.0,False
825,Calgary,2024,336999,All Other Transportation Equipment Manufacturing,primary,,<$5M,<2,,True
825,Calgary,2024,541330,Engineering Services,secondary,3365.095,>=$5M,844,20.4,False
825,Calgary,2024,541370,Surveying and Mapping (except Geophysical) Service,secondary,163.495,>=$5M,156,10.6,False
825,Calgary,2024,541511,Custom Computer Programming Services,secondary,236.572,>=$5M,126,12.6,False
825,Calgary,2024,ALL,All,all,4232.678,>=$5M,1188,18.3,False
825,Calgary,2024,PRIMARY,Primary,primary,114.016,>=$5M,40,17.2,False
825,Calgary,2024,SECONDARY,Secondary,secondary,4118.662,>=$5M,1148,18.3,False
825,Calgary,2025,331110,Iron and Steel Mills and Ferroalloy Manufacturing,secondary,335.668,>=$5M,20,26.0,False
825,Calgary,2025,333310,Commercial and Service Industry Machinery Manufact,primary,62.927,>=$5M,30,13.1,False
825,Calgary,2025,334511,"Search, Detection, Navigation, Guidance, Aeronauti",primary,50.98,>=$5M,6,36.2,False
825,Calgary,2025,334610,Manufacturing and Reproducing Magnetic and Optical,secondary,1.082,<$5M,2,1.5,False
825,Calgary,2025,336411,Aircraft Manufacturing,primary,4.338,<$5M,3,3.0,False
825,Calgary,2025,336999,All Other Transportation Equipment Manufacturing,primary,,<$5M,<2,,True
825,Calgary,2025,541330,Engineering Services,secondary,3395.346,>=$5M,853,20.5,False
825,Calgary,2025,541370,Surveying and Mapping (except Geophysical) Service,secondary,168.264,>=$5M,159,10.8,False
825,Calgary,2025,541511,Custom Computer Programming Services,secondary,255.242,>=$5M,139,12.0,False
825,Calgary,2025,ALL,All,all,4276.143,>=$5M,1213,18.1,False
825,Calgary,2025,PRIMARY,Primary,primary,120.541,>=$5M,40,15.7,False
825,Calgary,2025,SECONDARY,Secondary,secondary,4155.602,>=$5M,1173,18.2,False
944,Campbell River,2017,336611,Ship Building & Repairing,secondary,9.546,>=$5M,6,7.2,False
944,Campbell River,2017,336612,Boat Building,secondary,4.554,<$5M,2,11.5,False
944,Campbell River,2017,541330,Engineering Services,secondary,7.623,>=$5M,7,4.7,False
944,Campbell River,2017,541370,Surveying & Mapping (except Geophysical) Services,secondary,2.793,<$5M,2,9.5,False
944,Campbell River,2017,541511,Custom Computer Programming Services,secondary,1.449,<$5M,2,3.5,False
944,Campbell River,2017,ALL,All,all,25.965,>=$5M,19,6.6,False
944,Campbell River,2017,SECONDARY,Secondary,secondary,25.965,>=$5M,19,6.6,False
944,Campbell River,2018,336611,Ship Building & Repairing,secondary,9.546,>=$5M,6,7.2,False
944,Campbell River,2018,336612,Boat Building,secondary,4.554,<$5M,2,11.5,False
944,Campbell River,2018,541330,Engineering Services,secondary,7.392,>=$5M,7,4.6,False
944,Campbell River,2018,541370,Surveying & Mapping (except Geophysical) Services,secondary,,<$5M,<2,,True
944,Campbell River,2018,541511,Custom Computer Programming Services,secondary,1.449,<$5M,2,3.5,False
944,Campbell River,2018,ALL,All,all,25.146,>=$5M,18,6.7,False
944,Campbell River,2018,SECONDARY,Secondary,secondary,25.146,>=$5M,18,6.7,False
944,Campbell River,2019,336611,Ship Building & Repairing,secondary,9.546,>=$5M,6,7.2,False
944,Campbell River,2019,336612,Boat Building,secondary,4.95,<$5M,3,8.3,False
944,Campbell River,2019,541330,Engineering Services,secondary,11.781,>=$5M,10,5.1,False
944,Campbell River,2019,541370,Surveying & Mapping (except Geophysical) Services,secondary,2.94,<$5M,2,10.0,False
944,Campbell River,2019,541511,Custom Computer Programming Services,secondary,1.449,<$5M,2,3.5,False
944,Campbell River,2019,ALL,All,all,30.666,>=$5M,23,6.3,False
944,Campbell River,2019,SECONDARY,Secondary,secondary,30.666,>=$5M,23,6.3,False
944,Campbell River,2020,325920,Explosives Manufacturing,primary,,<$5M,<2,,True
944,Campbell River,2020,336611,Ship Building & Repairing,secondary,9.546,>=$5M,6,7.2,False
944,Campbell River,2020,336612,Boat Building,secondary,4.95,<$5M,3,8.3,False
944,Campbell River,2020,541330,Engineering Services,secondary,11.781,>=$5M,10,5.1,False
944,Campbell River,2020,541370,Surveying & Mapping (except Geophysical) Services,secondary,3.675,<$5M,3,8.3,False
944,Campbell River,2020,541511,Custom Computer Programming Services,secondary,1.449,<$5M,2,3.5,False
944,Campbell River,2020,ALL,All,all,33.339,>=$5M,25,6.3,False
944,Campbell River,2020,PRIMARY,Primary,primary,,<$5M,<2,,True
944,Campbell River,2020,SECONDARY,Secondary,secondary,31.401,>=$5M,24,6.3,False
944,Campbell River,2021,336611,Ship Building and Repairing,secondary,9.546,>=$5M,6,7.2,False
944,Campbell River,2021,336612,Boat Building,secondary,4.95,<$5M,3,8.3,False
944,Campbell River,2021,541330,Engineering Services,secondary,14.553,>=$5M,11,5.7,False
944,Campbell River,2021,541370,Surveying and Mapping (except Geophysical) Service,secondary,3.675,<$5M,3,8.3,False
944,Campbell River,2021,541511,Custom Computer Programming Services,secondary,1.449,<$5M,2,3.5,False
944,Campbell River,2021,ALL,All,all,34.173,>=$5M,25,6.5,False
944,Campbell River,2021,SECONDARY,Secondary,secondary,34.173,>=$5M,25,6.5,False
944,Campbell River,2022,336611,Ship Building and Repairing,secondary,9.546,>=$5M,6,7.2,False
944,Campbell River,2022,336612,Boat Building,secondary,4.95,<$5M,3,8.3,False
944,Campbell River,2022,541330,Engineering Services,secondary,15.477,>=$5M,12,5.2,False
944,Campbell River,2022,541370,Surveying and Mapping (except Geophysical) Service,secondary,3.675,<$5M,3,8.3,False
944,Campbell River,2022,541511,Custom Computer Programming Services,secondary,1.449,<$5M,2,3.5,False
944,Campbell River,2022,ALL,All,all,35.097,>=$5M,26,6.3,False
944,Campbell River,2022,SECONDARY,Secondary,secondary,35.097,>=$5M,26,6.3,False
944,Campbell River,2023,336611,Ship Building and Repairing,secondary,10.727,>=$5M,6,7.2,False
944,Campbell River,2023,336612,Boat Building,secondary,4.554,<$5M,2,11.5,False
944,Campbell River,2023,541330,Engineering Services,secondary,15.009,>=$5M,12,5.2,False
944,Campbell River,2023,541370,Surveying and Mapping (except Geophysical) Service,secondary,3.675,<$5M,3,8.3,False
944,Campbell River,2023,541511,Custom Computer Programming Services,secondary,1.449,<$5M,2,3.5,False
944,Campbell River,2023,ALL,All,all,35.414,>=$5M,25,6.4,False
944,Campbell River,2023,SECONDARY,Secondary,secondary,35.414,>=$5M,25,6.4,False
944,Campbell River,2024,336611,Ship Building and Repairing,secondary,18.418,>=$5M,7,10.1,False
944,Campbell River,2024,336612,Boat Building,secondary,3.326,<$5M,2,11.5,False
944,Campbell River,2024,541330,Engineering Services,secondary,25.148,>=$5M,13,9.9,False
944,Campbell River,2024,541370,Surveying and Mapping (except Geophysical) Service,secondary,1.773,<$5M,2,9.0,False
944,Campbell River,2024,541511,Custom Computer Programming Services,secondary,1.048,<$5M,2,3.5,False
944,Campbell River,2024,ALL,All,all,49.713,>=$5M,26,9.5,False
944,Campbell River,2024,SECONDARY,Secondary,secondary,49.713,>=$5M,26,9.5,False
944,Campbell River,2025,336611,Ship Building and Repairing,secondary,19.752,>=$5M,7,13.1,False
944,Campbell River,2025,336612,Boat Building,secondary,3.326,<$5M,2,11.5,False
944,Campbell River,2025,541330,Engineering Services,secondary,25.538,>=$5M,13,10.1,False
944,Campbell River,2025,541370,Surveying and Mapping (except Geophysical) Service,secondary,1.773,<$5M,2,9.0,False
944,Campbell River,2025,541511,Custom Computer Programming Services,secondary,1.048,<$5M,2,3.5,False
944,Campbell River,2025,ALL,All,all,51.437,>=$5M,26,10.4,False
944,Campbell River,2025,SECONDARY,Secondary,secondary,51.437,>=$5M,26,10.4,False
330,Campbellton (New Brunswick part / partie du Nouveau-Brunswick),2017,541330,Engineering Services,secondary,,<$5M,<2,,True
330,Campbellton (New Brunswick part / partie du Nouveau-Brunswick),2017,541370,Surveying & Mapping (except Geophysical) Services,secondary,2.646,<$5M,2,9.0,False
330,Campbellton (New Brunswick part / partie du Nouveau-Brunswick),2017,ALL,All,all,6.111,>=$5M,3,11.0,False
330,Campbellton (New Brunswick part / partie du Nouveau-Brunswick),2017,SECONDARY,Secondary,secondary,6.111,>=$5M,3,11.0,False
330,Campbellton (New Brunswick part / partie du Nouveau-Brunswick),2018,541330,Engineering Services,secondary,,<$5M,<2,,True
330,Campbellton (New Brunswick part / partie du Nouveau-Brunswick),2018,541370,Surveying & Mapping (except Geophysical) Services,secondary,2.646,<$5M,2,9.0,False
330,Campbellton (New Brunswick part / partie du Nouveau-Brunswick),2018,ALL,All,all,6.111,>=$5M,3,11.0,False
330,Campbellton (New Brunswick part / partie du Nouveau-Brunswick),2018,SECONDARY,Secondary,secondary,6.111,>=$5M,3,11.0,False
330,Campbellton (New Brunswick part / partie du Nouveau-Brunswick),2019,541330,Engineering Services,secondary,,<$5M,<2,,True
330,Campbellton (New Brunswick part / partie du Nouveau-Brunswick),2019,541370,Surveying & Mapping (except Geophysical) Services,secondary,2.646,<$5M,2,9.0,False
330,Campbellton (New Brunswick part / partie du Nouveau-Brunswick),2019,541511,Custom Computer Programming Services,secondary,,<$5M,<2,,True
330,Campbellton (New Brunswick part / partie du Nouveau-Brunswick),2019,ALL,All,all,6.318,>=$5M,4,8.5,False
330,Campbellton (New Brunswick part / partie du Nouveau-Brunswick),2019,SECONDARY,Secondary,secondary,6.318,>=$5M,4,8.5,False
330,Campbellton (New Brunswick part / partie du Nouveau-Brunswick),2020,541330,Engineering Services,secondary,,<$5M,<2,,True
330,Campbellton (New Brunswick part / partie du Nouveau-Brunswick),2020,541370,Surveying & Mapping (except Geophysical) Services,secondary,2.646,<$5M,2,9.0,False
330,Campbellton (New Brunswick part / partie du Nouveau-Brunswick),2020,541511,Custom Computer Programming Services,secondary,,<$5M,<2,,True
330,Campbellton (New Brunswick part / partie du Nouveau-Brunswick),2020,ALL,All,all,6.318,>=$5M,4,8.5,False
330,Campbellton (New Brunswick part / partie du Nouveau-Brunswick),2020,SECONDARY,Secondary,secondary,6.318,>=$5M,4,8.5,False
330,Campbellton (New Brunswick part / partie du Nouveau-Brunswick),2021,541330,Engineering Services,secondary,,<$5M,<2,,True
330,Campbellton (New Brunswick part / partie du Nouveau-Brunswick),2021,541370,Surveying and Mapping (except Geophysical) Service,secondary,2.646,<$5M,2,9.0,False
330,Campbellton (New Brunswick part / partie du Nouveau-Brunswick),2021,541511,Custom Computer Programming Services,secondary,,<$5M,<2,,True
330,Campbellton (New Brunswick part / partie du Nouveau-Brunswick),2021,ALL,All,all,6.318,>=$5M,4,8.5,False
330,Campbellton (New Brunswick part / partie du Nouveau-Brunswick),2021,SECONDARY,Secondary,secondary,6.318,>=$5M,4,8.5,False
330,Campbellton (New Brunswick part / partie du Nouveau-Brunswick),2022,541330,Engineering Services,secondary,,<$5M,<2,,True
330,Campbellton (New Brunswick part / partie du Nouveau-Brunswick),2022,541370,Surveying and Mapping (except Geophysical) Service,secondary,2.646,<$5M,2,9.0,False
330,Campbellton (New Brunswick part / partie du Nouveau-Brunswick),2022,541511,Custom Computer Programming Services,secondary,,<$5M,<2,,True
330,Campbellton (New Brunswick part / partie du Nouveau-Brunswick),2022,ALL,All,all,6.318,>=$5M,4,8.5,False
330,Campbellton (New Brunswick part / partie du Nouveau-Brunswick),2022,SECONDARY,Secondary,secondary,6.318,>=$5M,4,8.5,False
330,Campbellton (New Brunswick part / partie du Nouveau-Brunswick),2023,541330,Engineering Services,secondary,,<$5M,<2,,True
330,Campbellton (New Brunswick part / partie du Nouveau-Brunswick),2023,541370,Surveying and Mapping (except Geophysical) Service,secondary,2.646,<$5M,2,9.0,False
330,Campbellton (New Brunswick part / partie du Nouveau-Brunswick),2023,541511,Custom Computer Programming Services,secondary,,<$5M,<2,,True
330,Campbellton (New Brunswick part / partie du Nouveau-Brunswick),2023,ALL,All,all,6.261,>=$5M,4,8.5,False
330,Campbellton (New Brunswick part / partie du Nouveau-Brunswick),2023,SECONDARY,Secondary,secondary,6.261,>=$5M,4,8.5,False
330,Campbellton (New Brunswick part / partie du Nouveau-Brunswick),2024,541370,Surveying and Mapping (except Geophysical) Service,secondary,,<$5M,<2,,True
330,Campbellton (New Brunswick part / partie du Nouveau-Brunswick),2024,541511,Custom Computer Programming Services,secondary,,<$5M,<2,,True
330,Campbellton (New Brunswick part / partie du Nouveau-Brunswick),2024,ALL,All,all,1.627,<$5M,2,8.0,False
330,Campbellton (New Brunswick part / partie du Nouveau-Brunswick),2024,SECONDARY,Secondary,secondary,1.627,<$5M,2,8.0,False
330,Campbellton (New Brunswick part / partie du Nouveau-Brunswick),2025,541370,Surveying and Mapping (except Geophysical) Service,secondary,,<$5M,<2,,True
330,Campbellton (New Brunswick part / partie du Nouveau-Brunswick),2025,541511,Custom Computer Programming Services,secondary,,<$5M,<2,,True
330,Campbellton (New Brunswick part / partie du Nouveau-Brunswick),2025,ALL,All,all,1.627,<$5M,2,8.0,False
330,Campbellton (New Brunswick part / partie du Nouveau-Brunswick),2025,SECONDARY,Secondary,secondary,1.627,<$5M,2,8.0,False
833,Camrose,2017,541330,Engineering Services,secondary,,<$5M,<2,,True
833,Camrose,2017,ALL,All,all,,<$5M,<2,,True
833,Camrose,2017,SECONDARY,Secondary,secondary,,<$5M,<2,,True
833,Camrose,2018,541330,Engineering Services,secondary,,<$5M,<2,,True
833,Camrose,2018,ALL,All,all,,<$5M,<2,,True
833,Camrose,2018,SECONDARY,Secondary,secondary,,<$5M,<2,,True
833,Camrose,2019,541330,Engineering Services,secondary,,<$5M,<2,,True
833,Camrose,2019,ALL,All,all,,<$5M,<2,,True
833,Camrose,2019,SECONDARY,Secondary,secondary,,<$5M,<2,,True
833,Camrose,2020,541330,Engineering Services,secondary,,<$5M,<2,,True
833,Camrose,2020,ALL,All,all,,<$5M,<2,,True
833,Camrose,2020,SECONDARY,Secondary,secondary,,<$5M,<2,,True
833,Camrose,2021,541330,Engineering Services,secondary,,<$5M,<2,,True
833,Camrose,2021,ALL,All,all,,<$5M,<2,,True
833,Camrose,2021,SECONDARY,Secondary,secondary,,<$5M,<2,,True
833,Camrose,2022,541330,Engineering Services,secondary,,<$5M,<2,,True
833,Camrose,2022,ALL,All,all,,<$5M,<2,,True
833,Camrose,2022,SECONDARY,Secondary,secondary,,<$5M,<2,,True
833,Camrose,2023,541330,Engineering Services,secondary,,<$5M,<2,,True
833,Camrose,2023,ALL,All,all,,<$5M,<2,,True
833,Camrose,2023,SECONDARY,Secondary,secondary,,<$5M,<2,,True
833,Camrose,2024,541330,Engineering Services,secondary,,<$5M,<2,,True
833,Camrose,2024,ALL,All,all,,<$5M,<2,,True
833,Camrose,2024,SECONDARY,Secondary,secondary,,<$5M,<2,,True
833,Camrose,2025,541330,Engineering Services,secondary,,<$5M,<2,,True
833,Camrose,2025,ALL,All,all,,<$5M,<2,,True
833,Camrose,2025,SECONDARY,Secondary,secondary,,<$5M,<2,,True
828,Canmore,2017,541330,Engineering Services,secondary,4.851,<$5M,5,4.2,False
828,Canmore,2017,541370,Surveying & Mapping (except Geophysical) Services,secondary,1.911,<$5M,2,6.5,False
828,Canmore,2017,ALL,All,all,6.762,>=$5M,7,4.9,False
828,Canmore,2017,SECONDARY,Secondary,secondary,6.762,>=$5M,7,4.9,False
828,Canmore,2018,541330,Engineering Services,secondary,10.626,>=$5M,6,7.7,False
828,Canmore,2018,541370,Surveying & Mapping (except Geophysical) Services,secondary,1.911,<$5M,2,6.5,False
828,Canmore,2018,ALL,All,all,12.537,>=$5M,8,7.4,False
828,Canmore,2018,SECONDARY,Secondary,secondary,12.537,>=$5M,8,7.4,False
828,Canmore,2019,541330,Engineering Services,secondary,10.626,>=$5M,6,7.7,False
828,Canmore,2019,541370,Surveying & Mapping (except Geophysical) Services,secondary,1.911,<$5M,2,6.5,False
828,Canmore,2019,ALL,All,all,12.537,>=$5M,8,7.4,False
828,Canmore,2019,SECONDARY,Secondary,secondary,12.537,>=$5M,8,7.4,False
828,Canmore,2020,541330,Engineering Services,secondary,14.091,>=$5M,7,8.7,False
828,Canmore,2020,541370,Surveying & Mapping (except Geophysical) Services,secondary,1.911,<$5M,2,6.5,False
828,Canmore,2020,ALL,All,all,16.002,>=$5M,9,8.2,False
828,Canmore,2020,SECONDARY,Secondary,secondary,16.002,>=$5M,9,8.2,False
828,Canmore,2021,541330,Engineering Services,secondary,10.626,>=$5M,6,7.7,False
828,Canmore,2021,541370,Surveying and Mapping (except Geophysical) Service,secondary,1.911,<$5M,2,6.5,False
828,Canmore,2021,ALL,All,all,12.537,>=$5M,8,7.4,False
828,Canmore,2021,SECONDARY,Secondary,secondary,12.537,>=$5M,8,7.4,False
828,Canmore,2022,333310,Commercial and Service Industry Machinery Manufact,primary,,<$5M,<2,,True
828,Canmore,2022,541330,Engineering Services,secondary,10.626,>=$5M,6,7.7,False
828,Canmore,2022,541370,Surveying and Mapping (except Geophysical) Service,secondary,1.911,<$5M,2,6.5,False
828,Canmore,2022,ALL,All,all,13.769,>=$5M,9,7.0,False
828,Canmore,2022,PRIMARY,Primary,primary,,<$5M,<2,,True
828,Canmore,2022,SECONDARY,Secondary,secondary,12.537,>=$5M,8,7.4,False
828,Canmore,2023,333310,Commercial and Service Industry Machinery Manufact,primary,,<$5M,<2,,True
828,Canmore,2023,541330,Engineering Services,secondary,6.187,>=$5M,5,6.2,False
828,Canmore,2023,541370,Surveying and Mapping (except Geophysical) Service,secondary,1.911,<$5M,2,6.5,False
828,Canmore,2023,ALL,All,all,9.33,>=$5M,8,6.0,False
828,Canmore,2023,PRIMARY,Primary,primary,,<$5M,<2,,True
828,Canmore,2023,SECONDARY,Secondary,secondary,8.098,>=$5M,7,6.3,False
828,Canmore,2024,333310,Commercial and Service Industry Machinery Manufact,primary,,<$5M,<2,,True
828,Canmore,2024,541330,Engineering Services,secondary,12.475,>=$5M,6,10.7,False
828,Canmore,2024,541370,Surveying and Mapping (except Geophysical) Service,secondary,1.084,<$5M,2,5.5,False
828,Canmore,2024,541511,Custom Computer Programming Services,secondary,,<$5M,<2,,True
828,Canmore,2024,ALL,All,all,14.397,>=$5M,10,8.0,False
828,Canmore,2024,PRIMARY,Primary,primary,,<$5M,<2,,True
828,Canmore,2024,SECONDARY,Secondary,secondary,13.709,>=$5M,9,8.4,False
828,Canmore,2025,333310,Commercial and Service Industry Machinery Manufact,primary,,<$5M,<2,,True
828,Canmore,2025,541330,Engineering Services,secondary,12.475,>=$5M,6,10.7,False
828,Canmore,2025,541370,Surveying and Mapping (except Geophysical) Service,secondary,1.084,<$5M,2,5.5,False
828,Canmore,2025,541511,Custom Computer Programming Services,secondary,,<$5M,<2,,True
828,Canmore,2025,ALL,All,all,14.397,>=$5M,10,8.0,False
828,Canmore,2025,PRIMARY,Primary,primary,,<$5M,<2,,True
828,Canmore,2025,SECONDARY,Secondary,secondary,13.709,>=$5M,9,8.4,False
225,Cape Breton,2017,331110,Iron & Steel Mills & Ferroalloy Manufacturing,secondary,,<$5M,<2,,True
225,Cape Breton,2017,541330,Engineering Services,secondary,4.851,<$5M,5,4.2,False
225,Cape Breton,2017,541370,Surveying & Mapping (except Geophysical) Services,secondary,8.673,>=$5M,10,5.9,False
225,Cape Breton,2017,541511,Custom Computer Programming Services,secondary,7.659,>=$5M,2,18.5,False
225,Cape Breton,2017,ALL,All,all,24.6,>=$5M,18,6.7,False
225,Cape Breton,2017,SECONDARY,Secondary,secondary,24.6,>=$5M,18,6.7,False
225,Cape Breton,2018,331110,Iron & Steel Mills & Ferroalloy Manufacturing,secondary,,<$5M,<2,,True
225,Cape Breton,2018,541330,Engineering Services,secondary,6.468,>=$5M,7,4.0,False
225,Cape Breton,2018,541370,Surveying & Mapping (except Geophysical) Services,secondary,8.673,>=$5M,10,5.9,False
225,Cape Breton,2018,541511,Custom Computer Programming Services,secondary,7.659,>=$5M,2,18.5,False
225,Cape Breton,2018,ALL,All,all,26.217,>=$5M,20,6.4,False
225,Cape Breton,2018,SECONDARY,Secondary,secondary,26.217,>=$5M,20,6.4,False
225,Cape Breton,2019,331110,Iron & Steel Mills & Ferroalloy Manufacturing,secondary,,<$5M,<2,,True
225,Cape Breton,2019,541330,Engineering Services,secondary,54.978,>=$5M,11,21.6,False
225,Cape Breton,2019,541370,Surveying & Mapping (except Geophysical) Services,secondary,9.408,>=$5M,12,5.3,False
225,Cape Breton,2019,541511,Custom Computer Programming Services,secondary,7.659,>=$5M,2,18.5,False
225,Cape Breton,2019,ALL,All,all,75.462,>=$5M,26,13.2,False
225,Cape Breton,2019,SECONDARY,Secondary,secondary,75.462,>=$5M,26,13.2,False
225,Cape Breton,2020,331110,Iron & Steel Mills & Ferroalloy Manufacturing,secondary,,<$5M,<2,,True
225,Cape Breton,2020,541330,Engineering Services,secondary,48.048,>=$5M,10,20.8,False
225,Cape Breton,2020,541370,Surveying & Mapping (except Geophysical) Services,secondary,11.613,>=$5M,15,5.3,False
225,Cape Breton,2020,541511,Custom Computer Programming Services,secondary,,<$5M,<2,,True
225,Cape Breton,2020,ALL,All,all,64.32,>=$5M,27,11.0,False
225,Cape Breton,2020,SECONDARY,Secondary,secondary,64.32,>=$5M,27,11.0,False
225,Cape Breton,2021,331110,Iron and Steel Mills and Ferroalloy Manufacturing,secondary,,<$5M,<2,,True
225,Cape Breton,2021,541330,Engineering Services,secondary,46.662,>=$5M,9,22.4,False
225,Cape Breton,2021,541370,Surveying and Mapping (except Geophysical) Service,secondary,11.613,>=$5M,15,5.3,False
225,Cape Breton,2021,541511,Custom Computer Programming Services,secondary,,<$5M,<2,,True
225,Cape Breton,2021,ALL,All,all,62.934,>=$5M,26,11.2,False
225,Cape Breton,2021,SECONDARY,Secondary,secondary,62.934,>=$5M,26,11.2,False
225,Cape Breton,2022,331110,Iron and Steel Mills and Ferroalloy Manufacturing,secondary,,<$5M,<2,,True
225,Cape Breton,2022,333310,Commercial and Service Industry Machinery Manufact,primary,6.113,>=$5M,3,5.3,False
225,Cape Breton,2022,336611,Ship Building and Repairing,secondary,,<$5M,<2,,True
225,Cape Breton,2022,541330,Engineering Services,secondary,46.662,>=$5M,9,22.2,False
225,Cape Breton,2022,541370,Surveying and Mapping (except Geophysical) Service,secondary,10.878,>=$5M,14,5.3,False
225,Cape Breton,2022,541511,Custom Computer Programming Services,secondary,14.324,>=$5M,2,8.0,False
225,Cape Breton,2022,ALL,All,all,83.17,>=$5M,30,10.3,False
225,Cape Breton,2022,PRIMARY,Primary,primary,6.113,>=$5M,3,5.3,False
225,Cape Breton,2022,SECONDARY,Secondary,secondary,77.057,>=$5M,27,10.9,False
225,Cape Breton,2023,331110,Iron and Steel Mills and Ferroalloy Manufacturing,secondary,,<$5M,<2,,True
225,Cape Breton,2023,333310,Commercial and Service Industry Machinery Manufact,primary,6.113,>=$5M,3,5.3,False
225,Cape Breton,2023,336611,Ship Building and Repairing,secondary,,<$5M,<2,,True
225,Cape Breton,2023,541330,Engineering Services,secondary,7.14,>=$5M,8,3.8,False
225,Cape Breton,2023,541370,Surveying and Mapping (except Geophysical) Service,secondary,11.224,>=$5M,15,5.0,False
225,Cape Breton,2023,541511,Custom Computer Programming Services,secondary,14.324,>=$5M,2,8.0,False
225,Cape Breton,2023,ALL,All,all,43.994,>=$5M,30,4.7,False
225,Cape Breton,2023,PRIMARY,Primary,primary,6.113,>=$5M,3,5.3,False
225,Cape Breton,2023,SECONDARY,Secondary,secondary,37.881,>=$5M,27,4.6,False
225,Cape Breton,2024,331110,Iron and Steel Mills and Ferroalloy Manufacturing,secondary,,<$5M,<2,,True
225,Cape Breton,2024,333310,Commercial and Service Industry Machinery Manufact,primary,2.991,<$5M,3,5.3,False
225,Cape Breton,2024,336611,Ship Building and Repairing,secondary,,>=$5M,<2,,True
225,Cape Breton,2024,541330,Engineering Services,secondary,13.646,>=$5M,8,8.8,False
225,Cape Breton,2024,541370,Surveying and Mapping (except Geophysical) Service,secondary,3.746,<$5M,15,2.6,False
225,Cape Breton,2024,541511,Custom Computer Programming Services,secondary,2.394,<$5M,2,8.0,False
225,Cape Breton,2024,ALL,All,all,40.009,>=$5M,30,6.6,False
225,Cape Breton,2024,PRIMARY,Primary,primary,2.991,<$5M,3,5.3,False
225,Cape Breton,2024,SECONDARY,Secondary,secondary,37.018,>=$5M,27,6.8,False
225,Cape Breton,2025,331110,Iron and Steel Mills and Ferroalloy Manufacturing,secondary,,<$5M,<2,,True
225,Cape Breton,2025,333310,Commercial and Service Industry Machinery Manufact,primary,2.991,<$5M,3,5.3,False
225,Cape Breton,2025,336611,Ship Building and Repairing,secondary,,>=$5M,<2,,True
225,Cape Breton,2025,541330,Engineering Services,secondary,13.646,>=$5M,8,8.8,False
225,Cape Breton,2025,541370,Surveying and Mapping (except Geophysical) Service,secondary,4.339,<$5M,16,2.8,False
225,Cape Breton,2025,541511,Custom Computer Programming Services,secondary,2.394,<$5M,2,8.0,False
225,Cape Breton,2025,ALL,All,all,40.602,>=$5M,31,6.6,False
225,Cape Breton,2025,PRIMARY,Primary,primary,2.991,<$5M,3,5.3,False
225,Cape Breton,2025,SECONDARY,Secondary,secondary,37.611,>=$5M,28,6.7,False
531,Centre Wellington,2017,541330,Engineering Services,secondary,32.571,>=$5M,6,23.5,False
531,Centre Wellington,2017,541370,Surveying & Mapping (except Geophysical) Services,secondary,,<$5M,<2,,True
531,Centre Wellington,2017,ALL,All,all,32.865,>=$5M,7,20.4,False
531,Centre Wellington,2017,SECONDARY,Secondary,secondary,32.865,>=$5M,7,20.4,False
531,Centre Wellington,2018,541330,Engineering Services,secondary,32.571,>=$5M,6,23.5,False
531,Centre Wellington,2018,541370,Surveying & Mapping (except Geophysical) Services,secondary,,<$5M,<2,,True
531,Centre Wellington,2018,ALL,All,all,32.865,>=$5M,7,20.4,False
531,Centre Wellington,2018,SECONDARY,Secondary,secondary,32.865,>=$5M,7,20.4,False
531,Centre Wellington,2019,334511,Search Detection & Navigation Instruments,primary,,>=$5M,<2,,True
531,Centre Wellington,2019,541330,Engineering Services,secondary,30.261,>=$5M,7,18.7,False
531,Centre Wellington,2019,541370,Surveying & Mapping (except Geophysical) Services,secondary,,<$5M,<2,,True
531,Centre Wellington,2019,ALL,All,all,39.088,>=$5M,9,17.3,False
531,Centre Wellington,2019,PRIMARY,Primary,primary,,>=$5M,<2,,True
531,Centre Wellington,2019,SECONDARY,Secondary,secondary,30.555,>=$5M,8,16.6,False
531,Centre Wellington,2020,334511,Search Detection & Navigation Instruments,primary,,>=$5M,<2,,True
531,Centre Wellington,2020,541330,Engineering Services,secondary,27.489,>=$5M,6,19.8,False
531,Centre Wellington,2020,541370,Surveying & Mapping (except Geophysical) Services,secondary,,<$5M,<2,,True
531,Centre Wellington,2020,ALL,All,all,36.316,>=$5M,8,18.0,False
531,Centre Wellington,2020,PRIMARY,Primary,primary,,>=$5M,<2,,True
531,Centre Wellington,2020,SECONDARY,Secondary,secondary,27.783,>=$5M,7,17.3,False
531,Centre Wellington,2021,334511,"Search, Detection, Navigation, Guidance, Aeronauti",primary,,>=$5M,<2,,True
531,Centre Wellington,2021,541330,Engineering Services,secondary,27.489,>=$5M,6,20.0,False
531,Centre Wellington,2021,541370,Surveying and Mapping (except Geophysical) Service,secondary,,<$5M,<2,,True
531,Centre Wellington,2021,ALL,All,all,36.316,>=$5M,8,18.1,False
531,Centre Wellington,2021,PRIMARY,Primary,primary,,>=$5M,<2,,True
531,Centre Wellington,2021,SECONDARY,Secondary,secondary,27.783,>=$5M,7,17.4,False
531,Centre Wellington,2022,333310,Commercial and Service Industry Machinery Manufact,primary,15.708,>=$5M,2,25.5,False
531,Centre Wellington,2022,334511,"Search, Detection, Navigation, Guidance, Aeronauti",primary,,>=$5M,<2,,True
531,Centre Wellington,2022,541330,Engineering Services,secondary,28.413,>=$5M,7,17.1,False
531,Centre Wellington,2022,541370,Surveying and Mapping (except Geophysical) Service,secondary,,<$5M,<2,,True
531,Centre Wellington,2022,ALL,All,all,52.948,>=$5M,11,17.8,False
531,Centre Wellington,2022,PRIMARY,Primary,primary,24.241,>=$5M,3,24.7,False
531,Centre Wellington,2022,SECONDARY,Secondary,secondary,28.707,>=$5M,8,15.2,False
531,Centre Wellington,2023,333310,Commercial and Service Industry Machinery Manufact,primary,15.708,>=$5M,2,25.5,False
531,Centre Wellington,2023,334511,"Search, Detection, Navigation, Guidance, Aeronauti",primary,,>=$5M,<2,,True
531,Centre Wellington,2023,541330,Engineering Services,secondary,26.97,>=$5M,7,17.1,False
531,Centre Wellington,2023,541370,Surveying and Mapping (except Geophysical) Service,secondary,,<$5M,<2,,True
531,Centre Wellington,2023,ALL,All,all,51.505,>=$5M,11,17.8,False
531,Centre Wellington,2023,PRIMARY,Primary,primary,24.241,>=$5M,3,24.7,False
531,Centre Wellington,2023,SECONDARY,Secondary,secondary,27.264,>=$5M,8,15.2,False
531,Centre Wellington,2024,333310,Commercial and Service Industry Machinery Manufact,primary,8.771,>=$5M,2,25.5,False
531,Centre Wellington,2024,334511,"Search, Detection, Navigation, Guidance, Aeronauti",primary,,>=$5M,<2,,True
531,Centre Wellington,2024,541330,Engineering Services,secondary,30.019,>=$5M,7,22.0,False
531,Centre Wellington,2024,541370,Surveying and Mapping (except Geophysical) Service,secondary,,<$5M,<2,,True
531,Centre Wellington,2024,ALL,All,all,48.149,>=$5M,11,22.4,False
531,Centre Wellington,2024,PRIMARY,Primary,primary,17.933,>=$5M,3,30.0,False
531,Centre Wellington,2024,SECONDARY,Secondary,secondary,30.216,>=$5M,8,19.5,False
531,Centre Wellington,2025,333310,Commercial and Service Industry Machinery Manufact,primary,8.771,>=$5M,2,25.5,False
531,Centre Wellington,2025,334511,"Search, Detection, Navigation, Guidance, Aeronauti",primary,,>=$5M,<2,,True
531,Centre Wellington,2025,541330,Engineering Services,secondary,30.019,>=$5M,7,22.0,False
531,Centre Wellington,2025,541370,Surveying and Mapping (except Geophysical) Service,secondary,,<$5M,<2,,True
531,Centre Wellington,2025,ALL,All,all,47.914,>=$5M,11,22.3,False
531,Centre Wellington,2025,PRIMARY,Primary,primary,17.698,>=$5M,3,29.7,False
531,Centre Wellington,2025,SECONDARY,Secondary,secondary,30.216,>=$5M,8,19.5,False
105,Charlottetown,2017,331110,Iron & Steel Mills & Ferroalloy Manufacturing,secondary,14.807,>=$5M,2,6.5,False
105,Charlottetown,2017,541330,Engineering Services,secondary,27.72,>=$5M,28,4.3,False
105,Charlottetown,2017,541370,Surveying & Mapping (except Geophysical) Services,secondary,4.263,<$5M,7,4.1,False
105,Charlottetown,2017,541511,Custom Computer Programming Services,secondary,26.082,>=$5M,3,42.0,False
105,Charlottetown,2017,ALL,All,all,72.872,>=$5M,40,7.2,False
105,Charlottetown,2017,SECONDARY,Secondary,secondary,72.872,>=$5M,40,7.2,False
105,Charlottetown,2018,331110,Iron & Steel Mills & Ferroalloy Manufacturing,secondary,14.807,>=$5M,2,6.5,False
105,Charlottetown,2018,541330,Engineering Services,secondary,27.72,>=$5M,28,4.3,False
105,Charlottetown,2018,541370,Surveying & Mapping (except Geophysical) Services,secondary,5.733,>=$5M,8,4.9,False
105,Charlottetown,2018,541511,Custom Computer Programming Services,secondary,20.7,>=$5M,2,50.0,False
105,Charlottetown,2018,ALL,All,all,68.96,>=$5M,40,6.8,False
105,Charlottetown,2018,SECONDARY,Secondary,secondary,68.96,>=$5M,40,6.8,False
105,Charlottetown,2019,331110,Iron & Steel Mills & Ferroalloy Manufacturing,secondary,14.807,>=$5M,2,6.5,False
105,Charlottetown,2019,541330,Engineering Services,secondary,31.416,>=$5M,33,4.1,False
105,Charlottetown,2019,541370,Surveying & Mapping (except Geophysical) Services,secondary,7.938,>=$5M,10,5.4,False
105,Charlottetown,2019,541511,Custom Computer Programming Services,secondary,21.528,>=$5M,3,34.7,False
105,Charlottetown,2019,ALL,All,all,75.689,>=$5M,48,6.4,False
105,Charlottetown,2019,SECONDARY,Secondary,secondary,75.689,>=$5M,48,6.4,False
105,Charlottetown,2020,331110,Iron & Steel Mills & Ferroalloy Manufacturing,secondary,14.807,>=$5M,2,6.5,False
105,Charlottetown,2020,541330,Engineering Services,secondary,31.185,>=$5M,32,4.2,False
105,Charlottetown,2020,541370,Surveying & Mapping (except Geophysical) Services,secondary,7.938,>=$5M,10,5.4,False
105,Charlottetown,2020,541511,Custom Computer Programming Services,secondary,1.863,<$5M,2,4.5,False
105,Charlottetown,2020,ALL,All,all,55.793,>=$5M,46,4.6,False
105,Charlottetown,2020,SECONDARY,Secondary,secondary,55.793,>=$5M,46,4.6,False
105,Charlottetown,2021,331110,Iron and Steel Mills and Ferroalloy Manufacturing,secondary,14.807,>=$5M,2,6.5,False
105,Charlottetown,2021,541330,Engineering Services,secondary,31.185,>=$5M,32,4.2,False
105,Charlottetown,2021,541370,Surveying and Mapping (except Geophysical) Service,secondary,7.203,>=$5M,9,5.4,False
105,Charlottetown,2021,541511,Custom Computer Programming Services,secondary,1.863,<$5M,2,4.5,False
105,Charlottetown,2021,ALL,All,all,55.058,>=$5M,45,4.6,False
105,Charlottetown,2021,SECONDARY,Secondary,secondary,55.058,>=$5M,45,4.6,False
105,Charlottetown,2022,331110,Iron and Steel Mills and Ferroalloy Manufacturing,secondary,14.807,>=$5M,2,6.5,False
105,Charlottetown,2022,333310,Commercial and Service Industry Machinery Manufact,primary,4.891,<$5M,4,2.8,False
105,Charlottetown,2022,541330,Engineering Services,secondary,31.185,>=$5M,32,4.2,False
105,Charlottetown,2022,541370,Surveying and Mapping (except Geophysical) Service,secondary,7.203,>=$5M,9,5.4,False
105,Charlottetown,2022,541511,Custom Computer Programming Services,secondary,1.863,<$5M,2,4.5,False
105,Charlottetown,2022,ALL,All,all,59.949,>=$5M,49,4.4,False
105,Charlottetown,2022,PRIMARY,Primary,primary,4.891,<$5M,4,2.8,False
105,Charlottetown,2022,SECONDARY,Secondary,secondary,55.058,>=$5M,45,4.6,False
105,Charlottetown,2023,331110,Iron and Steel Mills and Ferroalloy Manufacturing,secondary,14.807,>=$5M,2,6.5,False
105,Charlottetown,2023,333310,Commercial and Service Industry Machinery Manufact,primary,4.891,<$5M,4,2.8,False
105,Charlottetown,2023,541330,Engineering Services,secondary,29.043,>=$5M,29,4.5,False
105,Charlottetown,2023,541370,Surveying and Mapping (except Geophysical) Service,secondary,6.767,>=$5M,9,5.4,False
105,Charlottetown,2023,541511,Custom Computer Programming Services,secondary,1.634,<$5M,2,4.5,False
105,Charlottetown,2023,ALL,All,all,57.142,>=$5M,46,4.6,False
105,Charlottetown,2023,PRIMARY,Primary,primary,4.891,<$5M,4,2.8,False
105,Charlottetown,2023,SECONDARY,Secondary,secondary,52.251,>=$5M,42,4.8,False
105,Charlottetown,2024,331110,Iron and Steel Mills and Ferroalloy Manufacturing,secondary,8.376,>=$5M,2,6.5,False
105,Charlottetown,2024,333310,Commercial and Service Industry Machinery Manufact,primary,1.41,<$5M,3,2.7,False
105,Charlottetown,2024,541330,Engineering Services,secondary,29.83,>=$5M,25,6.0,False
105,Charlottetown,2024,541370,Surveying and Mapping (except Geophysical) Service,secondary,4.04,<$5M,11,3.7,False
105,Charlottetown,2024,541511,Custom Computer Programming Services,secondary,1.347,<$5M,2,4.5,False
105,Charlottetown,2024,ALL,All,all,45.003,>=$5M,43,5.1,False
105,Charlottetown,2024,PRIMARY,Primary,primary,1.41,<$5M,3,2.7,False
105,Charlottetown,2024,SECONDARY,Secondary,secondary,43.593,>=$5M,40,5.3,False
105,Charlottetown,2025,331110,Iron and Steel Mills and Ferroalloy Manufacturing,secondary,8.376,>=$5M,2,6.5,False
105,Charlottetown,2025,333310,Commercial and Service Industry Machinery Manufact,primary,1.41,<$5M,3,2.7,False
105,Charlottetown,2025,541330,Engineering Services,secondary,30.609,>=$5M,26,6.0,False
105,Charlottetown,2025,541370,Surveying and Mapping (except Geophysical) Service,secondary,4.139,<$5M,11,3.8,False
105,Charlottetown,2025,541511,Custom Computer Programming Services,secondary,1.347,<$5M,2,4.5,False
105,Charlottetown,2025,ALL,All,all,45.881,>=$5M,44,5.2,False
105,Charlottetown,2025,PRIMARY,Primary,primary,1.41,<$5M,3,2.7,False
105,Charlottetown,2025,SECONDARY,Secondary,secondary,44.471,>=$5M,41,5.4,False
556,Chatham-Kent,2017,331110,Iron & Steel Mills & Ferroalloy Manufacturing,secondary,38.726,>=$5M,5,6.8,False
556,Chatham-Kent,2017,541330,Engineering Services,secondary,13.167,>=$5M,11,5.2,False
556,Chatham-Kent,2017,541370,Surveying & Mapping (except Geophysical) Services,secondary,1.47,<$5M,3,3.3,False
556,Chatham-Kent,2017,ALL,All,all,53.363,>=$5M,19,5.3,False
556,Chatham-Kent,2017,SECONDARY,Secondary,secondary,53.363,>=$5M,19,5.3,False
556,Chatham-Kent,2018,331110,Iron & Steel Mills & Ferroalloy Manufacturing,secondary,38.726,>=$5M,5,6.8,False
556,Chatham-Kent,2018,541330,Engineering Services,secondary,11.55,>=$5M,10,5.0,False
556,Chatham-Kent,2018,541370,Surveying & Mapping (except Geophysical) Services,secondary,1.47,<$5M,3,3.3,False
556,Chatham-Kent,2018,541511,Custom Computer Programming Services,secondary,,<$5M,<2,,True
556,Chatham-Kent,2018,ALL,All,all,52.781,>=$5M,19,5.2,False
556,Chatham-Kent,2018,SECONDARY,Secondary,secondary,52.781,>=$5M,19,5.2,False
556,Chatham-Kent,2019,331110,Iron & Steel Mills & Ferroalloy Manufacturing,secondary,29.614,>=$5M,4,6.5,False
556,Chatham-Kent,2019,541330,Engineering Services,secondary,12.936,>=$5M,12,4.7,False
556,Chatham-Kent,2019,541370,Surveying & Mapping (except Geophysical) Services,secondary,1.47,<$5M,3,3.3,False
556,Chatham-Kent,2019,541511,Custom Computer Programming Services,secondary,,<$5M,<2,,True
556,Chatham-Kent,2019,ALL,All,all,45.055,>=$5M,20,4.8,False
556,Chatham-Kent,2019,SECONDARY,Secondary,secondary,45.055,>=$5M,20,4.8,False
556,Chatham-Kent,2020,331110,Iron & Steel Mills & Ferroalloy Manufacturing,secondary,12.529,>=$5M,3,3.7,False
556,Chatham-Kent,2020,541330,Engineering Services,secondary,12.936,>=$5M,12,4.7,False
556,Chatham-Kent,2020,541370,Surveying & Mapping (except Geophysical) Services,secondary,1.47,<$5M,3,3.3,False
556,Chatham-Kent,2020,541511,Custom Computer Programming Services,secondary,,<$5M,<2,,True
556,Chatham-Kent,2020,ALL,All,all,27.97,>=$5M,19,4.3,False
556,Chatham-Kent,2020,SECONDARY,Secondary,secondary,27.97,>=$5M,19,4.3,False
556,Chatham-Kent,2021,331110,Iron and Steel Mills and Ferroalloy Manufacturing,secondary,12.529,>=$5M,3,3.7,False
556,Chatham-Kent,2021,541330,Engineering Services,secondary,12.936,>=$5M,12,4.7,False
556,Chatham-Kent,2021,541370,Surveying and Mapping (except Geophysical) Service,secondary,1.47,<$5M,3,3.3,False
556,Chatham-Kent,2021,541511,Custom Computer Programming Services,secondary,,<$5M,<2,,True
556,Chatham-Kent,2021,ALL,All,all,27.97,>=$5M,19,4.3,False
556,Chatham-Kent,2021,SECONDARY,Secondary,secondary,27.97,>=$5M,19,4.3,False
556,Chatham-Kent,2022,331110,Iron and Steel Mills and Ferroalloy Manufacturing,secondary,12.529,>=$5M,3,3.7,False
556,Chatham-Kent,2022,333310,Commercial and Service Industry Machinery Manufact,primary,,<$5M,<2,,True
556,Chatham-Kent,2022,541330,Engineering Services,secondary,13.86,>=$5M,13,4.6,False
556,Chatham-Kent,2022,541370,Surveying and Mapping (except Geophysical) Service,secondary,1.47,<$5M,3,3.3,False
556,Chatham-Kent,2022,541511,Custom Computer Programming Services,secondary,,<$5M,<2,,True
556,Chatham-Kent,2022,ALL,All,all,33.214,>=$5M,21,4.7,False
556,Chatham-Kent,2022,PRIMARY,Primary,primary,,<$5M,<2,,True
556,Chatham-Kent,2022,SECONDARY,Secondary,secondary,28.894,>=$5M,20,4.3,False
556,Chatham-Kent,2023,331110,Iron and Steel Mills and Ferroalloy Manufacturing,secondary,12.529,>=$5M,3,3.7,False
556,Chatham-Kent,2023,333310,Commercial and Service Industry Machinery Manufact,primary,,<$5M,<2,,True
556,Chatham-Kent,2023,541330,Engineering Services,secondary,11.565,>=$5M,11,4.6,False
556,Chatham-Kent,2023,541370,Surveying and Mapping (except Geophysical) Service,secondary,1.47,<$5M,3,3.3,False
556,Chatham-Kent,2023,541511,Custom Computer Programming Services,secondary,,<$5M,<2,,True
556,Chatham-Kent,2023,ALL,All,all,28.796,>=$5M,19,4.7,False
556,Chatham-Kent,2023,PRIMARY,Primary,primary,,<$5M,<2,,True
556,Chatham-Kent,2023,SECONDARY,Secondary,secondary,26.599,>=$5M,18,4.3,False
556,Chatham-Kent,2024,331110,Iron and Steel Mills and Ferroalloy Manufacturing,secondary,5.156,>=$5M,3,2.7,False
556,Chatham-Kent,2024,333310,Commercial and Service Industry Machinery Manufact,primary,,<$5M,<2,,True
556,Chatham-Kent,2024,541330,Engineering Services,secondary,8.385,>=$5M,10,4.3,False
556,Chatham-Kent,2024,541370,Surveying and Mapping (except Geophysical) Service,secondary,,<$5M,<2,,True
556,Chatham-Kent,2024,541511,Custom Computer Programming Services,secondary,,<$5M,<2,,True
556,Chatham-Kent,2024,ALL,All,all,16.432,>=$5M,16,4.3,False
556,Chatham-Kent,2024,PRIMARY,Primary,primary,,<$5M,<2,,True
556,Chatham-Kent,2024,SECONDARY,Secondary,secondary,14.235,>=$5M,15,3.8,False
556,Chatham-Kent,2025,331110,Iron and Steel Mills and Ferroalloy Manufacturing,secondary,5.156,>=$5M,3,2.7,False
556,Chatham-Kent,2025,333310,Commercial and Service Industry Machinery Manufact,primary,,<$5M,<2,,True
556,Chatham-Kent,2025,541330,Engineering Services,secondary,8.385,>=$5M,10,4.3,False
556,Chatham-Kent,2025,541370,Surveying and Mapping (except Geophysical) Service,secondary,,<$5M,<2,,True
556,Chatham-Kent,2025,541511,Custom Computer Programming Services,secondary,,<$5M,<2,,True
556,Chatham-Kent,2025,ALL,All,all,16.432,>=$5M,16,4.3,False
556,Chatham-Kent,2025,PRIMARY,Primary,primary,,<$5M,<2,,True
556,Chatham-Kent,2025,SECONDARY,Secondary,secondary,14.235,>=$5M,15,3.8,False
930,Chilliwack,2017,325920,Explosives Manufacturing,primary,,<$5M,<2,,True
930,Chilliwack,2017,331110,Iron & Steel Mills & Ferroalloy Manufacturing,secondary,,<$5M,<2,,True
930,Chilliwack,2017,334511,Search Detection & Navigation Instruments,primary,,>=$5M,<2,,True
930,Chilliwack,2017,336411,Aircraft Manufacturing,primary,19.36,>=$5M,2,16.0,False
930,Chilliwack,2017,541330,Engineering Services,secondary,25.768,>=$5M,12,9.4,False
930,Chilliwack,2017,541370,Surveying & Mapping (except Geophysical) Services,secondary,3.087,<$5M,7,3.0,False
930,Chilliwack,2017,ALL,All,all,60.255,>=$5M,24,8.2,False
930,Chilliwack,2017,PRIMARY,Primary,primary,29.508,>=$5M,4,15.0,False
930,Chilliwack,2017,SECONDARY,Secondary,secondary,30.747,>=$5M,20,6.8,False
930,Chilliwack,2018,325920,Explosives Manufacturing,primary,,<$5M,<2,,True
930,Chilliwack,2018,331110,Iron & Steel Mills & Ferroalloy Manufacturing,secondary,,<$5M,<2,,True
930,Chilliwack,2018,334511,Search Detection & Navigation Instruments,primary,,>=$5M,<2,,True
930,Chilliwack,2018,336411,Aircraft Manufacturing,primary,19.36,>=$5M,2,16.0,False
930,Chilliwack,2018,541330,Engineering Services,secondary,26.692,>=$5M,12,9.8,False
930,Chilliwack,2018,541370,Surveying & Mapping (except Geophysical) Services,secondary,3.087,<$5M,7,3.0,False
930,Chilliwack,2018,ALL,All,all,61.179,>=$5M,24,8.3,False
930,Chilliwack,2018,PRIMARY,Primary,primary,29.508,>=$5M,4,15.0,False
930,Chilliwack,2018,SECONDARY,Secondary,secondary,31.671,>=$5M,20,7.0,False
930,Chilliwack,2019,325920,Explosives Manufacturing,primary,,<$5M,<2,,True
930,Chilliwack,2019,331110,Iron & Steel Mills & Ferroalloy Manufacturing,secondary,,<$5M,<2,,True
930,Chilliwack,2019,334511,Search Detection & Navigation Instruments,primary,,>=$5M,<2,,True
930,Chilliwack,2019,336411,Aircraft Manufacturing,primary,19.36,>=$5M,2,16.0,False
930,Chilliwack,2019,541330,Engineering Services,secondary,28.078,>=$5M,14,8.8,False
930,Chilliwack,2019,541370,Surveying & Mapping (except Geophysical) Services,secondary,4.557,<$5M,9,3.4,False
930,Chilliwack,2019,ALL,All,all,64.035,>=$5M,28,7.7,False
930,Chilliwack,2019,PRIMARY,Primary,primary,29.508,>=$5M,4,15.0,False
930,Chilliwack,2019,SECONDARY,Secondary,secondary,34.527,>=$5M,24,6.5,False
930,Chilliwack,2020,325920,Explosives Manufacturing,primary,,<$5M,<2,,True
930,Chilliwack,2020,331110,Iron & Steel Mills & Ferroalloy Manufacturing,secondary,,<$5M,<2,,True
930,Chilliwack,2020,334511,Search Detection & Navigation Instruments,primary,,>=$5M,<2,,True
930,Chilliwack,2020,336411,Aircraft Manufacturing,primary,19.36,>=$5M,2,16.0,False
930,Chilliwack,2020,541330,Engineering Services,secondary,28.771,>=$5M,15,8.4,False
930,Chilliwack,2020,541370,Surveying & Mapping (except Geophysical) Services,secondary,4.704,<$5M,9,3.6,False
930,Chilliwack,2020,ALL,All,all,64.875,>=$5M,29,7.6,False
930,Chilliwack,2020,PRIMARY,Primary,primary,29.508,>=$5M,4,15.0,False
930,Chilliwack,2020,SECONDARY,Secondary,secondary,35.367,>=$5M,25,6.4,False
930,Chilliwack,2021,325920,Explosives Manufacturing,primary,,<$5M,<2,,True
930,Chilliwack,2021,331110,Iron and Steel Mills and Ferroalloy Manufacturing,secondary,,<$5M,<2,,True
930,Chilliwack,2021,334511,"Search, Detection, Navigation, Guidance, Aeronauti",primary,,>=$5M,<2,,True
930,Chilliwack,2021,336411,Aircraft Manufacturing,primary,19.36,>=$5M,2,16.0,False
930,Chilliwack,2021,541330,Engineering Services,secondary,19.531,>=$5M,12,7.2,False
930,Chilliwack,2021,541370,Surveying and Mapping (except Geophysical) Service,secondary,3.234,<$5M,7,3.1,False
930,Chilliwack,2021,ALL,All,all,54.165,>=$5M,24,7.1,False
930,Chilliwack,2021,PRIMARY,Primary,primary,29.508,>=$5M,4,15.0,False
930,Chilliwack,2021,SECONDARY,Secondary,secondary,24.657,>=$5M,20,5.5,False
930,Chilliwack,2022,325920,Explosives Manufacturing,primary,,<$5M,<2,,True
930,Chilliwack,2022,331110,Iron and Steel Mills and Ferroalloy Manufacturing,secondary,,<$5M,<2,,True
930,Chilliwack,2022,333310,Commercial and Service Industry Machinery Manufact,primary,2.664,<$5M,3,3.3,False
930,Chilliwack,2022,334511,"Search, Detection, Navigation, Guidance, Aeronauti",primary,,>=$5M,<2,,True
930,Chilliwack,2022,336411,Aircraft Manufacturing,primary,19.36,>=$5M,2,16.0,False
930,Chilliwack,2022,541330,Engineering Services,secondary,29.561,>=$5M,18,6.9,False
930,Chilliwack,2022,541370,Surveying and Mapping (except Geophysical) Service,secondary,4.704,<$5M,9,3.6,False
930,Chilliwack,2022,ALL,All,all,68.329,>=$5M,35,6.5,False
930,Chilliwack,2022,PRIMARY,Primary,primary,32.172,>=$5M,7,10.0,False
930,Chilliwack,2022,SECONDARY,Secondary,secondary,36.157,>=$5M,28,5.7,False
930,Chilliwack,2023,325920,Explosives Manufacturing,primary,,<$5M,<2,,True
930,Chilliwack,2023,331110,Iron and Steel Mills and Ferroalloy Manufacturing,secondary,,<$5M,<2,,True
930,Chilliwack,2023,333310,Commercial and Service Industry Machinery Manufact,primary,2.543,<$5M,3,3.3,False
930,Chilliwack,2023,334511,"Search, Detection, Navigation, Guidance, Aeronauti",primary,8.793,>=$5M,2,18.0,False
930,Chilliwack,2023,336411,Aircraft Manufacturing,primary,18.868,>=$5M,2,16.0,False
930,Chilliwack,2023,541330,Engineering Services,secondary,26.928,>=$5M,18,6.9,False
930,Chilliwack,2023,541370,Surveying and Mapping (except Geophysical) Service,secondary,4.559,<$5M,9,3.6,False
930,Chilliwack,2023,ALL,All,all,65.198,>=$5M,36,6.7,False
930,Chilliwack,2023,PRIMARY,Primary,primary,31.819,>=$5M,8,10.4,False
930,Chilliwack,2023,SECONDARY,Secondary,secondary,33.379,>=$5M,28,5.7,False
930,Chilliwack,2024,325920,Explosives Manufacturing,primary,,<$5M,<2,,True
930,Chilliwack,2024,331110,Iron and Steel Mills and Ferroalloy Manufacturing,secondary,,<$5M,<2,,True
930,Chilliwack,2024,333310,Commercial and Service Industry Machinery Manufact,primary,2.323,<$5M,4,3.5,False
930,Chilliwack,2024,334511,"Search, Detection, Navigation, Guidance, Aeronauti",primary,19.499,>=$5M,2,41.5,False
930,Chilliwack,2024,336411,Aircraft Manufacturing,primary,15.423,>=$5M,2,16.0,False
930,Chilliwack,2024,541330,Engineering Services,secondary,30.001,>=$5M,18,8.7,False
930,Chilliwack,2024,541370,Surveying and Mapping (except Geophysical) Service,secondary,3.351,<$5M,9,3.8,False
930,Chilliwack,2024,541511,Custom Computer Programming Services,secondary,5.238,>=$5M,3,12.3,False
930,Chilliwack,2024,ALL,All,all,78.025,>=$5M,40,9.1,False
930,Chilliwack,2024,PRIMARY,Primary,primary,38.3,>=$5M,9,14.9,False
930,Chilliwack,2024,SECONDARY,Secondary,secondary,39.725,>=$5M,31,7.4,False
930,Chilliwack,2025,325920,Explosives Manufacturing,primary,,<$5M,<2,,True
930,Chilliwack,2025,331110,Iron and Steel Mills and Ferroalloy Manufacturing,secondary,,<$5M,<2,,True
930,Chilliwack,2025,332994,"Small Arms, Ordnance, and Ordnance Accessories Man",primary,,>=$5M,<2,,True
930,Chilliwack,2025,333310,Commercial and Service Industry Machinery Manufact,primary,2.495,<$5M,4,3.8,False
930,Chilliwack,2025,334511,"Search, Detection, Navigation, Guidance, Aeronauti",primary,19.499,>=$5M,2,41.5,False
930,Chilliwack,2025,336411,Aircraft Manufacturing,primary,15.423,>=$5M,2,16.0,False
930,Chilliwack,2025,541330,Engineering Services,secondary,31.95,>=$5M,18,9.3,False
930,Chilliwack,2025,541370,Surveying and Mapping (except Geophysical) Service,secondary,3.45,<$5M,9,3.9,False
930,Chilliwack,2025,541511,Custom Computer Programming Services,secondary,5.986,>=$5M,4,10.0,False
930,Chilliwack,2025,ALL,All,all,87.719,>=$5M,42,10.1,False
930,Chilliwack,2025,PRIMARY,Primary,primary,45.198,>=$5M,10,18.1,False
930,Chilliwack,2025,SECONDARY,Secondary,secondary,42.521,>=$5M,32,7.6,False
527,Cobourg,2017,331110,Iron & Steel Mills & Ferroalloy Manufacturing,secondary,43.554,>=$5M,2,22.0,False
527,Cobourg,2017,541330,Engineering Services,secondary,2.079,<$5M,3,3.0,False
527,Cobourg,2017,541370,Surveying & Mapping (except Geophysical) Services,secondary,3.528,<$5M,3,8.0,False
527,Cobourg,2017,541511,Custom Computer Programming Services,secondary,,<$5M,<2,,True
527,Cobourg,2017,ALL,All,all,50.196,>=$5M,9,9.1,False
527,Cobourg,2017,SECONDARY,Secondary,secondary,50.196,>=$5M,9,9.1,False
527,Cobourg,2018,331110,Iron & Steel Mills & Ferroalloy Manufacturing,secondary,50.388,>=$5M,3,16.7,False
527,Cobourg,2018,541330,Engineering Services,secondary,2.079,<$5M,3,3.0,False
527,Cobourg,2018,541370,Surveying & Mapping (except Geophysical) Services,secondary,3.528,<$5M,3,8.0,False
527,Cobourg,2018,541511,Custom Computer Programming Services,secondary,,<$5M,<2,,True
527,Cobourg,2018,ALL,All,all,57.03,>=$5M,10,8.8,False
527,Cobourg,2018,SECONDARY,Secondary,secondary,57.03,>=$5M,10,8.8,False
527,Cobourg,2019,331110,Iron & Steel Mills & Ferroalloy Manufacturing,secondary,50.388,>=$5M,3,16.7,False
527,Cobourg,2019,541330,Engineering Services,secondary,2.772,<$5M,4,3.0,False
527,Cobourg,2019,541370,Surveying & Mapping (except Geophysical) Services,secondary,1.47,<$5M,2,5.0,False
527,Cobourg,2019,541511,Custom Computer Programming Services,secondary,,<$5M,<2,,True
527,Cobourg,2019,ALL,All,all,55.665,>=$5M,10,7.7,False
527,Cobourg,2019,SECONDARY,Secondary,secondary,55.665,>=$5M,10,7.7,False
527,Cobourg,2020,331110,Iron & Steel Mills & Ferroalloy Manufacturing,secondary,50.388,>=$5M,3,16.7,False
527,Cobourg,2020,541330,Engineering Services,secondary,3.234,<$5M,5,2.4,False
527,Cobourg,2020,541370,Surveying & Mapping (except Geophysical) Services,secondary,1.47,<$5M,2,5.0,False
527,Cobourg,2020,541511,Custom Computer Programming Services,secondary,,<$5M,<2,,True
527,Cobourg,2020,ALL,All,all,56.127,>=$5M,11,7.0,False
527,Cobourg,2020,SECONDARY,Secondary,secondary,56.127,>=$5M,11,7.0,False
527,Cobourg,2021,331110,Iron and Steel Mills and Ferroalloy Manufacturing,secondary,50.388,>=$5M,3,16.7,False
527,Cobourg,2021,541330,Engineering Services,secondary,3.234,<$5M,5,2.4,False
527,Cobourg,2021,541370,Surveying and Mapping (except Geophysical) Service,secondary,1.47,<$5M,2,5.0,False
527,Cobourg,2021,541511,Custom Computer Programming Services,secondary,,<$5M,<2,,True
527,Cobourg,2021,ALL,All,all,56.127,>=$5M,11,7.0,False
527,Cobourg,2021,SECONDARY,Secondary,secondary,56.127,>=$5M,11,7.0,False
527,Cobourg,2022,331110,Iron and Steel Mills and Ferroalloy Manufacturing,secondary,50.388,>=$5M,3,16.7,False
527,Cobourg,2022,333310,Commercial and Service Industry Machinery Manufact,primary,,<$5M,<2,,True
527,Cobourg,2022,541330,Engineering Services,secondary,3.234,<$5M,5,2.4,False
527,Cobourg,2022,541370,Surveying and Mapping (except Geophysical) Service,secondary,1.47,<$5M,2,5.0,False
527,Cobourg,2022,541511,Custom Computer Programming Services,secondary,,<$5M,<2,,True
527,Cobourg,2022,ALL,All,all,58.449,>=$5M,12,6.9,False
527,Cobourg,2022,PRIMARY,Primary,primary,,<$5M,<2,,True
527,Cobourg,2022,SECONDARY,Secondary,secondary,56.127,>=$5M,11,7.0,False
527,Cobourg,2023,331110,Iron and Steel Mills and Ferroalloy Manufacturing,secondary,50.388,>=$5M,3,16.7,False
527,Cobourg,2023,333310,Commercial and Service Industry Machinery Manufact,primary,,<$5M,<2,,True
527,Cobourg,2023,541330,Engineering Services,secondary,3.126,<$5M,5,2.4,False
527,Cobourg,2023,541370,Surveying and Mapping (except Geophysical) Service,secondary,1.47,<$5M,2,5.0,False
527,Cobourg,2023,541511,Custom Computer Programming Services,secondary,,<$5M,<2,,True
527,Cobourg,2023,ALL,All,all,58.341,>=$5M,12,6.9,False
527,Cobourg,2023,PRIMARY,Primary,primary,,<$5M,<2,,True
527,Cobourg,2023,SECONDARY,Secondary,secondary,56.019,>=$5M,11,7.0,False
527,Cobourg,2024,331110,Iron and Steel Mills and Ferroalloy Manufacturing,secondary,10.309,>=$5M,2,8.0,False
527,Cobourg,2024,333310,Commercial and Service Industry Machinery Manufact,primary,,<$5M,<2,,True
527,Cobourg,2024,541330,Engineering Services,secondary,2.925,<$5M,5,3.0,False
527,Cobourg,2024,541370,Surveying and Mapping (except Geophysical) Service,secondary,,<$5M,<2,,True
527,Cobourg,2024,541511,Custom Computer Programming Services,secondary,,<$5M,<2,,True
527,Cobourg,2024,ALL,All,all,15.45,>=$5M,10,4.7,False
527,Cobourg,2024,PRIMARY,Primary,primary,,<$5M,<2,,True
527,Cobourg,2024,SECONDARY,Secondary,secondary,14.322,>=$5M,9,4.6,False
527,Cobourg,2025,331110,Iron and Steel Mills and Ferroalloy Manufacturing,secondary,10.309,>=$5M,2,8.0,False
527,Cobourg,2025,333310,Commercial and Service Industry Machinery Manufact,primary,,<$5M,<2,,True
527,Cobourg,2025,541330,Engineering Services,secondary,2.925,<$5M,5,3.0,False
527,Cobourg,2025,541370,Surveying and Mapping (except Geophysical) Service,secondary,,<$5M,<2,,True
527,Cobourg,2025,541511,Custom Computer Programming Services,secondary,,<$5M,<2,,True
527,Cobourg,2025,ALL,All,all,15.45,>=$5M,10,4.7,False
527,Cobourg,2025,PRIMARY,Primary,primary,,<$5M,<2,,True
527,Cobourg,2025,SECONDARY,Secondary,secondary,14.322,>=$5M,9,4.6,False
567,Collingwood,2017,336611,Ship Building & Repairing,secondary,,<$5M,<2,,True
567,Collingwood,2017,541330,Engineering Services,secondary,43.89,>=$5M,9,21.1,False
567,Collingwood,2017,541370,Surveying & Mapping (except Geophysical) Services,secondary,,<$5M,<2,,True
567,Collingwood,2017,ALL,All,all,48.165,>=$5M,11,19.5,False
567,Collingwood,2017,SECONDARY,Secondary,secondary,48.165,>=$5M,11,19.5,False
567,Collingwood,2018,336611,Ship Building & Repairing,secondary,,<$5M,<2,,True
567,Collingwood,2018,541330,Engineering Services,secondary,43.89,>=$5M,9,21.1,False
567,Collingwood,2018,541370,Surveying & Mapping (except Geophysical) Services,secondary,,<$5M,<2,,True
567,Collingwood,2018,ALL,All,all,48.165,>=$5M,11,19.5,False
567,Collingwood,2018,SECONDARY,Secondary,secondary,48.165,>=$5M,11,19.5,False
567,Collingwood,2019,336611,Ship Building & Repairing,secondary,,<$5M,<2,,True
567,Collingwood,2019,541330,Engineering Services,secondary,45.969,>=$5M,10,19.9,False
567,Collingwood,2019,541370,Surveying & Mapping (except Geophysical) Services,secondary,,<$5M,<2,,True
567,Collingwood,2019,ALL,All,all,50.244,>=$5M,12,18.7,False
567,Collingwood,2019,SECONDARY,Secondary,secondary,50.244,>=$5M,12,18.7,False
567,Collingwood,2020,336611,Ship Building & Repairing,secondary,,<$5M,<2,,True
567,Collingwood,2020,541330,Engineering Services,secondary,45.045,>=$5M,10,19.5,False
567,Collingwood,2020,541370,Surveying & Mapping (except Geophysical) Services,secondary,,<$5M,<2,,True
567,Collingwood,2020,ALL,All,all,49.32,>=$5M,12,18.3,False
567,Collingwood,2020,SECONDARY,Secondary,secondary,49.32,>=$5M,12,18.3,False
567,Collingwood,2021,336611,Ship Building and Repairing,secondary,,<$5M,<2,,True
567,Collingwood,2021,541330,Engineering Services,secondary,45.045,>=$5M,10,19.5,False
567,Collingwood,2021,541370,Surveying and Mapping (except Geophysical) Service,secondary,,<$5M,<2,,True
567,Collingwood,2021,ALL,All,all,49.32,>=$5M,12,18.3,False
567,Collingwood,2021,SECONDARY,Secondary,secondary,49.32,>=$5M,12,18.3,False
567,Collingwood,2022,333310,Commercial and Service Industry Machinery Manufact,primary,,<$5M,<2,,True
567,Collingwood,2022,336611,Ship Building and Repairing,secondary,,<$5M,<2,,True
567,Collingwood,2022,541330,Engineering Services,secondary,45.045,>=$5M,10,19.5,False
567,Collingwood,2022,541370,Surveying and Mapping (except Geophysical) Service,secondary,,<$5M,<2,,True
567,Collingwood,2022,ALL,All,all,49.936,>=$5M,13,17.1,False
567,Collingwood,2022,PRIMARY,Primary,primary,,<$5M,<2,,True
567,Collingwood,2022,SECONDARY,Secondary,secondary,49.32,>=$5M,12,18.3,False
567,Collingwood,2023,333310,Commercial and Service Industry Machinery Manufact,primary,,<$5M,<2,,True
567,Collingwood,2023,334511,"Search, Detection, Navigation, Guidance, Aeronauti",primary,,>=$5M,<2,,True
567,Collingwood,2023,336611,Ship Building and Repairing,secondary,,<$5M,<2,,True
567,Collingwood,2023,541330,Engineering Services,secondary,41.27,>=$5M,9,20.7,False
567,Collingwood,2023,541370,Surveying and Mapping (except Geophysical) Service,secondary,,<$5M,<2,,True
567,Collingwood,2023,ALL,All,all,97.329,>=$5M,13,19.5,False
567,Collingwood,2023,PRIMARY,Primary,primary,51.784,>=$5M,2,21.0,False
567,Collingwood,2023,SECONDARY,Secondary,secondary,45.545,>=$5M,11,19.2,False
567,Collingwood,2024,333310,Commercial and Service Industry Machinery Manufact,primary,,<$5M,<2,,True
567,Collingwood,2024,334511,"Search, Detection, Navigation, Guidance, Aeronauti",primary,,>=$5M,<2,,True
567,Collingwood,2024,336611,Ship Building and Repairing,secondary,,>=$5M,<2,,True
567,Collingwood,2024,541330,Engineering Services,secondary,40.935,>=$5M,9,23.3,False
567,Collingwood,2024,541370,Surveying and Mapping (except Geophysical) Service,secondary,,<$5M,<2,,True
567,Collingwood,2024,ALL,All,all,64.868,>=$5M,13,24.2,False
567,Collingwood,2024,PRIMARY,Primary,primary,9.741,>=$5M,2,21.0,False
567,Collingwood,2024,SECONDARY,Secondary,secondary,55.127,>=$5M,11,24.7,False
567,Collingwood,2025,333310,Commercial and Service Industry Machinery Manufact,primary,,<$5M,<2,,True
567,Collingwood,2025,334511,"Search, Detection, Navigation, Guidance, Aeronauti",primary,,>=$5M,<2,,True
567,Collingwood,2025,336611,Ship Building and Repairing,secondary,,>=$5M,<2,,True
567,Collingwood,2025,336612,Boat Building,secondary,,>=$5M,<2,,True
567,Collingwood,2025,541330,Engineering Services,secondary,41.13,>=$5M,9,23.4,False
567,Collingwood,2025,541370,Surveying and Mapping (except Geophysical) Service,secondary,,<$5M,<2,,True
567,Collingwood,2025,ALL,All,all,69.846,>=$5M,14,24.9,False
567,Collingwood,2025,PRIMARY,Primary,primary,9.741,>=$5M,2,21.0,False
567,Collingwood,2025,SECONDARY,Secondary,secondary,60.105,>=$5M,12,25.6,False
015,Corner Brook,2017,541330,Engineering Services,secondary,10.164,>=$5M,7,6.3,False
015,Corner Brook,2017,541370,Surveying & Mapping (except Geophysical) Services,secondary,2.499,<$5M,2,8.5,False
015,Corner Brook,2017,541511,Custom Computer Programming Services,secondary,,<$5M,<2,,True
015,Corner Brook,2017,ALL,All,all,13.698,>=$5M,10,6.6,False
015,Corner Brook,2017,SECONDARY,Secondary,secondary,13.698,>=$5M,10,6.6,False
015,Corner Brook,2018,541330,Engineering Services,secondary,12.243,>=$5M,8,6.6,False
015,Corner Brook,2018,541370,Surveying & Mapping (except Geophysical) Services,secondary,2.499,<$5M,2,8.5,False
015,Corner Brook,2018,541511,Custom Computer Programming Services,secondary,,<$5M,<2,,True
015,Corner Brook,2018,ALL,All,all,15.777,>=$5M,11,6.8,False
015,Corner Brook,2018,SECONDARY,Secondary,secondary,15.777,>=$5M,11,6.8,False
015,Corner Brook,2019,325920,Explosives Manufacturing,primary,,<$5M,<2,,True
015,Corner Brook,2019,541330,Engineering Services,secondary,11.781,>=$5M,9,5.7,False
015,Corner Brook,2019,541370,Surveying & Mapping (except Geophysical) Services,secondary,2.499,<$5M,2,8.5,False
015,Corner Brook,2019,541511,Custom Computer Programming Services,secondary,,<$5M,<2,,True
015,Corner Brook,2019,ALL,All,all,18.545,>=$5M,13,6.4,False
015,Corner Brook,2019,PRIMARY,Primary,primary,,<$5M,<2,,True
015,Corner Brook,2019,SECONDARY,Secondary,secondary,15.315,>=$5M,12,6.1,False
015,Corner Brook,2020,541330,Engineering Services,secondary,11.781,>=$5M,9,5.7,False
015,Corner Brook,2020,541370,Surveying & Mapping (except Geophysical) Services,secondary,2.499,<$5M,2,8.5,False
015,Corner Brook,2020,541511,Custom Computer Programming Services,secondary,1.449,<$5M,2,3.5,False
015,Corner Brook,2020,ALL,All,all,15.729,>=$5M,13,5.8,False
015,Corner Brook,2020,SECONDARY,Secondary,secondary,15.729,>=$5M,13,5.8,False
015,Corner Brook,2021,541330,Engineering Services,secondary,8.778,>=$5M,7,5.4,False
015,Corner Brook,2021,541370,Surveying and Mapping (except Geophysical) Service,secondary,2.499,<$5M,2,8.5,False
015,Corner Brook,2021,541511,Custom Computer Programming Services,secondary,,<$5M,<2,,True
015,Corner Brook,2021,ALL,All,all,12.312,>=$5M,10,6.0,False
015,Corner Brook,2021,SECONDARY,Secondary,secondary,12.312,>=$5M,10,6.0,False
015,Corner Brook,2022,333310,Commercial and Service Industry Machinery Manufact,primary,,<$5M,<2,,True
015,Corner Brook,2022,541330,Engineering Services,secondary,10.164,>=$5M,9,4.2,False
015,Corner Brook,2022,541370,Surveying and Mapping (except Geophysical) Service,secondary,2.499,<$5M,2,8.5,False
015,Corner Brook,2022,541511,Custom Computer Programming Services,secondary,,<$5M,<2,,True
015,Corner Brook,2022,ALL,All,all,14.085,>=$5M,13,4.7,False
015,Corner Brook,2022,PRIMARY,Primary,primary,,<$5M,<2,,True
015,Corner Brook,2022,SECONDARY,Secondary,secondary,13.698,>=$5M,12,5.0,False
015,Corner Brook,2023,333310,Commercial and Service Industry Machinery Manufact,primary,,<$5M,<2,,True
015,Corner Brook,2023,541330,Engineering Services,secondary,9.876,>=$5M,9,4.2,False
015,Corner Brook,2023,541370,Surveying and Mapping (except Geophysical) Service,secondary,1.771,<$5M,2,8.5,False
015,Corner Brook,2023,541511,Custom Computer Programming Services,secondary,,<$5M,<2,,True
015,Corner Brook,2023,ALL,All,all,13.069,>=$5M,13,4.7,False
015,Corner Brook,2023,PRIMARY,Primary,primary,,<$5M,<2,,True
015,Corner Brook,2023,SECONDARY,Secondary,secondary,12.682,>=$5M,12,5.0,False
015,Corner Brook,2024,541330,Engineering Services,secondary,35.282,>=$5M,12,15.1,False
015,Corner Brook,2024,541370,Surveying and Mapping (except Geophysical) Service,secondary,2.068,<$5M,4,5.2,False
015,Corner Brook,2024,541511,Custom Computer Programming Services,secondary,,<$5M,<2,,True
015,Corner Brook,2024,ALL,All,all,37.65,>=$5M,17,12.0,False
015,Corner Brook,2024,SECONDARY,Secondary,secondary,37.65,>=$5M,17,12.0,False
015,Corner Brook,2025,541330,Engineering Services,secondary,35.282,>=$5M,12,15.1,False
015,Corner Brook,2025,541370,Surveying and Mapping (except Geophysical) Service,secondary,2.068,<$5M,4,5.2,False
015,Corner Brook,2025,541511,Custom Computer Programming Services,secondary,,<$5M,<2,,True
015,Corner Brook,2025,ALL,All,all,37.65,>=$5M,17,12.0,False
015,Corner Brook,2025,SECONDARY,Secondary,secondary,37.65,>=$5M,17,12.0,False
501,Cornwall,2017,541330,Engineering Services,secondary,12.705,>=$5M,6,9.2,False
501,Cornwall,2017,541370,Surveying & Mapping (except Geophysical) Services,secondary,1.911,<$5M,3,4.3,False
501,Cornwall,2017,541511,Custom Computer Programming Services,secondary,,<$5M,<2,,True
501,Cornwall,2017,ALL,All,all,15.651,>=$5M,10,7.3,False
501,Cornwall,2017,SECONDARY,Secondary,secondary,15.651,>=$5M,10,7.3,False
501,Cornwall,2018,541330,Engineering Services,secondary,16.17,>=$5M,8,8.8,False
501,Cornwall,2018,541370,Surveying & Mapping (except Geophysical) Services,secondary,0.735,<$5M,2,2.5,False
501,Cornwall,2018,541511,Custom Computer Programming Services,secondary,,<$5M,<2,,True
501,Cornwall,2018,ALL,All,all,17.94,>=$5M,11,7.3,False
501,Cornwall,2018,SECONDARY,Secondary,secondary,17.94,>=$5M,11,7.3,False
501,Cornwall,2019,541330,Engineering Services,secondary,32.571,>=$5M,11,12.8,False
501,Cornwall,2019,541370,Surveying & Mapping (except Geophysical) Services,secondary,1.617,<$5M,3,3.7,False
501,Cornwall,2019,541511,Custom Computer Programming Services,secondary,,<$5M,<2,,True
501,Cornwall,2019,ALL,All,all,35.223,>=$5M,15,10.5,False
501,Cornwall,2019,SECONDARY,Secondary,secondary,35.223,>=$5M,15,10.5,False
501,Cornwall,2020,541330,Engineering Services,secondary,18.711,>=$5M,10,8.1,False
501,Cornwall,2020,541370,Surveying & Mapping (except Geophysical) Services,secondary,1.617,<$5M,3,3.7,False
501,Cornwall,2020,541511,Custom Computer Programming Services,secondary,,<$5M,<2,,True
501,Cornwall,2020,ALL,All,all,21.363,>=$5M,14,6.9,False
501,Cornwall,2020,SECONDARY,Secondary,secondary,21.363,>=$5M,14,6.9,False
501,Cornwall,2021,541330,Engineering Services,secondary,18.711,>=$5M,10,7.9,False
501,Cornwall,2021,541370,Surveying and Mapping (except Geophysical) Service,secondary,1.617,<$5M,3,3.7,False
501,Cornwall,2021,541511,Custom Computer Programming Services,secondary,,<$5M,<2,,True
501,Cornwall,2021,ALL,All,all,21.363,>=$5M,14,6.8,False
501,Cornwall,2021,SECONDARY,Secondary,secondary,21.363,>=$5M,14,6.8,False
501,Cornwall,2022,333310,Commercial and Service Industry Machinery Manufact,primary,,>=$5M,<2,,True
501,Cornwall,2022,541330,Engineering Services,secondary,18.711,>=$5M,10,7.9,False
501,Cornwall,2022,541370,Surveying and Mapping (except Geophysical) Service,secondary,1.176,<$5M,2,4.0,False
501,Cornwall,2022,541511,Custom Computer Programming Services,secondary,,<$5M,<2,,True
501,Cornwall,2022,ALL,All,all,51.722,>=$5M,14,13.7,False
501,Cornwall,2022,PRIMARY,Primary,primary,,>=$5M,<2,,True
501,Cornwall,2022,SECONDARY,Secondary,secondary,20.922,>=$5M,13,7.1,False
501,Cornwall,2023,333310,Commercial and Service Industry Machinery Manufact,primary,,>=$5M,<2,,True
501,Cornwall,2023,541330,Engineering Services,secondary,18.711,>=$5M,10,7.9,False
501,Cornwall,2023,541370,Surveying and Mapping (except Geophysical) Service,secondary,1.52,<$5M,3,3.7,False
501,Cornwall,2023,541511,Custom Computer Programming Services,secondary,,<$5M,<2,,True
501,Cornwall,2023,ALL,All,all,52.066,>=$5M,15,13.0,False
501,Cornwall,2023,PRIMARY,Primary,primary,,>=$5M,<2,,True
501,Cornwall,2023,SECONDARY,Secondary,secondary,21.266,>=$5M,14,6.8,False
501,Cornwall,2024,333310,Commercial and Service Industry Machinery Manufact,primary,17.885,>=$5M,2,52.0,False
501,Cornwall,2024,541330,Engineering Services,secondary,18.909,>=$5M,8,12.1,False
501,Cornwall,2024,541370,Surveying and Mapping (except Geophysical) Service,secondary,0.69,<$5M,3,2.3,False
501,Cornwall,2024,541511,Custom Computer Programming Services,secondary,,<$5M,<2,,True
501,Cornwall,2024,ALL,All,all,37.784,>=$5M,14,15.0,False
501,Cornwall,2024,PRIMARY,Primary,primary,17.885,>=$5M,2,52.0,False
501,Cornwall,2024,SECONDARY,Secondary,secondary,19.899,>=$5M,12,8.8,False
501,Cornwall,2025,333310,Commercial and Service Industry Machinery Manufact,primary,17.885,>=$5M,2,52.0,False
501,Cornwall,2025,541330,Engineering Services,secondary,19.299,>=$5M,8,12.4,False
501,Cornwall,2025,541370,Surveying and Mapping (except Geophysical) Service,secondary,0.789,<$5M,3,2.7,False
501,Cornwall,2025,541511,Custom Computer Programming Services,secondary,,<$5M,<2,,True
501,Cornwall,2025,ALL,All,all,38.273,>=$5M,14,15.2,False
501,Cornwall,2025,PRIMARY,Primary,primary,17.885,>=$5M,2,52.0,False
501,Cornwall,2025,SECONDARY,Secondary,secondary,20.388,>=$5M,12,9.1,False
943,Courtenay,2017,336612,Boat Building,secondary,,<$5M,<2,,True
943,Courtenay,2017,541330,Engineering Services,secondary,13.86,>=$5M,20,3.0,False
943,Courtenay,2017,541370,Surveying & Mapping (except Geophysical) Services,secondary,6.762,>=$5M,9,5.1,False
943,Courtenay,2017,541511,Custom Computer Programming Services,secondary,2.898,<$5M,5,2.8,False
943,Courtenay,2017,ALL,All,all,23.718,>=$5M,35,3.5,False
943,Courtenay,2017,SECONDARY,Secondary,secondary,23.718,>=$5M,35,3.5,False
943,Courtenay,2018,336612,Boat Building,secondary,,<$5M,<2,,True
943,Courtenay,2018,541330,Engineering Services,secondary,14.322,>=$5M,21,3.0,False
943,Courtenay,2018,541370,Surveying & Mapping (except Geophysical) Services,secondary,6.762,>=$5M,9,5.1,False
943,Courtenay,2018,541511,Custom Computer Programming Services,secondary,2.898,<$5M,5,2.8,False
943,Courtenay,2018,ALL,All,all,24.18,>=$5M,36,3.4,False
943,Courtenay,2018,SECONDARY,Secondary,secondary,24.18,>=$5M,36,3.4,False
943,Courtenay,2019,336612,Boat Building,secondary,,<$5M,<2,,True
943,Courtenay,2019,541330,Engineering Services,secondary,15.246,>=$5M,23,2.9,False
943,Courtenay,2019,541370,Surveying & Mapping (except Geophysical) Services,secondary,5.88,>=$5M,8,5.0,False
943,Courtenay,2019,541511,Custom Computer Programming Services,secondary,2.898,<$5M,5,2.8,False
943,Courtenay,2019,ALL,All,all,24.222,>=$5M,37,3.3,False
943,Courtenay,2019,SECONDARY,Secondary,secondary,24.222,>=$5M,37,3.3,False
943,Courtenay,2020,336612,Boat Building,secondary,,<$5M,<2,,True
943,Courtenay,2020,541330,Engineering Services,secondary,19.635,>=$5M,25,3.4,False
943,Courtenay,2020,541370,Surveying & Mapping (except Geophysical) Services,secondary,5.88,>=$5M,8,5.0,False
943,Courtenay,2020,541511,Custom Computer Programming Services,secondary,2.898,<$5M,5,2.8,False
943,Courtenay,2020,ALL,All,all,28.611,>=$5M,39,3.6,False
943,Courtenay,2020,SECONDARY,Secondary,secondary,28.611,>=$5M,39,3.6,False
943,Courtenay,2021,336612,Boat Building,secondary,,<$5M,<2,,True
943,Courtenay,2021,541330,Engineering Services,secondary,19.635,>=$5M,25,3.4,False
943,Courtenay,2021,541370,Surveying and Mapping (except Geophysical) Service,secondary,5.88,>=$5M,8,5.0,False
943,Courtenay,2021,541511,Custom Computer Programming Services,secondary,2.898,<$5M,5,2.8,False
943,Courtenay,2021,ALL,All,all,28.611,>=$5M,39,3.6,False
943,Courtenay,2021,SECONDARY,Secondary,secondary,28.611,>=$5M,39,3.6,False
943,Courtenay,2022,333310,Commercial and Service Industry Machinery Manufact,primary,,<$5M,<2,,True
943,Courtenay,2022,336612,Boat Building,secondary,,<$5M,<2,,True
943,Courtenay,2022,541330,Engineering Services,secondary,16.863,>=$5M,24,3.2,False
943,Courtenay,2022,541370,Surveying and Mapping (except Geophysical) Service,secondary,5.88,>=$5M,8,5.0,False
943,Courtenay,2022,541511,Custom Computer Programming Services,secondary,3.726,<$5M,6,2.3,False
943,Courtenay,2022,ALL,All,all,27.591,>=$5M,40,3.4,False
943,Courtenay,2022,PRIMARY,Primary,primary,,<$5M,<2,,True
943,Courtenay,2022,SECONDARY,Secondary,secondary,26.667,>=$5M,39,3.4,False
943,Courtenay,2023,333310,Commercial and Service Industry Machinery Manufact,primary,,<$5M,<2,,True
943,Courtenay,2023,336612,Boat Building,secondary,,<$5M,<2,,True
943,Courtenay,2023,541330,Engineering Services,secondary,16.38,>=$5M,23,3.2,False
943,Courtenay,2023,541370,Surveying and Mapping (except Geophysical) Service,secondary,5.783,>=$5M,8,5.0,False
943,Courtenay,2023,541511,Custom Computer Programming Services,secondary,3.669,<$5M,6,2.3,False
943,Courtenay,2023,ALL,All,all,26.954,>=$5M,39,3.4,False
943,Courtenay,2023,PRIMARY,Primary,primary,,<$5M,<2,,True
943,Courtenay,2023,SECONDARY,Secondary,secondary,26.03,>=$5M,38,3.4,False
943,Courtenay,2024,333310,Commercial and Service Industry Machinery Manufact,primary,,<$5M,<2,,True
943,Courtenay,2024,336612,Boat Building,secondary,,<$5M,<2,,True
943,Courtenay,2024,541330,Engineering Services,secondary,21.836,>=$5M,21,6.0,False
943,Courtenay,2024,541370,Surveying and Mapping (except Geophysical) Service,secondary,3.547,<$5M,9,4.0,False
943,Courtenay,2024,541511,Custom Computer Programming Services,secondary,2.247,<$5M,6,2.5,False
943,Courtenay,2024,ALL,All,all,28.291,>=$5M,38,4.8,False
943,Courtenay,2024,PRIMARY,Primary,primary,,<$5M,<2,,True
943,Courtenay,2024,SECONDARY,Secondary,secondary,27.775,>=$5M,37,4.8,False
943,Courtenay,2025,333310,Commercial and Service Industry Machinery Manufact,primary,,<$5M,<2,,True
943,Courtenay,2025,336612,Boat Building,secondary,,<$5M,<2,,True
943,Courtenay,2025,541330,Engineering Services,secondary,22.421,>=$5M,21,5.7,False
943,Courtenay,2025,541370,Surveying and Mapping (except Geophysical) Service,secondary,3.547,<$5M,9,4.0,False
943,Courtenay,2025,541511,Custom Computer Programming Services,secondary,2.547,<$5M,7,2.4,False
943,Courtenay,2025,ALL,All,all,29.176,>=$5M,39,4.5,False
943,Courtenay,2025,PRIMARY,Primary,primary,,<$5M,<2,,True
943,Courtenay,2025,SECONDARY,Secondary,secondary,28.66,>=$5M,38,4.6,False
437,Cowansville,2017,541370,Surveying & Mapping (except Geophysical) Services,secondary,8.379,>=$5M,6,9.5,False
437,Cowansville,2017,ALL,All,all,8.379,>=$5M,6,9.5,False
437,Cowansville,2017,SECONDARY,Secondary,secondary,8.379,>=$5M,6,9.5,False
437,Cowansville,2018,541370,Surveying & Mapping (except Geophysical) Services,secondary,10.143,>=$5M,6,11.5,False
437,Cowansville,2018,ALL,All,all,10.143,>=$5M,6,11.5,False
437,Cowansville,2018,SECONDARY,Secondary,secondary,10.143,>=$5M,6,11.5,False
437,Cowansville,2019,541370,Surveying & Mapping (except Geophysical) Services,secondary,10.143,>=$5M,6,11.5,False
437,Cowansville,2019,ALL,All,all,10.143,>=$5M,6,11.5,False
437,Cowansville,2019,SECONDARY,Secondary,secondary,10.143,>=$5M,6,11.5,False
437,Cowansville,2020,541370,Surveying & Mapping (except Geophysical) Services,secondary,10.143,>=$5M,6,11.5,False
437,Cowansville,2020,ALL,All,all,10.143,>=$5M,6,11.5,False
437,Cowansville,2020,SECONDARY,Secondary,secondary,10.143,>=$5M,6,11.5,False
437,Cowansville,2021,541370,Surveying and Mapping (except Geophysical) Service,secondary,10.143,>=$5M,6,11.5,False
437,Cowansville,2021,ALL,All,all,10.143,>=$5M,6,11.5,False
437,Cowansville,2021,SECONDARY,Secondary,secondary,10.143,>=$5M,6,11.5,False
437,Cowansville,2022,333310,Commercial and Service Industry Machinery Manufact,primary,6.74,>=$5M,4,4.8,False
437,Cowansville,2022,541370,Surveying and Mapping (except Geophysical) Service,secondary,10.143,>=$5M,6,11.5,False
437,Cowansville,2022,ALL,All,all,16.883,>=$5M,10,8.8,False
437,Cowansville,2022,PRIMARY,Primary,primary,6.74,>=$5M,4,4.8,False
437,Cowansville,2022,SECONDARY,Secondary,secondary,10.143,>=$5M,6,11.5,False
437,Cowansville,2023,333310,Commercial and Service Industry Machinery Manufact,primary,5.2,>=$5M,3,6.0,False
437,Cowansville,2023,541370,Surveying and Mapping (except Geophysical) Service,secondary,10.143,>=$5M,6,11.5,False
437,Cowansville,2023,ALL,All,all,15.343,>=$5M,9,9.7,False
437,Cowansville,2023,PRIMARY,Primary,primary,5.2,>=$5M,3,6.0,False
437,Cowansville,2023,SECONDARY,Secondary,secondary,10.143,>=$5M,6,11.5,False
437,Cowansville,2024,333310,Commercial and Service Industry Machinery Manufact,primary,3.538,<$5M,2,8.0,False
437,Cowansville,2024,541370,Surveying and Mapping (except Geophysical) Service,secondary,6.107,>=$5M,6,10.3,False
437,Cowansville,2024,ALL,All,all,9.645,>=$5M,8,9.8,False
437,Cowansville,2024,PRIMARY,Primary,primary,3.538,<$5M,2,8.0,False
437,Cowansville,2024,SECONDARY,Secondary,secondary,6.107,>=$5M,6,10.3,False
437,Cowansville,2025,333310,Commercial and Service Industry Machinery Manufact,primary,3.538,<$5M,2,8.0,False
437,Cowansville,2025,541370,Surveying and Mapping (except Geophysical) Service,secondary,6.206,>=$5M,6,10.5,False
437,Cowansville,2025,ALL,All,all,9.744,>=$5M,8,9.9,False
437,Cowansville,2025,PRIMARY,Primary,primary,3.538,<$5M,2,8.0,False
437,Cowansville,2025,SECONDARY,Secondary,secondary,6.206,>=$5M,6,10.5,False
905,Cranbrook,2017,541330,Engineering Services,secondary,7.623,>=$5M,8,4.1,False
905,Cranbrook,2017,541370,Surveying & Mapping (except Geophysical) Services,secondary,1.764,<$5M,3,4.0,False
905,Cranbrook,2017,ALL,All,all,9.387,>=$5M,11,4.1,False
905,Cranbrook,2017,SECONDARY,Secondary,secondary,9.387,>=$5M,11,4.1,False
905,Cranbrook,2018,541330,Engineering Services,secondary,9.009,>=$5M,8,4.9,False
905,Cranbrook,2018,541370,Surveying & Mapping (except Geophysical) Services,secondary,1.764,<$5M,3,4.0,False
905,Cranbrook,2018,ALL,All,all,10.773,>=$5M,11,4.6,False
905,Cranbrook,2018,SECONDARY,Secondary,secondary,10.773,>=$5M,11,4.6,False
905,Cranbrook,2019,541330,Engineering Services,secondary,10.857,>=$5M,10,4.7,False
905,Cranbrook,2019,541370,Surveying & Mapping (except Geophysical) Services,secondary,2.205,<$5M,3,5.0,False
905,Cranbrook,2019,ALL,All,all,13.062,>=$5M,13,4.8,False
905,Cranbrook,2019,SECONDARY,Secondary,secondary,13.062,>=$5M,13,4.8,False
905,Cranbrook,2020,541330,Engineering Services,secondary,10.857,>=$5M,10,4.7,False
905,Cranbrook,2020,541370,Surveying & Mapping (except Geophysical) Services,secondary,2.205,<$5M,3,5.0,False
905,Cranbrook,2020,541511,Custom Computer Programming Services,secondary,,<$5M,<2,,True
905,Cranbrook,2020,ALL,All,all,13.269,>=$5M,14,4.5,False
905,Cranbrook,2020,SECONDARY,Secondary,secondary,13.269,>=$5M,14,4.5,False
905,Cranbrook,2021,541330,Engineering Services,secondary,10.857,>=$5M,10,4.7,False
905,Cranbrook,2021,541370,Surveying and Mapping (except Geophysical) Service,secondary,2.205,<$5M,3,5.0,False
905,Cranbrook,2021,541511,Custom Computer Programming Services,secondary,,<$5M,<2,,True
905,Cranbrook,2021,ALL,All,all,13.269,>=$5M,14,4.5,False
905,Cranbrook,2021,SECONDARY,Secondary,secondary,13.269,>=$5M,14,4.5,False
905,Cranbrook,2022,333310,Commercial and Service Industry Machinery Manufact,primary,3.783,<$5M,2,5.5,False
905,Cranbrook,2022,541330,Engineering Services,secondary,10.857,>=$5M,10,5.1,False
905,Cranbrook,2022,541370,Surveying and Mapping (except Geophysical) Service,secondary,2.205,<$5M,3,5.0,False
905,Cranbrook,2022,541511,Custom Computer Programming Services,secondary,,<$5M,<2,,True
905,Cranbrook,2022,ALL,All,all,17.052,>=$5M,16,4.9,False
905,Cranbrook,2022,PRIMARY,Primary,primary,3.783,<$5M,2,5.5,False
905,Cranbrook,2022,SECONDARY,Secondary,secondary,13.269,>=$5M,14,4.8,False
905,Cranbrook,2023,333310,Commercial and Service Industry Machinery Manufact,primary,3.783,<$5M,2,5.5,False
905,Cranbrook,2023,541330,Engineering Services,secondary,10.352,>=$5M,10,5.1,False
905,Cranbrook,2023,541370,Surveying and Mapping (except Geophysical) Service,secondary,2.205,<$5M,3,6.0,False
905,Cranbrook,2023,541511,Custom Computer Programming Services,secondary,,<$5M,<2,,True
905,Cranbrook,2023,ALL,All,all,16.547,>=$5M,16,5.1,False
905,Cranbrook,2023,PRIMARY,Primary,primary,3.783,<$5M,2,5.5,False
905,Cranbrook,2023,SECONDARY,Secondary,secondary,12.764,>=$5M,14,5.0,False
905,Cranbrook,2024,333310,Commercial and Service Industry Machinery Manufact,primary,1.596,<$5M,2,4.5,False
905,Cranbrook,2024,541330,Engineering Services,secondary,9.164,>=$5M,10,4.7,False
905,Cranbrook,2024,541370,Surveying and Mapping (except Geophysical) Service,secondary,0.986,<$5M,3,3.0,False
905,Cranbrook,2024,541511,Custom Computer Programming Services,secondary,,<$5M,<2,,True
905,Cranbrook,2024,ALL,All,all,11.896,>=$5M,16,4.1,False
905,Cranbrook,2024,PRIMARY,Primary,primary,1.596,<$5M,2,4.5,False
905,Cranbrook,2024,SECONDARY,Secondary,secondary,10.3,>=$5M,14,4.1,False
905,Cranbrook,2025,333310,Commercial and Service Industry Machinery Manufact,primary,1.596,<$5M,2,4.5,False
905,Cranbrook,2025,541330,Engineering Services,secondary,9.944,>=$5M,11,4.6,False
905,Cranbrook,2025,541370,Surveying and Mapping (except Geophysical) Service,secondary,0.986,<$5M,3,3.3,False
905,Cranbrook,2025,541511,Custom Computer Programming Services,secondary,,<$5M,<2,,True
905,Cranbrook,2025,ALL,All,all,12.676,>=$5M,17,4.2,False
905,Cranbrook,2025,PRIMARY,Primary,primary,1.596,<$5M,2,4.5,False
905,Cranbrook,2025,SECONDARY,Secondary,secondary,11.08,>=$5M,15,4.1,False
975,Dawson Creek,2017,541330,Engineering Services,secondary,4.851,<$5M,5,4.2,False
975,Dawson Creek,2017,541370,Surveying & Mapping (except Geophysical) Services,secondary,2.205,<$5M,2,7.5,False
975,Dawson Creek,2017,541511,Custom Computer Programming Services,secondary,3.519,<$5M,2,8.5,False
975,Dawson Creek,2017,ALL,All,all,10.575,>=$5M,9,5.9,False
975,Dawson Creek,2017,SECONDARY,Secondary,secondary,10.575,>=$5M,9,5.9,False
975,Dawson Creek,2018,541330,Engineering Services,secondary,4.851,<$5M,5,4.2,False
975,Dawson Creek,2018,541370,Surveying & Mapping (except Geophysical) Services,secondary,2.205,<$5M,2,7.5,False
975,Dawson Creek,2018,541511,Custom Computer Programming Services,secondary,3.519,<$5M,2,8.5,False
975,Dawson Creek,2018,ALL,All,all,10.575,>=$5M,9,5.9,False
975,Dawson Creek,2018,SECONDARY,Secondary,secondary,10.575,>=$5M,9,5.9,False
975,Dawson Creek,2019,541330,Engineering Services,secondary,9.24,>=$5M,8,5.0,False
975,Dawson Creek,2019,541370,Surveying & Mapping (except Geophysical) Services,secondary,2.205,<$5M,2,7.5,False
975,Dawson Creek,2019,541511,Custom Computer Programming Services,secondary,3.519,<$5M,2,8.5,False
975,Dawson Creek,2019,ALL,All,all,14.964,>=$5M,12,6.0,False
975,Dawson Creek,2019,SECONDARY,Secondary,secondary,14.964,>=$5M,12,6.0,False
975,Dawson Creek,2020,541330,Engineering Services,secondary,9.009,>=$5M,7,5.6,False
975,Dawson Creek,2020,541370,Surveying & Mapping (except Geophysical) Services,secondary,2.205,<$5M,2,7.5,False
975,Dawson Creek,2020,541511,Custom Computer Programming Services,secondary,3.519,<$5M,2,8.5,False
975,Dawson Creek,2020,ALL,All,all,14.733,>=$5M,11,6.5,False
975,Dawson Creek,2020,SECONDARY,Secondary,secondary,14.733,>=$5M,11,6.5,False
975,Dawson Creek,2021,541330,Engineering Services,secondary,9.009,>=$5M,7,5.6,False
975,Dawson Creek,2021,541370,Surveying and Mapping (except Geophysical) Service,secondary,2.205,<$5M,2,7.5,False
975,Dawson Creek,2021,541511,Custom Computer Programming Services,secondary,3.519,<$5M,2,8.5,False
975,Dawson Creek,2021,ALL,All,all,14.733,>=$5M,11,6.5,False
975,Dawson Creek,2021,SECONDARY,Secondary,secondary,14.733,>=$5M,11,6.5,False
975,Dawson Creek,2022,334610,Manufacturing and Reproducing Magnetic and Optical,secondary,14.77,>=$5M,3,11.7,False
975,Dawson Creek,2022,541330,Engineering Services,secondary,9.24,>=$5M,8,5.0,False
975,Dawson Creek,2022,541370,Surveying and Mapping (except Geophysical) Service,secondary,2.205,<$5M,2,7.5,False
975,Dawson Creek,2022,541511,Custom Computer Programming Services,secondary,3.519,<$5M,2,8.5,False
975,Dawson Creek,2022,ALL,All,all,29.734,>=$5M,15,7.1,False
975,Dawson Creek,2022,SECONDARY,Secondary,secondary,29.734,>=$5M,15,7.1,False
975,Dawson Creek,2023,334610,Manufacturing and Reproducing Magnetic and Optical,secondary,14.346,>=$5M,3,11.7,False
975,Dawson Creek,2023,541330,Engineering Services,secondary,6.021,>=$5M,6,4.5,False
975,Dawson Creek,2023,541370,Surveying and Mapping (except Geophysical) Service,secondary,2.205,<$5M,2,7.5,False
975,Dawson Creek,2023,541511,Custom Computer Programming Services,secondary,3.519,<$5M,2,8.5,False
975,Dawson Creek,2023,ALL,All,all,26.091,>=$5M,13,7.2,False
975,Dawson Creek,2023,SECONDARY,Secondary,secondary,26.091,>=$5M,13,7.2,False
975,Dawson Creek,2024,334610,Manufacturing and Reproducing Magnetic and Optical,secondary,10.238,>=$5M,3,8.7,False
975,Dawson Creek,2024,541330,Engineering Services,secondary,10.917,>=$5M,7,6.7,False
975,Dawson Creek,2024,541370,Surveying and Mapping (except Geophysical) Service,secondary,1.182,<$5M,2,6.0,False
975,Dawson Creek,2024,541511,Custom Computer Programming Services,secondary,2.544,<$5M,2,8.5,False
975,Dawson Creek,2024,ALL,All,all,24.881,>=$5M,14,7.3,False
975,Dawson Creek,2024,SECONDARY,Secondary,secondary,24.881,>=$5M,14,7.3,False
975,Dawson Creek,2025,334610,Manufacturing and Reproducing Magnetic and Optical,secondary,10.238,>=$5M,3,8.7,False
975,Dawson Creek,2025,541330,Engineering Services,secondary,9.163,>=$5M,7,6.7,False
975,Dawson Creek,2025,541370,Surveying and Mapping (except Geophysical) Service,secondary,1.182,<$5M,2,6.0,False
975,Dawson Creek,2025,541511,Custom Computer Programming Services,secondary,2.544,<$5M,2,8.5,False
975,Dawson Creek,2025,ALL,All,all,23.127,>=$5M,14,7.3,False
975,Dawson Creek,2025,SECONDARY,Secondary,secondary,23.127,>=$5M,14,7.3,False
411,Dolbeau-Mistassini,2017,541370,Surveying & Mapping (except Geophysical) Services,secondary,2.352,<$5M,3,5.3,False
411,Dolbeau-Mistassini,2017,ALL,All,all,2.352,<$5M,3,5.3,False
411,Dolbeau-Mistassini,2017,SECONDARY,Secondary,secondary,2.352,<$5M,3,5.3,False
411,Dolbeau-Mistassini,2018,541370,Surveying & Mapping (except Geophysical) Services,secondary,2.352,<$5M,3,5.3,False
411,Dolbeau-Mistassini,2018,ALL,All,all,2.352,<$5M,3,5.3,False
411,Dolbeau-Mistassini,2018,SECONDARY,Secondary,secondary,2.352,<$5M,3,5.3,False
411,Dolbeau-Mistassini,2019,541330,Engineering Services,secondary,,<$5M,<2,,True
411,Dolbeau-Mistassini,2019,541370,Surveying & Mapping (except Geophysical) Services,secondary,2.352,<$5M,3,5.3,False
411,Dolbeau-Mistassini,2019,ALL,All,all,2.583,<$5M,4,4.2,False
411,Dolbeau-Mistassini,2019,SECONDARY,Secondary,secondary,2.583,<$5M,4,4.2,False
411,Dolbeau-Mistassini,2020,541330,Engineering Services,secondary,,<$5M,<2,,True
411,Dolbeau-Mistassini,2020,541370,Surveying & Mapping (except Geophysical) Services,secondary,2.352,<$5M,3,5.3,False
411,Dolbeau-Mistassini,2020,ALL,All,all,2.583,<$5M,4,4.2,False
411,Dolbeau-Mistassini,2020,SECONDARY,Secondary,secondary,2.583,<$5M,4,4.2,False
411,Dolbeau-Mistassini,2021,541330,Engineering Services,secondary,,<$5M,<2,,True
411,Dolbeau-Mistassini,2021,541370,Surveying and Mapping (except Geophysical) Service,secondary,2.352,<$5M,3,5.3,False
411,Dolbeau-Mistassini,2021,ALL,All,all,2.583,<$5M,4,4.2,False
411,Dolbeau-Mistassini,2021,SECONDARY,Secondary,secondary,2.583,<$5M,4,4.2,False
411,Dolbeau-Mistassini,2022,333310,Commercial and Service Industry Machinery Manufact,primary,,<$5M,<2,,True
411,Dolbeau-Mistassini,2022,541330,Engineering Services,secondary,,<$5M,<2,,True
411,Dolbeau-Mistassini,2022,541370,Surveying and Mapping (except Geophysical) Service,secondary,2.352,<$5M,3,5.3,False
411,Dolbeau-Mistassini,2022,ALL,All,all,5.292,>=$5M,5,4.8,False
411,Dolbeau-Mistassini,2022,PRIMARY,Primary,primary,,<$5M,<2,,True
411,Dolbeau-Mistassini,2022,SECONDARY,Secondary,secondary,2.583,<$5M,4,4.2,False
411,Dolbeau-Mistassini,2023,333310,Commercial and Service Industry Machinery Manufact,primary,,<$5M,<2,,True
411,Dolbeau-Mistassini,2023,541370,Surveying and Mapping (except Geophysical) Service,secondary,2.11,<$5M,3,5.3,False
411,Dolbeau-Mistassini,2023,ALL,All,all,3.425,<$5M,4,5.8,False
411,Dolbeau-Mistassini,2023,PRIMARY,Primary,primary,,<$5M,<2,,True
411,Dolbeau-Mistassini,2023,SECONDARY,Secondary,secondary,2.11,<$5M,3,5.3,False
411,Dolbeau-Mistassini,2024,333310,Commercial and Service Industry Machinery Manufact,primary,,<$5M,<2,,True
411,Dolbeau-Mistassini,2024,541370,Surveying and Mapping (except Geophysical) Service,secondary,1.381,<$5M,4,3.5,False
411,Dolbeau-Mistassini,2024,ALL,All,all,2.696,<$5M,5,4.2,False
411,Dolbeau-Mistassini,2024,PRIMARY,Primary,primary,,<$5M,<2,,True
411,Dolbeau-Mistassini,2024,SECONDARY,Secondary,secondary,1.381,<$5M,4,3.5,False
411,Dolbeau-Mistassini,2025,333310,Commercial and Service Industry Machinery Manufact,primary,,<$5M,<2,,True
411,Dolbeau-Mistassini,2025,541370,Surveying and Mapping (except Geophysical) Service,secondary,1.381,<$5M,4,3.5,False
411,Dolbeau-Mistassini,2025,ALL,All,all,2.696,<$5M,5,4.2,False
411,Dolbeau-Mistassini,2025,PRIMARY,Primary,primary,,<$5M,<2,,True
411,Dolbeau-Mistassini,2025,SECONDARY,Secondary,secondary,1.381,<$5M,4,3.5,False
447,Drummondville,2017,331110,Iron & Steel Mills & Ferroalloy Manufacturing,secondary,60.367,>=$5M,6,8.8,False
447,Drummondville,2017,336999,All Other Transportation Equipment Manufacturing,primary,,>=$5M,<2,,True
447,Drummondville,2017,541330,Engineering Services,secondary,71.148,>=$5M,17,18.1,False
447,Drummondville,2017,541370,Surveying & Mapping (except Geophysical) Services,secondary,5.439,>=$5M,5,7.4,False
447,Drummondville,2017,ALL,All,all,225.754,>=$5M,29,24.1,False
447,Drummondville,2017,PRIMARY,Primary,primary,,>=$5M,<2,,True
447,Drummondville,2017,SECONDARY,Secondary,secondary,136.954,>=$5M,28,14.2,False
447,Drummondville,2018,331110,Iron & Steel Mills & Ferroalloy Manufacturing,secondary,60.367,>=$5M,6,8.8,False
447,Drummondville,2018,336999,All Other Transportation Equipment Manufacturing,primary,,>=$5M,<2,,True
447,Drummondville,2018,541330,Engineering Services,secondary,72.303,>=$5M,18,17.4,False
447,Drummondville,2018,541370,Surveying & Mapping (except Geophysical) Services,secondary,5.439,>=$5M,5,7.4,False
447,Drummondville,2018,ALL,All,all,226.909,>=$5M,30,23.4,False
447,Drummondville,2018,PRIMARY,Primary,primary,,>=$5M,<2,,True
447,Drummondville,2018,SECONDARY,Secondary,secondary,138.109,>=$5M,29,13.9,False
447,Drummondville,2019,331110,Iron & Steel Mills & Ferroalloy Manufacturing,secondary,60.367,>=$5M,6,8.8,False
447,Drummondville,2019,336999,All Other Transportation Equipment Manufacturing,primary,,>=$5M,<2,,True
447,Drummondville,2019,541330,Engineering Services,secondary,74.151,>=$5M,20,16.0,False
447,Drummondville,2019,541370,Surveying & Mapping (except Geophysical) Services,secondary,6.321,>=$5M,6,7.2,False
447,Drummondville,2019,ALL,All,all,229.639,>=$5M,33,21.7,False
447,Drummondville,2019,PRIMARY,Primary,primary,,>=$5M,<2,,True
447,Drummondville,2019,SECONDARY,Secondary,secondary,140.839,>=$5M,32,13.0,False
447,Drummondville,2020,331110,Iron & Steel Mills & Ferroalloy Manufacturing,secondary,47.838,>=$5M,5,8.4,False
447,Drummondville,2020,336999,All Other Transportation Equipment Manufacturing,primary,,>=$5M,<2,,True
447,Drummondville,2020,541330,Engineering Services,secondary,75.075,>=$5M,20,16.2,False
447,Drummondville,2020,541370,Surveying & Mapping (except Geophysical) Services,secondary,6.321,>=$5M,6,7.2,False
447,Drummondville,2020,541511,Custom Computer Programming Services,secondary,,<$5M,<2,,True
447,Drummondville,2020,ALL,All,all,219.069,>=$5M,33,21.5,False
447,Drummondville,2020,PRIMARY,Primary,primary,,>=$5M,<2,,True
447,Drummondville,2020,SECONDARY,Secondary,secondary,130.269,>=$5M,32,12.8,False
447,Drummondville,2021,331110,Iron and Steel Mills and Ferroalloy Manufacturing,secondary,47.838,>=$5M,5,8.4,False
447,Drummondville,2021,336999,All Other Transportation Equipment Manufacturing,primary,,>=$5M,<2,,True
447,Drummondville,2021,541330,Engineering Services,secondary,78.078,>=$5M,20,16.9,False
447,Drummondville,2021,541370,Surveying and Mapping (except Geophysical) Service,secondary,6.321,>=$5M,6,7.2,False
447,Drummondville,2021,541511,Custom Computer Programming Services,secondary,,<$5M,<2,,True
447,Drummondville,2021,ALL,All,all,222.072,>=$5M,33,21.9,False
447,Drummondville,2021,PRIMARY,Primary,primary,,>=$5M,<2,,True
447,Drummondville,2021,SECONDARY,Secondary,secondary,133.272,>=$5M,32,13.2,False
447,Drummondville,2022,331110,Iron and Steel Mills and Ferroalloy Manufacturing,secondary,47.838,>=$5M,5,8.4,False
447,Drummondville,2022,333310,Commercial and Service Industry Machinery Manufact,primary,8.767,>=$5M,7,4.0,False
447,Drummondville,2022,336999,All Other Transportation Equipment Manufacturing,primary,,>=$5M,<2,,True
447,Drummondville,2022,541330,Engineering Services,secondary,78.771,>=$5M,21,16.4,False
447,Drummondville,2022,541370,Surveying and Mapping (except Geophysical) Service,secondary,6.321,>=$5M,6,7.2,False
447,Drummondville,2022,541511,Custom Computer Programming Services,secondary,,<$5M,<2,,True
447,Drummondville,2022,ALL,All,all,231.532,>=$5M,41,18.5,False
447,Drummondville,2022,PRIMARY,Primary,primary,97.567,>=$5M,8,41.0,False
447,Drummondville,2022,SECONDARY,Secondary,secondary,133.965,>=$5M,33,13.0,False
447,Drummondville,2023,331110,Iron and Steel Mills and Ferroalloy Manufacturing,secondary,44.87,>=$5M,5,8.4,False
447,Drummondville,2023,333310,Commercial and Service Industry Machinery Manufact,primary,7.971,>=$5M,7,4.0,False
447,Drummondville,2023,336999,All Other Transportation Equipment Manufacturing,primary,,>=$5M,<2,,True
447,Drummondville,2023,541330,Engineering Services,secondary,76.794,>=$5M,19,17.8,False
447,Drummondville,2023,541370,Surveying and Mapping (except Geophysical) Service,secondary,5.982,>=$5M,6,7.2,False
447,Drummondville,2023,541511,Custom Computer Programming Services,secondary,,<$5M,<2,,True
447,Drummondville,2023,ALL,All,all,225.452,>=$5M,39,19.3,False
447,Drummondville,2023,PRIMARY,Primary,primary,96.771,>=$5M,8,41.0,False
447,Drummondville,2023,SECONDARY,Secondary,secondary,128.681,>=$5M,31,13.6,False
447,Drummondville,2024,331110,Iron and Steel Mills and Ferroalloy Manufacturing,secondary,59.274,>=$5M,5,18.4,False
447,Drummondville,2024,333310,Commercial and Service Industry Machinery Manufact,primary,5.746,>=$5M,6,5.5,False
447,Drummondville,2024,336999,All Other Transportation Equipment Manufacturing,primary,,>=$5M,<2,,True
447,Drummondville,2024,541330,Engineering Services,secondary,97.462,>=$5M,22,22.7,False
447,Drummondville,2024,541370,Surveying and Mapping (except Geophysical) Service,secondary,3.842,<$5M,6,6.5,False
447,Drummondville,2024,541511,Custom Computer Programming Services,secondary,16.456,>=$5M,3,36.7,False
447,Drummondville,2024,ALL,All,all,251.648,>=$5M,43,25.0,False
447,Drummondville,2024,PRIMARY,Primary,primary,74.614,>=$5M,7,47.6,False
447,Drummondville,2024,SECONDARY,Secondary,secondary,177.034,>=$5M,36,20.6,False
447,Drummondville,2025,331110,Iron and Steel Mills and Ferroalloy Manufacturing,secondary,56.697,>=$5M,5,17.6,False
447,Drummondville,2025,332994,"Small Arms, Ordnance, and Ordnance Accessories Man",primary,,>=$5M,<2,,True
447,Drummondville,2025,333310,Commercial and Service Industry Machinery Manufact,primary,5.419,>=$5M,6,5.2,False
447,Drummondville,2025,336999,All Other Transportation Equipment Manufacturing,primary,,>=$5M,<2,,True
447,Drummondville,2025,541330,Engineering Services,secondary,97.657,>=$5M,22,22.8,False
447,Drummondville,2025,541370,Surveying and Mapping (except Geophysical) Service,secondary,3.941,<$5M,6,6.7,False
447,Drummondville,2025,541511,Custom Computer Programming Services,secondary,16.456,>=$5M,3,36.7,False
447,Drummondville,2025,ALL,All,all,258.25,>=$5M,44,25.8,False
447,Drummondville,2025,PRIMARY,Primary,primary,83.499,>=$5M,8,49.2,False
447,Drummondville,2025,SECONDARY,Secondary,secondary,174.751,>=$5M,36,20.5,False
937,Duncan,2017,336612,Boat Building,secondary,2.178,<$5M,2,5.5,False
937,Duncan,2017,541330,Engineering Services,secondary,12.802,>=$5M,10,5.6,False
937,Duncan,2017,541370,Surveying & Mapping (except Geophysical) Services,secondary,3.381,<$5M,5,4.6,False
937,Duncan,2017,541511,Custom Computer Programming Services,secondary,1.242,<$5M,2,3.0,False
937,Duncan,2017,ALL,All,all,19.603,>=$5M,19,5.1,False
937,Duncan,2017,SECONDARY,Secondary,secondary,19.603,>=$5M,19,5.1,False
937,Duncan,2018,336611,Ship Building & Repairing,secondary,,<$5M,<2,,True
937,Duncan,2018,336612,Boat Building,secondary,2.178,<$5M,2,5.5,False
937,Duncan,2018,541330,Engineering Services,secondary,12.474,>=$5M,9,6.0,False
937,Duncan,2018,541370,Surveying & Mapping (except Geophysical) Services,secondary,3.381,<$5M,5,4.6,False
937,Duncan,2018,541511,Custom Computer Programming Services,secondary,1.242,<$5M,2,3.0,False
937,Duncan,2018,ALL,All,all,19.719,>=$5M,19,5.1,False
937,Duncan,2018,SECONDARY,Secondary,secondary,19.719,>=$5M,19,5.1,False
937,Duncan,2019,336611,Ship Building & Repairing,secondary,,<$5M,<2,,True
937,Duncan,2019,336612,Boat Building,secondary,2.178,<$5M,2,5.5,False
937,Duncan,2019,541330,Engineering Services,secondary,12.802,>=$5M,10,5.6,False
937,Duncan,2019,541370,Surveying & Mapping (except Geophysical) Services,secondary,3.381,<$5M,5,4.6,False
937,Duncan,2019,541511,Custom Computer Programming Services,secondary,1.242,<$5M,2,3.0,False
937,Duncan,2019,ALL,All,all,20.047,>=$5M,20,4.9,False
937,Duncan,2019,SECONDARY,Secondary,secondary,20.047,>=$5M,20,4.9,False
937,Duncan,2020,336611,Ship Building & Repairing,secondary,,<$5M,<2,,True
937,Duncan,2020,336612,Boat Building,secondary,2.178,<$5M,2,5.5,False
937,Duncan,2020,541330,Engineering Services,secondary,12.802,>=$5M,10,5.6,False
937,Duncan,2020,541370,Surveying & Mapping (except Geophysical) Services,secondary,3.675,<$5M,5,5.0,False
937,Duncan,2020,541511,Custom Computer Programming Services,secondary,2.277,<$5M,3,3.7,False
937,Duncan,2020,ALL,All,all,21.154,>=$5M,21,5.0,False
937,Duncan,2020,SECONDARY,Secondary,secondary,21.154,>=$5M,21,5.0,False
937,Duncan,2021,336611,Ship Building and Repairing,secondary,1.554,<$5M,2,3.5,False
937,Duncan,2021,336612,Boat Building,secondary,2.178,<$5M,2,5.5,False
937,Duncan,2021,541330,Engineering Services,secondary,12.802,>=$5M,10,5.6,False
937,Duncan,2021,541370,Surveying and Mapping (except Geophysical) Service,secondary,3.675,<$5M,5,5.0,False
937,Duncan,2021,541511,Custom Computer Programming Services,secondary,4.14,<$5M,5,3.8,False
937,Duncan,2021,ALL,All,all,24.349,>=$5M,24,4.9,False
937,Duncan,2021,SECONDARY,Secondary,secondary,24.349,>=$5M,24,4.9,False
937,Duncan,2022,333310,Commercial and Service Industry Machinery Manufact,primary,,<$5M,<2,,True
937,Duncan,2022,336611,Ship Building and Repairing,secondary,1.554,<$5M,2,3.5,False
937,Duncan,2022,336612,Boat Building,secondary,2.178,<$5M,2,5.5,False
937,Duncan,2022,541330,Engineering Services,secondary,14.188,>=$5M,12,4.7,False
937,Duncan,2022,541370,Surveying and Mapping (except Geophysical) Service,secondary,3.675,<$5M,5,5.0,False
937,Duncan,2022,541511,Custom Computer Programming Services,secondary,4.14,<$5M,5,3.8,False
937,Duncan,2022,ALL,All,all,26.043,>=$5M,27,4.4,False
937,Duncan,2022,PRIMARY,Primary,primary,,<$5M,<2,,True
937,Duncan,2022,SECONDARY,Secondary,secondary,25.735,>=$5M,26,4.5,False
937,Duncan,2023,333310,Commercial and Service Industry Machinery Manufact,primary,,<$5M,<2,,True
937,Duncan,2023,336611,Ship Building and Repairing,secondary,1.948,<$5M,2,3.5,False
937,Duncan,2023,336612,Boat Building,secondary,1.644,<$5M,2,5.5,False
937,Duncan,2023,541330,Engineering Services,secondary,14.08,>=$5M,12,4.7,False
937,Duncan,2023,541370,Surveying and Mapping (except Geophysical) Service,secondary,3.675,<$5M,5,5.0,False
937,Duncan,2023,541511,Custom Computer Programming Services,secondary,4.14,<$5M,5,3.8,False
937,Duncan,2023,ALL,All,all,25.659,>=$5M,27,4.4,False
937,Duncan,2023,PRIMARY,Primary,primary,,<$5M,<2,,True
937,Duncan,2023,SECONDARY,Secondary,secondary,25.487,>=$5M,26,4.5,False
937,Duncan,2024,333310,Commercial and Service Industry Machinery Manufact,primary,,<$5M,<2,,True
937,Duncan,2024,336611,Ship Building and Repairing,secondary,1.948,<$5M,2,3.5,False
937,Duncan,2024,336612,Boat Building,secondary,1.591,<$5M,2,5.5,False
937,Duncan,2024,541330,Engineering Services,secondary,17.666,>=$5M,13,7.0,False
937,Duncan,2024,541370,Surveying and Mapping (except Geophysical) Service,secondary,1.873,<$5M,5,3.8,False
937,Duncan,2024,541511,Custom Computer Programming Services,secondary,10.772,>=$5M,4,18.0,False
937,Duncan,2024,ALL,All,all,34.022,>=$5M,27,7.4,False
937,Duncan,2024,PRIMARY,Primary,primary,,<$5M,<2,,True
937,Duncan,2024,SECONDARY,Secondary,secondary,33.85,>=$5M,26,7.7,False
937,Duncan,2025,333310,Commercial and Service Industry Machinery Manufact,primary,,<$5M,<2,,True
937,Duncan,2025,336611,Ship Building and Repairing,secondary,1.948,<$5M,2,3.5,False
937,Duncan,2025,336612,Boat Building,secondary,1.591,<$5M,2,5.5,False
937,Duncan,2025,541330,Engineering Services,secondary,22.344,>=$5M,14,8.2,False
937,Duncan,2025,541370,Surveying and Mapping (except Geophysical) Service,secondary,1.676,<$5M,4,4.0,False
937,Duncan,2025,541511,Custom Computer Programming Services,secondary,10.772,>=$5M,4,18.0,False
937,Duncan,2025,ALL,All,all,38.503,>=$5M,27,8.2,False
937,Duncan,2025,PRIMARY,Primary,primary,,<$5M,<2,,True
937,Duncan,2025,SECONDARY,Secondary,secondary,38.331,>=$5M,26,8.5,False
835,Edmonton,2017,331110,Iron & Steel Mills & Ferroalloy Manufacturing,secondary,397.511,>=$5M,14,24.9,False
835,Edmonton,2017,331221,Rolled Steel Shape Manufacturing,secondary,,>=$5M,<2,,True
835,Edmonton,2017,336411,Aircraft Manufacturing,primary,3.63,<$5M,2,3.0,False
835,Edmonton,2017,336612,Boat Building,secondary,,<$5M,<2,,True
835,Edmonton,2017,336992,"Military Armored Vehicle, Tank & Tank Cmpnnt Mfg",primary,,>=$5M,<2,,True
835,Edmonton,2017,541330,Engineering Services,secondary,1277.43,>=$5M,382,14.5,False
835,Edmonton,2017,541370,Surveying & Mapping (except Geophysical) Services,secondary,124.95,>=$5M,70,12.1,False
835,Edmonton,2017,541511,Custom Computer Programming Services,secondary,72.45,>=$5M,57,6.1,False
835,Edmonton,2017,ALL,All,all,2233.325,>=$5M,528,14.3,False
835,Edmonton,2017,PRIMARY,Primary,primary,28.29,>=$5M,3,12.0,False
835,Edmonton,2017,SECONDARY,Secondary,secondary,2205.035,>=$5M,525,14.3,False
835,Edmonton,2018,331110,Iron & Steel Mills & Ferroalloy Manufacturing,secondary,444.21,>=$5M,15,26.0,False
835,Edmonton,2018,331221,Rolled Steel Shape Manufacturing,secondary,,>=$5M,<2,,True
835,Edmonton,2018,334511,Search Detection & Navigation Instruments,primary,,>=$5M,<2,,True
835,Edmonton,2018,336411,Aircraft Manufacturing,primary,3.63,<$5M,2,3.0,False
835,Edmonton,2018,336612,Boat Building,secondary,,<$5M,<2,,True
835,Edmonton,2018,336992,"Military Armored Vehicle, Tank & Tank Cmpnnt Mfg",primary,,>=$5M,<2,,True
835,Edmonton,2018,541330,Engineering Services,secondary,1388.079,>=$5M,400,15.0,False
835,Edmonton,2018,541370,Surveying & Mapping (except Geophysical) Services,secondary,123.186,>=$5M,70,12.0,False
835,Edmonton,2018,541511,Custom Computer Programming Services,secondary,71.415,>=$5M,57,6.1,False
835,Edmonton,2018,ALL,All,all,2396.407,>=$5M,548,14.7,False
835,Edmonton,2018,PRIMARY,Primary,primary,36.823,>=$5M,4,14.8,False
835,Edmonton,2018,SECONDARY,Secondary,secondary,2359.584,>=$5M,544,14.7,False
835,Edmonton,2019,331110,Iron & Steel Mills & Ferroalloy Manufacturing,secondary,444.21,>=$5M,15,26.0,False
835,Edmonton,2019,331221,Rolled Steel Shape Manufacturing,secondary,,>=$5M,<2,,True
835,Edmonton,2019,334511,Search Detection & Navigation Instruments,primary,,>=$5M,<2,,True
835,Edmonton,2019,336411,Aircraft Manufacturing,primary,3.63,<$5M,2,3.0,False
835,Edmonton,2019,336612,Boat Building,secondary,,<$5M,<2,,True
835,Edmonton,2019,336992,"Military Armored Vehicle, Tank & Tank Cmpnnt Mfg",primary,,>=$5M,<2,,True
835,Edmonton,2019,541330,Engineering Services,secondary,1743.819,>=$5M,460,16.4,False
835,Edmonton,2019,541370,Surveying & Mapping (except Geophysical) Services,secondary,123.48,>=$5M,73,11.5,False
835,Edmonton,2019,541511,Custom Computer Programming Services,secondary,87.768,>=$5M,67,6.3,False
835,Edmonton,2019,ALL,All,all,2768.794,>=$5M,621,15.6,False
835,Edmonton,2019,PRIMARY,Primary,primary,36.823,>=$5M,4,14.8,False
835,Edmonton,2019,SECONDARY,Secondary,secondary,2731.971,>=$5M,617,15.6,False
835,Edmonton,2020,331110,Iron & Steel Mills & Ferroalloy Manufacturing,secondary,444.21,>=$5M,15,26.0,False
835,Edmonton,2020,331221,Rolled Steel Shape Manufacturing,secondary,,>=$5M,<2,,True
835,Edmonton,2020,334511,Search Detection & Navigation Instruments,primary,,>=$5M,<2,,True
835,Edmonton,2020,336411,Aircraft Manufacturing,primary,3.63,<$5M,2,3.0,False
835,Edmonton,2020,336612,Boat Building,secondary,,<$5M,<2,,True
835,Edmonton,2020,336992,"Military Armored Vehicle, Tank & Tank Cmpnnt Mfg",primary,,>=$5M,<2,,True
835,Edmonton,2020,541330,Engineering Services,secondary,1860.243,>=$5M,459,17.5,False
835,Edmonton,2020,541370,Surveying & Mapping (except Geophysical) Services,secondary,121.863,>=$5M,73,11.4,False
835,Edmonton,2020,541511,Custom Computer Programming Services,secondary,102.258,>=$5M,67,7.4,False
835,Edmonton,2020,ALL,All,all,2898.091,>=$5M,620,16.5,False
835,Edmonton,2020,PRIMARY,Primary,primary,36.823,>=$5M,4,14.8,False
835,Edmonton,2020,SECONDARY,Secondary,secondary,2861.268,>=$5M,616,16.5,False
835,Edmonton,2021,331110,Iron and Steel Mills and Ferroalloy Manufacturing,secondary,233.495,>=$5M,14,14.6,False
835,Edmonton,2021,331221,Rolled Steel Shape Manufacturing,secondary,,>=$5M,<2,,True
835,Edmonton,2021,334511,"Search, Detection, Navigation, Guidance, Aeronauti",primary,,>=$5M,<2,,True
835,Edmonton,2021,336411,Aircraft Manufacturing,primary,3.63,<$5M,2,3.0,False
835,Edmonton,2021,336612,Boat Building,secondary,,<$5M,<2,,True
835,Edmonton,2021,336992,"Military Armored Vehicle, Tank, and Tank Component",primary,,>=$5M,<2,,True
835,Edmonton,2021,541330,Engineering Services,secondary,1760.913,>=$5M,455,16.8,False
835,Edmonton,2021,541370,Surveying and Mapping (except Geophysical) Service,secondary,123.921,>=$5M,74,11.4,False
835,Edmonton,2021,541511,Custom Computer Programming Services,secondary,108.468,>=$5M,70,7.5,False
835,Edmonton,2021,ALL,All,all,2596.314,>=$5M,619,15.6,False
835,Edmonton,2021,PRIMARY,Primary,primary,36.823,>=$5M,4,14.8,False
835,Edmonton,2021,SECONDARY,Secondary,secondary,2559.491,>=$5M,615,15.6,False
835,Edmonton,2022,331110,Iron and Steel Mills and Ferroalloy Manufacturing,secondary,230.078,>=$5M,13,15.5,False
835,Edmonton,2022,331221,Rolled Steel Shape Manufacturing,secondary,,>=$5M,<2,,True
835,Edmonton,2022,333310,Commercial and Service Industry Machinery Manufact,primary,90.216,>=$5M,29,8.9,False
835,Edmonton,2022,334511,"Search, Detection, Navigation, Guidance, Aeronauti",primary,,>=$5M,<2,,True
835,Edmonton,2022,334610,Manufacturing and Reproducing Magnetic and Optical,secondary,23.064,>=$5M,4,11.5,False
835,Edmonton,2022,336411,Aircraft Manufacturing,primary,3.63,<$5M,2,3.0,False
835,Edmonton,2022,336612,Boat Building,secondary,,<$5M,<2,,True
835,Edmonton,2022,336992,"Military Armored Vehicle, Tank, and Tank Component",primary,,>=$5M,<2,,True
835,Edmonton,2022,541330,Engineering Services,secondary,1673.403,>=$5M,482,14.8,False
835,Edmonton,2022,541370,Surveying and Mapping (except Geophysical) Service,secondary,134.799,>=$5M,76,11.8,False
835,Edmonton,2022,541511,Custom Computer Programming Services,secondary,111.159,>=$5M,72,7.4,False
835,Edmonton,2022,ALL,All,all,2632.236,>=$5M,682,13.9,False
835,Edmonton,2022,PRIMARY,Primary,primary,127.039,>=$5M,33,9.2,False
835,Edmonton,2022,SECONDARY,Secondary,secondary,2505.197,>=$5M,649,14.2,False
835,Edmonton,2023,331110,Iron and Steel Mills and Ferroalloy Manufacturing,secondary,164.224,>=$5M,12,12.7,False
835,Edmonton,2023,331221,Rolled Steel Shape Manufacturing,secondary,,>=$5M,<2,,True
835,Edmonton,2023,333310,Commercial and Service Industry Machinery Manufact,primary,75.63,>=$5M,28,8.9,False
835,Edmonton,2023,334511,"Search, Detection, Navigation, Guidance, Aeronauti",primary,,>=$5M,<2,,True
835,Edmonton,2023,334610,Manufacturing and Reproducing Magnetic and Optical,secondary,23.547,>=$5M,5,9.4,False
835,Edmonton,2023,336411,Aircraft Manufacturing,primary,3.63,<$5M,2,3.0,False
835,Edmonton,2023,336612,Boat Building,secondary,,<$5M,<2,,True
835,Edmonton,2023,336992,"Military Armored Vehicle, Tank, and Tank Component",primary,,>=$5M,<2,,True
835,Edmonton,2023,541330,Engineering Services,secondary,1259.825,>=$5M,462,11.8,False
835,Edmonton,2023,541370,Surveying and Mapping (except Geophysical) Service,secondary,120.609,>=$5M,77,10.9,False
835,Edmonton,2023,541511,Custom Computer Programming Services,secondary,93.084,>=$5M,68,6.5,False
835,Edmonton,2023,ALL,All,all,2106.276,>=$5M,658,11.7,False
835,Edmonton,2023,PRIMARY,Primary,primary,112.453,>=$5M,32,12.0,False
835,Edmonton,2023,SECONDARY,Secondary,secondary,1993.823,>=$5M,626,11.7,False
835,Edmonton,2024,331110,Iron and Steel Mills and Ferroalloy Manufacturing,secondary,188.13,>=$5M,12,24.9,False
835,Edmonton,2024,331221,Rolled Steel Shape Manufacturing,secondary,,>=$5M,<2,,True
835,Edmonton,2024,333310,Commercial and Service Industry Machinery Manufact,primary,60.189,>=$5M,26,11.9,False
835,Edmonton,2024,334511,"Search, Detection, Navigation, Guidance, Aeronauti",primary,,>=$5M,<2,,True
835,Edmonton,2024,334610,Manufacturing and Reproducing Magnetic and Optical,secondary,20.109,>=$5M,7,7.6,False
835,Edmonton,2024,336411,Aircraft Manufacturing,primary,,<$5M,<2,,True
835,Edmonton,2024,336612,Boat Building,secondary,,<$5M,<2,,True
835,Edmonton,2024,336992,"Military Armored Vehicle, Tank, and Tank Component",primary,,>=$5M,<2,,True
835,Edmonton,2024,336999,All Other Transportation Equipment Manufacturing,primary,3.674,<$5M,2,8.0,False
835,Edmonton,2024,541330,Engineering Services,secondary,1423.455,>=$5M,491,14.8,False
835,Edmonton,2024,541370,Surveying and Mapping (except Geophysical) Service,secondary,66.095,>=$5M,79,8.4,False
835,Edmonton,2024,541511,Custom Computer Programming Services,secondary,119.422,>=$5M,84,9.5,False
835,Edmonton,2024,ALL,All,all,2174.067,>=$5M,706,14.1,False
835,Edmonton,2024,PRIMARY,Primary,primary,104.336,>=$5M,31,14.8,False
835,Edmonton,2024,SECONDARY,Secondary,secondary,2069.731,>=$5M,675,14.1,False
835,Edmonton,2025,331110,Iron and Steel Mills and Ferroalloy Manufacturing,secondary,185.552,>=$5M,12,24.0,False
835,Edmonton,2025,331221,Rolled Steel Shape Manufacturing,secondary,,>=$5M,<2,,True
835,Edmonton,2025,333310,Commercial and Service Industry Machinery Manufact,primary,62.287,>=$5M,27,12.0,False
835,Edmonton,2025,334511,"Search, Detection, Navigation, Guidance, Aeronauti",primary,,>=$5M,<2,,True
835,Edmonton,2025,334610,Manufacturing and Reproducing Magnetic and Optical,secondary,20.109,>=$5M,7,7.6,False
835,Edmonton,2025,336411,Aircraft Manufacturing,primary,,<$5M,<2,,True
835,Edmonton,2025,336612,Boat Building,secondary,,<$5M,<2,,True
835,Edmonton,2025,336992,"Military Armored Vehicle, Tank, and Tank Component",primary,,>=$5M,<2,,True
835,Edmonton,2025,336999,All Other Transportation Equipment Manufacturing,primary,3.674,<$5M,2,8.0,False
835,Edmonton,2025,541330,Engineering Services,secondary,1400.647,>=$5M,500,14.5,False
835,Edmonton,2025,541370,Surveying and Mapping (except Geophysical) Service,secondary,68.271,>=$5M,80,8.7,False
835,Edmonton,2025,541511,Custom Computer Programming Services,secondary,125.861,>=$5M,94,8.9,False
835,Edmonton,2025,ALL,All,all,2159.394,>=$5M,727,13.8,False
835,Edmonton,2025,PRIMARY,Primary,primary,106.434,>=$5M,32,14.8,False
835,Edmonton,2025,SECONDARY,Secondary,secondary,2052.96,>=$5M,695,13.7,False
335,Edmundston,2017,331110,Iron & Steel Mills & Ferroalloy Manufacturing,secondary,,>=$5M,<2,,True
335,Edmundston,2017,541330,Engineering Services,secondary,5.544,>=$5M,5,4.8,False
335,Edmundston,2017,541370,Surveying & Mapping (except Geophysical) Services,secondary,1.764,<$5M,4,3.0,False
335,Edmundston,2017,ALL,All,all,58.563,>=$5M,10,8.1,False
335,Edmundston,2017,SECONDARY,Secondary,secondary,58.563,>=$5M,10,8.1,False
335,Edmundston,2018,331110,Iron & Steel Mills & Ferroalloy Manufacturing,secondary,,>=$5M,<2,,True
335,Edmundston,2018,541330,Engineering Services,secondary,9.24,>=$5M,5,8.0,False
335,Edmundston,2018,541370,Surveying & Mapping (except Geophysical) Services,secondary,1.764,<$5M,4,3.0,False
335,Edmundston,2018,ALL,All,all,62.259,>=$5M,10,9.7,False
335,Edmundston,2018,SECONDARY,Secondary,secondary,62.259,>=$5M,10,9.7,False
335,Edmundston,2019,331110,Iron & Steel Mills & Ferroalloy Manufacturing,secondary,,>=$5M,<2,,True
335,Edmundston,2019,541330,Engineering Services,secondary,9.702,>=$5M,6,7.0,False
335,Edmundston,2019,541370,Surveying & Mapping (except Geophysical) Services,secondary,1.764,<$5M,4,3.0,False
335,Edmundston,2019,ALL,All,all,62.721,>=$5M,11,9.0,False
335,Edmundston,2019,SECONDARY,Secondary,secondary,62.721,>=$5M,11,9.0,False
335,Edmundston,2020,331110,Iron & Steel Mills & Ferroalloy Manufacturing,secondary,,>=$5M,<2,,True
335,Edmundston,2020,541330,Engineering Services,secondary,11.088,>=$5M,7,6.9,False
335,Edmundston,2020,541370,Surveying & Mapping (except Geophysical) Services,secondary,1.617,<$5M,4,2.8,False
335,Edmundston,2020,ALL,All,all,63.96,>=$5M,12,8.7,False
335,Edmundston,2020,SECONDARY,Secondary,secondary,63.96,>=$5M,12,8.7,False
335,Edmundston,2021,331110,Iron and Steel Mills and Ferroalloy Manufacturing,secondary,,>=$5M,<2,,True
335,Edmundston,2021,541330,Engineering Services,secondary,11.088,>=$5M,7,6.9,False
335,Edmundston,2021,541370,Surveying and Mapping (except Geophysical) Service,secondary,1.617,<$5M,4,2.8,False
335,Edmundston,2021,ALL,All,all,63.96,>=$5M,12,8.7,False
335,Edmundston,2021,SECONDARY,Secondary,secondary,63.96,>=$5M,12,8.7,False
335,Edmundston,2022,331110,Iron and Steel Mills and Ferroalloy Manufacturing,secondary,,>=$5M,<2,,True
335,Edmundston,2022,333310,Commercial and Service Industry Machinery Manufact,primary,,<$5M,<2,,True
335,Edmundston,2022,541330,Engineering Services,secondary,11.088,>=$5M,7,6.9,False
335,Edmundston,2022,541370,Surveying and Mapping (except Geophysical) Service,secondary,1.617,<$5M,4,2.8,False
335,Edmundston,2022,ALL,All,all,64.734,>=$5M,13,8.2,False
335,Edmundston,2022,PRIMARY,Primary,primary,,<$5M,<2,,True
335,Edmundston,2022,SECONDARY,Secondary,secondary,63.96,>=$5M,12,8.7,False
335,Edmundston,2023,331110,Iron and Steel Mills and Ferroalloy Manufacturing,secondary,,>=$5M,<2,,True
335,Edmundston,2023,333310,Commercial and Service Industry Machinery Manufact,primary,,<$5M,<2,,True
335,Edmundston,2023,541330,Engineering Services,secondary,10.823,>=$5M,7,6.9,False
335,Edmundston,2023,541370,Surveying and Mapping (except Geophysical) Service,secondary,1.323,<$5M,3,3.0,False
335,Edmundston,2023,ALL,All,all,41.912,>=$5M,12,8.7,False
335,Edmundston,2023,PRIMARY,Primary,primary,,<$5M,<2,,True
335,Edmundston,2023,SECONDARY,Secondary,secondary,41.138,>=$5M,11,9.3,False
335,Edmundston,2024,331110,Iron and Steel Mills and Ferroalloy Manufacturing,secondary,,>=$5M,<2,,True
335,Edmundston,2024,333310,Commercial and Service Industry Machinery Manufact,primary,,<$5M,<2,,True
335,Edmundston,2024,541330,Engineering Services,secondary,16.569,>=$5M,5,17.0,False
335,Edmundston,2024,541370,Surveying and Mapping (except Geophysical) Service,secondary,0.198,<$5M,2,1.0,False
335,Edmundston,2024,ALL,All,all,46.135,>=$5M,9,14.9,False
335,Edmundston,2024,PRIMARY,Primary,primary,,<$5M,<2,,True
335,Edmundston,2024,SECONDARY,Secondary,secondary,45.759,>=$5M,8,16.5,False
335,Edmundston,2025,331110,Iron and Steel Mills and Ferroalloy Manufacturing,secondary,,>=$5M,<2,,True
335,Edmundston,2025,333310,Commercial and Service Industry Machinery Manufact,primary,,<$5M,<2,,True
335,Edmundston,2025,541330,Engineering Services,secondary,16.569,>=$5M,5,17.0,False
335,Edmundston,2025,541370,Surveying and Mapping (except Geophysical) Service,secondary,0.198,<$5M,2,1.0,False
335,Edmundston,2025,ALL,All,all,46.135,>=$5M,9,14.9,False
335,Edmundston,2025,PRIMARY,Primary,primary,,<$5M,<2,,True
335,Edmundston,2025,SECONDARY,Secondary,secondary,45.759,>=$5M,8,16.5,False
582,Elliot Lake,2017,541330,Engineering Services,secondary,1.617,<$5M,2,3.5,False
582,Elliot Lake,2017,541370,Surveying & Mapping (except Geophysical) Services,secondary,,<$5M,<2,,True
582,Elliot Lake,2017,ALL,All,all,2.499,<$5M,3,4.3,False
582,Elliot Lake,2017,SECONDARY,Secondary,secondary,2.499,<$5M,3,4.3,False
582,Elliot Lake,2018,541330,Engineering Services,secondary,1.848,<$5M,2,4.0,False
582,Elliot Lake,2018,541370,Surveying & Mapping (except Geophysical) Services,secondary,,<$5M,<2,,True
582,Elliot Lake,2018,ALL,All,all,2.73,<$5M,3,4.7,False
582,Elliot Lake,2018,SECONDARY,Secondary,secondary,2.73,<$5M,3,4.7,False
582,Elliot Lake,2019,541330,Engineering Services,secondary,2.31,<$5M,3,3.3,False
582,Elliot Lake,2019,541370,Surveying & Mapping (except Geophysical) Services,secondary,,<$5M,<2,,True
582,Elliot Lake,2019,ALL,All,all,3.192,<$5M,4,4.0,False
582,Elliot Lake,2019,SECONDARY,Secondary,secondary,3.192,<$5M,4,4.0,False
582,Elliot Lake,2020,541330,Engineering Services,secondary,2.31,<$5M,3,3.3,False
582,Elliot Lake,2020,541370,Surveying & Mapping (except Geophysical) Services,secondary,,<$5M,<2,,True
582,Elliot Lake,2020,ALL,All,all,3.192,<$5M,4,4.0,False
582,Elliot Lake,2020,SECONDARY,Secondary,secondary,3.192,<$5M,4,4.0,False
582,Elliot Lake,2021,541330,Engineering Services,secondary,2.31,<$5M,3,3.3,False
582,Elliot Lake,2021,541370,Surveying and Mapping (except Geophysical) Service,secondary,,<$5M,<2,,True
582,Elliot Lake,2021,ALL,All,all,3.192,<$5M,4,4.0,False
582,Elliot Lake,2021,SECONDARY,Secondary,secondary,3.192,<$5M,4,4.0,False
582,Elliot Lake,2022,541330,Engineering Services,secondary,2.31,<$5M,3,3.3,False
582,Elliot Lake,2022,541370,Surveying and Mapping (except Geophysical) Service,secondary,,<$5M,<2,,True
582,Elliot Lake,2022,ALL,All,all,3.192,<$5M,4,4.0,False
582,Elliot Lake,2022,SECONDARY,Secondary,secondary,3.192,<$5M,4,4.0,False
582,Elliot Lake,2023,541330,Engineering Services,secondary,2.31,<$5M,3,3.3,False
582,Elliot Lake,2023,541370,Surveying and Mapping (except Geophysical) Service,secondary,,<$5M,<2,,True
582,Elliot Lake,2023,ALL,All,all,3.192,<$5M,4,4.0,False
582,Elliot Lake,2023,SECONDARY,Secondary,secondary,3.192,<$5M,4,4.0,False
582,Elliot Lake,2024,541330,Engineering Services,secondary,7.797,>=$5M,3,13.3,False
582,Elliot Lake,2024,ALL,All,all,7.797,>=$5M,3,13.3,False
582,Elliot Lake,2024,SECONDARY,Secondary,secondary,7.797,>=$5M,3,13.3,False
582,Elliot Lake,2025,541330,Engineering Services,secondary,7.797,>=$5M,3,13.3,False
582,Elliot Lake,2025,ALL,All,all,7.797,>=$5M,3,13.3,False
582,Elliot Lake,2025,SECONDARY,Secondary,secondary,7.797,>=$5M,3,13.3,False
563,Essa,2022,333310,Commercial and Service Industry Machinery Manufact,primary,,<$5M,<2,,True
563,Essa,2022,ALL,All,all,,<$5M,<2,,True
563,Essa,2022,PRIMARY,Primary,primary,,<$5M,<2,,True
563,Essa,2023,333310,Commercial and Service Industry Machinery Manufact,primary,,<$5M,<2,,True
563,Essa,2023,ALL,All,all,,<$5M,<2,,True
563,Essa,2023,PRIMARY,Primary,primary,,<$5M,<2,,True
563,Essa,2024,333310,Commercial and Service Industry Machinery Manufact,primary,1.239,<$5M,2,3.0,False
563,Essa,2024,ALL,All,all,1.239,<$5M,2,3.0,False
563,Essa,2024,PRIMARY,Primary,primary,1.239,<$5M,2,3.0,False
563,Essa,2025,333310,Commercial and Service Industry Machinery Manufact,primary,1.239,<$5M,2,3.0,False
563,Essa,2025,541330,Engineering Services,secondary,,<$5M,<2,,True
563,Essa,2025,ALL,All,all,1.434,<$5M,3,2.3,False
563,Essa,2025,PRIMARY,Primary,primary,1.239,<$5M,2,3.0,False
563,Essa,2025,SECONDARY,Secondary,secondary,,<$5M,<2,,True
750,Estevan,2017,541330,Engineering Services,secondary,2.31,<$5M,3,3.3,False
750,Estevan,2017,ALL,All,all,2.31,<$5M,3,3.3,False
750,Estevan,2017,SECONDARY,Secondary,secondary,2.31,<$5M,3,3.3,False
750,Estevan,2018,541330,Engineering Services,secondary,4.851,<$5M,4,5.2,False
750,Estevan,2018,ALL,All,all,4.851,<$5M,4,5.2,False
750,Estevan,2018,SECONDARY,Secondary,secondary,4.851,<$5M,4,5.2,False
750,Estevan,2019,541330,Engineering Services,secondary,11.781,>=$5M,6,8.5,False
750,Estevan,2019,ALL,All,all,11.781,>=$5M,6,8.5,False
750,Estevan,2019,SECONDARY,Secondary,secondary,11.781,>=$5M,6,8.5,False
750,Estevan,2020,541330,Engineering Services,secondary,6.237,>=$5M,5,5.4,False
750,Estevan,2020,ALL,All,all,6.237,>=$5M,5,5.4,False
750,Estevan,2020,SECONDARY,Secondary,secondary,6.237,>=$5M,5,5.4,False
750,Estevan,2021,541330,Engineering Services,secondary,6.237,>=$5M,5,5.4,False
750,Estevan,2021,ALL,All,all,6.237,>=$5M,5,5.4,False
750,Estevan,2021,SECONDARY,Secondary,secondary,6.237,>=$5M,5,5.4,False
750,Estevan,2022,333310,Commercial and Service Industry Machinery Manufact,primary,,<$5M,<2,,True
750,Estevan,2022,541330,Engineering Services,secondary,6.237,>=$5M,5,5.4,False
750,Estevan,2022,ALL,All,all,9.317,>=$5M,6,6.2,False
750,Estevan,2022,PRIMARY,Primary,primary,,<$5M,<2,,True
750,Estevan,2022,SECONDARY,Secondary,secondary,6.237,>=$5M,5,5.4,False
750,Estevan,2023,333310,Commercial and Service Industry Machinery Manufact,primary,,<$5M,<2,,True
750,Estevan,2023,541330,Engineering Services,secondary,6.237,>=$5M,5,5.4,False
750,Estevan,2023,ALL,All,all,9.317,>=$5M,6,6.2,False
750,Estevan,2023,PRIMARY,Primary,primary,,<$5M,<2,,True
750,Estevan,2023,SECONDARY,Secondary,secondary,6.237,>=$5M,5,5.4,False
750,Estevan,2024,333310,Commercial and Service Industry Machinery Manufact,primary,,<$5M,<2,,True
750,Estevan,2024,541330,Engineering Services,secondary,21.443,>=$5M,6,18.3,False
750,Estevan,2024,ALL,All,all,23.163,>=$5M,7,17.1,False
750,Estevan,2024,PRIMARY,Primary,primary,,<$5M,<2,,True
750,Estevan,2024,SECONDARY,Secondary,secondary,21.443,>=$5M,6,18.3,False
750,Estevan,2025,333310,Commercial and Service Industry Machinery Manufact,primary,,<$5M,<2,,True
750,Estevan,2025,541330,Engineering Services,secondary,25.34,>=$5M,6,21.7,False
750,Estevan,2025,ALL,All,all,27.06,>=$5M,7,20.0,False
750,Estevan,2025,PRIMARY,Primary,primary,,<$5M,<2,,True
750,Estevan,2025,SECONDARY,Secondary,secondary,25.34,>=$5M,6,21.7,False
977,Fort St. John,2017,336612,Boat Building,secondary,,<$5M,<2,,True
977,Fort St. John,2017,541330,Engineering Services,secondary,17.325,>=$5M,11,6.8,False
977,Fort St. John,2017,541370,Surveying & Mapping (except Geophysical) Services,secondary,20.286,>=$5M,5,27.6,False
977,Fort St. John,2017,541511,Custom Computer Programming Services,secondary,,<$5M,<2,,True
977,Fort St. John,2017,ALL,All,all,39.042,>=$5M,18,12.2,False
977,Fort St. John,2017,SECONDARY,Secondary,secondary,39.042,>=$5M,18,12.2,False
977,Fort St. John,2018,336612,Boat Building,secondary,,<$5M,<2,,True
977,Fort St. John,2018,541330,Engineering Services,secondary,21.714,>=$5M,13,7.2,False
977,Fort St. John,2018,541370,Surveying & Mapping (except Geophysical) Services,secondary,21.756,>=$5M,6,24.7,False
977,Fort St. John,2018,541511,Custom Computer Programming Services,secondary,,<$5M,<2,,True
977,Fort St. John,2018,ALL,All,all,44.901,>=$5M,21,11.9,False
977,Fort St. John,2018,SECONDARY,Secondary,secondary,44.901,>=$5M,21,11.9,False
977,Fort St. John,2019,336612,Boat Building,secondary,,<$5M,<2,,True
977,Fort St. John,2019,541330,Engineering Services,secondary,53.13,>=$5M,18,12.8,False
977,Fort St. John,2019,541370,Surveying & Mapping (except Geophysical) Services,secondary,26.754,>=$5M,7,26.0,False
977,Fort St. John,2019,541511,Custom Computer Programming Services,secondary,,<$5M,<2,,True
977,Fort St. John,2019,ALL,All,all,81.315,>=$5M,27,15.5,False
977,Fort St. John,2019,SECONDARY,Secondary,secondary,81.315,>=$5M,27,15.5,False
977,Fort St. John,2020,336612,Boat Building,secondary,,<$5M,<2,,True
977,Fort St. John,2020,541330,Engineering Services,secondary,45.507,>=$5M,16,12.3,False
977,Fort St. John,2020,541370,Surveying & Mapping (except Geophysical) Services,secondary,1.911,<$5M,3,4.3,False
977,Fort St. John,2020,541511,Custom Computer Programming Services,secondary,,<$5M,<2,,True
977,Fort St. John,2020,ALL,All,all,48.849,>=$5M,21,10.3,False
977,Fort St. John,2020,SECONDARY,Secondary,secondary,48.849,>=$5M,21,10.3,False
977,Fort St. John,2021,336612,Boat Building,secondary,,<$5M,<2,,True
977,Fort St. John,2021,541330,Engineering Services,secondary,43.428,>=$5M,15,12.5,False
977,Fort St. John,2021,541370,Surveying and Mapping (except Geophysical) Service,secondary,1.911,<$5M,3,4.3,False
977,Fort St. John,2021,541511,Custom Computer Programming Services,secondary,,<$5M,<2,,True
977,Fort St. John,2021,ALL,All,all,46.77,>=$5M,20,10.4,False
977,Fort St. John,2021,SECONDARY,Secondary,secondary,46.77,>=$5M,20,10.4,False
977,Fort St. John,2022,333310,Commercial and Service Industry Machinery Manufact,primary,,<$5M,<2,,True
977,Fort St. John,2022,334610,Manufacturing and Reproducing Magnetic and Optical,secondary,73.428,>=$5M,6,27.2,False
977,Fort St. John,2022,336612,Boat Building,secondary,,<$5M,<2,,True
977,Fort St. John,2022,541330,Engineering Services,secondary,48.972,>=$5M,17,11.9,False
977,Fort St. John,2022,541370,Surveying and Mapping (except Geophysical) Service,secondary,4.851,<$5M,5,4.6,False
977,Fort St. John,2022,541511,Custom Computer Programming Services,secondary,,<$5M,<2,,True
977,Fort St. John,2022,ALL,All,all,129.914,>=$5M,31,12.9,False
977,Fort St. John,2022,PRIMARY,Primary,primary,,<$5M,<2,,True
977,Fort St. John,2022,SECONDARY,Secondary,secondary,128.682,>=$5M,30,13.2,False
977,Fort St. John,2023,333310,Commercial and Service Industry Machinery Manufact,primary,,<$5M,<2,,True
977,Fort St. John,2023,334610,Manufacturing and Reproducing Magnetic and Optical,secondary,70.314,>=$5M,6,27.2,False
977,Fort St. John,2023,336612,Boat Building,secondary,,<$5M,<2,,True
977,Fort St. John,2023,541330,Engineering Services,secondary,21.83,>=$5M,13,6.7,False
977,Fort St. John,2023,541370,Surveying and Mapping (except Geophysical) Service,secondary,4.851,<$5M,5,4.6,False
977,Fort St. John,2023,541511,Custom Computer Programming Services,secondary,,<$5M,<2,,True
977,Fort St. John,2023,ALL,All,all,99.658,>=$5M,27,10.5,False
977,Fort St. John,2023,PRIMARY,Primary,primary,,<$5M,<2,,True
977,Fort St. John,2023,SECONDARY,Secondary,secondary,98.426,>=$5M,26,10.8,False
977,Fort St. John,2024,333310,Commercial and Service Industry Machinery Manufact,primary,,<$5M,<2,,True
977,Fort St. John,2024,334610,Manufacturing and Reproducing Magnetic and Optical,secondary,64.172,>=$5M,5,32.6,False
977,Fort St. John,2024,336612,Boat Building,secondary,,<$5M,<2,,True
977,Fort St. John,2024,541330,Engineering Services,secondary,20.665,>=$5M,14,7.6,False
977,Fort St. John,2024,541370,Surveying and Mapping (except Geophysical) Service,secondary,1.774,<$5M,5,3.6,False
977,Fort St. John,2024,541511,Custom Computer Programming Services,secondary,,<$5M,<2,,True
977,Fort St. John,2024,ALL,All,all,92.227,>=$5M,27,12.0,False
977,Fort St. John,2024,PRIMARY,Primary,primary,,<$5M,<2,,True
977,Fort St. John,2024,SECONDARY,Secondary,secondary,91.539,>=$5M,26,12.3,False
977,Fort St. John,2025,333310,Commercial and Service Industry Machinery Manufact,primary,,<$5M,<2,,True
977,Fort St. John,2025,334610,Manufacturing and Reproducing Magnetic and Optical,secondary,64.172,>=$5M,5,32.6,False
977,Fort St. John,2025,336612,Boat Building,secondary,,<$5M,<2,,True
977,Fort St. John,2025,541330,Engineering Services,secondary,21.055,>=$5M,14,7.7,False
977,Fort St. John,2025,541370,Surveying and Mapping (except Geophysical) Service,secondary,1.774,<$5M,5,3.6,False
977,Fort St. John,2025,541511,Custom Computer Programming Services,secondary,,<$5M,<2,,True
977,Fort St. John,2025,ALL,All,all,92.766,>=$5M,27,12.1,False
977,Fort St. John,2025,PRIMARY,Primary,primary,,<$5M,<2,,True
977,Fort St. John,2025,SECONDARY,Secondary,secondary,92.078,>=$5M,26,12.4,False
320,Fredericton,2017,331110,Iron & Steel Mills & Ferroalloy Manufacturing,secondary,,>=$5M,<2,,True
320,Fredericton,2017,336411,Aircraft Manufacturing,primary,,<$5M,<2,,True
320,Fredericton,2017,541330,Engineering Services,secondary,64.68,>=$5M,39,7.2,False
320,Fredericton,2017,541370,Surveying & Mapping (except Geophysical) Services,secondary,12.642,>=$5M,8,10.8,False
320,Fredericton,2017,541511,Custom Computer Programming Services,secondary,15.318,>=$5M,5,14.8,False
320,Fredericton,2017,ALL,All,all,101.218,>=$5M,54,8.3,False
320,Fredericton,2017,PRIMARY,Primary,primary,,<$5M,<2,,True
320,Fredericton,2017,SECONDARY,Secondary,secondary,100.613,>=$5M,53,8.4,False
320,Fredericton,2018,331110,Iron & Steel Mills & Ferroalloy Manufacturing,secondary,,>=$5M,<2,,True
320,Fredericton,2018,336411,Aircraft Manufacturing,primary,,<$5M,<2,,True
320,Fredericton,2018,541330,Engineering Services,secondary,113.652,>=$5M,48,10.2,False
320,Fredericton,2018,541370,Surveying & Mapping (except Geophysical) Services,secondary,11.76,>=$5M,7,11.4,False
320,Fredericton,2018,541511,Custom Computer Programming Services,secondary,19.044,>=$5M,7,13.1,False
320,Fredericton,2018,ALL,All,all,153.034,>=$5M,64,10.5,False
320,Fredericton,2018,PRIMARY,Primary,primary,,<$5M,<2,,True
320,Fredericton,2018,SECONDARY,Secondary,secondary,152.429,>=$5M,63,10.7,False
320,Fredericton,2019,331110,Iron & Steel Mills & Ferroalloy Manufacturing,secondary,,>=$5M,<2,,True
320,Fredericton,2019,336411,Aircraft Manufacturing,primary,,<$5M,<2,,True
320,Fredericton,2019,541330,Engineering Services,secondary,126.357,>=$5M,55,9.9,False
320,Fredericton,2019,541370,Surveying & Mapping (except Geophysical) Services,secondary,11.76,>=$5M,7,11.4,False
320,Fredericton,2019,541511,Custom Computer Programming Services,secondary,21.114,>=$5M,9,11.3,False
320,Fredericton,2019,ALL,All,all,167.809,>=$5M,73,10.1,False
320,Fredericton,2019,PRIMARY,Primary,primary,,<$5M,<2,,True
320,Fredericton,2019,SECONDARY,Secondary,secondary,167.204,>=$5M,72,10.2,False
320,Fredericton,2020,331110,Iron & Steel Mills & Ferroalloy Manufacturing,secondary,,>=$5M,<2,,True
320,Fredericton,2020,336411,Aircraft Manufacturing,primary,,<$5M,<2,,True
320,Fredericton,2020,541330,Engineering Services,secondary,122.43,>=$5M,52,10.1,False
320,Fredericton,2020,541370,Surveying & Mapping (except Geophysical) Services,secondary,11.76,>=$5M,7,11.4,False
320,Fredericton,2020,541511,Custom Computer Programming Services,secondary,21.114,>=$5M,9,11.3,False
320,Fredericton,2020,ALL,All,all,163.882,>=$5M,70,10.2,False
320,Fredericton,2020,PRIMARY,Primary,primary,,<$5M,<2,,True
320,Fredericton,2020,SECONDARY,Secondary,secondary,163.277,>=$5M,69,10.4,False
320,Fredericton,2021,331110,Iron and Steel Mills and Ferroalloy Manufacturing,secondary,,>=$5M,<2,,True
320,Fredericton,2021,336411,Aircraft Manufacturing,primary,,<$5M,<2,,True
320,Fredericton,2021,541330,Engineering Services,secondary,109.263,>=$5M,52,9.0,False
320,Fredericton,2021,541370,Surveying and Mapping (except Geophysical) Service,secondary,11.76,>=$5M,7,11.4,False
320,Fredericton,2021,541511,Custom Computer Programming Services,secondary,21.114,>=$5M,9,11.3,False
320,Fredericton,2021,ALL,All,all,150.715,>=$5M,70,9.4,False
320,Fredericton,2021,PRIMARY,Primary,primary,,<$5M,<2,,True
320,Fredericton,2021,SECONDARY,Secondary,secondary,150.11,>=$5M,69,9.6,False
320,Fredericton,2022,331110,Iron and Steel Mills and Ferroalloy Manufacturing,secondary,,>=$5M,<2,,True
320,Fredericton,2022,334610,Manufacturing and Reproducing Magnetic and Optical,secondary,0.624,<$5M,2,1.5,False
320,Fredericton,2022,336411,Aircraft Manufacturing,primary,,<$5M,<2,,True
320,Fredericton,2022,541330,Engineering Services,secondary,112.035,>=$5M,54,8.7,False
320,Fredericton,2022,541370,Surveying and Mapping (except Geophysical) Service,secondary,12.642,>=$5M,8,10.0,False
320,Fredericton,2022,541511,Custom Computer Programming Services,secondary,21.114,>=$5M,9,11.1,False
320,Fredericton,2022,ALL,All,all,154.993,>=$5M,75,8.8,False
320,Fredericton,2022,PRIMARY,Primary,primary,,<$5M,<2,,True
320,Fredericton,2022,SECONDARY,Secondary,secondary,154.388,>=$5M,74,8.9,False
320,Fredericton,2023,331110,Iron and Steel Mills and Ferroalloy Manufacturing,secondary,,>=$5M,<2,,True
320,Fredericton,2023,333310,Commercial and Service Industry Machinery Manufact,primary,,<$5M,<2,,True
320,Fredericton,2023,334610,Manufacturing and Reproducing Magnetic and Optical,secondary,0.695,<$5M,2,1.5,False
320,Fredericton,2023,336411,Aircraft Manufacturing,primary,,<$5M,<2,,True
320,Fredericton,2023,541330,Engineering Services,secondary,108.716,>=$5M,53,8.7,False
320,Fredericton,2023,541370,Surveying and Mapping (except Geophysical) Service,secondary,11.186,>=$5M,8,10.0,False
320,Fredericton,2023,541511,Custom Computer Programming Services,secondary,36.5,>=$5M,9,11.7,False
320,Fredericton,2023,ALL,All,all,166.911,>=$5M,75,8.8,False
320,Fredericton,2023,PRIMARY,Primary,primary,1.841,<$5M,2,2.0,False
320,Fredericton,2023,SECONDARY,Secondary,secondary,165.07,>=$5M,73,9.0,False
320,Fredericton,2024,331110,Iron and Steel Mills and Ferroalloy Manufacturing,secondary,,<$5M,<2,,True
320,Fredericton,2024,333310,Commercial and Service Industry Machinery Manufact,primary,,<$5M,<2,,True
320,Fredericton,2024,334610,Manufacturing and Reproducing Magnetic and Optical,secondary,,<$5M,<2,,True
320,Fredericton,2024,336411,Aircraft Manufacturing,primary,,<$5M,<2,,True
320,Fredericton,2024,541330,Engineering Services,secondary,174.662,>=$5M,59,15.2,False
320,Fredericton,2024,541370,Surveying and Mapping (except Geophysical) Service,secondary,8.275,>=$5M,10,8.4,False
320,Fredericton,2024,541511,Custom Computer Programming Services,secondary,22.741,>=$5M,10,15.2,False
320,Fredericton,2024,ALL,All,all,211.519,>=$5M,83,13.8,False
320,Fredericton,2024,PRIMARY,Primary,primary,1.058,<$5M,2,2.0,False
320,Fredericton,2024,SECONDARY,Secondary,secondary,210.461,>=$5M,81,14.1,False
320,Fredericton,2025,331110,Iron and Steel Mills and Ferroalloy Manufacturing,secondary,,<$5M,<2,,True
320,Fredericton,2025,333310,Commercial and Service Industry Machinery Manufact,primary,,<$5M,<2,,True
320,Fredericton,2025,334610,Manufacturing and Reproducing Magnetic and Optical,secondary,,<$5M,<2,,True
320,Fredericton,2025,336411,Aircraft Manufacturing,primary,,<$5M,<2,,True
320,Fredericton,2025,541330,Engineering Services,secondary,184.214,>=$5M,62,15.2,False
320,Fredericton,2025,541370,Surveying and Mapping (except Geophysical) Service,secondary,8.374,>=$5M,10,8.5,False
320,Fredericton,2025,541511,Custom Computer Programming Services,secondary,23.041,>=$5M,11,14.0,False
320,Fredericton,2025,ALL,All,all,221.47,>=$5M,87,13.8,False
320,Fredericton,2025,PRIMARY,Primary,primary,1.058,<$5M,2,2.0,False
320,Fredericton,2025,SECONDARY,Secondary,secondary,220.412,>=$5M,85,14.0,False
011,Gander,2017,541330,Engineering Services,secondary,14.553,>=$5M,4,15.8,False
011,Gander,2017,541370,Surveying & Mapping (except Geophysical) Services,secondary,,<$5M,<2,,True
011,Gander,2017,ALL,All,all,14.994,>=$5M,5,13.2,False
011,Gander,2017,SECONDARY,Secondary,secondary,14.994,>=$5M,5,13.2,False
011,Gander,2018,541330,Engineering Services,secondary,14.553,>=$5M,4,15.8,False
011,Gander,2018,541370,Surveying & Mapping (except Geophysical) Services,secondary,,<$5M,<2,,True
011,Gander,2018,ALL,All,all,14.994,>=$5M,5,13.2,False
011,Gander,2018,SECONDARY,Secondary,secondary,14.994,>=$5M,5,13.2,False
011,Gander,2019,541330,Engineering Services,secondary,14.553,>=$5M,4,15.8,False
011,Gander,2019,541370,Surveying & Mapping (except Geophysical) Services,secondary,,<$5M,<2,,True
011,Gander,2019,ALL,All,all,14.994,>=$5M,5,13.2,False
011,Gander,2019,SECONDARY,Secondary,secondary,14.994,>=$5M,5,13.2,False
011,Gander,2020,541330,Engineering Services,secondary,14.553,>=$5M,4,15.8,False
011,Gander,2020,541370,Surveying & Mapping (except Geophysical) Services,secondary,,<$5M,<2,,True
011,Gander,2020,ALL,All,all,14.994,>=$5M,5,13.2,False
011,Gander,2020,SECONDARY,Secondary,secondary,14.994,>=$5M,5,13.2,False
011,Gander,2021,541330,Engineering Services,secondary,14.553,>=$5M,4,15.8,False
011,Gander,2021,541370,Surveying and Mapping (except Geophysical) Service,secondary,,<$5M,<2,,True
011,Gander,2021,ALL,All,all,14.994,>=$5M,5,13.2,False
011,Gander,2021,SECONDARY,Secondary,secondary,14.994,>=$5M,5,13.2,False
011,Gander,2022,541330,Engineering Services,secondary,14.553,>=$5M,4,15.8,False
011,Gander,2022,541370,Surveying and Mapping (except Geophysical) Service,secondary,,<$5M,<2,,True
011,Gander,2022,ALL,All,all,14.994,>=$5M,5,13.2,False
011,Gander,2022,SECONDARY,Secondary,secondary,14.994,>=$5M,5,13.2,False
011,Gander,2023,541330,Engineering Services,secondary,12.533,>=$5M,4,15.8,False
011,Gander,2023,541370,Surveying and Mapping (except Geophysical) Service,secondary,,<$5M,<2,,True
011,Gander,2023,ALL,All,all,12.829,>=$5M,5,13.2,False
011,Gander,2023,SECONDARY,Secondary,secondary,12.829,>=$5M,5,13.2,False
011,Gander,2024,541330,Engineering Services,secondary,11.501,>=$5M,4,14.8,False
011,Gander,2024,541370,Surveying and Mapping (except Geophysical) Service,secondary,,<$5M,<2,,True
011,Gander,2024,ALL,All,all,11.797,>=$5M,5,12.4,False
011,Gander,2024,SECONDARY,Secondary,secondary,11.797,>=$5M,5,12.4,False
011,Gander,2025,541330,Engineering Services,secondary,6.823,>=$5M,3,11.7,False
011,Gander,2025,541370,Surveying and Mapping (except Geophysical) Service,secondary,,<$5M,<2,,True
011,Gander,2025,ALL,All,all,7.119,>=$5M,4,9.5,False
011,Gander,2025,SECONDARY,Secondary,secondary,7.119,>=$5M,4,9.5,False
450,Granby,2017,331110,Iron & Steel Mills & Ferroalloy Manufacturing,secondary,67.201,>=$5M,6,9.8,False
450,Granby,2017,541330,Engineering Services,secondary,12.243,>=$5M,11,4.8,False
450,Granby,2017,541370,Surveying & Mapping (except Geophysical) Services,secondary,17.934,>=$5M,12,10.2,False
450,Granby,2017,541511,Custom Computer Programming Services,secondary,2.691,<$5M,2,6.5,False
450,Granby,2017,ALL,All,all,100.069,>=$5M,31,8.0,False
450,Granby,2017,SECONDARY,Secondary,secondary,100.069,>=$5M,31,8.0,False
450,Granby,2018,331110,Iron & Steel Mills & Ferroalloy Manufacturing,secondary,67.201,>=$5M,6,9.8,False
450,Granby,2018,541330,Engineering Services,secondary,13.398,>=$5M,12,4.8,False
450,Granby,2018,541370,Surveying & Mapping (except Geophysical) Services,secondary,17.934,>=$5M,12,10.2,False
450,Granby,2018,541511,Custom Computer Programming Services,secondary,2.691,<$5M,2,6.5,False
450,Granby,2018,ALL,All,all,101.224,>=$5M,32,7.9,False
450,Granby,2018,SECONDARY,Secondary,secondary,101.224,>=$5M,32,7.9,False
450,Granby,2019,331110,Iron & Steel Mills & Ferroalloy Manufacturing,secondary,67.201,>=$5M,6,9.8,False
450,Granby,2019,541330,Engineering Services,secondary,20.328,>=$5M,16,5.5,False
450,Granby,2019,541370,Surveying & Mapping (except Geophysical) Services,secondary,19.551,>=$5M,14,9.5,False
450,Granby,2019,541511,Custom Computer Programming Services,secondary,2.691,<$5M,2,6.5,False
450,Granby,2019,ALL,All,all,109.771,>=$5M,38,7.7,False
450,Granby,2019,SECONDARY,Secondary,secondary,109.771,>=$5M,38,7.7,False
450,Granby,2020,331110,Iron & Steel Mills & Ferroalloy Manufacturing,secondary,67.201,>=$5M,6,9.8,False
450,Granby,2020,541330,Engineering Services,secondary,24.024,>=$5M,17,6.1,False
450,Granby,2020,541370,Surveying & Mapping (except Geophysical) Services,secondary,19.551,>=$5M,14,9.5,False
450,Granby,2020,541511,Custom Computer Programming Services,secondary,2.691,<$5M,2,6.5,False
450,Granby,2020,ALL,All,all,113.467,>=$5M,39,7.9,False
450,Granby,2020,SECONDARY,Secondary,secondary,113.467,>=$5M,39,7.9,False
450,Granby,2021,331110,Iron and Steel Mills and Ferroalloy Manufacturing,secondary,67.201,>=$5M,6,9.8,False
450,Granby,2021,541330,Engineering Services,secondary,24.024,>=$5M,17,6.1,False
450,Granby,2021,541370,Surveying and Mapping (except Geophysical) Service,secondary,19.551,>=$5M,14,9.5,False
450,Granby,2021,541511,Custom Computer Programming Services,secondary,2.691,<$5M,2,6.5,False
450,Granby,2021,ALL,All,all,113.467,>=$5M,39,7.9,False
450,Granby,2021,SECONDARY,Secondary,secondary,113.467,>=$5M,39,7.9,False
450,Granby,2022,331110,Iron and Steel Mills and Ferroalloy Manufacturing,secondary,67.201,>=$5M,6,9.8,False
450,Granby,2022,333310,Commercial and Service Industry Machinery Manufact,primary,3.378,<$5M,3,1.3,False
450,Granby,2022,541330,Engineering Services,secondary,23.793,>=$5M,17,5.9,False
450,Granby,2022,541370,Surveying and Mapping (except Geophysical) Service,secondary,19.551,>=$5M,14,9.5,False
450,Granby,2022,541511,Custom Computer Programming Services,secondary,2.691,<$5M,2,6.5,False
450,Granby,2022,ALL,All,all,116.614,>=$5M,42,7.4,False
450,Granby,2022,PRIMARY,Primary,primary,3.378,<$5M,3,1.3,False
450,Granby,2022,SECONDARY,Secondary,secondary,113.236,>=$5M,39,7.8,False
450,Granby,2023,331110,Iron and Steel Mills and Ferroalloy Manufacturing,secondary,53.844,>=$5M,6,9.8,False
450,Granby,2023,333310,Commercial and Service Industry Machinery Manufact,primary,3.378,<$5M,3,1.3,False
450,Granby,2023,541330,Engineering Services,secondary,15.99,>=$5M,14,4.8,False
450,Granby,2023,541370,Surveying and Mapping (except Geophysical) Service,secondary,18.095,>=$5M,14,10.5,False
450,Granby,2023,541511,Custom Computer Programming Services,secondary,4.113,<$5M,3,6.0,False
450,Granby,2023,ALL,All,all,95.42,>=$5M,40,7.4,False
450,Granby,2023,PRIMARY,Primary,primary,3.378,<$5M,3,1.3,False
450,Granby,2023,SECONDARY,Secondary,secondary,92.042,>=$5M,37,7.9,False
450,Granby,2024,331110,Iron and Steel Mills and Ferroalloy Manufacturing,secondary,38.015,>=$5M,6,9.8,False
450,Granby,2024,333310,Commercial and Service Industry Machinery Manufact,primary,1.599,<$5M,3,2.7,False
450,Granby,2024,541330,Engineering Services,secondary,51.463,>=$5M,16,16.5,False
450,Granby,2024,541370,Surveying and Mapping (except Geophysical) Service,secondary,12.806,>=$5M,15,8.6,False
450,Granby,2024,541511,Custom Computer Programming Services,secondary,10.623,>=$5M,4,17.8,False
450,Granby,2024,ALL,All,all,114.506,>=$5M,44,12.1,False
450,Granby,2024,PRIMARY,Primary,primary,1.599,<$5M,3,2.7,False
450,Granby,2024,SECONDARY,Secondary,secondary,112.907,>=$5M,41,12.8,False
450,Granby,2025,331110,Iron and Steel Mills and Ferroalloy Manufacturing,secondary,38.015,>=$5M,6,9.8,False
450,Granby,2025,333310,Commercial and Service Industry Machinery Manufact,primary,1.599,<$5M,3,2.7,False
450,Granby,2025,541330,Engineering Services,secondary,55.557,>=$5M,17,16.8,False
450,Granby,2025,541370,Surveying and Mapping (except Geophysical) Service,secondary,13.004,>=$5M,15,8.8,False
450,Granby,2025,541511,Custom Computer Programming Services,secondary,10.623,>=$5M,4,17.8,False
450,Granby,2025,ALL,All,all,118.798,>=$5M,45,12.3,False
450,Granby,2025,PRIMARY,Primary,primary,1.599,<$5M,3,2.7,False
450,Granby,2025,SECONDARY,Secondary,secondary,117.199,>=$5M,42,13.0,False
010,Grand Falls-Windsor,2017,541330,Engineering Services,secondary,2.772,<$5M,2,6.0,False
010,Grand Falls-Windsor,2017,541370,Surveying & Mapping (except Geophysical) Services,secondary,,<$5M,<2,,True
010,Grand Falls-Windsor,2017,ALL,All,all,3.801,<$5M,3,6.3,False
010,Grand Falls-Windsor,2017,SECONDARY,Secondary,secondary,3.801,<$5M,3,6.3,False
010,Grand Falls-Windsor,2018,541330,Engineering Services,secondary,2.772,<$5M,2,6.0,False
010,Grand Falls-Windsor,2018,541370,Surveying & Mapping (except Geophysical) Services,secondary,,<$5M,<2,,True
010,Grand Falls-Windsor,2018,ALL,All,all,3.801,<$5M,3,6.3,False
010,Grand Falls-Windsor,2018,SECONDARY,Secondary,secondary,3.801,<$5M,3,6.3,False
010,Grand Falls-Windsor,2019,541330,Engineering Services,secondary,2.772,<$5M,2,6.0,False
010,Grand Falls-Windsor,2019,541370,Surveying & Mapping (except Geophysical) Services,secondary,,<$5M,<2,,True
010,Grand Falls-Windsor,2019,ALL,All,all,3.801,<$5M,3,6.3,False
010,Grand Falls-Windsor,2019,SECONDARY,Secondary,secondary,3.801,<$5M,3,6.3,False
010,Grand Falls-Windsor,2020,541330,Engineering Services,secondary,2.772,<$5M,2,6.0,False
010,Grand Falls-Windsor,2020,541370,Surveying & Mapping (except Geophysical) Services,secondary,,<$5M,<2,,True
010,Grand Falls-Windsor,2020,ALL,All,all,3.801,<$5M,3,6.3,False
010,Grand Falls-Windsor,2020,SECONDARY,Secondary,secondary,3.801,<$5M,3,6.3,False
010,Grand Falls-Windsor,2021,541330,Engineering Services,secondary,2.772,<$5M,2,6.0,False
010,Grand Falls-Windsor,2021,541370,Surveying and Mapping (except Geophysical) Service,secondary,,<$5M,<2,,True
010,Grand Falls-Windsor,2021,ALL,All,all,3.801,<$5M,3,6.3,False
010,Grand Falls-Windsor,2021,SECONDARY,Secondary,secondary,3.801,<$5M,3,6.3,False
010,Grand Falls-Windsor,2022,541330,Engineering Services,secondary,5.082,>=$5M,3,7.3,False
010,Grand Falls-Windsor,2022,541370,Surveying and Mapping (except Geophysical) Service,secondary,1.47,<$5M,2,5.0,False
010,Grand Falls-Windsor,2022,ALL,All,all,6.552,>=$5M,5,6.4,False
010,Grand Falls-Windsor,2022,SECONDARY,Secondary,secondary,6.552,>=$5M,5,6.4,False
010,Grand Falls-Windsor,2023,541330,Engineering Services,secondary,2.772,<$5M,2,6.0,False
010,Grand Falls-Windsor,2023,541370,Surveying and Mapping (except Geophysical) Service,secondary,1.47,<$5M,2,5.0,False
010,Grand Falls-Windsor,2023,ALL,All,all,4.242,<$5M,4,5.5,False
010,Grand Falls-Windsor,2023,SECONDARY,Secondary,secondary,4.242,<$5M,4,5.5,False
010,Grand Falls-Windsor,2024,541330,Engineering Services,secondary,1.56,<$5M,2,4.0,False
010,Grand Falls-Windsor,2024,541370,Surveying and Mapping (except Geophysical) Service,secondary,0.986,<$5M,2,5.0,False
010,Grand Falls-Windsor,2024,ALL,All,all,2.546,<$5M,4,4.5,False
010,Grand Falls-Windsor,2024,SECONDARY,Secondary,secondary,2.546,<$5M,4,4.5,False
010,Grand Falls-Windsor,2025,541330,Engineering Services,secondary,1.56,<$5M,2,4.0,False
010,Grand Falls-Windsor,2025,541370,Surveying and Mapping (except Geophysical) Service,secondary,0.986,<$5M,2,5.0,False
010,Grand Falls-Windsor,2025,ALL,All,all,2.546,<$5M,4,4.5,False
010,Grand Falls-Windsor,2025,SECONDARY,Secondary,secondary,2.546,<$5M,4,4.5,False
850,Grande Prairie,2017,325920,Explosives Manufacturing,primary,,<$5M,<2,,True
850,Grande Prairie,2017,331110,Iron & Steel Mills & Ferroalloy Manufacturing,secondary,159.46,>=$5M,3,46.7,False
850,Grande Prairie,2017,336992,"Military Armored Vehicle, Tank & Tank Cmpnnt Mfg",primary,,>=$5M,<2,,True
850,Grande Prairie,2017,541330,Engineering Services,secondary,65.604,>=$5M,28,10.1,False
850,Grande Prairie,2017,541370,Surveying & Mapping (except Geophysical) Services,secondary,27.048,>=$5M,14,13.1,False
850,Grande Prairie,2017,541511,Custom Computer Programming Services,secondary,1.449,<$5M,2,3.5,False
850,Grande Prairie,2017,ALL,All,all,317.795,>=$5M,49,14.2,False
850,Grande Prairie,2017,PRIMARY,Primary,primary,64.234,>=$5M,2,41.5,False
850,Grande Prairie,2017,SECONDARY,Secondary,secondary,253.561,>=$5M,47,13.1,False
850,Grande Prairie,2018,325920,Explosives Manufacturing,primary,,<$5M,<2,,True
850,Grande Prairie,2018,331110,Iron & Steel Mills & Ferroalloy Manufacturing,secondary,159.46,>=$5M,3,46.7,False
850,Grande Prairie,2018,336992,"Military Armored Vehicle, Tank & Tank Cmpnnt Mfg",primary,,>=$5M,<2,,True
850,Grande Prairie,2018,541330,Engineering Services,secondary,62.139,>=$5M,28,9.6,False
850,Grande Prairie,2018,541370,Surveying & Mapping (except Geophysical) Services,secondary,27.342,>=$5M,14,13.3,False
850,Grande Prairie,2018,541511,Custom Computer Programming Services,secondary,1.449,<$5M,2,3.5,False
850,Grande Prairie,2018,ALL,All,all,314.624,>=$5M,49,14.0,False
850,Grande Prairie,2018,PRIMARY,Primary,primary,64.234,>=$5M,2,41.5,False
850,Grande Prairie,2018,SECONDARY,Secondary,secondary,250.39,>=$5M,47,12.8,False
850,Grande Prairie,2019,325920,Explosives Manufacturing,primary,4.522,<$5M,2,7.0,False
850,Grande Prairie,2019,331110,Iron & Steel Mills & Ferroalloy Manufacturing,secondary,159.46,>=$5M,3,46.7,False
850,Grande Prairie,2019,336992,"Military Armored Vehicle, Tank & Tank Cmpnnt Mfg",primary,,>=$5M,<2,,True
850,Grande Prairie,2019,541330,Engineering Services,secondary,84.546,>=$5M,35,10.5,False
850,Grande Prairie,2019,541370,Surveying & Mapping (except Geophysical) Services,secondary,27.342,>=$5M,14,13.3,False
850,Grande Prairie,2019,541511,Custom Computer Programming Services,secondary,2.484,<$5M,3,4.0,False
850,Grande Prairie,2019,ALL,All,all,340.004,>=$5M,58,13.7,False
850,Grande Prairie,2019,PRIMARY,Primary,primary,66.172,>=$5M,3,29.7,False
850,Grande Prairie,2019,SECONDARY,Secondary,secondary,273.832,>=$5M,55,12.8,False
850,Grande Prairie,2020,325920,Explosives Manufacturing,primary,,<$5M,<2,,True
850,Grande Prairie,2020,331110,Iron & Steel Mills & Ferroalloy Manufacturing,secondary,159.46,>=$5M,3,46.7,False
850,Grande Prairie,2020,336992,"Military Armored Vehicle, Tank & Tank Cmpnnt Mfg",primary,,>=$5M,<2,,True
850,Grande Prairie,2020,541330,Engineering Services,secondary,157.773,>=$5M,34,20.1,False
850,Grande Prairie,2020,541370,Surveying & Mapping (except Geophysical) Services,secondary,26.607,>=$5M,13,13.9,False
850,Grande Prairie,2020,541511,Custom Computer Programming Services,secondary,3.519,<$5M,4,4.2,False
850,Grande Prairie,2020,ALL,All,all,411.593,>=$5M,56,19.7,False
850,Grande Prairie,2020,PRIMARY,Primary,primary,64.234,>=$5M,2,41.5,False
850,Grande Prairie,2020,SECONDARY,Secondary,secondary,347.359,>=$5M,54,18.9,False
850,Grande Prairie,2021,325920,Explosives Manufacturing,primary,,<$5M,<2,,True
850,Grande Prairie,2021,331110,Iron and Steel Mills and Ferroalloy Manufacturing,secondary,159.46,>=$5M,3,46.7,False
850,Grande Prairie,2021,336992,"Military Armored Vehicle, Tank, and Tank Component",primary,,>=$5M,<2,,True
850,Grande Prairie,2021,541330,Engineering Services,secondary,161.007,>=$5M,36,19.6,False
850,Grande Prairie,2021,541370,Surveying and Mapping (except Geophysical) Service,secondary,26.313,>=$5M,13,13.8,False
850,Grande Prairie,2021,541511,Custom Computer Programming Services,secondary,3.519,<$5M,4,4.2,False
850,Grande Prairie,2021,ALL,All,all,414.533,>=$5M,58,19.4,False
850,Grande Prairie,2021,PRIMARY,Primary,primary,64.234,>=$5M,2,41.5,False
850,Grande Prairie,2021,SECONDARY,Secondary,secondary,350.299,>=$5M,56,18.6,False
850,Grande Prairie,2022,325920,Explosives Manufacturing,primary,,<$5M,<2,,True
850,Grande Prairie,2022,331110,Iron and Steel Mills and Ferroalloy Manufacturing,secondary,159.46,>=$5M,3,46.7,False
850,Grande Prairie,2022,333310,Commercial and Service Industry Machinery Manufact,primary,6.468,>=$5M,3,7.0,False
850,Grande Prairie,2022,334610,Manufacturing and Reproducing Magnetic and Optical,secondary,16.036,>=$5M,3,12.7,False
850,Grande Prairie,2022,336992,"Military Armored Vehicle, Tank, and Tank Component",primary,,>=$5M,<2,,True
850,Grande Prairie,2022,541330,Engineering Services,secondary,79.464,>=$5M,34,10.6,False
850,Grande Prairie,2022,541370,Surveying and Mapping (except Geophysical) Service,secondary,27.93,>=$5M,15,12.3,False
850,Grande Prairie,2022,541511,Custom Computer Programming Services,secondary,4.554,<$5M,5,3.4,False
850,Grande Prairie,2022,ALL,All,all,358.146,>=$5M,65,13.0,False
850,Grande Prairie,2022,PRIMARY,Primary,primary,70.702,>=$5M,5,20.8,False
850,Grande Prairie,2022,SECONDARY,Secondary,secondary,287.444,>=$5M,60,12.3,False
850,Grande Prairie,2023,325920,Explosives Manufacturing,primary,,<$5M,<2,,True
850,Grande Prairie,2023,331110,Iron and Steel Mills and Ferroalloy Manufacturing,secondary,159.46,>=$5M,3,46.7,False
850,Grande Prairie,2023,333310,Commercial and Service Industry Machinery Manufact,primary,6.468,>=$5M,3,7.0,False
850,Grande Prairie,2023,334610,Manufacturing and Reproducing Magnetic and Optical,secondary,15.98,>=$5M,3,12.7,False
850,Grande Prairie,2023,336992,"Military Armored Vehicle, Tank, and Tank Component",primary,,>=$5M,<2,,True
850,Grande Prairie,2023,541330,Engineering Services,secondary,66.624,>=$5M,29,10.8,False
850,Grande Prairie,2023,541370,Surveying and Mapping (except Geophysical) Service,secondary,27.93,>=$5M,15,12.2,False
850,Grande Prairie,2023,541511,Custom Computer Programming Services,secondary,4.554,<$5M,5,3.4,False
850,Grande Prairie,2023,ALL,All,all,321.231,>=$5M,60,13.2,False
850,Grande Prairie,2023,PRIMARY,Primary,primary,46.683,>=$5M,5,20.8,False
850,Grande Prairie,2023,SECONDARY,Secondary,secondary,274.548,>=$5M,55,12.6,False
850,Grande Prairie,2024,331110,Iron and Steel Mills and Ferroalloy Manufacturing,secondary,,>=$5M,<2,,True
850,Grande Prairie,2024,333310,Commercial and Service Industry Machinery Manufact,primary,3.44,<$5M,3,6.7,False
850,Grande Prairie,2024,334610,Manufacturing and Reproducing Magnetic and Optical,secondary,11.418,>=$5M,3,9.7,False
850,Grande Prairie,2024,336992,"Military Armored Vehicle, Tank, and Tank Component",primary,,>=$5M,<2,,True
850,Grande Prairie,2024,541330,Engineering Services,secondary,66.863,>=$5M,28,12.2,False
850,Grande Prairie,2024,541370,Surveying and Mapping (except Geophysical) Service,secondary,9.853,>=$5M,15,6.6,False
850,Grande Prairie,2024,541511,Custom Computer Programming Services,secondary,11.82,>=$5M,4,19.8,False
850,Grande Prairie,2024,ALL,All,all,179.681,>=$5M,55,12.8,False
850,Grande Prairie,2024,PRIMARY,Primary,primary,41.071,>=$5M,4,23.8,False
850,Grande Prairie,2024,SECONDARY,Secondary,secondary,138.61,>=$5M,51,12.0,False
850,Grande Prairie,2025,331110,Iron and Steel Mills and Ferroalloy Manufacturing,secondary,,>=$5M,<2,,True
850,Grande Prairie,2025,333310,Commercial and Service Industry Machinery Manufact,primary,3.44,<$5M,3,6.7,False
850,Grande Prairie,2025,334610,Manufacturing and Reproducing Magnetic and Optical,secondary,11.418,>=$5M,3,9.7,False
850,Grande Prairie,2025,336992,"Military Armored Vehicle, Tank, and Tank Component",primary,,>=$5M,<2,,True
850,Grande Prairie,2025,541330,Engineering Services,secondary,66.472,>=$5M,28,12.2,False
850,Grande Prairie,2025,541370,Surveying and Mapping (except Geophysical) Service,secondary,10.051,>=$5M,15,6.8,False
850,Grande Prairie,2025,541511,Custom Computer Programming Services,secondary,12.119,>=$5M,4,20.2,False
850,Grande Prairie,2025,ALL,All,all,179.787,>=$5M,55,12.9,False
850,Grande Prairie,2025,PRIMARY,Primary,primary,41.071,>=$5M,4,23.8,False
850,Grande Prairie,2025,SECONDARY,Secondary,secondary,138.716,>=$5M,51,12.0,False
580,Greater Sudbury / Grand Sudbury,2017,331110,Iron & Steel Mills & Ferroalloy Manufacturing,secondary,58.089,>=$5M,2,25.5,False
580,Greater Sudbury / Grand Sudbury,2017,541330,Engineering Services,secondary,70.224,>=$5M,46,6.6,False
580,Greater Sudbury / Grand Sudbury,2017,541370,Surveying & Mapping (except Geophysical) Services,secondary,7.203,>=$5M,7,7.0,False
580,Greater Sudbury / Grand Sudbury,2017,541511,Custom Computer Programming Services,secondary,3.519,<$5M,4,4.2,False
580,Greater Sudbury / Grand Sudbury,2017,ALL,All,all,139.035,>=$5M,59,7.1,False
580,Greater Sudbury / Grand Sudbury,2017,SECONDARY,Secondary,secondary,139.035,>=$5M,59,7.1,False
580,Greater Sudbury / Grand Sudbury,2018,331110,Iron & Steel Mills & Ferroalloy Manufacturing,secondary,58.089,>=$5M,2,25.5,False
580,Greater Sudbury / Grand Sudbury,2018,541330,Engineering Services,secondary,118.503,>=$5M,49,10.5,False
580,Greater Sudbury / Grand Sudbury,2018,541370,Surveying & Mapping (except Geophysical) Services,secondary,6.321,>=$5M,6,7.2,False
580,Greater Sudbury / Grand Sudbury,2018,541511,Custom Computer Programming Services,secondary,3.519,<$5M,4,4.2,False
580,Greater Sudbury / Grand Sudbury,2018,ALL,All,all,186.432,>=$5M,61,10.2,False
580,Greater Sudbury / Grand Sudbury,2018,SECONDARY,Secondary,secondary,186.432,>=$5M,61,10.2,False
580,Greater Sudbury / Grand Sudbury,2019,331110,Iron & Steel Mills & Ferroalloy Manufacturing,secondary,64.923,>=$5M,3,19.0,False
580,Greater Sudbury / Grand Sudbury,2019,541330,Engineering Services,secondary,134.673,>=$5M,59,9.9,False
580,Greater Sudbury / Grand Sudbury,2019,541370,Surveying & Mapping (except Geophysical) Services,secondary,6.321,>=$5M,6,7.2,False
580,Greater Sudbury / Grand Sudbury,2019,541511,Custom Computer Programming Services,secondary,4.14,<$5M,5,4.0,False
580,Greater Sudbury / Grand Sudbury,2019,ALL,All,all,210.057,>=$5M,73,9.6,False
580,Greater Sudbury / Grand Sudbury,2019,SECONDARY,Secondary,secondary,210.057,>=$5M,73,9.6,False
580,Greater Sudbury / Grand Sudbury,2020,331110,Iron & Steel Mills & Ferroalloy Manufacturing,secondary,58.089,>=$5M,2,25.5,False
580,Greater Sudbury / Grand Sudbury,2020,541330,Engineering Services,secondary,132.825,>=$5M,60,9.6,False
580,Greater Sudbury / Grand Sudbury,2020,541370,Surveying & Mapping (except Geophysical) Services,secondary,7.056,>=$5M,7,6.9,False
580,Greater Sudbury / Grand Sudbury,2020,541511,Custom Computer Programming Services,secondary,4.554,<$5M,5,4.4,False
580,Greater Sudbury / Grand Sudbury,2020,ALL,All,all,202.524,>=$5M,74,9.4,False
580,Greater Sudbury / Grand Sudbury,2020,SECONDARY,Secondary,secondary,202.524,>=$5M,74,9.4,False
580,Greater Sudbury / Grand Sudbury,2021,331110,Iron and Steel Mills and Ferroalloy Manufacturing,secondary,58.089,>=$5M,2,25.5,False
580,Greater Sudbury / Grand Sudbury,2021,541330,Engineering Services,secondary,121.737,>=$5M,57,9.1,False
580,Greater Sudbury / Grand Sudbury,2021,541370,Surveying and Mapping (except Geophysical) Service,secondary,7.056,>=$5M,7,6.6,False
580,Greater Sudbury / Grand Sudbury,2021,541511,Custom Computer Programming Services,secondary,4.554,<$5M,5,4.4,False
580,Greater Sudbury / Grand Sudbury,2021,ALL,All,all,191.436,>=$5M,71,9.0,False
580,Greater Sudbury / Grand Sudbury,2021,SECONDARY,Secondary,secondary,191.436,>=$5M,71,9.0,False
580,Greater Sudbury / Grand Sudbury,2022,331110,Iron and Steel Mills and Ferroalloy Manufacturing,secondary,58.089,>=$5M,2,25.5,False
580,Greater Sudbury / Grand Sudbury,2022,333310,Commercial and Service Industry Machinery Manufact,primary,9.019,>=$5M,3,9.3,False
580,Greater Sudbury / Grand Sudbury,2022,334610,Manufacturing and Reproducing Magnetic and Optical,secondary,2.11,<$5M,2,2.5,False
580,Greater Sudbury / Grand Sudbury,2022,541330,Engineering Services,secondary,126.126,>=$5M,61,8.7,False
580,Greater Sudbury / Grand Sudbury,2022,541370,Surveying and Mapping (except Geophysical) Service,secondary,7.35,>=$5M,8,6.0,False
580,Greater Sudbury / Grand Sudbury,2022,541511,Custom Computer Programming Services,secondary,4.554,<$5M,5,4.4,False
580,Greater Sudbury / Grand Sudbury,2022,ALL,All,all,207.248,>=$5M,81,8.4,False
580,Greater Sudbury / Grand Sudbury,2022,PRIMARY,Primary,primary,9.019,>=$5M,3,9.3,False
580,Greater Sudbury / Grand Sudbury,2022,SECONDARY,Secondary,secondary,198.229,>=$5M,78,8.4,False
580,Greater Sudbury / Grand Sudbury,2023,331110,Iron and Steel Mills and Ferroalloy Manufacturing,secondary,32.858,>=$5M,2,25.5,False
580,Greater Sudbury / Grand Sudbury,2023,333310,Commercial and Service Industry Machinery Manufact,primary,11.094,>=$5M,4,11.8,False
580,Greater Sudbury / Grand Sudbury,2023,334610,Manufacturing and Reproducing Magnetic and Optical,secondary,2.054,<$5M,2,2.5,False
580,Greater Sudbury / Grand Sudbury,2023,541330,Engineering Services,secondary,105.381,>=$5M,59,7.5,False
580,Greater Sudbury / Grand Sudbury,2023,541370,Surveying and Mapping (except Geophysical) Service,secondary,6.768,>=$5M,8,6.0,False
580,Greater Sudbury / Grand Sudbury,2023,541511,Custom Computer Programming Services,secondary,4.21,<$5M,5,4.4,False
580,Greater Sudbury / Grand Sudbury,2023,ALL,All,all,162.365,>=$5M,80,7.7,False
580,Greater Sudbury / Grand Sudbury,2023,PRIMARY,Primary,primary,11.094,>=$5M,4,11.8,False
580,Greater Sudbury / Grand Sudbury,2023,SECONDARY,Secondary,secondary,151.271,>=$5M,76,7.5,False
580,Greater Sudbury / Grand Sudbury,2024,331110,Iron and Steel Mills and Ferroalloy Manufacturing,secondary,32.858,>=$5M,2,25.5,False
580,Greater Sudbury / Grand Sudbury,2024,333310,Commercial and Service Industry Machinery Manufact,primary,25.287,>=$5M,6,12.3,False
580,Greater Sudbury / Grand Sudbury,2024,334610,Manufacturing and Reproducing Magnetic and Optical,secondary,1.97,<$5M,2,2.5,False
580,Greater Sudbury / Grand Sudbury,2024,541330,Engineering Services,secondary,153.025,>=$5M,65,12.1,False
580,Greater Sudbury / Grand Sudbury,2024,541370,Surveying and Mapping (except Geophysical) Service,secondary,4.236,<$5M,8,5.4,False
580,Greater Sudbury / Grand Sudbury,2024,541511,Custom Computer Programming Services,secondary,3.293,<$5M,5,4.4,False
580,Greater Sudbury / Grand Sudbury,2024,ALL,All,all,220.669,>=$5M,88,11.1,False
580,Greater Sudbury / Grand Sudbury,2024,PRIMARY,Primary,primary,25.287,>=$5M,6,12.3,False
580,Greater Sudbury / Grand Sudbury,2024,SECONDARY,Secondary,secondary,195.382,>=$5M,82,11.0,False
580,Greater Sudbury / Grand Sudbury,2025,331110,Iron and Steel Mills and Ferroalloy Manufacturing,secondary,32.858,>=$5M,2,25.5,False
580,Greater Sudbury / Grand Sudbury,2025,333310,Commercial and Service Industry Machinery Manufact,primary,12.881,>=$5M,6,12.3,False
580,Greater Sudbury / Grand Sudbury,2025,334610,Manufacturing and Reproducing Magnetic and Optical,secondary,1.97,<$5M,2,2.5,False
580,Greater Sudbury / Grand Sudbury,2025,541330,Engineering Services,secondary,156.335,>=$5M,65,12.3,False
580,Greater Sudbury / Grand Sudbury,2025,541370,Surveying and Mapping (except Geophysical) Service,secondary,4.434,<$5M,8,5.6,False
580,Greater Sudbury / Grand Sudbury,2025,541511,Custom Computer Programming Services,secondary,3.293,<$5M,5,4.4,False
580,Greater Sudbury / Grand Sudbury,2025,ALL,All,all,211.771,>=$5M,88,11.4,False
580,Greater Sudbury / Grand Sudbury,2025,PRIMARY,Primary,primary,12.881,>=$5M,6,12.3,False
580,Greater Sudbury / Grand Sudbury,2025,SECONDARY,Secondary,secondary,198.89,>=$5M,82,11.3,False
550,Guelph,2017,331110,Iron & Steel Mills & Ferroalloy Manufacturing,secondary,122.632,>=$5M,4,32.0,False
550,Guelph,2017,541330,Engineering Services,secondary,71.968,>=$5M,35,8.9,False
550,Guelph,2017,541370,Surveying & Mapping (except Geophysical) Services,secondary,9.702,>=$5M,3,22.0,False
550,Guelph,2017,541511,Custom Computer Programming Services,secondary,5.382,>=$5M,4,6.5,False
550,Guelph,2017,ALL,All,all,209.684,>=$5M,46,11.6,False
550,Guelph,2017,SECONDARY,Secondary,secondary,209.684,>=$5M,46,11.6,False
550,Guelph,2018,331110,Iron & Steel Mills & Ferroalloy Manufacturing,secondary,122.632,>=$5M,4,32.0,False
550,Guelph,2018,541330,Engineering Services,secondary,62.728,>=$5M,34,8.0,False
550,Guelph,2018,541370,Surveying & Mapping (except Geophysical) Services,secondary,11.172,>=$5M,4,19.0,False
550,Guelph,2018,541511,Custom Computer Programming Services,secondary,7.038,>=$5M,6,5.7,False
550,Guelph,2018,ALL,All,all,203.57,>=$5M,48,10.6,False
550,Guelph,2018,SECONDARY,Secondary,secondary,203.57,>=$5M,48,10.6,False
550,Guelph,2019,331110,Iron & Steel Mills & Ferroalloy Manufacturing,secondary,179.582,>=$5M,5,35.6,False
550,Guelph,2019,541330,Engineering Services,secondary,131.104,>=$5M,48,11.9,False
550,Guelph,2019,541370,Surveying & Mapping (except Geophysical) Services,secondary,12.054,>=$5M,5,16.4,False
550,Guelph,2019,541511,Custom Computer Programming Services,secondary,7.038,>=$5M,6,5.7,False
550,Guelph,2019,ALL,All,all,329.778,>=$5M,64,13.5,False
550,Guelph,2019,SECONDARY,Secondary,secondary,329.778,>=$5M,64,13.5,False
550,Guelph,2020,331110,Iron & Steel Mills & Ferroalloy Manufacturing,secondary,179.582,>=$5M,5,35.6,False
550,Guelph,2020,541330,Engineering Services,secondary,137.572,>=$5M,49,12.2,False
550,Guelph,2020,541370,Surveying & Mapping (except Geophysical) Services,secondary,12.054,>=$5M,5,16.4,False
550,Guelph,2020,541511,Custom Computer Programming Services,secondary,7.038,>=$5M,6,5.7,False
550,Guelph,2020,ALL,All,all,336.246,>=$5M,65,13.7,False
550,Guelph,2020,SECONDARY,Secondary,secondary,336.246,>=$5M,65,13.7,False
550,Guelph,2021,331110,Iron and Steel Mills and Ferroalloy Manufacturing,secondary,179.582,>=$5M,5,35.6,False
550,Guelph,2021,541330,Engineering Services,secondary,115.858,>=$5M,49,12.2,False
550,Guelph,2021,541370,Surveying and Mapping (except Geophysical) Service,secondary,12.054,>=$5M,5,16.4,False
550,Guelph,2021,541511,Custom Computer Programming Services,secondary,6.831,>=$5M,6,5.5,False
550,Guelph,2021,ALL,All,all,314.325,>=$5M,65,13.7,False
550,Guelph,2021,SECONDARY,Secondary,secondary,314.325,>=$5M,65,13.7,False
550,Guelph,2022,331110,Iron and Steel Mills and Ferroalloy Manufacturing,secondary,179.582,>=$5M,5,35.6,False
550,Guelph,2022,333310,Commercial and Service Industry Machinery Manufact,primary,11.566,>=$5M,5,6.8,False
550,Guelph,2022,334610,Manufacturing and Reproducing Magnetic and Optical,secondary,,<$5M,<2,,True
550,Guelph,2022,541330,Engineering Services,secondary,116.678,>=$5M,50,11.8,False
550,Guelph,2022,541370,Surveying and Mapping (except Geophysical) Service,secondary,12.054,>=$5M,5,16.4,False
550,Guelph,2022,541511,Custom Computer Programming Services,secondary,6.831,>=$5M,6,5.5,False
550,Guelph,2022,ALL,All,all,326.812,>=$5M,72,12.7,False
550,Guelph,2022,PRIMARY,Primary,primary,11.566,>=$5M,5,6.8,False
550,Guelph,2022,SECONDARY,Secondary,secondary,315.246,>=$5M,67,13.2,False
550,Guelph,2023,331110,Iron and Steel Mills and Ferroalloy Manufacturing,secondary,178.593,>=$5M,5,35.6,False
550,Guelph,2023,333310,Commercial and Service Industry Machinery Manufact,primary,11.41,>=$5M,6,6.8,False
550,Guelph,2023,334610,Manufacturing and Reproducing Magnetic and Optical,secondary,,<$5M,<2,,True
550,Guelph,2023,541330,Engineering Services,secondary,89.502,>=$5M,45,9.1,False
550,Guelph,2023,541370,Surveying and Mapping (except Geophysical) Service,secondary,10.501,>=$5M,5,16.4,False
550,Guelph,2023,541511,Custom Computer Programming Services,secondary,6.315,>=$5M,6,5.5,False
550,Guelph,2023,ALL,All,all,296.422,>=$5M,68,11.0,False
550,Guelph,2023,PRIMARY,Primary,primary,11.41,>=$5M,6,6.8,False
550,Guelph,2023,SECONDARY,Secondary,secondary,285.012,>=$5M,62,11.4,False
550,Guelph,2024,331110,Iron and Steel Mills and Ferroalloy Manufacturing,secondary,105.434,>=$5M,5,35.6,False
550,Guelph,2024,333310,Commercial and Service Industry Machinery Manufact,primary,8.125,>=$5M,7,5.9,False
550,Guelph,2024,541330,Engineering Services,secondary,118.304,>=$5M,47,13.0,False
550,Guelph,2024,541370,Surveying and Mapping (except Geophysical) Service,secondary,4.827,<$5M,5,9.8,False
550,Guelph,2024,541511,Custom Computer Programming Services,secondary,4.643,<$5M,8,3.9,False
550,Guelph,2024,ALL,All,all,241.333,>=$5M,72,12.6,False
550,Guelph,2024,PRIMARY,Primary,primary,8.125,>=$5M,7,5.9,False
550,Guelph,2024,SECONDARY,Secondary,secondary,233.208,>=$5M,65,13.4,False
550,Guelph,2025,331110,Iron and Steel Mills and Ferroalloy Manufacturing,secondary,105.434,>=$5M,5,35.6,False
550,Guelph,2025,333310,Commercial and Service Industry Machinery Manufact,primary,10.926,>=$5M,8,7.5,False
550,Guelph,2025,541330,Engineering Services,secondary,119.278,>=$5M,47,13.1,False
550,Guelph,2025,541370,Surveying and Mapping (except Geophysical) Service,secondary,4.827,<$5M,5,9.8,False
550,Guelph,2025,541511,Custom Computer Programming Services,secondary,4.643,<$5M,8,3.9,False
550,Guelph,2025,ALL,All,all,245.108,>=$5M,73,12.8,False
550,Guelph,2025,PRIMARY,Primary,primary,10.926,>=$5M,8,7.5,False
550,Guelph,2025,SECONDARY,Secondary,secondary,234.182,>=$5M,65,13.4,False
205,Halifax,2017,325920,Explosives Manufacturing,primary,,>=$5M,<2,,True
205,Halifax,2017,331110,Iron & Steel Mills & Ferroalloy Manufacturing,secondary,21.641,>=$5M,4,4.8,False
205,Halifax,2017,336611,Ship Building & Repairing,secondary,17.094,>=$5M,4,19.2,False
205,Halifax,2017,336612,Boat Building,secondary,6.534,>=$5M,4,8.2,False
205,Halifax,2017,541330,Engineering Services,secondary,229.383,>=$5M,139,7.1,False
205,Halifax,2017,541370,Surveying & Mapping (except Geophysical) Services,secondary,31.017,>=$5M,32,6.6,False
205,Halifax,2017,541511,Custom Computer Programming Services,secondary,31.257,>=$5M,18,8.4,False
205,Halifax,2017,ALL,All,all,342.094,>=$5M,202,7.4,False
205,Halifax,2017,PRIMARY,Primary,primary,,>=$5M,<2,,True
205,Halifax,2017,SECONDARY,Secondary,secondary,336.926,>=$5M,201,7.4,False
205,Halifax,2018,325920,Explosives Manufacturing,primary,,>=$5M,<2,,True
205,Halifax,2018,331110,Iron & Steel Mills & Ferroalloy Manufacturing,secondary,21.641,>=$5M,4,4.8,False
205,Halifax,2018,336611,Ship Building & Repairing,secondary,17.094,>=$5M,4,19.2,False
205,Halifax,2018,336612,Boat Building,secondary,6.534,>=$5M,4,8.2,False
205,Halifax,2018,541330,Engineering Services,secondary,256.872,>=$5M,148,7.5,False
205,Halifax,2018,541370,Surveying & Mapping (except Geophysical) Services,secondary,30.576,>=$5M,31,6.7,False
205,Halifax,2018,541511,Custom Computer Programming Services,secondary,33.327,>=$5M,20,8.0,False
205,Halifax,2018,ALL,All,all,371.212,>=$5M,212,7.7,False
205,Halifax,2018,PRIMARY,Primary,primary,,>=$5M,<2,,True
205,Halifax,2018,SECONDARY,Secondary,secondary,366.044,>=$5M,211,7.6,False
205,Halifax,2019,325920,Explosives Manufacturing,primary,6.46,>=$5M,2,10.0,False
205,Halifax,2019,331110,Iron & Steel Mills & Ferroalloy Manufacturing,secondary,21.641,>=$5M,4,4.8,False
205,Halifax,2019,336611,Ship Building & Repairing,secondary,28.194,>=$5M,5,25.4,False
205,Halifax,2019,336612,Boat Building,secondary,6.534,>=$5M,4,8.2,False
205,Halifax,2019,541330,Engineering Services,secondary,288.415,>=$5M,166,7.5,False
205,Halifax,2019,541370,Surveying & Mapping (except Geophysical) Services,secondary,30.282,>=$5M,30,6.9,False
205,Halifax,2019,541511,Custom Computer Programming Services,secondary,35.811,>=$5M,25,6.9,False
205,Halifax,2019,ALL,All,all,417.337,>=$5M,236,7.7,False
205,Halifax,2019,PRIMARY,Primary,primary,6.46,>=$5M,2,10.0,False
205,Halifax,2019,SECONDARY,Secondary,secondary,410.877,>=$5M,234,7.7,False
205,Halifax,2020,325920,Explosives Manufacturing,primary,,>=$5M,<2,,True
205,Halifax,2020,331110,Iron & Steel Mills & Ferroalloy Manufacturing,secondary,21.641,>=$5M,4,4.8,False
205,Halifax,2020,336611,Ship Building & Repairing,secondary,28.194,>=$5M,5,25.4,False
205,Halifax,2020,336612,Boat Building,secondary,6.534,>=$5M,4,8.2,False
205,Halifax,2020,541330,Engineering Services,secondary,9542.506,>=$5M,170,243.0,False
205,Halifax,2020,541370,Surveying & Mapping (except Geophysical) Services,secondary,31.017,>=$5M,31,6.8,False
205,Halifax,2020,541511,Custom Computer Programming Services,secondary,23.391,>=$5M,23,4.9,False
205,Halifax,2020,ALL,All,all,9658.451,>=$5M,238,175.8,False
205,Halifax,2020,PRIMARY,Primary,primary,,>=$5M,<2,,True
205,Halifax,2020,SECONDARY,Secondary,secondary,9653.283,>=$5M,237,176.4,False
205,Halifax,2021,325920,Explosives Manufacturing,primary,,>=$5M,<2,,True
205,Halifax,2021,331110,Iron and Steel Mills and Ferroalloy Manufacturing,secondary,21.641,>=$5M,4,4.8,False
205,Halifax,2021,336611,Ship Building and Repairing,secondary,28.194,>=$5M,5,25.4,False
205,Halifax,2021,336612,Boat Building,secondary,6.534,>=$5M,4,8.2,False
205,Halifax,2021,541330,Engineering Services,secondary,309.436,>=$5M,164,8.3,False
205,Halifax,2021,541370,Surveying and Mapping (except Geophysical) Service,secondary,31.899,>=$5M,32,6.8,False
205,Halifax,2021,541511,Custom Computer Programming Services,secondary,21.321,>=$5M,22,4.7,False
205,Halifax,2021,ALL,All,all,424.193,>=$5M,232,8.1,False
205,Halifax,2021,PRIMARY,Primary,primary,,>=$5M,<2,,True
205,Halifax,2021,SECONDARY,Secondary,secondary,419.025,>=$5M,231,8.0,False
205,Halifax,2022,325920,Explosives Manufacturing,primary,,>=$5M,<2,,True
205,Halifax,2022,331110,Iron and Steel Mills and Ferroalloy Manufacturing,secondary,21.641,>=$5M,4,4.8,False
205,Halifax,2022,333310,Commercial and Service Industry Machinery Manufact,primary,54.364,>=$5M,9,15.9,False
205,Halifax,2022,334610,Manufacturing and Reproducing Magnetic and Optical,secondary,0.303,<$5M,2,1.5,False
205,Halifax,2022,336611,Ship Building and Repairing,secondary,18.87,>=$5M,5,25.4,False
205,Halifax,2022,336612,Boat Building,secondary,6.534,>=$5M,4,8.2,False
205,Halifax,2022,541330,Engineering Services,secondary,335.294,>=$5M,204,6.1,False
205,Halifax,2022,541370,Surveying and Mapping (except Geophysical) Service,secondary,33.957,>=$5M,35,6.4,False
205,Halifax,2022,541511,Custom Computer Programming Services,secondary,25.668,>=$5M,25,4.7,False
205,Halifax,2022,ALL,All,all,501.799,>=$5M,289,6.7,False
205,Halifax,2022,PRIMARY,Primary,primary,59.532,>=$5M,10,15.9,False
205,Halifax,2022,SECONDARY,Secondary,secondary,442.267,>=$5M,279,6.4,False
205,Halifax,2023,325920,Explosives Manufacturing,primary,,>=$5M,<2,,True
205,Halifax,2023,331110,Iron and Steel Mills and Ferroalloy Manufacturing,secondary,15.211,>=$5M,4,4.8,False
205,Halifax,2023,333310,Commercial and Service Industry Machinery Manufact,primary,52.451,>=$5M,10,15.2,False
205,Halifax,2023,334511,"Search, Detection, Navigation, Guidance, Aeronauti",primary,62.504,>=$5M,2,91.0,False
205,Halifax,2023,334610,Manufacturing and Reproducing Magnetic and Optical,secondary,0.339,<$5M,2,1.5,False
205,Halifax,2023,336611,Ship Building and Repairing,secondary,17.375,>=$5M,4,26.8,False
205,Halifax,2023,336612,Boat Building,secondary,6.534,>=$5M,4,8.2,False
205,Halifax,2023,541330,Engineering Services,secondary,322.832,>=$5M,202,6.4,False
205,Halifax,2023,541370,Surveying and Mapping (except Geophysical) Service,secondary,30.779,>=$5M,36,6.7,False
205,Halifax,2023,541511,Custom Computer Programming Services,secondary,22.715,>=$5M,23,4.7,False
205,Halifax,2023,ALL,All,all,535.908,>=$5M,288,7.5,False
205,Halifax,2023,PRIMARY,Primary,primary,120.123,>=$5M,13,26.9,False
205,Halifax,2023,SECONDARY,Secondary,secondary,415.785,>=$5M,275,6.5,False
205,Halifax,2024,325920,Explosives Manufacturing,primary,,<$5M,<2,,True
205,Halifax,2024,331110,Iron and Steel Mills and Ferroalloy Manufacturing,secondary,12.243,>=$5M,4,4.8,False
205,Halifax,2024,333310,Commercial and Service Industry Machinery Manufact,primary,25.854,>=$5M,9,15.1,False
205,Halifax,2024,334511,"Search, Detection, Navigation, Guidance, Aeronauti",primary,50.744,>=$5M,3,72.0,False
205,Halifax,2024,334610,Manufacturing and Reproducing Magnetic and Optical,secondary,1.742,<$5M,4,2.0,False
205,Halifax,2024,336611,Ship Building and Repairing,secondary,23.645,>=$5M,2,42.5,False
205,Halifax,2024,336612,Boat Building,secondary,13.304,>=$5M,3,30.7,False
205,Halifax,2024,541330,Engineering Services,secondary,685.21,>=$5M,208,17.9,False
205,Halifax,2024,541370,Surveying and Mapping (except Geophysical) Service,secondary,22.167,>=$5M,37,6.0,False
205,Halifax,2024,541511,Custom Computer Programming Services,secondary,38.008,>=$5M,26,10.4,False
205,Halifax,2024,ALL,All,all,876.293,>=$5M,297,16.1,False
205,Halifax,2024,PRIMARY,Primary,primary,79.974,>=$5M,13,28.3,False
205,Halifax,2024,SECONDARY,Secondary,secondary,796.319,>=$5M,284,15.6,False
205,Halifax,2025,325920,Explosives Manufacturing,primary,,<$5M,<2,,True
205,Halifax,2025,331110,Iron and Steel Mills and Ferroalloy Manufacturing,secondary,12.243,>=$5M,4,4.8,False
205,Halifax,2025,333310,Commercial and Service Industry Machinery Manufact,primary,25.854,>=$5M,9,15.1,False
205,Halifax,2025,334511,"Search, Detection, Navigation, Guidance, Aeronauti",primary,54.503,>=$5M,3,77.3,False
205,Halifax,2025,334610,Manufacturing and Reproducing Magnetic and Optical,secondary,1.742,<$5M,4,2.0,False
205,Halifax,2025,336611,Ship Building and Repairing,secondary,23.645,>=$5M,2,42.5,False
205,Halifax,2025,336612,Boat Building,secondary,12.725,>=$5M,3,29.3,False
205,Halifax,2025,541330,Engineering Services,secondary,738.143,>=$5M,211,18.0,False
205,Halifax,2025,541370,Surveying and Mapping (except Geophysical) Service,secondary,21.283,>=$5M,36,6.0,False
205,Halifax,2025,541511,Custom Computer Programming Services,secondary,48.48,>=$5M,29,11.7,False
205,Halifax,2025,ALL,All,all,941.994,>=$5M,302,16.4,False
205,Halifax,2025,PRIMARY,Primary,primary,83.733,>=$5M,13,29.5,False
205,Halifax,2025,SECONDARY,Secondary,secondary,858.261,>=$5M,289,15.8,False
537,Hamilton,2017,331110,Iron & Steel Mills & Ferroalloy Manufacturing,secondary,936.435,>=$5M,22,37.9,False
537,Hamilton,2017,333314,Optical Instrument & Lens Manufacturing,secondary,1.716,<$5M,2,3.0,False
537,Hamilton,2017,336611,Ship Building & Repairing,secondary,,>=$5M,<2,,True
537,Hamilton,2017,541330,Engineering Services,secondary,355.513,>=$5M,166,9.4,False
537,Hamilton,2017,541370,Surveying & Mapping (except Geophysical) Services,secondary,15.876,>=$5M,16,6.8,False
537,Hamilton,2017,541511,Custom Computer Programming Services,secondary,27.738,>=$5M,21,6.4,False
537,Hamilton,2017,ALL,All,all,1342.828,>=$5M,228,11.7,False
537,Hamilton,2017,SECONDARY,Secondary,secondary,1342.828,>=$5M,228,11.7,False
537,Hamilton,2018,331110,Iron & Steel Mills & Ferroalloy Manufacturing,secondary,901.126,>=$5M,20,40.1,False
537,Hamilton,2018,333314,Optical Instrument & Lens Manufacturing,secondary,,<$5M,<2,,True
537,Hamilton,2018,336611,Ship Building & Repairing,secondary,,>=$5M,<2,,True
537,Hamilton,2018,541330,Engineering Services,secondary,410.854,>=$5M,173,10.3,False
537,Hamilton,2018,541370,Surveying & Mapping (except Geophysical) Services,secondary,15.876,>=$5M,16,6.8,False
537,Hamilton,2018,541511,Custom Computer Programming Services,secondary,28.359,>=$5M,21,6.5,False
537,Hamilton,2018,ALL,All,all,1362.909,>=$5M,232,12.3,False
537,Hamilton,2018,SECONDARY,Secondary,secondary,1362.909,>=$5M,232,12.3,False
537,Hamilton,2019,331110,Iron & Steel Mills & Ferroalloy Manufacturing,secondary,892.014,>=$5M,20,39.7,False
537,Hamilton,2019,333314,Optical Instrument & Lens Manufacturing,secondary,,<$5M,<2,,True
537,Hamilton,2019,336611,Ship Building & Repairing,secondary,,>=$5M,<2,,True
537,Hamilton,2019,541330,Engineering Services,secondary,544.141,>=$5M,212,11.2,False
537,Hamilton,2019,541370,Surveying & Mapping (except Geophysical) Services,secondary,18.669,>=$5M,19,6.7,False
537,Hamilton,2019,541511,Custom Computer Programming Services,secondary,47.817,>=$5M,33,7.0,False
537,Hamilton,2019,ALL,All,all,1509.335,>=$5M,286,12.4,False
537,Hamilton,2019,SECONDARY,Secondary,secondary,1509.335,>=$5M,286,12.4,False
537,Hamilton,2020,331110,Iron & Steel Mills & Ferroalloy Manufacturing,secondary,2951.326,>=$5M,20,130.1,False
537,Hamilton,2020,541330,Engineering Services,secondary,543.813,>=$5M,208,11.3,False
537,Hamilton,2020,541370,Surveying & Mapping (except Geophysical) Services,secondary,18.669,>=$5M,19,6.7,False
537,Hamilton,2020,541511,Custom Computer Programming Services,secondary,51.75,>=$5M,33,7.6,False
537,Hamilton,2020,ALL,All,all,3565.558,>=$5M,280,19.0,False
537,Hamilton,2020,SECONDARY,Secondary,secondary,3565.558,>=$5M,280,19.0,False
537,Hamilton,2021,331110,Iron and Steel Mills and Ferroalloy Manufacturing,secondary,2902.134,>=$5M,19,134.2,False
537,Hamilton,2021,541330,Engineering Services,secondary,455.802,>=$5M,203,9.8,False
537,Hamilton,2021,541370,Surveying and Mapping (except Geophysical) Service,secondary,18.669,>=$5M,19,6.7,False
537,Hamilton,2021,541511,Custom Computer Programming Services,secondary,53.613,>=$5M,35,7.4,False
537,Hamilton,2021,ALL,All,all,3430.218,>=$5M,276,17.9,False
537,Hamilton,2021,SECONDARY,Secondary,secondary,3430.218,>=$5M,276,17.9,False
537,Hamilton,2022,331110,Iron and Steel Mills and Ferroalloy Manufacturing,secondary,396.334,>=$5M,18,19.4,False
537,Hamilton,2022,333310,Commercial and Service Industry Machinery Manufact,primary,133.84,>=$5M,26,14.7,False
537,Hamilton,2022,334511,"Search, Detection, Navigation, Guidance, Aeronauti",primary,,>=$5M,<2,,True
537,Hamilton,2022,334610,Manufacturing and Reproducing Magnetic and Optical,secondary,16.266,>=$5M,7,7.7,False
537,Hamilton,2022,541330,Engineering Services,secondary,497.331,>=$5M,238,8.5,False
537,Hamilton,2022,541370,Surveying and Mapping (except Geophysical) Service,secondary,24.108,>=$5M,19,8.7,False
537,Hamilton,2022,541511,Custom Computer Programming Services,secondary,54.234,>=$5M,35,7.4,False
537,Hamilton,2022,ALL,All,all,1130.646,>=$5M,344,9.4,False
537,Hamilton,2022,PRIMARY,Primary,primary,142.373,>=$5M,27,14.4,False
537,Hamilton,2022,SECONDARY,Secondary,secondary,988.273,>=$5M,317,9.0,False
537,Hamilton,2023,331110,Iron and Steel Mills and Ferroalloy Manufacturing,secondary,368.314,>=$5M,17,19.4,False
537,Hamilton,2023,333310,Commercial and Service Industry Machinery Manufact,primary,135.894,>=$5M,27,15.3,False
537,Hamilton,2023,334511,"Search, Detection, Navigation, Guidance, Aeronauti",primary,,>=$5M,<2,,True
537,Hamilton,2023,334610,Manufacturing and Reproducing Magnetic and Optical,secondary,11.835,>=$5M,6,7.2,False
537,Hamilton,2023,336611,Ship Building and Repairing,secondary,,>=$5M,<2,,True
537,Hamilton,2023,541330,Engineering Services,secondary,462.479,>=$5M,234,8.3,False
537,Hamilton,2023,541370,Surveying and Mapping (except Geophysical) Service,secondary,17.202,>=$5M,18,6.7,False
537,Hamilton,2023,541511,Custom Computer Programming Services,secondary,57.82,>=$5M,36,7.4,False
537,Hamilton,2023,ALL,All,all,1067.627,>=$5M,340,9.5,False
537,Hamilton,2023,PRIMARY,Primary,primary,144.427,>=$5M,28,15.0,False
537,Hamilton,2023,SECONDARY,Secondary,secondary,923.2,>=$5M,312,9.0,False
537,Hamilton,2024,331110,Iron and Steel Mills and Ferroalloy Manufacturing,secondary,208.468,>=$5M,17,19.1,False
537,Hamilton,2024,333310,Commercial and Service Industry Machinery Manufact,primary,76.447,>=$5M,27,17.6,False
537,Hamilton,2024,334511,"Search, Detection, Navigation, Guidance, Aeronauti",primary,,>=$5M,<2,,True
537,Hamilton,2024,334610,Manufacturing and Reproducing Magnetic and Optical,secondary,8.564,>=$5M,6,5.7,False
537,Hamilton,2024,336411,Aircraft Manufacturing,primary,,>=$5M,<2,,True
537,Hamilton,2024,336611,Ship Building and Repairing,secondary,40.891,>=$5M,2,73.5,False
537,Hamilton,2024,541330,Engineering Services,secondary,625.511,>=$5M,239,13.5,False
537,Hamilton,2024,541370,Surveying and Mapping (except Geophysical) Service,secondary,9.852,>=$5M,18,5.6,False
537,Hamilton,2024,541511,Custom Computer Programming Services,secondary,66.294,>=$5M,45,9.6,False
537,Hamilton,2024,ALL,All,all,1090.324,>=$5M,356,13.7,False
537,Hamilton,2024,PRIMARY,Primary,primary,130.744,>=$5M,29,21.4,False
537,Hamilton,2024,SECONDARY,Secondary,secondary,959.58,>=$5M,327,13.0,False
537,Hamilton,2025,331110,Iron and Steel Mills and Ferroalloy Manufacturing,secondary,209.757,>=$5M,17,19.2,False
537,Hamilton,2025,333310,Commercial and Service Industry Machinery Manufact,primary,70.765,>=$5M,29,14.0,False
537,Hamilton,2025,334511,"Search, Detection, Navigation, Guidance, Aeronauti",primary,,>=$5M,<2,,True
537,Hamilton,2025,334610,Manufacturing and Reproducing Magnetic and Optical,secondary,8.701,>=$5M,7,5.0,False
537,Hamilton,2025,336411,Aircraft Manufacturing,primary,,>=$5M,<2,,True
537,Hamilton,2025,336611,Ship Building and Repairing,secondary,40.891,>=$5M,2,73.5,False
537,Hamilton,2025,541330,Engineering Services,secondary,631.36,>=$5M,240,13.5,False
537,Hamilton,2025,541370,Surveying and Mapping (except Geophysical) Service,secondary,12.218,>=$5M,20,6.2,False
537,Hamilton,2025,541511,Custom Computer Programming Services,secondary,72.129,>=$5M,48,10.9,False
537,Hamilton,2025,ALL,All,all,1094.48,>=$5M,365,13.5,False
537,Hamilton,2025,PRIMARY,Primary,primary,119.424,>=$5M,31,17.1,False
537,Hamilton,2025,SECONDARY,Secondary,secondary,975.056,>=$5M,334,13.2,False
502,Hawkesbury (Ontario part / partie de l'Ontario),2017,541330,Engineering Services,secondary,2.31,<$5M,3,3.3,False
502,Hawkesbury (Ontario part / partie de l'Ontario),2017,541370,Surveying & Mapping (except Geophysical) Services,secondary,,<$5M,<2,,True
502,Hawkesbury (Ontario part / partie de l'Ontario),2017,ALL,All,all,3.633,<$5M,4,4.8,False
502,Hawkesbury (Ontario part / partie de l'Ontario),2017,SECONDARY,Secondary,secondary,3.633,<$5M,4,4.8,False
502,Hawkesbury (Ontario part / partie de l'Ontario),2018,541330,Engineering Services,secondary,2.31,<$5M,3,3.3,False
502,Hawkesbury (Ontario part / partie de l'Ontario),2018,541370,Surveying & Mapping (except Geophysical) Services,secondary,,<$5M,<2,,True
502,Hawkesbury (Ontario part / partie de l'Ontario),2018,ALL,All,all,3.633,<$5M,4,4.8,False
502,Hawkesbury (Ontario part / partie de l'Ontario),2018,SECONDARY,Secondary,secondary,3.633,<$5M,4,4.8,False
502,Hawkesbury (Ontario part / partie de l'Ontario),2019,541330,Engineering Services,secondary,3.465,<$5M,4,3.8,False
502,Hawkesbury (Ontario part / partie de l'Ontario),2019,541370,Surveying & Mapping (except Geophysical) Services,secondary,2.205,<$5M,2,7.5,False
502,Hawkesbury (Ontario part / partie de l'Ontario),2019,ALL,All,all,5.67,>=$5M,6,5.0,False
502,Hawkesbury (Ontario part / partie de l'Ontario),2019,SECONDARY,Secondary,secondary,5.67,>=$5M,6,5.0,False
502,Hawkesbury (Ontario part / partie de l'Ontario),2020,541330,Engineering Services,secondary,3.465,<$5M,4,3.8,False
502,Hawkesbury (Ontario part / partie de l'Ontario),2020,541370,Surveying & Mapping (except Geophysical) Services,secondary,2.205,<$5M,2,7.5,False
502,Hawkesbury (Ontario part / partie de l'Ontario),2020,ALL,All,all,5.67,>=$5M,6,5.0,False
502,Hawkesbury (Ontario part / partie de l'Ontario),2020,SECONDARY,Secondary,secondary,5.67,>=$5M,6,5.0,False
502,Hawkesbury (Ontario part / partie de l'Ontario),2021,541330,Engineering Services,secondary,3.696,<$5M,5,3.2,False
502,Hawkesbury (Ontario part / partie de l'Ontario),2021,541370,Surveying and Mapping (except Geophysical) Service,secondary,2.205,<$5M,2,7.5,False
502,Hawkesbury (Ontario part / partie de l'Ontario),2021,ALL,All,all,5.901,>=$5M,7,4.4,False
502,Hawkesbury (Ontario part / partie de l'Ontario),2021,SECONDARY,Secondary,secondary,5.901,>=$5M,7,4.4,False
502,Hawkesbury (Ontario part / partie de l'Ontario),2022,333310,Commercial and Service Industry Machinery Manufact,primary,,<$5M,<2,,True
502,Hawkesbury (Ontario part / partie de l'Ontario),2022,541330,Engineering Services,secondary,3.696,<$5M,5,2.8,False
502,Hawkesbury (Ontario part / partie de l'Ontario),2022,541370,Surveying and Mapping (except Geophysical) Service,secondary,2.205,<$5M,2,7.5,False
502,Hawkesbury (Ontario part / partie de l'Ontario),2022,ALL,All,all,9.609,>=$5M,8,4.8,False
502,Hawkesbury (Ontario part / partie de l'Ontario),2022,PRIMARY,Primary,primary,,<$5M,<2,,True
502,Hawkesbury (Ontario part / partie de l'Ontario),2022,SECONDARY,Secondary,secondary,5.901,>=$5M,7,4.1,False
502,Hawkesbury (Ontario part / partie de l'Ontario),2023,333310,Commercial and Service Industry Machinery Manufact,primary,,<$5M,<2,,True
502,Hawkesbury (Ontario part / partie de l'Ontario),2023,541330,Engineering Services,secondary,3.465,<$5M,4,3.2,False
502,Hawkesbury (Ontario part / partie de l'Ontario),2023,541370,Surveying and Mapping (except Geophysical) Service,secondary,1.769,<$5M,2,7.5,False
502,Hawkesbury (Ontario part / partie de l'Ontario),2023,ALL,All,all,8.942,>=$5M,7,5.3,False
502,Hawkesbury (Ontario part / partie de l'Ontario),2023,PRIMARY,Primary,primary,,<$5M,<2,,True
502,Hawkesbury (Ontario part / partie de l'Ontario),2023,SECONDARY,Secondary,secondary,5.234,>=$5M,6,4.7,False
502,Hawkesbury (Ontario part / partie de l'Ontario),2024,333310,Commercial and Service Industry Machinery Manufact,primary,,<$5M,<2,,True
502,Hawkesbury (Ontario part / partie de l'Ontario),2024,541330,Engineering Services,secondary,2.145,<$5M,4,2.8,False
502,Hawkesbury (Ontario part / partie de l'Ontario),2024,541370,Surveying and Mapping (except Geophysical) Service,secondary,1.183,<$5M,2,6.0,False
502,Hawkesbury (Ontario part / partie de l'Ontario),2024,ALL,All,all,5.054,>=$5M,7,4.4,False
502,Hawkesbury (Ontario part / partie de l'Ontario),2024,PRIMARY,Primary,primary,,<$5M,<2,,True
502,Hawkesbury (Ontario part / partie de l'Ontario),2024,SECONDARY,Secondary,secondary,3.328,<$5M,6,3.8,False
502,Hawkesbury (Ontario part / partie de l'Ontario),2025,333310,Commercial and Service Industry Machinery Manufact,primary,,<$5M,<2,,True
502,Hawkesbury (Ontario part / partie de l'Ontario),2025,541330,Engineering Services,secondary,2.145,<$5M,4,2.8,False
502,Hawkesbury (Ontario part / partie de l'Ontario),2025,541370,Surveying and Mapping (except Geophysical) Service,secondary,1.183,<$5M,2,6.0,False
502,Hawkesbury (Ontario part / partie de l'Ontario),2025,ALL,All,all,4.862,<$5M,7,4.4,False
502,Hawkesbury (Ontario part / partie de l'Ontario),2025,PRIMARY,Primary,primary,,<$5M,<2,,True
502,Hawkesbury (Ontario part / partie de l'Ontario),2025,SECONDARY,Secondary,secondary,3.328,<$5M,6,3.8,False
502,Hawkesbury (partie du Québec / Quebec part),2017,541330,Engineering Services,secondary,,>=$5M,<2,,True
502,Hawkesbury (partie du Québec / Quebec part),2017,541370,Surveying & Mapping (except Geophysical) Services,secondary,,<$5M,<2,,True
502,Hawkesbury (partie du Québec / Quebec part),2017,ALL,All,all,7.665,>=$5M,2,17.5,False
502,Hawkesbury (partie du Québec / Quebec part),2017,SECONDARY,Secondary,secondary,7.665,>=$5M,2,17.5,False
502,Hawkesbury (partie du Québec / Quebec part),2018,541330,Engineering Services,secondary,,>=$5M,<2,,True
502,Hawkesbury (partie du Québec / Quebec part),2018,541370,Surveying & Mapping (except Geophysical) Services,secondary,,<$5M,<2,,True
502,Hawkesbury (partie du Québec / Quebec part),2018,ALL,All,all,7.665,>=$5M,2,17.5,False
502,Hawkesbury (partie du Québec / Quebec part),2018,SECONDARY,Secondary,secondary,7.665,>=$5M,2,17.5,False
502,Hawkesbury (partie du Québec / Quebec part),2019,541330,Engineering Services,secondary,,>=$5M,<2,,True
502,Hawkesbury (partie du Québec / Quebec part),2019,541370,Surveying & Mapping (except Geophysical) Services,secondary,,<$5M,<2,,True
502,Hawkesbury (partie du Québec / Quebec part),2019,ALL,All,all,7.665,>=$5M,2,17.5,False
502,Hawkesbury (partie du Québec / Quebec part),2019,SECONDARY,Secondary,secondary,7.665,>=$5M,2,17.5,False
502,Hawkesbury (partie du Québec / Quebec part),2020,541330,Engineering Services,secondary,,>=$5M,<2,,True
502,Hawkesbury (partie du Québec / Quebec part),2020,541370,Surveying & Mapping (except Geophysical) Services,secondary,,<$5M,<2,,True
502,Hawkesbury (partie du Québec / Quebec part),2020,ALL,All,all,7.665,>=$5M,2,17.5,False
502,Hawkesbury (partie du Québec / Quebec part),2020,SECONDARY,Secondary,secondary,7.665,>=$5M,2,17.5,False
502,Hawkesbury (partie du Québec / Quebec part),2021,541330,Engineering Services,secondary,,>=$5M,<2,,True
502,Hawkesbury (partie du Québec / Quebec part),2021,541370,Surveying and Mapping (except Geophysical) Service,secondary,,<$5M,<2,,True
502,Hawkesbury (partie du Québec / Quebec part),2021,ALL,All,all,7.665,>=$5M,2,17.5,False
502,Hawkesbury (partie du Québec / Quebec part),2021,SECONDARY,Secondary,secondary,7.665,>=$5M,2,17.5,False
502,Hawkesbury (partie du Québec / Quebec part),2022,541330,Engineering Services,secondary,,>=$5M,<2,,True
502,Hawkesbury (partie du Québec / Quebec part),2022,541370,Surveying and Mapping (except Geophysical) Service,secondary,,<$5M,<2,,True
502,Hawkesbury (partie du Québec / Quebec part),2022,ALL,All,all,7.665,>=$5M,2,17.5,False
502,Hawkesbury (partie du Québec / Quebec part),2022,SECONDARY,Secondary,secondary,7.665,>=$5M,2,17.5,False
502,Hawkesbury (partie du Québec / Quebec part),2023,541330,Engineering Services,secondary,,>=$5M,<2,,True
502,Hawkesbury (partie du Québec / Quebec part),2023,541370,Surveying and Mapping (except Geophysical) Service,secondary,,<$5M,<2,,True
502,Hawkesbury (partie du Québec / Quebec part),2023,ALL,All,all,7.665,>=$5M,2,17.5,False
502,Hawkesbury (partie du Québec / Quebec part),2023,SECONDARY,Secondary,secondary,7.665,>=$5M,2,17.5,False
502,Hawkesbury (partie du Québec / Quebec part),2024,541330,Engineering Services,secondary,,>=$5M,<2,,True
502,Hawkesbury (partie du Québec / Quebec part),2024,541370,Surveying and Mapping (except Geophysical) Service,secondary,,<$5M,<2,,True
502,Hawkesbury (partie du Québec / Quebec part),2024,ALL,All,all,6.045,>=$5M,2,16.0,False
502,Hawkesbury (partie du Québec / Quebec part),2024,SECONDARY,Secondary,secondary,6.045,>=$5M,2,16.0,False
502,Hawkesbury (partie du Québec / Quebec part),2025,541330,Engineering Services,secondary,,>=$5M,<2,,True
502,Hawkesbury (partie du Québec / Quebec part),2025,541370,Surveying and Mapping (except Geophysical) Service,secondary,,<$5M,<2,,True
502,Hawkesbury (partie du Québec / Quebec part),2025,ALL,All,all,6.144,>=$5M,2,16.5,False
502,Hawkesbury (partie du Québec / Quebec part),2025,SECONDARY,Secondary,secondary,6.144,>=$5M,2,16.5,False
821,High River,2017,541330,Engineering Services,secondary,,<$5M,<2,,True
821,High River,2017,541370,Surveying & Mapping (except Geophysical) Services,secondary,,<$5M,<2,,True
821,High River,2017,541511,Custom Computer Programming Services,secondary,,<$5M,<2,,True
821,High River,2017,ALL,All,all,3.03,<$5M,3,6.0,False
821,High River,2017,SECONDARY,Secondary,secondary,3.03,<$5M,3,6.0,False
821,High River,2018,541330,Engineering Services,secondary,1.155,<$5M,2,2.5,False
821,High River,2018,541370,Surveying & Mapping (except Geophysical) Services,secondary,,<$5M,<2,,True
821,High River,2018,541511,Custom Computer Programming Services,secondary,,<$5M,<2,,True
821,High River,2018,ALL,All,all,3.954,<$5M,4,5.5,False
821,High River,2018,SECONDARY,Secondary,secondary,3.954,<$5M,4,5.5,False
821,High River,2019,541330,Engineering Services,secondary,1.155,<$5M,2,2.5,False
821,High River,2019,541370,Surveying & Mapping (except Geophysical) Services,secondary,,<$5M,<2,,True
821,High River,2019,541511,Custom Computer Programming Services,secondary,,<$5M,<2,,True
821,High River,2019,ALL,All,all,3.954,<$5M,4,5.5,False
821,High River,2019,SECONDARY,Secondary,secondary,3.954,<$5M,4,5.5,False
821,High River,2020,541330,Engineering Services,secondary,1.155,<$5M,2,2.5,False
821,High River,2020,541370,Surveying & Mapping (except Geophysical) Services,secondary,,<$5M,<2,,True
821,High River,2020,541511,Custom Computer Programming Services,secondary,,<$5M,<2,,True
821,High River,2020,ALL,All,all,3.954,<$5M,4,5.5,False
821,High River,2020,SECONDARY,Secondary,secondary,3.954,<$5M,4,5.5,False
821,High River,2021,541330,Engineering Services,secondary,1.155,<$5M,2,2.5,False
821,High River,2021,541370,Surveying and Mapping (except Geophysical) Service,secondary,,<$5M,<2,,True
821,High River,2021,541511,Custom Computer Programming Services,secondary,,<$5M,<2,,True
821,High River,2021,ALL,All,all,3.954,<$5M,4,5.5,False
821,High River,2021,SECONDARY,Secondary,secondary,3.954,<$5M,4,5.5,False
821,High River,2022,541330,Engineering Services,secondary,1.155,<$5M,2,2.5,False
821,High River,2022,541370,Surveying and Mapping (except Geophysical) Service,secondary,,<$5M,<2,,True
821,High River,2022,541511,Custom Computer Programming Services,secondary,,<$5M,<2,,True
821,High River,2022,ALL,All,all,3.954,<$5M,4,5.5,False
821,High River,2022,SECONDARY,Secondary,secondary,3.954,<$5M,4,5.5,False
821,High River,2023,541330,Engineering Services,secondary,1.119,<$5M,2,2.5,False
821,High River,2023,541370,Surveying and Mapping (except Geophysical) Service,secondary,,<$5M,<2,,True
821,High River,2023,541511,Custom Computer Programming Services,secondary,,<$5M,<2,,True
821,High River,2023,ALL,All,all,3.336,<$5M,4,5.5,False
821,High River,2023,SECONDARY,Secondary,secondary,3.336,<$5M,4,5.5,False
821,High River,2024,541330,Engineering Services,secondary,8.382,>=$5M,2,21.5,False
821,High River,2024,541370,Surveying and Mapping (except Geophysical) Service,secondary,,<$5M,<2,,True
821,High River,2024,541511,Custom Computer Programming Services,secondary,,<$5M,<2,,True
821,High River,2024,ALL,All,all,9.864,>=$5M,4,14.2,False
821,High River,2024,SECONDARY,Secondary,secondary,9.864,>=$5M,4,14.2,False
821,High River,2025,541330,Engineering Services,secondary,6.627,>=$5M,2,17.0,False
821,High River,2025,541370,Surveying and Mapping (except Geophysical) Service,secondary,,<$5M,<2,,True
821,High River,2025,541511,Custom Computer Programming Services,secondary,,<$5M,<2,,True
821,High River,2025,ALL,All,all,8.258,>=$5M,4,12.2,False
821,High River,2025,SECONDARY,Secondary,secondary,8.258,>=$5M,4,12.2,False
533,Ingersoll,2017,331110,Iron & Steel Mills & Ferroalloy Manufacturing,secondary,,>=$5M,<2,,True
533,Ingersoll,2017,ALL,All,all,,>=$5M,<2,,True
533,Ingersoll,2017,SECONDARY,Secondary,secondary,,>=$5M,<2,,True
533,Ingersoll,2018,331110,Iron & Steel Mills & Ferroalloy Manufacturing,secondary,,>=$5M,<2,,True
533,Ingersoll,2018,ALL,All,all,,>=$5M,<2,,True
533,Ingersoll,2018,SECONDARY,Secondary,secondary,,>=$5M,<2,,True
533,Ingersoll,2019,331110,Iron & Steel Mills & Ferroalloy Manufacturing,secondary,,>=$5M,<2,,True
533,Ingersoll,2019,ALL,All,all,,>=$5M,<2,,True
533,Ingersoll,2019,SECONDARY,Secondary,secondary,,>=$5M,<2,,True
533,Ingersoll,2020,331110,Iron & Steel Mills & Ferroalloy Manufacturing,secondary,,>=$5M,<2,,True
533,Ingersoll,2020,ALL,All,all,,>=$5M,<2,,True
533,Ingersoll,2020,SECONDARY,Secondary,secondary,,>=$5M,<2,,True
533,Ingersoll,2021,331110,Iron and Steel Mills and Ferroalloy Manufacturing,secondary,,>=$5M,<2,,True
533,Ingersoll,2021,ALL,All,all,,>=$5M,<2,,True
533,Ingersoll,2021,SECONDARY,Secondary,secondary,,>=$5M,<2,,True
533,Ingersoll,2022,331110,Iron and Steel Mills and Ferroalloy Manufacturing,secondary,,>=$5M,<2,,True
533,Ingersoll,2022,ALL,All,all,,>=$5M,<2,,True
533,Ingersoll,2022,SECONDARY,Secondary,secondary,,>=$5M,<2,,True
533,Ingersoll,2023,331110,Iron and Steel Mills and Ferroalloy Manufacturing,secondary,,>=$5M,<2,,True
533,Ingersoll,2023,ALL,All,all,,>=$5M,<2,,True
533,Ingersoll,2023,SECONDARY,Secondary,secondary,,>=$5M,<2,,True
533,Ingersoll,2024,331110,Iron and Steel Mills and Ferroalloy Manufacturing,secondary,,>=$5M,<2,,True
533,Ingersoll,2024,332993,Ammunition (except Small Arms) Manufacturing,primary,,>=$5M,<2,,True
533,Ingersoll,2024,ALL,All,all,51.552,>=$5M,2,50.5,False
533,Ingersoll,2024,PRIMARY,Primary,primary,,>=$5M,<2,,True
533,Ingersoll,2024,SECONDARY,Secondary,secondary,,>=$5M,<2,,True
533,Ingersoll,2025,331110,Iron and Steel Mills and Ferroalloy Manufacturing,secondary,,>=$5M,<2,,True
533,Ingersoll,2025,332993,Ammunition (except Small Arms) Manufacturing,primary,,>=$5M,<2,,True
533,Ingersoll,2025,541330,Engineering Services,secondary,,>=$5M,<2,,True
533,Ingersoll,2025,ALL,All,all,61.298,>=$5M,3,54.0,False
533,Ingersoll,2025,PRIMARY,Primary,primary,,>=$5M,<2,,True
533,Ingersoll,2025,SECONDARY,Secondary,secondary,54.844,>=$5M,2,60.0,False
456,Joliette,2017,331110,Iron & Steel Mills & Ferroalloy Manufacturing,secondary,17.085,>=$5M,2,7.5,False
456,Joliette,2017,541330,Engineering Services,secondary,23.1,>=$5M,16,6.2,False
456,Joliette,2017,541370,Surveying & Mapping (except Geophysical) Services,secondary,7.35,>=$5M,6,8.3,False
456,Joliette,2017,ALL,All,all,47.535,>=$5M,24,6.9,False
456,Joliette,2017,SECONDARY,Secondary,secondary,47.535,>=$5M,24,6.9,False
456,Joliette,2018,331110,Iron & Steel Mills & Ferroalloy Manufacturing,secondary,25.058,>=$5M,2,11.0,False
456,Joliette,2018,541330,Engineering Services,secondary,23.1,>=$5M,16,6.2,False
456,Joliette,2018,541370,Surveying & Mapping (except Geophysical) Services,secondary,7.35,>=$5M,6,8.3,False
456,Joliette,2018,541511,Custom Computer Programming Services,secondary,,<$5M,<2,,True
456,Joliette,2018,ALL,All,all,55.922,>=$5M,25,7.0,False
456,Joliette,2018,SECONDARY,Secondary,secondary,55.922,>=$5M,25,7.0,False
456,Joliette,2019,331110,Iron & Steel Mills & Ferroalloy Manufacturing,secondary,25.058,>=$5M,2,11.0,False
456,Joliette,2019,541330,Engineering Services,secondary,25.41,>=$5M,17,6.5,False
456,Joliette,2019,541370,Surveying & Mapping (except Geophysical) Services,secondary,8.085,>=$5M,7,7.9,False
456,Joliette,2019,541511,Custom Computer Programming Services,secondary,,<$5M,<2,,True
456,Joliette,2019,ALL,All,all,58.967,>=$5M,27,7.0,False
456,Joliette,2019,SECONDARY,Secondary,secondary,58.967,>=$5M,27,7.0,False
456,Joliette,2020,331110,Iron & Steel Mills & Ferroalloy Manufacturing,secondary,26.197,>=$5M,2,11.5,False
456,Joliette,2020,541330,Engineering Services,secondary,25.872,>=$5M,17,6.6,False
456,Joliette,2020,541370,Surveying & Mapping (except Geophysical) Services,secondary,8.085,>=$5M,7,7.9,False
456,Joliette,2020,541511,Custom Computer Programming Services,secondary,,<$5M,<2,,True
456,Joliette,2020,ALL,All,all,60.568,>=$5M,27,7.1,False
456,Joliette,2020,SECONDARY,Secondary,secondary,60.568,>=$5M,27,7.1,False
456,Joliette,2021,331110,Iron and Steel Mills and Ferroalloy Manufacturing,secondary,26.197,>=$5M,2,11.5,False
456,Joliette,2021,541330,Engineering Services,secondary,26.334,>=$5M,17,6.7,False
456,Joliette,2021,541370,Surveying and Mapping (except Geophysical) Service,secondary,8.085,>=$5M,7,7.9,False
456,Joliette,2021,541511,Custom Computer Programming Services,secondary,1.449,<$5M,2,1.0,False
456,Joliette,2021,ALL,All,all,62.065,>=$5M,28,6.9,False
456,Joliette,2021,SECONDARY,Secondary,secondary,62.065,>=$5M,28,6.9,False
456,Joliette,2022,331110,Iron and Steel Mills and Ferroalloy Manufacturing,secondary,26.197,>=$5M,2,11.5,False
456,Joliette,2022,333310,Commercial and Service Industry Machinery Manufact,primary,,<$5M,<2,,True
456,Joliette,2022,541330,Engineering Services,secondary,27.258,>=$5M,18,6.3,False
456,Joliette,2022,541370,Surveying and Mapping (except Geophysical) Service,secondary,8.085,>=$5M,7,7.9,False
456,Joliette,2022,541511,Custom Computer Programming Services,secondary,1.449,<$5M,2,5.0,False
456,Joliette,2022,ALL,All,all,64.924,>=$5M,30,6.9,False
456,Joliette,2022,PRIMARY,Primary,primary,,<$5M,<2,,True
456,Joliette,2022,SECONDARY,Secondary,secondary,62.989,>=$5M,29,7.0,False
456,Joliette,2023,331110,Iron and Steel Mills and Ferroalloy Manufacturing,secondary,26.197,>=$5M,2,11.5,False
456,Joliette,2023,333310,Commercial and Service Industry Machinery Manufact,primary,,<$5M,<2,,True
456,Joliette,2023,541330,Engineering Services,secondary,25.78,>=$5M,18,6.3,False
456,Joliette,2023,541370,Surveying and Mapping (except Geophysical) Service,secondary,7.018,>=$5M,7,7.9,False
456,Joliette,2023,541511,Custom Computer Programming Services,secondary,1.449,<$5M,2,5.0,False
456,Joliette,2023,ALL,All,all,62.379,>=$5M,30,6.9,False
456,Joliette,2023,PRIMARY,Primary,primary,,<$5M,<2,,True
456,Joliette,2023,SECONDARY,Secondary,secondary,60.444,>=$5M,29,7.0,False
456,Joliette,2024,331110,Iron and Steel Mills and Ferroalloy Manufacturing,secondary,12.886,>=$5M,2,10.0,False
456,Joliette,2024,333310,Commercial and Service Industry Machinery Manufact,primary,,<$5M,<2,,True
456,Joliette,2024,541330,Engineering Services,secondary,57.505,>=$5M,21,14.0,False
456,Joliette,2024,541370,Surveying and Mapping (except Geophysical) Service,secondary,5.321,>=$5M,9,5.9,False
456,Joliette,2024,541511,Custom Computer Programming Services,secondary,8.229,>=$5M,2,27.5,False
456,Joliette,2024,ALL,All,all,84.505,>=$5M,35,12.2,False
456,Joliette,2024,PRIMARY,Primary,primary,,<$5M,<2,,True
456,Joliette,2024,SECONDARY,Secondary,secondary,83.941,>=$5M,34,12.4,False
456,Joliette,2025,331110,Iron and Steel Mills and Ferroalloy Manufacturing,secondary,12.886,>=$5M,2,10.0,False
456,Joliette,2025,333310,Commercial and Service Industry Machinery Manufact,primary,,<$5M,<2,,True
456,Joliette,2025,541330,Engineering Services,secondary,57.505,>=$5M,21,14.0,False
456,Joliette,2025,541370,Surveying and Mapping (except Geophysical) Service,secondary,5.42,>=$5M,9,6.1,False
456,Joliette,2025,541511,Custom Computer Programming Services,secondary,8.229,>=$5M,2,27.5,False
456,Joliette,2025,ALL,All,all,84.604,>=$5M,35,12.2,False
456,Joliette,2025,PRIMARY,Primary,primary,,<$5M,<2,,True
456,Joliette,2025,SECONDARY,Secondary,secondary,84.04,>=$5M,34,12.5,False
925,Kamloops,2017,331110,Iron & Steel Mills & Ferroalloy Manufacturing,secondary,,>=$5M,<2,,True
925,Kamloops,2017,541330,Engineering Services,secondary,87.087,>=$5M,35,10.8,False
925,Kamloops,2017,541370,Surveying & Mapping (except Geophysical) Services,secondary,2.646,<$5M,4,4.5,False
925,Kamloops,2017,541511,Custom Computer Programming Services,secondary,3.933,<$5M,6,3.2,False
925,Kamloops,2017,ALL,All,all,105.056,>=$5M,46,9.2,False
925,Kamloops,2017,SECONDARY,Secondary,secondary,105.056,>=$5M,46,9.2,False
925,Kamloops,2018,331110,Iron & Steel Mills & Ferroalloy Manufacturing,secondary,,>=$5M,<2,,True
925,Kamloops,2018,541330,Engineering Services,secondary,93.786,>=$5M,40,10.2,False
925,Kamloops,2018,541370,Surveying & Mapping (except Geophysical) Services,secondary,2.646,<$5M,4,4.5,False
925,Kamloops,2018,541511,Custom Computer Programming Services,secondary,3.933,<$5M,6,3.2,False
925,Kamloops,2018,ALL,All,all,111.755,>=$5M,51,8.9,False
925,Kamloops,2018,SECONDARY,Secondary,secondary,111.755,>=$5M,51,8.9,False
925,Kamloops,2019,331110,Iron & Steel Mills & Ferroalloy Manufacturing,secondary,,>=$5M,<2,,True
925,Kamloops,2019,541330,Engineering Services,secondary,107.184,>=$5M,48,9.7,False
925,Kamloops,2019,541370,Surveying & Mapping (except Geophysical) Services,secondary,3.381,<$5M,5,4.6,False
925,Kamloops,2019,541511,Custom Computer Programming Services,secondary,3.933,<$5M,6,3.2,False
925,Kamloops,2019,ALL,All,all,125.888,>=$5M,60,8.6,False
925,Kamloops,2019,SECONDARY,Secondary,secondary,125.888,>=$5M,60,8.6,False
925,Kamloops,2020,325920,Explosives Manufacturing,primary,4.522,<$5M,2,7.0,False
925,Kamloops,2020,331110,Iron & Steel Mills & Ferroalloy Manufacturing,secondary,,>=$5M,<2,,True
925,Kamloops,2020,541330,Engineering Services,secondary,107.646,>=$5M,48,9.7,False
925,Kamloops,2020,541370,Surveying & Mapping (except Geophysical) Services,secondary,3.381,<$5M,5,4.6,False
925,Kamloops,2020,541511,Custom Computer Programming Services,secondary,4.14,<$5M,6,3.3,False
925,Kamloops,2020,ALL,All,all,131.079,>=$5M,62,8.6,False
925,Kamloops,2020,PRIMARY,Primary,primary,4.522,<$5M,2,7.0,False
925,Kamloops,2020,SECONDARY,Secondary,secondary,126.557,>=$5M,60,8.6,False
925,Kamloops,2021,325920,Explosives Manufacturing,primary,4.522,<$5M,2,7.0,False
925,Kamloops,2021,331110,Iron and Steel Mills and Ferroalloy Manufacturing,secondary,,>=$5M,<2,,True
925,Kamloops,2021,541330,Engineering Services,secondary,72.996,>=$5M,39,8.1,False
925,Kamloops,2021,541370,Surveying and Mapping (except Geophysical) Service,secondary,3.381,<$5M,5,4.6,False
925,Kamloops,2021,541511,Custom Computer Programming Services,secondary,4.14,<$5M,6,3.3,False
925,Kamloops,2021,ALL,All,all,96.429,>=$5M,53,7.2,False
925,Kamloops,2021,PRIMARY,Primary,primary,4.522,<$5M,2,7.0,False
925,Kamloops,2021,SECONDARY,Secondary,secondary,91.907,>=$5M,51,7.2,False
925,Kamloops,2022,325920,Explosives Manufacturing,primary,,<$5M,<2,,True
925,Kamloops,2022,541330,Engineering Services,secondary,104.643,>=$5M,47,9.3,False
925,Kamloops,2022,541370,Surveying and Mapping (except Geophysical) Service,secondary,3.675,<$5M,6,4.2,False
925,Kamloops,2022,541511,Custom Computer Programming Services,secondary,4.14,<$5M,6,3.3,False
925,Kamloops,2022,ALL,All,all,113.104,>=$5M,60,8.1,False
925,Kamloops,2022,PRIMARY,Primary,primary,,<$5M,<2,,True
925,Kamloops,2022,SECONDARY,Secondary,secondary,112.458,>=$5M,59,8.2,False
925,Kamloops,2023,541330,Engineering Services,secondary,78.859,>=$5M,44,7.8,False
925,Kamloops,2023,541370,Surveying and Mapping (except Geophysical) Service,secondary,3.578,<$5M,6,4.2,False
925,Kamloops,2023,541511,Custom Computer Programming Services,secondary,3.105,<$5M,5,3.0,False
925,Kamloops,2023,ALL,All,all,85.542,>=$5M,55,7.0,False
925,Kamloops,2023,SECONDARY,Secondary,secondary,85.542,>=$5M,55,7.0,False
925,Kamloops,2024,333310,Commercial and Service Industry Machinery Manufact,primary,,<$5M,<2,,True
925,Kamloops,2024,336999,All Other Transportation Equipment Manufacturing,primary,,<$5M,<2,,True
925,Kamloops,2024,541330,Engineering Services,secondary,93.966,>=$5M,47,10.3,False
925,Kamloops,2024,541370,Surveying and Mapping (except Geophysical) Service,secondary,2.464,<$5M,7,3.7,False
925,Kamloops,2024,541511,Custom Computer Programming Services,secondary,1.947,<$5M,5,2.6,False
925,Kamloops,2024,ALL,All,all,100.993,>=$5M,61,8.8,False
925,Kamloops,2024,PRIMARY,Primary,primary,2.616,<$5M,2,6.0,False
925,Kamloops,2024,SECONDARY,Secondary,secondary,98.377,>=$5M,59,8.8,False
925,Kamloops,2025,333310,Commercial and Service Industry Machinery Manufact,primary,,<$5M,<2,,True
925,Kamloops,2025,336999,All Other Transportation Equipment Manufacturing,primary,,<$5M,<2,,True
925,Kamloops,2025,541330,Engineering Services,secondary,95.332,>=$5M,48,10.2,False
925,Kamloops,2025,541370,Surveying and Mapping (except Geophysical) Service,secondary,2.464,<$5M,7,3.6,False
925,Kamloops,2025,541511,Custom Computer Programming Services,secondary,2.697,<$5M,8,2.2,False
925,Kamloops,2025,ALL,All,all,103.109,>=$5M,65,8.4,False
925,Kamloops,2025,PRIMARY,Primary,primary,2.616,<$5M,2,6.0,False
925,Kamloops,2025,SECONDARY,Secondary,secondary,100.493,>=$5M,63,8.4,False
530,Kawartha Lakes,2017,541330,Engineering Services,secondary,1.386,<$5M,2,3.0,False
530,Kawartha Lakes,2017,541370,Surveying & Mapping (except Geophysical) Services,secondary,4.263,<$5M,4,7.2,False
530,Kawartha Lakes,2017,ALL,All,all,5.649,>=$5M,6,5.8,False
530,Kawartha Lakes,2017,SECONDARY,Secondary,secondary,5.649,>=$5M,6,5.8,False
530,Kawartha Lakes,2018,541330,Engineering Services,secondary,1.386,<$5M,2,3.0,False
530,Kawartha Lakes,2018,541370,Surveying & Mapping (except Geophysical) Services,secondary,4.263,<$5M,4,7.2,False
530,Kawartha Lakes,2018,ALL,All,all,5.649,>=$5M,6,5.8,False
530,Kawartha Lakes,2018,SECONDARY,Secondary,secondary,5.649,>=$5M,6,5.8,False
530,Kawartha Lakes,2019,541330,Engineering Services,secondary,3.234,<$5M,4,3.5,False
530,Kawartha Lakes,2019,541370,Surveying & Mapping (except Geophysical) Services,secondary,4.263,<$5M,4,7.2,False
530,Kawartha Lakes,2019,ALL,All,all,7.497,>=$5M,8,5.4,False
530,Kawartha Lakes,2019,SECONDARY,Secondary,secondary,7.497,>=$5M,8,5.4,False
530,Kawartha Lakes,2020,541330,Engineering Services,secondary,3.234,<$5M,4,3.5,False
530,Kawartha Lakes,2020,541370,Surveying & Mapping (except Geophysical) Services,secondary,4.263,<$5M,4,7.2,False
530,Kawartha Lakes,2020,ALL,All,all,7.497,>=$5M,8,5.4,False
530,Kawartha Lakes,2020,SECONDARY,Secondary,secondary,7.497,>=$5M,8,5.4,False
530,Kawartha Lakes,2021,541330,Engineering Services,secondary,3.234,<$5M,4,3.5,False
530,Kawartha Lakes,2021,541370,Surveying and Mapping (except Geophysical) Service,secondary,4.263,<$5M,4,7.2,False
530,Kawartha Lakes,2021,ALL,All,all,7.497,>=$5M,8,5.4,False
530,Kawartha Lakes,2021,SECONDARY,Secondary,secondary,7.497,>=$5M,8,5.4,False
530,Kawartha Lakes,2022,333310,Commercial and Service Industry Machinery Manufact,primary,,<$5M,<2,,True
530,Kawartha Lakes,2022,541330,Engineering Services,secondary,3.562,<$5M,5,2.8,False
530,Kawartha Lakes,2022,541370,Surveying and Mapping (except Geophysical) Service,secondary,4.263,<$5M,4,7.2,False
530,Kawartha Lakes,2022,ALL,All,all,8.545,>=$5M,10,4.5,False
530,Kawartha Lakes,2022,PRIMARY,Primary,primary,,<$5M,<2,,True
530,Kawartha Lakes,2022,SECONDARY,Secondary,secondary,7.825,>=$5M,9,4.8,False
530,Kawartha Lakes,2023,333310,Commercial and Service Industry Machinery Manufact,primary,,<$5M,<2,,True
530,Kawartha Lakes,2023,541330,Engineering Services,secondary,3.562,<$5M,5,2.8,False
530,Kawartha Lakes,2023,541370,Surveying and Mapping (except Geophysical) Service,secondary,3.675,<$5M,3,8.3,False
530,Kawartha Lakes,2023,541511,Custom Computer Programming Services,secondary,,<$5M,<2,,True
530,Kawartha Lakes,2023,ALL,All,all,8.406,>=$5M,10,4.4,False
530,Kawartha Lakes,2023,PRIMARY,Primary,primary,,<$5M,<2,,True
530,Kawartha Lakes,2023,SECONDARY,Secondary,secondary,7.686,>=$5M,9,4.7,False
530,Kawartha Lakes,2024,333310,Commercial and Service Industry Machinery Manufact,primary,,<$5M,<2,,True
530,Kawartha Lakes,2024,541330,Engineering Services,secondary,14.002,>=$5M,5,14.6,False
530,Kawartha Lakes,2024,541370,Surveying and Mapping (except Geophysical) Service,secondary,1.773,<$5M,2,8.5,False
530,Kawartha Lakes,2024,541511,Custom Computer Programming Services,secondary,,<$5M,<2,,True
530,Kawartha Lakes,2024,ALL,All,all,16.591,>=$5M,9,10.6,False
530,Kawartha Lakes,2024,PRIMARY,Primary,primary,,<$5M,<2,,True
530,Kawartha Lakes,2024,SECONDARY,Secondary,secondary,16.224,>=$5M,8,11.6,False
530,Kawartha Lakes,2025,333310,Commercial and Service Industry Machinery Manufact,primary,,<$5M,<2,,True
530,Kawartha Lakes,2025,541330,Engineering Services,secondary,14.782,>=$5M,5,15.4,False
530,Kawartha Lakes,2025,541370,Surveying and Mapping (except Geophysical) Service,secondary,1.773,<$5M,2,9.0,False
530,Kawartha Lakes,2025,541511,Custom Computer Programming Services,secondary,,<$5M,<2,,True
530,Kawartha Lakes,2025,ALL,All,all,17.371,>=$5M,9,11.1,False
530,Kawartha Lakes,2025,PRIMARY,Primary,primary,,<$5M,<2,,True
530,Kawartha Lakes,2025,SECONDARY,Secondary,secondary,17.004,>=$5M,8,12.2,False
915,Kelowna,2017,333314,Optical Instrument & Lens Manufacturing,secondary,,<$5M,<2,,True
915,Kelowna,2017,334511,Search Detection & Navigation Instruments,primary,,>=$5M,<2,,True
915,Kelowna,2017,336611,Ship Building & Repairing,secondary,2.442,<$5M,2,5.5,False
915,Kelowna,2017,336612,Boat Building,secondary,13.464,>=$5M,3,22.7,False
915,Kelowna,2017,541330,Engineering Services,secondary,145.322,>=$5M,96,6.6,False
915,Kelowna,2017,541370,Surveying & Mapping (except Geophysical) Services,secondary,8.673,>=$5M,11,5.4,False
915,Kelowna,2017,541511,Custom Computer Programming Services,secondary,30.429,>=$5M,29,5.1,False
915,Kelowna,2017,ALL,All,all,209.149,>=$5M,143,6.6,False
915,Kelowna,2017,PRIMARY,Primary,primary,,>=$5M,<2,,True
915,Kelowna,2017,SECONDARY,Secondary,secondary,200.616,>=$5M,142,6.5,False
915,Kelowna,2018,333314,Optical Instrument & Lens Manufacturing,secondary,,<$5M,<2,,True
915,Kelowna,2018,334511,Search Detection & Navigation Instruments,primary,,>=$5M,<2,,True
915,Kelowna,2018,336611,Ship Building & Repairing,secondary,2.442,<$5M,2,5.5,False
915,Kelowna,2018,336612,Boat Building,secondary,13.464,>=$5M,3,22.7,False
915,Kelowna,2018,541330,Engineering Services,secondary,148.094,>=$5M,98,6.6,False
915,Kelowna,2018,541370,Surveying & Mapping (except Geophysical) Services,secondary,8.673,>=$5M,11,5.4,False
915,Kelowna,2018,541511,Custom Computer Programming Services,secondary,28.359,>=$5M,30,4.6,False
915,Kelowna,2018,ALL,All,all,209.851,>=$5M,146,6.5,False
915,Kelowna,2018,PRIMARY,Primary,primary,,>=$5M,<2,,True
915,Kelowna,2018,SECONDARY,Secondary,secondary,201.318,>=$5M,145,6.3,False
915,Kelowna,2019,333314,Optical Instrument & Lens Manufacturing,secondary,,<$5M,<2,,True
915,Kelowna,2019,334511,Search Detection & Navigation Instruments,primary,,>=$5M,<2,,True
915,Kelowna,2019,336611,Ship Building & Repairing,secondary,2.442,<$5M,2,5.5,False
915,Kelowna,2019,336612,Boat Building,secondary,13.464,>=$5M,3,22.7,False
915,Kelowna,2019,541330,Engineering Services,secondary,156.641,>=$5M,109,6.2,False
915,Kelowna,2019,541370,Surveying & Mapping (except Geophysical) Services,secondary,10.731,>=$5M,14,5.2,False
915,Kelowna,2019,541511,Custom Computer Programming Services,secondary,28.773,>=$5M,31,4.5,False
915,Kelowna,2019,ALL,All,all,220.87,>=$5M,161,6.2,False
915,Kelowna,2019,PRIMARY,Primary,primary,,>=$5M,<2,,True
915,Kelowna,2019,SECONDARY,Secondary,secondary,212.337,>=$5M,160,6.1,False
915,Kelowna,2020,333314,Optical Instrument & Lens Manufacturing,secondary,,<$5M,<2,,True
915,Kelowna,2020,334511,Search Detection & Navigation Instruments,primary,,>=$5M,<2,,True
915,Kelowna,2020,336611,Ship Building & Repairing,secondary,1.998,<$5M,2,4.5,False
915,Kelowna,2020,336612,Boat Building,secondary,13.464,>=$5M,3,22.7,False
915,Kelowna,2020,541330,Engineering Services,secondary,158.951,>=$5M,110,6.3,False
915,Kelowna,2020,541370,Surveying & Mapping (except Geophysical) Services,secondary,10.731,>=$5M,14,5.2,False
915,Kelowna,2020,541511,Custom Computer Programming Services,secondary,29.808,>=$5M,32,4.5,False
915,Kelowna,2020,ALL,All,all,223.771,>=$5M,163,6.2,False
915,Kelowna,2020,PRIMARY,Primary,primary,,>=$5M,<2,,True
915,Kelowna,2020,SECONDARY,Secondary,secondary,215.238,>=$5M,162,6.1,False
915,Kelowna,2021,333314,Optical Instrument and Lens Manufacturing,secondary,,<$5M,<2,,True
915,Kelowna,2021,334511,"Search, Detection, Navigation, Guidance, Aeronauti",primary,17.066,>=$5M,2,16.0,False
915,Kelowna,2021,336611,Ship Building and Repairing,secondary,1.998,<$5M,2,4.5,False
915,Kelowna,2021,336612,Boat Building,secondary,13.464,>=$5M,3,22.7,False
915,Kelowna,2021,541330,Engineering Services,secondary,163.802,>=$5M,110,6.5,False
915,Kelowna,2021,541370,Surveying and Mapping (except Geophysical) Service,secondary,10.731,>=$5M,14,5.2,False
915,Kelowna,2021,541511,Custom Computer Programming Services,secondary,29.808,>=$5M,32,4.5,False
915,Kelowna,2021,ALL,All,all,237.155,>=$5M,164,6.4,False
915,Kelowna,2021,PRIMARY,Primary,primary,17.066,>=$5M,2,16.0,False
915,Kelowna,2021,SECONDARY,Secondary,secondary,220.089,>=$5M,162,6.2,False
915,Kelowna,2022,333310,Commercial and Service Industry Machinery Manufact,primary,16.824,>=$5M,6,7.8,False
915,Kelowna,2022,334511,"Search, Detection, Navigation, Guidance, Aeronauti",primary,17.066,>=$5M,2,16.0,False
915,Kelowna,2022,334610,Manufacturing and Reproducing Magnetic and Optical,secondary,,<$5M,<2,,True
915,Kelowna,2022,336611,Ship Building and Repairing,secondary,1.998,<$5M,2,4.5,False
915,Kelowna,2022,336612,Boat Building,secondary,13.464,>=$5M,3,22.7,False
915,Kelowna,2022,541330,Engineering Services,secondary,172.118,>=$5M,120,6.0,False
915,Kelowna,2022,541370,Surveying and Mapping (except Geophysical) Service,secondary,11.466,>=$5M,15,4.9,False
915,Kelowna,2022,541511,Custom Computer Programming Services,secondary,28.773,>=$5M,31,4.5,False
915,Kelowna,2022,ALL,All,all,266.351,>=$5M,180,6.1,False
915,Kelowna,2022,PRIMARY,Primary,primary,33.89,>=$5M,8,9.9,False
915,Kelowna,2022,SECONDARY,Secondary,secondary,232.461,>=$5M,172,5.9,False
915,Kelowna,2023,333310,Commercial and Service Industry Machinery Manufact,primary,10.379,>=$5M,6,7.8,False
915,Kelowna,2023,334511,"Search, Detection, Navigation, Guidance, Aeronauti",primary,17.066,>=$5M,2,16.0,False
915,Kelowna,2023,334610,Manufacturing and Reproducing Magnetic and Optical,secondary,,<$5M,<2,,True
915,Kelowna,2023,336411,Aircraft Manufacturing,primary,,>=$5M,<2,,True
915,Kelowna,2023,336611,Ship Building and Repairing,secondary,1.998,<$5M,2,4.5,False
915,Kelowna,2023,336612,Boat Building,secondary,13.464,>=$5M,3,22.7,False
915,Kelowna,2023,541330,Engineering Services,secondary,151.765,>=$5M,116,5.5,False
915,Kelowna,2023,541370,Surveying and Mapping (except Geophysical) Service,secondary,10.496,>=$5M,15,4.9,False
915,Kelowna,2023,541511,Custom Computer Programming Services,secondary,28.43,>=$5M,31,4.5,False
915,Kelowna,2023,ALL,All,all,245.13,>=$5M,177,6.4,False
915,Kelowna,2023,PRIMARY,Primary,primary,34.335,>=$5M,9,20.6,False
915,Kelowna,2023,SECONDARY,Secondary,secondary,210.795,>=$5M,168,5.6,False
915,Kelowna,2024,333310,Commercial and Service Industry Machinery Manufact,primary,9.232,>=$5M,7,6.7,False
915,Kelowna,2024,334511,"Search, Detection, Navigation, Guidance, Aeronauti",primary,28.192,>=$5M,3,40.0,False
915,Kelowna,2024,334610,Manufacturing and Reproducing Magnetic and Optical,secondary,13.523,>=$5M,2,17.5,False
915,Kelowna,2024,336411,Aircraft Manufacturing,primary,,>=$5M,<2,,True
915,Kelowna,2024,336611,Ship Building and Repairing,secondary,1.392,<$5M,2,2.5,False
915,Kelowna,2024,336612,Boat Building,secondary,14.172,>=$5M,3,32.7,False
915,Kelowna,2024,541330,Engineering Services,secondary,210.363,>=$5M,111,9.8,False
915,Kelowna,2024,541370,Surveying and Mapping (except Geophysical) Service,secondary,6.799,>=$5M,15,4.6,False
915,Kelowna,2024,541511,Custom Computer Programming Services,secondary,24.207,>=$5M,35,4.2,False
915,Kelowna,2024,ALL,All,all,358.967,>=$5M,179,9.6,False
915,Kelowna,2024,PRIMARY,Primary,primary,88.511,>=$5M,11,24.8,False
915,Kelowna,2024,SECONDARY,Secondary,secondary,270.456,>=$5M,168,8.6,False
915,Kelowna,2025,333310,Commercial and Service Industry Machinery Manufact,primary,8.611,>=$5M,7,6.7,False
915,Kelowna,2025,334511,"Search, Detection, Navigation, Guidance, Aeronauti",primary,28.192,>=$5M,3,40.0,False
915,Kelowna,2025,334610,Manufacturing and Reproducing Magnetic and Optical,secondary,13.523,>=$5M,2,17.5,False
915,Kelowna,2025,336411,Aircraft Manufacturing,primary,,>=$5M,<2,,True
915,Kelowna,2025,336611,Ship Building and Repairing,secondary,1.67,<$5M,2,3.0,False
915,Kelowna,2025,336612,Boat Building,secondary,14.172,>=$5M,3,32.7,False
915,Kelowna,2025,541330,Engineering Services,secondary,200.033,>=$5M,111,9.3,False
915,Kelowna,2025,541370,Surveying and Mapping (except Geophysical) Service,secondary,6.504,>=$5M,14,4.7,False
915,Kelowna,2025,541511,Custom Computer Programming Services,secondary,22.759,>=$5M,37,4.1,False
915,Kelowna,2025,ALL,All,all,346.551,>=$5M,180,9.2,False
915,Kelowna,2025,PRIMARY,Primary,primary,87.89,>=$5M,11,24.8,False
915,Kelowna,2025,SECONDARY,Secondary,secondary,258.661,>=$5M,169,8.2,False
598,Kenora,2017,336611,Ship Building & Repairing,secondary,6.66,>=$5M,6,5.0,False
598,Kenora,2017,541330,Engineering Services,secondary,7.161,>=$5M,8,3.9,False
598,Kenora,2017,541370,Surveying & Mapping (except Geophysical) Services,secondary,1.764,<$5M,3,4.0,False
598,Kenora,2017,ALL,All,all,15.585,>=$5M,17,4.3,False
598,Kenora,2017,SECONDARY,Secondary,secondary,15.585,>=$5M,17,4.3,False
598,Kenora,2018,331110,Iron & Steel Mills & Ferroalloy Manufacturing,secondary,,<$5M,<2,,True
598,Kenora,2018,336611,Ship Building & Repairing,secondary,6.66,>=$5M,6,5.0,False
598,Kenora,2018,541330,Engineering Services,secondary,6.93,>=$5M,7,4.3,False
598,Kenora,2018,541370,Surveying & Mapping (except Geophysical) Services,secondary,1.764,<$5M,3,4.0,False
598,Kenora,2018,ALL,All,all,17.632,>=$5M,17,4.4,False
598,Kenora,2018,SECONDARY,Secondary,secondary,17.632,>=$5M,17,4.4,False
598,Kenora,2019,331110,Iron & Steel Mills & Ferroalloy Manufacturing,secondary,,<$5M,<2,,True
598,Kenora,2019,336411,Aircraft Manufacturing,primary,,<$5M,<2,,True
598,Kenora,2019,336611,Ship Building & Repairing,secondary,6.66,>=$5M,6,5.0,False
598,Kenora,2019,541330,Engineering Services,secondary,7.161,>=$5M,7,4.4,False
598,Kenora,2019,541370,Surveying & Mapping (except Geophysical) Services,secondary,1.764,<$5M,3,4.0,False
598,Kenora,2019,ALL,All,all,20.283,>=$5M,18,4.4,False
598,Kenora,2019,PRIMARY,Primary,primary,,<$5M,<2,,True
598,Kenora,2019,SECONDARY,Secondary,secondary,17.863,>=$5M,17,4.4,False
598,Kenora,2020,331110,Iron & Steel Mills & Ferroalloy Manufacturing,secondary,,<$5M,<2,,True
598,Kenora,2020,336411,Aircraft Manufacturing,primary,,<$5M,<2,,True
598,Kenora,2020,336611,Ship Building & Repairing,secondary,6.66,>=$5M,6,5.0,False
598,Kenora,2020,541330,Engineering Services,secondary,5.775,>=$5M,6,4.2,False
598,Kenora,2020,541370,Surveying & Mapping (except Geophysical) Services,secondary,2.793,<$5M,4,4.8,False
598,Kenora,2020,ALL,All,all,18.787,>=$5M,18,4.4,False
598,Kenora,2020,PRIMARY,Primary,primary,,<$5M,<2,,True
598,Kenora,2020,SECONDARY,Secondary,secondary,16.367,>=$5M,17,4.4,False
598,Kenora,2021,331110,Iron and Steel Mills and Ferroalloy Manufacturing,secondary,,<$5M,<2,,True
598,Kenora,2021,336411,Aircraft Manufacturing,primary,,<$5M,<2,,True
598,Kenora,2021,336611,Ship Building and Repairing,secondary,6.66,>=$5M,6,5.0,False
598,Kenora,2021,541330,Engineering Services,secondary,5.775,>=$5M,6,4.2,False
598,Kenora,2021,541370,Surveying and Mapping (except Geophysical) Service,secondary,2.205,<$5M,3,5.0,False
598,Kenora,2021,ALL,All,all,18.199,>=$5M,17,4.4,False
598,Kenora,2021,PRIMARY,Primary,primary,,<$5M,<2,,True
598,Kenora,2021,SECONDARY,Secondary,secondary,15.779,>=$5M,16,4.4,False
598,Kenora,2022,331110,Iron and Steel Mills and Ferroalloy Manufacturing,secondary,,<$5M,<2,,True
598,Kenora,2022,336411,Aircraft Manufacturing,primary,,<$5M,<2,,True
598,Kenora,2022,336611,Ship Building and Repairing,secondary,6.66,>=$5M,6,5.0,False
598,Kenora,2022,541330,Engineering Services,secondary,5.775,>=$5M,6,4.2,False
598,Kenora,2022,541370,Surveying and Mapping (except Geophysical) Service,secondary,2.205,<$5M,3,5.0,False
598,Kenora,2022,ALL,All,all,18.199,>=$5M,17,4.4,False
598,Kenora,2022,PRIMARY,Primary,primary,,<$5M,<2,,True
598,Kenora,2022,SECONDARY,Secondary,secondary,15.779,>=$5M,16,4.4,False
598,Kenora,2023,331110,Iron and Steel Mills and Ferroalloy Manufacturing,secondary,,<$5M,<2,,True
598,Kenora,2023,336411,Aircraft Manufacturing,primary,,<$5M,<2,,True
598,Kenora,2023,336611,Ship Building and Repairing,secondary,6.66,>=$5M,6,5.0,False
598,Kenora,2023,541330,Engineering Services,secondary,5.775,>=$5M,6,4.2,False
598,Kenora,2023,541370,Surveying and Mapping (except Geophysical) Service,secondary,2.793,<$5M,4,4.8,False
598,Kenora,2023,ALL,All,all,18.293,>=$5M,18,4.4,False
598,Kenora,2023,PRIMARY,Primary,primary,,<$5M,<2,,True
598,Kenora,2023,SECONDARY,Secondary,secondary,15.873,>=$5M,17,4.4,False
598,Kenora,2024,331110,Iron and Steel Mills and Ferroalloy Manufacturing,secondary,,<$5M,<2,,True
598,Kenora,2024,336411,Aircraft Manufacturing,primary,,<$5M,<2,,True
598,Kenora,2024,336611,Ship Building and Repairing,secondary,9.182,>=$5M,5,6.6,False
598,Kenora,2024,541330,Engineering Services,secondary,7.019,>=$5M,6,6.0,False
598,Kenora,2024,541370,Surveying and Mapping (except Geophysical) Service,secondary,1.675,<$5M,4,4.2,False
598,Kenora,2024,ALL,All,all,20.449,>=$5M,17,5.4,False
598,Kenora,2024,PRIMARY,Primary,primary,,<$5M,<2,,True
598,Kenora,2024,SECONDARY,Secondary,secondary,18.521,>=$5M,16,5.4,False
598,Kenora,2025,331110,Iron and Steel Mills and Ferroalloy Manufacturing,secondary,,<$5M,<2,,True
598,Kenora,2025,336411,Aircraft Manufacturing,primary,,<$5M,<2,,True
598,Kenora,2025,336611,Ship Building and Repairing,secondary,9.461,>=$5M,5,6.8,False
598,Kenora,2025,541330,Engineering Services,secondary,7.019,>=$5M,6,6.0,False
598,Kenora,2025,541370,Surveying and Mapping (except Geophysical) Service,secondary,1.675,<$5M,4,4.2,False
598,Kenora,2025,ALL,All,all,20.728,>=$5M,17,5.4,False
598,Kenora,2025,PRIMARY,Primary,primary,,<$5M,<2,,True
598,Kenora,2025,SECONDARY,Secondary,secondary,18.8,>=$5M,16,5.5,False
210,Kentville,2017,541370,Surveying & Mapping (except Geophysical) Services,secondary,1.176,<$5M,4,2.0,False
210,Kentville,2017,ALL,All,all,1.176,<$5M,4,2.0,False
210,Kentville,2017,SECONDARY,Secondary,secondary,1.176,<$5M,4,2.0,False
210,Kentville,2018,541370,Surveying & Mapping (except Geophysical) Services,secondary,1.176,<$5M,4,2.0,False
210,Kentville,2018,ALL,All,all,1.176,<$5M,4,2.0,False
210,Kentville,2018,SECONDARY,Secondary,secondary,1.176,<$5M,4,2.0,False
210,Kentville,2019,541330,Engineering Services,secondary,,<$5M,<2,,True
210,Kentville,2019,541370,Surveying & Mapping (except Geophysical) Services,secondary,1.911,<$5M,5,2.6,False
210,Kentville,2019,ALL,All,all,2.604,<$5M,6,2.7,False
210,Kentville,2019,SECONDARY,Secondary,secondary,2.604,<$5M,6,2.7,False
210,Kentville,2020,541330,Engineering Services,secondary,,<$5M,<2,,True
210,Kentville,2020,541370,Surveying & Mapping (except Geophysical) Services,secondary,1.911,<$5M,5,2.6,False
210,Kentville,2020,ALL,All,all,2.604,<$5M,6,2.7,False
210,Kentville,2020,SECONDARY,Secondary,secondary,2.604,<$5M,6,2.7,False
210,Kentville,2021,541330,Engineering Services,secondary,,<$5M,<2,,True
210,Kentville,2021,541370,Surveying and Mapping (except Geophysical) Service,secondary,1.911,<$5M,5,2.6,False
210,Kentville,2021,ALL,All,all,2.604,<$5M,6,2.7,False
210,Kentville,2021,SECONDARY,Secondary,secondary,2.604,<$5M,6,2.7,False
210,Kentville,2022,541330,Engineering Services,secondary,,<$5M,<2,,True
210,Kentville,2022,541370,Surveying and Mapping (except Geophysical) Service,secondary,1.911,<$5M,5,2.4,False
210,Kentville,2022,ALL,All,all,2.604,<$5M,6,2.5,False
210,Kentville,2022,SECONDARY,Secondary,secondary,2.604,<$5M,6,2.5,False
210,Kentville,2023,331110,Iron and Steel Mills and Ferroalloy Manufacturing,secondary,,<$5M,<2,,True
210,Kentville,2023,541370,Surveying and Mapping (except Geophysical) Service,secondary,1.767,<$5M,5,2.4,False
210,Kentville,2023,ALL,All,all,6.485,>=$5M,6,4.3,False
210,Kentville,2023,SECONDARY,Secondary,secondary,6.485,>=$5M,6,4.3,False
210,Kentville,2024,331110,Iron and Steel Mills and Ferroalloy Manufacturing,secondary,,>=$5M,<2,,True
210,Kentville,2024,541330,Engineering Services,secondary,,>=$5M,<2,,True
210,Kentville,2024,541370,Surveying and Mapping (except Geophysical) Service,secondary,0.691,<$5M,5,1.4,False
210,Kentville,2024,ALL,All,all,18.677,>=$5M,7,8.6,False
210,Kentville,2024,SECONDARY,Secondary,secondary,18.677,>=$5M,7,8.6,False
210,Kentville,2025,331110,Iron and Steel Mills and Ferroalloy Manufacturing,secondary,,>=$5M,<2,,True
210,Kentville,2025,541330,Engineering Services,secondary,,>=$5M,<2,,True
210,Kentville,2025,541370,Surveying and Mapping (except Geophysical) Service,secondary,0.889,<$5M,5,1.8,False
210,Kentville,2025,ALL,All,all,19.655,>=$5M,7,10.4,False
210,Kentville,2025,SECONDARY,Secondary,secondary,19.655,>=$5M,7,10.4,False
521,Kingston,2017,331110,Iron & Steel Mills & Ferroalloy Manufacturing,secondary,,<$5M,<2,,True
521,Kingston,2017,336611,Ship Building & Repairing,secondary,,<$5M,<2,,True
521,Kingston,2017,336612,Boat Building,secondary,21.582,>=$5M,5,21.8,False
521,Kingston,2017,541330,Engineering Services,secondary,70.917,>=$5M,50,6.1,False
521,Kingston,2017,541370,Surveying & Mapping (except Geophysical) Services,secondary,7.791,>=$5M,8,6.6,False
521,Kingston,2017,541511,Custom Computer Programming Services,secondary,4.761,<$5M,5,4.6,False
521,Kingston,2017,ALL,All,all,109.105,>=$5M,70,7.2,False
521,Kingston,2017,SECONDARY,Secondary,secondary,109.105,>=$5M,70,7.2,False
521,Kingston,2018,331110,Iron & Steel Mills & Ferroalloy Manufacturing,secondary,,<$5M,<2,,True
521,Kingston,2018,336611,Ship Building & Repairing,secondary,,<$5M,<2,,True
521,Kingston,2018,336612,Boat Building,secondary,21.582,>=$5M,5,21.8,False
521,Kingston,2018,541330,Engineering Services,secondary,65.604,>=$5M,50,5.7,False
521,Kingston,2018,541370,Surveying & Mapping (except Geophysical) Services,secondary,7.791,>=$5M,8,6.6,False
521,Kingston,2018,541511,Custom Computer Programming Services,secondary,5.796,>=$5M,6,4.7,False
521,Kingston,2018,ALL,All,all,104.827,>=$5M,71,6.8,False
521,Kingston,2018,SECONDARY,Secondary,secondary,104.827,>=$5M,71,6.8,False
521,Kingston,2019,331110,Iron & Steel Mills & Ferroalloy Manufacturing,secondary,,<$5M,<2,,True
521,Kingston,2019,336611,Ship Building & Repairing,secondary,,<$5M,<2,,True
521,Kingston,2019,336612,Boat Building,secondary,21.582,>=$5M,5,21.8,False
521,Kingston,2019,541330,Engineering Services,secondary,79.002,>=$5M,58,5.9,False
521,Kingston,2019,541370,Surveying & Mapping (except Geophysical) Services,secondary,7.791,>=$5M,8,6.6,False
521,Kingston,2019,541511,Custom Computer Programming Services,secondary,7.866,>=$5M,8,4.8,False
521,Kingston,2019,ALL,All,all,120.295,>=$5M,81,6.8,False
521,Kingston,2019,SECONDARY,Secondary,secondary,120.295,>=$5M,81,6.8,False
521,Kingston,2020,331110,Iron & Steel Mills & Ferroalloy Manufacturing,secondary,,<$5M,<2,,True
521,Kingston,2020,336611,Ship Building & Repairing,secondary,,<$5M,<2,,True
521,Kingston,2020,336612,Boat Building,secondary,21.582,>=$5M,5,21.8,False
521,Kingston,2020,541330,Engineering Services,secondary,82.005,>=$5M,59,6.0,False
521,Kingston,2020,541370,Surveying & Mapping (except Geophysical) Services,secondary,8.673,>=$5M,9,6.6,False
521,Kingston,2020,541511,Custom Computer Programming Services,secondary,7.866,>=$5M,8,4.8,False
521,Kingston,2020,ALL,All,all,124.18,>=$5M,83,6.9,False
521,Kingston,2020,SECONDARY,Secondary,secondary,124.18,>=$5M,83,6.9,False
521,Kingston,2021,331110,Iron and Steel Mills and Ferroalloy Manufacturing,secondary,,<$5M,<2,,True
521,Kingston,2021,336611,Ship Building and Repairing,secondary,,<$5M,<2,,True
521,Kingston,2021,336612,Boat Building,secondary,21.582,>=$5M,5,21.8,False
521,Kingston,2021,541330,Engineering Services,secondary,77.154,>=$5M,57,5.9,False
521,Kingston,2021,541370,Surveying and Mapping (except Geophysical) Service,secondary,8.673,>=$5M,9,6.6,False
521,Kingston,2021,541511,Custom Computer Programming Services,secondary,9.936,>=$5M,9,5.3,False
521,Kingston,2021,ALL,All,all,121.399,>=$5M,82,6.8,False
521,Kingston,2021,SECONDARY,Secondary,secondary,121.399,>=$5M,82,6.8,False
521,Kingston,2022,331110,Iron and Steel Mills and Ferroalloy Manufacturing,secondary,,<$5M,<2,,True
521,Kingston,2022,333310,Commercial and Service Industry Machinery Manufact,primary,,<$5M,<2,,True
521,Kingston,2022,336611,Ship Building and Repairing,secondary,,<$5M,<2,,True
521,Kingston,2022,336612,Boat Building,secondary,21.582,>=$5M,5,21.8,False
521,Kingston,2022,541330,Engineering Services,secondary,78.175,>=$5M,60,5.6,False
521,Kingston,2022,541370,Surveying and Mapping (except Geophysical) Service,secondary,9.408,>=$5M,10,5.9,False
521,Kingston,2022,541511,Custom Computer Programming Services,secondary,9.936,>=$5M,9,5.1,False
521,Kingston,2022,ALL,All,all,123.771,>=$5M,87,6.4,False
521,Kingston,2022,PRIMARY,Primary,primary,,<$5M,<2,,True
521,Kingston,2022,SECONDARY,Secondary,secondary,123.155,>=$5M,86,6.5,False
521,Kingston,2023,331110,Iron and Steel Mills and Ferroalloy Manufacturing,secondary,,<$5M,<2,,True
521,Kingston,2023,333310,Commercial and Service Industry Machinery Manufact,primary,,<$5M,<2,,True
521,Kingston,2023,336611,Ship Building and Repairing,secondary,,<$5M,<2,,True
521,Kingston,2023,336612,Boat Building,secondary,16.189,>=$5M,5,21.8,False
521,Kingston,2023,541330,Engineering Services,secondary,64.736,>=$5M,54,5.1,False
521,Kingston,2023,541370,Surveying and Mapping (except Geophysical) Service,secondary,9.408,>=$5M,10,5.9,False
521,Kingston,2023,541511,Custom Computer Programming Services,secondary,9.075,>=$5M,9,5.1,False
521,Kingston,2023,ALL,All,all,104.078,>=$5M,81,6.2,False
521,Kingston,2023,PRIMARY,Primary,primary,,<$5M,<2,,True
521,Kingston,2023,SECONDARY,Secondary,secondary,103.462,>=$5M,80,6.2,False
521,Kingston,2024,331110,Iron and Steel Mills and Ferroalloy Manufacturing,secondary,,<$5M,<2,,True
521,Kingston,2024,333310,Commercial and Service Industry Machinery Manufact,primary,,<$5M,<2,,True
521,Kingston,2024,336611,Ship Building and Repairing,secondary,,>=$5M,<2,,True
521,Kingston,2024,336612,Boat Building,secondary,20.1,>=$5M,4,34.8,False
521,Kingston,2024,541330,Engineering Services,secondary,85.939,>=$5M,53,8.3,False
521,Kingston,2024,541370,Surveying and Mapping (except Geophysical) Service,secondary,4.73,<$5M,9,5.2,False
521,Kingston,2024,541511,Custom Computer Programming Services,secondary,14.965,>=$5M,10,10.0,False
521,Kingston,2024,ALL,All,all,137.015,>=$5M,79,9.7,False
521,Kingston,2024,PRIMARY,Primary,primary,,<$5M,<2,,True
521,Kingston,2024,SECONDARY,Secondary,secondary,136.671,>=$5M,78,9.8,False
521,Kingston,2025,331110,Iron and Steel Mills and Ferroalloy Manufacturing,secondary,,<$5M,<2,,True
521,Kingston,2025,333310,Commercial and Service Industry Machinery Manufact,primary,,<$5M,<2,,True
521,Kingston,2025,336611,Ship Building and Repairing,secondary,,>=$5M,<2,,True
521,Kingston,2025,336612,Boat Building,secondary,20.1,>=$5M,4,34.8,False
521,Kingston,2025,336999,All Other Transportation Equipment Manufacturing,primary,,<$5M,<2,,True
521,Kingston,2025,541330,Engineering Services,secondary,86.914,>=$5M,53,8.5,False
521,Kingston,2025,541370,Surveying and Mapping (except Geophysical) Service,secondary,4.829,<$5M,9,5.4,False
521,Kingston,2025,541511,Custom Computer Programming Services,secondary,14.965,>=$5M,10,10.0,False
521,Kingston,2025,ALL,All,all,138.549,>=$5M,80,9.7,False
521,Kingston,2025,PRIMARY,Primary,primary,0.804,<$5M,2,2.0,False
521,Kingston,2025,SECONDARY,Secondary,secondary,137.745,>=$5M,78,9.9,False
541,Kitchener - Cambridge - Waterloo,2017,331110,Iron & Steel Mills & Ferroalloy Manufacturing,secondary,465.094,>=$5M,5,91.8,False
541,Kitchener - Cambridge - Waterloo,2017,336612,Boat Building,secondary,2.376,<$5M,2,6.0,False
541,Kitchener - Cambridge - Waterloo,2017,541330,Engineering Services,secondary,254.063,>=$5M,107,10.3,False
541,Kitchener - Cambridge - Waterloo,2017,541370,Surveying & Mapping (except Geophysical) Services,secondary,16.023,>=$5M,11,9.9,False
541,Kitchener - Cambridge - Waterloo,2017,541511,Custom Computer Programming Services,secondary,166.221,>=$5M,21,38.2,False
541,Kitchener - Cambridge - Waterloo,2017,ALL,All,all,903.777,>=$5M,146,17.0,False
541,Kitchener - Cambridge - Waterloo,2017,SECONDARY,Secondary,secondary,903.777,>=$5M,146,17.0,False
541,Kitchener - Cambridge - Waterloo,2018,331110,Iron & Steel Mills & Ferroalloy Manufacturing,secondary,465.094,>=$5M,5,91.8,False
541,Kitchener - Cambridge - Waterloo,2018,334511,Search Detection & Navigation Instruments,primary,,>=$5M,<2,,True
541,Kitchener - Cambridge - Waterloo,2018,336612,Boat Building,secondary,2.376,<$5M,2,6.0,False
541,Kitchener - Cambridge - Waterloo,2018,541330,Engineering Services,secondary,279.704,>=$5M,113,10.7,False
541,Kitchener - Cambridge - Waterloo,2018,541370,Surveying & Mapping (except Geophysical) Services,secondary,16.023,>=$5M,11,9.9,False
541,Kitchener - Cambridge - Waterloo,2018,541511,Custom Computer Programming Services,secondary,166.635,>=$5M,22,36.6,False
541,Kitchener - Cambridge - Waterloo,2018,ALL,All,all,938.365,>=$5M,154,17.0,False
541,Kitchener - Cambridge - Waterloo,2018,PRIMARY,Primary,primary,,>=$5M,<2,,True
541,Kitchener - Cambridge - Waterloo,2018,SECONDARY,Secondary,secondary,929.832,>=$5M,153,17.0,False
541,Kitchener - Cambridge - Waterloo,2019,331110,Iron & Steel Mills & Ferroalloy Manufacturing,secondary,465.094,>=$5M,5,91.8,False
541,Kitchener - Cambridge - Waterloo,2019,334511,Search Detection & Navigation Instruments,primary,,>=$5M,<2,,True
541,Kitchener - Cambridge - Waterloo,2019,336612,Boat Building,secondary,2.574,<$5M,3,4.3,False
541,Kitchener - Cambridge - Waterloo,2019,336999,All Other Transportation Equipment Manufacturing,primary,,<$5M,<2,,True
541,Kitchener - Cambridge - Waterloo,2019,541330,Engineering Services,secondary,505.391,>=$5M,139,15.7,False
541,Kitchener - Cambridge - Waterloo,2019,541370,Surveying & Mapping (except Geophysical) Services,secondary,16.17,>=$5M,11,10.0,False
541,Kitchener - Cambridge - Waterloo,2019,541511,Custom Computer Programming Services,secondary,168.912,>=$5M,25,32.6,False
541,Kitchener - Cambridge - Waterloo,2019,ALL,All,all,1168.154,>=$5M,185,19.5,False
541,Kitchener - Cambridge - Waterloo,2019,PRIMARY,Primary,primary,10.013,>=$5M,2,14.0,False
541,Kitchener - Cambridge - Waterloo,2019,SECONDARY,Secondary,secondary,1158.141,>=$5M,183,19.6,False
541,Kitchener - Cambridge - Waterloo,2020,331110,Iron & Steel Mills & Ferroalloy Manufacturing,secondary,465.094,>=$5M,5,91.8,False
541,Kitchener - Cambridge - Waterloo,2020,334511,Search Detection & Navigation Instruments,primary,,>=$5M,<2,,True
541,Kitchener - Cambridge - Waterloo,2020,336612,Boat Building,secondary,2.574,<$5M,3,4.3,False
541,Kitchener - Cambridge - Waterloo,2020,336999,All Other Transportation Equipment Manufacturing,primary,,<$5M,<2,,True
541,Kitchener - Cambridge - Waterloo,2020,541330,Engineering Services,secondary,480.004,>=$5M,138,15.1,False
541,Kitchener - Cambridge - Waterloo,2020,541370,Surveying & Mapping (except Geophysical) Services,secondary,16.17,>=$5M,11,10.0,False
541,Kitchener - Cambridge - Waterloo,2020,541511,Custom Computer Programming Services,secondary,168.912,>=$5M,25,32.6,False
541,Kitchener - Cambridge - Waterloo,2020,ALL,All,all,1142.767,>=$5M,184,19.1,False
541,Kitchener - Cambridge - Waterloo,2020,PRIMARY,Primary,primary,10.013,>=$5M,2,14.0,False
541,Kitchener - Cambridge - Waterloo,2020,SECONDARY,Secondary,secondary,1132.754,>=$5M,182,19.1,False
541,Kitchener - Cambridge - Waterloo,2021,331110,Iron and Steel Mills and Ferroalloy Manufacturing,secondary,419.534,>=$5M,3,139.7,False
541,Kitchener - Cambridge - Waterloo,2021,334511,"Search, Detection, Navigation, Guidance, Aeronauti",primary,,>=$5M,<2,,True
541,Kitchener - Cambridge - Waterloo,2021,336612,Boat Building,secondary,2.574,<$5M,3,4.3,False
541,Kitchener - Cambridge - Waterloo,2021,336999,All Other Transportation Equipment Manufacturing,primary,,<$5M,<2,,True
541,Kitchener - Cambridge - Waterloo,2021,541330,Engineering Services,secondary,453.439,>=$5M,132,15.2,False
541,Kitchener - Cambridge - Waterloo,2021,541370,Surveying and Mapping (except Geophysical) Service,secondary,17.64,>=$5M,12,9.5,False
541,Kitchener - Cambridge - Waterloo,2021,541511,Custom Computer Programming Services,secondary,175.329,>=$5M,25,33.9,False
541,Kitchener - Cambridge - Waterloo,2021,ALL,All,all,1078.529,>=$5M,177,19.4,False
541,Kitchener - Cambridge - Waterloo,2021,PRIMARY,Primary,primary,10.013,>=$5M,2,14.0,False
541,Kitchener - Cambridge - Waterloo,2021,SECONDARY,Secondary,secondary,1068.516,>=$5M,175,19.4,False
541,Kitchener - Cambridge - Waterloo,2022,331110,Iron and Steel Mills and Ferroalloy Manufacturing,secondary,419.534,>=$5M,3,139.7,False
541,Kitchener - Cambridge - Waterloo,2022,333310,Commercial and Service Industry Machinery Manufact,primary,81.32,>=$5M,27,9.3,False
541,Kitchener - Cambridge - Waterloo,2022,334511,"Search, Detection, Navigation, Guidance, Aeronauti",primary,,>=$5M,<2,,True
541,Kitchener - Cambridge - Waterloo,2022,334610,Manufacturing and Reproducing Magnetic and Optical,secondary,2.727,<$5M,5,5.2,False
541,Kitchener - Cambridge - Waterloo,2022,336612,Boat Building,secondary,2.574,<$5M,3,4.3,False
541,Kitchener - Cambridge - Waterloo,2022,336999,All Other Transportation Equipment Manufacturing,primary,,<$5M,<2,,True
541,Kitchener - Cambridge - Waterloo,2022,541330,Engineering Services,secondary,486.033,>=$5M,148,14.0,False
541,Kitchener - Cambridge - Waterloo,2022,541370,Surveying and Mapping (except Geophysical) Service,secondary,18.522,>=$5M,13,8.8,False
541,Kitchener - Cambridge - Waterloo,2022,541511,Custom Computer Programming Services,secondary,61.599,>=$5M,29,9.2,False
541,Kitchener - Cambridge - Waterloo,2022,ALL,All,all,1082.322,>=$5M,230,13.8,False
541,Kitchener - Cambridge - Waterloo,2022,PRIMARY,Primary,primary,91.333,>=$5M,29,9.1,False
541,Kitchener - Cambridge - Waterloo,2022,SECONDARY,Secondary,secondary,990.989,>=$5M,201,14.5,False
541,Kitchener - Cambridge - Waterloo,2023,331110,Iron and Steel Mills and Ferroalloy Manufacturing,secondary,419.534,>=$5M,3,139.7,False
541,Kitchener - Cambridge - Waterloo,2023,332994,"Small Arms, Ordnance, and Ordnance Accessories Man",primary,,>=$5M,<2,,True
541,Kitchener - Cambridge - Waterloo,2023,333310,Commercial and Service Industry Machinery Manufact,primary,80.103,>=$5M,28,9.0,False
541,Kitchener - Cambridge - Waterloo,2023,334511,"Search, Detection, Navigation, Guidance, Aeronauti",primary,,>=$5M,<2,,True
541,Kitchener - Cambridge - Waterloo,2023,334610,Manufacturing and Reproducing Magnetic and Optical,secondary,2.938,<$5M,5,5.2,False
541,Kitchener - Cambridge - Waterloo,2023,336612,Boat Building,secondary,2.521,<$5M,3,4.3,False
541,Kitchener - Cambridge - Waterloo,2023,336999,All Other Transportation Equipment Manufacturing,primary,,<$5M,<2,,True
541,Kitchener - Cambridge - Waterloo,2023,541330,Engineering Services,secondary,404.512,>=$5M,143,11.5,False
541,Kitchener - Cambridge - Waterloo,2023,541370,Surveying and Mapping (except Geophysical) Service,secondary,18.425,>=$5M,13,8.8,False
541,Kitchener - Cambridge - Waterloo,2023,541511,Custom Computer Programming Services,secondary,51.276,>=$5M,27,8.4,False
541,Kitchener - Cambridge - Waterloo,2023,ALL,All,all,1003.728,>=$5M,225,12.5,False
541,Kitchener - Cambridge - Waterloo,2023,PRIMARY,Primary,primary,104.522,>=$5M,31,11.8,False
541,Kitchener - Cambridge - Waterloo,2023,SECONDARY,Secondary,secondary,899.206,>=$5M,194,12.6,False
541,Kitchener - Cambridge - Waterloo,2024,331110,Iron and Steel Mills and Ferroalloy Manufacturing,secondary,249.482,>=$5M,4,105.8,False
541,Kitchener - Cambridge - Waterloo,2024,332994,"Small Arms, Ordnance, and Ordnance Accessories Man",primary,,>=$5M,<2,,True
541,Kitchener - Cambridge - Waterloo,2024,333310,Commercial and Service Industry Machinery Manufact,primary,49.775,>=$5M,24,10.9,False
541,Kitchener - Cambridge - Waterloo,2024,334511,"Search, Detection, Navigation, Guidance, Aeronauti",primary,32.656,>=$5M,3,46.3,False
541,Kitchener - Cambridge - Waterloo,2024,334610,Manufacturing and Reproducing Magnetic and Optical,secondary,3.679,<$5M,5,5.4,False
541,Kitchener - Cambridge - Waterloo,2024,336411,Aircraft Manufacturing,primary,,<$5M,<2,,True
541,Kitchener - Cambridge - Waterloo,2024,336612,Boat Building,secondary,10.123,>=$5M,3,23.3,False
541,Kitchener - Cambridge - Waterloo,2024,336999,All Other Transportation Equipment Manufacturing,primary,,<$5M,<2,,True
541,Kitchener - Cambridge - Waterloo,2024,541330,Engineering Services,secondary,385.82,>=$5M,138,14.3,False
541,Kitchener - Cambridge - Waterloo,2024,541370,Surveying and Mapping (except Geophysical) Service,secondary,13.593,>=$5M,14,9.9,False
541,Kitchener - Cambridge - Waterloo,2024,541511,Custom Computer Programming Services,secondary,76.336,>=$5M,35,14.7,False
541,Kitchener - Cambridge - Waterloo,2024,ALL,All,all,839.182,>=$5M,229,16.0,False
541,Kitchener - Cambridge - Waterloo,2024,PRIMARY,Primary,primary,100.149,>=$5M,30,17.0,False
541,Kitchener - Cambridge - Waterloo,2024,SECONDARY,Secondary,secondary,739.033,>=$5M,199,15.8,False
541,Kitchener - Cambridge - Waterloo,2025,331110,Iron and Steel Mills and Ferroalloy Manufacturing,secondary,249.482,>=$5M,4,105.8,False
541,Kitchener - Cambridge - Waterloo,2025,332994,"Small Arms, Ordnance, and Ordnance Accessories Man",primary,,>=$5M,<2,,True
541,Kitchener - Cambridge - Waterloo,2025,333310,Commercial and Service Industry Machinery Manufact,primary,49.205,>=$5M,24,10.9,False
541,Kitchener - Cambridge - Waterloo,2025,334511,"Search, Detection, Navigation, Guidance, Aeronauti",primary,32.656,>=$5M,3,46.3,False
541,Kitchener - Cambridge - Waterloo,2025,334610,Manufacturing and Reproducing Magnetic and Optical,secondary,3.679,<$5M,5,5.4,False
541,Kitchener - Cambridge - Waterloo,2025,336411,Aircraft Manufacturing,primary,,<$5M,<2,,True
541,Kitchener - Cambridge - Waterloo,2025,336612,Boat Building,secondary,10.845,>=$5M,3,25.0,False
541,Kitchener - Cambridge - Waterloo,2025,336999,All Other Transportation Equipment Manufacturing,primary,,<$5M,<2,,True
541,Kitchener - Cambridge - Waterloo,2025,541330,Engineering Services,secondary,410.185,>=$5M,143,14.8,False
541,Kitchener - Cambridge - Waterloo,2025,541370,Surveying and Mapping (except Geophysical) Service,secondary,13.593,>=$5M,14,9.9,False
541,Kitchener - Cambridge - Waterloo,2025,541511,Custom Computer Programming Services,secondary,77.956,>=$5M,36,14.5,False
541,Kitchener - Cambridge - Waterloo,2025,ALL,All,all,865.319,>=$5M,235,16.2,False
541,Kitchener - Cambridge - Waterloo,2025,PRIMARY,Primary,primary,99.579,>=$5M,30,17.0,False
541,Kitchener - Cambridge - Waterloo,2025,SECONDARY,Secondary,secondary,765.74,>=$5M,205,16.1,False
468,Lachute,2017,331110,Iron & Steel Mills & Ferroalloy Manufacturing,secondary,,<$5M,<2,,True
468,Lachute,2017,336411,Aircraft Manufacturing,primary,,<$5M,<2,,True
468,Lachute,2017,541330,Engineering Services,secondary,2.541,<$5M,2,5.5,False
468,Lachute,2017,541370,Surveying & Mapping (except Geophysical) Services,secondary,5.439,>=$5M,6,6.2,False
468,Lachute,2017,ALL,All,all,13.141,>=$5M,10,5.3,False
468,Lachute,2017,PRIMARY,Primary,primary,,<$5M,<2,,True
468,Lachute,2017,SECONDARY,Secondary,secondary,12.536,>=$5M,9,5.8,False
468,Lachute,2018,331110,Iron & Steel Mills & Ferroalloy Manufacturing,secondary,,<$5M,<2,,True
468,Lachute,2018,336411,Aircraft Manufacturing,primary,,<$5M,<2,,True
468,Lachute,2018,541330,Engineering Services,secondary,2.541,<$5M,2,5.5,False
468,Lachute,2018,541370,Surveying & Mapping (except Geophysical) Services,secondary,5.439,>=$5M,6,6.2,False
468,Lachute,2018,ALL,All,all,13.141,>=$5M,10,5.3,False
468,Lachute,2018,PRIMARY,Primary,primary,,<$5M,<2,,True
468,Lachute,2018,SECONDARY,Secondary,secondary,12.536,>=$5M,9,5.8,False
468,Lachute,2019,331110,Iron & Steel Mills & Ferroalloy Manufacturing,secondary,,<$5M,<2,,True
468,Lachute,2019,336411,Aircraft Manufacturing,primary,,<$5M,<2,,True
468,Lachute,2019,541330,Engineering Services,secondary,3.927,<$5M,4,4.2,False
468,Lachute,2019,541370,Surveying & Mapping (except Geophysical) Services,secondary,5.439,>=$5M,6,6.2,False
468,Lachute,2019,ALL,All,all,14.527,>=$5M,12,4.9,False
468,Lachute,2019,PRIMARY,Primary,primary,,<$5M,<2,,True
468,Lachute,2019,SECONDARY,Secondary,secondary,13.922,>=$5M,11,5.3,False
468,Lachute,2020,331110,Iron & Steel Mills & Ferroalloy Manufacturing,secondary,,<$5M,<2,,True
468,Lachute,2020,336411,Aircraft Manufacturing,primary,,<$5M,<2,,True
468,Lachute,2020,541330,Engineering Services,secondary,5.544,>=$5M,5,4.8,False
468,Lachute,2020,541370,Surveying & Mapping (except Geophysical) Services,secondary,5.439,>=$5M,6,6.2,False
468,Lachute,2020,ALL,All,all,16.144,>=$5M,13,5.1,False
468,Lachute,2020,PRIMARY,Primary,primary,,<$5M,<2,,True
468,Lachute,2020,SECONDARY,Secondary,secondary,15.539,>=$5M,12,5.4,False
468,Lachute,2021,331110,Iron and Steel Mills and Ferroalloy Manufacturing,secondary,,<$5M,<2,,True
468,Lachute,2021,336411,Aircraft Manufacturing,primary,,<$5M,<2,,True
468,Lachute,2021,541330,Engineering Services,secondary,5.544,>=$5M,5,4.8,False
468,Lachute,2021,541370,Surveying and Mapping (except Geophysical) Service,secondary,5.439,>=$5M,6,6.2,False
468,Lachute,2021,ALL,All,all,16.144,>=$5M,13,5.1,False
468,Lachute,2021,PRIMARY,Primary,primary,,<$5M,<2,,True
468,Lachute,2021,SECONDARY,Secondary,secondary,15.539,>=$5M,12,5.4,False
468,Lachute,2022,331110,Iron and Steel Mills and Ferroalloy Manufacturing,secondary,,<$5M,<2,,True
468,Lachute,2022,336411,Aircraft Manufacturing,primary,,<$5M,<2,,True
468,Lachute,2022,541330,Engineering Services,secondary,5.544,>=$5M,5,4.8,False
468,Lachute,2022,541370,Surveying and Mapping (except Geophysical) Service,secondary,5.439,>=$5M,6,6.2,False
468,Lachute,2022,ALL,All,all,16.144,>=$5M,13,5.1,False
468,Lachute,2022,PRIMARY,Primary,primary,,<$5M,<2,,True
468,Lachute,2022,SECONDARY,Secondary,secondary,15.539,>=$5M,12,5.4,False
468,Lachute,2023,331110,Iron and Steel Mills and Ferroalloy Manufacturing,secondary,,<$5M,<2,,True
468,Lachute,2023,336411,Aircraft Manufacturing,primary,,<$5M,<2,,True
468,Lachute,2023,541330,Engineering Services,secondary,5.364,>=$5M,5,4.8,False
468,Lachute,2023,541370,Surveying and Mapping (except Geophysical) Service,secondary,5.439,>=$5M,6,5.7,False
468,Lachute,2023,ALL,All,all,15.964,>=$5M,13,4.8,False
468,Lachute,2023,PRIMARY,Primary,primary,,<$5M,<2,,True
468,Lachute,2023,SECONDARY,Secondary,secondary,15.359,>=$5M,12,5.2,False
468,Lachute,2024,331110,Iron and Steel Mills and Ferroalloy Manufacturing,secondary,,<$5M,<2,,True
468,Lachute,2024,336411,Aircraft Manufacturing,primary,,<$5M,<2,,True
468,Lachute,2024,541330,Engineering Services,secondary,19.103,>=$5M,5,19.6,False
468,Lachute,2024,541370,Surveying and Mapping (except Geophysical) Service,secondary,2.169,<$5M,7,3.0,False
468,Lachute,2024,ALL,All,all,24.332,>=$5M,14,8.9,False
468,Lachute,2024,PRIMARY,Primary,primary,,<$5M,<2,,True
468,Lachute,2024,SECONDARY,Secondary,secondary,23.85,>=$5M,13,9.5,False
468,Lachute,2025,331110,Iron and Steel Mills and Ferroalloy Manufacturing,secondary,,<$5M,<2,,True
468,Lachute,2025,336411,Aircraft Manufacturing,primary,,<$5M,<2,,True
468,Lachute,2025,541330,Engineering Services,secondary,19.103,>=$5M,5,19.6,False
468,Lachute,2025,541370,Surveying and Mapping (except Geophysical) Service,secondary,2.268,<$5M,7,3.3,False
468,Lachute,2025,ALL,All,all,24.431,>=$5M,14,9.0,False
468,Lachute,2025,PRIMARY,Primary,primary,,<$5M,<2,,True
468,Lachute,2025,SECONDARY,Secondary,secondary,23.949,>=$5M,13,9.6,False
832,Lacombe,2017,541330,Engineering Services,secondary,1.617,<$5M,3,2.3,False
832,Lacombe,2017,541370,Surveying & Mapping (except Geophysical) Services,secondary,,<$5M,<2,,True
832,Lacombe,2017,ALL,All,all,3.087,<$5M,4,4.2,False
832,Lacombe,2017,SECONDARY,Secondary,secondary,3.087,<$5M,4,4.2,False
832,Lacombe,2018,541330,Engineering Services,secondary,1.617,<$5M,3,2.3,False
832,Lacombe,2018,541370,Surveying & Mapping (except Geophysical) Services,secondary,,<$5M,<2,,True
832,Lacombe,2018,ALL,All,all,3.087,<$5M,4,4.2,False
832,Lacombe,2018,SECONDARY,Secondary,secondary,3.087,<$5M,4,4.2,False
832,Lacombe,2019,541330,Engineering Services,secondary,1.617,<$5M,3,2.3,False
832,Lacombe,2019,541370,Surveying & Mapping (except Geophysical) Services,secondary,,<$5M,<2,,True
832,Lacombe,2019,ALL,All,all,3.087,<$5M,4,4.2,False
832,Lacombe,2019,SECONDARY,Secondary,secondary,3.087,<$5M,4,4.2,False
832,Lacombe,2020,541330,Engineering Services,secondary,1.617,<$5M,3,2.3,False
832,Lacombe,2020,541370,Surveying & Mapping (except Geophysical) Services,secondary,,<$5M,<2,,True
832,Lacombe,2020,ALL,All,all,3.087,<$5M,4,4.2,False
832,Lacombe,2020,SECONDARY,Secondary,secondary,3.087,<$5M,4,4.2,False
832,Lacombe,2021,541330,Engineering Services,secondary,1.617,<$5M,3,2.3,False
832,Lacombe,2021,541370,Surveying and Mapping (except Geophysical) Service,secondary,,<$5M,<2,,True
832,Lacombe,2021,ALL,All,all,3.087,<$5M,4,4.2,False
832,Lacombe,2021,SECONDARY,Secondary,secondary,3.087,<$5M,4,4.2,False
832,Lacombe,2022,333310,Commercial and Service Industry Machinery Manufact,primary,,<$5M,<2,,True
832,Lacombe,2022,541330,Engineering Services,secondary,1.617,<$5M,3,2.3,False
832,Lacombe,2022,541370,Surveying and Mapping (except Geophysical) Service,secondary,,<$5M,<2,,True
832,Lacombe,2022,ALL,All,all,5.243,>=$5M,5,4.8,False
832,Lacombe,2022,PRIMARY,Primary,primary,,<$5M,<2,,True
832,Lacombe,2022,SECONDARY,Secondary,secondary,3.087,<$5M,4,4.2,False
832,Lacombe,2023,333310,Commercial and Service Industry Machinery Manufact,primary,,<$5M,<2,,True
832,Lacombe,2023,541330,Engineering Services,secondary,1.617,<$5M,3,2.3,False
832,Lacombe,2023,541370,Surveying and Mapping (except Geophysical) Service,secondary,,<$5M,<2,,True
832,Lacombe,2023,ALL,All,all,5.243,>=$5M,5,4.8,False
832,Lacombe,2023,PRIMARY,Primary,primary,,<$5M,<2,,True
832,Lacombe,2023,SECONDARY,Secondary,secondary,3.087,<$5M,4,4.2,False
832,Lacombe,2024,333310,Commercial and Service Industry Machinery Manufact,primary,,<$5M,<2,,True
832,Lacombe,2024,541330,Engineering Services,secondary,1.365,<$5M,3,2.3,False
832,Lacombe,2024,541370,Surveying and Mapping (except Geophysical) Service,secondary,,<$5M,<2,,True
832,Lacombe,2024,541511,Custom Computer Programming Services,secondary,,>=$5M,<2,,True
832,Lacombe,2024,ALL,All,all,9.389,>=$5M,6,10.5,False
832,Lacombe,2024,PRIMARY,Primary,primary,,<$5M,<2,,True
832,Lacombe,2024,SECONDARY,Secondary,secondary,8.185,>=$5M,5,11.2,False
832,Lacombe,2025,333310,Commercial and Service Industry Machinery Manufact,primary,,<$5M,<2,,True
832,Lacombe,2025,541330,Engineering Services,secondary,1.365,<$5M,3,2.3,False
832,Lacombe,2025,541370,Surveying and Mapping (except Geophysical) Service,secondary,1.182,<$5M,2,6.0,False
832,Lacombe,2025,541511,Custom Computer Programming Services,secondary,6.135,>=$5M,2,20.5,False
832,Lacombe,2025,ALL,All,all,9.886,>=$5M,8,8.4,False
832,Lacombe,2025,PRIMARY,Primary,primary,,<$5M,<2,,True
832,Lacombe,2025,SECONDARY,Secondary,secondary,8.682,>=$5M,7,8.6,False
936,Ladysmith,2017,336611,Ship Building & Repairing,secondary,,<$5M,<2,,True
936,Ladysmith,2017,541370,Surveying & Mapping (except Geophysical) Services,secondary,,<$5M,<2,,True
936,Ladysmith,2017,ALL,All,all,3.105,<$5M,2,7.5,False
936,Ladysmith,2017,SECONDARY,Secondary,secondary,3.105,<$5M,2,7.5,False
936,Ladysmith,2018,336611,Ship Building & Repairing,secondary,,<$5M,<2,,True
936,Ladysmith,2018,541370,Surveying & Mapping (except Geophysical) Services,secondary,,<$5M,<2,,True
936,Ladysmith,2018,ALL,All,all,3.105,<$5M,2,7.5,False
936,Ladysmith,2018,SECONDARY,Secondary,secondary,3.105,<$5M,2,7.5,False
936,Ladysmith,2019,336611,Ship Building & Repairing,secondary,,<$5M,<2,,True
936,Ladysmith,2019,541370,Surveying & Mapping (except Geophysical) Services,secondary,,<$5M,<2,,True
936,Ladysmith,2019,ALL,All,all,3.105,<$5M,2,7.5,False
936,Ladysmith,2019,SECONDARY,Secondary,secondary,3.105,<$5M,2,7.5,False
936,Ladysmith,2020,336611,Ship Building & Repairing,secondary,,<$5M,<2,,True
936,Ladysmith,2020,541370,Surveying & Mapping (except Geophysical) Services,secondary,,<$5M,<2,,True
936,Ladysmith,2020,ALL,All,all,3.105,<$5M,2,7.5,False
936,Ladysmith,2020,SECONDARY,Secondary,secondary,3.105,<$5M,2,7.5,False
936,Ladysmith,2021,336611,Ship Building and Repairing,secondary,,<$5M,<2,,True
936,Ladysmith,2021,541370,Surveying and Mapping (except Geophysical) Service,secondary,,<$5M,<2,,True
936,Ladysmith,2021,ALL,All,all,3.105,<$5M,2,7.5,False
936,Ladysmith,2021,SECONDARY,Secondary,secondary,3.105,<$5M,2,7.5,False
936,Ladysmith,2022,336611,Ship Building and Repairing,secondary,,<$5M,<2,,True
936,Ladysmith,2022,541370,Surveying and Mapping (except Geophysical) Service,secondary,,<$5M,<2,,True
936,Ladysmith,2022,ALL,All,all,3.105,<$5M,2,7.5,False
936,Ladysmith,2022,SECONDARY,Secondary,secondary,3.105,<$5M,2,7.5,False
936,Ladysmith,2023,336611,Ship Building and Repairing,secondary,,<$5M,<2,,True
936,Ladysmith,2023,541370,Surveying and Mapping (except Geophysical) Service,secondary,,<$5M,<2,,True
936,Ladysmith,2023,ALL,All,all,3.634,<$5M,2,7.5,False
936,Ladysmith,2023,SECONDARY,Secondary,secondary,3.634,<$5M,2,7.5,False
936,Ladysmith,2024,336611,Ship Building and Repairing,secondary,,<$5M,<2,,True
936,Ladysmith,2024,541370,Surveying and Mapping (except Geophysical) Service,secondary,,<$5M,<2,,True
936,Ladysmith,2024,ALL,All,all,3.634,<$5M,2,7.5,False
936,Ladysmith,2024,SECONDARY,Secondary,secondary,3.634,<$5M,2,7.5,False
936,Ladysmith,2025,336611,Ship Building and Repairing,secondary,,<$5M,<2,,True
936,Ladysmith,2025,541370,Surveying and Mapping (except Geophysical) Service,secondary,,<$5M,<2,,True
936,Ladysmith,2025,ALL,All,all,3.634,<$5M,2,7.5,False
936,Ladysmith,2025,SECONDARY,Secondary,secondary,3.634,<$5M,2,7.5,False
810,Lethbridge,2017,541330,Engineering Services,secondary,44.121,>=$5M,22,8.7,False
810,Lethbridge,2017,541370,Surveying & Mapping (except Geophysical) Services,secondary,17.934,>=$5M,14,8.7,False
810,Lethbridge,2017,541511,Custom Computer Programming Services,secondary,4.347,<$5M,5,4.2,False
810,Lethbridge,2017,ALL,All,all,66.402,>=$5M,41,8.1,False
810,Lethbridge,2017,SECONDARY,Secondary,secondary,66.402,>=$5M,41,8.1,False
810,Lethbridge,2018,541330,Engineering Services,secondary,51.513,>=$5M,26,8.6,False
810,Lethbridge,2018,541370,Surveying & Mapping (except Geophysical) Services,secondary,19.698,>=$5M,15,8.9,False
810,Lethbridge,2018,541511,Custom Computer Programming Services,secondary,4.347,<$5M,5,4.2,False
810,Lethbridge,2018,ALL,All,all,75.558,>=$5M,46,8.2,False
810,Lethbridge,2018,SECONDARY,Secondary,secondary,75.558,>=$5M,46,8.2,False
810,Lethbridge,2019,541330,Engineering Services,secondary,63.525,>=$5M,28,9.8,False
810,Lethbridge,2019,541370,Surveying & Mapping (except Geophysical) Services,secondary,18.963,>=$5M,15,8.6,False
810,Lethbridge,2019,541511,Custom Computer Programming Services,secondary,4.347,<$5M,5,4.2,False
810,Lethbridge,2019,ALL,All,all,86.835,>=$5M,48,8.9,False
810,Lethbridge,2019,SECONDARY,Secondary,secondary,86.835,>=$5M,48,8.9,False
810,Lethbridge,2020,541330,Engineering Services,secondary,66.99,>=$5M,29,10.0,False
810,Lethbridge,2020,541370,Surveying & Mapping (except Geophysical) Services,secondary,19.11,>=$5M,15,8.6,False
810,Lethbridge,2020,541511,Custom Computer Programming Services,secondary,4.347,<$5M,5,4.2,False
810,Lethbridge,2020,ALL,All,all,90.447,>=$5M,49,9.0,False
810,Lethbridge,2020,SECONDARY,Secondary,secondary,90.447,>=$5M,49,9.0,False
810,Lethbridge,2021,541330,Engineering Services,secondary,61.908,>=$5M,29,9.5,False
810,Lethbridge,2021,541370,Surveying and Mapping (except Geophysical) Service,secondary,16.758,>=$5M,13,8.8,False
810,Lethbridge,2021,541511,Custom Computer Programming Services,secondary,4.347,<$5M,5,4.2,False
810,Lethbridge,2021,ALL,All,all,83.013,>=$5M,47,8.7,False
810,Lethbridge,2021,SECONDARY,Secondary,secondary,83.013,>=$5M,47,8.7,False
810,Lethbridge,2022,333310,Commercial and Service Industry Machinery Manufact,primary,5.631,>=$5M,5,3.4,False
810,Lethbridge,2022,541330,Engineering Services,secondary,61.677,>=$5M,29,9.1,False
810,Lethbridge,2022,541370,Surveying and Mapping (except Geophysical) Service,secondary,16.758,>=$5M,13,8.8,False
810,Lethbridge,2022,541511,Custom Computer Programming Services,secondary,4.347,<$5M,5,4.2,False
810,Lethbridge,2022,ALL,All,all,88.413,>=$5M,52,8.0,False
810,Lethbridge,2022,PRIMARY,Primary,primary,5.631,>=$5M,5,3.4,False
810,Lethbridge,2022,SECONDARY,Secondary,secondary,82.782,>=$5M,47,8.5,False
810,Lethbridge,2023,333310,Commercial and Service Industry Machinery Manufact,primary,4.707,<$5M,4,3.5,False
810,Lethbridge,2023,541330,Engineering Services,secondary,32.175,>=$5M,24,5.7,False
810,Lethbridge,2023,541370,Surveying and Mapping (except Geophysical) Service,secondary,16.516,>=$5M,13,8.8,False
810,Lethbridge,2023,541511,Custom Computer Programming Services,secondary,3.602,<$5M,5,4.2,False
810,Lethbridge,2023,ALL,All,all,57.0,>=$5M,46,6.2,False
810,Lethbridge,2023,PRIMARY,Primary,primary,4.707,<$5M,4,3.5,False
810,Lethbridge,2023,SECONDARY,Secondary,secondary,52.293,>=$5M,42,6.5,False
810,Lethbridge,2024,333310,Commercial and Service Industry Machinery Manufact,primary,2.112,<$5M,4,3.0,False
810,Lethbridge,2024,541330,Engineering Services,secondary,38.023,>=$5M,23,8.7,False
810,Lethbridge,2024,541370,Surveying and Mapping (except Geophysical) Service,secondary,9.36,>=$5M,11,8.6,False
810,Lethbridge,2024,541511,Custom Computer Programming Services,secondary,2.695,<$5M,5,3.6,False
810,Lethbridge,2024,ALL,All,all,52.19,>=$5M,43,7.5,False
810,Lethbridge,2024,PRIMARY,Primary,primary,2.112,<$5M,4,3.0,False
810,Lethbridge,2024,SECONDARY,Secondary,secondary,50.078,>=$5M,39,8.0,False
810,Lethbridge,2025,333310,Commercial and Service Industry Machinery Manufact,primary,2.112,<$5M,4,3.0,False
810,Lethbridge,2025,541330,Engineering Services,secondary,41.134,>=$5M,24,8.8,False
810,Lethbridge,2025,541370,Surveying and Mapping (except Geophysical) Service,secondary,9.36,>=$5M,11,8.6,False
810,Lethbridge,2025,541511,Custom Computer Programming Services,secondary,2.995,<$5M,6,3.3,False
810,Lethbridge,2025,ALL,All,all,55.601,>=$5M,45,7.5,False
810,Lethbridge,2025,PRIMARY,Primary,primary,2.112,<$5M,4,3.0,False
810,Lethbridge,2025,SECONDARY,Secondary,secondary,53.489,>=$5M,41,8.0,False
840,Lloydminster (Alberta part / partie de l'Alberta),2017,331110,Iron & Steel Mills & Ferroalloy Manufacturing,secondary,115.039,>=$5M,6,16.8,False
840,Lloydminster (Alberta part / partie de l'Alberta),2017,541330,Engineering Services,secondary,34.188,>=$5M,9,16.4,False
840,Lloydminster (Alberta part / partie de l'Alberta),2017,541370,Surveying & Mapping (except Geophysical) Services,secondary,11.319,>=$5M,8,9.6,False
840,Lloydminster (Alberta part / partie de l'Alberta),2017,541511,Custom Computer Programming Services,secondary,,<$5M,<2,,True
840,Lloydminster (Alberta part / partie de l'Alberta),2017,ALL,All,all,162.409,>=$5M,24,14.0,False
840,Lloydminster (Alberta part / partie de l'Alberta),2017,SECONDARY,Secondary,secondary,162.409,>=$5M,24,14.0,False
840,Lloydminster (Alberta part / partie de l'Alberta),2018,331110,Iron & Steel Mills & Ferroalloy Manufacturing,secondary,115.039,>=$5M,6,16.8,False
840,Lloydminster (Alberta part / partie de l'Alberta),2018,541330,Engineering Services,secondary,37.422,>=$5M,10,16.2,False
840,Lloydminster (Alberta part / partie de l'Alberta),2018,541370,Surveying & Mapping (except Geophysical) Services,secondary,10.437,>=$5M,7,10.1,False
840,Lloydminster (Alberta part / partie de l'Alberta),2018,541511,Custom Computer Programming Services,secondary,,<$5M,<2,,True
840,Lloydminster (Alberta part / partie de l'Alberta),2018,ALL,All,all,164.761,>=$5M,24,14.3,False
840,Lloydminster (Alberta part / partie de l'Alberta),2018,SECONDARY,Secondary,secondary,164.761,>=$5M,24,14.3,False
840,Lloydminster (Alberta part / partie de l'Alberta),2019,331110,Iron & Steel Mills & Ferroalloy Manufacturing,secondary,105.927,>=$5M,6,15.5,False
840,Lloydminster (Alberta part / partie de l'Alberta),2019,541330,Engineering Services,secondary,40.425,>=$5M,12,14.6,False
840,Lloydminster (Alberta part / partie de l'Alberta),2019,541370,Surveying & Mapping (except Geophysical) Services,secondary,12.348,>=$5M,8,10.5,False
840,Lloydminster (Alberta part / partie de l'Alberta),2019,541511,Custom Computer Programming Services,secondary,,<$5M,<2,,True
840,Lloydminster (Alberta part / partie de l'Alberta),2019,ALL,All,all,160.563,>=$5M,27,13.4,False
840,Lloydminster (Alberta part / partie de l'Alberta),2019,SECONDARY,Secondary,secondary,160.563,>=$5M,27,13.4,False
840,Lloydminster (Alberta part / partie de l'Alberta),2020,331110,Iron & Steel Mills & Ferroalloy Manufacturing,secondary,115.039,>=$5M,6,16.8,False
840,Lloydminster (Alberta part / partie de l'Alberta),2020,541330,Engineering Services,secondary,43.428,>=$5M,12,15.7,False
840,Lloydminster (Alberta part / partie de l'Alberta),2020,541370,Surveying & Mapping (except Geophysical) Services,secondary,12.054,>=$5M,7,11.7,False
840,Lloydminster (Alberta part / partie de l'Alberta),2020,541511,Custom Computer Programming Services,secondary,,<$5M,<2,,True
840,Lloydminster (Alberta part / partie de l'Alberta),2020,ALL,All,all,172.384,>=$5M,26,14.6,False
840,Lloydminster (Alberta part / partie de l'Alberta),2020,SECONDARY,Secondary,secondary,172.384,>=$5M,26,14.6,False
840,Lloydminster (Alberta part / partie de l'Alberta),2021,331110,Iron and Steel Mills and Ferroalloy Manufacturing,secondary,115.039,>=$5M,6,16.8,False
840,Lloydminster (Alberta part / partie de l'Alberta),2021,541330,Engineering Services,secondary,40.194,>=$5M,11,16.3,False
840,Lloydminster (Alberta part / partie de l'Alberta),2021,541370,Surveying and Mapping (except Geophysical) Service,secondary,12.054,>=$5M,7,11.7,False
840,Lloydminster (Alberta part / partie de l'Alberta),2021,541511,Custom Computer Programming Services,secondary,,<$5M,<2,,True
840,Lloydminster (Alberta part / partie de l'Alberta),2021,ALL,All,all,169.15,>=$5M,25,14.8,False
840,Lloydminster (Alberta part / partie de l'Alberta),2021,SECONDARY,Secondary,secondary,169.15,>=$5M,25,14.8,False
840,Lloydminster (Alberta part / partie de l'Alberta),2022,331110,Iron and Steel Mills and Ferroalloy Manufacturing,secondary,115.039,>=$5M,6,16.8,False
840,Lloydminster (Alberta part / partie de l'Alberta),2022,334610,Manufacturing and Reproducing Magnetic and Optical,secondary,,>=$5M,<2,,True
840,Lloydminster (Alberta part / partie de l'Alberta),2022,541330,Engineering Services,secondary,42.735,>=$5M,13,14.6,False
840,Lloydminster (Alberta part / partie de l'Alberta),2022,541370,Surveying and Mapping (except Geophysical) Service,secondary,12.789,>=$5M,8,10.4,False
840,Lloydminster (Alberta part / partie de l'Alberta),2022,541511,Custom Computer Programming Services,secondary,,<$5M,<2,,True
840,Lloydminster (Alberta part / partie de l'Alberta),2022,ALL,All,all,212.938,>=$5M,29,16.5,False
840,Lloydminster (Alberta part / partie de l'Alberta),2022,SECONDARY,Secondary,secondary,212.938,>=$5M,29,16.5,False
840,Lloydminster (Alberta part / partie de l'Alberta),2023,331110,Iron and Steel Mills and Ferroalloy Manufacturing,secondary,113.061,>=$5M,6,16.8,False
840,Lloydminster (Alberta part / partie de l'Alberta),2023,541330,Engineering Services,secondary,39.373,>=$5M,11,17.5,False
840,Lloydminster (Alberta part / partie de l'Alberta),2023,541370,Surveying and Mapping (except Geophysical) Service,secondary,10.315,>=$5M,8,10.6,False
840,Lloydminster (Alberta part / partie de l'Alberta),2023,541511,Custom Computer Programming Services,secondary,,<$5M,<2,,True
840,Lloydminster (Alberta part / partie de l'Alberta),2023,ALL,All,all,164.096,>=$5M,26,14.9,False
840,Lloydminster (Alberta part / partie de l'Alberta),2023,SECONDARY,Secondary,secondary,164.096,>=$5M,26,14.9,False
840,Lloydminster (Alberta part / partie de l'Alberta),2024,331110,Iron and Steel Mills and Ferroalloy Manufacturing,secondary,115.324,>=$5M,6,29.8,False
840,Lloydminster (Alberta part / partie de l'Alberta),2024,541330,Engineering Services,secondary,57.893,>=$5M,16,18.6,False
840,Lloydminster (Alberta part / partie de l'Alberta),2024,541370,Surveying and Mapping (except Geophysical) Service,secondary,8.077,>=$5M,9,9.1,False
840,Lloydminster (Alberta part / partie de l'Alberta),2024,541511,Custom Computer Programming Services,secondary,,<$5M,<2,,True
840,Lloydminster (Alberta part / partie de l'Alberta),2024,ALL,All,all,182.641,>=$5M,32,17.7,False
840,Lloydminster (Alberta part / partie de l'Alberta),2024,SECONDARY,Secondary,secondary,182.641,>=$5M,32,17.7,False
840,Lloydminster (Alberta part / partie de l'Alberta),2025,331110,Iron and Steel Mills and Ferroalloy Manufacturing,secondary,115.324,>=$5M,6,29.8,False
840,Lloydminster (Alberta part / partie de l'Alberta),2025,541330,Engineering Services,secondary,58.283,>=$5M,17,17.6,False
840,Lloydminster (Alberta part / partie de l'Alberta),2025,541370,Surveying and Mapping (except Geophysical) Service,secondary,8.373,>=$5M,10,8.5,False
840,Lloydminster (Alberta part / partie de l'Alberta),2025,541511,Custom Computer Programming Services,secondary,,<$5M,<2,,True
840,Lloydminster (Alberta part / partie de l'Alberta),2025,ALL,All,all,183.327,>=$5M,34,16.8,False
840,Lloydminster (Alberta part / partie de l'Alberta),2025,SECONDARY,Secondary,secondary,183.327,>=$5M,34,16.8,False
840,Lloydminster (Saskatchewan part / partie de la Saskatchewan),2019,541330,Engineering Services,secondary,,<$5M,<2,,True
840,Lloydminster (Saskatchewan part / partie de la Saskatchewan),2019,ALL,All,all,,<$5M,<2,,True
840,Lloydminster (Saskatchewan part / partie de la Saskatchewan),2019,SECONDARY,Secondary,secondary,,<$5M,<2,,True
840,Lloydminster (Saskatchewan part / partie de la Saskatchewan),2020,541330,Engineering Services,secondary,,<$5M,<2,,True
840,Lloydminster (Saskatchewan part / partie de la Saskatchewan),2020,ALL,All,all,,<$5M,<2,,True
840,Lloydminster (Saskatchewan part / partie de la Saskatchewan),2020,SECONDARY,Secondary,secondary,,<$5M,<2,,True
840,Lloydminster (Saskatchewan part / partie de la Saskatchewan),2021,541330,Engineering Services,secondary,,<$5M,<2,,True
840,Lloydminster (Saskatchewan part / partie de la Saskatchewan),2021,ALL,All,all,,<$5M,<2,,True
840,Lloydminster (Saskatchewan part / partie de la Saskatchewan),2021,SECONDARY,Secondary,secondary,,<$5M,<2,,True
840,Lloydminster (Saskatchewan part / partie de la Saskatchewan),2022,541330,Engineering Services,secondary,,<$5M,<2,,True
840,Lloydminster (Saskatchewan part / partie de la Saskatchewan),2022,ALL,All,all,,<$5M,<2,,True
840,Lloydminster (Saskatchewan part / partie de la Saskatchewan),2022,SECONDARY,Secondary,secondary,,<$5M,<2,,True
840,Lloydminster (Saskatchewan part / partie de la Saskatchewan),2023,541330,Engineering Services,secondary,,<$5M,<2,,True
840,Lloydminster (Saskatchewan part / partie de la Saskatchewan),2023,ALL,All,all,,<$5M,<2,,True
840,Lloydminster (Saskatchewan part / partie de la Saskatchewan),2023,SECONDARY,Secondary,secondary,,<$5M,<2,,True
840,Lloydminster (Saskatchewan part / partie de la Saskatchewan),2024,333310,Commercial and Service Industry Machinery Manufact,primary,,<$5M,<2,,True
840,Lloydminster (Saskatchewan part / partie de la Saskatchewan),2024,541330,Engineering Services,secondary,,<$5M,<2,,True
840,Lloydminster (Saskatchewan part / partie de la Saskatchewan),2024,ALL,All,all,1.083,<$5M,2,3.0,False
840,Lloydminster (Saskatchewan part / partie de la Saskatchewan),2024,PRIMARY,Primary,primary,,<$5M,<2,,True
840,Lloydminster (Saskatchewan part / partie de la Saskatchewan),2024,SECONDARY,Secondary,secondary,,<$5M,<2,,True
840,Lloydminster (Saskatchewan part / partie de la Saskatchewan),2025,333310,Commercial and Service Industry Machinery Manufact,primary,,<$5M,<2,,True
840,Lloydminster (Saskatchewan part / partie de la Saskatchewan),2025,541330,Engineering Services,secondary,,<$5M,<2,,True
840,Lloydminster (Saskatchewan part / partie de la Saskatchewan),2025,ALL,All,all,1.083,<$5M,2,3.0,False
840,Lloydminster (Saskatchewan part / partie de la Saskatchewan),2025,PRIMARY,Primary,primary,,<$5M,<2,,True
840,Lloydminster (Saskatchewan part / partie de la Saskatchewan),2025,SECONDARY,Secondary,secondary,,<$5M,<2,,True
555,London,2017,331110,Iron & Steel Mills & Ferroalloy Manufacturing,secondary,3.224,<$5M,2,1.5,False
555,London,2017,333314,Optical Instrument & Lens Manufacturing,secondary,,<$5M,<2,,True
555,London,2017,336411,Aircraft Manufacturing,primary,,>=$5M,<2,,True
555,London,2017,336612,Boat Building,secondary,17.622,>=$5M,4,22.2,False
555,London,2017,541330,Engineering Services,secondary,155.733,>=$5M,84,8.1,False
555,London,2017,541370,Surveying & Mapping (except Geophysical) Services,secondary,25.284,>=$5M,15,11.5,False
555,London,2017,541511,Custom Computer Programming Services,secondary,80.523,>=$5M,25,15.6,False
555,London,2017,ALL,All,all,524.958,>=$5M,132,13.2,False
555,London,2017,PRIMARY,Primary,primary,,>=$5M,<2,,True
555,London,2017,SECONDARY,Secondary,secondary,282.958,>=$5M,131,10.2,False
555,London,2018,331110,Iron & Steel Mills & Ferroalloy Manufacturing,secondary,3.224,<$5M,2,1.5,False
555,London,2018,333314,Optical Instrument & Lens Manufacturing,secondary,,<$5M,<2,,True
555,London,2018,336411,Aircraft Manufacturing,primary,,>=$5M,<2,,True
555,London,2018,336612,Boat Building,secondary,17.622,>=$5M,4,22.2,False
555,London,2018,541330,Engineering Services,secondary,159.429,>=$5M,85,8.2,False
555,London,2018,541370,Surveying & Mapping (except Geophysical) Services,secondary,25.284,>=$5M,15,11.5,False
555,London,2018,541511,Custom Computer Programming Services,secondary,79.488,>=$5M,24,16.0,False
555,London,2018,ALL,All,all,527.619,>=$5M,132,13.2,False
555,London,2018,PRIMARY,Primary,primary,,>=$5M,<2,,True
555,London,2018,SECONDARY,Secondary,secondary,285.619,>=$5M,131,10.3,False
555,London,2019,331110,Iron & Steel Mills & Ferroalloy Manufacturing,secondary,3.224,<$5M,2,1.5,False
555,London,2019,333314,Optical Instrument & Lens Manufacturing,secondary,,<$5M,<2,,True
555,London,2019,336411,Aircraft Manufacturing,primary,,>=$5M,<2,,True
555,London,2019,336612,Boat Building,secondary,20.394,>=$5M,4,25.8,False
555,London,2019,541330,Engineering Services,secondary,214.079,>=$5M,95,9.8,False
555,London,2019,541370,Surveying & Mapping (except Geophysical) Services,secondary,26.019,>=$5M,16,11.1,False
555,London,2019,541511,Custom Computer Programming Services,secondary,83.421,>=$5M,29,13.9,False
555,London,2019,ALL,All,all,589.709,>=$5M,148,13.7,False
555,London,2019,PRIMARY,Primary,primary,,>=$5M,<2,,True
555,London,2019,SECONDARY,Secondary,secondary,347.709,>=$5M,147,11.0,False
555,London,2020,331110,Iron & Steel Mills & Ferroalloy Manufacturing,secondary,3.224,<$5M,2,1.5,False
555,London,2020,333314,Optical Instrument & Lens Manufacturing,secondary,,<$5M,<2,,True
555,London,2020,336411,Aircraft Manufacturing,primary,,>=$5M,<2,,True
555,London,2020,336612,Boat Building,secondary,19.998,>=$5M,3,33.7,False
555,London,2020,541330,Engineering Services,secondary,202.067,>=$5M,89,9.9,False
555,London,2020,541370,Surveying & Mapping (except Geophysical) Services,secondary,26.019,>=$5M,16,11.1,False
555,London,2020,541511,Custom Computer Programming Services,secondary,81.972,>=$5M,27,14.7,False
555,London,2020,ALL,All,all,575.852,>=$5M,139,14.1,False
555,London,2020,PRIMARY,Primary,primary,,>=$5M,<2,,True
555,London,2020,SECONDARY,Secondary,secondary,333.852,>=$5M,138,11.3,False
555,London,2021,331110,Iron and Steel Mills and Ferroalloy Manufacturing,secondary,4.363,<$5M,3,1.3,False
555,London,2021,333314,Optical Instrument and Lens Manufacturing,secondary,,<$5M,<2,,True
555,London,2021,336411,Aircraft Manufacturing,primary,,>=$5M,<2,,True
555,London,2021,336612,Boat Building,secondary,19.998,>=$5M,3,33.7,False
555,London,2021,541330,Engineering Services,secondary,191.21,>=$5M,86,9.9,False
555,London,2021,541370,Surveying and Mapping (except Geophysical) Service,secondary,26.019,>=$5M,16,11.1,False
555,London,2021,541511,Custom Computer Programming Services,secondary,83.835,>=$5M,28,14.5,False
555,London,2021,ALL,All,all,567.997,>=$5M,138,14.1,False
555,London,2021,PRIMARY,Primary,primary,,>=$5M,<2,,True
555,London,2021,SECONDARY,Secondary,secondary,325.997,>=$5M,137,11.3,False
555,London,2022,331110,Iron and Steel Mills and Ferroalloy Manufacturing,secondary,4.363,<$5M,3,1.3,False
555,London,2022,333310,Commercial and Service Industry Machinery Manufact,primary,156.584,>=$5M,17,30.4,False
555,London,2022,334610,Manufacturing and Reproducing Magnetic and Optical,secondary,,<$5M,<2,,True
555,London,2022,336411,Aircraft Manufacturing,primary,,>=$5M,<2,,True
555,London,2022,336612,Boat Building,secondary,19.998,>=$5M,3,33.7,False
555,London,2022,541330,Engineering Services,secondary,218.403,>=$5M,110,8.1,False
555,London,2022,541370,Surveying and Mapping (except Geophysical) Service,secondary,26.754,>=$5M,17,10.4,False
555,London,2022,541511,Custom Computer Programming Services,secondary,84.87,>=$5M,29,14.1,False
555,London,2022,ALL,All,all,753.174,>=$5M,181,13.8,False
555,London,2022,PRIMARY,Primary,primary,398.584,>=$5M,18,50.9,False
555,London,2022,SECONDARY,Secondary,secondary,354.59,>=$5M,163,9.7,False
555,London,2023,331110,Iron and Steel Mills and Ferroalloy Manufacturing,secondary,3.374,<$5M,3,1.3,False
555,London,2023,333310,Commercial and Service Industry Machinery Manufact,primary,95.085,>=$5M,17,29.8,False
555,London,2023,334610,Manufacturing and Reproducing Magnetic and Optical,secondary,,<$5M,<2,,True
555,London,2023,336411,Aircraft Manufacturing,primary,,>=$5M,<2,,True
555,London,2023,336612,Boat Building,secondary,19.998,>=$5M,3,33.7,False
555,London,2023,336992,"Military Armored Vehicle, Tank, and Tank Component",primary,3.07,<$5M,2,10.5,False
555,London,2023,541330,Engineering Services,secondary,228.463,>=$5M,110,8.9,False
555,London,2023,541370,Surveying and Mapping (except Geophysical) Service,secondary,25.541,>=$5M,17,10.4,False
555,London,2023,541511,Custom Computer Programming Services,secondary,73.998,>=$5M,28,14.4,False
555,London,2023,ALL,All,all,691.731,>=$5M,182,14.3,False
555,London,2023,PRIMARY,Primary,primary,340.155,>=$5M,20,46.4,False
555,London,2023,SECONDARY,Secondary,secondary,351.576,>=$5M,162,10.3,False
555,London,2024,331110,Iron and Steel Mills and Ferroalloy Manufacturing,secondary,2.502,<$5M,3,1.3,False
555,London,2024,333310,Commercial and Service Industry Machinery Manufact,primary,99.925,>=$5M,16,35.8,False
555,London,2024,334610,Manufacturing and Reproducing Magnetic and Optical,secondary,,<$5M,<2,,True
555,London,2024,336411,Aircraft Manufacturing,primary,204.83,>=$5M,2,212.5,False
555,London,2024,336612,Boat Building,secondary,14.606,>=$5M,3,33.7,False
555,London,2024,336992,"Military Armored Vehicle, Tank, and Tank Component",primary,87.806,>=$5M,5,35.2,False
555,London,2024,541330,Engineering Services,secondary,315.626,>=$5M,112,14.4,False
555,London,2024,541370,Surveying and Mapping (except Geophysical) Service,secondary,17.336,>=$5M,16,11.0,False
555,London,2024,541511,Custom Computer Programming Services,secondary,68.944,>=$5M,31,14.9,False
555,London,2024,ALL,All,all,811.848,>=$5M,189,18.7,False
555,London,2024,PRIMARY,Primary,primary,392.561,>=$5M,23,51.0,False
555,London,2024,SECONDARY,Secondary,secondary,419.287,>=$5M,166,14.2,False
555,London,2025,331110,Iron and Steel Mills and Ferroalloy Manufacturing,secondary,2.502,<$5M,3,1.3,False
555,London,2025,333310,Commercial and Service Industry Machinery Manufact,primary,100.244,>=$5M,16,35.9,False
555,London,2025,334610,Manufacturing and Reproducing Magnetic and Optical,secondary,,<$5M,<2,,True
555,London,2025,336411,Aircraft Manufacturing,primary,197.601,>=$5M,2,205.0,False
555,London,2025,336612,Boat Building,secondary,14.606,>=$5M,3,33.7,False
555,London,2025,336992,"Military Armored Vehicle, Tank, and Tank Component",primary,67.235,>=$5M,4,33.5,False
555,London,2025,541330,Engineering Services,secondary,317.769,>=$5M,112,14.7,False
555,London,2025,541370,Surveying and Mapping (except Geophysical) Service,secondary,17.435,>=$5M,16,11.1,False
555,London,2025,541511,Custom Computer Programming Services,secondary,79.818,>=$5M,34,15.0,False
555,London,2025,ALL,All,all,797.483,>=$5M,191,18.6,False
555,London,2025,PRIMARY,Primary,primary,365.08,>=$5M,22,50.8,False
555,London,2025,SECONDARY,Secondary,secondary,432.403,>=$5M,169,14.4,False
403,Matane,2017,331110,Iron & Steel Mills & Ferroalloy Manufacturing,secondary,,>=$5M,<2,,True
403,Matane,2017,541370,Surveying & Mapping (except Geophysical) Services,secondary,2.352,<$5M,2,8.0,False
403,Matane,2017,ALL,All,all,19.437,>=$5M,3,10.3,False
403,Matane,2017,SECONDARY,Secondary,secondary,19.437,>=$5M,3,10.3,False
403,Matane,2018,331110,Iron & Steel Mills & Ferroalloy Manufacturing,secondary,,>=$5M,<2,,True
403,Matane,2018,541330,Engineering Services,secondary,,<$5M,<2,,True
403,Matane,2018,541370,Surveying & Mapping (except Geophysical) Services,secondary,2.352,<$5M,2,8.0,False
403,Matane,2018,ALL,All,all,19.899,>=$5M,4,8.2,False
403,Matane,2018,SECONDARY,Secondary,secondary,19.899,>=$5M,4,8.2,False
403,Matane,2019,331110,Iron & Steel Mills & Ferroalloy Manufacturing,secondary,,>=$5M,<2,,True
403,Matane,2019,541330,Engineering Services,secondary,0.693,<$5M,2,1.5,False
403,Matane,2019,541370,Surveying & Mapping (except Geophysical) Services,secondary,3.234,<$5M,3,7.3,False
403,Matane,2019,ALL,All,all,21.012,>=$5M,6,6.7,False
403,Matane,2019,SECONDARY,Secondary,secondary,21.012,>=$5M,6,6.7,False
403,Matane,2020,331110,Iron & Steel Mills & Ferroalloy Manufacturing,secondary,,>=$5M,<2,,True
403,Matane,2020,541330,Engineering Services,secondary,1.848,<$5M,3,2.7,False
403,Matane,2020,541370,Surveying & Mapping (except Geophysical) Services,secondary,3.234,<$5M,3,7.3,False
403,Matane,2020,ALL,All,all,22.167,>=$5M,7,6.4,False
403,Matane,2020,SECONDARY,Secondary,secondary,22.167,>=$5M,7,6.4,False
403,Matane,2021,331110,Iron and Steel Mills and Ferroalloy Manufacturing,secondary,,>=$5M,<2,,True
403,Matane,2021,541330,Engineering Services,secondary,1.848,<$5M,3,2.7,False
403,Matane,2021,541370,Surveying and Mapping (except Geophysical) Service,secondary,3.234,<$5M,3,7.3,False
403,Matane,2021,ALL,All,all,22.167,>=$5M,7,6.4,False
403,Matane,2021,SECONDARY,Secondary,secondary,22.167,>=$5M,7,6.4,False
403,Matane,2022,331110,Iron and Steel Mills and Ferroalloy Manufacturing,secondary,,>=$5M,<2,,True
403,Matane,2022,333310,Commercial and Service Industry Machinery Manufact,primary,,>=$5M,<2,,True
403,Matane,2022,541330,Engineering Services,secondary,1.848,<$5M,3,2.7,False
403,Matane,2022,541370,Surveying and Mapping (except Geophysical) Service,secondary,3.234,<$5M,3,7.3,False
403,Matane,2022,ALL,All,all,27.198,>=$5M,8,7.2,False
403,Matane,2022,PRIMARY,Primary,primary,,>=$5M,<2,,True
403,Matane,2022,SECONDARY,Secondary,secondary,22.167,>=$5M,7,6.4,False
403,Matane,2023,331110,Iron and Steel Mills and Ferroalloy Manufacturing,secondary,,>=$5M,<2,,True
403,Matane,2023,333310,Commercial and Service Industry Machinery Manufact,primary,,>=$5M,<2,,True
403,Matane,2023,541330,Engineering Services,secondary,,<$5M,<2,,True
403,Matane,2023,541370,Surveying and Mapping (except Geophysical) Service,secondary,3.234,<$5M,3,7.3,False
403,Matane,2023,ALL,All,all,25.812,>=$5M,6,8.7,False
403,Matane,2023,PRIMARY,Primary,primary,,>=$5M,<2,,True
403,Matane,2023,SECONDARY,Secondary,secondary,20.781,>=$5M,5,7.8,False
403,Matane,2024,331110,Iron and Steel Mills and Ferroalloy Manufacturing,secondary,,>=$5M,<2,,True
403,Matane,2024,333310,Commercial and Service Industry Machinery Manufact,primary,,<$5M,<2,,True
403,Matane,2024,541330,Engineering Services,secondary,9.356,>=$5M,2,24.0,False
403,Matane,2024,541370,Surveying and Mapping (except Geophysical) Service,secondary,0.493,<$5M,3,1.7,False
403,Matane,2024,ALL,All,all,21.955,>=$5M,7,11.6,False
403,Matane,2024,PRIMARY,Primary,primary,,<$5M,<2,,True
403,Matane,2024,SECONDARY,Secondary,secondary,19.513,>=$5M,6,11.3,False
403,Matane,2025,331110,Iron and Steel Mills and Ferroalloy Manufacturing,secondary,,>=$5M,<2,,True
403,Matane,2025,333310,Commercial and Service Industry Machinery Manufact,primary,,<$5M,<2,,True
403,Matane,2025,541330,Engineering Services,secondary,9.746,>=$5M,2,25.0,False
403,Matane,2025,541370,Surveying and Mapping (except Geophysical) Service,secondary,0.691,<$5M,3,2.3,False
403,Matane,2025,ALL,All,all,22.543,>=$5M,7,12.1,False
403,Matane,2025,PRIMARY,Primary,primary,,<$5M,<2,,True
403,Matane,2025,SECONDARY,Secondary,secondary,20.101,>=$5M,6,12.0,False
805,Medicine Hat,2017,331110,Iron & Steel Mills & Ferroalloy Manufacturing,secondary,71.757,>=$5M,4,15.8,False
805,Medicine Hat,2017,541330,Engineering Services,secondary,27.489,>=$5M,18,6.6,False
805,Medicine Hat,2017,541370,Surveying & Mapping (except Geophysical) Services,secondary,11.613,>=$5M,9,8.8,False
805,Medicine Hat,2017,ALL,All,all,110.859,>=$5M,31,8.4,False
805,Medicine Hat,2017,SECONDARY,Secondary,secondary,110.859,>=$5M,31,8.4,False
805,Medicine Hat,2018,331110,Iron & Steel Mills & Ferroalloy Manufacturing,secondary,71.757,>=$5M,4,15.8,False
805,Medicine Hat,2018,541330,Engineering Services,secondary,31.744,>=$5M,21,6.6,False
805,Medicine Hat,2018,541370,Surveying & Mapping (except Geophysical) Services,secondary,11.613,>=$5M,9,8.8,False
805,Medicine Hat,2018,ALL,All,all,115.114,>=$5M,34,8.2,False
805,Medicine Hat,2018,SECONDARY,Secondary,secondary,115.114,>=$5M,34,8.2,False
805,Medicine Hat,2019,331110,Iron & Steel Mills & Ferroalloy Manufacturing,secondary,71.757,>=$5M,4,15.8,False
805,Medicine Hat,2019,541330,Engineering Services,secondary,38.473,>=$5M,24,7.0,False
805,Medicine Hat,2019,541370,Surveying & Mapping (except Geophysical) Services,secondary,11.613,>=$5M,9,8.8,False
805,Medicine Hat,2019,ALL,All,all,121.843,>=$5M,37,8.4,False
805,Medicine Hat,2019,SECONDARY,Secondary,secondary,121.843,>=$5M,37,8.4,False
805,Medicine Hat,2020,331110,Iron & Steel Mills & Ferroalloy Manufacturing,secondary,71.757,>=$5M,4,15.8,False
805,Medicine Hat,2020,541330,Engineering Services,secondary,38.473,>=$5M,24,7.0,False
805,Medicine Hat,2020,541370,Surveying & Mapping (except Geophysical) Services,secondary,11.613,>=$5M,9,8.8,False
805,Medicine Hat,2020,ALL,All,all,121.843,>=$5M,37,8.4,False
805,Medicine Hat,2020,SECONDARY,Secondary,secondary,121.843,>=$5M,37,8.4,False
805,Medicine Hat,2021,331110,Iron and Steel Mills and Ferroalloy Manufacturing,secondary,71.757,>=$5M,4,15.8,False
805,Medicine Hat,2021,541330,Engineering Services,secondary,35.239,>=$5M,22,7.0,False
805,Medicine Hat,2021,541370,Surveying and Mapping (except Geophysical) Service,secondary,11.613,>=$5M,9,8.8,False
805,Medicine Hat,2021,ALL,All,all,118.609,>=$5M,35,8.5,False
805,Medicine Hat,2021,SECONDARY,Secondary,secondary,118.609,>=$5M,35,8.5,False
805,Medicine Hat,2022,331110,Iron and Steel Mills and Ferroalloy Manufacturing,secondary,71.757,>=$5M,4,15.8,False
805,Medicine Hat,2022,333310,Commercial and Service Industry Machinery Manufact,primary,,<$5M,<2,,True
805,Medicine Hat,2022,541330,Engineering Services,secondary,35.932,>=$5M,23,6.6,False
805,Medicine Hat,2022,541370,Surveying and Mapping (except Geophysical) Service,secondary,11.613,>=$5M,9,8.8,False
805,Medicine Hat,2022,ALL,All,all,120.842,>=$5M,37,8.1,False
805,Medicine Hat,2022,PRIMARY,Primary,primary,,<$5M,<2,,True
805,Medicine Hat,2022,SECONDARY,Secondary,secondary,119.302,>=$5M,36,8.2,False
805,Medicine Hat,2023,331110,Iron and Steel Mills and Ferroalloy Manufacturing,secondary,70.273,>=$5M,4,15.8,False
805,Medicine Hat,2023,333310,Commercial and Service Industry Machinery Manufact,primary,,<$5M,<2,,True
805,Medicine Hat,2023,334610,Manufacturing and Reproducing Magnetic and Optical,secondary,,<$5M,<2,,True
805,Medicine Hat,2023,541330,Engineering Services,secondary,27.805,>=$5M,21,5.7,False
805,Medicine Hat,2023,541370,Surveying and Mapping (except Geophysical) Service,secondary,11.613,>=$5M,9,8.8,False
805,Medicine Hat,2023,ALL,All,all,115.873,>=$5M,36,7.8,False
805,Medicine Hat,2023,PRIMARY,Primary,primary,,<$5M,<2,,True
805,Medicine Hat,2023,SECONDARY,Secondary,secondary,114.333,>=$5M,35,7.8,False
805,Medicine Hat,2024,331110,Iron and Steel Mills and Ferroalloy Manufacturing,secondary,75.379,>=$5M,4,29.2,False
805,Medicine Hat,2024,541330,Engineering Services,secondary,53.109,>=$5M,23,11.9,False
805,Medicine Hat,2024,541370,Surveying and Mapping (except Geophysical) Service,secondary,7.881,>=$5M,10,8.0,False
805,Medicine Hat,2024,541511,Custom Computer Programming Services,secondary,,<$5M,<2,,True
805,Medicine Hat,2024,ALL,All,all,136.669,>=$5M,38,12.4,False
805,Medicine Hat,2024,SECONDARY,Secondary,secondary,136.669,>=$5M,38,12.4,False
805,Medicine Hat,2025,331110,Iron and Steel Mills and Ferroalloy Manufacturing,secondary,74.091,>=$5M,4,28.8,False
805,Medicine Hat,2025,333310,Commercial and Service Industry Machinery Manufact,primary,,<$5M,<2,,True
805,Medicine Hat,2025,541330,Engineering Services,secondary,53.889,>=$5M,23,12.1,False
805,Medicine Hat,2025,541370,Surveying and Mapping (except Geophysical) Service,secondary,7.881,>=$5M,10,8.0,False
805,Medicine Hat,2025,541511,Custom Computer Programming Services,secondary,4.04,<$5M,2,13.5,False
805,Medicine Hat,2025,ALL,All,all,143.736,>=$5M,40,13.0,False
805,Medicine Hat,2025,PRIMARY,Primary,primary,,<$5M,<2,,True
805,Medicine Hat,2025,SECONDARY,Secondary,secondary,139.901,>=$5M,39,12.8,False
571,Midland,2017,336612,Boat Building,secondary,,<$5M,<2,,True
571,Midland,2017,541330,Engineering Services,secondary,3.927,<$5M,3,5.7,False
571,Midland,2017,541370,Surveying & Mapping (except Geophysical) Services,secondary,2.646,<$5M,3,6.0,False
571,Midland,2017,541511,Custom Computer Programming Services,secondary,,<$5M,<2,,True
571,Midland,2017,ALL,All,all,6.978,>=$5M,8,4.6,False
571,Midland,2017,SECONDARY,Secondary,secondary,6.978,>=$5M,8,4.6,False
571,Midland,2018,336612,Boat Building,secondary,,<$5M,<2,,True
571,Midland,2018,541330,Engineering Services,secondary,3.927,<$5M,3,5.7,False
571,Midland,2018,541370,Surveying & Mapping (except Geophysical) Services,secondary,2.646,<$5M,3,6.0,False
571,Midland,2018,541511,Custom Computer Programming Services,secondary,,<$5M,<2,,True
571,Midland,2018,ALL,All,all,6.978,>=$5M,8,4.6,False
571,Midland,2018,SECONDARY,Secondary,secondary,6.978,>=$5M,8,4.6,False
571,Midland,2019,336411,Aircraft Manufacturing,primary,,>=$5M,<2,,True
571,Midland,2019,336612,Boat Building,secondary,,<$5M,<2,,True
571,Midland,2019,541330,Engineering Services,secondary,3.927,<$5M,3,5.7,False
571,Midland,2019,541370,Surveying & Mapping (except Geophysical) Services,secondary,3.528,<$5M,4,6.0,False
571,Midland,2019,541511,Custom Computer Programming Services,secondary,1.242,<$5M,2,3.0,False
571,Midland,2019,ALL,All,all,18.575,>=$5M,11,5.8,False
571,Midland,2019,PRIMARY,Primary,primary,,>=$5M,<2,,True
571,Midland,2019,SECONDARY,Secondary,secondary,8.895,>=$5M,10,4.8,False
571,Midland,2020,336411,Aircraft Manufacturing,primary,,>=$5M,<2,,True
571,Midland,2020,336612,Boat Building,secondary,,<$5M,<2,,True
571,Midland,2020,541330,Engineering Services,secondary,3.927,<$5M,3,5.7,False
571,Midland,2020,541370,Surveying & Mapping (except Geophysical) Services,secondary,3.528,<$5M,4,6.0,False
571,Midland,2020,541511,Custom Computer Programming Services,secondary,1.242,<$5M,2,3.0,False
571,Midland,2020,ALL,All,all,18.575,>=$5M,11,5.8,False
571,Midland,2020,PRIMARY,Primary,primary,,>=$5M,<2,,True
571,Midland,2020,SECONDARY,Secondary,secondary,8.895,>=$5M,10,4.8,False
571,Midland,2021,336411,Aircraft Manufacturing,primary,,>=$5M,<2,,True
571,Midland,2021,336612,Boat Building,secondary,,<$5M,<2,,True
571,Midland,2021,541330,Engineering Services,secondary,3.927,<$5M,3,5.7,False
571,Midland,2021,541370,Surveying and Mapping (except Geophysical) Service,secondary,3.528,<$5M,4,6.0,False
571,Midland,2021,541511,Custom Computer Programming Services,secondary,1.242,<$5M,2,3.0,False
571,Midland,2021,ALL,All,all,18.575,>=$5M,11,5.8,False
571,Midland,2021,PRIMARY,Primary,primary,,>=$5M,<2,,True
571,Midland,2021,SECONDARY,Secondary,secondary,8.895,>=$5M,10,4.8,False
571,Midland,2022,336411,Aircraft Manufacturing,primary,,>=$5M,<2,,True
571,Midland,2022,336612,Boat Building,secondary,,<$5M,<2,,True
571,Midland,2022,541330,Engineering Services,secondary,3.927,<$5M,3,5.7,False
571,Midland,2022,541370,Surveying and Mapping (except Geophysical) Service,secondary,3.528,<$5M,4,6.0,False
571,Midland,2022,541511,Custom Computer Programming Services,secondary,1.242,<$5M,2,3.0,False
571,Midland,2022,ALL,All,all,18.575,>=$5M,11,5.8,False
571,Midland,2022,PRIMARY,Primary,primary,,>=$5M,<2,,True
571,Midland,2022,SECONDARY,Secondary,secondary,8.895,>=$5M,10,4.8,False
571,Midland,2023,336411,Aircraft Manufacturing,primary,,>=$5M,<2,,True
571,Midland,2023,336612,Boat Building,secondary,,<$5M,<2,,True
571,Midland,2023,541330,Engineering Services,secondary,3.927,<$5M,3,5.7,False
571,Midland,2023,541370,Surveying and Mapping (except Geophysical) Service,secondary,3.528,<$5M,4,6.0,False
571,Midland,2023,541511,Custom Computer Programming Services,secondary,1.242,<$5M,2,3.0,False
571,Midland,2023,ALL,All,all,16.607,>=$5M,11,5.8,False
571,Midland,2023,PRIMARY,Primary,primary,,>=$5M,<2,,True
571,Midland,2023,SECONDARY,Secondary,secondary,8.895,>=$5M,10,4.8,False
571,Midland,2024,333310,Commercial and Service Industry Machinery Manufact,primary,,<$5M,<2,,True
571,Midland,2024,336411,Aircraft Manufacturing,primary,,>=$5M,<2,,True
571,Midland,2024,336612,Boat Building,secondary,,<$5M,<2,,True
571,Midland,2024,541330,Engineering Services,secondary,2.34,<$5M,4,3.0,False
571,Midland,2024,541370,Surveying and Mapping (except Geophysical) Service,secondary,1.183,<$5M,2,6.0,False
571,Midland,2024,541511,Custom Computer Programming Services,secondary,0.45,<$5M,2,1.5,False
571,Midland,2024,ALL,All,all,14.41,>=$5M,11,5.4,False
571,Midland,2024,PRIMARY,Primary,primary,10.292,>=$5M,2,15.5,False
571,Midland,2024,SECONDARY,Secondary,secondary,4.118,<$5M,9,3.1,False
571,Midland,2025,333310,Commercial and Service Industry Machinery Manufact,primary,,<$5M,<2,,True
571,Midland,2025,336411,Aircraft Manufacturing,primary,,>=$5M,<2,,True
571,Midland,2025,336612,Boat Building,secondary,,<$5M,<2,,True
571,Midland,2025,541330,Engineering Services,secondary,2.34,<$5M,4,3.0,False
571,Midland,2025,541370,Surveying and Mapping (except Geophysical) Service,secondary,1.183,<$5M,2,6.0,False
571,Midland,2025,541511,Custom Computer Programming Services,secondary,0.75,<$5M,3,1.7,False
571,Midland,2025,ALL,All,all,14.71,>=$5M,12,4.2,False
571,Midland,2025,PRIMARY,Primary,primary,10.292,>=$5M,2,10.0,False
571,Midland,2025,SECONDARY,Secondary,secondary,4.418,<$5M,10,3.0,False
329,Miramichi,2017,331110,Iron & Steel Mills & Ferroalloy Manufacturing,secondary,28.475,>=$5M,2,12.5,False
329,Miramichi,2017,541330,Engineering Services,secondary,12.243,>=$5M,2,26.5,False
329,Miramichi,2017,541370,Surveying & Mapping (except Geophysical) Services,secondary,2.205,<$5M,3,5.0,False
329,Miramichi,2017,541511,Custom Computer Programming Services,secondary,,<$5M,<2,,True
329,Miramichi,2017,ALL,All,all,43.13,>=$5M,8,11.8,False
329,Miramichi,2017,SECONDARY,Secondary,secondary,43.13,>=$5M,8,11.8,False
329,Miramichi,2018,331110,Iron & Steel Mills & Ferroalloy Manufacturing,secondary,28.475,>=$5M,2,12.5,False
329,Miramichi,2018,541330,Engineering Services,secondary,12.243,>=$5M,2,26.5,False
329,Miramichi,2018,541370,Surveying & Mapping (except Geophysical) Services,secondary,2.205,<$5M,3,5.0,False
329,Miramichi,2018,541511,Custom Computer Programming Services,secondary,,<$5M,<2,,True
329,Miramichi,2018,ALL,All,all,43.13,>=$5M,8,11.8,False
329,Miramichi,2018,SECONDARY,Secondary,secondary,43.13,>=$5M,8,11.8,False
329,Miramichi,2019,331110,Iron & Steel Mills & Ferroalloy Manufacturing,secondary,,<$5M,<2,,True
329,Miramichi,2019,541330,Engineering Services,secondary,12.243,>=$5M,2,26.5,False
329,Miramichi,2019,541370,Surveying & Mapping (except Geophysical) Services,secondary,2.205,<$5M,3,5.0,False
329,Miramichi,2019,541511,Custom Computer Programming Services,secondary,,<$5M,<2,,True
329,Miramichi,2019,ALL,All,all,18.072,>=$5M,7,10.3,False
329,Miramichi,2019,SECONDARY,Secondary,secondary,18.072,>=$5M,7,10.3,False
329,Miramichi,2020,331110,Iron & Steel Mills & Ferroalloy Manufacturing,secondary,,<$5M,<2,,True
329,Miramichi,2020,541330,Engineering Services,secondary,12.243,>=$5M,2,26.5,False
329,Miramichi,2020,541370,Surveying & Mapping (except Geophysical) Services,secondary,2.205,<$5M,3,5.0,False
329,Miramichi,2020,541511,Custom Computer Programming Services,secondary,,<$5M,<2,,True
329,Miramichi,2020,ALL,All,all,18.072,>=$5M,7,10.3,False
329,Miramichi,2020,SECONDARY,Secondary,secondary,18.072,>=$5M,7,10.3,False
329,Miramichi,2021,331110,Iron and Steel Mills and Ferroalloy Manufacturing,secondary,,<$5M,<2,,True
329,Miramichi,2021,541330,Engineering Services,secondary,12.243,>=$5M,2,26.5,False
329,Miramichi,2021,541370,Surveying and Mapping (except Geophysical) Service,secondary,2.205,<$5M,3,5.0,False
329,Miramichi,2021,541511,Custom Computer Programming Services,secondary,,<$5M,<2,,True
329,Miramichi,2021,ALL,All,all,18.072,>=$5M,7,10.3,False
329,Miramichi,2021,SECONDARY,Secondary,secondary,18.072,>=$5M,7,10.3,False
329,Miramichi,2022,331110,Iron and Steel Mills and Ferroalloy Manufacturing,secondary,,<$5M,<2,,True
329,Miramichi,2022,541330,Engineering Services,secondary,12.243,>=$5M,2,26.5,False
329,Miramichi,2022,541370,Surveying and Mapping (except Geophysical) Service,secondary,2.205,<$5M,3,5.0,False
329,Miramichi,2022,541511,Custom Computer Programming Services,secondary,,<$5M,<2,,True
329,Miramichi,2022,ALL,All,all,18.072,>=$5M,7,10.3,False
329,Miramichi,2022,SECONDARY,Secondary,secondary,18.072,>=$5M,7,10.3,False
329,Miramichi,2023,331110,Iron and Steel Mills and Ferroalloy Manufacturing,secondary,,<$5M,<2,,True
329,Miramichi,2023,541330,Engineering Services,secondary,12.243,>=$5M,2,26.5,False
329,Miramichi,2023,541370,Surveying and Mapping (except Geophysical) Service,secondary,1.575,<$5M,3,5.0,False
329,Miramichi,2023,541511,Custom Computer Programming Services,secondary,,<$5M,<2,,True
329,Miramichi,2023,ALL,All,all,15.901,>=$5M,7,10.3,False
329,Miramichi,2023,SECONDARY,Secondary,secondary,15.901,>=$5M,7,10.3,False
329,Miramichi,2024,331110,Iron and Steel Mills and Ferroalloy Manufacturing,secondary,,<$5M,<2,,True
329,Miramichi,2024,541330,Engineering Services,secondary,,>=$5M,<2,,True
329,Miramichi,2024,541370,Surveying and Mapping (except Geophysical) Service,secondary,1.478,<$5M,3,5.0,False
329,Miramichi,2024,541511,Custom Computer Programming Services,secondary,,<$5M,<2,,True
329,Miramichi,2024,ALL,All,all,13.307,>=$5M,6,11.5,False
329,Miramichi,2024,SECONDARY,Secondary,secondary,13.307,>=$5M,6,11.5,False
329,Miramichi,2025,331110,Iron and Steel Mills and Ferroalloy Manufacturing,secondary,,<$5M,<2,,True
329,Miramichi,2025,541330,Engineering Services,secondary,,>=$5M,<2,,True
329,Miramichi,2025,541370,Surveying and Mapping (except Geophysical) Service,secondary,1.478,<$5M,3,5.0,False
329,Miramichi,2025,541511,Custom Computer Programming Services,secondary,,<$5M,<2,,True
329,Miramichi,2025,ALL,All,all,13.307,>=$5M,6,11.5,False
329,Miramichi,2025,SECONDARY,Secondary,secondary,13.307,>=$5M,6,11.5,False
305,Moncton,2017,334511,Search Detection & Navigation Instruments,primary,,>=$5M,<2,,True
305,Moncton,2017,541330,Engineering Services,secondary,77.877,>=$5M,44,7.7,False
305,Moncton,2017,541370,Surveying & Mapping (except Geophysical) Services,secondary,4.116,<$5M,5,5.6,False
305,Moncton,2017,541511,Custom Computer Programming Services,secondary,4.554,<$5M,4,5.5,False
305,Moncton,2017,ALL,All,all,95.08,>=$5M,54,7.6,False
305,Moncton,2017,PRIMARY,Primary,primary,,>=$5M,<2,,True
305,Moncton,2017,SECONDARY,Secondary,secondary,86.547,>=$5M,53,7.3,False
305,Moncton,2018,334511,Search Detection & Navigation Instruments,primary,,>=$5M,<2,,True
305,Moncton,2018,541330,Engineering Services,secondary,82.266,>=$5M,45,7.9,False
305,Moncton,2018,541370,Surveying & Mapping (except Geophysical) Services,secondary,4.998,<$5M,6,5.7,False
305,Moncton,2018,541511,Custom Computer Programming Services,secondary,4.554,<$5M,4,5.5,False
305,Moncton,2018,ALL,All,all,100.351,>=$5M,56,7.8,False
305,Moncton,2018,PRIMARY,Primary,primary,,>=$5M,<2,,True
305,Moncton,2018,SECONDARY,Secondary,secondary,91.818,>=$5M,55,7.5,False
305,Moncton,2019,334511,Search Detection & Navigation Instruments,primary,,>=$5M,<2,,True
305,Moncton,2019,541330,Engineering Services,secondary,97.974,>=$5M,56,7.6,False
305,Moncton,2019,541370,Surveying & Mapping (except Geophysical) Services,secondary,4.557,<$5M,6,5.2,False
305,Moncton,2019,541511,Custom Computer Programming Services,secondary,4.554,<$5M,4,5.5,False
305,Moncton,2019,ALL,All,all,115.618,>=$5M,67,7.5,False
305,Moncton,2019,PRIMARY,Primary,primary,,>=$5M,<2,,True
305,Moncton,2019,SECONDARY,Secondary,secondary,107.085,>=$5M,66,7.2,False
305,Moncton,2020,334511,Search Detection & Navigation Instruments,primary,,>=$5M,<2,,True
305,Moncton,2020,541330,Engineering Services,secondary,94.74,>=$5M,56,7.3,False
305,Moncton,2020,541370,Surveying & Mapping (except Geophysical) Services,secondary,4.557,<$5M,6,5.2,False
305,Moncton,2020,541511,Custom Computer Programming Services,secondary,4.554,<$5M,4,5.5,False
305,Moncton,2020,ALL,All,all,112.384,>=$5M,67,7.3,False
305,Moncton,2020,PRIMARY,Primary,primary,,>=$5M,<2,,True
305,Moncton,2020,SECONDARY,Secondary,secondary,103.851,>=$5M,66,7.0,False
305,Moncton,2021,334511,"Search, Detection, Navigation, Guidance, Aeronauti",primary,,>=$5M,<2,,True
305,Moncton,2021,541330,Engineering Services,secondary,93.585,>=$5M,55,7.4,False
305,Moncton,2021,541370,Surveying and Mapping (except Geophysical) Service,secondary,4.557,<$5M,6,5.2,False
305,Moncton,2021,541511,Custom Computer Programming Services,secondary,4.554,<$5M,4,5.5,False
305,Moncton,2021,ALL,All,all,111.229,>=$5M,66,7.3,False
305,Moncton,2021,PRIMARY,Primary,primary,,>=$5M,<2,,True
305,Moncton,2021,SECONDARY,Secondary,secondary,102.696,>=$5M,65,7.1,False
305,Moncton,2022,333310,Commercial and Service Industry Machinery Manufact,primary,18.48,>=$5M,3,20.0,False
305,Moncton,2022,334511,"Search, Detection, Navigation, Guidance, Aeronauti",primary,,>=$5M,<2,,True
305,Moncton,2022,334610,Manufacturing and Reproducing Magnetic and Optical,secondary,0.202,<$5M,2,1.0,False
305,Moncton,2022,541330,Engineering Services,secondary,99.129,>=$5M,59,7.0,False
305,Moncton,2022,541370,Surveying and Mapping (except Geophysical) Service,secondary,4.557,<$5M,6,5.2,False
305,Moncton,2022,541511,Custom Computer Programming Services,secondary,4.554,<$5M,4,5.5,False
305,Moncton,2022,ALL,All,all,135.455,>=$5M,75,7.3,False
305,Moncton,2022,PRIMARY,Primary,primary,27.013,>=$5M,4,20.8,False
305,Moncton,2022,SECONDARY,Secondary,secondary,108.442,>=$5M,71,6.6,False
305,Moncton,2023,333310,Commercial and Service Industry Machinery Manufact,primary,18.48,>=$5M,3,20.0,False
305,Moncton,2023,334511,"Search, Detection, Navigation, Guidance, Aeronauti",primary,,>=$5M,<2,,True
305,Moncton,2023,334610,Manufacturing and Reproducing Magnetic and Optical,secondary,0.238,<$5M,2,1.0,False
305,Moncton,2023,541330,Engineering Services,secondary,93.132,>=$5M,56,7.1,False
305,Moncton,2023,541370,Surveying and Mapping (except Geophysical) Service,secondary,4.557,<$5M,6,5.2,False
305,Moncton,2023,541511,Custom Computer Programming Services,secondary,3.752,<$5M,4,5.5,False
305,Moncton,2023,ALL,All,all,128.692,>=$5M,72,7.5,False
305,Moncton,2023,PRIMARY,Primary,primary,27.013,>=$5M,4,20.8,False
305,Moncton,2023,SECONDARY,Secondary,secondary,101.679,>=$5M,68,6.7,False
305,Moncton,2024,333310,Commercial and Service Industry Machinery Manufact,primary,10.319,>=$5M,3,20.0,False
305,Moncton,2024,334511,"Search, Detection, Navigation, Guidance, Aeronauti",primary,,>=$5M,<2,,True
305,Moncton,2024,334610,Manufacturing and Reproducing Magnetic and Optical,secondary,,<$5M,<2,,True
305,Moncton,2024,541330,Engineering Services,secondary,136.815,>=$5M,55,12.8,False
305,Moncton,2024,541370,Surveying and Mapping (except Geophysical) Service,secondary,2.267,<$5M,7,3.3,False
305,Moncton,2024,541511,Custom Computer Programming Services,secondary,3.294,<$5M,4,5.5,False
305,Moncton,2024,ALL,All,all,166.458,>=$5M,71,12.2,False
305,Moncton,2024,PRIMARY,Primary,primary,23.945,>=$5M,4,28.8,False
305,Moncton,2024,SECONDARY,Secondary,secondary,142.513,>=$5M,67,11.2,False
305,Moncton,2025,333310,Commercial and Service Industry Machinery Manufact,primary,10.319,>=$5M,3,20.0,False
305,Moncton,2025,334511,"Search, Detection, Navigation, Guidance, Aeronauti",primary,,>=$5M,<2,,True
305,Moncton,2025,334610,Manufacturing and Reproducing Magnetic and Optical,secondary,,<$5M,<2,,True
305,Moncton,2025,541330,Engineering Services,secondary,135.646,>=$5M,56,12.4,False
305,Moncton,2025,541370,Surveying and Mapping (except Geophysical) Service,secondary,2.465,<$5M,7,3.6,False
305,Moncton,2025,541511,Custom Computer Programming Services,secondary,21.31,>=$5M,6,11.5,False
305,Moncton,2025,ALL,All,all,182.328,>=$5M,74,12.2,False
305,Moncton,2025,PRIMARY,Primary,primary,22.77,>=$5M,4,28.2,False
305,Moncton,2025,SECONDARY,Secondary,secondary,159.558,>=$5M,70,11.3,False
462,Montréal,2017,331110,Iron & Steel Mills & Ferroalloy Manufacturing,secondary,1730.957,>=$5M,118,13.0,False
462,Montréal,2017,332992,Small Arms Ammunition Manufacturing,primary,,>=$5M,<2,,True
462,Montréal,2017,333314,Optical Instrument & Lens Manufacturing,secondary,3.432,<$5M,4,3.0,False
462,Montréal,2017,334511,Search Detection & Navigation Instruments,primary,485.268,>=$5M,8,163.5,False
462,Montréal,2017,336411,Aircraft Manufacturing,primary,159.115,>=$5M,15,17.5,False
462,Montréal,2017,336611,Ship Building & Repairing,secondary,14.652,>=$5M,3,22.0,False
462,Montréal,2017,336612,Boat Building,secondary,7.128,>=$5M,8,4.5,False
462,Montréal,2017,541330,Engineering Services,secondary,2038.575,>=$5M,670,13.2,False
462,Montréal,2017,541370,Surveying & Mapping (except Geophysical) Services,secondary,246.666,>=$5M,190,8.8,False
462,Montréal,2017,541511,Custom Computer Programming Services,secondary,476.468,>=$5M,203,11.4,False
462,Montréal,2017,ALL,All,all,5338.061,>=$5M,1220,13.6,False
462,Montréal,2017,PRIMARY,Primary,primary,820.183,>=$5M,24,90.5,False
462,Montréal,2017,SECONDARY,Secondary,secondary,4517.878,>=$5M,1196,12.1,False
462,Montréal,2018,331110,Iron & Steel Mills & Ferroalloy Manufacturing,secondary,1725.262,>=$5M,117,13.1,False
462,Montréal,2018,332992,Small Arms Ammunition Manufacturing,primary,,>=$5M,<2,,True
462,Montréal,2018,333314,Optical Instrument & Lens Manufacturing,secondary,3.432,<$5M,4,3.0,False
462,Montréal,2018,334511,Search Detection & Navigation Instruments,primary,493.801,>=$5M,9,147.9,False
462,Montréal,2018,336411,Aircraft Manufacturing,primary,159.115,>=$5M,15,17.5,False
462,Montréal,2018,336611,Ship Building & Repairing,secondary,14.652,>=$5M,3,22.0,False
462,Montréal,2018,336612,Boat Building,secondary,7.128,>=$5M,8,4.5,False
462,Montréal,2018,541330,Engineering Services,secondary,2026.332,>=$5M,687,12.8,False
462,Montréal,2018,541370,Surveying & Mapping (except Geophysical) Services,secondary,250.782,>=$5M,192,8.9,False
462,Montréal,2018,541511,Custom Computer Programming Services,secondary,524.906,>=$5M,206,12.4,False
462,Montréal,2018,ALL,All,all,5381.21,>=$5M,1242,13.6,False
462,Montréal,2018,PRIMARY,Primary,primary,828.716,>=$5M,25,87.8,False
462,Montréal,2018,SECONDARY,Secondary,secondary,4552.494,>=$5M,1217,12.1,False
462,Montréal,2019,331110,Iron & Steel Mills & Ferroalloy Manufacturing,secondary,2032.792,>=$5M,125,14.4,False
462,Montréal,2019,332992,Small Arms Ammunition Manufacturing,primary,,>=$5M,<2,,True
462,Montréal,2019,333314,Optical Instrument & Lens Manufacturing,secondary,2.86,<$5M,3,3.3,False
462,Montréal,2019,334511,Search Detection & Navigation Instruments,primary,569.114,>=$5M,19,80.7,False
462,Montréal,2019,336411,Aircraft Manufacturing,primary,908.71,>=$5M,18,83.4,False
462,Montréal,2019,336611,Ship Building & Repairing,secondary,14.652,>=$5M,3,22.0,False
462,Montréal,2019,336612,Boat Building,secondary,7.326,>=$5M,8,4.6,False
462,Montréal,2019,541330,Engineering Services,secondary,3411.216,>=$5M,818,18.1,False
462,Montréal,2019,541370,Surveying & Mapping (except Geophysical) Services,secondary,257.397,>=$5M,202,8.7,False
462,Montréal,2019,541511,Custom Computer Programming Services,secondary,730.25,>=$5M,235,15.1,False
462,Montréal,2019,ALL,All,all,8110.117,>=$5M,1432,17.9,False
462,Montréal,2019,PRIMARY,Primary,primary,1653.624,>=$5M,38,95.7,False
462,Montréal,2019,SECONDARY,Secondary,secondary,6456.493,>=$5M,1394,15.8,False
462,Montréal,2020,331110,Iron & Steel Mills & Ferroalloy Manufacturing,secondary,1789.046,>=$5M,122,13.0,False
462,Montréal,2020,332992,Small Arms Ammunition Manufacturing,primary,,>=$5M,<2,,True
462,Montréal,2020,333314,Optical Instrument & Lens Manufacturing,secondary,2.86,<$5M,3,3.3,False
462,Montréal,2020,334511,Search Detection & Navigation Instruments,primary,569.114,>=$5M,19,80.7,False
462,Montréal,2020,336411,Aircraft Manufacturing,primary,908.71,>=$5M,18,83.4,False
462,Montréal,2020,336611,Ship Building & Repairing,secondary,14.652,>=$5M,3,22.0,False
462,Montréal,2020,336612,Boat Building,secondary,7.326,>=$5M,8,4.6,False
462,Montréal,2020,541330,Engineering Services,secondary,3331.059,>=$5M,812,17.9,False
462,Montréal,2020,541370,Surveying & Mapping (except Geophysical) Services,secondary,264.453,>=$5M,204,8.7,False
462,Montréal,2020,541511,Custom Computer Programming Services,secondary,727.973,>=$5M,237,14.9,False
462,Montréal,2020,ALL,All,all,7790.993,>=$5M,1427,17.6,False
462,Montréal,2020,PRIMARY,Primary,primary,1653.624,>=$5M,38,95.7,False
462,Montréal,2020,SECONDARY,Secondary,secondary,6137.369,>=$5M,1389,15.5,False
462,Montréal,2021,331110,Iron and Steel Mills and Ferroalloy Manufacturing,secondary,1709.335,>=$5M,117,13.0,False
462,Montréal,2021,332992,Small Arms Ammunition Manufacturing,primary,,>=$5M,<2,,True
462,Montréal,2021,333314,Optical Instrument and Lens Manufacturing,secondary,2.86,<$5M,3,3.3,False
462,Montréal,2021,334511,"Search, Detection, Navigation, Guidance, Aeronauti",primary,569.114,>=$5M,19,80.1,False
462,Montréal,2021,336411,Aircraft Manufacturing,primary,908.71,>=$5M,18,83.4,False
462,Montréal,2021,336611,Ship Building and Repairing,secondary,14.652,>=$5M,3,22.0,False
462,Montréal,2021,336612,Boat Building,secondary,7.326,>=$5M,8,4.6,False
462,Montréal,2021,541330,Engineering Services,secondary,2511.501,>=$5M,800,14.1,False
462,Montréal,2021,541370,Surveying and Mapping (except Geophysical) Service,secondary,265.188,>=$5M,202,8.9,False
462,Montréal,2021,541511,Custom Computer Programming Services,secondary,684.71,>=$5M,235,14.2,False
462,Montréal,2021,ALL,All,all,6849.196,>=$5M,1406,15.4,False
462,Montréal,2021,PRIMARY,Primary,primary,1653.624,>=$5M,38,95.4,False
462,Montréal,2021,SECONDARY,Secondary,secondary,5195.572,>=$5M,1368,13.2,False
462,Montréal,2022,331110,Iron and Steel Mills and Ferroalloy Manufacturing,secondary,1757.79,>=$5M,123,12.7,False
462,Montréal,2022,332992,Small Arms Ammunition Manufacturing,primary,,>=$5M,<2,,True
462,Montréal,2022,333310,Commercial and Service Industry Machinery Manufact,primary,423.173,>=$5M,126,11.2,False
462,Montréal,2022,334511,"Search, Detection, Navigation, Guidance, Aeronauti",primary,569.114,>=$5M,19,80.0,False
462,Montréal,2022,334610,Manufacturing and Reproducing Magnetic and Optical,secondary,81.811,>=$5M,53,4.9,False
462,Montréal,2022,336411,Aircraft Manufacturing,primary,412.005,>=$5M,17,64.1,False
462,Montréal,2022,336611,Ship Building and Repairing,secondary,14.652,>=$5M,3,22.0,False
462,Montréal,2022,336612,Boat Building,secondary,7.326,>=$5M,8,4.6,False
462,Montréal,2022,541330,Engineering Services,secondary,2803.073,>=$5M,942,12.5,False
462,Montréal,2022,541370,Surveying and Mapping (except Geophysical) Service,secondary,270.627,>=$5M,210,8.5,False
462,Montréal,2022,541511,Custom Computer Programming Services,secondary,697.011,>=$5M,244,13.8,False
462,Montréal,2022,ALL,All,all,7212.382,>=$5M,1746,13.5,False
462,Montréal,2022,PRIMARY,Primary,primary,1580.092,>=$5M,163,28.3,False
462,Montréal,2022,SECONDARY,Secondary,secondary,5632.29,>=$5M,1583,11.9,False
462,Montréal,2023,331110,Iron and Steel Mills and Ferroalloy Manufacturing,secondary,1710.184,>=$5M,123,13.1,False
462,Montréal,2023,332992,Small Arms Ammunition Manufacturing,primary,,>=$5M,<2,,True
462,Montréal,2023,333310,Commercial and Service Industry Machinery Manufact,primary,416.753,>=$5M,127,11.9,False
462,Montréal,2023,334511,"Search, Detection, Navigation, Guidance, Aeronauti",primary,552.914,>=$5M,17,87.1,False
462,Montréal,2023,334610,Manufacturing and Reproducing Magnetic and Optical,secondary,70.125,>=$5M,53,4.4,False
462,Montréal,2023,336411,Aircraft Manufacturing,primary,171.578,>=$5M,16,22.7,False
462,Montréal,2023,336611,Ship Building and Repairing,secondary,14.652,>=$5M,3,22.0,False
462,Montréal,2023,336612,Boat Building,secondary,7.22,>=$5M,8,4.6,False
462,Montréal,2023,541330,Engineering Services,secondary,2383.009,>=$5M,893,11.0,False
462,Montréal,2023,541370,Surveying and Mapping (except Geophysical) Service,secondary,253.291,>=$5M,211,8.4,False
462,Montréal,2023,541511,Custom Computer Programming Services,secondary,684.358,>=$5M,251,13.3,False
462,Montréal,2023,ALL,All,all,6351.295,>=$5M,1703,12.2,False
462,Montréal,2023,PRIMARY,Primary,primary,1228.456,>=$5M,161,24.6,False
462,Montréal,2023,SECONDARY,Secondary,secondary,5122.839,>=$5M,1542,10.9,False
462,Montréal,2024,331110,Iron and Steel Mills and Ferroalloy Manufacturing,secondary,1555.804,>=$5M,113,21.5,False
462,Montréal,2024,332992,Small Arms Ammunition Manufacturing,primary,95.642,>=$5M,2,329.0,False
462,Montréal,2024,333310,Commercial and Service Industry Machinery Manufact,primary,308.634,>=$5M,128,13.6,False
462,Montréal,2024,334511,"Search, Detection, Navigation, Guidance, Aeronauti",primary,458.334,>=$5M,19,102.7,False
462,Montréal,2024,334610,Manufacturing and Reproducing Magnetic and Optical,secondary,73.016,>=$5M,48,6.0,False
462,Montréal,2024,336411,Aircraft Manufacturing,primary,314.242,>=$5M,21,31.0,False
462,Montréal,2024,336611,Ship Building and Repairing,secondary,18.36,>=$5M,3,22.0,False
462,Montréal,2024,336612,Boat Building,secondary,25.741,>=$5M,7,25.4,False
462,Montréal,2024,336999,All Other Transportation Equipment Manufacturing,primary,,<$5M,<2,,True
462,Montréal,2024,541330,Engineering Services,secondary,3543.984,>=$5M,912,20.0,False
462,Montréal,2024,541370,Surveying and Mapping (except Geophysical) Service,secondary,146.805,>=$5M,215,6.9,False
462,Montréal,2024,541511,Custom Computer Programming Services,secondary,857.152,>=$5M,318,17.7,False
462,Montréal,2024,ALL,All,all,7398.174,>=$5M,1787,18.6,False
462,Montréal,2024,PRIMARY,Primary,primary,1177.312,>=$5M,171,29.3,False
462,Montréal,2024,SECONDARY,Secondary,secondary,6220.862,>=$5M,1616,17.5,False
462,Montréal,2025,331110,Iron and Steel Mills and Ferroalloy Manufacturing,secondary,1441.129,>=$5M,110,20.4,False
462,Montréal,2025,332992,Small Arms Ammunition Manufacturing,primary,94.188,>=$5M,2,324.0,False
462,Montréal,2025,332993,Ammunition (except Small Arms) Manufacturing,primary,,>=$5M,<2,,True
462,Montréal,2025,333310,Commercial and Service Industry Machinery Manufact,primary,320.015,>=$5M,131,14.0,False
462,Montréal,2025,334511,"Search, Detection, Navigation, Guidance, Aeronauti",primary,450.818,>=$5M,20,96.0,False
462,Montréal,2025,334610,Manufacturing and Reproducing Magnetic and Optical,secondary,65.676,>=$5M,48,5.3,False
462,Montréal,2025,336411,Aircraft Manufacturing,primary,304.604,>=$5M,21,30.1,False
462,Montréal,2025,336611,Ship Building and Repairing,secondary,18.36,>=$5M,3,22.0,False
462,Montréal,2025,336612,Boat Building,secondary,21.403,>=$5M,7,21.1,False
462,Montréal,2025,336999,All Other Transportation Equipment Manufacturing,primary,1.609,<$5M,3,2.3,False
462,Montréal,2025,541330,Engineering Services,secondary,3528.587,>=$5M,912,19.9,False
462,Montréal,2025,541370,Surveying and Mapping (except Geophysical) Service,secondary,150.458,>=$5M,218,7.0,False
462,Montréal,2025,541511,Custom Computer Programming Services,secondary,1016.914,>=$5M,349,19.4,False
462,Montréal,2025,ALL,All,all,7422.827,>=$5M,1825,18.8,False
462,Montréal,2025,PRIMARY,Primary,primary,1180.3,>=$5M,178,28.7,False
462,Montréal,2025,SECONDARY,Secondary,secondary,6242.527,>=$5M,1647,17.7,False
715,Moose Jaw,2017,541330,Engineering Services,secondary,,<$5M,<2,,True
715,Moose Jaw,2017,541370,Surveying & Mapping (except Geophysical) Services,secondary,,<$5M,<2,,True
715,Moose Jaw,2017,ALL,All,all,0.966,<$5M,2,3.0,False
715,Moose Jaw,2017,SECONDARY,Secondary,secondary,0.966,<$5M,2,3.0,False
715,Moose Jaw,2018,541330,Engineering Services,secondary,,<$5M,<2,,True
715,Moose Jaw,2018,541370,Surveying & Mapping (except Geophysical) Services,secondary,,<$5M,<2,,True
715,Moose Jaw,2018,ALL,All,all,0.966,<$5M,2,3.0,False
715,Moose Jaw,2018,SECONDARY,Secondary,secondary,0.966,<$5M,2,3.0,False
715,Moose Jaw,2019,336411,Aircraft Manufacturing,primary,,>=$5M,<2,,True
715,Moose Jaw,2019,541330,Engineering Services,secondary,0.462,<$5M,2,1.0,False
715,Moose Jaw,2019,541370,Surveying & Mapping (except Geophysical) Services,secondary,,<$5M,<2,,True
715,Moose Jaw,2019,ALL,All,all,116.147,>=$5M,4,49.2,False
715,Moose Jaw,2019,PRIMARY,Primary,primary,,>=$5M,<2,,True
715,Moose Jaw,2019,SECONDARY,Secondary,secondary,1.197,<$5M,3,2.3,False
715,Moose Jaw,2020,336411,Aircraft Manufacturing,primary,,>=$5M,<2,,True
715,Moose Jaw,2020,541330,Engineering Services,secondary,0.462,<$5M,2,1.0,False
715,Moose Jaw,2020,541370,Surveying & Mapping (except Geophysical) Services,secondary,,<$5M,<2,,True
715,Moose Jaw,2020,ALL,All,all,116.147,>=$5M,4,49.2,False
715,Moose Jaw,2020,PRIMARY,Primary,primary,,>=$5M,<2,,True
715,Moose Jaw,2020,SECONDARY,Secondary,secondary,1.197,<$5M,3,2.3,False
715,Moose Jaw,2021,336411,Aircraft Manufacturing,primary,,>=$5M,<2,,True
715,Moose Jaw,2021,541330,Engineering Services,secondary,0.462,<$5M,2,1.0,False
715,Moose Jaw,2021,541370,Surveying and Mapping (except Geophysical) Service,secondary,,<$5M,<2,,True
715,Moose Jaw,2021,ALL,All,all,116.147,>=$5M,4,49.2,False
715,Moose Jaw,2021,PRIMARY,Primary,primary,,>=$5M,<2,,True
715,Moose Jaw,2021,SECONDARY,Secondary,secondary,1.197,<$5M,3,2.3,False
715,Moose Jaw,2022,336411,Aircraft Manufacturing,primary,,>=$5M,<2,,True
715,Moose Jaw,2022,541330,Engineering Services,secondary,0.462,<$5M,2,1.0,False
715,Moose Jaw,2022,541370,Surveying and Mapping (except Geophysical) Service,secondary,,<$5M,<2,,True
715,Moose Jaw,2022,ALL,All,all,116.147,>=$5M,4,49.2,False
715,Moose Jaw,2022,PRIMARY,Primary,primary,,>=$5M,<2,,True
715,Moose Jaw,2022,SECONDARY,Secondary,secondary,1.197,<$5M,3,2.3,False
715,Moose Jaw,2023,541330,Engineering Services,secondary,0.462,<$5M,2,1.0,False
715,Moose Jaw,2023,541370,Surveying and Mapping (except Geophysical) Service,secondary,,<$5M,<2,,True
715,Moose Jaw,2023,ALL,All,all,1.197,<$5M,3,2.3,False
715,Moose Jaw,2023,SECONDARY,Secondary,secondary,1.197,<$5M,3,2.3,False
715,Moose Jaw,2024,541330,Engineering Services,secondary,0.39,<$5M,2,1.0,False
715,Moose Jaw,2024,541370,Surveying and Mapping (except Geophysical) Service,secondary,,<$5M,<2,,True
715,Moose Jaw,2024,ALL,All,all,0.686,<$5M,3,1.7,False
715,Moose Jaw,2024,SECONDARY,Secondary,secondary,0.686,<$5M,3,1.7,False
715,Moose Jaw,2025,541330,Engineering Services,secondary,0.39,<$5M,2,1.0,False
715,Moose Jaw,2025,541370,Surveying and Mapping (except Geophysical) Service,secondary,,<$5M,<2,,True
715,Moose Jaw,2025,ALL,All,all,0.686,<$5M,3,1.7,False
715,Moose Jaw,2025,SECONDARY,Secondary,secondary,0.686,<$5M,3,1.7,False
938,Nanaimo,2017,331110,Iron & Steel Mills & Ferroalloy Manufacturing,secondary,,>=$5M,<2,,True
938,Nanaimo,2017,336611,Ship Building & Repairing,secondary,23.532,>=$5M,2,53.0,False
938,Nanaimo,2017,336612,Boat Building,secondary,,<$5M,<2,,True
938,Nanaimo,2017,541330,Engineering Services,secondary,94.017,>=$5M,46,8.8,False
938,Nanaimo,2017,541370,Surveying & Mapping (except Geophysical) Services,secondary,14.259,>=$5M,16,6.1,False
938,Nanaimo,2017,541511,Custom Computer Programming Services,secondary,12.834,>=$5M,12,5.2,False
938,Nanaimo,2017,ALL,All,all,201.79,>=$5M,78,9.3,False
938,Nanaimo,2017,SECONDARY,Secondary,secondary,201.79,>=$5M,78,9.3,False
938,Nanaimo,2018,331110,Iron & Steel Mills & Ferroalloy Manufacturing,secondary,,>=$5M,<2,,True
938,Nanaimo,2018,336611,Ship Building & Repairing,secondary,23.532,>=$5M,2,53.0,False
938,Nanaimo,2018,336612,Boat Building,secondary,,<$5M,<2,,True
938,Nanaimo,2018,541330,Engineering Services,secondary,102.564,>=$5M,49,9.1,False
938,Nanaimo,2018,541370,Surveying & Mapping (except Geophysical) Services,secondary,14.259,>=$5M,16,6.1,False
938,Nanaimo,2018,541511,Custom Computer Programming Services,secondary,12.834,>=$5M,12,5.2,False
938,Nanaimo,2018,ALL,All,all,210.337,>=$5M,81,9.4,False
938,Nanaimo,2018,SECONDARY,Secondary,secondary,210.337,>=$5M,81,9.4,False
938,Nanaimo,2019,331110,Iron & Steel Mills & Ferroalloy Manufacturing,secondary,,>=$5M,<2,,True
938,Nanaimo,2019,336611,Ship Building & Repairing,secondary,23.532,>=$5M,2,53.0,False
938,Nanaimo,2019,336612,Boat Building,secondary,,<$5M,<2,,True
938,Nanaimo,2019,541330,Engineering Services,secondary,100.947,>=$5M,50,8.7,False
938,Nanaimo,2019,541370,Surveying & Mapping (except Geophysical) Services,secondary,15.141,>=$5M,17,6.1,False
938,Nanaimo,2019,541511,Custom Computer Programming Services,secondary,14.697,>=$5M,13,5.5,False
938,Nanaimo,2019,ALL,All,all,211.465,>=$5M,84,9.1,False
938,Nanaimo,2019,SECONDARY,Secondary,secondary,211.465,>=$5M,84,9.1,False
938,Nanaimo,2020,336611,Ship Building & Repairing,secondary,23.532,>=$5M,2,53.0,False
938,Nanaimo,2020,336612,Boat Building,secondary,,<$5M,<2,,True
938,Nanaimo,2020,541330,Engineering Services,secondary,100.716,>=$5M,50,8.7,False
938,Nanaimo,2020,541370,Surveying & Mapping (except Geophysical) Services,secondary,15.141,>=$5M,17,6.1,False
938,Nanaimo,2020,541511,Custom Computer Programming Services,secondary,14.697,>=$5M,13,5.5,False
938,Nanaimo,2020,ALL,All,all,154.284,>=$5M,83,8.6,False
938,Nanaimo,2020,SECONDARY,Secondary,secondary,154.284,>=$5M,83,8.6,False
938,Nanaimo,2021,336611,Ship Building and Repairing,secondary,23.532,>=$5M,2,53.0,False
938,Nanaimo,2021,336612,Boat Building,secondary,,<$5M,<2,,True
938,Nanaimo,2021,541330,Engineering Services,secondary,99.099,>=$5M,48,9.0,False
938,Nanaimo,2021,541370,Surveying and Mapping (except Geophysical) Service,secondary,15.141,>=$5M,17,6.1,False
938,Nanaimo,2021,541511,Custom Computer Programming Services,secondary,14.697,>=$5M,13,5.5,False
938,Nanaimo,2021,ALL,All,all,152.667,>=$5M,81,8.8,False
938,Nanaimo,2021,SECONDARY,Secondary,secondary,152.667,>=$5M,81,8.8,False
938,Nanaimo,2022,333310,Commercial and Service Industry Machinery Manufact,primary,2.156,<$5M,2,3.5,False
938,Nanaimo,2022,334610,Manufacturing and Reproducing Magnetic and Optical,secondary,,<$5M,<2,,True
938,Nanaimo,2022,336611,Ship Building and Repairing,secondary,23.532,>=$5M,2,53.0,False
938,Nanaimo,2022,336612,Boat Building,secondary,,<$5M,<2,,True
938,Nanaimo,2022,541330,Engineering Services,secondary,93.98,>=$5M,54,7.3,False
938,Nanaimo,2022,541370,Surveying and Mapping (except Geophysical) Service,secondary,15.876,>=$5M,18,5.7,False
938,Nanaimo,2022,541511,Custom Computer Programming Services,secondary,14.697,>=$5M,13,5.3,False
938,Nanaimo,2022,ALL,All,all,150.54,>=$5M,91,7.5,False
938,Nanaimo,2022,PRIMARY,Primary,primary,2.156,<$5M,2,3.5,False
938,Nanaimo,2022,SECONDARY,Secondary,secondary,148.384,>=$5M,89,7.6,False
938,Nanaimo,2023,333310,Commercial and Service Industry Machinery Manufact,primary,1.612,<$5M,2,3.5,False
938,Nanaimo,2023,334610,Manufacturing and Reproducing Magnetic and Optical,secondary,,<$5M,<2,,True
938,Nanaimo,2023,336611,Ship Building and Repairing,secondary,23.532,>=$5M,2,53.0,False
938,Nanaimo,2023,336612,Boat Building,secondary,,<$5M,<2,,True
938,Nanaimo,2023,541330,Engineering Services,secondary,91.298,>=$5M,55,7.5,False
938,Nanaimo,2023,541370,Surveying and Mapping (except Geophysical) Service,secondary,15.44,>=$5M,18,5.7,False
938,Nanaimo,2023,541511,Custom Computer Programming Services,secondary,17.433,>=$5M,15,5.3,False
938,Nanaimo,2023,ALL,All,all,149.614,>=$5M,94,7.6,False
938,Nanaimo,2023,PRIMARY,Primary,primary,1.612,<$5M,2,3.5,False
938,Nanaimo,2023,SECONDARY,Secondary,secondary,148.002,>=$5M,92,7.7,False
938,Nanaimo,2024,333310,Commercial and Service Industry Machinery Manufact,primary,1.204,<$5M,2,3.5,False
938,Nanaimo,2024,334610,Manufacturing and Reproducing Magnetic and Optical,secondary,,<$5M,<2,,True
938,Nanaimo,2024,336611,Ship Building and Repairing,secondary,29.486,>=$5M,2,53.0,False
938,Nanaimo,2024,336612,Boat Building,secondary,,<$5M,<2,,True
938,Nanaimo,2024,541330,Engineering Services,secondary,136.389,>=$5M,56,12.5,False
938,Nanaimo,2024,541370,Surveying and Mapping (except Geophysical) Service,secondary,8.178,>=$5M,18,4.7,False
938,Nanaimo,2024,541511,Custom Computer Programming Services,secondary,14.07,>=$5M,14,6.7,False
938,Nanaimo,2024,ALL,All,all,189.609,>=$5M,94,10.6,False
938,Nanaimo,2024,PRIMARY,Primary,primary,1.204,<$5M,2,3.5,False
938,Nanaimo,2024,SECONDARY,Secondary,secondary,188.405,>=$5M,92,10.7,False
938,Nanaimo,2025,331110,Iron and Steel Mills and Ferroalloy Manufacturing,secondary,,>=$5M,<2,,True
938,Nanaimo,2025,333310,Commercial and Service Industry Machinery Manufact,primary,1.204,<$5M,2,3.5,False
938,Nanaimo,2025,334610,Manufacturing and Reproducing Magnetic and Optical,secondary,,<$5M,<2,,True
938,Nanaimo,2025,336611,Ship Building and Repairing,secondary,29.486,>=$5M,2,53.0,False
938,Nanaimo,2025,336612,Boat Building,secondary,,<$5M,<2,,True
938,Nanaimo,2025,541330,Engineering Services,secondary,131.127,>=$5M,55,12.3,False
938,Nanaimo,2025,541370,Surveying and Mapping (except Geophysical) Service,secondary,8.673,>=$5M,18,4.9,False
938,Nanaimo,2025,541511,Custom Computer Programming Services,secondary,14.369,>=$5M,14,6.9,False
938,Nanaimo,2025,ALL,All,all,241.55,>=$5M,94,10.9,False
938,Nanaimo,2025,PRIMARY,Primary,primary,1.204,<$5M,2,3.5,False
938,Nanaimo,2025,SECONDARY,Secondary,secondary,240.346,>=$5M,92,11.1,False
907,Nelson,2017,336611,Ship Building & Repairing,secondary,,<$5M,<2,,True
907,Nelson,2017,541330,Engineering Services,secondary,16.401,>=$5M,18,3.9,False
907,Nelson,2017,541370,Surveying & Mapping (except Geophysical) Services,secondary,,<$5M,<2,,True
907,Nelson,2017,541511,Custom Computer Programming Services,secondary,,<$5M,<2,,True
907,Nelson,2017,ALL,All,all,18.189,>=$5M,21,3.8,False
907,Nelson,2017,SECONDARY,Secondary,secondary,18.189,>=$5M,21,3.8,False
907,Nelson,2018,336611,Ship Building & Repairing,secondary,,<$5M,<2,,True
907,Nelson,2018,541330,Engineering Services,secondary,19.173,>=$5M,20,4.2,False
907,Nelson,2018,541370,Surveying & Mapping (except Geophysical) Services,secondary,,<$5M,<2,,True
907,Nelson,2018,541511,Custom Computer Programming Services,secondary,,<$5M,<2,,True
907,Nelson,2018,ALL,All,all,20.961,>=$5M,23,4.0,False
907,Nelson,2018,SECONDARY,Secondary,secondary,20.961,>=$5M,23,4.0,False
907,Nelson,2019,336611,Ship Building & Repairing,secondary,,<$5M,<2,,True
907,Nelson,2019,541330,Engineering Services,secondary,19.173,>=$5M,20,4.2,False
907,Nelson,2019,541370,Surveying & Mapping (except Geophysical) Services,secondary,,<$5M,<2,,True
907,Nelson,2019,541511,Custom Computer Programming Services,secondary,,<$5M,<2,,True
907,Nelson,2019,ALL,All,all,20.961,>=$5M,23,4.0,False
907,Nelson,2019,SECONDARY,Secondary,secondary,20.961,>=$5M,23,4.0,False
907,Nelson,2020,336611,Ship Building & Repairing,secondary,,<$5M,<2,,True
907,Nelson,2020,541330,Engineering Services,secondary,17.325,>=$5M,18,4.2,False
907,Nelson,2020,541370,Surveying & Mapping (except Geophysical) Services,secondary,,<$5M,<2,,True
907,Nelson,2020,541511,Custom Computer Programming Services,secondary,,<$5M,<2,,True
907,Nelson,2020,ALL,All,all,19.113,>=$5M,21,4.0,False
907,Nelson,2020,SECONDARY,Secondary,secondary,19.113,>=$5M,21,4.0,False
907,Nelson,2021,336611,Ship Building and Repairing,secondary,,<$5M,<2,,True
907,Nelson,2021,541330,Engineering Services,secondary,16.401,>=$5M,17,4.2,False
907,Nelson,2021,541370,Surveying and Mapping (except Geophysical) Service,secondary,,<$5M,<2,,True
907,Nelson,2021,541511,Custom Computer Programming Services,secondary,,<$5M,<2,,True
907,Nelson,2021,ALL,All,all,18.189,>=$5M,20,4.0,False
907,Nelson,2021,SECONDARY,Secondary,secondary,18.189,>=$5M,20,4.0,False
907,Nelson,2022,333310,Commercial and Service Industry Machinery Manufact,primary,,<$5M,<2,,True
907,Nelson,2022,336611,Ship Building and Repairing,secondary,,<$5M,<2,,True
907,Nelson,2022,541330,Engineering Services,secondary,16.863,>=$5M,18,3.9,False
907,Nelson,2022,541370,Surveying and Mapping (except Geophysical) Service,secondary,,<$5M,<2,,True
907,Nelson,2022,541511,Custom Computer Programming Services,secondary,,<$5M,<2,,True
907,Nelson,2022,ALL,All,all,21.947,>=$5M,22,4.0,False
907,Nelson,2022,PRIMARY,Primary,primary,,<$5M,<2,,True
907,Nelson,2022,SECONDARY,Secondary,secondary,18.651,>=$5M,21,3.8,False
907,Nelson,2023,333310,Commercial and Service Industry Machinery Manufact,primary,,<$5M,<2,,True
907,Nelson,2023,336611,Ship Building and Repairing,secondary,,<$5M,<2,,True
907,Nelson,2023,541330,Engineering Services,secondary,15.293,>=$5M,18,4.1,False
907,Nelson,2023,541370,Surveying and Mapping (except Geophysical) Service,secondary,0.394,<$5M,2,2.0,False
907,Nelson,2023,541511,Custom Computer Programming Services,secondary,,<$5M,<2,,True
907,Nelson,2023,ALL,All,all,18.655,>=$5M,23,4.0,False
907,Nelson,2023,PRIMARY,Primary,primary,,<$5M,<2,,True
907,Nelson,2023,SECONDARY,Secondary,secondary,17.121,>=$5M,22,3.9,False
907,Nelson,2024,333310,Commercial and Service Industry Machinery Manufact,primary,,<$5M,<2,,True
907,Nelson,2024,336611,Ship Building and Repairing,secondary,,<$5M,<2,,True
907,Nelson,2024,541330,Engineering Services,secondary,13.649,>=$5M,17,3.8,False
907,Nelson,2024,541370,Surveying and Mapping (except Geophysical) Service,secondary,0.394,<$5M,2,2.0,False
907,Nelson,2024,541511,Custom Computer Programming Services,secondary,8.977,>=$5M,2,30.0,False
907,Nelson,2024,ALL,All,all,25.389,>=$5M,23,6.0,False
907,Nelson,2024,PRIMARY,Primary,primary,,<$5M,<2,,True
907,Nelson,2024,SECONDARY,Secondary,secondary,23.855,>=$5M,22,6.0,False
907,Nelson,2025,333310,Commercial and Service Industry Machinery Manufact,primary,,<$5M,<2,,True
907,Nelson,2025,336611,Ship Building and Repairing,secondary,,<$5M,<2,,True
907,Nelson,2025,541330,Engineering Services,secondary,12.09,>=$5M,17,3.6,False
907,Nelson,2025,541370,Surveying and Mapping (except Geophysical) Service,secondary,0.394,<$5M,2,2.0,False
907,Nelson,2025,541511,Custom Computer Programming Services,secondary,8.977,>=$5M,2,30.0,False
907,Nelson,2025,ALL,All,all,23.83,>=$5M,23,6.0,False
907,Nelson,2025,PRIMARY,Primary,primary,,<$5M,<2,,True
907,Nelson,2025,SECONDARY,Secondary,secondary,22.296,>=$5M,22,5.9,False
220,New Glasgow,2017,541330,Engineering Services,secondary,4.158,<$5M,4,4.5,False
220,New Glasgow,2017,541370,Surveying & Mapping (except Geophysical) Services,secondary,1.911,<$5M,4,3.2,False
220,New Glasgow,2017,ALL,All,all,6.069,>=$5M,8,3.9,False
220,New Glasgow,2017,SECONDARY,Secondary,secondary,6.069,>=$5M,8,3.9,False
220,New Glasgow,2018,541330,Engineering Services,secondary,4.158,<$5M,4,4.5,False
220,New Glasgow,2018,541370,Surveying & Mapping (except Geophysical) Services,secondary,2.646,<$5M,5,3.6,False
220,New Glasgow,2018,ALL,All,all,6.804,>=$5M,9,4.0,False
220,New Glasgow,2018,SECONDARY,Secondary,secondary,6.804,>=$5M,9,4.0,False
220,New Glasgow,2019,331110,Iron & Steel Mills & Ferroalloy Manufacturing,secondary,,>=$5M,<2,,True
220,New Glasgow,2019,541330,Engineering Services,secondary,6.93,>=$5M,5,6.0,False
220,New Glasgow,2019,541370,Surveying & Mapping (except Geophysical) Services,secondary,3.234,<$5M,6,3.7,False
220,New Glasgow,2019,ALL,All,all,20.415,>=$5M,12,5.1,False
220,New Glasgow,2019,SECONDARY,Secondary,secondary,20.415,>=$5M,12,5.1,False
220,New Glasgow,2020,541330,Engineering Services,secondary,6.93,>=$5M,5,6.0,False
220,New Glasgow,2020,541370,Surveying & Mapping (except Geophysical) Services,secondary,3.969,<$5M,7,3.9,False
220,New Glasgow,2020,ALL,All,all,10.899,>=$5M,12,4.8,False
220,New Glasgow,2020,SECONDARY,Secondary,secondary,10.899,>=$5M,12,4.8,False
220,New Glasgow,2021,541330,Engineering Services,secondary,6.93,>=$5M,5,6.0,False
220,New Glasgow,2021,541370,Surveying and Mapping (except Geophysical) Service,secondary,3.969,<$5M,7,3.9,False
220,New Glasgow,2021,ALL,All,all,10.899,>=$5M,12,4.8,False
220,New Glasgow,2021,SECONDARY,Secondary,secondary,10.899,>=$5M,12,4.8,False
220,New Glasgow,2022,541330,Engineering Services,secondary,6.93,>=$5M,5,6.0,False
220,New Glasgow,2022,541370,Surveying and Mapping (except Geophysical) Service,secondary,3.969,<$5M,7,3.9,False
220,New Glasgow,2022,ALL,All,all,10.899,>=$5M,12,4.8,False
220,New Glasgow,2022,SECONDARY,Secondary,secondary,10.899,>=$5M,12,4.8,False
220,New Glasgow,2023,541330,Engineering Services,secondary,3.834,<$5M,4,4.5,False
220,New Glasgow,2023,541370,Surveying and Mapping (except Geophysical) Service,secondary,3.234,<$5M,6,3.7,False
220,New Glasgow,2023,ALL,All,all,7.068,>=$5M,10,4.0,False
220,New Glasgow,2023,SECONDARY,Secondary,secondary,7.068,>=$5M,10,4.0,False
220,New Glasgow,2024,331110,Iron and Steel Mills and Ferroalloy Manufacturing,secondary,,>=$5M,<2,,True
220,New Glasgow,2024,541330,Engineering Services,secondary,3.51,<$5M,4,4.5,False
220,New Glasgow,2024,541370,Surveying and Mapping (except Geophysical) Service,secondary,1.776,<$5M,8,2.0,False
220,New Glasgow,2024,ALL,All,all,13.018,>=$5M,13,3.5,False
220,New Glasgow,2024,SECONDARY,Secondary,secondary,13.018,>=$5M,13,3.5,False
220,New Glasgow,2025,541330,Engineering Services,secondary,3.51,<$5M,4,4.5,False
220,New Glasgow,2025,541370,Surveying and Mapping (except Geophysical) Service,secondary,1.875,<$5M,8,2.4,False
220,New Glasgow,2025,ALL,All,all,5.385,>=$5M,12,3.1,False
220,New Glasgow,2025,SECONDARY,Secondary,secondary,5.385,>=$5M,12,3.1,False
547,Norfolk,2017,331110,Iron & Steel Mills & Ferroalloy Manufacturing,secondary,,>=$5M,<2,,True
547,Norfolk,2017,336611,Ship Building & Repairing,secondary,1.332,<$5M,2,3.0,False
547,Norfolk,2017,541330,Engineering Services,secondary,5.313,>=$5M,6,3.8,False
547,Norfolk,2017,541370,Surveying & Mapping (except Geophysical) Services,secondary,4.557,<$5M,3,10.3,False
547,Norfolk,2017,541511,Custom Computer Programming Services,secondary,,<$5M,<2,,True
547,Norfolk,2017,ALL,All,all,62.664,>=$5M,13,8.2,False
547,Norfolk,2017,SECONDARY,Secondary,secondary,62.664,>=$5M,13,8.2,False
547,Norfolk,2018,331110,Iron & Steel Mills & Ferroalloy Manufacturing,secondary,,>=$5M,<2,,True
547,Norfolk,2018,336611,Ship Building & Repairing,secondary,1.332,<$5M,2,3.0,False
547,Norfolk,2018,541330,Engineering Services,secondary,5.313,>=$5M,6,3.8,False
547,Norfolk,2018,541370,Surveying & Mapping (except Geophysical) Services,secondary,4.557,<$5M,3,10.3,False
547,Norfolk,2018,541511,Custom Computer Programming Services,secondary,,<$5M,<2,,True
547,Norfolk,2018,ALL,All,all,62.664,>=$5M,13,8.2,False
547,Norfolk,2018,SECONDARY,Secondary,secondary,62.664,>=$5M,13,8.2,False
547,Norfolk,2019,331110,Iron & Steel Mills & Ferroalloy Manufacturing,secondary,,>=$5M,<2,,True
547,Norfolk,2019,336611,Ship Building & Repairing,secondary,1.332,<$5M,2,3.0,False
547,Norfolk,2019,541330,Engineering Services,secondary,4.851,<$5M,6,3.5,False
547,Norfolk,2019,541370,Surveying & Mapping (except Geophysical) Services,secondary,4.557,<$5M,3,10.3,False
547,Norfolk,2019,541511,Custom Computer Programming Services,secondary,,<$5M,<2,,True
547,Norfolk,2019,ALL,All,all,62.202,>=$5M,13,8.0,False
547,Norfolk,2019,SECONDARY,Secondary,secondary,62.202,>=$5M,13,8.0,False
547,Norfolk,2020,331110,Iron & Steel Mills & Ferroalloy Manufacturing,secondary,,>=$5M,<2,,True
547,Norfolk,2020,336611,Ship Building & Repairing,secondary,1.332,<$5M,2,3.0,False
547,Norfolk,2020,541330,Engineering Services,secondary,5.082,>=$5M,7,3.1,False
547,Norfolk,2020,541370,Surveying & Mapping (except Geophysical) Services,secondary,1.911,<$5M,3,4.3,False
547,Norfolk,2020,541511,Custom Computer Programming Services,secondary,,<$5M,<2,,True
547,Norfolk,2020,ALL,All,all,59.787,>=$5M,14,6.2,False
547,Norfolk,2020,SECONDARY,Secondary,secondary,59.787,>=$5M,14,6.2,False
547,Norfolk,2021,331110,Iron and Steel Mills and Ferroalloy Manufacturing,secondary,,>=$5M,<2,,True
547,Norfolk,2021,336611,Ship Building and Repairing,secondary,1.332,<$5M,2,3.0,False
547,Norfolk,2021,541330,Engineering Services,secondary,5.082,>=$5M,7,3.1,False
547,Norfolk,2021,541370,Surveying and Mapping (except Geophysical) Service,secondary,1.911,<$5M,3,4.3,False
547,Norfolk,2021,541511,Custom Computer Programming Services,secondary,,<$5M,<2,,True
547,Norfolk,2021,ALL,All,all,59.787,>=$5M,14,6.2,False
547,Norfolk,2021,SECONDARY,Secondary,secondary,59.787,>=$5M,14,6.2,False
547,Norfolk,2022,331110,Iron and Steel Mills and Ferroalloy Manufacturing,secondary,,>=$5M,<2,,True
547,Norfolk,2022,333310,Commercial and Service Industry Machinery Manufact,primary,21.392,>=$5M,3,24.7,False
547,Norfolk,2022,334610,Manufacturing and Reproducing Magnetic and Optical,secondary,,<$5M,<2,,True
547,Norfolk,2022,336611,Ship Building and Repairing,secondary,1.332,<$5M,2,3.0,False
547,Norfolk,2022,541330,Engineering Services,secondary,6.93,>=$5M,8,2.8,False
547,Norfolk,2022,541370,Surveying and Mapping (except Geophysical) Service,secondary,1.911,<$5M,3,4.3,False
547,Norfolk,2022,541511,Custom Computer Programming Services,secondary,,<$5M,<2,,True
547,Norfolk,2022,ALL,All,all,83.871,>=$5M,19,8.6,False
547,Norfolk,2022,PRIMARY,Primary,primary,21.392,>=$5M,3,24.7,False
547,Norfolk,2022,SECONDARY,Secondary,secondary,62.479,>=$5M,16,5.6,False
547,Norfolk,2023,331110,Iron and Steel Mills and Ferroalloy Manufacturing,secondary,,>=$5M,<2,,True
547,Norfolk,2023,333310,Commercial and Service Industry Machinery Manufact,primary,21.827,>=$5M,4,19.2,False
547,Norfolk,2023,334610,Manufacturing and Reproducing Magnetic and Optical,secondary,,<$5M,<2,,True
547,Norfolk,2023,336611,Ship Building and Repairing,secondary,1.332,<$5M,2,3.0,False
547,Norfolk,2023,541330,Engineering Services,secondary,6.822,>=$5M,8,2.8,False
547,Norfolk,2023,541370,Surveying and Mapping (except Geophysical) Service,secondary,1.911,<$5M,3,4.3,False
547,Norfolk,2023,541511,Custom Computer Programming Services,secondary,,<$5M,<2,,True
547,Norfolk,2023,ALL,All,all,84.141,>=$5M,20,8.3,False
547,Norfolk,2023,PRIMARY,Primary,primary,21.827,>=$5M,4,19.2,False
547,Norfolk,2023,SECONDARY,Secondary,secondary,62.314,>=$5M,16,5.6,False
547,Norfolk,2024,331110,Iron and Steel Mills and Ferroalloy Manufacturing,secondary,,>=$5M,<2,,True
547,Norfolk,2024,333310,Commercial and Service Industry Machinery Manufact,primary,14.225,>=$5M,4,21.5,False
547,Norfolk,2024,334610,Manufacturing and Reproducing Magnetic and Optical,secondary,,<$5M,<2,,True
547,Norfolk,2024,541330,Engineering Services,secondary,14.815,>=$5M,7,10.9,False
547,Norfolk,2024,541370,Surveying and Mapping (except Geophysical) Service,secondary,1.281,<$5M,3,4.3,False
547,Norfolk,2024,541511,Custom Computer Programming Services,secondary,,<$5M,<2,,True
547,Norfolk,2024,ALL,All,all,60.251,>=$5M,17,13.1,False
547,Norfolk,2024,PRIMARY,Primary,primary,14.225,>=$5M,4,21.5,False
547,Norfolk,2024,SECONDARY,Secondary,secondary,46.026,>=$5M,13,10.5,False
547,Norfolk,2025,331110,Iron and Steel Mills and Ferroalloy Manufacturing,secondary,,>=$5M,<2,,True
547,Norfolk,2025,333310,Commercial and Service Industry Machinery Manufact,primary,14.52,>=$5M,4,22.0,False
547,Norfolk,2025,334610,Manufacturing and Reproducing Magnetic and Optical,secondary,,<$5M,<2,,True
547,Norfolk,2025,541330,Engineering Services,secondary,18.323,>=$5M,7,13.4,False
547,Norfolk,2025,541370,Surveying and Mapping (except Geophysical) Service,secondary,1.281,<$5M,3,4.3,False
547,Norfolk,2025,541511,Custom Computer Programming Services,secondary,,<$5M,<2,,True
547,Norfolk,2025,ALL,All,all,64.054,>=$5M,17,14.3,False
547,Norfolk,2025,PRIMARY,Primary,primary,14.52,>=$5M,4,22.0,False
547,Norfolk,2025,SECONDARY,Secondary,secondary,49.534,>=$5M,13,11.9,False
735,North Battleford,2017,331110,Iron & Steel Mills & Ferroalloy Manufacturing,secondary,,<$5M,<2,,True
735,North Battleford,2017,541330,Engineering Services,secondary,,<$5M,<2,,True
735,North Battleford,2017,ALL,All,all,5.249,>=$5M,2,3.5,False
735,North Battleford,2017,SECONDARY,Secondary,secondary,5.249,>=$5M,2,3.5,False
735,North Battleford,2018,331110,Iron & Steel Mills & Ferroalloy Manufacturing,secondary,,<$5M,<2,,True
735,North Battleford,2018,541330,Engineering Services,secondary,,<$5M,<2,,True
735,North Battleford,2018,ALL,All,all,5.48,>=$5M,2,4.0,False
735,North Battleford,2018,SECONDARY,Secondary,secondary,5.48,>=$5M,2,4.0,False
735,North Battleford,2019,331110,Iron & Steel Mills & Ferroalloy Manufacturing,secondary,,<$5M,<2,,True
735,North Battleford,2019,541330,Engineering Services,secondary,,<$5M,<2,,True
735,North Battleford,2019,ALL,All,all,5.48,>=$5M,2,4.0,False
735,North Battleford,2019,SECONDARY,Secondary,secondary,5.48,>=$5M,2,4.0,False
735,North Battleford,2020,331110,Iron & Steel Mills & Ferroalloy Manufacturing,secondary,,<$5M,<2,,True
735,North Battleford,2020,541330,Engineering Services,secondary,,<$5M,<2,,True
735,North Battleford,2020,ALL,All,all,5.48,>=$5M,2,4.0,False
735,North Battleford,2020,SECONDARY,Secondary,secondary,5.48,>=$5M,2,4.0,False
735,North Battleford,2021,331110,Iron and Steel Mills and Ferroalloy Manufacturing,secondary,,<$5M,<2,,True
735,North Battleford,2021,541330,Engineering Services,secondary,,<$5M,<2,,True
735,North Battleford,2021,ALL,All,all,5.48,>=$5M,2,4.0,False
735,North Battleford,2021,SECONDARY,Secondary,secondary,5.48,>=$5M,2,4.0,False
735,North Battleford,2022,331110,Iron and Steel Mills and Ferroalloy Manufacturing,secondary,,<$5M,<2,,True
735,North Battleford,2022,541330,Engineering Services,secondary,,<$5M,<2,,True
735,North Battleford,2022,ALL,All,all,5.48,>=$5M,2,4.0,False
735,North Battleford,2022,SECONDARY,Secondary,secondary,5.48,>=$5M,2,4.0,False
735,North Battleford,2023,331110,Iron and Steel Mills and Ferroalloy Manufacturing,secondary,,<$5M,<2,,True
735,North Battleford,2023,541330,Engineering Services,secondary,,<$5M,<2,,True
735,North Battleford,2023,ALL,All,all,5.48,>=$5M,2,4.0,False
735,North Battleford,2023,SECONDARY,Secondary,secondary,5.48,>=$5M,2,4.0,False
735,North Battleford,2024,331110,Iron and Steel Mills and Ferroalloy Manufacturing,secondary,,<$5M,<2,,True
735,North Battleford,2024,541330,Engineering Services,secondary,,<$5M,<2,,True
735,North Battleford,2024,ALL,All,all,3.358,<$5M,2,4.0,False
735,North Battleford,2024,SECONDARY,Secondary,secondary,3.358,<$5M,2,4.0,False
735,North Battleford,2025,331110,Iron and Steel Mills and Ferroalloy Manufacturing,secondary,,<$5M,<2,,True
735,North Battleford,2025,541330,Engineering Services,secondary,,<$5M,<2,,True
735,North Battleford,2025,ALL,All,all,3.358,<$5M,2,4.0,False
735,North Battleford,2025,SECONDARY,Secondary,secondary,3.358,<$5M,2,4.0,False
575,North Bay,2017,336612,Boat Building,secondary,11.88,>=$5M,3,20.0,False
575,North Bay,2017,541330,Engineering Services,secondary,13.86,>=$5M,13,4.6,False
575,North Bay,2017,541370,Surveying & Mapping (except Geophysical) Services,secondary,5.733,>=$5M,6,6.5,False
575,North Bay,2017,541511,Custom Computer Programming Services,secondary,1.449,<$5M,2,3.5,False
575,North Bay,2017,ALL,All,all,32.922,>=$5M,24,6.9,False
575,North Bay,2017,SECONDARY,Secondary,secondary,32.922,>=$5M,24,6.9,False
575,North Bay,2018,336612,Boat Building,secondary,11.88,>=$5M,3,20.0,False
575,North Bay,2018,541330,Engineering Services,secondary,14.091,>=$5M,13,4.7,False
575,North Bay,2018,541370,Surveying & Mapping (except Geophysical) Services,secondary,5.733,>=$5M,6,6.5,False
575,North Bay,2018,541511,Custom Computer Programming Services,secondary,1.449,<$5M,2,3.5,False
575,North Bay,2018,ALL,All,all,33.153,>=$5M,24,7.0,False
575,North Bay,2018,SECONDARY,Secondary,secondary,33.153,>=$5M,24,7.0,False
575,North Bay,2019,336411,Aircraft Manufacturing,primary,,<$5M,<2,,True
575,North Bay,2019,336612,Boat Building,secondary,11.88,>=$5M,3,20.0,False
575,North Bay,2019,541330,Engineering Services,secondary,22.176,>=$5M,15,6.4,False
575,North Bay,2019,541370,Surveying & Mapping (except Geophysical) Services,secondary,5.733,>=$5M,6,6.5,False
575,North Bay,2019,541511,Custom Computer Programming Services,secondary,3.519,<$5M,4,4.2,False
575,North Bay,2019,ALL,All,all,46.333,>=$5M,29,7.5,False
575,North Bay,2019,PRIMARY,Primary,primary,,<$5M,<2,,True
575,North Bay,2019,SECONDARY,Secondary,secondary,43.308,>=$5M,28,7.6,False
575,North Bay,2020,336411,Aircraft Manufacturing,primary,,<$5M,<2,,True
575,North Bay,2020,336612,Boat Building,secondary,11.88,>=$5M,3,20.0,False
575,North Bay,2020,541330,Engineering Services,secondary,20.559,>=$5M,16,5.6,False
575,North Bay,2020,541370,Surveying & Mapping (except Geophysical) Services,secondary,5.439,>=$5M,6,6.2,False
575,North Bay,2020,541511,Custom Computer Programming Services,secondary,3.519,<$5M,4,4.2,False
575,North Bay,2020,ALL,All,all,44.422,>=$5M,30,6.9,False
575,North Bay,2020,PRIMARY,Primary,primary,,<$5M,<2,,True
575,North Bay,2020,SECONDARY,Secondary,secondary,41.397,>=$5M,29,7.0,False
575,North Bay,2021,336411,Aircraft Manufacturing,primary,,<$5M,<2,,True
575,North Bay,2021,336612,Boat Building,secondary,11.88,>=$5M,3,20.0,False
575,North Bay,2021,541330,Engineering Services,secondary,20.559,>=$5M,16,5.6,False
575,North Bay,2021,541370,Surveying and Mapping (except Geophysical) Service,secondary,5.439,>=$5M,6,6.2,False
575,North Bay,2021,541511,Custom Computer Programming Services,secondary,3.519,<$5M,4,4.2,False
575,North Bay,2021,ALL,All,all,44.422,>=$5M,30,6.9,False
575,North Bay,2021,PRIMARY,Primary,primary,,<$5M,<2,,True
575,North Bay,2021,SECONDARY,Secondary,secondary,41.397,>=$5M,29,7.0,False
575,North Bay,2022,333310,Commercial and Service Industry Machinery Manufact,primary,2.312,<$5M,3,2.3,False
575,North Bay,2022,336411,Aircraft Manufacturing,primary,,<$5M,<2,,True
575,North Bay,2022,336612,Boat Building,secondary,11.88,>=$5M,3,20.0,False
575,North Bay,2022,541330,Engineering Services,secondary,22.176,>=$5M,18,4.9,False
575,North Bay,2022,541370,Surveying and Mapping (except Geophysical) Service,secondary,5.439,>=$5M,6,6.2,False
575,North Bay,2022,541511,Custom Computer Programming Services,secondary,4.001,<$5M,5,3.6,False
575,North Bay,2022,ALL,All,all,48.833,>=$5M,36,6.0,False
575,North Bay,2022,PRIMARY,Primary,primary,5.337,>=$5M,4,3.0,False
575,North Bay,2022,SECONDARY,Secondary,secondary,43.496,>=$5M,32,6.4,False
575,North Bay,2023,333310,Commercial and Service Industry Machinery Manufact,primary,2.04,<$5M,3,2.3,False
575,North Bay,2023,336612,Boat Building,secondary,9.691,>=$5M,3,20.0,False
575,North Bay,2023,541330,Engineering Services,secondary,13.868,>=$5M,15,3.7,False
575,North Bay,2023,541370,Surveying and Mapping (except Geophysical) Service,secondary,5.439,>=$5M,6,6.2,False
575,North Bay,2023,541511,Custom Computer Programming Services,secondary,4.001,<$5M,5,3.6,False
575,North Bay,2023,ALL,All,all,35.039,>=$5M,32,5.6,False
575,North Bay,2023,PRIMARY,Primary,primary,2.04,<$5M,3,2.3,False
575,North Bay,2023,SECONDARY,Secondary,secondary,32.999,>=$5M,29,5.9,False
575,North Bay,2024,333310,Commercial and Service Industry Machinery Manufact,primary,1.238,<$5M,3,2.3,False
575,North Bay,2024,336612,Boat Building,secondary,8.677,>=$5M,3,20.0,False
575,North Bay,2024,541330,Engineering Services,secondary,35.088,>=$5M,17,10.6,False
575,North Bay,2024,541370,Surveying and Mapping (except Geophysical) Service,secondary,1.183,<$5M,5,2.4,False
575,North Bay,2024,541511,Custom Computer Programming Services,secondary,1.649,<$5M,5,2.2,False
575,North Bay,2024,ALL,All,all,47.835,>=$5M,33,8.2,False
575,North Bay,2024,PRIMARY,Primary,primary,1.238,<$5M,3,2.3,False
575,North Bay,2024,SECONDARY,Secondary,secondary,46.597,>=$5M,30,8.8,False
575,North Bay,2025,333310,Commercial and Service Industry Machinery Manufact,primary,1.238,<$5M,3,2.3,False
575,North Bay,2025,336612,Boat Building,secondary,8.677,>=$5M,3,20.0,False
575,North Bay,2025,541330,Engineering Services,secondary,35.868,>=$5M,17,10.8,False
575,North Bay,2025,541370,Surveying and Mapping (except Geophysical) Service,secondary,1.677,<$5M,6,2.8,False
575,North Bay,2025,541511,Custom Computer Programming Services,secondary,1.649,<$5M,5,2.2,False
575,North Bay,2025,ALL,All,all,49.109,>=$5M,34,8.2,False
575,North Bay,2025,PRIMARY,Primary,primary,1.238,<$5M,3,2.3,False
575,North Bay,2025,SECONDARY,Secondary,secondary,47.871,>=$5M,31,8.8,False
820,Okotoks,2017,541330,Engineering Services,secondary,1.617,<$5M,2,3.5,False
820,Okotoks,2017,541370,Surveying & Mapping (except Geophysical) Services,secondary,1.323,<$5M,3,3.0,False
820,Okotoks,2017,541511,Custom Computer Programming Services,secondary,,<$5M,<2,,True
820,Okotoks,2017,ALL,All,all,3.975,<$5M,6,3.5,False
820,Okotoks,2017,SECONDARY,Secondary,secondary,3.975,<$5M,6,3.5,False
820,Okotoks,2018,541330,Engineering Services,secondary,1.617,<$5M,2,3.5,False
820,Okotoks,2018,541370,Surveying & Mapping (except Geophysical) Services,secondary,1.323,<$5M,3,3.0,False
820,Okotoks,2018,541511,Custom Computer Programming Services,secondary,,<$5M,<2,,True
820,Okotoks,2018,ALL,All,all,3.975,<$5M,6,3.5,False
820,Okotoks,2018,SECONDARY,Secondary,secondary,3.975,<$5M,6,3.5,False
820,Okotoks,2019,541330,Engineering Services,secondary,3.927,<$5M,3,5.7,False
820,Okotoks,2019,541370,Surveying & Mapping (except Geophysical) Services,secondary,2.058,<$5M,4,3.5,False
820,Okotoks,2019,541511,Custom Computer Programming Services,secondary,,<$5M,<2,,True
820,Okotoks,2019,ALL,All,all,7.02,>=$5M,8,4.5,False
820,Okotoks,2019,SECONDARY,Secondary,secondary,7.02,>=$5M,8,4.5,False
820,Okotoks,2020,541330,Engineering Services,secondary,3.927,<$5M,3,5.7,False
820,Okotoks,2020,541370,Surveying & Mapping (except Geophysical) Services,secondary,2.058,<$5M,4,3.5,False
820,Okotoks,2020,541511,Custom Computer Programming Services,secondary,,<$5M,<2,,True
820,Okotoks,2020,ALL,All,all,7.02,>=$5M,8,4.5,False
820,Okotoks,2020,SECONDARY,Secondary,secondary,7.02,>=$5M,8,4.5,False
820,Okotoks,2021,541330,Engineering Services,secondary,3.927,<$5M,3,5.7,False
820,Okotoks,2021,541370,Surveying and Mapping (except Geophysical) Service,secondary,2.793,<$5M,5,2.8,False
820,Okotoks,2021,541511,Custom Computer Programming Services,secondary,,<$5M,<2,,True
820,Okotoks,2021,ALL,All,all,7.755,>=$5M,9,4.0,False
820,Okotoks,2021,SECONDARY,Secondary,secondary,7.755,>=$5M,9,4.0,False
820,Okotoks,2022,541330,Engineering Services,secondary,4.62,<$5M,4,4.2,False
820,Okotoks,2022,541370,Surveying and Mapping (except Geophysical) Service,secondary,2.793,<$5M,5,2.8,False
820,Okotoks,2022,ALL,All,all,7.413,>=$5M,9,3.4,False
820,Okotoks,2022,SECONDARY,Secondary,secondary,7.413,>=$5M,9,3.4,False
820,Okotoks,2023,541330,Engineering Services,secondary,2.31,<$5M,3,2.3,False
820,Okotoks,2023,541370,Surveying and Mapping (except Geophysical) Service,secondary,2.648,<$5M,5,2.8,False
820,Okotoks,2023,541511,Custom Computer Programming Services,secondary,,<$5M,<2,,True
820,Okotoks,2023,ALL,All,all,5.993,>=$5M,9,2.9,False
820,Okotoks,2023,SECONDARY,Secondary,secondary,5.993,>=$5M,9,2.9,False
820,Okotoks,2024,541330,Engineering Services,secondary,1.95,<$5M,3,3.3,False
820,Okotoks,2024,541370,Surveying and Mapping (except Geophysical) Service,secondary,1.085,<$5M,5,2.2,False
820,Okotoks,2024,541511,Custom Computer Programming Services,secondary,,<$5M,<2,,True
820,Okotoks,2024,ALL,All,all,3.783,<$5M,9,2.9,False
820,Okotoks,2024,SECONDARY,Secondary,secondary,3.783,<$5M,9,2.9,False
820,Okotoks,2025,541330,Engineering Services,secondary,1.95,<$5M,3,3.3,False
820,Okotoks,2025,541370,Surveying and Mapping (except Geophysical) Service,secondary,1.283,<$5M,5,2.6,False
820,Okotoks,2025,541511,Custom Computer Programming Services,secondary,,<$5M,<2,,True
820,Okotoks,2025,ALL,All,all,3.981,<$5M,9,3.1,False
820,Okotoks,2025,SECONDARY,Secondary,secondary,3.981,<$5M,9,3.1,False
569,Orillia,2017,331110,Iron & Steel Mills & Ferroalloy Manufacturing,secondary,,>=$5M,<2,,True
569,Orillia,2017,336411,Aircraft Manufacturing,primary,,<$5M,<2,,True
569,Orillia,2017,541330,Engineering Services,secondary,19.473,>=$5M,7,13.3,False
569,Orillia,2017,541370,Surveying & Mapping (except Geophysical) Services,secondary,,<$5M,<2,,True
569,Orillia,2017,541511,Custom Computer Programming Services,secondary,,<$5M,<2,,True
569,Orillia,2017,ALL,All,all,30.812,>=$5M,11,10.9,False
569,Orillia,2017,PRIMARY,Primary,primary,,<$5M,<2,,True
569,Orillia,2017,SECONDARY,Secondary,secondary,27.787,>=$5M,10,11.5,False
569,Orillia,2018,331110,Iron & Steel Mills & Ferroalloy Manufacturing,secondary,,>=$5M,<2,,True
569,Orillia,2018,336411,Aircraft Manufacturing,primary,,<$5M,<2,,True
569,Orillia,2018,541330,Engineering Services,secondary,19.473,>=$5M,7,13.3,False
569,Orillia,2018,541370,Surveying & Mapping (except Geophysical) Services,secondary,,<$5M,<2,,True
569,Orillia,2018,541511,Custom Computer Programming Services,secondary,,<$5M,<2,,True
569,Orillia,2018,ALL,All,all,30.812,>=$5M,11,10.9,False
569,Orillia,2018,PRIMARY,Primary,primary,,<$5M,<2,,True
569,Orillia,2018,SECONDARY,Secondary,secondary,27.787,>=$5M,10,11.5,False
569,Orillia,2019,331110,Iron & Steel Mills & Ferroalloy Manufacturing,secondary,,>=$5M,<2,,True
569,Orillia,2019,336411,Aircraft Manufacturing,primary,,<$5M,<2,,True
569,Orillia,2019,541330,Engineering Services,secondary,19.935,>=$5M,8,11.9,False
569,Orillia,2019,541370,Surveying & Mapping (except Geophysical) Services,secondary,2.94,<$5M,2,10.0,False
569,Orillia,2019,541511,Custom Computer Programming Services,secondary,1.449,<$5M,2,3.5,False
569,Orillia,2019,ALL,All,all,33.044,>=$5M,14,9.4,False
569,Orillia,2019,PRIMARY,Primary,primary,,<$5M,<2,,True
569,Orillia,2019,SECONDARY,Secondary,secondary,30.019,>=$5M,13,9.8,False
569,Orillia,2020,331110,Iron & Steel Mills & Ferroalloy Manufacturing,secondary,,>=$5M,<2,,True
569,Orillia,2020,336411,Aircraft Manufacturing,primary,,<$5M,<2,,True
569,Orillia,2020,541330,Engineering Services,secondary,19.935,>=$5M,8,11.9,False
569,Orillia,2020,541370,Surveying & Mapping (except Geophysical) Services,secondary,4.116,<$5M,3,9.3,False
569,Orillia,2020,541511,Custom Computer Programming Services,secondary,1.449,<$5M,2,3.5,False
569,Orillia,2020,ALL,All,all,34.22,>=$5M,15,9.3,False
569,Orillia,2020,PRIMARY,Primary,primary,,<$5M,<2,,True
569,Orillia,2020,SECONDARY,Secondary,secondary,31.195,>=$5M,14,9.6,False
569,Orillia,2021,331110,Iron and Steel Mills and Ferroalloy Manufacturing,secondary,,>=$5M,<2,,True
569,Orillia,2021,336411,Aircraft Manufacturing,primary,,<$5M,<2,,True
569,Orillia,2021,541330,Engineering Services,secondary,19.935,>=$5M,8,11.9,False
569,Orillia,2021,541370,Surveying and Mapping (except Geophysical) Service,secondary,3.381,<$5M,2,11.5,False
569,Orillia,2021,541511,Custom Computer Programming Services,secondary,1.449,<$5M,2,3.5,False
569,Orillia,2021,ALL,All,all,33.485,>=$5M,14,9.6,False
569,Orillia,2021,PRIMARY,Primary,primary,,<$5M,<2,,True
569,Orillia,2021,SECONDARY,Secondary,secondary,30.46,>=$5M,13,10.0,False
569,Orillia,2022,331110,Iron and Steel Mills and Ferroalloy Manufacturing,secondary,,>=$5M,<2,,True
569,Orillia,2022,336411,Aircraft Manufacturing,primary,,<$5M,<2,,True
569,Orillia,2022,541330,Engineering Services,secondary,19.935,>=$5M,8,11.9,False
569,Orillia,2022,541370,Surveying and Mapping (except Geophysical) Service,secondary,3.381,<$5M,2,11.5,False
569,Orillia,2022,541511,Custom Computer Programming Services,secondary,1.449,<$5M,2,2.5,False
569,Orillia,2022,ALL,All,all,33.485,>=$5M,14,9.5,False
569,Orillia,2022,PRIMARY,Primary,primary,,<$5M,<2,,True
569,Orillia,2022,SECONDARY,Secondary,secondary,30.46,>=$5M,13,9.8,False
569,Orillia,2023,331110,Iron and Steel Mills and Ferroalloy Manufacturing,secondary,,>=$5M,<2,,True
569,Orillia,2023,336411,Aircraft Manufacturing,primary,,<$5M,<2,,True
569,Orillia,2023,541330,Engineering Services,secondary,17.658,>=$5M,7,13.3,False
569,Orillia,2023,541370,Surveying and Mapping (except Geophysical) Service,secondary,2.993,<$5M,2,11.5,False
569,Orillia,2023,541511,Custom Computer Programming Services,secondary,1.449,<$5M,2,2.5,False
569,Orillia,2023,ALL,All,all,30.82,>=$5M,13,10.1,False
569,Orillia,2023,PRIMARY,Primary,primary,,<$5M,<2,,True
569,Orillia,2023,SECONDARY,Secondary,secondary,27.795,>=$5M,12,10.5,False
569,Orillia,2024,331110,Iron and Steel Mills and Ferroalloy Manufacturing,secondary,,<$5M,<2,,True
569,Orillia,2024,336411,Aircraft Manufacturing,primary,,<$5M,<2,,True
569,Orillia,2024,541330,Engineering Services,secondary,25.406,>=$5M,10,14.2,False
569,Orillia,2024,541370,Surveying and Mapping (except Geophysical) Service,secondary,2.265,<$5M,2,11.5,False
569,Orillia,2024,541511,Custom Computer Programming Services,secondary,0.6,<$5M,2,2.0,False
569,Orillia,2024,ALL,All,all,33.903,>=$5M,16,11.2,False
569,Orillia,2024,PRIMARY,Primary,primary,,<$5M,<2,,True
569,Orillia,2024,SECONDARY,Secondary,secondary,31.493,>=$5M,15,11.6,False
569,Orillia,2025,331110,Iron and Steel Mills and Ferroalloy Manufacturing,secondary,,<$5M,<2,,True
569,Orillia,2025,336411,Aircraft Manufacturing,primary,,<$5M,<2,,True
569,Orillia,2025,541330,Engineering Services,secondary,22.028,>=$5M,9,12.6,False
569,Orillia,2025,541370,Surveying and Mapping (except Geophysical) Service,secondary,2.265,<$5M,2,11.5,False
569,Orillia,2025,541511,Custom Computer Programming Services,secondary,0.6,<$5M,2,2.0,False
569,Orillia,2025,ALL,All,all,30.525,>=$5M,15,10.0,False
569,Orillia,2025,PRIMARY,Primary,primary,,<$5M,<2,,True
569,Orillia,2025,SECONDARY,Secondary,secondary,28.115,>=$5M,14,10.4,False
532,Oshawa,2017,331110,Iron & Steel Mills & Ferroalloy Manufacturing,secondary,586.585,>=$5M,2,257.5,False
532,Oshawa,2017,336612,Boat Building,secondary,,<$5M,<2,,True
532,Oshawa,2017,541330,Engineering Services,secondary,47.646,>=$5M,28,7.4,False
532,Oshawa,2017,541370,Surveying & Mapping (except Geophysical) Services,secondary,22.197,>=$5M,6,25.2,False
532,Oshawa,2017,541511,Custom Computer Programming Services,secondary,2.277,<$5M,3,3.7,False
532,Oshawa,2017,ALL,All,all,659.893,>=$5M,40,22.3,False
532,Oshawa,2017,SECONDARY,Secondary,secondary,659.893,>=$5M,40,22.3,False
532,Oshawa,2018,331110,Iron & Steel Mills & Ferroalloy Manufacturing,secondary,586.585,>=$5M,2,257.5,False
532,Oshawa,2018,333314,Optical Instrument & Lens Manufacturing,secondary,,<$5M,<2,,True
532,Oshawa,2018,336612,Boat Building,secondary,,<$5M,<2,,True
532,Oshawa,2018,541330,Engineering Services,secondary,54.576,>=$5M,32,7.4,False
532,Oshawa,2018,541370,Surveying & Mapping (except Geophysical) Services,secondary,22.197,>=$5M,6,25.2,False
532,Oshawa,2018,541511,Custom Computer Programming Services,secondary,2.277,<$5M,3,3.7,False
532,Oshawa,2018,ALL,All,all,667.967,>=$5M,45,20.6,False
532,Oshawa,2018,SECONDARY,Secondary,secondary,667.967,>=$5M,45,20.6,False
532,Oshawa,2019,331110,Iron & Steel Mills & Ferroalloy Manufacturing,secondary,591.141,>=$5M,3,173.0,False
532,Oshawa,2019,333314,Optical Instrument & Lens Manufacturing,secondary,,<$5M,<2,,True
532,Oshawa,2019,336612,Boat Building,secondary,,<$5M,<2,,True
532,Oshawa,2019,541330,Engineering Services,secondary,81.141,>=$5M,41,8.6,False
532,Oshawa,2019,541370,Surveying & Mapping (except Geophysical) Services,secondary,37.632,>=$5M,7,36.6,False
532,Oshawa,2019,541511,Custom Computer Programming Services,secondary,3.312,<$5M,4,4.0,False
532,Oshawa,2019,ALL,All,all,715.558,>=$5M,57,20.2,False
532,Oshawa,2019,SECONDARY,Secondary,secondary,715.558,>=$5M,57,20.2,False
532,Oshawa,2020,331110,Iron & Steel Mills & Ferroalloy Manufacturing,secondary,591.141,>=$5M,3,173.0,False
532,Oshawa,2020,333314,Optical Instrument & Lens Manufacturing,secondary,,<$5M,<2,,True
532,Oshawa,2020,336612,Boat Building,secondary,,<$5M,<2,,True
532,Oshawa,2020,541330,Engineering Services,secondary,128.727,>=$5M,42,13.3,False
532,Oshawa,2020,541370,Surveying & Mapping (except Geophysical) Services,secondary,47.922,>=$5M,8,40.8,False
532,Oshawa,2020,541511,Custom Computer Programming Services,secondary,3.312,<$5M,4,4.0,False
532,Oshawa,2020,ALL,All,all,773.434,>=$5M,59,24.2,False
532,Oshawa,2020,SECONDARY,Secondary,secondary,773.434,>=$5M,59,24.2,False
532,Oshawa,2021,331110,Iron and Steel Mills and Ferroalloy Manufacturing,secondary,21.641,>=$5M,2,9.5,False
532,Oshawa,2021,333314,Optical Instrument and Lens Manufacturing,secondary,,<$5M,<2,,True
532,Oshawa,2021,336612,Boat Building,secondary,,<$5M,<2,,True
532,Oshawa,2021,541330,Engineering Services,secondary,127.11,>=$5M,41,13.4,False
532,Oshawa,2021,541370,Surveying and Mapping (except Geophysical) Service,secondary,47.922,>=$5M,8,40.8,False
532,Oshawa,2021,541511,Custom Computer Programming Services,secondary,3.312,<$5M,4,4.0,False
532,Oshawa,2021,ALL,All,all,202.317,>=$5M,57,16.1,False
532,Oshawa,2021,SECONDARY,Secondary,secondary,202.317,>=$5M,57,16.1,False
532,Oshawa,2022,331110,Iron and Steel Mills and Ferroalloy Manufacturing,secondary,21.641,>=$5M,2,9.5,False
532,Oshawa,2022,333310,Commercial and Service Industry Machinery Manufact,primary,23.092,>=$5M,11,7.1,False
532,Oshawa,2022,334610,Manufacturing and Reproducing Magnetic and Optical,secondary,1.313,<$5M,3,4.3,False
532,Oshawa,2022,336612,Boat Building,secondary,,<$5M,<2,,True
532,Oshawa,2022,541330,Engineering Services,secondary,132.423,>=$5M,47,12.0,False
532,Oshawa,2022,541370,Surveying and Mapping (except Geophysical) Service,secondary,47.922,>=$5M,8,40.8,False
532,Oshawa,2022,541511,Custom Computer Programming Services,secondary,4.14,<$5M,5,3.8,False
532,Oshawa,2022,ALL,All,all,231.719,>=$5M,77,13.3,False
532,Oshawa,2022,PRIMARY,Primary,primary,23.092,>=$5M,11,7.1,False
532,Oshawa,2022,SECONDARY,Secondary,secondary,208.627,>=$5M,66,14.4,False
532,Oshawa,2023,331110,Iron and Steel Mills and Ferroalloy Manufacturing,secondary,21.641,>=$5M,2,9.5,False
532,Oshawa,2023,333310,Commercial and Service Industry Machinery Manufact,primary,20.149,>=$5M,10,7.4,False
532,Oshawa,2023,334610,Manufacturing and Reproducing Magnetic and Optical,secondary,1.313,<$5M,3,4.3,False
532,Oshawa,2023,336612,Boat Building,secondary,,<$5M,<2,,True
532,Oshawa,2023,541330,Engineering Services,secondary,63.119,>=$5M,44,6.2,False
532,Oshawa,2023,541370,Surveying and Mapping (except Geophysical) Service,secondary,47.922,>=$5M,8,40.8,False
532,Oshawa,2023,541511,Custom Computer Programming Services,secondary,4.14,<$5M,5,3.8,False
532,Oshawa,2023,ALL,All,all,159.472,>=$5M,73,10.0,False
532,Oshawa,2023,PRIMARY,Primary,primary,20.149,>=$5M,10,7.4,False
532,Oshawa,2023,SECONDARY,Secondary,secondary,139.323,>=$5M,63,10.4,False
532,Oshawa,2024,331110,Iron and Steel Mills and Ferroalloy Manufacturing,secondary,12.242,>=$5M,2,9.5,False
532,Oshawa,2024,332992,Small Arms Ammunition Manufacturing,primary,,>=$5M,<2,,True
532,Oshawa,2024,333310,Commercial and Service Industry Machinery Manufact,primary,12.939,>=$5M,9,9.0,False
532,Oshawa,2024,334610,Manufacturing and Reproducing Magnetic and Optical,secondary,1.772,<$5M,3,4.3,False
532,Oshawa,2024,336612,Boat Building,secondary,,>=$5M,<2,,True
532,Oshawa,2024,541330,Engineering Services,secondary,137.947,>=$5M,47,14.7,False
532,Oshawa,2024,541370,Surveying and Mapping (except Geophysical) Service,secondary,29.736,>=$5M,7,43.1,False
532,Oshawa,2024,541511,Custom Computer Programming Services,secondary,6.885,>=$5M,6,7.7,False
532,Oshawa,2024,ALL,All,all,212.54,>=$5M,76,16.2,False
532,Oshawa,2024,PRIMARY,Primary,primary,18.608,>=$5M,10,12.0,False
532,Oshawa,2024,SECONDARY,Secondary,secondary,193.932,>=$5M,66,16.8,False
532,Oshawa,2025,331110,Iron and Steel Mills and Ferroalloy Manufacturing,secondary,12.242,>=$5M,2,9.5,False
532,Oshawa,2025,332992,Small Arms Ammunition Manufacturing,primary,,>=$5M,<2,,True
532,Oshawa,2025,333310,Commercial and Service Industry Machinery Manufact,primary,13.087,>=$5M,9,9.1,False
532,Oshawa,2025,334610,Manufacturing and Reproducing Magnetic and Optical,secondary,1.772,<$5M,3,4.3,False
532,Oshawa,2025,336612,Boat Building,secondary,,>=$5M,<2,,True
532,Oshawa,2025,541330,Engineering Services,secondary,144.379,>=$5M,48,15.5,False
532,Oshawa,2025,541370,Surveying and Mapping (except Geophysical) Service,secondary,27.789,>=$5M,7,43.1,False
532,Oshawa,2025,541511,Custom Computer Programming Services,secondary,8.085,>=$5M,10,5.5,False
532,Oshawa,2025,ALL,All,all,218.373,>=$5M,81,15.9,False
532,Oshawa,2025,PRIMARY,Primary,primary,18.756,>=$5M,10,12.1,False
532,Oshawa,2025,SECONDARY,Secondary,secondary,199.617,>=$5M,71,16.5,False
505,Ottawa - Gatineau (Ontario part / partie de l'Ontario),2017,331110,Iron & Steel Mills & Ferroalloy Manufacturing,secondary,135.041,>=$5M,14,8.9,False
505,Ottawa - Gatineau (Ontario part / partie de l'Ontario),2017,333314,Optical Instrument & Lens Manufacturing,secondary,,>=$5M,<2,,True
505,Ottawa - Gatineau (Ontario part / partie de l'Ontario),2017,334511,Search Detection & Navigation Instruments,primary,31.535,>=$5M,5,17.0,False
505,Ottawa - Gatineau (Ontario part / partie de l'Ontario),2017,336411,Aircraft Manufacturing,primary,301.895,>=$5M,6,83.2,False
505,Ottawa - Gatineau (Ontario part / partie de l'Ontario),2017,336611,Ship Building & Repairing,secondary,3.552,<$5M,2,8.0,False
505,Ottawa - Gatineau (Ontario part / partie de l'Ontario),2017,336612,Boat Building,secondary,2.772,<$5M,3,4.7,False
505,Ottawa - Gatineau (Ontario part / partie de l'Ontario),2017,541330,Engineering Services,secondary,857.608,>=$5M,238,15.6,False
505,Ottawa - Gatineau (Ontario part / partie de l'Ontario),2017,541370,Surveying & Mapping (except Geophysical) Services,secondary,29.547,>=$5M,22,9.1,False
505,Ottawa - Gatineau (Ontario part / partie de l'Ontario),2017,541511,Custom Computer Programming Services,secondary,137.448,>=$5M,84,7.9,False
505,Ottawa - Gatineau (Ontario part / partie de l'Ontario),2017,ALL,All,all,1507.406,>=$5M,375,14.3,False
505,Ottawa - Gatineau (Ontario part / partie de l'Ontario),2017,PRIMARY,Primary,primary,333.43,>=$5M,11,53.1,False
505,Ottawa - Gatineau (Ontario part / partie de l'Ontario),2017,SECONDARY,Secondary,secondary,1173.976,>=$5M,364,13.1,False
505,Ottawa - Gatineau (Ontario part / partie de l'Ontario),2018,331110,Iron & Steel Mills & Ferroalloy Manufacturing,secondary,135.041,>=$5M,14,8.9,False
505,Ottawa - Gatineau (Ontario part / partie de l'Ontario),2018,333314,Optical Instrument & Lens Manufacturing,secondary,,>=$5M,<2,,True
505,Ottawa - Gatineau (Ontario part / partie de l'Ontario),2018,334511,Search Detection & Navigation Instruments,primary,40.068,>=$5M,6,18.0,False
505,Ottawa - Gatineau (Ontario part / partie de l'Ontario),2018,336411,Aircraft Manufacturing,primary,301.895,>=$5M,6,83.2,False
505,Ottawa - Gatineau (Ontario part / partie de l'Ontario),2018,336611,Ship Building & Repairing,secondary,3.552,<$5M,2,8.0,False
505,Ottawa - Gatineau (Ontario part / partie de l'Ontario),2018,336612,Boat Building,secondary,2.772,<$5M,3,4.7,False
505,Ottawa - Gatineau (Ontario part / partie de l'Ontario),2018,541330,Engineering Services,secondary,882.556,>=$5M,249,15.4,False
505,Ottawa - Gatineau (Ontario part / partie de l'Ontario),2018,541370,Surveying & Mapping (except Geophysical) Services,secondary,29.547,>=$5M,22,9.1,False
505,Ottawa - Gatineau (Ontario part / partie de l'Ontario),2018,541511,Custom Computer Programming Services,secondary,138.897,>=$5M,86,7.8,False
505,Ottawa - Gatineau (Ontario part / partie de l'Ontario),2018,ALL,All,all,1542.336,>=$5M,389,14.1,False
505,Ottawa - Gatineau (Ontario part / partie de l'Ontario),2018,PRIMARY,Primary,primary,341.963,>=$5M,12,50.6,False
505,Ottawa - Gatineau (Ontario part / partie de l'Ontario),2018,SECONDARY,Secondary,secondary,1200.373,>=$5M,377,13.0,False
505,Ottawa - Gatineau (Ontario part / partie de l'Ontario),2019,331110,Iron & Steel Mills & Ferroalloy Manufacturing,secondary,139.597,>=$5M,15,8.6,False
505,Ottawa - Gatineau (Ontario part / partie de l'Ontario),2019,333314,Optical Instrument & Lens Manufacturing,secondary,,>=$5M,<2,,True
505,Ottawa - Gatineau (Ontario part / partie de l'Ontario),2019,334511,Search Detection & Navigation Instruments,primary,48.601,>=$5M,7,18.7,False
505,Ottawa - Gatineau (Ontario part / partie de l'Ontario),2019,336411,Aircraft Manufacturing,primary,301.895,>=$5M,6,83.2,False
505,Ottawa - Gatineau (Ontario part / partie de l'Ontario),2019,336611,Ship Building & Repairing,secondary,3.552,<$5M,2,8.0,False
505,Ottawa - Gatineau (Ontario part / partie de l'Ontario),2019,336612,Boat Building,secondary,2.772,<$5M,3,4.7,False
505,Ottawa - Gatineau (Ontario part / partie de l'Ontario),2019,541330,Engineering Services,secondary,977.266,>=$5M,289,14.7,False
505,Ottawa - Gatineau (Ontario part / partie de l'Ontario),2019,541370,Surveying & Mapping (except Geophysical) Services,secondary,28.959,>=$5M,22,9.0,False
505,Ottawa - Gatineau (Ontario part / partie de l'Ontario),2019,541511,Custom Computer Programming Services,secondary,170.361,>=$5M,95,8.7,False
505,Ottawa - Gatineau (Ontario part / partie de l'Ontario),2019,ALL,All,all,1681.011,>=$5M,440,13.8,False
505,Ottawa - Gatineau (Ontario part / partie de l'Ontario),2019,PRIMARY,Primary,primary,350.496,>=$5M,13,48.5,False
505,Ottawa - Gatineau (Ontario part / partie de l'Ontario),2019,SECONDARY,Secondary,secondary,1330.515,>=$5M,427,12.8,False
505,Ottawa - Gatineau (Ontario part / partie de l'Ontario),2020,331110,Iron & Steel Mills & Ferroalloy Manufacturing,secondary,148.111,>=$5M,16,8.6,False
505,Ottawa - Gatineau (Ontario part / partie de l'Ontario),2020,333314,Optical Instrument & Lens Manufacturing,secondary,,>=$5M,<2,,True
505,Ottawa - Gatineau (Ontario part / partie de l'Ontario),2020,334511,Search Detection & Navigation Instruments,primary,48.601,>=$5M,7,18.7,False
505,Ottawa - Gatineau (Ontario part / partie de l'Ontario),2020,336411,Aircraft Manufacturing,primary,301.895,>=$5M,6,83.2,False
505,Ottawa - Gatineau (Ontario part / partie de l'Ontario),2020,336611,Ship Building & Repairing,secondary,3.552,<$5M,2,8.0,False
505,Ottawa - Gatineau (Ontario part / partie de l'Ontario),2020,336612,Boat Building,secondary,2.772,<$5M,3,4.7,False
505,Ottawa - Gatineau (Ontario part / partie de l'Ontario),2020,541330,Engineering Services,secondary,991.357,>=$5M,286,15.0,False
505,Ottawa - Gatineau (Ontario part / partie de l'Ontario),2020,541370,Surveying & Mapping (except Geophysical) Services,secondary,28.812,>=$5M,22,8.9,False
505,Ottawa - Gatineau (Ontario part / partie de l'Ontario),2020,541511,Custom Computer Programming Services,secondary,171.396,>=$5M,96,8.6,False
505,Ottawa - Gatineau (Ontario part / partie de l'Ontario),2020,ALL,All,all,1704.504,>=$5M,439,14.0,False
505,Ottawa - Gatineau (Ontario part / partie de l'Ontario),2020,PRIMARY,Primary,primary,350.496,>=$5M,13,48.5,False
505,Ottawa - Gatineau (Ontario part / partie de l'Ontario),2020,SECONDARY,Secondary,secondary,1354.008,>=$5M,426,13.0,False
505,Ottawa - Gatineau (Ontario part / partie de l'Ontario),2021,331110,Iron and Steel Mills and Ferroalloy Manufacturing,secondary,148.111,>=$5M,16,8.6,False
505,Ottawa - Gatineau (Ontario part / partie de l'Ontario),2021,333314,Optical Instrument and Lens Manufacturing,secondary,,>=$5M,<2,,True
505,Ottawa - Gatineau (Ontario part / partie de l'Ontario),2021,334511,"Search, Detection, Navigation, Guidance, Aeronauti",primary,48.601,>=$5M,7,18.7,False
505,Ottawa - Gatineau (Ontario part / partie de l'Ontario),2021,336411,Aircraft Manufacturing,primary,301.895,>=$5M,6,83.2,False
505,Ottawa - Gatineau (Ontario part / partie de l'Ontario),2021,336611,Ship Building and Repairing,secondary,3.552,<$5M,2,8.0,False
505,Ottawa - Gatineau (Ontario part / partie de l'Ontario),2021,336612,Boat Building,secondary,2.376,<$5M,2,6.0,False
505,Ottawa - Gatineau (Ontario part / partie de l'Ontario),2021,541330,Engineering Services,secondary,942.847,>=$5M,272,15.0,False
505,Ottawa - Gatineau (Ontario part / partie de l'Ontario),2021,541370,Surveying and Mapping (except Geophysical) Service,secondary,28.077,>=$5M,21,9.1,False
505,Ottawa - Gatineau (Ontario part / partie de l'Ontario),2021,541511,Custom Computer Programming Services,secondary,171.189,>=$5M,97,8.5,False
505,Ottawa - Gatineau (Ontario part / partie de l'Ontario),2021,ALL,All,all,1654.656,>=$5M,424,14.0,False
505,Ottawa - Gatineau (Ontario part / partie de l'Ontario),2021,PRIMARY,Primary,primary,350.496,>=$5M,13,48.5,False
505,Ottawa - Gatineau (Ontario part / partie de l'Ontario),2021,SECONDARY,Secondary,secondary,1304.16,>=$5M,411,12.9,False
505,Ottawa - Gatineau (Ontario part / partie de l'Ontario),2022,331110,Iron and Steel Mills and Ferroalloy Manufacturing,secondary,148.111,>=$5M,16,8.9,False
505,Ottawa - Gatineau (Ontario part / partie de l'Ontario),2022,333310,Commercial and Service Industry Machinery Manufact,primary,28.074,>=$5M,13,6.5,False
505,Ottawa - Gatineau (Ontario part / partie de l'Ontario),2022,334511,"Search, Detection, Navigation, Guidance, Aeronauti",primary,48.601,>=$5M,7,18.7,False
505,Ottawa - Gatineau (Ontario part / partie de l'Ontario),2022,334610,Manufacturing and Reproducing Magnetic and Optical,secondary,14.329,>=$5M,6,22.8,False
505,Ottawa - Gatineau (Ontario part / partie de l'Ontario),2022,336411,Aircraft Manufacturing,primary,301.895,>=$5M,6,83.2,False
505,Ottawa - Gatineau (Ontario part / partie de l'Ontario),2022,336611,Ship Building and Repairing,secondary,3.552,<$5M,2,8.0,False
505,Ottawa - Gatineau (Ontario part / partie de l'Ontario),2022,336612,Boat Building,secondary,2.376,<$5M,2,6.0,False
505,Ottawa - Gatineau (Ontario part / partie de l'Ontario),2022,541330,Engineering Services,secondary,1030.838,>=$5M,328,13.0,False
505,Ottawa - Gatineau (Ontario part / partie de l'Ontario),2022,541370,Surveying and Mapping (except Geophysical) Service,secondary,28.077,>=$5M,21,9.1,False
505,Ottawa - Gatineau (Ontario part / partie de l'Ontario),2022,541511,Custom Computer Programming Services,secondary,176.157,>=$5M,99,8.6,False
505,Ottawa - Gatineau (Ontario part / partie de l'Ontario),2022,ALL,All,all,1782.01,>=$5M,500,12.7,False
505,Ottawa - Gatineau (Ontario part / partie de l'Ontario),2022,PRIMARY,Primary,primary,378.57,>=$5M,26,27.5,False
505,Ottawa - Gatineau (Ontario part / partie de l'Ontario),2022,SECONDARY,Secondary,secondary,1403.44,>=$5M,474,11.9,False
505,Ottawa - Gatineau (Ontario part / partie de l'Ontario),2023,331110,Iron and Steel Mills and Ferroalloy Manufacturing,secondary,143.188,>=$5M,16,11.2,False
505,Ottawa - Gatineau (Ontario part / partie de l'Ontario),2023,333310,Commercial and Service Industry Machinery Manufact,primary,25.154,>=$5M,14,6.2,False
505,Ottawa - Gatineau (Ontario part / partie de l'Ontario),2023,334511,"Search, Detection, Navigation, Guidance, Aeronauti",primary,40.068,>=$5M,6,18.0,False
505,Ottawa - Gatineau (Ontario part / partie de l'Ontario),2023,334610,Manufacturing and Reproducing Magnetic and Optical,secondary,14.611,>=$5M,6,22.8,False
505,Ottawa - Gatineau (Ontario part / partie de l'Ontario),2023,336411,Aircraft Manufacturing,primary,14.52,>=$5M,5,4.8,False
505,Ottawa - Gatineau (Ontario part / partie de l'Ontario),2023,336611,Ship Building and Repairing,secondary,3.552,<$5M,2,8.0,False
505,Ottawa - Gatineau (Ontario part / partie de l'Ontario),2023,336612,Boat Building,secondary,2.056,<$5M,2,6.0,False
505,Ottawa - Gatineau (Ontario part / partie de l'Ontario),2023,336992,"Military Armored Vehicle, Tank, and Tank Component",primary,,<$5M,<2,,True
505,Ottawa - Gatineau (Ontario part / partie de l'Ontario),2023,541330,Engineering Services,secondary,868.836,>=$5M,322,11.5,False
505,Ottawa - Gatineau (Ontario part / partie de l'Ontario),2023,541370,Surveying and Mapping (except Geophysical) Service,secondary,25.579,>=$5M,22,9.5,False
505,Ottawa - Gatineau (Ontario part / partie de l'Ontario),2023,541511,Custom Computer Programming Services,secondary,200.642,>=$5M,99,9.2,False
505,Ottawa - Gatineau (Ontario part / partie de l'Ontario),2023,ALL,All,all,1339.823,>=$5M,495,10.9,False
505,Ottawa - Gatineau (Ontario part / partie de l'Ontario),2023,PRIMARY,Primary,primary,81.359,>=$5M,26,8.8,False
505,Ottawa - Gatineau (Ontario part / partie de l'Ontario),2023,SECONDARY,Secondary,secondary,1258.464,>=$5M,469,11.0,False
505,Ottawa - Gatineau (Ontario part / partie de l'Ontario),2024,331110,Iron and Steel Mills and Ferroalloy Manufacturing,secondary,145.852,>=$5M,16,14.2,False
505,Ottawa - Gatineau (Ontario part / partie de l'Ontario),2024,333310,Commercial and Service Industry Machinery Manufact,primary,30.723,>=$5M,16,9.3,False
505,Ottawa - Gatineau (Ontario part / partie de l'Ontario),2024,334511,"Search, Detection, Navigation, Guidance, Aeronauti",primary,68.13,>=$5M,8,36.2,False
505,Ottawa - Gatineau (Ontario part / partie de l'Ontario),2024,334610,Manufacturing and Reproducing Magnetic and Optical,secondary,20.164,>=$5M,7,20.0,False
505,Ottawa - Gatineau (Ontario part / partie de l'Ontario),2024,336411,Aircraft Manufacturing,primary,25.063,>=$5M,3,17.3,False
505,Ottawa - Gatineau (Ontario part / partie de l'Ontario),2024,336414,Guided Missile and Space Vehicle Manufacturing,primary,,>=$5M,<2,,True
505,Ottawa - Gatineau (Ontario part / partie de l'Ontario),2024,336611,Ship Building and Repairing,secondary,26.704,>=$5M,2,48.0,False
505,Ottawa - Gatineau (Ontario part / partie de l'Ontario),2024,336612,Boat Building,secondary,6.218,>=$5M,2,21.5,False
505,Ottawa - Gatineau (Ontario part / partie de l'Ontario),2024,336992,"Military Armored Vehicle, Tank, and Tank Component",primary,,>=$5M,<2,,True
505,Ottawa - Gatineau (Ontario part / partie de l'Ontario),2024,541330,Engineering Services,secondary,1058.396,>=$5M,322,16.9,False
505,Ottawa - Gatineau (Ontario part / partie de l'Ontario),2024,541370,Surveying and Mapping (except Geophysical) Service,secondary,20.092,>=$5M,20,10.2,False
505,Ottawa - Gatineau (Ontario part / partie de l'Ontario),2024,541511,Custom Computer Programming Services,secondary,175.533,>=$5M,116,10.1,False
505,Ottawa - Gatineau (Ontario part / partie de l'Ontario),2024,ALL,All,all,1603.486,>=$5M,514,15.4,False
505,Ottawa - Gatineau (Ontario part / partie de l'Ontario),2024,PRIMARY,Primary,primary,150.527,>=$5M,29,19.9,False
505,Ottawa - Gatineau (Ontario part / partie de l'Ontario),2024,SECONDARY,Secondary,secondary,1452.959,>=$5M,485,15.1,False
505,Ottawa - Gatineau (Ontario part / partie de l'Ontario),2025,331110,Iron and Steel Mills and Ferroalloy Manufacturing,secondary,136.834,>=$5M,16,13.6,False
505,Ottawa - Gatineau (Ontario part / partie de l'Ontario),2025,333310,Commercial and Service Industry Machinery Manufact,primary,29.951,>=$5M,16,9.1,False
505,Ottawa - Gatineau (Ontario part / partie de l'Ontario),2025,334511,"Search, Detection, Navigation, Guidance, Aeronauti",primary,47.223,>=$5M,7,28.7,False
505,Ottawa - Gatineau (Ontario part / partie de l'Ontario),2025,334610,Manufacturing and Reproducing Magnetic and Optical,secondary,20.164,>=$5M,7,20.0,False
505,Ottawa - Gatineau (Ontario part / partie de l'Ontario),2025,336411,Aircraft Manufacturing,primary,21.207,>=$5M,3,14.7,False
505,Ottawa - Gatineau (Ontario part / partie de l'Ontario),2025,336414,Guided Missile and Space Vehicle Manufacturing,primary,,>=$5M,<2,,True
505,Ottawa - Gatineau (Ontario part / partie de l'Ontario),2025,336611,Ship Building and Repairing,secondary,26.982,>=$5M,2,48.5,False
505,Ottawa - Gatineau (Ontario part / partie de l'Ontario),2025,336612,Boat Building,secondary,6.218,>=$5M,2,21.5,False
505,Ottawa - Gatineau (Ontario part / partie de l'Ontario),2025,336992,"Military Armored Vehicle, Tank, and Tank Component",primary,,>=$5M,<2,,True
505,Ottawa - Gatineau (Ontario part / partie de l'Ontario),2025,541330,Engineering Services,secondary,1044.684,>=$5M,326,16.5,False
505,Ottawa - Gatineau (Ontario part / partie de l'Ontario),2025,541370,Surveying and Mapping (except Geophysical) Service,secondary,20.289,>=$5M,20,10.3,False
505,Ottawa - Gatineau (Ontario part / partie de l'Ontario),2025,541511,Custom Computer Programming Services,secondary,197.078,>=$5M,126,10.5,False
505,Ottawa - Gatineau (Ontario part / partie de l'Ontario),2025,ALL,All,all,1590.901,>=$5M,527,15.1,False
505,Ottawa - Gatineau (Ontario part / partie de l'Ontario),2025,PRIMARY,Primary,primary,138.652,>=$5M,28,19.3,False
505,Ottawa - Gatineau (Ontario part / partie de l'Ontario),2025,SECONDARY,Secondary,secondary,1452.249,>=$5M,499,14.9,False
505,Ottawa - Gatineau (partie du Québec / Quebec part),2017,331110,Iron & Steel Mills & Ferroalloy Manufacturing,secondary,27.336,>=$5M,5,4.8,False
505,Ottawa - Gatineau (partie du Québec / Quebec part),2017,541330,Engineering Services,secondary,63.287,>=$5M,51,5.4,False
505,Ottawa - Gatineau (partie du Québec / Quebec part),2017,541370,Surveying & Mapping (except Geophysical) Services,secondary,31.605,>=$5M,22,9.8,False
505,Ottawa - Gatineau (partie du Québec / Quebec part),2017,541511,Custom Computer Programming Services,secondary,3.519,<$5M,4,4.2,False
505,Ottawa - Gatineau (partie du Québec / Quebec part),2017,ALL,All,all,125.747,>=$5M,82,6.5,False
505,Ottawa - Gatineau (partie du Québec / Quebec part),2017,SECONDARY,Secondary,secondary,125.747,>=$5M,82,6.5,False
505,Ottawa - Gatineau (partie du Québec / Quebec part),2018,331110,Iron & Steel Mills & Ferroalloy Manufacturing,secondary,30.753,>=$5M,5,5.4,False
505,Ottawa - Gatineau (partie du Québec / Quebec part),2018,541330,Engineering Services,secondary,64.8,>=$5M,53,5.4,False
505,Ottawa - Gatineau (partie du Québec / Quebec part),2018,541370,Surveying & Mapping (except Geophysical) Services,secondary,28.665,>=$5M,21,9.3,False
505,Ottawa - Gatineau (partie du Québec / Quebec part),2018,541511,Custom Computer Programming Services,secondary,4.347,<$5M,5,4.2,False
505,Ottawa - Gatineau (partie du Québec / Quebec part),2018,ALL,All,all,128.565,>=$5M,84,6.3,False
505,Ottawa - Gatineau (partie du Québec / Quebec part),2018,SECONDARY,Secondary,secondary,128.565,>=$5M,84,6.3,False
505,Ottawa - Gatineau (partie du Québec / Quebec part),2019,331110,Iron & Steel Mills & Ferroalloy Manufacturing,secondary,30.753,>=$5M,5,5.4,False
505,Ottawa - Gatineau (partie du Québec / Quebec part),2019,541330,Engineering Services,secondary,94.137,>=$5M,58,7.1,False
505,Ottawa - Gatineau (partie du Québec / Quebec part),2019,541370,Surveying & Mapping (except Geophysical) Services,secondary,31.752,>=$5M,21,10.3,False
505,Ottawa - Gatineau (partie du Québec / Quebec part),2019,541511,Custom Computer Programming Services,secondary,5.589,>=$5M,7,3.9,False
505,Ottawa - Gatineau (partie du Québec / Quebec part),2019,ALL,All,all,162.231,>=$5M,91,7.5,False
505,Ottawa - Gatineau (partie du Québec / Quebec part),2019,SECONDARY,Secondary,secondary,162.231,>=$5M,91,7.5,False
505,Ottawa - Gatineau (partie du Québec / Quebec part),2020,331110,Iron & Steel Mills & Ferroalloy Manufacturing,secondary,30.753,>=$5M,5,5.4,False
505,Ottawa - Gatineau (partie du Québec / Quebec part),2020,541330,Engineering Services,secondary,64.904,>=$5M,54,5.2,False
505,Ottawa - Gatineau (partie du Québec / Quebec part),2020,541370,Surveying & Mapping (except Geophysical) Services,secondary,31.458,>=$5M,21,10.2,False
505,Ottawa - Gatineau (partie du Québec / Quebec part),2020,541511,Custom Computer Programming Services,secondary,5.589,>=$5M,7,3.9,False
505,Ottawa - Gatineau (partie du Québec / Quebec part),2020,ALL,All,all,132.704,>=$5M,87,6.3,False
505,Ottawa - Gatineau (partie du Québec / Quebec part),2020,SECONDARY,Secondary,secondary,132.704,>=$5M,87,6.3,False
505,Ottawa - Gatineau (partie du Québec / Quebec part),2021,331110,Iron and Steel Mills and Ferroalloy Manufacturing,secondary,30.753,>=$5M,5,5.4,False
505,Ottawa - Gatineau (partie du Québec / Quebec part),2021,541330,Engineering Services,secondary,67.214,>=$5M,55,5.4,False
505,Ottawa - Gatineau (partie du Québec / Quebec part),2021,541370,Surveying and Mapping (except Geophysical) Service,secondary,31.458,>=$5M,21,10.2,False
505,Ottawa - Gatineau (partie du Québec / Quebec part),2021,541511,Custom Computer Programming Services,secondary,5.589,>=$5M,7,3.9,False
505,Ottawa - Gatineau (partie du Québec / Quebec part),2021,ALL,All,all,135.014,>=$5M,88,6.4,False
505,Ottawa - Gatineau (partie du Québec / Quebec part),2021,SECONDARY,Secondary,secondary,135.014,>=$5M,88,6.4,False
505,Ottawa - Gatineau (partie du Québec / Quebec part),2022,331110,Iron and Steel Mills and Ferroalloy Manufacturing,secondary,30.753,>=$5M,5,5.4,False
505,Ottawa - Gatineau (partie du Québec / Quebec part),2022,333310,Commercial and Service Industry Machinery Manufact,primary,13.068,>=$5M,5,7.4,False
505,Ottawa - Gatineau (partie du Québec / Quebec part),2022,334610,Manufacturing and Reproducing Magnetic and Optical,secondary,,<$5M,<2,,True
505,Ottawa - Gatineau (partie du Québec / Quebec part),2022,541330,Engineering Services,secondary,70.009,>=$5M,58,4.8,False
505,Ottawa - Gatineau (partie du Québec / Quebec part),2022,541370,Surveying and Mapping (except Geophysical) Service,secondary,32.193,>=$5M,22,9.7,False
505,Ottawa - Gatineau (partie du Québec / Quebec part),2022,541511,Custom Computer Programming Services,secondary,4.554,<$5M,6,3.7,False
505,Ottawa - Gatineau (partie du Québec / Quebec part),2022,ALL,All,all,150.88,>=$5M,97,6.0,False
505,Ottawa - Gatineau (partie du Québec / Quebec part),2022,PRIMARY,Primary,primary,13.068,>=$5M,5,7.4,False
505,Ottawa - Gatineau (partie du Québec / Quebec part),2022,SECONDARY,Secondary,secondary,137.812,>=$5M,92,5.9,False
505,Ottawa - Gatineau (partie du Québec / Quebec part),2023,331110,Iron and Steel Mills and Ferroalloy Manufacturing,secondary,25.311,>=$5M,5,5.4,False
505,Ottawa - Gatineau (partie du Québec / Quebec part),2023,333310,Commercial and Service Industry Machinery Manufact,primary,10.62,>=$5M,5,7.4,False
505,Ottawa - Gatineau (partie du Québec / Quebec part),2023,334610,Manufacturing and Reproducing Magnetic and Optical,secondary,,<$5M,<2,,True
505,Ottawa - Gatineau (partie du Québec / Quebec part),2023,541330,Engineering Services,secondary,73.872,>=$5M,56,5.5,False
505,Ottawa - Gatineau (partie du Québec / Quebec part),2023,541370,Surveying and Mapping (except Geophysical) Service,secondary,30.245,>=$5M,21,10.0,False
505,Ottawa - Gatineau (partie du Québec / Quebec part),2023,541511,Custom Computer Programming Services,secondary,4.017,<$5M,7,3.3,False
505,Ottawa - Gatineau (partie du Québec / Quebec part),2023,ALL,All,all,144.368,>=$5M,95,6.4,False
505,Ottawa - Gatineau (partie du Québec / Quebec part),2023,PRIMARY,Primary,primary,10.62,>=$5M,5,7.4,False
505,Ottawa - Gatineau (partie du Québec / Quebec part),2023,SECONDARY,Secondary,secondary,133.748,>=$5M,90,6.3,False
505,Ottawa - Gatineau (partie du Québec / Quebec part),2024,331110,Iron and Steel Mills and Ferroalloy Manufacturing,secondary,13.531,>=$5M,5,4.2,False
505,Ottawa - Gatineau (partie du Québec / Quebec part),2024,333310,Commercial and Service Industry Machinery Manufact,primary,6.325,>=$5M,4,8.8,False
505,Ottawa - Gatineau (partie du Québec / Quebec part),2024,334610,Manufacturing and Reproducing Magnetic and Optical,secondary,,<$5M,<2,,True
505,Ottawa - Gatineau (partie du Québec / Quebec part),2024,541330,Engineering Services,secondary,115.44,>=$5M,64,9.3,False
505,Ottawa - Gatineau (partie du Québec / Quebec part),2024,541370,Surveying and Mapping (except Geophysical) Service,secondary,17.141,>=$5M,19,9.2,False
505,Ottawa - Gatineau (partie du Québec / Quebec part),2024,541511,Custom Computer Programming Services,secondary,13.918,>=$5M,11,8.5,False
505,Ottawa - Gatineau (partie du Québec / Quebec part),2024,ALL,All,all,166.764,>=$5M,104,8.9,False
505,Ottawa - Gatineau (partie du Québec / Quebec part),2024,PRIMARY,Primary,primary,6.325,>=$5M,4,8.8,False
505,Ottawa - Gatineau (partie du Québec / Quebec part),2024,SECONDARY,Secondary,secondary,160.439,>=$5M,100,8.9,False
505,Ottawa - Gatineau (partie du Québec / Quebec part),2025,331110,Iron and Steel Mills and Ferroalloy Manufacturing,secondary,13.531,>=$5M,5,4.2,False
505,Ottawa - Gatineau (partie du Québec / Quebec part),2025,333310,Commercial and Service Industry Machinery Manufact,primary,6.325,>=$5M,4,8.8,False
505,Ottawa - Gatineau (partie du Québec / Quebec part),2025,334610,Manufacturing and Reproducing Magnetic and Optical,secondary,,<$5M,<2,,True
505,Ottawa - Gatineau (partie du Québec / Quebec part),2025,541330,Engineering Services,secondary,112.515,>=$5M,63,9.3,False
505,Ottawa - Gatineau (partie du Québec / Quebec part),2025,541370,Surveying and Mapping (except Geophysical) Service,secondary,17.141,>=$5M,19,9.2,False
505,Ottawa - Gatineau (partie du Québec / Quebec part),2025,541511,Custom Computer Programming Services,secondary,13.918,>=$5M,11,8.5,False
505,Ottawa - Gatineau (partie du Québec / Quebec part),2025,ALL,All,all,163.839,>=$5M,103,8.8,False
505,Ottawa - Gatineau (partie du Québec / Quebec part),2025,PRIMARY,Primary,primary,6.325,>=$5M,4,8.8,False
505,Ottawa - Gatineau (partie du Québec / Quebec part),2025,SECONDARY,Secondary,secondary,157.514,>=$5M,99,8.8,False
566,Owen Sound,2017,331110,Iron & Steel Mills & Ferroalloy Manufacturing,secondary,,>=$5M,<2,,True
566,Owen Sound,2017,541330,Engineering Services,secondary,26.103,>=$5M,4,28.2,False
566,Owen Sound,2017,541370,Surveying & Mapping (except Geophysical) Services,secondary,1.323,<$5M,2,4.5,False
566,Owen Sound,2017,ALL,All,all,34.26,>=$5M,7,18.3,False
566,Owen Sound,2017,SECONDARY,Secondary,secondary,34.26,>=$5M,7,18.3,False
566,Owen Sound,2018,331110,Iron & Steel Mills & Ferroalloy Manufacturing,secondary,,>=$5M,<2,,True
566,Owen Sound,2018,541330,Engineering Services,secondary,26.103,>=$5M,4,28.2,False
566,Owen Sound,2018,541370,Surveying & Mapping (except Geophysical) Services,secondary,1.323,<$5M,2,4.5,False
566,Owen Sound,2018,ALL,All,all,34.26,>=$5M,7,18.3,False
566,Owen Sound,2018,SECONDARY,Secondary,secondary,34.26,>=$5M,7,18.3,False
566,Owen Sound,2019,331110,Iron & Steel Mills & Ferroalloy Manufacturing,secondary,,>=$5M,<2,,True
566,Owen Sound,2019,541330,Engineering Services,secondary,28.413,>=$5M,6,20.5,False
566,Owen Sound,2019,541370,Surveying & Mapping (except Geophysical) Services,secondary,1.323,<$5M,2,4.5,False
566,Owen Sound,2019,ALL,All,all,36.57,>=$5M,9,15.3,False
566,Owen Sound,2019,SECONDARY,Secondary,secondary,36.57,>=$5M,9,15.3,False
566,Owen Sound,2020,331110,Iron & Steel Mills & Ferroalloy Manufacturing,secondary,,>=$5M,<2,,True
566,Owen Sound,2020,541330,Engineering Services,secondary,28.413,>=$5M,6,20.5,False
566,Owen Sound,2020,541370,Surveying & Mapping (except Geophysical) Services,secondary,1.176,<$5M,2,4.0,False
566,Owen Sound,2020,ALL,All,all,36.423,>=$5M,9,15.2,False
566,Owen Sound,2020,SECONDARY,Secondary,secondary,36.423,>=$5M,9,15.2,False
566,Owen Sound,2021,331110,Iron and Steel Mills and Ferroalloy Manufacturing,secondary,,>=$5M,<2,,True
566,Owen Sound,2021,541330,Engineering Services,secondary,28.413,>=$5M,6,20.5,False
566,Owen Sound,2021,541370,Surveying and Mapping (except Geophysical) Service,secondary,1.176,<$5M,2,4.0,False
566,Owen Sound,2021,ALL,All,all,36.423,>=$5M,9,15.2,False
566,Owen Sound,2021,SECONDARY,Secondary,secondary,36.423,>=$5M,9,15.2,False
566,Owen Sound,2022,331110,Iron and Steel Mills and Ferroalloy Manufacturing,secondary,,>=$5M,<2,,True
566,Owen Sound,2022,333310,Commercial and Service Industry Machinery Manufact,primary,,<$5M,<2,,True
566,Owen Sound,2022,541330,Engineering Services,secondary,28.413,>=$5M,6,20.5,False
566,Owen Sound,2022,541370,Surveying and Mapping (except Geophysical) Service,secondary,1.176,<$5M,2,4.0,False
566,Owen Sound,2022,ALL,All,all,37.971,>=$5M,10,14.6,False
566,Owen Sound,2022,PRIMARY,Primary,primary,,<$5M,<2,,True
566,Owen Sound,2022,SECONDARY,Secondary,secondary,36.423,>=$5M,9,15.8,False
566,Owen Sound,2023,331110,Iron and Steel Mills and Ferroalloy Manufacturing,secondary,,>=$5M,<2,,True
566,Owen Sound,2023,333310,Commercial and Service Industry Machinery Manufact,primary,,<$5M,<2,,True
566,Owen Sound,2023,541330,Engineering Services,secondary,28.305,>=$5M,6,20.5,False
566,Owen Sound,2023,541370,Surveying and Mapping (except Geophysical) Service,secondary,1.176,<$5M,2,4.0,False
566,Owen Sound,2023,ALL,All,all,37.863,>=$5M,10,14.6,False
566,Owen Sound,2023,PRIMARY,Primary,primary,,<$5M,<2,,True
566,Owen Sound,2023,SECONDARY,Secondary,secondary,36.315,>=$5M,9,15.8,False
566,Owen Sound,2024,331110,Iron and Steel Mills and Ferroalloy Manufacturing,secondary,,<$5M,<2,,True
566,Owen Sound,2024,333310,Commercial and Service Industry Machinery Manufact,primary,,<$5M,<2,,True
566,Owen Sound,2024,334610,Manufacturing and Reproducing Magnetic and Optical,secondary,,<$5M,<2,,True
566,Owen Sound,2024,541330,Engineering Services,secondary,23.781,>=$5M,6,20.3,False
566,Owen Sound,2024,541370,Surveying and Mapping (except Geophysical) Service,secondary,0.789,<$5M,2,4.0,False
566,Owen Sound,2024,541511,Custom Computer Programming Services,secondary,,<$5M,<2,,True
566,Owen Sound,2024,ALL,All,all,32.324,>=$5M,12,14.0,False
566,Owen Sound,2024,PRIMARY,Primary,primary,,<$5M,<2,,True
566,Owen Sound,2024,SECONDARY,Secondary,secondary,31.572,>=$5M,11,14.9,False
566,Owen Sound,2025,331110,Iron and Steel Mills and Ferroalloy Manufacturing,secondary,,<$5M,<2,,True
566,Owen Sound,2025,333310,Commercial and Service Industry Machinery Manufact,primary,,<$5M,<2,,True
566,Owen Sound,2025,334610,Manufacturing and Reproducing Magnetic and Optical,secondary,,<$5M,<2,,True
566,Owen Sound,2025,541330,Engineering Services,secondary,23.781,>=$5M,6,20.3,False
566,Owen Sound,2025,541370,Surveying and Mapping (except Geophysical) Service,secondary,0.789,<$5M,2,4.0,False
566,Owen Sound,2025,541511,Custom Computer Programming Services,secondary,,<$5M,<2,,True
566,Owen Sound,2025,ALL,All,all,32.969,>=$5M,12,14.1,False
566,Owen Sound,2025,PRIMARY,Primary,primary,,<$5M,<2,,True
566,Owen Sound,2025,SECONDARY,Secondary,secondary,32.217,>=$5M,11,15.0,False
939,Parksville,2017,541330,Engineering Services,secondary,10.395,>=$5M,6,7.5,False
939,Parksville,2017,541370,Surveying & Mapping (except Geophysical) Services,secondary,,<$5M,<2,,True
939,Parksville,2017,541511,Custom Computer Programming Services,secondary,,<$5M,<2,,True
939,Parksville,2017,ALL,All,all,12.693,>=$5M,8,7.4,False
939,Parksville,2017,SECONDARY,Secondary,secondary,12.693,>=$5M,8,7.4,False
939,Parksville,2018,541330,Engineering Services,secondary,10.395,>=$5M,6,7.5,False
939,Parksville,2018,541370,Surveying & Mapping (except Geophysical) Services,secondary,,<$5M,<2,,True
939,Parksville,2018,541511,Custom Computer Programming Services,secondary,,<$5M,<2,,True
939,Parksville,2018,ALL,All,all,12.693,>=$5M,8,7.4,False
939,Parksville,2018,SECONDARY,Secondary,secondary,12.693,>=$5M,8,7.4,False
939,Parksville,2019,541330,Engineering Services,secondary,10.395,>=$5M,6,7.5,False
939,Parksville,2019,541370,Surveying & Mapping (except Geophysical) Services,secondary,2.205,<$5M,2,7.5,False
939,Parksville,2019,541511,Custom Computer Programming Services,secondary,,<$5M,<2,,True
939,Parksville,2019,ALL,All,all,13.428,>=$5M,9,7.1,False
939,Parksville,2019,SECONDARY,Secondary,secondary,13.428,>=$5M,9,7.1,False
939,Parksville,2020,541330,Engineering Services,secondary,10.395,>=$5M,6,7.5,False
939,Parksville,2020,541370,Surveying & Mapping (except Geophysical) Services,secondary,2.205,<$5M,2,7.5,False
939,Parksville,2020,541511,Custom Computer Programming Services,secondary,,<$5M,<2,,True
939,Parksville,2020,ALL,All,all,13.428,>=$5M,9,7.1,False
939,Parksville,2020,SECONDARY,Secondary,secondary,13.428,>=$5M,9,7.1,False
939,Parksville,2021,541330,Engineering Services,secondary,10.395,>=$5M,6,7.5,False
939,Parksville,2021,541370,Surveying and Mapping (except Geophysical) Service,secondary,2.646,<$5M,3,6.0,False
939,Parksville,2021,541511,Custom Computer Programming Services,secondary,,<$5M,<2,,True
939,Parksville,2021,ALL,All,all,13.869,>=$5M,10,6.7,False
939,Parksville,2021,SECONDARY,Secondary,secondary,13.869,>=$5M,10,6.7,False
939,Parksville,2022,333310,Commercial and Service Industry Machinery Manufact,primary,2.772,<$5M,2,4.5,False
939,Parksville,2022,541330,Engineering Services,secondary,10.395,>=$5M,6,7.5,False
939,Parksville,2022,541370,Surveying and Mapping (except Geophysical) Service,secondary,2.646,<$5M,3,6.0,False
939,Parksville,2022,541511,Custom Computer Programming Services,secondary,,<$5M,<2,,True
939,Parksville,2022,ALL,All,all,16.641,>=$5M,12,6.3,False
939,Parksville,2022,PRIMARY,Primary,primary,2.772,<$5M,2,4.5,False
939,Parksville,2022,SECONDARY,Secondary,secondary,13.869,>=$5M,10,6.7,False
939,Parksville,2023,333310,Commercial and Service Industry Machinery Manufact,primary,1.684,<$5M,2,4.5,False
939,Parksville,2023,541330,Engineering Services,secondary,10.395,>=$5M,6,7.5,False
939,Parksville,2023,541370,Surveying and Mapping (except Geophysical) Service,secondary,2.161,<$5M,3,6.0,False
939,Parksville,2023,541511,Custom Computer Programming Services,secondary,,<$5M,<2,,True
939,Parksville,2023,ALL,All,all,15.068,>=$5M,12,6.3,False
939,Parksville,2023,PRIMARY,Primary,primary,1.684,<$5M,2,4.5,False
939,Parksville,2023,SECONDARY,Secondary,secondary,13.384,>=$5M,10,6.7,False
939,Parksville,2024,333310,Commercial and Service Industry Machinery Manufact,primary,1.548,<$5M,2,4.5,False
939,Parksville,2024,541330,Engineering Services,secondary,17.934,>=$5M,7,13.1,False
939,Parksville,2024,541370,Surveying and Mapping (except Geophysical) Service,secondary,1.478,<$5M,3,5.0,False
939,Parksville,2024,541511,Custom Computer Programming Services,secondary,,<$5M,<2,,True
939,Parksville,2024,ALL,All,all,21.26,>=$5M,13,9.1,False
939,Parksville,2024,PRIMARY,Primary,primary,1.548,<$5M,2,4.5,False
939,Parksville,2024,SECONDARY,Secondary,secondary,19.712,>=$5M,11,9.9,False
939,Parksville,2025,333310,Commercial and Service Industry Machinery Manufact,primary,1.548,<$5M,2,4.5,False
939,Parksville,2025,541330,Engineering Services,secondary,15.205,>=$5M,7,11.1,False
939,Parksville,2025,541370,Surveying and Mapping (except Geophysical) Service,secondary,1.478,<$5M,3,5.0,False
939,Parksville,2025,541511,Custom Computer Programming Services,secondary,,<$5M,<2,,True
939,Parksville,2025,ALL,All,all,18.531,>=$5M,13,8.0,False
939,Parksville,2025,PRIMARY,Primary,primary,1.548,<$5M,2,4.5,False
939,Parksville,2025,SECONDARY,Secondary,secondary,16.983,>=$5M,11,8.6,False
515,Pembroke,2017,331110,Iron & Steel Mills & Ferroalloy Manufacturing,secondary,,>=$5M,<2,,True
515,Pembroke,2017,541330,Engineering Services,secondary,9.471,>=$5M,2,20.5,False
515,Pembroke,2017,541370,Surveying & Mapping (except Geophysical) Services,secondary,3.087,<$5M,2,10.5,False
515,Pembroke,2017,541511,Custom Computer Programming Services,secondary,,<$5M,<2,,True
515,Pembroke,2017,ALL,All,all,19.806,>=$5M,6,11.7,False
515,Pembroke,2017,SECONDARY,Secondary,secondary,19.806,>=$5M,6,11.7,False
515,Pembroke,2018,331110,Iron & Steel Mills & Ferroalloy Manufacturing,secondary,,>=$5M,<2,,True
515,Pembroke,2018,541330,Engineering Services,secondary,,>=$5M,<2,,True
515,Pembroke,2018,541370,Surveying & Mapping (except Geophysical) Services,secondary,3.087,<$5M,2,10.5,False
515,Pembroke,2018,541511,Custom Computer Programming Services,secondary,,<$5M,<2,,True
515,Pembroke,2018,ALL,All,all,19.575,>=$5M,5,13.8,False
515,Pembroke,2018,SECONDARY,Secondary,secondary,19.575,>=$5M,5,13.8,False
515,Pembroke,2019,331110,Iron & Steel Mills & Ferroalloy Manufacturing,secondary,,>=$5M,<2,,True
515,Pembroke,2019,541330,Engineering Services,secondary,9.933,>=$5M,2,21.5,False
515,Pembroke,2019,541370,Surveying & Mapping (except Geophysical) Services,secondary,3.087,<$5M,2,10.5,False
515,Pembroke,2019,541511,Custom Computer Programming Services,secondary,,<$5M,<2,,True
515,Pembroke,2019,ALL,All,all,20.268,>=$5M,6,12.0,False
515,Pembroke,2019,SECONDARY,Secondary,secondary,20.268,>=$5M,6,12.0,False
515,Pembroke,2020,331110,Iron & Steel Mills & Ferroalloy Manufacturing,secondary,,>=$5M,<2,,True
515,Pembroke,2020,541330,Engineering Services,secondary,9.933,>=$5M,2,21.5,False
515,Pembroke,2020,541370,Surveying & Mapping (except Geophysical) Services,secondary,3.087,<$5M,2,10.5,False
515,Pembroke,2020,541511,Custom Computer Programming Services,secondary,,<$5M,<2,,True
515,Pembroke,2020,ALL,All,all,20.268,>=$5M,6,12.0,False
515,Pembroke,2020,SECONDARY,Secondary,secondary,20.268,>=$5M,6,12.0,False
515,Pembroke,2021,331110,Iron and Steel Mills and Ferroalloy Manufacturing,secondary,,>=$5M,<2,,True
515,Pembroke,2021,541330,Engineering Services,secondary,10.164,>=$5M,3,14.7,False
515,Pembroke,2021,541370,Surveying and Mapping (except Geophysical) Service,secondary,3.087,<$5M,2,10.5,False
515,Pembroke,2021,541511,Custom Computer Programming Services,secondary,,<$5M,<2,,True
515,Pembroke,2021,ALL,All,all,20.499,>=$5M,7,10.4,False
515,Pembroke,2021,SECONDARY,Secondary,secondary,20.499,>=$5M,7,10.4,False
515,Pembroke,2022,331110,Iron and Steel Mills and Ferroalloy Manufacturing,secondary,,>=$5M,<2,,True
515,Pembroke,2022,333310,Commercial and Service Industry Machinery Manufact,primary,,<$5M,<2,,True
515,Pembroke,2022,541330,Engineering Services,secondary,10.164,>=$5M,3,14.7,False
515,Pembroke,2022,541370,Surveying and Mapping (except Geophysical) Service,secondary,3.087,<$5M,2,10.5,False
515,Pembroke,2022,541511,Custom Computer Programming Services,secondary,,<$5M,<2,,True
515,Pembroke,2022,ALL,All,all,22.655,>=$5M,8,10.0,False
515,Pembroke,2022,PRIMARY,Primary,primary,,<$5M,<2,,True
515,Pembroke,2022,SECONDARY,Secondary,secondary,20.499,>=$5M,7,10.4,False
515,Pembroke,2023,331110,Iron and Steel Mills and Ferroalloy Manufacturing,secondary,,>=$5M,<2,,True
515,Pembroke,2023,333310,Commercial and Service Industry Machinery Manufact,primary,,<$5M,<2,,True
515,Pembroke,2023,541330,Engineering Services,secondary,,>=$5M,<2,,True
515,Pembroke,2023,541370,Surveying and Mapping (except Geophysical) Service,secondary,2.359,<$5M,2,10.5,False
515,Pembroke,2023,541511,Custom Computer Programming Services,secondary,,<$5M,<2,,True
515,Pembroke,2023,ALL,All,all,20.051,>=$5M,6,12.7,False
515,Pembroke,2023,PRIMARY,Primary,primary,,<$5M,<2,,True
515,Pembroke,2023,SECONDARY,Secondary,secondary,18.847,>=$5M,5,13.8,False
515,Pembroke,2024,331110,Iron and Steel Mills and Ferroalloy Manufacturing,secondary,,<$5M,<2,,True
515,Pembroke,2024,333310,Commercial and Service Industry Machinery Manufact,primary,,<$5M,<2,,True
515,Pembroke,2024,541330,Engineering Services,secondary,14.424,>=$5M,2,37.0,False
515,Pembroke,2024,541370,Surveying and Mapping (except Geophysical) Service,secondary,,<$5M,<2,,True
515,Pembroke,2024,541511,Custom Computer Programming Services,secondary,0.45,<$5M,2,1.0,False
515,Pembroke,2024,ALL,All,all,21.421,>=$5M,7,14.9,False
515,Pembroke,2024,PRIMARY,Primary,primary,,<$5M,<2,,True
515,Pembroke,2024,SECONDARY,Secondary,secondary,20.217,>=$5M,6,16.2,False
515,Pembroke,2025,331110,Iron and Steel Mills and Ferroalloy Manufacturing,secondary,,<$5M,<2,,True
515,Pembroke,2025,333310,Commercial and Service Industry Machinery Manufact,primary,,<$5M,<2,,True
515,Pembroke,2025,541330,Engineering Services,secondary,14.424,>=$5M,2,37.0,False
515,Pembroke,2025,541370,Surveying and Mapping (except Geophysical) Service,secondary,,<$5M,<2,,True
515,Pembroke,2025,541511,Custom Computer Programming Services,secondary,0.6,<$5M,2,2.0,False
515,Pembroke,2025,ALL,All,all,21.571,>=$5M,7,15.1,False
515,Pembroke,2025,PRIMARY,Primary,primary,,<$5M,<2,,True
515,Pembroke,2025,SECONDARY,Secondary,secondary,20.367,>=$5M,6,16.5,False
913,Penticton,2017,541330,Engineering Services,secondary,19.635,>=$5M,9,9.4,False
913,Penticton,2017,541370,Surveying & Mapping (except Geophysical) Services,secondary,1.617,<$5M,4,2.8,False
913,Penticton,2017,541511,Custom Computer Programming Services,secondary,,<$5M,<2,,True
913,Penticton,2017,ALL,All,all,21.873,>=$5M,14,7.1,False
913,Penticton,2017,SECONDARY,Secondary,secondary,21.873,>=$5M,14,7.1,False
913,Penticton,2018,541330,Engineering Services,secondary,20.559,>=$5M,10,8.9,False
913,Penticton,2018,541370,Surveying & Mapping (except Geophysical) Services,secondary,1.617,<$5M,4,2.8,False
913,Penticton,2018,541511,Custom Computer Programming Services,secondary,,<$5M,<2,,True
913,Penticton,2018,ALL,All,all,22.797,>=$5M,15,6.9,False
913,Penticton,2018,SECONDARY,Secondary,secondary,22.797,>=$5M,15,6.9,False
913,Penticton,2019,541330,Engineering Services,secondary,22.638,>=$5M,11,8.9,False
913,Penticton,2019,541370,Surveying & Mapping (except Geophysical) Services,secondary,1.617,<$5M,4,2.8,False
913,Penticton,2019,541511,Custom Computer Programming Services,secondary,,<$5M,<2,,True
913,Penticton,2019,ALL,All,all,24.876,>=$5M,16,7.0,False
913,Penticton,2019,SECONDARY,Secondary,secondary,24.876,>=$5M,16,7.0,False
913,Penticton,2020,541330,Engineering Services,secondary,22.638,>=$5M,11,8.9,False
913,Penticton,2020,541370,Surveying & Mapping (except Geophysical) Services,secondary,1.617,<$5M,4,2.8,False
913,Penticton,2020,541511,Custom Computer Programming Services,secondary,,<$5M,<2,,True
913,Penticton,2020,ALL,All,all,24.876,>=$5M,16,7.0,False
913,Penticton,2020,SECONDARY,Secondary,secondary,24.876,>=$5M,16,7.0,False
913,Penticton,2021,541330,Engineering Services,secondary,19.173,>=$5M,9,9.2,False
913,Penticton,2021,541370,Surveying and Mapping (except Geophysical) Service,secondary,1.47,<$5M,3,3.3,False
913,Penticton,2021,541511,Custom Computer Programming Services,secondary,,<$5M,<2,,True
913,Penticton,2021,ALL,All,all,21.264,>=$5M,13,7.4,False
913,Penticton,2021,SECONDARY,Secondary,secondary,21.264,>=$5M,13,7.4,False
913,Penticton,2022,333310,Commercial and Service Industry Machinery Manufact,primary,,<$5M,<2,,True
913,Penticton,2022,334610,Manufacturing and Reproducing Magnetic and Optical,secondary,,<$5M,<2,,True
913,Penticton,2022,541330,Engineering Services,secondary,24.255,>=$5M,13,8.1,False
913,Penticton,2022,541370,Surveying and Mapping (except Geophysical) Service,secondary,1.617,<$5M,4,2.8,False
913,Penticton,2022,541511,Custom Computer Programming Services,secondary,,<$5M,<2,,True
913,Penticton,2022,ALL,All,all,28.63,>=$5M,20,6.3,False
913,Penticton,2022,PRIMARY,Primary,primary,,<$5M,<2,,True
913,Penticton,2022,SECONDARY,Secondary,secondary,26.695,>=$5M,19,6.4,False
913,Penticton,2023,333310,Commercial and Service Industry Machinery Manufact,primary,,<$5M,<2,,True
913,Penticton,2023,334610,Manufacturing and Reproducing Magnetic and Optical,secondary,,<$5M,<2,,True
913,Penticton,2023,541330,Engineering Services,secondary,24.255,>=$5M,13,8.1,False
913,Penticton,2023,541370,Surveying and Mapping (except Geophysical) Service,secondary,1.617,<$5M,4,2.8,False
913,Penticton,2023,541511,Custom Computer Programming Services,secondary,,<$5M,<2,,True
913,Penticton,2023,ALL,All,all,28.458,>=$5M,20,6.3,False
913,Penticton,2023,PRIMARY,Primary,primary,,<$5M,<2,,True
913,Penticton,2023,SECONDARY,Secondary,secondary,26.523,>=$5M,19,6.4,False
913,Penticton,2024,333310,Commercial and Service Industry Machinery Manufact,primary,,<$5M,<2,,True
913,Penticton,2024,334610,Manufacturing and Reproducing Magnetic and Optical,secondary,,<$5M,<2,,True
913,Penticton,2024,541330,Engineering Services,secondary,36.452,>=$5M,14,13.6,False
913,Penticton,2024,541370,Surveying and Mapping (except Geophysical) Service,secondary,0.789,<$5M,4,2.2,False
913,Penticton,2024,541511,Custom Computer Programming Services,secondary,,<$5M,<2,,True
913,Penticton,2024,ALL,All,all,38.903,>=$5M,21,10.0,False
913,Penticton,2024,PRIMARY,Primary,primary,,<$5M,<2,,True
913,Penticton,2024,SECONDARY,Secondary,secondary,37.963,>=$5M,20,10.2,False
913,Penticton,2025,333310,Commercial and Service Industry Machinery Manufact,primary,,<$5M,<2,,True
913,Penticton,2025,334610,Manufacturing and Reproducing Magnetic and Optical,secondary,,<$5M,<2,,True
913,Penticton,2025,541330,Engineering Services,secondary,37.036,>=$5M,14,13.6,False
913,Penticton,2025,541370,Surveying and Mapping (except Geophysical) Service,secondary,0.888,<$5M,4,2.2,False
913,Penticton,2025,541511,Custom Computer Programming Services,secondary,0.749,<$5M,2,2.5,False
913,Penticton,2025,ALL,All,all,39.886,>=$5M,22,9.6,False
913,Penticton,2025,PRIMARY,Primary,primary,,<$5M,<2,,True
913,Penticton,2025,SECONDARY,Secondary,secondary,38.946,>=$5M,21,9.9,False
516,Petawawa,2019,334511,Search Detection & Navigation Instruments,primary,,<$5M,<2,,True
516,Petawawa,2019,541511,Custom Computer Programming Services,secondary,,<$5M,<2,,True
516,Petawawa,2019,ALL,All,all,2.519,<$5M,2,4.5,False
516,Petawawa,2019,PRIMARY,Primary,primary,,<$5M,<2,,True
516,Petawawa,2019,SECONDARY,Secondary,secondary,,<$5M,<2,,True
516,Petawawa,2020,541511,Custom Computer Programming Services,secondary,,<$5M,<2,,True
516,Petawawa,2020,ALL,All,all,,<$5M,<2,,True
516,Petawawa,2020,SECONDARY,Secondary,secondary,,<$5M,<2,,True
516,Petawawa,2021,541511,Custom Computer Programming Services,secondary,,<$5M,<2,,True
516,Petawawa,2021,ALL,All,all,,<$5M,<2,,True
516,Petawawa,2021,SECONDARY,Secondary,secondary,,<$5M,<2,,True
516,Petawawa,2022,541511,Custom Computer Programming Services,secondary,,<$5M,<2,,True
516,Petawawa,2022,ALL,All,all,,<$5M,<2,,True
516,Petawawa,2022,SECONDARY,Secondary,secondary,,<$5M,<2,,True
516,Petawawa,2023,541511,Custom Computer Programming Services,secondary,,<$5M,<2,,True
516,Petawawa,2023,ALL,All,all,,<$5M,<2,,True
516,Petawawa,2023,SECONDARY,Secondary,secondary,,<$5M,<2,,True
516,Petawawa,2024,541511,Custom Computer Programming Services,secondary,,<$5M,<2,,True
516,Petawawa,2024,ALL,All,all,,<$5M,<2,,True
516,Petawawa,2024,SECONDARY,Secondary,secondary,,<$5M,<2,,True
516,Petawawa,2025,541511,Custom Computer Programming Services,secondary,,<$5M,<2,,True
516,Petawawa,2025,ALL,All,all,,<$5M,<2,,True
516,Petawawa,2025,SECONDARY,Secondary,secondary,,<$5M,<2,,True
529,Peterborough,2017,336612,Boat Building,secondary,0.396,<$5M,2,1.0,False
529,Peterborough,2017,541330,Engineering Services,secondary,45.507,>=$5M,28,7.0,False
529,Peterborough,2017,541370,Surveying & Mapping (except Geophysical) Services,secondary,7.056,>=$5M,9,5.3,False
529,Peterborough,2017,541511,Custom Computer Programming Services,secondary,2.277,<$5M,2,5.5,False
529,Peterborough,2017,ALL,All,all,55.236,>=$5M,41,6.3,False
529,Peterborough,2017,SECONDARY,Secondary,secondary,55.236,>=$5M,41,6.3,False
529,Peterborough,2018,336612,Boat Building,secondary,0.396,<$5M,2,1.0,False
529,Peterborough,2018,541330,Engineering Services,secondary,46.431,>=$5M,28,7.2,False
529,Peterborough,2018,541370,Surveying & Mapping (except Geophysical) Services,secondary,7.056,>=$5M,9,5.3,False
529,Peterborough,2018,541511,Custom Computer Programming Services,secondary,2.277,<$5M,2,5.5,False
529,Peterborough,2018,ALL,All,all,56.16,>=$5M,41,6.4,False
529,Peterborough,2018,SECONDARY,Secondary,secondary,56.16,>=$5M,41,6.4,False
529,Peterborough,2019,336612,Boat Building,secondary,0.396,<$5M,2,1.0,False
529,Peterborough,2019,541330,Engineering Services,secondary,52.206,>=$5M,33,6.8,False
529,Peterborough,2019,541370,Surveying & Mapping (except Geophysical) Services,secondary,7.056,>=$5M,9,5.3,False
529,Peterborough,2019,541511,Custom Computer Programming Services,secondary,3.105,<$5M,3,5.0,False
529,Peterborough,2019,ALL,All,all,62.763,>=$5M,47,6.2,False
529,Peterborough,2019,SECONDARY,Secondary,secondary,62.763,>=$5M,47,6.2,False
529,Peterborough,2020,541330,Engineering Services,secondary,54.516,>=$5M,35,6.7,False
529,Peterborough,2020,541370,Surveying & Mapping (except Geophysical) Services,secondary,6.762,>=$5M,8,5.8,False
529,Peterborough,2020,541511,Custom Computer Programming Services,secondary,3.105,<$5M,3,5.0,False
529,Peterborough,2020,ALL,All,all,64.383,>=$5M,46,6.5,False
529,Peterborough,2020,SECONDARY,Secondary,secondary,64.383,>=$5M,46,6.5,False
529,Peterborough,2021,541330,Engineering Services,secondary,54.516,>=$5M,35,6.7,False
529,Peterborough,2021,541370,Surveying and Mapping (except Geophysical) Service,secondary,6.762,>=$5M,8,5.8,False
529,Peterborough,2021,541511,Custom Computer Programming Services,secondary,3.105,<$5M,3,5.0,False
529,Peterborough,2021,ALL,All,all,64.383,>=$5M,46,6.5,False
529,Peterborough,2021,SECONDARY,Secondary,secondary,64.383,>=$5M,46,6.5,False
529,Peterborough,2022,333310,Commercial and Service Industry Machinery Manufact,primary,,<$5M,<2,,True
529,Peterborough,2022,541330,Engineering Services,secondary,61.111,>=$5M,40,6.1,False
529,Peterborough,2022,541370,Surveying and Mapping (except Geophysical) Service,secondary,7.644,>=$5M,9,5.1,False
529,Peterborough,2022,541511,Custom Computer Programming Services,secondary,3.105,<$5M,3,5.0,False
529,Peterborough,2022,ALL,All,all,73.021,>=$5M,53,5.8,False
529,Peterborough,2022,PRIMARY,Primary,primary,,<$5M,<2,,True
529,Peterborough,2022,SECONDARY,Secondary,secondary,71.86,>=$5M,52,5.8,False
529,Peterborough,2023,333310,Commercial and Service Industry Machinery Manufact,primary,2.611,<$5M,2,6.5,False
529,Peterborough,2023,541330,Engineering Services,secondary,58.588,>=$5M,40,6.1,False
529,Peterborough,2023,541370,Surveying and Mapping (except Geophysical) Service,secondary,6.232,>=$5M,7,6.0,False
529,Peterborough,2023,541511,Custom Computer Programming Services,secondary,2.531,<$5M,3,5.0,False
529,Peterborough,2023,ALL,All,all,69.962,>=$5M,52,6.1,False
529,Peterborough,2023,PRIMARY,Primary,primary,2.611,<$5M,2,6.5,False
529,Peterborough,2023,SECONDARY,Secondary,secondary,67.351,>=$5M,50,6.0,False
529,Peterborough,2024,333310,Commercial and Service Industry Machinery Manufact,primary,2.284,<$5M,2,6.5,False
529,Peterborough,2024,541330,Engineering Services,secondary,94.514,>=$5M,44,10.6,False
529,Peterborough,2024,541370,Surveying and Mapping (except Geophysical) Service,secondary,3.844,<$5M,7,5.1,False
529,Peterborough,2024,541511,Custom Computer Programming Services,secondary,1.946,<$5M,3,4.3,False
529,Peterborough,2024,ALL,All,all,102.588,>=$5M,56,9.5,False
529,Peterborough,2024,PRIMARY,Primary,primary,2.284,<$5M,2,6.5,False
529,Peterborough,2024,SECONDARY,Secondary,secondary,100.304,>=$5M,54,9.6,False
529,Peterborough,2025,333310,Commercial and Service Industry Machinery Manufact,primary,2.284,<$5M,2,6.5,False
529,Peterborough,2025,541330,Engineering Services,secondary,95.682,>=$5M,44,11.2,False
529,Peterborough,2025,541370,Surveying and Mapping (except Geophysical) Service,secondary,3.844,<$5M,7,5.6,False
529,Peterborough,2025,541511,Custom Computer Programming Services,secondary,2.546,<$5M,5,3.4,False
529,Peterborough,2025,ALL,All,all,104.356,>=$5M,58,9.7,False
529,Peterborough,2025,PRIMARY,Primary,primary,2.284,<$5M,2,6.5,False
529,Peterborough,2025,SECONDARY,Secondary,secondary,102.072,>=$5M,56,9.8,False
940,Port Alberni,2017,331110,Iron & Steel Mills & Ferroalloy Manufacturing,secondary,,<$5M,<2,,True
940,Port Alberni,2017,336612,Boat Building,secondary,,<$5M,<2,,True
940,Port Alberni,2017,541330,Engineering Services,secondary,2.541,<$5M,2,5.5,False
940,Port Alberni,2017,541370,Surveying & Mapping (except Geophysical) Services,secondary,,<$5M,<2,,True
940,Port Alberni,2017,ALL,All,all,6.448,>=$5M,5,4.4,False
940,Port Alberni,2017,SECONDARY,Secondary,secondary,6.448,>=$5M,5,4.4,False
940,Port Alberni,2018,331110,Iron & Steel Mills & Ferroalloy Manufacturing,secondary,,<$5M,<2,,True
940,Port Alberni,2018,336612,Boat Building,secondary,,<$5M,<2,,True
940,Port Alberni,2018,541330,Engineering Services,secondary,2.541,<$5M,2,5.5,False
940,Port Alberni,2018,541370,Surveying & Mapping (except Geophysical) Services,secondary,,<$5M,<2,,True
940,Port Alberni,2018,ALL,All,all,6.448,>=$5M,5,4.4,False
940,Port Alberni,2018,SECONDARY,Secondary,secondary,6.448,>=$5M,5,4.4,False
940,Port Alberni,2019,331110,Iron & Steel Mills & Ferroalloy Manufacturing,secondary,,<$5M,<2,,True
940,Port Alberni,2019,336612,Boat Building,secondary,,<$5M,<2,,True
940,Port Alberni,2019,541330,Engineering Services,secondary,2.541,<$5M,2,5.5,False
940,Port Alberni,2019,541370,Surveying & Mapping (except Geophysical) Services,secondary,,<$5M,<2,,True
940,Port Alberni,2019,ALL,All,all,6.448,>=$5M,5,4.4,False
940,Port Alberni,2019,SECONDARY,Secondary,secondary,6.448,>=$5M,5,4.4,False
940,Port Alberni,2020,331110,Iron & Steel Mills & Ferroalloy Manufacturing,secondary,,<$5M,<2,,True
940,Port Alberni,2020,336612,Boat Building,secondary,,<$5M,<2,,True
940,Port Alberni,2020,541330,Engineering Services,secondary,2.541,<$5M,2,5.5,False
940,Port Alberni,2020,541370,Surveying & Mapping (except Geophysical) Services,secondary,,<$5M,<2,,True
940,Port Alberni,2020,ALL,All,all,6.448,>=$5M,5,4.4,False
940,Port Alberni,2020,SECONDARY,Secondary,secondary,6.448,>=$5M,5,4.4,False
940,Port Alberni,2021,541330,Engineering Services,secondary,2.541,<$5M,2,5.5,False
940,Port Alberni,2021,541370,Surveying and Mapping (except Geophysical) Service,secondary,,<$5M,<2,,True
940,Port Alberni,2021,ALL,All,all,2.982,<$5M,3,4.7,False
940,Port Alberni,2021,SECONDARY,Secondary,secondary,2.982,<$5M,3,4.7,False
940,Port Alberni,2022,331110,Iron and Steel Mills and Ferroalloy Manufacturing,secondary,,<$5M,<2,,True
940,Port Alberni,2022,333310,Commercial and Service Industry Machinery Manufact,primary,,<$5M,<2,,True
940,Port Alberni,2022,336612,Boat Building,secondary,,<$5M,<2,,True
940,Port Alberni,2022,541330,Engineering Services,secondary,2.541,<$5M,2,5.5,False
940,Port Alberni,2022,541370,Surveying and Mapping (except Geophysical) Service,secondary,,<$5M,<2,,True
940,Port Alberni,2022,ALL,All,all,13.654,>=$5M,6,6.3,False
940,Port Alberni,2022,PRIMARY,Primary,primary,,<$5M,<2,,True
940,Port Alberni,2022,SECONDARY,Secondary,secondary,8.726,>=$5M,5,4.4,False
940,Port Alberni,2023,331110,Iron and Steel Mills and Ferroalloy Manufacturing,secondary,,<$5M,<2,,True
940,Port Alberni,2023,333310,Commercial and Service Industry Machinery Manufact,primary,,<$5M,<2,,True
940,Port Alberni,2023,336612,Boat Building,secondary,,<$5M,<2,,True
940,Port Alberni,2023,541330,Engineering Services,secondary,2.541,<$5M,2,5.5,False
940,Port Alberni,2023,541370,Surveying and Mapping (except Geophysical) Service,secondary,,<$5M,<2,,True
940,Port Alberni,2023,ALL,All,all,13.509,>=$5M,6,6.3,False
940,Port Alberni,2023,PRIMARY,Primary,primary,,<$5M,<2,,True
940,Port Alberni,2023,SECONDARY,Secondary,secondary,8.581,>=$5M,5,4.4,False
940,Port Alberni,2024,331110,Iron and Steel Mills and Ferroalloy Manufacturing,secondary,,<$5M,<2,,True
940,Port Alberni,2024,333310,Commercial and Service Industry Machinery Manufact,primary,,<$5M,<2,,True
940,Port Alberni,2024,336411,Aircraft Manufacturing,primary,,>=$5M,<2,,True
940,Port Alberni,2024,336612,Boat Building,secondary,,>=$5M,<2,,True
940,Port Alberni,2024,541330,Engineering Services,secondary,2.145,<$5M,2,5.5,False
940,Port Alberni,2024,541370,Surveying and Mapping (except Geophysical) Service,secondary,,<$5M,<2,,True
940,Port Alberni,2024,541511,Custom Computer Programming Services,secondary,,<$5M,<2,,True
940,Port Alberni,2024,ALL,All,all,32.068,>=$5M,8,13.9,False
940,Port Alberni,2024,PRIMARY,Primary,primary,21.549,>=$5M,2,27.5,False
940,Port Alberni,2024,SECONDARY,Secondary,secondary,10.519,>=$5M,6,9.3,False
940,Port Alberni,2025,331110,Iron and Steel Mills and Ferroalloy Manufacturing,secondary,,<$5M,<2,,True
940,Port Alberni,2025,333310,Commercial and Service Industry Machinery Manufact,primary,,<$5M,<2,,True
940,Port Alberni,2025,336411,Aircraft Manufacturing,primary,,>=$5M,<2,,True
940,Port Alberni,2025,336612,Boat Building,secondary,,>=$5M,<2,,True
940,Port Alberni,2025,541330,Engineering Services,secondary,2.145,<$5M,2,5.5,False
940,Port Alberni,2025,541370,Surveying and Mapping (except Geophysical) Service,secondary,,<$5M,<2,,True
940,Port Alberni,2025,541511,Custom Computer Programming Services,secondary,,<$5M,<2,,True
940,Port Alberni,2025,ALL,All,all,32.068,>=$5M,8,13.9,False
940,Port Alberni,2025,PRIMARY,Primary,primary,21.549,>=$5M,2,27.5,False
940,Port Alberni,2025,SECONDARY,Secondary,secondary,10.519,>=$5M,6,9.3,False
528,Port Hope,2017,541330,Engineering Services,secondary,0.693,<$5M,2,1.5,False
528,Port Hope,2017,541370,Surveying & Mapping (except Geophysical) Services,secondary,,<$5M,<2,,True
528,Port Hope,2017,ALL,All,all,1.281,<$5M,3,2.3,False
528,Port Hope,2017,SECONDARY,Secondary,secondary,1.281,<$5M,3,2.3,False
528,Port Hope,2018,541330,Engineering Services,secondary,0.693,<$5M,2,1.5,False
528,Port Hope,2018,541370,Surveying & Mapping (except Geophysical) Services,secondary,,<$5M,<2,,True
528,Port Hope,2018,ALL,All,all,1.281,<$5M,3,2.3,False
528,Port Hope,2018,SECONDARY,Secondary,secondary,1.281,<$5M,3,2.3,False
528,Port Hope,2019,541330,Engineering Services,secondary,2.079,<$5M,3,3.0,False
528,Port Hope,2019,541370,Surveying & Mapping (except Geophysical) Services,secondary,,<$5M,<2,,True
528,Port Hope,2019,ALL,All,all,2.667,<$5M,4,3.2,False
528,Port Hope,2019,SECONDARY,Secondary,secondary,2.667,<$5M,4,3.2,False
528,Port Hope,2020,541330,Engineering Services,secondary,2.079,<$5M,3,3.0,False
528,Port Hope,2020,541370,Surveying & Mapping (except Geophysical) Services,secondary,,<$5M,<2,,True
528,Port Hope,2020,ALL,All,all,2.667,<$5M,4,3.2,False
528,Port Hope,2020,SECONDARY,Secondary,secondary,2.667,<$5M,4,3.2,False
528,Port Hope,2021,541330,Engineering Services,secondary,2.079,<$5M,3,3.0,False
528,Port Hope,2021,541370,Surveying and Mapping (except Geophysical) Service,secondary,,<$5M,<2,,True
528,Port Hope,2021,ALL,All,all,2.667,<$5M,4,3.2,False
528,Port Hope,2021,SECONDARY,Secondary,secondary,2.667,<$5M,4,3.2,False
528,Port Hope,2022,541330,Engineering Services,secondary,4.285,<$5M,5,1.8,False
528,Port Hope,2022,541370,Surveying and Mapping (except Geophysical) Service,secondary,,<$5M,<2,,True
528,Port Hope,2022,ALL,All,all,4.873,<$5M,6,2.2,False
528,Port Hope,2022,SECONDARY,Secondary,secondary,4.873,<$5M,6,2.2,False
528,Port Hope,2023,541330,Engineering Services,secondary,4.249,<$5M,5,1.8,False
528,Port Hope,2023,541370,Surveying and Mapping (except Geophysical) Service,secondary,,<$5M,<2,,True
528,Port Hope,2023,ALL,All,all,4.837,<$5M,6,2.2,False
528,Port Hope,2023,SECONDARY,Secondary,secondary,4.837,<$5M,6,2.2,False
528,Port Hope,2024,541330,Engineering Services,secondary,8.74,>=$5M,4,11.5,False
528,Port Hope,2024,541370,Surveying and Mapping (except Geophysical) Service,secondary,,<$5M,<2,,True
528,Port Hope,2024,ALL,All,all,9.134,>=$5M,5,10.0,False
528,Port Hope,2024,SECONDARY,Secondary,secondary,9.134,>=$5M,5,10.0,False
528,Port Hope,2025,541330,Engineering Services,secondary,8.74,>=$5M,4,11.5,False
528,Port Hope,2025,541370,Surveying and Mapping (except Geophysical) Service,secondary,,<$5M,<2,,True
528,Port Hope,2025,ALL,All,all,9.134,>=$5M,5,10.0,False
528,Port Hope,2025,SECONDARY,Secondary,secondary,9.134,>=$5M,5,10.0,False
607,Portage la Prairie,2017,333314,Optical Instrument & Lens Manufacturing,secondary,,<$5M,<2,,True
607,Portage la Prairie,2017,541330,Engineering Services,secondary,5.082,>=$5M,2,11.0,False
607,Portage la Prairie,2017,541370,Surveying & Mapping (except Geophysical) Services,secondary,,<$5M,<2,,True
607,Portage la Prairie,2017,541511,Custom Computer Programming Services,secondary,,<$5M,<2,,True
607,Portage la Prairie,2017,ALL,All,all,10.916,>=$5M,5,9.6,False
607,Portage la Prairie,2017,SECONDARY,Secondary,secondary,10.916,>=$5M,5,9.6,False
607,Portage la Prairie,2018,333314,Optical Instrument & Lens Manufacturing,secondary,,<$5M,<2,,True
607,Portage la Prairie,2018,541330,Engineering Services,secondary,5.082,>=$5M,2,11.0,False
607,Portage la Prairie,2018,541370,Surveying & Mapping (except Geophysical) Services,secondary,,<$5M,<2,,True
607,Portage la Prairie,2018,541511,Custom Computer Programming Services,secondary,,<$5M,<2,,True
607,Portage la Prairie,2018,ALL,All,all,10.916,>=$5M,5,9.6,False
607,Portage la Prairie,2018,SECONDARY,Secondary,secondary,10.916,>=$5M,5,9.6,False
607,Portage la Prairie,2019,333314,Optical Instrument & Lens Manufacturing,secondary,,<$5M,<2,,True
607,Portage la Prairie,2019,541330,Engineering Services,secondary,5.082,>=$5M,2,11.0,False
607,Portage la Prairie,2019,541370,Surveying & Mapping (except Geophysical) Services,secondary,,<$5M,<2,,True
607,Portage la Prairie,2019,541511,Custom Computer Programming Services,secondary,,<$5M,<2,,True
607,Portage la Prairie,2019,ALL,All,all,10.916,>=$5M,5,9.6,False
607,Portage la Prairie,2019,SECONDARY,Secondary,secondary,10.916,>=$5M,5,9.6,False
607,Portage la Prairie,2020,333314,Optical Instrument & Lens Manufacturing,secondary,,<$5M,<2,,True
607,Portage la Prairie,2020,541330,Engineering Services,secondary,5.082,>=$5M,2,11.0,False
607,Portage la Prairie,2020,541370,Surveying & Mapping (except Geophysical) Services,secondary,,<$5M,<2,,True
607,Portage la Prairie,2020,541511,Custom Computer Programming Services,secondary,,<$5M,<2,,True
607,Portage la Prairie,2020,ALL,All,all,10.916,>=$5M,5,9.6,False
607,Portage la Prairie,2020,SECONDARY,Secondary,secondary,10.916,>=$5M,5,9.6,False
607,Portage la Prairie,2021,333314,Optical Instrument and Lens Manufacturing,secondary,,<$5M,<2,,True
607,Portage la Prairie,2021,541330,Engineering Services,secondary,5.082,>=$5M,2,11.0,False
607,Portage la Prairie,2021,541370,Surveying and Mapping (except Geophysical) Service,secondary,,<$5M,<2,,True
607,Portage la Prairie,2021,541511,Custom Computer Programming Services,secondary,,<$5M,<2,,True
607,Portage la Prairie,2021,ALL,All,all,10.916,>=$5M,5,9.6,False
607,Portage la Prairie,2021,SECONDARY,Secondary,secondary,10.916,>=$5M,5,9.6,False
607,Portage la Prairie,2022,333310,Commercial and Service Industry Machinery Manufact,primary,,<$5M,<2,,True
607,Portage la Prairie,2022,541330,Engineering Services,secondary,5.082,>=$5M,2,11.0,False
607,Portage la Prairie,2022,541370,Surveying and Mapping (except Geophysical) Service,secondary,,<$5M,<2,,True
607,Portage la Prairie,2022,541511,Custom Computer Programming Services,secondary,,<$5M,<2,,True
607,Portage la Prairie,2022,ALL,All,all,10.916,>=$5M,5,9.6,False
607,Portage la Prairie,2022,PRIMARY,Primary,primary,,<$5M,<2,,True
607,Portage la Prairie,2022,SECONDARY,Secondary,secondary,8.628,>=$5M,4,10.0,False
607,Portage la Prairie,2023,333310,Commercial and Service Industry Machinery Manufact,primary,,<$5M,<2,,True
607,Portage la Prairie,2023,541330,Engineering Services,secondary,4.722,<$5M,2,11.0,False
607,Portage la Prairie,2023,541370,Surveying and Mapping (except Geophysical) Service,secondary,,<$5M,<2,,True
607,Portage la Prairie,2023,541511,Custom Computer Programming Services,secondary,,<$5M,<2,,True
607,Portage la Prairie,2023,ALL,All,all,9.695,>=$5M,5,9.6,False
607,Portage la Prairie,2023,PRIMARY,Primary,primary,,<$5M,<2,,True
607,Portage la Prairie,2023,SECONDARY,Secondary,secondary,7.407,>=$5M,4,10.0,False
607,Portage la Prairie,2024,333310,Commercial and Service Industry Machinery Manufact,primary,,<$5M,<2,,True
607,Portage la Prairie,2024,541330,Engineering Services,secondary,4.289,<$5M,2,11.0,False
607,Portage la Prairie,2024,541370,Surveying and Mapping (except Geophysical) Service,secondary,,<$5M,<2,,True
607,Portage la Prairie,2024,541511,Custom Computer Programming Services,secondary,,<$5M,<2,,True
607,Portage la Prairie,2024,ALL,All,all,8.609,>=$5M,5,9.6,False
607,Portage la Prairie,2024,PRIMARY,Primary,primary,,<$5M,<2,,True
607,Portage la Prairie,2024,SECONDARY,Secondary,secondary,6.829,>=$5M,4,10.0,False
607,Portage la Prairie,2025,333310,Commercial and Service Industry Machinery Manufact,primary,,<$5M,<2,,True
607,Portage la Prairie,2025,541330,Engineering Services,secondary,4.289,<$5M,2,11.0,False
607,Portage la Prairie,2025,541370,Surveying and Mapping (except Geophysical) Service,secondary,,<$5M,<2,,True
607,Portage la Prairie,2025,541511,Custom Computer Programming Services,secondary,,<$5M,<2,,True
607,Portage la Prairie,2025,ALL,All,all,8.609,>=$5M,5,9.6,False
607,Portage la Prairie,2025,PRIMARY,Primary,primary,,<$5M,<2,,True
607,Portage la Prairie,2025,SECONDARY,Secondary,secondary,6.829,>=$5M,4,10.0,False
945,Powell River,2017,336611,Ship Building & Repairing,secondary,,<$5M,<2,,True
945,Powell River,2017,541330,Engineering Services,secondary,1.155,<$5M,2,2.5,False
945,Powell River,2017,541370,Surveying & Mapping (except Geophysical) Services,secondary,1.176,<$5M,2,4.0,False
945,Powell River,2017,ALL,All,all,5.661,>=$5M,5,5.6,False
945,Powell River,2017,SECONDARY,Secondary,secondary,5.661,>=$5M,5,5.6,False
945,Powell River,2018,336611,Ship Building & Repairing,secondary,,<$5M,<2,,True
945,Powell River,2018,541330,Engineering Services,secondary,2.772,<$5M,3,4.0,False
945,Powell River,2018,541370,Surveying & Mapping (except Geophysical) Services,secondary,1.176,<$5M,2,4.0,False
945,Powell River,2018,ALL,All,all,7.278,>=$5M,6,5.8,False
945,Powell River,2018,SECONDARY,Secondary,secondary,7.278,>=$5M,6,5.8,False
945,Powell River,2019,336611,Ship Building & Repairing,secondary,,<$5M,<2,,True
945,Powell River,2019,541330,Engineering Services,secondary,2.772,<$5M,3,4.0,False
945,Powell River,2019,541370,Surveying & Mapping (except Geophysical) Services,secondary,1.176,<$5M,2,4.0,False
945,Powell River,2019,ALL,All,all,7.278,>=$5M,6,5.8,False
945,Powell River,2019,SECONDARY,Secondary,secondary,7.278,>=$5M,6,5.8,False
945,Powell River,2020,336611,Ship Building & Repairing,secondary,,<$5M,<2,,True
945,Powell River,2020,541330,Engineering Services,secondary,2.772,<$5M,3,4.0,False
945,Powell River,2020,541370,Surveying & Mapping (except Geophysical) Services,secondary,1.176,<$5M,2,4.0,False
945,Powell River,2020,ALL,All,all,7.278,>=$5M,6,5.8,False
945,Powell River,2020,SECONDARY,Secondary,secondary,7.278,>=$5M,6,5.8,False
945,Powell River,2021,336611,Ship Building and Repairing,secondary,,<$5M,<2,,True
945,Powell River,2021,541330,Engineering Services,secondary,2.772,<$5M,3,4.0,False
945,Powell River,2021,541370,Surveying and Mapping (except Geophysical) Service,secondary,1.176,<$5M,2,4.0,False
945,Powell River,2021,ALL,All,all,7.278,>=$5M,6,5.8,False
945,Powell River,2021,SECONDARY,Secondary,secondary,7.278,>=$5M,6,5.8,False
945,Powell River,2022,333310,Commercial and Service Industry Machinery Manufact,primary,,>=$5M,<2,,True
945,Powell River,2022,336611,Ship Building and Repairing,secondary,,<$5M,<2,,True
945,Powell River,2022,541330,Engineering Services,secondary,2.772,<$5M,3,4.0,False
945,Powell River,2022,541370,Surveying and Mapping (except Geophysical) Service,secondary,1.176,<$5M,2,4.0,False
945,Powell River,2022,ALL,All,all,13.438,>=$5M,7,7.9,False
945,Powell River,2022,PRIMARY,Primary,primary,,>=$5M,<2,,True
945,Powell River,2022,SECONDARY,Secondary,secondary,7.278,>=$5M,6,5.8,False
945,Powell River,2023,333310,Commercial and Service Industry Machinery Manufact,primary,,>=$5M,<2,,True
945,Powell River,2023,336611,Ship Building and Repairing,secondary,,<$5M,<2,,True
945,Powell River,2023,541330,Engineering Services,secondary,2.772,<$5M,3,4.0,False
945,Powell River,2023,541370,Surveying and Mapping (except Geophysical) Service,secondary,1.176,<$5M,2,4.0,False
945,Powell River,2023,ALL,All,all,13.438,>=$5M,7,7.9,False
945,Powell River,2023,PRIMARY,Primary,primary,,>=$5M,<2,,True
945,Powell River,2023,SECONDARY,Secondary,secondary,7.278,>=$5M,6,5.8,False
945,Powell River,2024,331110,Iron and Steel Mills and Ferroalloy Manufacturing,secondary,,>=$5M,<2,,True
945,Powell River,2024,333310,Commercial and Service Industry Machinery Manufact,primary,,<$5M,<2,,True
945,Powell River,2024,336611,Ship Building and Repairing,secondary,,<$5M,<2,,True
945,Powell River,2024,541330,Engineering Services,secondary,12.476,>=$5M,5,10.2,False
945,Powell River,2024,541370,Surveying and Mapping (except Geophysical) Service,secondary,0.788,<$5M,2,4.0,False
945,Powell River,2024,ALL,All,all,41.278,>=$5M,10,12.2,False
945,Powell River,2024,PRIMARY,Primary,primary,,<$5M,<2,,True
945,Powell River,2024,SECONDARY,Secondary,secondary,38.698,>=$5M,9,11.9,False
945,Powell River,2025,331110,Iron and Steel Mills and Ferroalloy Manufacturing,secondary,,>=$5M,<2,,True
945,Powell River,2025,333310,Commercial and Service Industry Machinery Manufact,primary,,<$5M,<2,,True
945,Powell River,2025,336611,Ship Building and Repairing,secondary,,<$5M,<2,,True
945,Powell River,2025,541330,Engineering Services,secondary,9.942,>=$5M,5,10.2,False
945,Powell River,2025,541370,Surveying and Mapping (except Geophysical) Service,secondary,0.788,<$5M,2,4.0,False
945,Powell River,2025,ALL,All,all,38.744,>=$5M,10,12.2,False
945,Powell River,2025,PRIMARY,Primary,primary,,<$5M,<2,,True
945,Powell River,2025,SECONDARY,Secondary,secondary,36.164,>=$5M,9,11.9,False
745,Prince Albert,2017,331110,Iron & Steel Mills & Ferroalloy Manufacturing,secondary,,<$5M,<2,,True
745,Prince Albert,2017,541330,Engineering Services,secondary,19.866,>=$5M,7,12.3,False
745,Prince Albert,2017,541370,Surveying & Mapping (except Geophysical) Services,secondary,2.205,<$5M,3,5.0,False
745,Prince Albert,2017,ALL,All,all,23.21,>=$5M,11,9.3,False
745,Prince Albert,2017,SECONDARY,Secondary,secondary,23.21,>=$5M,11,9.3,False
745,Prince Albert,2018,331110,Iron & Steel Mills & Ferroalloy Manufacturing,secondary,,<$5M,<2,,True
745,Prince Albert,2018,541330,Engineering Services,secondary,21.714,>=$5M,8,11.8,False
745,Prince Albert,2018,541370,Surveying & Mapping (except Geophysical) Services,secondary,2.205,<$5M,3,5.0,False
745,Prince Albert,2018,ALL,All,all,25.058,>=$5M,12,9.2,False
745,Prince Albert,2018,SECONDARY,Secondary,secondary,25.058,>=$5M,12,9.2,False
745,Prince Albert,2019,331110,Iron & Steel Mills & Ferroalloy Manufacturing,secondary,,<$5M,<2,,True
745,Prince Albert,2019,541330,Engineering Services,secondary,28.875,>=$5M,10,12.5,False
745,Prince Albert,2019,541370,Surveying & Mapping (except Geophysical) Services,secondary,2.205,<$5M,3,5.0,False
745,Prince Albert,2019,ALL,All,all,32.219,>=$5M,14,10.1,False
745,Prince Albert,2019,SECONDARY,Secondary,secondary,32.219,>=$5M,14,10.1,False
745,Prince Albert,2020,331110,Iron & Steel Mills & Ferroalloy Manufacturing,secondary,,<$5M,<2,,True
745,Prince Albert,2020,541330,Engineering Services,secondary,28.875,>=$5M,10,12.5,False
745,Prince Albert,2020,541370,Surveying & Mapping (except Geophysical) Services,secondary,2.205,<$5M,3,5.0,False
745,Prince Albert,2020,ALL,All,all,32.219,>=$5M,14,10.1,False
745,Prince Albert,2020,SECONDARY,Secondary,secondary,32.219,>=$5M,14,10.1,False
745,Prince Albert,2021,331110,Iron and Steel Mills and Ferroalloy Manufacturing,secondary,,<$5M,<2,,True
745,Prince Albert,2021,541330,Engineering Services,secondary,27.027,>=$5M,9,13.0,False
745,Prince Albert,2021,541370,Surveying and Mapping (except Geophysical) Service,secondary,2.205,<$5M,3,5.0,False
745,Prince Albert,2021,ALL,All,all,30.371,>=$5M,13,10.2,False
745,Prince Albert,2021,SECONDARY,Secondary,secondary,30.371,>=$5M,13,10.2,False
745,Prince Albert,2022,331110,Iron and Steel Mills and Ferroalloy Manufacturing,secondary,,<$5M,<2,,True
745,Prince Albert,2022,333310,Commercial and Service Industry Machinery Manufact,primary,,<$5M,<2,,True
745,Prince Albert,2022,541330,Engineering Services,secondary,28.875,>=$5M,10,12.1,False
745,Prince Albert,2022,541370,Surveying and Mapping (except Geophysical) Service,secondary,2.205,<$5M,3,5.0,False
745,Prince Albert,2022,ALL,All,all,32.606,>=$5M,15,9.2,False
745,Prince Albert,2022,PRIMARY,Primary,primary,,<$5M,<2,,True
745,Prince Albert,2022,SECONDARY,Secondary,secondary,32.219,>=$5M,14,9.8,False
745,Prince Albert,2023,331110,Iron and Steel Mills and Ferroalloy Manufacturing,secondary,,<$5M,<2,,True
745,Prince Albert,2023,333310,Commercial and Service Industry Machinery Manufact,primary,,<$5M,<2,,True
745,Prince Albert,2023,541330,Engineering Services,secondary,21.252,>=$5M,8,11.5,False
745,Prince Albert,2023,541370,Surveying and Mapping (except Geophysical) Service,secondary,2.205,<$5M,3,5.0,False
745,Prince Albert,2023,ALL,All,all,24.784,>=$5M,13,8.4,False
745,Prince Albert,2023,PRIMARY,Primary,primary,,<$5M,<2,,True
745,Prince Albert,2023,SECONDARY,Secondary,secondary,24.596,>=$5M,12,9.0,False
745,Prince Albert,2024,333310,Commercial and Service Industry Machinery Manufact,primary,,<$5M,<2,,True
745,Prince Albert,2024,541330,Engineering Services,secondary,26.511,>=$5M,7,19.4,False
745,Prince Albert,2024,541370,Surveying and Mapping (except Geophysical) Service,secondary,1.379,<$5M,3,4.3,False
745,Prince Albert,2024,ALL,All,all,28.078,>=$5M,11,13.6,False
745,Prince Albert,2024,PRIMARY,Primary,primary,,<$5M,<2,,True
745,Prince Albert,2024,SECONDARY,Secondary,secondary,27.89,>=$5M,10,14.9,False
745,Prince Albert,2025,333310,Commercial and Service Industry Machinery Manufact,primary,,<$5M,<2,,True
745,Prince Albert,2025,541330,Engineering Services,secondary,26.705,>=$5M,7,19.6,False
745,Prince Albert,2025,541370,Surveying and Mapping (except Geophysical) Service,secondary,1.379,<$5M,3,4.7,False
745,Prince Albert,2025,ALL,All,all,28.272,>=$5M,11,13.8,False
745,Prince Albert,2025,PRIMARY,Primary,primary,,<$5M,<2,,True
745,Prince Albert,2025,SECONDARY,Secondary,secondary,28.084,>=$5M,10,15.1,False
970,Prince George,2017,336611,Ship Building & Repairing,secondary,,<$5M,<2,,True
970,Prince George,2017,336612,Boat Building,secondary,4.554,<$5M,4,5.8,False
970,Prince George,2017,541330,Engineering Services,secondary,91.737,>=$5M,38,10.5,False
970,Prince George,2017,541370,Surveying & Mapping (except Geophysical) Services,secondary,3.969,<$5M,5,5.4,False
970,Prince George,2017,541511,Custom Computer Programming Services,secondary,3.726,<$5M,4,4.5,False
970,Prince George,2017,ALL,All,all,104.208,>=$5M,52,9.0,False
970,Prince George,2017,SECONDARY,Secondary,secondary,104.208,>=$5M,52,9.0,False
970,Prince George,2018,336611,Ship Building & Repairing,secondary,,<$5M,<2,,True
970,Prince George,2018,336612,Boat Building,secondary,4.554,<$5M,4,5.8,False
970,Prince George,2018,541330,Engineering Services,secondary,117.378,>=$5M,43,11.8,False
970,Prince George,2018,541370,Surveying & Mapping (except Geophysical) Services,secondary,3.969,<$5M,5,5.4,False
970,Prince George,2018,541511,Custom Computer Programming Services,secondary,4.14,<$5M,5,4.0,False
970,Prince George,2018,ALL,All,all,130.263,>=$5M,58,10.0,False
970,Prince George,2018,SECONDARY,Secondary,secondary,130.263,>=$5M,58,10.0,False
970,Prince George,2019,336611,Ship Building & Repairing,secondary,,<$5M,<2,,True
970,Prince George,2019,336612,Boat Building,secondary,4.554,<$5M,4,5.8,False
970,Prince George,2019,541330,Engineering Services,secondary,120.15,>=$5M,44,11.8,False
970,Prince George,2019,541370,Surveying & Mapping (except Geophysical) Services,secondary,4.704,<$5M,5,6.4,False
970,Prince George,2019,541511,Custom Computer Programming Services,secondary,4.14,<$5M,5,4.0,False
970,Prince George,2019,ALL,All,all,133.77,>=$5M,59,10.1,False
970,Prince George,2019,SECONDARY,Secondary,secondary,133.77,>=$5M,59,10.1,False
970,Prince George,2020,336611,Ship Building & Repairing,secondary,,<$5M,<2,,True
970,Prince George,2020,336612,Boat Building,secondary,4.554,<$5M,4,5.8,False
970,Prince George,2020,541330,Engineering Services,secondary,99.822,>=$5M,42,10.3,False
970,Prince George,2020,541370,Surveying & Mapping (except Geophysical) Services,secondary,6.174,>=$5M,6,7.0,False
970,Prince George,2020,541511,Custom Computer Programming Services,secondary,4.14,<$5M,5,4.0,False
970,Prince George,2020,ALL,All,all,114.912,>=$5M,58,8.9,False
970,Prince George,2020,SECONDARY,Secondary,secondary,114.912,>=$5M,58,8.9,False
970,Prince George,2021,336611,Ship Building and Repairing,secondary,,<$5M,<2,,True
970,Prince George,2021,336612,Boat Building,secondary,4.554,<$5M,4,5.8,False
970,Prince George,2021,541330,Engineering Services,secondary,92.892,>=$5M,40,10.1,False
970,Prince George,2021,541370,Surveying and Mapping (except Geophysical) Service,secondary,6.174,>=$5M,6,7.0,False
970,Prince George,2021,541511,Custom Computer Programming Services,secondary,4.14,<$5M,5,4.0,False
970,Prince George,2021,ALL,All,all,107.982,>=$5M,56,8.7,False
970,Prince George,2021,SECONDARY,Secondary,secondary,107.982,>=$5M,56,8.7,False
970,Prince George,2022,333310,Commercial and Service Industry Machinery Manufact,primary,4.867,<$5M,4,3.2,False
970,Prince George,2022,336611,Ship Building and Repairing,secondary,,<$5M,<2,,True
970,Prince George,2022,336612,Boat Building,secondary,4.554,<$5M,4,5.8,False
970,Prince George,2022,541330,Engineering Services,secondary,76.491,>=$5M,39,8.4,False
970,Prince George,2022,541370,Surveying and Mapping (except Geophysical) Service,secondary,6.174,>=$5M,6,7.0,False
970,Prince George,2022,541511,Custom Computer Programming Services,secondary,5.175,>=$5M,6,4.2,False
970,Prince George,2022,ALL,All,all,97.483,>=$5M,60,7.2,False
970,Prince George,2022,PRIMARY,Primary,primary,4.867,<$5M,4,3.2,False
970,Prince George,2022,SECONDARY,Secondary,secondary,92.616,>=$5M,56,7.5,False
970,Prince George,2023,333310,Commercial and Service Industry Machinery Manufact,primary,3.677,<$5M,4,3.2,False
970,Prince George,2023,336611,Ship Building and Repairing,secondary,,<$5M,<2,,True
970,Prince George,2023,336612,Boat Building,secondary,4.554,<$5M,4,5.8,False
970,Prince George,2023,541330,Engineering Services,secondary,73.752,>=$5M,39,8.4,False
970,Prince George,2023,541370,Surveying and Mapping (except Geophysical) Service,secondary,6.909,>=$5M,7,6.1,False
970,Prince George,2023,541511,Custom Computer Programming Services,secondary,5.175,>=$5M,6,4.2,False
970,Prince George,2023,ALL,All,all,94.289,>=$5M,61,7.1,False
970,Prince George,2023,PRIMARY,Primary,primary,3.677,<$5M,4,3.2,False
970,Prince George,2023,SECONDARY,Secondary,secondary,90.612,>=$5M,57,7.4,False
970,Prince George,2024,333310,Commercial and Service Industry Machinery Manufact,primary,1.47,<$5M,3,2.7,False
970,Prince George,2024,336611,Ship Building and Repairing,secondary,,<$5M,<2,,True
970,Prince George,2024,336612,Boat Building,secondary,3.328,<$5M,4,5.8,False
970,Prince George,2024,541330,Engineering Services,secondary,79.311,>=$5M,41,10.0,False
970,Prince George,2024,541370,Surveying and Mapping (except Geophysical) Service,secondary,3.056,<$5M,9,3.4,False
970,Prince George,2024,541511,Custom Computer Programming Services,secondary,2.846,<$5M,6,3.2,False
970,Prince George,2024,ALL,All,all,90.29,>=$5M,64,7.7,False
970,Prince George,2024,PRIMARY,Primary,primary,1.47,<$5M,3,2.7,False
970,Prince George,2024,SECONDARY,Secondary,secondary,88.82,>=$5M,61,7.9,False
970,Prince George,2025,333310,Commercial and Service Industry Machinery Manufact,primary,1.47,<$5M,3,2.7,False
970,Prince George,2025,336611,Ship Building and Repairing,secondary,,<$5M,<2,,True
970,Prince George,2025,336612,Boat Building,secondary,3.184,<$5M,4,5.5,False
970,Prince George,2025,541330,Engineering Services,secondary,81.261,>=$5M,42,10.0,False
970,Prince George,2025,541370,Surveying and Mapping (except Geophysical) Service,secondary,3.254,<$5M,9,3.7,False
970,Prince George,2025,541511,Custom Computer Programming Services,secondary,2.846,<$5M,6,3.2,False
970,Prince George,2025,ALL,All,all,92.294,>=$5M,65,7.7,False
970,Prince George,2025,PRIMARY,Primary,primary,1.47,<$5M,3,2.7,False
970,Prince George,2025,SECONDARY,Secondary,secondary,90.824,>=$5M,62,8.0,False
955,Prince Rupert,2017,336611,Ship Building & Repairing,secondary,5.55,>=$5M,2,12.5,False
955,Prince Rupert,2017,541330,Engineering Services,secondary,5.313,>=$5M,6,3.8,False
955,Prince Rupert,2017,541511,Custom Computer Programming Services,secondary,,<$5M,<2,,True
955,Prince Rupert,2017,ALL,All,all,11.07,>=$5M,9,5.4,False
955,Prince Rupert,2017,SECONDARY,Secondary,secondary,11.07,>=$5M,9,5.4,False
955,Prince Rupert,2018,336611,Ship Building & Repairing,secondary,5.55,>=$5M,2,12.5,False
955,Prince Rupert,2018,541330,Engineering Services,secondary,5.313,>=$5M,6,3.8,False
955,Prince Rupert,2018,541511,Custom Computer Programming Services,secondary,,<$5M,<2,,True
955,Prince Rupert,2018,ALL,All,all,11.07,>=$5M,9,5.4,False
955,Prince Rupert,2018,SECONDARY,Secondary,secondary,11.07,>=$5M,9,5.4,False
955,Prince Rupert,2019,336611,Ship Building & Repairing,secondary,5.55,>=$5M,2,12.5,False
955,Prince Rupert,2019,541330,Engineering Services,secondary,6.237,>=$5M,8,3.4,False
955,Prince Rupert,2019,541511,Custom Computer Programming Services,secondary,,<$5M,<2,,True
955,Prince Rupert,2019,ALL,All,all,11.994,>=$5M,11,4.8,False
955,Prince Rupert,2019,SECONDARY,Secondary,secondary,11.994,>=$5M,11,4.8,False
955,Prince Rupert,2020,336611,Ship Building & Repairing,secondary,,<$5M,<2,,True
955,Prince Rupert,2020,541330,Engineering Services,secondary,5.775,>=$5M,7,3.6,False
955,Prince Rupert,2020,541511,Custom Computer Programming Services,secondary,,<$5M,<2,,True
955,Prince Rupert,2020,ALL,All,all,8.202,>=$5M,9,4.0,False
955,Prince Rupert,2020,SECONDARY,Secondary,secondary,8.202,>=$5M,9,4.0,False
955,Prince Rupert,2021,336611,Ship Building and Repairing,secondary,,<$5M,<2,,True
955,Prince Rupert,2021,541330,Engineering Services,secondary,6.237,>=$5M,8,3.4,False
955,Prince Rupert,2021,541511,Custom Computer Programming Services,secondary,,<$5M,<2,,True
955,Prince Rupert,2021,ALL,All,all,7.554,>=$5M,10,3.3,False
955,Prince Rupert,2021,SECONDARY,Secondary,secondary,7.554,>=$5M,10,3.3,False
955,Prince Rupert,2022,333310,Commercial and Service Industry Machinery Manufact,primary,,<$5M,<2,,True
955,Prince Rupert,2022,336611,Ship Building and Repairing,secondary,,<$5M,<2,,True
955,Prince Rupert,2022,541330,Engineering Services,secondary,6.237,>=$5M,8,3.4,False
955,Prince Rupert,2022,541511,Custom Computer Programming Services,secondary,,<$5M,<2,,True
955,Prince Rupert,2022,ALL,All,all,10.942,>=$5M,11,4.0,False
955,Prince Rupert,2022,PRIMARY,Primary,primary,,<$5M,<2,,True
955,Prince Rupert,2022,SECONDARY,Secondary,secondary,7.554,>=$5M,10,3.3,False
955,Prince Rupert,2023,333310,Commercial and Service Industry Machinery Manufact,primary,,<$5M,<2,,True
955,Prince Rupert,2023,336611,Ship Building and Repairing,secondary,5.283,>=$5M,2,10.0,False
955,Prince Rupert,2023,541330,Engineering Services,secondary,5.205,>=$5M,6,3.8,False
955,Prince Rupert,2023,541511,Custom Computer Programming Services,secondary,,<$5M,<2,,True
955,Prince Rupert,2023,ALL,All,all,12.587,>=$5M,10,5.5,False
955,Prince Rupert,2023,PRIMARY,Primary,primary,,<$5M,<2,,True
955,Prince Rupert,2023,SECONDARY,Secondary,secondary,10.695,>=$5M,9,4.9,False
955,Prince Rupert,2024,333310,Commercial and Service Industry Machinery Manufact,primary,,<$5M,<2,,True
955,Prince Rupert,2024,336611,Ship Building and Repairing,secondary,5.564,>=$5M,2,10.0,False
955,Prince Rupert,2024,541330,Engineering Services,secondary,14.231,>=$5M,6,12.2,False
955,Prince Rupert,2024,ALL,All,all,21.687,>=$5M,9,11.6,False
955,Prince Rupert,2024,PRIMARY,Primary,primary,,<$5M,<2,,True
955,Prince Rupert,2024,SECONDARY,Secondary,secondary,19.795,>=$5M,8,11.6,False
955,Prince Rupert,2025,333310,Commercial and Service Industry Machinery Manufact,primary,,<$5M,<2,,True
955,Prince Rupert,2025,336611,Ship Building and Repairing,secondary,5.564,>=$5M,2,10.0,False
955,Prince Rupert,2025,541330,Engineering Services,secondary,15.985,>=$5M,6,13.7,False
955,Prince Rupert,2025,ALL,All,all,23.441,>=$5M,9,12.6,False
955,Prince Rupert,2025,PRIMARY,Primary,primary,,<$5M,<2,,True
955,Prince Rupert,2025,SECONDARY,Secondary,secondary,21.549,>=$5M,8,12.8,False
952,Quesnel,2017,541330,Engineering Services,secondary,,<$5M,<2,,True
952,Quesnel,2017,541370,Surveying & Mapping (except Geophysical) Services,secondary,1.617,<$5M,2,5.5,False
952,Quesnel,2017,ALL,All,all,2.31,<$5M,3,4.7,False
952,Quesnel,2017,SECONDARY,Secondary,secondary,2.31,<$5M,3,4.7,False
952,Quesnel,2018,541330,Engineering Services,secondary,,<$5M,<2,,True
952,Quesnel,2018,541370,Surveying & Mapping (except Geophysical) Services,secondary,1.617,<$5M,2,5.5,False
952,Quesnel,2018,ALL,All,all,2.31,<$5M,3,4.7,False
952,Quesnel,2018,SECONDARY,Secondary,secondary,2.31,<$5M,3,4.7,False
952,Quesnel,2019,541330,Engineering Services,secondary,,<$5M,<2,,True
952,Quesnel,2019,541370,Surveying & Mapping (except Geophysical) Services,secondary,1.617,<$5M,2,5.5,False
952,Quesnel,2019,ALL,All,all,2.31,<$5M,3,4.7,False
952,Quesnel,2019,SECONDARY,Secondary,secondary,2.31,<$5M,3,4.7,False
952,Quesnel,2020,541330,Engineering Services,secondary,,<$5M,<2,,True
952,Quesnel,2020,541370,Surveying & Mapping (except Geophysical) Services,secondary,1.617,<$5M,2,5.5,False
952,Quesnel,2020,ALL,All,all,2.31,<$5M,3,4.7,False
952,Quesnel,2020,SECONDARY,Secondary,secondary,2.31,<$5M,3,4.7,False
952,Quesnel,2021,541330,Engineering Services,secondary,,<$5M,<2,,True
952,Quesnel,2021,541370,Surveying and Mapping (except Geophysical) Service,secondary,1.617,<$5M,2,5.5,False
952,Quesnel,2021,ALL,All,all,2.31,<$5M,3,4.7,False
952,Quesnel,2021,SECONDARY,Secondary,secondary,2.31,<$5M,3,4.7,False
952,Quesnel,2022,333310,Commercial and Service Industry Machinery Manufact,primary,,<$5M,<2,,True
952,Quesnel,2022,541330,Engineering Services,secondary,,<$5M,<2,,True
952,Quesnel,2022,541370,Surveying and Mapping (except Geophysical) Service,secondary,1.617,<$5M,2,5.5,False
952,Quesnel,2022,ALL,All,all,3.542,<$5M,4,4.5,False
952,Quesnel,2022,PRIMARY,Primary,primary,,<$5M,<2,,True
952,Quesnel,2022,SECONDARY,Secondary,secondary,2.31,<$5M,3,4.7,False
952,Quesnel,2023,333310,Commercial and Service Industry Machinery Manufact,primary,,<$5M,<2,,True
952,Quesnel,2023,541330,Engineering Services,secondary,,<$5M,<2,,True
952,Quesnel,2023,541370,Surveying and Mapping (except Geophysical) Service,secondary,1.617,<$5M,2,5.5,False
952,Quesnel,2023,ALL,All,all,3.542,<$5M,4,4.5,False
952,Quesnel,2023,PRIMARY,Primary,primary,,<$5M,<2,,True
952,Quesnel,2023,SECONDARY,Secondary,secondary,2.31,<$5M,3,4.7,False
952,Quesnel,2024,541330,Engineering Services,secondary,4.484,<$5M,2,11.5,False
952,Quesnel,2024,541370,Surveying and Mapping (except Geophysical) Service,secondary,0.788,<$5M,2,4.0,False
952,Quesnel,2024,ALL,All,all,5.272,>=$5M,4,7.8,False
952,Quesnel,2024,SECONDARY,Secondary,secondary,5.272,>=$5M,4,7.8,False
952,Quesnel,2025,541330,Engineering Services,secondary,4.484,<$5M,2,11.5,False
952,Quesnel,2025,541370,Surveying and Mapping (except Geophysical) Service,secondary,0.788,<$5M,2,4.0,False
952,Quesnel,2025,ALL,All,all,5.272,>=$5M,4,7.8,False
952,Quesnel,2025,SECONDARY,Secondary,secondary,5.272,>=$5M,4,7.8,False
421,Québec,2017,325920,Explosives Manufacturing,primary,,<$5M,<2,,True
421,Québec,2017,331110,Iron & Steel Mills & Ferroalloy Manufacturing,secondary,703.902,>=$5M,27,22.9,False
421,Québec,2017,333314,Optical Instrument & Lens Manufacturing,secondary,,<$5M,<2,,True
421,Québec,2017,336611,Ship Building & Repairing,secondary,224.22,>=$5M,2,505.0,False
421,Québec,2017,336612,Boat Building,secondary,,<$5M,<2,,True
421,Québec,2017,541330,Engineering Services,secondary,303.534,>=$5M,126,10.4,False
421,Québec,2017,541370,Surveying & Mapping (except Geophysical) Services,secondary,117.159,>=$5M,95,8.4,False
421,Québec,2017,541511,Custom Computer Programming Services,secondary,131.859,>=$5M,21,30.3,False
421,Québec,2017,ALL,All,all,1486.499,>=$5M,274,16.0,False
421,Québec,2017,PRIMARY,Primary,primary,,<$5M,<2,,True
421,Québec,2017,SECONDARY,Secondary,secondary,1483.915,>=$5M,273,16.1,False
421,Québec,2018,325920,Explosives Manufacturing,primary,,<$5M,<2,,True
421,Québec,2018,331110,Iron & Steel Mills & Ferroalloy Manufacturing,secondary,703.902,>=$5M,27,22.9,False
421,Québec,2018,333314,Optical Instrument & Lens Manufacturing,secondary,,<$5M,<2,,True
421,Québec,2018,336611,Ship Building & Repairing,secondary,224.22,>=$5M,2,505.0,False
421,Québec,2018,336612,Boat Building,secondary,,<$5M,<2,,True
421,Québec,2018,541330,Engineering Services,secondary,306.537,>=$5M,128,10.4,False
421,Québec,2018,541370,Surveying & Mapping (except Geophysical) Services,secondary,122.892,>=$5M,98,8.5,False
421,Québec,2018,541511,Custom Computer Programming Services,secondary,132.894,>=$5M,22,29.2,False
421,Québec,2018,ALL,All,all,1496.27,>=$5M,280,15.9,False
421,Québec,2018,PRIMARY,Primary,primary,,<$5M,<2,,True
421,Québec,2018,SECONDARY,Secondary,secondary,1493.686,>=$5M,279,15.9,False
421,Québec,2019,325920,Explosives Manufacturing,primary,6.137,>=$5M,2,9.5,False
421,Québec,2019,331110,Iron & Steel Mills & Ferroalloy Manufacturing,secondary,703.902,>=$5M,27,22.9,False
421,Québec,2019,332992,Small Arms Ammunition Manufacturing,primary,,<$5M,<2,,True
421,Québec,2019,333314,Optical Instrument & Lens Manufacturing,secondary,,<$5M,<2,,True
421,Québec,2019,336611,Ship Building & Repairing,secondary,224.22,>=$5M,2,505.0,False
421,Québec,2019,336612,Boat Building,secondary,,<$5M,<2,,True
421,Québec,2019,541330,Engineering Services,secondary,518.692,>=$5M,144,15.6,False
421,Québec,2019,541370,Surveying & Mapping (except Geophysical) Services,secondary,124.656,>=$5M,100,8.5,False
421,Québec,2019,541511,Custom Computer Programming Services,secondary,156.906,>=$5M,24,31.6,False
421,Québec,2019,ALL,All,all,1739.512,>=$5M,302,18.3,False
421,Québec,2019,PRIMARY,Primary,primary,7.895,>=$5M,3,8.3,False
421,Québec,2019,SECONDARY,Secondary,secondary,1731.617,>=$5M,299,18.4,False
421,Québec,2020,325920,Explosives Manufacturing,primary,6.137,>=$5M,2,9.5,False
421,Québec,2020,331110,Iron & Steel Mills & Ferroalloy Manufacturing,secondary,695.929,>=$5M,27,22.6,False
421,Québec,2020,332992,Small Arms Ammunition Manufacturing,primary,,<$5M,<2,,True
421,Québec,2020,333314,Optical Instrument & Lens Manufacturing,secondary,,<$5M,<2,,True
421,Québec,2020,336611,Ship Building & Repairing,secondary,224.22,>=$5M,2,505.0,False
421,Québec,2020,336612,Boat Building,secondary,,<$5M,<2,,True
421,Québec,2020,541330,Engineering Services,secondary,455.629,>=$5M,145,13.6,False
421,Québec,2020,541370,Surveying & Mapping (except Geophysical) Services,secondary,142.59,>=$5M,102,9.5,False
421,Québec,2020,541511,Custom Computer Programming Services,secondary,157.734,>=$5M,26,29.1,False
421,Québec,2020,ALL,All,all,1687.238,>=$5M,307,17.4,False
421,Québec,2020,PRIMARY,Primary,primary,7.895,>=$5M,3,8.3,False
421,Québec,2020,SECONDARY,Secondary,secondary,1679.343,>=$5M,304,17.5,False
421,Québec,2021,325920,Explosives Manufacturing,primary,6.137,>=$5M,2,9.5,False
421,Québec,2021,331110,Iron and Steel Mills and Ferroalloy Manufacturing,secondary,695.929,>=$5M,27,22.6,False
421,Québec,2021,332992,Small Arms Ammunition Manufacturing,primary,,<$5M,<2,,True
421,Québec,2021,336611,Ship Building and Repairing,secondary,224.22,>=$5M,2,505.0,False
421,Québec,2021,336612,Boat Building,secondary,,<$5M,<2,,True
421,Québec,2021,541330,Engineering Services,secondary,448.699,>=$5M,144,13.7,False
421,Québec,2021,541370,Surveying and Mapping (except Geophysical) Service,secondary,143.913,>=$5M,102,9.6,False
421,Québec,2021,541511,Custom Computer Programming Services,secondary,181.539,>=$5M,27,32.3,False
421,Québec,2021,ALL,All,all,1703.72,>=$5M,306,17.9,False
421,Québec,2021,PRIMARY,Primary,primary,7.895,>=$5M,3,8.3,False
421,Québec,2021,SECONDARY,Secondary,secondary,1695.825,>=$5M,303,18.0,False
421,Québec,2022,325920,Explosives Manufacturing,primary,6.137,>=$5M,2,9.5,False
421,Québec,2022,331110,Iron and Steel Mills and Ferroalloy Manufacturing,secondary,727.821,>=$5M,29,21.3,False
421,Québec,2022,332992,Small Arms Ammunition Manufacturing,primary,,<$5M,<2,,True
421,Québec,2022,333310,Commercial and Service Industry Machinery Manufact,primary,102.14,>=$5M,25,13.0,False
421,Québec,2022,334610,Manufacturing and Reproducing Magnetic and Optical,secondary,181.802,>=$5M,6,73.7,False
421,Québec,2022,336611,Ship Building and Repairing,secondary,224.22,>=$5M,2,505.0,False
421,Québec,2022,336612,Boat Building,secondary,,<$5M,<2,,True
421,Québec,2022,541330,Engineering Services,secondary,502.083,>=$5M,167,11.9,False
421,Québec,2022,541370,Surveying and Mapping (except Geophysical) Service,secondary,146.853,>=$5M,106,9.2,False
421,Québec,2022,541511,Custom Computer Programming Services,secondary,181.746,>=$5M,27,32.6,False
421,Québec,2022,ALL,All,all,2076.085,>=$5M,366,17.1,False
421,Québec,2022,PRIMARY,Primary,primary,110.035,>=$5M,28,12.5,False
421,Québec,2022,SECONDARY,Secondary,secondary,1966.05,>=$5M,338,17.5,False
421,Québec,2023,325920,Explosives Manufacturing,primary,,<$5M,<2,,True
421,Québec,2023,331110,Iron and Steel Mills and Ferroalloy Manufacturing,secondary,535.391,>=$5M,30,21.1,False
421,Québec,2023,333310,Commercial and Service Industry Machinery Manufact,primary,107.541,>=$5M,26,14.2,False
421,Québec,2023,334610,Manufacturing and Reproducing Magnetic and Optical,secondary,181.802,>=$5M,6,73.7,False
421,Québec,2023,336611,Ship Building and Repairing,secondary,313.501,>=$5M,3,366.7,False
421,Québec,2023,336612,Boat Building,secondary,,<$5M,<2,,True
421,Québec,2023,541330,Engineering Services,secondary,332.161,>=$5M,155,10.1,False
421,Québec,2023,541370,Surveying and Mapping (except Geophysical) Service,secondary,122.996,>=$5M,104,8.2,False
421,Québec,2023,541511,Custom Computer Programming Services,secondary,207.25,>=$5M,28,34.6,False
421,Québec,2023,ALL,All,all,1804.751,>=$5M,354,16.8,False
421,Québec,2023,PRIMARY,Primary,primary,110.125,>=$5M,27,14.0,False
421,Québec,2023,SECONDARY,Secondary,secondary,1694.626,>=$5M,327,17.0,False
421,Québec,2024,325920,Explosives Manufacturing,primary,,<$5M,<2,,True
421,Québec,2024,331110,Iron and Steel Mills and Ferroalloy Manufacturing,secondary,613.993,>=$5M,30,31.8,False
421,Québec,2024,333310,Commercial and Service Industry Machinery Manufact,primary,68.555,>=$5M,27,14.8,False
421,Québec,2024,334610,Manufacturing and Reproducing Magnetic and Optical,secondary,169.967,>=$5M,6,73.7,False
421,Québec,2024,336611,Ship Building and Repairing,secondary,305.978,>=$5M,3,366.7,False
421,Québec,2024,336612,Boat Building,secondary,,<$5M,<2,,True
421,Québec,2024,541330,Engineering Services,secondary,639.946,>=$5M,164,19.7,False
421,Québec,2024,541370,Surveying and Mapping (except Geophysical) Service,secondary,63.36,>=$5M,103,6.2,False
421,Québec,2024,541511,Custom Computer Programming Services,secondary,237.567,>=$5M,46,34.2,False
421,Québec,2024,ALL,All,all,2102.901,>=$5M,381,21.9,False
421,Québec,2024,PRIMARY,Primary,primary,71.087,>=$5M,28,14.7,False
421,Québec,2024,SECONDARY,Secondary,secondary,2031.814,>=$5M,353,22.5,False
421,Québec,2025,325920,Explosives Manufacturing,primary,,<$5M,<2,,True
421,Québec,2025,331110,Iron and Steel Mills and Ferroalloy Manufacturing,secondary,576.626,>=$5M,30,29.8,False
421,Québec,2025,333310,Commercial and Service Industry Machinery Manufact,primary,68.727,>=$5M,27,14.8,False
421,Québec,2025,334610,Manufacturing and Reproducing Magnetic and Optical,secondary,169.967,>=$5M,6,73.7,False
421,Québec,2025,336611,Ship Building and Repairing,secondary,305.978,>=$5M,3,366.7,False
421,Québec,2025,336612,Boat Building,secondary,,<$5M,<2,,True
421,Québec,2025,541330,Engineering Services,secondary,626.889,>=$5M,165,19.5,False
421,Québec,2025,541370,Surveying and Mapping (except Geophysical) Service,secondary,63.858,>=$5M,102,6.3,False
421,Québec,2025,541511,Custom Computer Programming Services,secondary,257.013,>=$5M,48,35.8,False
421,Québec,2025,ALL,All,all,2072.593,>=$5M,383,22.0,False
421,Québec,2025,PRIMARY,Primary,primary,71.259,>=$5M,28,14.7,False
421,Québec,2025,SECONDARY,Secondary,secondary,2001.334,>=$5M,355,22.6,False
830,Red Deer,2017,331110,Iron & Steel Mills & Ferroalloy Manufacturing,secondary,50.116,>=$5M,3,14.7,False
830,Red Deer,2017,336411,Aircraft Manufacturing,primary,,<$5M,<2,,True
830,Red Deer,2017,541330,Engineering Services,secondary,53.361,>=$5M,31,7.5,False
830,Red Deer,2017,541370,Surveying & Mapping (except Geophysical) Services,secondary,18.081,>=$5M,9,13.7,False
830,Red Deer,2017,541511,Custom Computer Programming Services,secondary,2.277,<$5M,3,3.7,False
830,Red Deer,2017,ALL,All,all,125.65,>=$5M,47,8.8,False
830,Red Deer,2017,PRIMARY,Primary,primary,,<$5M,<2,,True
830,Red Deer,2017,SECONDARY,Secondary,secondary,123.835,>=$5M,46,8.9,False
830,Red Deer,2018,331110,Iron & Steel Mills & Ferroalloy Manufacturing,secondary,50.116,>=$5M,3,14.7,False
830,Red Deer,2018,336411,Aircraft Manufacturing,primary,,<$5M,<2,,True
830,Red Deer,2018,541330,Engineering Services,secondary,60.06,>=$5M,34,7.6,False
830,Red Deer,2018,541370,Surveying & Mapping (except Geophysical) Services,secondary,18.081,>=$5M,9,13.7,False
830,Red Deer,2018,541511,Custom Computer Programming Services,secondary,2.277,<$5M,3,3.7,False
830,Red Deer,2018,ALL,All,all,132.349,>=$5M,50,8.8,False
830,Red Deer,2018,PRIMARY,Primary,primary,,<$5M,<2,,True
830,Red Deer,2018,SECONDARY,Secondary,secondary,130.534,>=$5M,49,8.9,False
830,Red Deer,2019,331110,Iron & Steel Mills & Ferroalloy Manufacturing,secondary,60.367,>=$5M,4,13.2,False
830,Red Deer,2019,336411,Aircraft Manufacturing,primary,,<$5M,<2,,True
830,Red Deer,2019,541330,Engineering Services,secondary,67.683,>=$5M,39,7.5,False
830,Red Deer,2019,541370,Surveying & Mapping (except Geophysical) Services,secondary,18.228,>=$5M,9,13.8,False
830,Red Deer,2019,541511,Custom Computer Programming Services,secondary,3.312,<$5M,4,4.0,False
830,Red Deer,2019,ALL,All,all,151.405,>=$5M,57,8.6,False
830,Red Deer,2019,PRIMARY,Primary,primary,,<$5M,<2,,True
830,Red Deer,2019,SECONDARY,Secondary,secondary,149.59,>=$5M,56,8.7,False
830,Red Deer,2020,331110,Iron & Steel Mills & Ferroalloy Manufacturing,secondary,60.367,>=$5M,4,13.2,False
830,Red Deer,2020,336411,Aircraft Manufacturing,primary,,<$5M,<2,,True
830,Red Deer,2020,541330,Engineering Services,secondary,67.683,>=$5M,39,7.5,False
830,Red Deer,2020,541370,Surveying & Mapping (except Geophysical) Services,secondary,18.228,>=$5M,9,13.8,False
830,Red Deer,2020,541511,Custom Computer Programming Services,secondary,3.312,<$5M,4,4.0,False
830,Red Deer,2020,ALL,All,all,151.405,>=$5M,57,8.6,False
830,Red Deer,2020,PRIMARY,Primary,primary,,<$5M,<2,,True
830,Red Deer,2020,SECONDARY,Secondary,secondary,149.59,>=$5M,56,8.7,False
830,Red Deer,2021,331110,Iron and Steel Mills and Ferroalloy Manufacturing,secondary,60.367,>=$5M,4,13.2,False
830,Red Deer,2021,336411,Aircraft Manufacturing,primary,,<$5M,<2,,True
830,Red Deer,2021,541330,Engineering Services,secondary,64.218,>=$5M,39,7.2,False
830,Red Deer,2021,541370,Surveying and Mapping (except Geophysical) Service,secondary,16.023,>=$5M,9,12.1,False
830,Red Deer,2021,541511,Custom Computer Programming Services,secondary,3.312,<$5M,4,4.0,False
830,Red Deer,2021,ALL,All,all,145.735,>=$5M,57,8.1,False
830,Red Deer,2021,PRIMARY,Primary,primary,,<$5M,<2,,True
830,Red Deer,2021,SECONDARY,Secondary,secondary,143.92,>=$5M,56,8.2,False
830,Red Deer,2022,331110,Iron and Steel Mills and Ferroalloy Manufacturing,secondary,60.367,>=$5M,4,13.2,False
830,Red Deer,2022,333310,Commercial and Service Industry Machinery Manufact,primary,5.14,>=$5M,3,5.0,False
830,Red Deer,2022,336411,Aircraft Manufacturing,primary,,<$5M,<2,,True
830,Red Deer,2022,541330,Engineering Services,secondary,64.218,>=$5M,39,7.2,False
830,Red Deer,2022,541370,Surveying and Mapping (except Geophysical) Service,secondary,16.023,>=$5M,9,12.1,False
830,Red Deer,2022,541511,Custom Computer Programming Services,secondary,3.312,<$5M,4,4.0,False
830,Red Deer,2022,ALL,All,all,150.875,>=$5M,60,7.9,False
830,Red Deer,2022,PRIMARY,Primary,primary,6.955,>=$5M,4,4.5,False
830,Red Deer,2022,SECONDARY,Secondary,secondary,143.92,>=$5M,56,8.2,False
830,Red Deer,2023,331110,Iron and Steel Mills and Ferroalloy Manufacturing,secondary,44.18,>=$5M,3,14.7,False
830,Red Deer,2023,333310,Commercial and Service Industry Machinery Manufact,primary,5.14,>=$5M,3,5.0,False
830,Red Deer,2023,336411,Aircraft Manufacturing,primary,,<$5M,<2,,True
830,Red Deer,2023,541330,Engineering Services,secondary,58.236,>=$5M,36,6.9,False
830,Red Deer,2023,541370,Surveying and Mapping (except Geophysical) Service,secondary,13.354,>=$5M,9,12.1,False
830,Red Deer,2023,541511,Custom Computer Programming Services,secondary,3.312,<$5M,4,4.0,False
830,Red Deer,2023,ALL,All,all,125.668,>=$5M,56,7.8,False
830,Red Deer,2023,PRIMARY,Primary,primary,6.586,>=$5M,4,4.5,False
830,Red Deer,2023,SECONDARY,Secondary,secondary,119.082,>=$5M,52,8.1,False
830,Red Deer,2024,331110,Iron and Steel Mills and Ferroalloy Manufacturing,secondary,36.08,>=$5M,2,28.0,False
830,Red Deer,2024,333310,Commercial and Service Industry Machinery Manufact,primary,,<$5M,<2,,True
830,Red Deer,2024,336411,Aircraft Manufacturing,primary,,<$5M,<2,,True
830,Red Deer,2024,541330,Engineering Services,secondary,54.979,>=$5M,37,7.6,False
830,Red Deer,2024,541370,Surveying and Mapping (except Geophysical) Service,secondary,10.145,>=$5M,9,11.4,False
830,Red Deer,2024,541511,Custom Computer Programming Services,secondary,6.285,>=$5M,4,10.5,False
830,Red Deer,2024,ALL,All,all,110.139,>=$5M,54,9.1,False
830,Red Deer,2024,PRIMARY,Primary,primary,2.65,<$5M,2,5.0,False
830,Red Deer,2024,SECONDARY,Secondary,secondary,107.489,>=$5M,52,9.3,False
830,Red Deer,2025,331110,Iron and Steel Mills and Ferroalloy Manufacturing,secondary,36.08,>=$5M,2,28.0,False
830,Red Deer,2025,333310,Commercial and Service Industry Machinery Manufact,primary,,<$5M,<2,,True
830,Red Deer,2025,336411,Aircraft Manufacturing,primary,,<$5M,<2,,True
830,Red Deer,2025,541330,Engineering Services,secondary,55.564,>=$5M,37,7.7,False
830,Red Deer,2025,541370,Surveying and Mapping (except Geophysical) Service,secondary,10.244,>=$5M,9,11.6,False
830,Red Deer,2025,541511,Custom Computer Programming Services,secondary,6.285,>=$5M,4,10.5,False
830,Red Deer,2025,ALL,All,all,110.823,>=$5M,54,9.2,False
830,Red Deer,2025,PRIMARY,Primary,primary,2.65,<$5M,2,5.0,False
830,Red Deer,2025,SECONDARY,Secondary,secondary,108.173,>=$5M,52,9.4,False
705,Regina,2017,331110,Iron & Steel Mills & Ferroalloy Manufacturing,secondary,,>=$5M,<2,,True
705,Regina,2017,334511,Search Detection & Navigation Instruments,primary,,>=$5M,<2,,True
705,Regina,2017,541330,Engineering Services,secondary,133.056,>=$5M,44,13.1,False
705,Regina,2017,541370,Surveying & Mapping (except Geophysical) Services,secondary,19.992,>=$5M,11,12.4,False
705,Regina,2017,541511,Custom Computer Programming Services,secondary,2.898,<$5M,3,4.7,False
705,Regina,2017,ALL,All,all,251.043,>=$5M,60,13.8,False
705,Regina,2017,PRIMARY,Primary,primary,,>=$5M,<2,,True
705,Regina,2017,SECONDARY,Secondary,secondary,242.51,>=$5M,59,13.6,False
705,Regina,2018,331110,Iron & Steel Mills & Ferroalloy Manufacturing,secondary,,>=$5M,<2,,True
705,Regina,2018,334511,Search Detection & Navigation Instruments,primary,,>=$5M,<2,,True
705,Regina,2018,541330,Engineering Services,secondary,140.679,>=$5M,50,12.2,False
705,Regina,2018,541370,Surveying & Mapping (except Geophysical) Services,secondary,19.992,>=$5M,11,12.4,False
705,Regina,2018,541511,Custom Computer Programming Services,secondary,6.417,>=$5M,7,4.4,False
705,Regina,2018,ALL,All,all,262.185,>=$5M,70,12.5,False
705,Regina,2018,PRIMARY,Primary,primary,,>=$5M,<2,,True
705,Regina,2018,SECONDARY,Secondary,secondary,253.652,>=$5M,69,12.3,False
705,Regina,2019,331110,Iron & Steel Mills & Ferroalloy Manufacturing,secondary,,>=$5M,<2,,True
705,Regina,2019,334511,Search Detection & Navigation Instruments,primary,,>=$5M,<2,,True
705,Regina,2019,541330,Engineering Services,secondary,145.299,>=$5M,53,11.9,False
705,Regina,2019,541370,Surveying & Mapping (except Geophysical) Services,secondary,20.727,>=$5M,12,11.8,False
705,Regina,2019,541511,Custom Computer Programming Services,secondary,8.694,>=$5M,10,4.2,False
705,Regina,2019,ALL,All,all,269.817,>=$5M,77,11.8,False
705,Regina,2019,PRIMARY,Primary,primary,,>=$5M,<2,,True
705,Regina,2019,SECONDARY,Secondary,secondary,261.284,>=$5M,76,11.7,False
705,Regina,2020,331110,Iron & Steel Mills & Ferroalloy Manufacturing,secondary,,>=$5M,<2,,True
705,Regina,2020,334511,Search Detection & Navigation Instruments,primary,,>=$5M,<2,,True
705,Regina,2020,541330,Engineering Services,secondary,150.612,>=$5M,53,12.3,False
705,Regina,2020,541370,Surveying & Mapping (except Geophysical) Services,secondary,20.727,>=$5M,12,11.8,False
705,Regina,2020,541511,Custom Computer Programming Services,secondary,8.694,>=$5M,10,4.2,False
705,Regina,2020,ALL,All,all,275.13,>=$5M,77,12.1,False
705,Regina,2020,PRIMARY,Primary,primary,,>=$5M,<2,,True
705,Regina,2020,SECONDARY,Secondary,secondary,266.597,>=$5M,76,12.0,False
705,Regina,2021,331110,Iron and Steel Mills and Ferroalloy Manufacturing,secondary,,>=$5M,<2,,True
705,Regina,2021,334511,"Search, Detection, Navigation, Guidance, Aeronauti",primary,,>=$5M,<2,,True
705,Regina,2021,541330,Engineering Services,secondary,141.372,>=$5M,51,11.8,False
705,Regina,2021,541370,Surveying and Mapping (except Geophysical) Service,secondary,19.551,>=$5M,12,11.1,False
705,Regina,2021,541511,Custom Computer Programming Services,secondary,8.694,>=$5M,10,4.3,False
705,Regina,2021,ALL,All,all,264.714,>=$5M,75,11.7,False
705,Regina,2021,PRIMARY,Primary,primary,,>=$5M,<2,,True
705,Regina,2021,SECONDARY,Secondary,secondary,256.181,>=$5M,74,11.5,False
705,Regina,2022,331110,Iron and Steel Mills and Ferroalloy Manufacturing,secondary,,>=$5M,<2,,True
705,Regina,2022,333310,Commercial and Service Industry Machinery Manufact,primary,10.509,>=$5M,6,5.3,False
705,Regina,2022,334511,"Search, Detection, Navigation, Guidance, Aeronauti",primary,,>=$5M,<2,,True
705,Regina,2022,541330,Engineering Services,secondary,120.813,>=$5M,52,9.8,False
705,Regina,2022,541370,Surveying and Mapping (except Geophysical) Service,secondary,19.551,>=$5M,12,11.1,False
705,Regina,2022,541511,Custom Computer Programming Services,secondary,8.694,>=$5M,10,4.3,False
705,Regina,2022,ALL,All,all,254.664,>=$5M,82,10.0,False
705,Regina,2022,PRIMARY,Primary,primary,19.042,>=$5M,7,7.9,False
705,Regina,2022,SECONDARY,Secondary,secondary,235.622,>=$5M,75,10.1,False
705,Regina,2023,331110,Iron and Steel Mills and Ferroalloy Manufacturing,secondary,,>=$5M,<2,,True
705,Regina,2023,333310,Commercial and Service Industry Machinery Manufact,primary,10.509,>=$5M,6,5.3,False
705,Regina,2023,334511,"Search, Detection, Navigation, Guidance, Aeronauti",primary,,>=$5M,<2,,True
705,Regina,2023,541330,Engineering Services,secondary,97.069,>=$5M,49,9.1,False
705,Regina,2023,541370,Surveying and Mapping (except Geophysical) Service,secondary,19.26,>=$5M,12,11.1,False
705,Regina,2023,541511,Custom Computer Programming Services,secondary,7.258,>=$5M,9,4.2,False
705,Regina,2023,ALL,All,all,229.193,>=$5M,78,9.6,False
705,Regina,2023,PRIMARY,Primary,primary,19.042,>=$5M,7,7.9,False
705,Regina,2023,SECONDARY,Secondary,secondary,210.151,>=$5M,71,9.7,False
705,Regina,2024,331110,Iron and Steel Mills and Ferroalloy Manufacturing,secondary,,>=$5M,<2,,True
705,Regina,2024,333310,Commercial and Service Industry Machinery Manufact,primary,20.774,>=$5M,6,20.0,False
705,Regina,2024,334511,"Search, Detection, Navigation, Guidance, Aeronauti",primary,,>=$5M,<2,,True
705,Regina,2024,336992,"Military Armored Vehicle, Tank, and Tank Component",primary,,>=$5M,<2,,True
705,Regina,2024,541330,Engineering Services,secondary,126.71,>=$5M,52,12.5,False
705,Regina,2024,541370,Surveying and Mapping (except Geophysical) Service,secondary,12.804,>=$5M,12,10.8,False
705,Regina,2024,541511,Custom Computer Programming Services,secondary,10.03,>=$5M,13,5.1,False
705,Regina,2024,ALL,All,all,288.469,>=$5M,86,13.1,False
705,Regina,2024,PRIMARY,Primary,primary,48.672,>=$5M,8,24.9,False
705,Regina,2024,SECONDARY,Secondary,secondary,239.797,>=$5M,78,11.9,False
705,Regina,2025,331110,Iron and Steel Mills and Ferroalloy Manufacturing,secondary,,>=$5M,<2,,True
705,Regina,2025,333310,Commercial and Service Industry Machinery Manufact,primary,20.43,>=$5M,5,23.6,False
705,Regina,2025,334511,"Search, Detection, Navigation, Guidance, Aeronauti",primary,,>=$5M,<2,,True
705,Regina,2025,336992,"Military Armored Vehicle, Tank, and Tank Component",primary,,>=$5M,<2,,True
705,Regina,2025,541330,Engineering Services,secondary,135.869,>=$5M,54,12.9,False
705,Regina,2025,541370,Surveying and Mapping (except Geophysical) Service,secondary,12.903,>=$5M,12,10.9,False
705,Regina,2025,541511,Custom Computer Programming Services,secondary,13.321,>=$5M,14,6.4,False
705,Regina,2025,ALL,All,all,261.962,>=$5M,88,13.6,False
705,Regina,2025,PRIMARY,Primary,primary,48.328,>=$5M,7,28.1,False
705,Regina,2025,SECONDARY,Secondary,secondary,213.634,>=$5M,81,12.3,False
404,Rimouski,2017,331110,Iron & Steel Mills & Ferroalloy Manufacturing,secondary,28.475,>=$5M,4,6.2,False
404,Rimouski,2017,336612,Boat Building,secondary,,<$5M,<2,,True
404,Rimouski,2017,541330,Engineering Services,secondary,5.082,>=$5M,6,3.7,False
404,Rimouski,2017,541370,Surveying & Mapping (except Geophysical) Services,secondary,6.909,>=$5M,7,6.7,False
404,Rimouski,2017,ALL,All,all,40.862,>=$5M,18,5.3,False
404,Rimouski,2017,SECONDARY,Secondary,secondary,40.862,>=$5M,18,5.3,False
404,Rimouski,2018,331110,Iron & Steel Mills & Ferroalloy Manufacturing,secondary,28.475,>=$5M,4,6.2,False
404,Rimouski,2018,336612,Boat Building,secondary,,<$5M,<2,,True
404,Rimouski,2018,541330,Engineering Services,secondary,3.696,<$5M,5,3.2,False
404,Rimouski,2018,541370,Surveying & Mapping (except Geophysical) Services,secondary,4.998,<$5M,6,5.7,False
404,Rimouski,2018,ALL,All,all,37.565,>=$5M,16,4.8,False
404,Rimouski,2018,SECONDARY,Secondary,secondary,37.565,>=$5M,16,4.8,False
404,Rimouski,2019,331110,Iron & Steel Mills & Ferroalloy Manufacturing,secondary,28.475,>=$5M,4,6.2,False
404,Rimouski,2019,336612,Boat Building,secondary,,<$5M,<2,,True
404,Rimouski,2019,541330,Engineering Services,secondary,43.89,>=$5M,9,21.1,False
404,Rimouski,2019,541370,Surveying & Mapping (except Geophysical) Services,secondary,4.998,<$5M,6,5.7,False
404,Rimouski,2019,ALL,All,all,77.759,>=$5M,20,12.6,False
404,Rimouski,2019,SECONDARY,Secondary,secondary,77.759,>=$5M,20,12.6,False
404,Rimouski,2020,331110,Iron & Steel Mills & Ferroalloy Manufacturing,secondary,28.475,>=$5M,4,6.2,False
404,Rimouski,2020,541330,Engineering Services,secondary,33.495,>=$5M,9,16.1,False
404,Rimouski,2020,541370,Surveying & Mapping (except Geophysical) Services,secondary,4.998,<$5M,6,5.7,False
404,Rimouski,2020,ALL,All,all,66.968,>=$5M,19,10.7,False
404,Rimouski,2020,SECONDARY,Secondary,secondary,66.968,>=$5M,19,10.7,False
404,Rimouski,2021,331110,Iron and Steel Mills and Ferroalloy Manufacturing,secondary,28.475,>=$5M,4,6.2,False
404,Rimouski,2021,541330,Engineering Services,secondary,18.942,>=$5M,7,11.7,False
404,Rimouski,2021,541370,Surveying and Mapping (except Geophysical) Service,secondary,4.998,<$5M,6,5.7,False
404,Rimouski,2021,ALL,All,all,52.415,>=$5M,17,8.3,False
404,Rimouski,2021,SECONDARY,Secondary,secondary,52.415,>=$5M,17,8.3,False
404,Rimouski,2022,331110,Iron and Steel Mills and Ferroalloy Manufacturing,secondary,28.475,>=$5M,4,6.2,False
404,Rimouski,2022,541330,Engineering Services,secondary,19.635,>=$5M,8,10.2,False
404,Rimouski,2022,541370,Surveying and Mapping (except Geophysical) Service,secondary,4.998,<$5M,6,5.7,False
404,Rimouski,2022,ALL,All,all,53.108,>=$5M,18,7.8,False
404,Rimouski,2022,SECONDARY,Secondary,secondary,53.108,>=$5M,18,7.8,False
404,Rimouski,2023,331110,Iron and Steel Mills and Ferroalloy Manufacturing,secondary,26.497,>=$5M,4,6.2,False
404,Rimouski,2023,541330,Engineering Services,secondary,5.775,>=$5M,7,3.1,False
404,Rimouski,2023,541370,Surveying and Mapping (except Geophysical) Service,secondary,4.756,<$5M,6,5.7,False
404,Rimouski,2023,ALL,All,all,37.028,>=$5M,17,4.8,False
404,Rimouski,2023,SECONDARY,Secondary,secondary,37.028,>=$5M,17,4.8,False
404,Rimouski,2024,331110,Iron and Steel Mills and Ferroalloy Manufacturing,secondary,14.82,>=$5M,4,5.8,False
404,Rimouski,2024,334511,"Search, Detection, Navigation, Guidance, Aeronauti",primary,,>=$5M,<2,,True
404,Rimouski,2024,541330,Engineering Services,secondary,15.985,>=$5M,7,11.7,False
404,Rimouski,2024,541370,Surveying and Mapping (except Geophysical) Service,secondary,3.252,<$5M,6,5.5,False
404,Rimouski,2024,ALL,All,all,46.038,>=$5M,18,10.5,False
404,Rimouski,2024,PRIMARY,Primary,primary,,>=$5M,<2,,True
404,Rimouski,2024,SECONDARY,Secondary,secondary,34.057,>=$5M,17,8.1,False
404,Rimouski,2025,331110,Iron and Steel Mills and Ferroalloy Manufacturing,secondary,14.82,>=$5M,4,5.8,False
404,Rimouski,2025,334511,"Search, Detection, Navigation, Guidance, Aeronauti",primary,,>=$5M,<2,,True
404,Rimouski,2025,541330,Engineering Services,secondary,16.375,>=$5M,7,12.0,False
404,Rimouski,2025,541370,Surveying and Mapping (except Geophysical) Service,secondary,3.252,<$5M,6,5.5,False
404,Rimouski,2025,ALL,All,all,46.428,>=$5M,18,10.6,False
404,Rimouski,2025,PRIMARY,Primary,primary,,>=$5M,<2,,True
404,Rimouski,2025,SECONDARY,Secondary,secondary,34.447,>=$5M,17,8.2,False
405,Rivière-du-Loup,2017,331110,Iron & Steel Mills & Ferroalloy Manufacturing,secondary,,>=$5M,<2,,True
405,Rivière-du-Loup,2017,541330,Engineering Services,secondary,,<$5M,<2,,True
405,Rivière-du-Loup,2017,541370,Surveying & Mapping (except Geophysical) Services,secondary,2.352,<$5M,4,4.0,False
405,Rivière-du-Loup,2017,ALL,All,all,71.154,>=$5M,6,13.0,False
405,Rivière-du-Loup,2017,SECONDARY,Secondary,secondary,71.154,>=$5M,6,13.0,False
405,Rivière-du-Loup,2018,331110,Iron & Steel Mills & Ferroalloy Manufacturing,secondary,,>=$5M,<2,,True
405,Rivière-du-Loup,2018,541330,Engineering Services,secondary,,<$5M,<2,,True
405,Rivière-du-Loup,2018,541370,Surveying & Mapping (except Geophysical) Services,secondary,2.352,<$5M,4,4.0,False
405,Rivière-du-Loup,2018,ALL,All,all,71.154,>=$5M,6,13.0,False
405,Rivière-du-Loup,2018,SECONDARY,Secondary,secondary,71.154,>=$5M,6,13.0,False
405,Rivière-du-Loup,2019,331110,Iron & Steel Mills & Ferroalloy Manufacturing,secondary,,>=$5M,<2,,True
405,Rivière-du-Loup,2019,541330,Engineering Services,secondary,5.313,>=$5M,4,5.8,False
405,Rivière-du-Loup,2019,541370,Surveying & Mapping (except Geophysical) Services,secondary,2.352,<$5M,4,4.0,False
405,Rivière-du-Loup,2019,ALL,All,all,76.005,>=$5M,9,11.0,False
405,Rivière-du-Loup,2019,SECONDARY,Secondary,secondary,76.005,>=$5M,9,11.0,False
405,Rivière-du-Loup,2020,331110,Iron & Steel Mills & Ferroalloy Manufacturing,secondary,,>=$5M,<2,,True
405,Rivière-du-Loup,2020,541330,Engineering Services,secondary,5.313,>=$5M,4,5.8,False
405,Rivière-du-Loup,2020,541370,Surveying & Mapping (except Geophysical) Services,secondary,2.352,<$5M,4,4.0,False
405,Rivière-du-Loup,2020,ALL,All,all,76.005,>=$5M,9,11.0,False
405,Rivière-du-Loup,2020,SECONDARY,Secondary,secondary,76.005,>=$5M,9,11.0,False
405,Rivière-du-Loup,2021,331110,Iron and Steel Mills and Ferroalloy Manufacturing,secondary,,>=$5M,<2,,True
405,Rivière-du-Loup,2021,541330,Engineering Services,secondary,3.003,<$5M,3,4.3,False
405,Rivière-du-Loup,2021,541370,Surveying and Mapping (except Geophysical) Service,secondary,2.352,<$5M,4,4.0,False
405,Rivière-du-Loup,2021,ALL,All,all,73.695,>=$5M,8,11.1,False
405,Rivière-du-Loup,2021,SECONDARY,Secondary,secondary,73.695,>=$5M,8,11.1,False
405,Rivière-du-Loup,2022,331110,Iron and Steel Mills and Ferroalloy Manufacturing,secondary,,>=$5M,<2,,True
405,Rivière-du-Loup,2022,541330,Engineering Services,secondary,4.851,<$5M,4,3.2,False
405,Rivière-du-Loup,2022,541370,Surveying and Mapping (except Geophysical) Service,secondary,2.352,<$5M,4,4.0,False
405,Rivière-du-Loup,2022,ALL,All,all,75.543,>=$5M,9,9.9,False
405,Rivière-du-Loup,2022,SECONDARY,Secondary,secondary,75.543,>=$5M,9,9.9,False
405,Rivière-du-Loup,2023,331110,Iron and Steel Mills and Ferroalloy Manufacturing,secondary,,>=$5M,<2,,True
405,Rivière-du-Loup,2023,541330,Engineering Services,secondary,2.31,<$5M,2,1.0,False
405,Rivière-du-Loup,2023,541370,Surveying and Mapping (except Geophysical) Service,secondary,2.304,<$5M,4,4.0,False
405,Rivière-du-Loup,2023,ALL,All,all,72.954,>=$5M,7,11.1,False
405,Rivière-du-Loup,2023,SECONDARY,Secondary,secondary,72.954,>=$5M,7,11.1,False
405,Rivière-du-Loup,2024,541330,Engineering Services,secondary,2.34,<$5M,3,4.0,False
405,Rivière-du-Loup,2024,541370,Surveying and Mapping (except Geophysical) Service,secondary,1.577,<$5M,4,4.0,False
405,Rivière-du-Loup,2024,ALL,All,all,3.917,<$5M,7,4.0,False
405,Rivière-du-Loup,2024,SECONDARY,Secondary,secondary,3.917,<$5M,7,4.0,False
405,Rivière-du-Loup,2025,541330,Engineering Services,secondary,2.34,<$5M,3,4.0,False
405,Rivière-du-Loup,2025,541370,Surveying and Mapping (except Geophysical) Service,secondary,1.577,<$5M,4,4.0,False
405,Rivière-du-Loup,2025,ALL,All,all,3.917,<$5M,7,4.0,False
405,Rivière-du-Loup,2025,SECONDARY,Secondary,secondary,3.917,<$5M,7,4.0,False
485,Rouyn-Noranda,2017,331110,Iron & Steel Mills & Ferroalloy Manufacturing,secondary,11.39,>=$5M,2,5.0,False
485,Rouyn-Noranda,2017,541330,Engineering Services,secondary,7.854,>=$5M,5,6.8,False
485,Rouyn-Noranda,2017,541370,Surveying & Mapping (except Geophysical) Services,secondary,8.379,>=$5M,4,14.2,False
485,Rouyn-Noranda,2017,541511,Custom Computer Programming Services,secondary,,<$5M,<2,,True
485,Rouyn-Noranda,2017,ALL,All,all,27.83,>=$5M,12,8.5,False
485,Rouyn-Noranda,2017,SECONDARY,Secondary,secondary,27.83,>=$5M,12,8.5,False
485,Rouyn-Noranda,2018,331110,Iron & Steel Mills & Ferroalloy Manufacturing,secondary,11.39,>=$5M,2,5.0,False
485,Rouyn-Noranda,2018,541330,Engineering Services,secondary,7.854,>=$5M,5,6.8,False
485,Rouyn-Noranda,2018,541370,Surveying & Mapping (except Geophysical) Services,secondary,8.379,>=$5M,4,14.2,False
485,Rouyn-Noranda,2018,541511,Custom Computer Programming Services,secondary,,<$5M,<2,,True
485,Rouyn-Noranda,2018,ALL,All,all,27.83,>=$5M,12,8.5,False
485,Rouyn-Noranda,2018,SECONDARY,Secondary,secondary,27.83,>=$5M,12,8.5,False
485,Rouyn-Noranda,2019,331110,Iron & Steel Mills & Ferroalloy Manufacturing,secondary,11.39,>=$5M,2,5.0,False
485,Rouyn-Noranda,2019,541330,Engineering Services,secondary,45.276,>=$5M,9,21.8,False
485,Rouyn-Noranda,2019,541370,Surveying & Mapping (except Geophysical) Services,secondary,8.379,>=$5M,4,14.2,False
485,Rouyn-Noranda,2019,541511,Custom Computer Programming Services,secondary,,<$5M,<2,,True
485,Rouyn-Noranda,2019,ALL,All,all,65.252,>=$5M,16,16.5,False
485,Rouyn-Noranda,2019,SECONDARY,Secondary,secondary,65.252,>=$5M,16,16.5,False
485,Rouyn-Noranda,2020,331110,Iron & Steel Mills & Ferroalloy Manufacturing,secondary,11.39,>=$5M,2,5.0,False
485,Rouyn-Noranda,2020,336612,Boat Building,secondary,,<$5M,<2,,True
485,Rouyn-Noranda,2020,541330,Engineering Services,secondary,75.306,>=$5M,10,32.6,False
485,Rouyn-Noranda,2020,541370,Surveying & Mapping (except Geophysical) Services,secondary,8.673,>=$5M,4,14.2,False
485,Rouyn-Noranda,2020,541511,Custom Computer Programming Services,secondary,,<$5M,<2,,True
485,Rouyn-Noranda,2020,ALL,All,all,96.764,>=$5M,18,21.9,False
485,Rouyn-Noranda,2020,SECONDARY,Secondary,secondary,96.764,>=$5M,18,21.9,False
485,Rouyn-Noranda,2021,331110,Iron and Steel Mills and Ferroalloy Manufacturing,secondary,11.39,>=$5M,2,5.0,False
485,Rouyn-Noranda,2021,336612,Boat Building,secondary,,<$5M,<2,,True
485,Rouyn-Noranda,2021,541330,Engineering Services,secondary,72.303,>=$5M,10,31.3,False
485,Rouyn-Noranda,2021,541370,Surveying and Mapping (except Geophysical) Service,secondary,8.673,>=$5M,4,14.2,False
485,Rouyn-Noranda,2021,541511,Custom Computer Programming Services,secondary,,<$5M,<2,,True
485,Rouyn-Noranda,2021,ALL,All,all,93.761,>=$5M,18,21.2,False
485,Rouyn-Noranda,2021,SECONDARY,Secondary,secondary,93.761,>=$5M,18,21.2,False
485,Rouyn-Noranda,2022,331110,Iron and Steel Mills and Ferroalloy Manufacturing,secondary,11.39,>=$5M,2,5.0,False
485,Rouyn-Noranda,2022,333310,Commercial and Service Industry Machinery Manufact,primary,4.88,<$5M,3,3.3,False
485,Rouyn-Noranda,2022,334610,Manufacturing and Reproducing Magnetic and Optical,secondary,,<$5M,<2,,True
485,Rouyn-Noranda,2022,336612,Boat Building,secondary,,<$5M,<2,,True
485,Rouyn-Noranda,2022,541330,Engineering Services,secondary,72.303,>=$5M,10,31.3,False
485,Rouyn-Noranda,2022,541370,Surveying and Mapping (except Geophysical) Service,secondary,8.673,>=$5M,4,14.2,False
485,Rouyn-Noranda,2022,541511,Custom Computer Programming Services,secondary,,<$5M,<2,,True
485,Rouyn-Noranda,2022,ALL,All,all,101.595,>=$5M,22,18.1,False
485,Rouyn-Noranda,2022,PRIMARY,Primary,primary,4.88,<$5M,3,3.3,False
485,Rouyn-Noranda,2022,SECONDARY,Secondary,secondary,96.715,>=$5M,19,20.4,False
485,Rouyn-Noranda,2023,331110,Iron and Steel Mills and Ferroalloy Manufacturing,secondary,11.39,>=$5M,2,5.0,False
485,Rouyn-Noranda,2023,333310,Commercial and Service Industry Machinery Manufact,primary,4.88,<$5M,3,3.3,False
485,Rouyn-Noranda,2023,334610,Manufacturing and Reproducing Magnetic and Optical,secondary,,<$5M,<2,,True
485,Rouyn-Noranda,2023,336612,Boat Building,secondary,,<$5M,<2,,True
485,Rouyn-Noranda,2023,541330,Engineering Services,secondary,7.854,>=$5M,5,6.8,False
485,Rouyn-Noranda,2023,541370,Surveying and Mapping (except Geophysical) Service,secondary,8.673,>=$5M,4,14.2,False
485,Rouyn-Noranda,2023,541511,Custom Computer Programming Services,secondary,,<$5M,<2,,True
485,Rouyn-Noranda,2023,ALL,All,all,36.948,>=$5M,17,7.0,False
485,Rouyn-Noranda,2023,PRIMARY,Primary,primary,4.88,<$5M,3,3.3,False
485,Rouyn-Noranda,2023,SECONDARY,Secondary,secondary,32.068,>=$5M,14,7.8,False
485,Rouyn-Noranda,2024,331110,Iron and Steel Mills and Ferroalloy Manufacturing,secondary,5.155,>=$5M,2,4.0,False
485,Rouyn-Noranda,2024,333310,Commercial and Service Industry Machinery Manufact,primary,2.109,<$5M,2,6.0,False
485,Rouyn-Noranda,2024,334610,Manufacturing and Reproducing Magnetic and Optical,secondary,,<$5M,<2,,True
485,Rouyn-Noranda,2024,336612,Boat Building,secondary,,<$5M,<2,,True
485,Rouyn-Noranda,2024,541330,Engineering Services,secondary,2.145,<$5M,4,2.8,False
485,Rouyn-Noranda,2024,541370,Surveying and Mapping (except Geophysical) Service,secondary,2.758,<$5M,3,9.3,False
485,Rouyn-Noranda,2024,541511,Custom Computer Programming Services,secondary,,<$5M,<2,,True
485,Rouyn-Noranda,2024,ALL,All,all,19.701,>=$5M,14,7.1,False
485,Rouyn-Noranda,2024,PRIMARY,Primary,primary,2.109,<$5M,2,6.0,False
485,Rouyn-Noranda,2024,SECONDARY,Secondary,secondary,17.592,>=$5M,12,7.2,False
485,Rouyn-Noranda,2025,331110,Iron and Steel Mills and Ferroalloy Manufacturing,secondary,5.8,>=$5M,2,4.5,False
485,Rouyn-Noranda,2025,333310,Commercial and Service Industry Machinery Manufact,primary,2.109,<$5M,2,6.0,False
485,Rouyn-Noranda,2025,334610,Manufacturing and Reproducing Magnetic and Optical,secondary,,<$5M,<2,,True
485,Rouyn-Noranda,2025,336612,Boat Building,secondary,,<$5M,<2,,True
485,Rouyn-Noranda,2025,541330,Engineering Services,secondary,2.145,<$5M,4,2.8,False
485,Rouyn-Noranda,2025,541370,Surveying and Mapping (except Geophysical) Service,secondary,2.857,<$5M,3,9.7,False
485,Rouyn-Noranda,2025,541511,Custom Computer Programming Services,secondary,,<$5M,<2,,True
485,Rouyn-Noranda,2025,ALL,All,all,20.3,>=$5M,14,7.1,False
485,Rouyn-Noranda,2025,PRIMARY,Primary,primary,2.109,<$5M,2,6.0,False
485,Rouyn-Noranda,2025,SECONDARY,Secondary,secondary,18.191,>=$5M,12,7.3,False
408,Saguenay,2017,331110,Iron & Steel Mills & Ferroalloy Manufacturing,secondary,227.262,>=$5M,10,20.8,False
408,Saguenay,2017,541330,Engineering Services,secondary,57.519,>=$5M,23,10.8,False
408,Saguenay,2017,541370,Surveying & Mapping (except Geophysical) Services,secondary,26.901,>=$5M,15,12.2,False
408,Saguenay,2017,541511,Custom Computer Programming Services,secondary,2.484,<$5M,3,4.0,False
408,Saguenay,2017,ALL,All,all,314.166,>=$5M,51,12.8,False
408,Saguenay,2017,SECONDARY,Secondary,secondary,314.166,>=$5M,51,12.8,False
408,Saguenay,2018,331110,Iron & Steel Mills & Ferroalloy Manufacturing,secondary,232.957,>=$5M,11,19.4,False
408,Saguenay,2018,541330,Engineering Services,secondary,63.987,>=$5M,26,10.7,False
408,Saguenay,2018,541370,Surveying & Mapping (except Geophysical) Services,secondary,26.901,>=$5M,15,12.2,False
408,Saguenay,2018,541511,Custom Computer Programming Services,secondary,2.484,<$5M,3,4.0,False
408,Saguenay,2018,ALL,All,all,326.329,>=$5M,55,12.5,False
408,Saguenay,2018,SECONDARY,Secondary,secondary,326.329,>=$5M,55,12.5,False
408,Saguenay,2019,325920,Explosives Manufacturing,primary,,<$5M,<2,,True
408,Saguenay,2019,331110,Iron & Steel Mills & Ferroalloy Manufacturing,secondary,232.957,>=$5M,11,19.4,False
408,Saguenay,2019,336611,Ship Building & Repairing,secondary,3.552,<$5M,2,8.0,False
408,Saguenay,2019,541330,Engineering Services,secondary,109.748,>=$5M,36,13.3,False
408,Saguenay,2019,541370,Surveying & Mapping (except Geophysical) Services,secondary,26.901,>=$5M,15,12.2,False
408,Saguenay,2019,541511,Custom Computer Programming Services,secondary,18.216,>=$5M,5,17.6,False
408,Saguenay,2019,ALL,All,all,391.697,>=$5M,70,14.0,False
408,Saguenay,2019,PRIMARY,Primary,primary,,<$5M,<2,,True
408,Saguenay,2019,SECONDARY,Secondary,secondary,391.374,>=$5M,69,14.2,False
408,Saguenay,2020,325920,Explosives Manufacturing,primary,,<$5M,<2,,True
408,Saguenay,2020,331110,Iron & Steel Mills & Ferroalloy Manufacturing,secondary,232.957,>=$5M,11,19.4,False
408,Saguenay,2020,336611,Ship Building & Repairing,secondary,3.552,<$5M,2,8.0,False
408,Saguenay,2020,541330,Engineering Services,secondary,88.958,>=$5M,35,11.1,False
408,Saguenay,2020,541370,Surveying & Mapping (except Geophysical) Services,secondary,28.077,>=$5M,16,11.9,False
408,Saguenay,2020,541511,Custom Computer Programming Services,secondary,16.974,>=$5M,4,20.5,False
408,Saguenay,2020,ALL,All,all,370.841,>=$5M,69,12.9,False
408,Saguenay,2020,PRIMARY,Primary,primary,,<$5M,<2,,True
408,Saguenay,2020,SECONDARY,Secondary,secondary,370.518,>=$5M,68,13.1,False
408,Saguenay,2021,325920,Explosives Manufacturing,primary,,<$5M,<2,,True
408,Saguenay,2021,331110,Iron and Steel Mills and Ferroalloy Manufacturing,secondary,232.957,>=$5M,11,19.4,False
408,Saguenay,2021,336611,Ship Building and Repairing,secondary,3.552,<$5M,2,8.0,False
408,Saguenay,2021,541330,Engineering Services,secondary,121.76,>=$5M,34,15.6,False
408,Saguenay,2021,541370,Surveying and Mapping (except Geophysical) Service,secondary,28.077,>=$5M,16,11.9,False
408,Saguenay,2021,541511,Custom Computer Programming Services,secondary,16.974,>=$5M,4,20.5,False
408,Saguenay,2021,ALL,All,all,403.643,>=$5M,68,15.2,False
408,Saguenay,2021,PRIMARY,Primary,primary,,<$5M,<2,,True
408,Saguenay,2021,SECONDARY,Secondary,secondary,403.32,>=$5M,67,15.4,False
408,Saguenay,2022,325920,Explosives Manufacturing,primary,,<$5M,<2,,True
408,Saguenay,2022,331110,Iron and Steel Mills and Ferroalloy Manufacturing,secondary,232.957,>=$5M,11,19.4,False
408,Saguenay,2022,333310,Commercial and Service Industry Machinery Manufact,primary,20.199,>=$5M,6,9.7,False
408,Saguenay,2022,336611,Ship Building and Repairing,secondary,3.552,<$5M,2,8.0,False
408,Saguenay,2022,541330,Engineering Services,secondary,144.756,>=$5M,38,16.1,False
408,Saguenay,2022,541370,Surveying and Mapping (except Geophysical) Service,secondary,26.313,>=$5M,15,11.9,False
408,Saguenay,2022,541511,Custom Computer Programming Services,secondary,16.974,>=$5M,4,20.5,False
408,Saguenay,2022,ALL,All,all,445.074,>=$5M,77,15.1,False
408,Saguenay,2022,PRIMARY,Primary,primary,20.522,>=$5M,7,8.4,False
408,Saguenay,2022,SECONDARY,Secondary,secondary,424.552,>=$5M,70,15.7,False
408,Saguenay,2023,331110,Iron and Steel Mills and Ferroalloy Manufacturing,secondary,216.632,>=$5M,11,19.4,False
408,Saguenay,2023,333310,Commercial and Service Industry Machinery Manufact,primary,19.184,>=$5M,6,9.7,False
408,Saguenay,2023,336611,Ship Building and Repairing,secondary,3.552,<$5M,2,8.0,False
408,Saguenay,2023,541330,Engineering Services,secondary,83.422,>=$5M,33,10.5,False
408,Saguenay,2023,541370,Surveying and Mapping (except Geophysical) Service,secondary,22.108,>=$5M,16,11.9,False
408,Saguenay,2023,541511,Custom Computer Programming Services,secondary,16.974,>=$5M,4,20.5,False
408,Saguenay,2023,ALL,All,all,361.872,>=$5M,72,12.6,False
408,Saguenay,2023,PRIMARY,Primary,primary,19.184,>=$5M,6,9.7,False
408,Saguenay,2023,SECONDARY,Secondary,secondary,342.688,>=$5M,66,12.8,False
408,Saguenay,2024,331110,Iron and Steel Mills and Ferroalloy Manufacturing,secondary,129.513,>=$5M,11,18.9,False
408,Saguenay,2024,333310,Commercial and Service Industry Machinery Manufact,primary,9.762,>=$5M,6,9.0,False
408,Saguenay,2024,336611,Ship Building and Repairing,secondary,41.168,>=$5M,2,74.0,False
408,Saguenay,2024,541330,Engineering Services,secondary,105.36,>=$5M,34,16.0,False
408,Saguenay,2024,541370,Surveying and Mapping (except Geophysical) Service,secondary,16.842,>=$5M,14,12.2,False
408,Saguenay,2024,541511,Custom Computer Programming Services,secondary,12.269,>=$5M,4,20.5,False
408,Saguenay,2024,ALL,All,all,314.914,>=$5M,71,17.0,False
408,Saguenay,2024,PRIMARY,Primary,primary,9.762,>=$5M,6,9.0,False
408,Saguenay,2024,SECONDARY,Secondary,secondary,305.152,>=$5M,65,17.7,False
408,Saguenay,2025,331110,Iron and Steel Mills and Ferroalloy Manufacturing,secondary,78.617,>=$5M,10,12.8,False
408,Saguenay,2025,333310,Commercial and Service Industry Machinery Manufact,primary,9.934,>=$5M,6,9.2,False
408,Saguenay,2025,336611,Ship Building and Repairing,secondary,37.83,>=$5M,2,68.0,False
408,Saguenay,2025,541330,Engineering Services,secondary,101.461,>=$5M,33,15.9,False
408,Saguenay,2025,541370,Surveying and Mapping (except Geophysical) Service,secondary,16.941,>=$5M,14,12.3,False
408,Saguenay,2025,541511,Custom Computer Programming Services,secondary,12.269,>=$5M,4,20.5,False
408,Saguenay,2025,ALL,All,all,257.052,>=$5M,69,15.9,False
408,Saguenay,2025,PRIMARY,Primary,primary,9.934,>=$5M,6,9.2,False
408,Saguenay,2025,SECONDARY,Secondary,secondary,247.118,>=$5M,63,16.5,False
310,Saint John,2017,541330,Engineering Services,secondary,51.051,>=$5M,31,7.1,False
310,Saint John,2017,541370,Surveying & Mapping (except Geophysical) Services,secondary,2.646,<$5M,5,3.6,False
310,Saint John,2017,541511,Custom Computer Programming Services,secondary,,<$5M,<2,,True
310,Saint John,2017,ALL,All,all,55.767,>=$5M,37,6.7,False
310,Saint John,2017,SECONDARY,Secondary,secondary,55.767,>=$5M,37,6.7,False
310,Saint John,2018,541330,Engineering Services,secondary,54.978,>=$5M,33,7.2,False
310,Saint John,2018,541370,Surveying & Mapping (except Geophysical) Services,secondary,2.646,<$5M,5,3.6,False
310,Saint John,2018,541511,Custom Computer Programming Services,secondary,,<$5M,<2,,True
310,Saint John,2018,ALL,All,all,59.694,>=$5M,39,6.8,False
310,Saint John,2018,SECONDARY,Secondary,secondary,59.694,>=$5M,39,6.8,False
310,Saint John,2019,541330,Engineering Services,secondary,55.209,>=$5M,34,7.0,False
310,Saint John,2019,541370,Surveying & Mapping (except Geophysical) Services,secondary,3.381,<$5M,6,3.8,False
310,Saint John,2019,541511,Custom Computer Programming Services,secondary,24.012,>=$5M,3,38.7,False
310,Saint John,2019,ALL,All,all,82.602,>=$5M,43,8.8,False
310,Saint John,2019,SECONDARY,Secondary,secondary,82.602,>=$5M,43,8.8,False
310,Saint John,2020,541330,Engineering Services,secondary,56.595,>=$5M,34,7.2,False
310,Saint John,2020,541370,Surveying & Mapping (except Geophysical) Services,secondary,3.381,<$5M,6,3.8,False
310,Saint John,2020,541511,Custom Computer Programming Services,secondary,24.012,>=$5M,3,38.7,False
310,Saint John,2020,ALL,All,all,83.988,>=$5M,43,8.9,False
310,Saint John,2020,SECONDARY,Secondary,secondary,83.988,>=$5M,43,8.9,False
310,Saint John,2021,541330,Engineering Services,secondary,55.44,>=$5M,33,7.3,False
310,Saint John,2021,541370,Surveying and Mapping (except Geophysical) Service,secondary,3.381,<$5M,6,3.8,False
310,Saint John,2021,541511,Custom Computer Programming Services,secondary,24.012,>=$5M,3,38.7,False
310,Saint John,2021,ALL,All,all,82.833,>=$5M,42,9.0,False
310,Saint John,2021,SECONDARY,Secondary,secondary,82.833,>=$5M,42,9.0,False
310,Saint John,2022,333310,Commercial and Service Industry Machinery Manufact,primary,6.438,>=$5M,3,5.7,False
310,Saint John,2022,541330,Engineering Services,secondary,55.44,>=$5M,33,7.3,False
310,Saint John,2022,541370,Surveying and Mapping (except Geophysical) Service,secondary,3.381,<$5M,6,3.8,False
310,Saint John,2022,541511,Custom Computer Programming Services,secondary,24.012,>=$5M,3,38.7,False
310,Saint John,2022,ALL,All,all,89.271,>=$5M,45,8.8,False
310,Saint John,2022,PRIMARY,Primary,primary,6.438,>=$5M,3,5.7,False
310,Saint John,2022,SECONDARY,Secondary,secondary,82.833,>=$5M,42,9.0,False
310,Saint John,2023,333310,Commercial and Service Industry Machinery Manufact,primary,5.894,>=$5M,3,5.7,False
310,Saint John,2023,541330,Engineering Services,secondary,52.807,>=$5M,32,7.3,False
310,Saint John,2023,541370,Surveying and Mapping (except Geophysical) Service,secondary,3.381,<$5M,6,3.8,False
310,Saint John,2023,541511,Custom Computer Programming Services,secondary,22.977,>=$5M,2,55.5,False
310,Saint John,2023,ALL,All,all,85.059,>=$5M,43,9.0,False
310,Saint John,2023,PRIMARY,Primary,primary,5.894,>=$5M,3,5.7,False
310,Saint John,2023,SECONDARY,Secondary,secondary,79.165,>=$5M,40,9.2,False
310,Saint John,2024,333310,Commercial and Service Industry Machinery Manufact,primary,3.159,<$5M,3,5.7,False
310,Saint John,2024,541330,Engineering Services,secondary,66.281,>=$5M,30,11.3,False
310,Saint John,2024,541370,Surveying and Mapping (except Geophysical) Service,secondary,1.775,<$5M,5,3.6,False
310,Saint John,2024,541511,Custom Computer Programming Services,secondary,18.101,>=$5M,3,40.3,False
310,Saint John,2024,ALL,All,all,89.316,>=$5M,41,12.1,False
310,Saint John,2024,PRIMARY,Primary,primary,3.159,<$5M,3,5.7,False
310,Saint John,2024,SECONDARY,Secondary,secondary,86.157,>=$5M,38,12.6,False
310,Saint John,2025,333310,Commercial and Service Industry Machinery Manufact,primary,3.159,<$5M,3,5.7,False
310,Saint John,2025,541330,Engineering Services,secondary,70.57,>=$5M,30,12.1,False
310,Saint John,2025,541370,Surveying and Mapping (except Geophysical) Service,secondary,1.775,<$5M,5,3.6,False
310,Saint John,2025,541511,Custom Computer Programming Services,secondary,18.101,>=$5M,3,40.3,False
310,Saint John,2025,ALL,All,all,93.605,>=$5M,41,12.6,False
310,Saint John,2025,PRIMARY,Primary,primary,3.159,<$5M,3,5.7,False
310,Saint John,2025,SECONDARY,Secondary,secondary,90.446,>=$5M,38,13.2,False
428,Saint-Georges,2017,331110,Iron & Steel Mills & Ferroalloy Manufacturing,secondary,,>=$5M,<2,,True
428,Saint-Georges,2017,541330,Engineering Services,secondary,8.316,>=$5M,6,6.0,False
428,Saint-Georges,2017,541370,Surveying & Mapping (except Geophysical) Services,secondary,3.381,<$5M,3,7.7,False
428,Saint-Georges,2017,541511,Custom Computer Programming Services,secondary,5.796,>=$5M,3,9.3,False
428,Saint-Georges,2017,ALL,All,all,34.578,>=$5M,13,7.8,False
428,Saint-Georges,2017,SECONDARY,Secondary,secondary,34.578,>=$5M,13,7.8,False
428,Saint-Georges,2018,331110,Iron & Steel Mills & Ferroalloy Manufacturing,secondary,,>=$5M,<2,,True
428,Saint-Georges,2018,541330,Engineering Services,secondary,8.316,>=$5M,6,6.0,False
428,Saint-Georges,2018,541370,Surveying & Mapping (except Geophysical) Services,secondary,3.381,<$5M,3,7.7,False
428,Saint-Georges,2018,541511,Custom Computer Programming Services,secondary,5.796,>=$5M,3,9.3,False
428,Saint-Georges,2018,ALL,All,all,34.578,>=$5M,13,7.8,False
428,Saint-Georges,2018,SECONDARY,Secondary,secondary,34.578,>=$5M,13,7.8,False
428,Saint-Georges,2019,331110,Iron & Steel Mills & Ferroalloy Manufacturing,secondary,,>=$5M,<2,,True
428,Saint-Georges,2019,541330,Engineering Services,secondary,15.015,>=$5M,8,8.1,False
428,Saint-Georges,2019,541370,Surveying & Mapping (except Geophysical) Services,secondary,3.381,<$5M,3,7.7,False
428,Saint-Georges,2019,541511,Custom Computer Programming Services,secondary,5.796,>=$5M,3,9.3,False
428,Saint-Georges,2019,ALL,All,all,41.277,>=$5M,15,8.7,False
428,Saint-Georges,2019,SECONDARY,Secondary,secondary,41.277,>=$5M,15,8.7,False
428,Saint-Georges,2020,331110,Iron & Steel Mills & Ferroalloy Manufacturing,secondary,,>=$5M,<2,,True
428,Saint-Georges,2020,541330,Engineering Services,secondary,14.784,>=$5M,8,8.0,False
428,Saint-Georges,2020,541370,Surveying & Mapping (except Geophysical) Services,secondary,3.381,<$5M,3,7.7,False
428,Saint-Georges,2020,541511,Custom Computer Programming Services,secondary,5.796,>=$5M,3,9.3,False
428,Saint-Georges,2020,ALL,All,all,41.046,>=$5M,15,8.7,False
428,Saint-Georges,2020,SECONDARY,Secondary,secondary,41.046,>=$5M,15,8.7,False
428,Saint-Georges,2021,331110,Iron and Steel Mills and Ferroalloy Manufacturing,secondary,,>=$5M,<2,,True
428,Saint-Georges,2021,541330,Engineering Services,secondary,14.784,>=$5M,8,8.0,False
428,Saint-Georges,2021,541370,Surveying and Mapping (except Geophysical) Service,secondary,3.381,<$5M,3,7.7,False
428,Saint-Georges,2021,541511,Custom Computer Programming Services,secondary,5.796,>=$5M,3,9.3,False
428,Saint-Georges,2021,ALL,All,all,41.046,>=$5M,15,8.7,False
428,Saint-Georges,2021,SECONDARY,Secondary,secondary,41.046,>=$5M,15,8.7,False
428,Saint-Georges,2022,331110,Iron and Steel Mills and Ferroalloy Manufacturing,secondary,,>=$5M,<2,,True
428,Saint-Georges,2022,333310,Commercial and Service Industry Machinery Manufact,primary,13.351,>=$5M,4,13.5,False
428,Saint-Georges,2022,541330,Engineering Services,secondary,14.784,>=$5M,8,8.0,False
428,Saint-Georges,2022,541370,Surveying and Mapping (except Geophysical) Service,secondary,3.381,<$5M,3,7.7,False
428,Saint-Georges,2022,541511,Custom Computer Programming Services,secondary,5.796,>=$5M,3,9.3,False
428,Saint-Georges,2022,ALL,All,all,54.397,>=$5M,19,9.7,False
428,Saint-Georges,2022,PRIMARY,Primary,primary,13.351,>=$5M,4,13.5,False
428,Saint-Georges,2022,SECONDARY,Secondary,secondary,41.046,>=$5M,15,8.7,False
428,Saint-Georges,2023,331110,Iron and Steel Mills and Ferroalloy Manufacturing,secondary,,>=$5M,<2,,True
428,Saint-Georges,2023,333310,Commercial and Service Industry Machinery Manufact,primary,11.23,>=$5M,4,13.5,False
428,Saint-Georges,2023,541330,Engineering Services,secondary,9.645,>=$5M,7,6.1,False
428,Saint-Georges,2023,541370,Surveying and Mapping (except Geophysical) Service,secondary,3.381,<$5M,3,7.7,False
428,Saint-Georges,2023,541511,Custom Computer Programming Services,secondary,5.222,>=$5M,3,9.3,False
428,Saint-Georges,2023,ALL,All,all,46.563,>=$5M,18,9.1,False
428,Saint-Georges,2023,PRIMARY,Primary,primary,11.23,>=$5M,4,13.5,False
428,Saint-Georges,2023,SECONDARY,Secondary,secondary,35.333,>=$5M,14,7.8,False
428,Saint-Georges,2024,331110,Iron and Steel Mills and Ferroalloy Manufacturing,secondary,,>=$5M,<2,,True
428,Saint-Georges,2024,333310,Commercial and Service Industry Machinery Manufact,primary,7.49,>=$5M,3,16.3,False
428,Saint-Georges,2024,541330,Engineering Services,secondary,33.722,>=$5M,8,21.6,False
428,Saint-Georges,2024,541370,Surveying and Mapping (except Geophysical) Service,secondary,1.281,<$5M,3,4.3,False
428,Saint-Georges,2024,541511,Custom Computer Programming Services,secondary,11.67,>=$5M,5,15.2,False
428,Saint-Georges,2024,ALL,All,all,63.827,>=$5M,20,16.3,False
428,Saint-Georges,2024,PRIMARY,Primary,primary,7.49,>=$5M,3,16.3,False
428,Saint-Georges,2024,SECONDARY,Secondary,secondary,56.337,>=$5M,17,16.3,False
428,Saint-Georges,2025,331110,Iron and Steel Mills and Ferroalloy Manufacturing,secondary,,>=$5M,<2,,True
428,Saint-Georges,2025,333310,Commercial and Service Industry Machinery Manufact,primary,7.49,>=$5M,3,16.3,False
428,Saint-Georges,2025,541330,Engineering Services,secondary,33.137,>=$5M,8,21.2,False
428,Saint-Georges,2025,541370,Surveying and Mapping (except Geophysical) Service,secondary,1.281,<$5M,3,4.3,False
428,Saint-Georges,2025,541511,Custom Computer Programming Services,secondary,12.567,>=$5M,5,16.8,False
428,Saint-Georges,2025,ALL,All,all,64.139,>=$5M,20,16.6,False
428,Saint-Georges,2025,PRIMARY,Primary,primary,7.49,>=$5M,3,16.3,False
428,Saint-Georges,2025,SECONDARY,Secondary,secondary,56.649,>=$5M,17,16.6,False
452,Saint-Hyacinthe,2017,331110,Iron & Steel Mills & Ferroalloy Manufacturing,secondary,9.112,>=$5M,2,4.0,False
452,Saint-Hyacinthe,2017,333314,Optical Instrument & Lens Manufacturing,secondary,,<$5M,<2,,True
452,Saint-Hyacinthe,2017,541330,Engineering Services,secondary,14.784,>=$5M,8,8.0,False
452,Saint-Hyacinthe,2017,541370,Surveying & Mapping (except Geophysical) Services,secondary,8.673,>=$5M,8,7.4,False
452,Saint-Hyacinthe,2017,ALL,All,all,32.855,>=$5M,19,6.9,False
452,Saint-Hyacinthe,2017,SECONDARY,Secondary,secondary,32.855,>=$5M,19,6.9,False
452,Saint-Hyacinthe,2018,331110,Iron & Steel Mills & Ferroalloy Manufacturing,secondary,9.112,>=$5M,2,4.0,False
452,Saint-Hyacinthe,2018,333314,Optical Instrument & Lens Manufacturing,secondary,,<$5M,<2,,True
452,Saint-Hyacinthe,2018,541330,Engineering Services,secondary,16.401,>=$5M,9,7.9,False
452,Saint-Hyacinthe,2018,541370,Surveying & Mapping (except Geophysical) Services,secondary,8.526,>=$5M,8,7.2,False
452,Saint-Hyacinthe,2018,ALL,All,all,34.325,>=$5M,20,6.9,False
452,Saint-Hyacinthe,2018,SECONDARY,Secondary,secondary,34.325,>=$5M,20,6.9,False
452,Saint-Hyacinthe,2019,331110,Iron & Steel Mills & Ferroalloy Manufacturing,secondary,9.112,>=$5M,2,4.0,False
452,Saint-Hyacinthe,2019,333314,Optical Instrument & Lens Manufacturing,secondary,,<$5M,<2,,True
452,Saint-Hyacinthe,2019,541330,Engineering Services,secondary,29.568,>=$5M,12,10.7,False
452,Saint-Hyacinthe,2019,541370,Surveying & Mapping (except Geophysical) Services,secondary,8.526,>=$5M,8,7.2,False
452,Saint-Hyacinthe,2019,ALL,All,all,47.492,>=$5M,23,8.5,False
452,Saint-Hyacinthe,2019,SECONDARY,Secondary,secondary,47.492,>=$5M,23,8.5,False
452,Saint-Hyacinthe,2020,331110,Iron & Steel Mills & Ferroalloy Manufacturing,secondary,9.112,>=$5M,2,4.0,False
452,Saint-Hyacinthe,2020,333314,Optical Instrument & Lens Manufacturing,secondary,,<$5M,<2,,True
452,Saint-Hyacinthe,2020,541330,Engineering Services,secondary,29.568,>=$5M,12,10.7,False
452,Saint-Hyacinthe,2020,541370,Surveying & Mapping (except Geophysical) Services,secondary,8.526,>=$5M,8,7.2,False
452,Saint-Hyacinthe,2020,ALL,All,all,47.492,>=$5M,23,8.5,False
452,Saint-Hyacinthe,2020,SECONDARY,Secondary,secondary,47.492,>=$5M,23,8.5,False
452,Saint-Hyacinthe,2021,331110,Iron and Steel Mills and Ferroalloy Manufacturing,secondary,9.112,>=$5M,2,4.0,False
452,Saint-Hyacinthe,2021,333314,Optical Instrument and Lens Manufacturing,secondary,,<$5M,<2,,True
452,Saint-Hyacinthe,2021,541330,Engineering Services,secondary,29.568,>=$5M,12,11.5,False
452,Saint-Hyacinthe,2021,541370,Surveying and Mapping (except Geophysical) Service,secondary,8.526,>=$5M,8,7.2,False
452,Saint-Hyacinthe,2021,ALL,All,all,47.492,>=$5M,23,8.9,False
452,Saint-Hyacinthe,2021,SECONDARY,Secondary,secondary,47.492,>=$5M,23,8.9,False
452,Saint-Hyacinthe,2022,331110,Iron and Steel Mills and Ferroalloy Manufacturing,secondary,9.112,>=$5M,2,4.0,False
452,Saint-Hyacinthe,2022,333310,Commercial and Service Industry Machinery Manufact,primary,33.465,>=$5M,8,12.4,False
452,Saint-Hyacinthe,2022,541330,Engineering Services,secondary,29.568,>=$5M,12,11.5,False
452,Saint-Hyacinthe,2022,541370,Surveying and Mapping (except Geophysical) Service,secondary,8.526,>=$5M,8,7.2,False
452,Saint-Hyacinthe,2022,ALL,All,all,80.671,>=$5M,30,10.1,False
452,Saint-Hyacinthe,2022,PRIMARY,Primary,primary,33.465,>=$5M,8,12.4,False
452,Saint-Hyacinthe,2022,SECONDARY,Secondary,secondary,47.206,>=$5M,22,9.3,False
452,Saint-Hyacinthe,2023,331110,Iron and Steel Mills and Ferroalloy Manufacturing,secondary,9.112,>=$5M,2,4.0,False
452,Saint-Hyacinthe,2023,333310,Commercial and Service Industry Machinery Manufact,primary,33.179,>=$5M,7,14.0,False
452,Saint-Hyacinthe,2023,541330,Engineering Services,secondary,15.903,>=$5M,8,9.9,False
452,Saint-Hyacinthe,2023,541370,Surveying and Mapping (except Geophysical) Service,secondary,8.526,>=$5M,8,7.2,False
452,Saint-Hyacinthe,2023,ALL,All,all,66.72,>=$5M,25,9.7,False
452,Saint-Hyacinthe,2023,PRIMARY,Primary,primary,33.179,>=$5M,7,14.0,False
452,Saint-Hyacinthe,2023,SECONDARY,Secondary,secondary,33.541,>=$5M,18,8.1,False
452,Saint-Hyacinthe,2024,331110,Iron and Steel Mills and Ferroalloy Manufacturing,secondary,3.866,<$5M,2,3.0,False
452,Saint-Hyacinthe,2024,333310,Commercial and Service Industry Machinery Manufact,primary,16.514,>=$5M,7,13.3,False
452,Saint-Hyacinthe,2024,541330,Engineering Services,secondary,26.512,>=$5M,9,15.1,False
452,Saint-Hyacinthe,2024,541370,Surveying and Mapping (except Geophysical) Service,secondary,3.843,<$5M,6,6.5,False
452,Saint-Hyacinthe,2024,541511,Custom Computer Programming Services,secondary,,<$5M,<2,,True
452,Saint-Hyacinthe,2024,ALL,All,all,50.885,>=$5M,25,11.0,False
452,Saint-Hyacinthe,2024,PRIMARY,Primary,primary,16.514,>=$5M,7,13.3,False
452,Saint-Hyacinthe,2024,SECONDARY,Secondary,secondary,34.371,>=$5M,18,10.1,False
452,Saint-Hyacinthe,2025,331110,Iron and Steel Mills and Ferroalloy Manufacturing,secondary,13.53,>=$5M,3,7.0,False
452,Saint-Hyacinthe,2025,333310,Commercial and Service Industry Machinery Manufact,primary,16.514,>=$5M,7,13.3,False
452,Saint-Hyacinthe,2025,541330,Engineering Services,secondary,26.512,>=$5M,9,15.1,False
452,Saint-Hyacinthe,2025,541370,Surveying and Mapping (except Geophysical) Service,secondary,3.942,<$5M,6,6.7,False
452,Saint-Hyacinthe,2025,541511,Custom Computer Programming Services,secondary,,<$5M,<2,,True
452,Saint-Hyacinthe,2025,ALL,All,all,60.648,>=$5M,26,11.2,False
452,Saint-Hyacinthe,2025,PRIMARY,Primary,primary,16.514,>=$5M,7,13.3,False
452,Saint-Hyacinthe,2025,SECONDARY,Secondary,secondary,44.134,>=$5M,19,10.4,False
467,Sainte-Agathe-des-Monts,2017,541330,Engineering Services,secondary,9.24,>=$5M,8,5.0,False
467,Sainte-Agathe-des-Monts,2017,541370,Surveying & Mapping (except Geophysical) Services,secondary,5.586,>=$5M,3,12.7,False
467,Sainte-Agathe-des-Monts,2017,ALL,All,all,14.826,>=$5M,11,7.1,False
467,Sainte-Agathe-des-Monts,2017,SECONDARY,Secondary,secondary,14.826,>=$5M,11,7.1,False
467,Sainte-Agathe-des-Monts,2018,541330,Engineering Services,secondary,9.471,>=$5M,9,4.6,False
467,Sainte-Agathe-des-Monts,2018,541370,Surveying & Mapping (except Geophysical) Services,secondary,5.586,>=$5M,3,12.7,False
467,Sainte-Agathe-des-Monts,2018,ALL,All,all,15.057,>=$5M,12,6.6,False
467,Sainte-Agathe-des-Monts,2018,SECONDARY,Secondary,secondary,15.057,>=$5M,12,6.6,False
467,Sainte-Agathe-des-Monts,2019,541330,Engineering Services,secondary,12.474,>=$5M,11,4.9,False
467,Sainte-Agathe-des-Monts,2019,541370,Surveying & Mapping (except Geophysical) Services,secondary,5.586,>=$5M,3,12.7,False
467,Sainte-Agathe-des-Monts,2019,ALL,All,all,18.06,>=$5M,14,6.6,False
467,Sainte-Agathe-des-Monts,2019,SECONDARY,Secondary,secondary,18.06,>=$5M,14,6.6,False
467,Sainte-Agathe-des-Monts,2020,541330,Engineering Services,secondary,12.243,>=$5M,10,5.3,False
467,Sainte-Agathe-des-Monts,2020,541370,Surveying & Mapping (except Geophysical) Services,secondary,5.586,>=$5M,3,12.7,False
467,Sainte-Agathe-des-Monts,2020,ALL,All,all,17.829,>=$5M,13,7.0,False
467,Sainte-Agathe-des-Monts,2020,SECONDARY,Secondary,secondary,17.829,>=$5M,13,7.0,False
467,Sainte-Agathe-des-Monts,2021,541330,Engineering Services,secondary,11.55,>=$5M,9,5.6,False
467,Sainte-Agathe-des-Monts,2021,541370,Surveying and Mapping (except Geophysical) Service,secondary,5.586,>=$5M,3,12.7,False
467,Sainte-Agathe-des-Monts,2021,ALL,All,all,17.136,>=$5M,12,7.3,False
467,Sainte-Agathe-des-Monts,2021,SECONDARY,Secondary,secondary,17.136,>=$5M,12,7.3,False
467,Sainte-Agathe-des-Monts,2022,333310,Commercial and Service Industry Machinery Manufact,primary,,<$5M,<2,,True
467,Sainte-Agathe-des-Monts,2022,541330,Engineering Services,secondary,12.705,>=$5M,10,5.0,False
467,Sainte-Agathe-des-Monts,2022,541370,Surveying and Mapping (except Geophysical) Service,secondary,5.586,>=$5M,3,12.7,False
467,Sainte-Agathe-des-Monts,2022,ALL,All,all,18.499,>=$5M,14,6.4,False
467,Sainte-Agathe-des-Monts,2022,PRIMARY,Primary,primary,,<$5M,<2,,True
467,Sainte-Agathe-des-Monts,2022,SECONDARY,Secondary,secondary,18.291,>=$5M,13,6.8,False
467,Sainte-Agathe-des-Monts,2023,333310,Commercial and Service Industry Machinery Manufact,primary,,<$5M,<2,,True
467,Sainte-Agathe-des-Monts,2023,541330,Engineering Services,secondary,8.664,>=$5M,9,3.9,False
467,Sainte-Agathe-des-Monts,2023,541370,Surveying and Mapping (except Geophysical) Service,secondary,4.034,<$5M,3,12.7,False
467,Sainte-Agathe-des-Monts,2023,ALL,All,all,12.846,>=$5M,13,5.7,False
467,Sainte-Agathe-des-Monts,2023,PRIMARY,Primary,primary,,<$5M,<2,,True
467,Sainte-Agathe-des-Monts,2023,SECONDARY,Secondary,secondary,12.698,>=$5M,12,6.1,False
467,Sainte-Agathe-des-Monts,2024,333310,Commercial and Service Industry Machinery Manufact,primary,,<$5M,<2,,True
467,Sainte-Agathe-des-Monts,2024,541330,Engineering Services,secondary,15.011,>=$5M,10,7.7,False
467,Sainte-Agathe-des-Monts,2024,541370,Surveying and Mapping (except Geophysical) Service,secondary,3.251,<$5M,3,11.0,False
467,Sainte-Agathe-des-Monts,2024,ALL,All,all,18.41,>=$5M,14,7.9,False
467,Sainte-Agathe-des-Monts,2024,PRIMARY,Primary,primary,,<$5M,<2,,True
467,Sainte-Agathe-des-Monts,2024,SECONDARY,Secondary,secondary,18.262,>=$5M,13,8.5,False
467,Sainte-Agathe-des-Monts,2025,333310,Commercial and Service Industry Machinery Manufact,primary,,<$5M,<2,,True
467,Sainte-Agathe-des-Monts,2025,541330,Engineering Services,secondary,14.426,>=$5M,10,7.4,False
467,Sainte-Agathe-des-Monts,2025,541370,Surveying and Mapping (except Geophysical) Service,secondary,3.251,<$5M,3,11.0,False
467,Sainte-Agathe-des-Monts,2025,541511,Custom Computer Programming Services,secondary,1.647,<$5M,2,5.5,False
467,Sainte-Agathe-des-Monts,2025,ALL,All,all,19.472,>=$5M,16,7.4,False
467,Sainte-Agathe-des-Monts,2025,PRIMARY,Primary,primary,,<$5M,<2,,True
467,Sainte-Agathe-des-Monts,2025,SECONDARY,Secondary,secondary,19.324,>=$5M,15,7.9,False
423,Sainte-Marie,2017,331110,Iron & Steel Mills & Ferroalloy Manufacturing,secondary,6.834,>=$5M,2,3.0,False
423,Sainte-Marie,2017,541330,Engineering Services,secondary,3.003,<$5M,2,6.5,False
423,Sainte-Marie,2017,541370,Surveying & Mapping (except Geophysical) Services,secondary,3.822,<$5M,5,5.2,False
423,Sainte-Marie,2017,ALL,All,all,13.659,>=$5M,9,5.0,False
423,Sainte-Marie,2017,SECONDARY,Secondary,secondary,13.659,>=$5M,9,5.0,False
423,Sainte-Marie,2018,331110,Iron & Steel Mills & Ferroalloy Manufacturing,secondary,6.834,>=$5M,2,3.0,False
423,Sainte-Marie,2018,541330,Engineering Services,secondary,3.003,<$5M,2,6.5,False
423,Sainte-Marie,2018,541370,Surveying & Mapping (except Geophysical) Services,secondary,3.822,<$5M,5,5.2,False
423,Sainte-Marie,2018,ALL,All,all,13.659,>=$5M,9,5.0,False
423,Sainte-Marie,2018,SECONDARY,Secondary,secondary,13.659,>=$5M,9,5.0,False
423,Sainte-Marie,2019,331110,Iron & Steel Mills & Ferroalloy Manufacturing,secondary,6.834,>=$5M,2,3.0,False
423,Sainte-Marie,2019,541330,Engineering Services,secondary,5.775,>=$5M,4,6.2,False
423,Sainte-Marie,2019,541370,Surveying & Mapping (except Geophysical) Services,secondary,3.822,<$5M,5,5.2,False
423,Sainte-Marie,2019,ALL,All,all,16.431,>=$5M,11,5.2,False
423,Sainte-Marie,2019,SECONDARY,Secondary,secondary,16.431,>=$5M,11,5.2,False
423,Sainte-Marie,2020,331110,Iron & Steel Mills & Ferroalloy Manufacturing,secondary,6.834,>=$5M,2,3.0,False
423,Sainte-Marie,2020,541330,Engineering Services,secondary,5.775,>=$5M,4,6.2,False
423,Sainte-Marie,2020,541370,Surveying & Mapping (except Geophysical) Services,secondary,3.822,<$5M,5,5.2,False
423,Sainte-Marie,2020,ALL,All,all,16.431,>=$5M,11,5.2,False
423,Sainte-Marie,2020,SECONDARY,Secondary,secondary,16.431,>=$5M,11,5.2,False
423,Sainte-Marie,2021,331110,Iron and Steel Mills and Ferroalloy Manufacturing,secondary,6.834,>=$5M,2,3.0,False
423,Sainte-Marie,2021,541330,Engineering Services,secondary,5.775,>=$5M,4,6.2,False
423,Sainte-Marie,2021,541370,Surveying and Mapping (except Geophysical) Service,secondary,3.822,<$5M,5,5.2,False
423,Sainte-Marie,2021,ALL,All,all,16.431,>=$5M,11,5.2,False
423,Sainte-Marie,2021,SECONDARY,Secondary,secondary,16.431,>=$5M,11,5.2,False
423,Sainte-Marie,2022,331110,Iron and Steel Mills and Ferroalloy Manufacturing,secondary,6.834,>=$5M,2,6.0,False
423,Sainte-Marie,2022,333310,Commercial and Service Industry Machinery Manufact,primary,,>=$5M,<2,,True
423,Sainte-Marie,2022,541330,Engineering Services,secondary,5.775,>=$5M,4,5.8,False
423,Sainte-Marie,2022,541370,Surveying and Mapping (except Geophysical) Service,secondary,3.822,<$5M,5,5.2,False
423,Sainte-Marie,2022,ALL,All,all,26.831,>=$5M,12,9.2,False
423,Sainte-Marie,2022,PRIMARY,Primary,primary,,>=$5M,<2,,True
423,Sainte-Marie,2022,SECONDARY,Secondary,secondary,16.431,>=$5M,11,5.5,False
423,Sainte-Marie,2023,331110,Iron and Steel Mills and Ferroalloy Manufacturing,secondary,6.34,>=$5M,2,6.0,False
423,Sainte-Marie,2023,333310,Commercial and Service Industry Machinery Manufact,primary,,>=$5M,<2,,True
423,Sainte-Marie,2023,541330,Engineering Services,secondary,5.306,>=$5M,4,5.8,False
423,Sainte-Marie,2023,541370,Surveying and Mapping (except Geophysical) Service,secondary,3.627,<$5M,5,5.0,False
423,Sainte-Marie,2023,ALL,All,all,22.642,>=$5M,12,9.2,False
423,Sainte-Marie,2023,PRIMARY,Primary,primary,,>=$5M,<2,,True
423,Sainte-Marie,2023,SECONDARY,Secondary,secondary,15.273,>=$5M,11,5.5,False
423,Sainte-Marie,2024,331110,Iron and Steel Mills and Ferroalloy Manufacturing,secondary,2.578,<$5M,2,2.0,False
423,Sainte-Marie,2024,333310,Commercial and Service Industry Machinery Manufact,primary,,>=$5M,<2,,True
423,Sainte-Marie,2024,541330,Engineering Services,secondary,3.899,<$5M,4,5.0,False
423,Sainte-Marie,2024,541370,Surveying and Mapping (except Geophysical) Service,secondary,0.593,<$5M,5,1.2,False
423,Sainte-Marie,2024,ALL,All,all,14.439,>=$5M,12,6.7,False
423,Sainte-Marie,2024,PRIMARY,Primary,primary,,>=$5M,<2,,True
423,Sainte-Marie,2024,SECONDARY,Secondary,secondary,7.07,>=$5M,11,2.7,False
423,Sainte-Marie,2025,331110,Iron and Steel Mills and Ferroalloy Manufacturing,secondary,2.578,<$5M,2,2.0,False
423,Sainte-Marie,2025,333310,Commercial and Service Industry Machinery Manufact,primary,,>=$5M,<2,,True
423,Sainte-Marie,2025,541330,Engineering Services,secondary,3.899,<$5M,4,5.0,False
423,Sainte-Marie,2025,541370,Surveying and Mapping (except Geophysical) Service,secondary,0.692,<$5M,5,1.4,False
423,Sainte-Marie,2025,ALL,All,all,14.538,>=$5M,12,6.8,False
423,Sainte-Marie,2025,PRIMARY,Primary,primary,,>=$5M,<2,,True
423,Sainte-Marie,2025,SECONDARY,Secondary,secondary,7.169,>=$5M,11,2.8,False
465,Salaberry-de-Valleyfield,2017,331110,Iron & Steel Mills & Ferroalloy Manufacturing,secondary,7.973,>=$5M,2,3.5,False
465,Salaberry-de-Valleyfield,2017,336612,Boat Building,secondary,,<$5M,<2,,True
465,Salaberry-de-Valleyfield,2017,541330,Engineering Services,secondary,14.553,>=$5M,6,10.5,False
465,Salaberry-de-Valleyfield,2017,541370,Surveying & Mapping (except Geophysical) Services,secondary,2.352,<$5M,3,5.3,False
465,Salaberry-de-Valleyfield,2017,541511,Custom Computer Programming Services,secondary,1.656,<$5M,2,4.0,False
465,Salaberry-de-Valleyfield,2017,ALL,All,all,27.449,>=$5M,14,6.9,False
465,Salaberry-de-Valleyfield,2017,SECONDARY,Secondary,secondary,27.449,>=$5M,14,6.9,False
465,Salaberry-de-Valleyfield,2018,331110,Iron & Steel Mills & Ferroalloy Manufacturing,secondary,7.973,>=$5M,2,3.5,False
465,Salaberry-de-Valleyfield,2018,336612,Boat Building,secondary,,<$5M,<2,,True
465,Salaberry-de-Valleyfield,2018,541330,Engineering Services,secondary,13.167,>=$5M,5,11.4,False
465,Salaberry-de-Valleyfield,2018,541370,Surveying & Mapping (except Geophysical) Services,secondary,2.352,<$5M,3,5.3,False
465,Salaberry-de-Valleyfield,2018,541511,Custom Computer Programming Services,secondary,1.656,<$5M,2,4.0,False
465,Salaberry-de-Valleyfield,2018,ALL,All,all,26.063,>=$5M,13,7.0,False
465,Salaberry-de-Valleyfield,2018,SECONDARY,Secondary,secondary,26.063,>=$5M,13,7.0,False
465,Salaberry-de-Valleyfield,2019,331110,Iron & Steel Mills & Ferroalloy Manufacturing,secondary,7.973,>=$5M,2,3.5,False
465,Salaberry-de-Valleyfield,2019,332992,Small Arms Ammunition Manufacturing,primary,,>=$5M,<2,,True
465,Salaberry-de-Valleyfield,2019,336612,Boat Building,secondary,,<$5M,<2,,True
465,Salaberry-de-Valleyfield,2019,541330,Engineering Services,secondary,13.86,>=$5M,6,10.0,False
465,Salaberry-de-Valleyfield,2019,541370,Surveying & Mapping (except Geophysical) Services,secondary,2.352,<$5M,3,5.3,False
465,Salaberry-de-Valleyfield,2019,541511,Custom Computer Programming Services,secondary,1.656,<$5M,2,4.0,False
465,Salaberry-de-Valleyfield,2019,ALL,All,all,158.606,>=$5M,15,36.3,False
465,Salaberry-de-Valleyfield,2019,PRIMARY,Primary,primary,,>=$5M,<2,,True
465,Salaberry-de-Valleyfield,2019,SECONDARY,Secondary,secondary,26.756,>=$5M,14,6.7,False
465,Salaberry-de-Valleyfield,2020,331110,Iron & Steel Mills & Ferroalloy Manufacturing,secondary,7.973,>=$5M,2,3.5,False
465,Salaberry-de-Valleyfield,2020,336612,Boat Building,secondary,,<$5M,<2,,True
465,Salaberry-de-Valleyfield,2020,541330,Engineering Services,secondary,13.86,>=$5M,6,10.0,False
465,Salaberry-de-Valleyfield,2020,541370,Surveying & Mapping (except Geophysical) Services,secondary,2.352,<$5M,3,5.3,False
465,Salaberry-de-Valleyfield,2020,541511,Custom Computer Programming Services,secondary,1.656,<$5M,2,4.0,False
465,Salaberry-de-Valleyfield,2020,ALL,All,all,26.756,>=$5M,14,6.7,False
465,Salaberry-de-Valleyfield,2020,SECONDARY,Secondary,secondary,26.756,>=$5M,14,6.7,False
465,Salaberry-de-Valleyfield,2021,331110,Iron and Steel Mills and Ferroalloy Manufacturing,secondary,7.973,>=$5M,2,3.5,False
465,Salaberry-de-Valleyfield,2021,336612,Boat Building,secondary,,<$5M,<2,,True
465,Salaberry-de-Valleyfield,2021,541330,Engineering Services,secondary,5.775,>=$5M,5,5.0,False
465,Salaberry-de-Valleyfield,2021,541370,Surveying and Mapping (except Geophysical) Service,secondary,2.352,<$5M,3,5.3,False
465,Salaberry-de-Valleyfield,2021,541511,Custom Computer Programming Services,secondary,1.656,<$5M,2,4.0,False
465,Salaberry-de-Valleyfield,2021,ALL,All,all,18.671,>=$5M,13,4.5,False
465,Salaberry-de-Valleyfield,2021,SECONDARY,Secondary,secondary,18.671,>=$5M,13,4.5,False
465,Salaberry-de-Valleyfield,2022,331110,Iron and Steel Mills and Ferroalloy Manufacturing,secondary,7.973,>=$5M,2,3.5,False
465,Salaberry-de-Valleyfield,2022,333310,Commercial and Service Industry Machinery Manufact,primary,,<$5M,<2,,True
465,Salaberry-de-Valleyfield,2022,336612,Boat Building,secondary,,<$5M,<2,,True
465,Salaberry-de-Valleyfield,2022,541330,Engineering Services,secondary,5.775,>=$5M,5,5.0,False
465,Salaberry-de-Valleyfield,2022,541370,Surveying and Mapping (except Geophysical) Service,secondary,2.352,<$5M,3,5.3,False
465,Salaberry-de-Valleyfield,2022,541511,Custom Computer Programming Services,secondary,1.656,<$5M,2,4.0,False
465,Salaberry-de-Valleyfield,2022,ALL,All,all,19.445,>=$5M,14,4.4,False
465,Salaberry-de-Valleyfield,2022,PRIMARY,Primary,primary,,<$5M,<2,,True
465,Salaberry-de-Valleyfield,2022,SECONDARY,Secondary,secondary,18.671,>=$5M,13,4.5,False
465,Salaberry-de-Valleyfield,2023,331110,Iron and Steel Mills and Ferroalloy Manufacturing,secondary,6.984,>=$5M,2,3.5,False
465,Salaberry-de-Valleyfield,2023,333310,Commercial and Service Industry Machinery Manufact,primary,,<$5M,<2,,True
465,Salaberry-de-Valleyfield,2023,336612,Boat Building,secondary,,<$5M,<2,,True
465,Salaberry-de-Valleyfield,2023,541330,Engineering Services,secondary,4.722,<$5M,4,5.5,False
465,Salaberry-de-Valleyfield,2023,541370,Surveying and Mapping (except Geophysical) Service,secondary,2.352,<$5M,3,5.3,False
465,Salaberry-de-Valleyfield,2023,541511,Custom Computer Programming Services,secondary,1.656,<$5M,2,4.0,False
465,Salaberry-de-Valleyfield,2023,ALL,All,all,16.692,>=$5M,13,4.5,False
465,Salaberry-de-Valleyfield,2023,PRIMARY,Primary,primary,,<$5M,<2,,True
465,Salaberry-de-Valleyfield,2023,SECONDARY,Secondary,secondary,16.316,>=$5M,12,4.7,False
465,Salaberry-de-Valleyfield,2024,331110,Iron and Steel Mills and Ferroalloy Manufacturing,secondary,4.511,<$5M,2,3.5,False
465,Salaberry-de-Valleyfield,2024,333310,Commercial and Service Industry Machinery Manufact,primary,,<$5M,<2,,True
465,Salaberry-de-Valleyfield,2024,336612,Boat Building,secondary,,<$5M,<2,,True
465,Salaberry-de-Valleyfield,2024,541330,Engineering Services,secondary,3.51,<$5M,3,6.0,False
465,Salaberry-de-Valleyfield,2024,541370,Surveying and Mapping (except Geophysical) Service,secondary,0.789,<$5M,3,2.7,False
465,Salaberry-de-Valleyfield,2024,541511,Custom Computer Programming Services,secondary,0.6,<$5M,2,2.0,False
465,Salaberry-de-Valleyfield,2024,ALL,All,all,10.388,>=$5M,12,3.5,False
465,Salaberry-de-Valleyfield,2024,PRIMARY,Primary,primary,,<$5M,<2,,True
465,Salaberry-de-Valleyfield,2024,SECONDARY,Secondary,secondary,10.012,>=$5M,11,3.6,False
465,Salaberry-de-Valleyfield,2025,331110,Iron and Steel Mills and Ferroalloy Manufacturing,secondary,4.511,<$5M,2,3.5,False
465,Salaberry-de-Valleyfield,2025,333310,Commercial and Service Industry Machinery Manufact,primary,,<$5M,<2,,True
465,Salaberry-de-Valleyfield,2025,336612,Boat Building,secondary,,<$5M,<2,,True
465,Salaberry-de-Valleyfield,2025,541330,Engineering Services,secondary,3.51,<$5M,3,6.0,False
465,Salaberry-de-Valleyfield,2025,541370,Surveying and Mapping (except Geophysical) Service,secondary,0.789,<$5M,3,2.7,False
465,Salaberry-de-Valleyfield,2025,541511,Custom Computer Programming Services,secondary,0.6,<$5M,2,2.0,False
465,Salaberry-de-Valleyfield,2025,ALL,All,all,10.388,>=$5M,12,3.5,False
465,Salaberry-de-Valleyfield,2025,PRIMARY,Primary,primary,,<$5M,<2,,True
465,Salaberry-de-Valleyfield,2025,SECONDARY,Secondary,secondary,10.012,>=$5M,11,3.6,False
920,Salmon Arm,2017,541330,Engineering Services,secondary,4.158,<$5M,5,3.6,False
920,Salmon Arm,2017,541370,Surveying & Mapping (except Geophysical) Services,secondary,2.793,<$5M,2,9.5,False
920,Salmon Arm,2017,ALL,All,all,6.951,>=$5M,7,5.3,False
920,Salmon Arm,2017,SECONDARY,Secondary,secondary,6.951,>=$5M,7,5.3,False
920,Salmon Arm,2018,541330,Engineering Services,secondary,5.313,>=$5M,6,3.8,False
920,Salmon Arm,2018,541370,Surveying & Mapping (except Geophysical) Services,secondary,2.793,<$5M,2,9.5,False
920,Salmon Arm,2018,ALL,All,all,8.106,>=$5M,8,5.2,False
920,Salmon Arm,2018,SECONDARY,Secondary,secondary,8.106,>=$5M,8,5.2,False
920,Salmon Arm,2019,541330,Engineering Services,secondary,5.544,>=$5M,6,4.0,False
920,Salmon Arm,2019,541370,Surveying & Mapping (except Geophysical) Services,secondary,4.263,<$5M,4,7.2,False
920,Salmon Arm,2019,ALL,All,all,9.807,>=$5M,10,5.3,False
920,Salmon Arm,2019,SECONDARY,Secondary,secondary,9.807,>=$5M,10,5.3,False
920,Salmon Arm,2020,541330,Engineering Services,secondary,5.544,>=$5M,6,4.0,False
920,Salmon Arm,2020,541370,Surveying & Mapping (except Geophysical) Services,secondary,4.263,<$5M,4,7.2,False
920,Salmon Arm,2020,ALL,All,all,9.807,>=$5M,10,5.3,False
920,Salmon Arm,2020,SECONDARY,Secondary,secondary,9.807,>=$5M,10,5.3,False
920,Salmon Arm,2021,541330,Engineering Services,secondary,5.544,>=$5M,6,4.0,False
920,Salmon Arm,2021,541370,Surveying and Mapping (except Geophysical) Service,secondary,4.263,<$5M,4,7.2,False
920,Salmon Arm,2021,ALL,All,all,9.807,>=$5M,10,5.3,False
920,Salmon Arm,2021,SECONDARY,Secondary,secondary,9.807,>=$5M,10,5.3,False
920,Salmon Arm,2022,334610,Manufacturing and Reproducing Magnetic and Optical,secondary,,<$5M,<2,,True
920,Salmon Arm,2022,541330,Engineering Services,secondary,7.854,>=$5M,8,3.9,False
920,Salmon Arm,2022,541370,Surveying and Mapping (except Geophysical) Service,secondary,2.793,<$5M,3,6.3,False
920,Salmon Arm,2022,ALL,All,all,15.289,>=$5M,12,5.1,False
920,Salmon Arm,2022,SECONDARY,Secondary,secondary,15.289,>=$5M,12,5.1,False
920,Salmon Arm,2023,334610,Manufacturing and Reproducing Magnetic and Optical,secondary,,<$5M,<2,,True
920,Salmon Arm,2023,541330,Engineering Services,secondary,6.108,>=$5M,7,3.6,False
920,Salmon Arm,2023,541370,Surveying and Mapping (except Geophysical) Service,secondary,4.263,<$5M,4,7.2,False
920,Salmon Arm,2023,ALL,All,all,15.013,>=$5M,12,5.4,False
920,Salmon Arm,2023,SECONDARY,Secondary,secondary,15.013,>=$5M,12,5.4,False
920,Salmon Arm,2024,334610,Manufacturing and Reproducing Magnetic and Optical,secondary,,<$5M,<2,,True
920,Salmon Arm,2024,541330,Engineering Services,secondary,7.409,>=$5M,7,5.4,False
920,Salmon Arm,2024,541370,Surveying and Mapping (except Geophysical) Service,secondary,2.365,<$5M,4,6.0,False
920,Salmon Arm,2024,ALL,All,all,10.562,>=$5M,12,5.3,False
920,Salmon Arm,2024,SECONDARY,Secondary,secondary,10.562,>=$5M,12,5.3,False
920,Salmon Arm,2025,334610,Manufacturing and Reproducing Magnetic and Optical,secondary,,<$5M,<2,,True
920,Salmon Arm,2025,541330,Engineering Services,secondary,7.409,>=$5M,7,5.4,False
920,Salmon Arm,2025,541370,Surveying and Mapping (except Geophysical) Service,secondary,2.464,<$5M,4,6.2,False
920,Salmon Arm,2025,ALL,All,all,10.661,>=$5M,12,5.4,False
920,Salmon Arm,2025,SECONDARY,Secondary,secondary,10.661,>=$5M,12,5.4,False
562,Sarnia,2017,331110,Iron & Steel Mills & Ferroalloy Manufacturing,secondary,54.672,>=$5M,3,16.0,False
562,Sarnia,2017,541330,Engineering Services,secondary,51.282,>=$5M,22,10.1,False
562,Sarnia,2017,541370,Surveying & Mapping (except Geophysical) Services,secondary,6.615,>=$5M,3,15.0,False
562,Sarnia,2017,541511,Custom Computer Programming Services,secondary,1.242,<$5M,2,3.0,False
562,Sarnia,2017,ALL,All,all,113.811,>=$5M,30,10.7,False
562,Sarnia,2017,SECONDARY,Secondary,secondary,113.811,>=$5M,30,10.7,False
562,Sarnia,2018,331110,Iron & Steel Mills & Ferroalloy Manufacturing,secondary,54.672,>=$5M,3,16.0,False
562,Sarnia,2018,541330,Engineering Services,secondary,54.516,>=$5M,23,10.3,False
562,Sarnia,2018,541370,Surveying & Mapping (except Geophysical) Services,secondary,6.615,>=$5M,3,15.0,False
562,Sarnia,2018,541511,Custom Computer Programming Services,secondary,1.242,<$5M,2,3.0,False
562,Sarnia,2018,ALL,All,all,117.045,>=$5M,31,10.8,False
562,Sarnia,2018,SECONDARY,Secondary,secondary,117.045,>=$5M,31,10.8,False
562,Sarnia,2019,331110,Iron & Steel Mills & Ferroalloy Manufacturing,secondary,54.672,>=$5M,3,16.0,False
562,Sarnia,2019,541330,Engineering Services,secondary,77.154,>=$5M,26,12.8,False
562,Sarnia,2019,541370,Surveying & Mapping (except Geophysical) Services,secondary,6.615,>=$5M,3,15.0,False
562,Sarnia,2019,541511,Custom Computer Programming Services,secondary,2.484,<$5M,4,3.0,False
562,Sarnia,2019,ALL,All,all,140.925,>=$5M,36,12.2,False
562,Sarnia,2019,SECONDARY,Secondary,secondary,140.925,>=$5M,36,12.2,False
562,Sarnia,2020,331110,Iron & Steel Mills & Ferroalloy Manufacturing,secondary,64.923,>=$5M,4,14.2,False
562,Sarnia,2020,336611,Ship Building & Repairing,secondary,,>=$5M,<2,,True
562,Sarnia,2020,541330,Engineering Services,secondary,78.309,>=$5M,27,12.6,False
562,Sarnia,2020,541370,Surveying & Mapping (except Geophysical) Services,secondary,6.615,>=$5M,3,15.0,False
562,Sarnia,2020,541511,Custom Computer Programming Services,secondary,2.484,<$5M,4,3.0,False
562,Sarnia,2020,ALL,All,all,168.981,>=$5M,39,13.5,False
562,Sarnia,2020,SECONDARY,Secondary,secondary,168.981,>=$5M,39,13.5,False
562,Sarnia,2021,331110,Iron and Steel Mills and Ferroalloy Manufacturing,secondary,64.923,>=$5M,4,14.2,False
562,Sarnia,2021,336611,Ship Building and Repairing,secondary,,>=$5M,<2,,True
562,Sarnia,2021,541330,Engineering Services,secondary,76.23,>=$5M,27,12.2,False
562,Sarnia,2021,541370,Surveying and Mapping (except Geophysical) Service,secondary,6.615,>=$5M,3,15.0,False
562,Sarnia,2021,541511,Custom Computer Programming Services,secondary,2.484,<$5M,4,3.0,False
562,Sarnia,2021,ALL,All,all,166.902,>=$5M,39,13.3,False
562,Sarnia,2021,SECONDARY,Secondary,secondary,166.902,>=$5M,39,13.3,False
562,Sarnia,2022,331110,Iron and Steel Mills and Ferroalloy Manufacturing,secondary,87.703,>=$5M,5,11.4,False
562,Sarnia,2022,333310,Commercial and Service Industry Machinery Manufact,primary,,<$5M,<2,,True
562,Sarnia,2022,334610,Manufacturing and Reproducing Magnetic and Optical,secondary,,<$5M,<2,,True
562,Sarnia,2022,336611,Ship Building and Repairing,secondary,,>=$5M,<2,,True
562,Sarnia,2022,541330,Engineering Services,secondary,76.23,>=$5M,27,12.2,False
562,Sarnia,2022,541370,Surveying and Mapping (except Geophysical) Service,secondary,6.615,>=$5M,3,15.0,False
562,Sarnia,2022,541511,Custom Computer Programming Services,secondary,2.484,<$5M,4,2.5,False
562,Sarnia,2022,ALL,All,all,196.366,>=$5M,42,12.7,False
562,Sarnia,2022,PRIMARY,Primary,primary,,<$5M,<2,,True
562,Sarnia,2022,SECONDARY,Secondary,secondary,193.902,>=$5M,41,12.9,False
562,Sarnia,2023,331110,Iron and Steel Mills and Ferroalloy Manufacturing,secondary,71.021,>=$5M,4,12.0,False
562,Sarnia,2023,333310,Commercial and Service Industry Machinery Manufact,primary,,<$5M,<2,,True
562,Sarnia,2023,334610,Manufacturing and Reproducing Magnetic and Optical,secondary,,<$5M,<2,,True
562,Sarnia,2023,541330,Engineering Services,secondary,71.757,>=$5M,26,12.5,False
562,Sarnia,2023,541370,Surveying and Mapping (except Geophysical) Service,secondary,6.615,>=$5M,3,15.0,False
562,Sarnia,2023,541511,Custom Computer Programming Services,secondary,2.484,<$5M,4,2.5,False
562,Sarnia,2023,ALL,All,all,158.278,>=$5M,39,11.4,False
562,Sarnia,2023,PRIMARY,Primary,primary,,<$5M,<2,,True
562,Sarnia,2023,SECONDARY,Secondary,secondary,155.814,>=$5M,38,11.5,False
562,Sarnia,2024,331110,Iron and Steel Mills and Ferroalloy Manufacturing,secondary,50.254,>=$5M,4,19.5,False
562,Sarnia,2024,333310,Commercial and Service Industry Machinery Manufact,primary,,<$5M,<2,,True
562,Sarnia,2024,334610,Manufacturing and Reproducing Magnetic and Optical,secondary,,<$5M,<2,,True
562,Sarnia,2024,541330,Engineering Services,secondary,71.149,>=$5M,26,14.0,False
562,Sarnia,2024,541370,Surveying and Mapping (except Geophysical) Service,secondary,3.841,<$5M,2,19.5,False
562,Sarnia,2024,541511,Custom Computer Programming Services,secondary,0.9,<$5M,4,1.5,False
562,Sarnia,2024,ALL,All,all,131.457,>=$5M,38,13.3,False
562,Sarnia,2024,PRIMARY,Primary,primary,,<$5M,<2,,True
562,Sarnia,2024,SECONDARY,Secondary,secondary,130.081,>=$5M,37,13.5,False
562,Sarnia,2025,331110,Iron and Steel Mills and Ferroalloy Manufacturing,secondary,50.898,>=$5M,4,19.8,False
562,Sarnia,2025,333310,Commercial and Service Industry Machinery Manufact,primary,,<$5M,<2,,True
562,Sarnia,2025,334610,Manufacturing and Reproducing Magnetic and Optical,secondary,,<$5M,<2,,True
562,Sarnia,2025,541330,Engineering Services,secondary,71.928,>=$5M,26,14.2,False
562,Sarnia,2025,541370,Surveying and Mapping (except Geophysical) Service,secondary,3.841,<$5M,2,19.5,False
562,Sarnia,2025,541511,Custom Computer Programming Services,secondary,1.349,<$5M,5,1.8,False
562,Sarnia,2025,ALL,All,all,133.329,>=$5M,39,13.2,False
562,Sarnia,2025,PRIMARY,Primary,primary,,<$5M,<2,,True
562,Sarnia,2025,SECONDARY,Secondary,secondary,131.953,>=$5M,38,13.3,False
725,Saskatoon,2017,331110,Iron & Steel Mills & Ferroalloy Manufacturing,secondary,,>=$5M,<2,,True
725,Saskatoon,2017,541330,Engineering Services,secondary,165.396,>=$5M,63,11.4,False
725,Saskatoon,2017,541370,Surveying & Mapping (except Geophysical) Services,secondary,13.083,>=$5M,12,7.4,False
725,Saskatoon,2017,541511,Custom Computer Programming Services,secondary,4.14,<$5M,5,4.0,False
725,Saskatoon,2017,ALL,All,all,191.731,>=$5M,81,10.3,False
725,Saskatoon,2017,SECONDARY,Secondary,secondary,191.731,>=$5M,81,10.3,False
725,Saskatoon,2018,331110,Iron & Steel Mills & Ferroalloy Manufacturing,secondary,,>=$5M,<2,,True
725,Saskatoon,2018,541330,Engineering Services,secondary,173.712,>=$5M,64,11.8,False
725,Saskatoon,2018,541370,Surveying & Mapping (except Geophysical) Services,secondary,14.553,>=$5M,12,8.2,False
725,Saskatoon,2018,541511,Custom Computer Programming Services,secondary,4.14,<$5M,5,4.0,False
725,Saskatoon,2018,ALL,All,all,201.517,>=$5M,82,10.7,False
725,Saskatoon,2018,SECONDARY,Secondary,secondary,201.517,>=$5M,82,10.7,False
725,Saskatoon,2019,331110,Iron & Steel Mills & Ferroalloy Manufacturing,secondary,,>=$5M,<2,,True
725,Saskatoon,2019,541330,Engineering Services,secondary,275.814,>=$5M,75,15.9,False
725,Saskatoon,2019,541370,Surveying & Mapping (except Geophysical) Services,secondary,14.553,>=$5M,12,8.2,False
725,Saskatoon,2019,541511,Custom Computer Programming Services,secondary,15.111,>=$5M,11,6.6,False
725,Saskatoon,2019,ALL,All,all,314.59,>=$5M,99,13.9,False
725,Saskatoon,2019,SECONDARY,Secondary,secondary,314.59,>=$5M,99,13.9,False
725,Saskatoon,2020,331110,Iron & Steel Mills & Ferroalloy Manufacturing,secondary,18.224,>=$5M,2,8.0,False
725,Saskatoon,2020,541330,Engineering Services,secondary,263.802,>=$5M,77,14.8,False
725,Saskatoon,2020,541370,Surveying & Mapping (except Geophysical) Services,secondary,14.847,>=$5M,13,7.8,False
725,Saskatoon,2020,541511,Custom Computer Programming Services,secondary,15.318,>=$5M,11,6.7,False
725,Saskatoon,2020,ALL,All,all,312.191,>=$5M,103,12.9,False
725,Saskatoon,2020,SECONDARY,Secondary,secondary,312.191,>=$5M,103,12.9,False
725,Saskatoon,2021,331110,Iron and Steel Mills and Ferroalloy Manufacturing,secondary,18.224,>=$5M,2,8.0,False
725,Saskatoon,2021,541330,Engineering Services,secondary,226.38,>=$5M,73,13.6,False
725,Saskatoon,2021,541370,Surveying and Mapping (except Geophysical) Service,secondary,14.847,>=$5M,13,7.8,False
725,Saskatoon,2021,541511,Custom Computer Programming Services,secondary,15.318,>=$5M,11,6.7,False
725,Saskatoon,2021,ALL,All,all,274.769,>=$5M,99,11.9,False
725,Saskatoon,2021,SECONDARY,Secondary,secondary,274.769,>=$5M,99,11.9,False
725,Saskatoon,2022,331110,Iron and Steel Mills and Ferroalloy Manufacturing,secondary,,>=$5M,<2,,True
725,Saskatoon,2022,333310,Commercial and Service Industry Machinery Manufact,primary,28.764,>=$5M,7,12.7,False
725,Saskatoon,2022,541330,Engineering Services,secondary,165.396,>=$5M,74,13.3,False
725,Saskatoon,2022,541370,Surveying and Mapping (except Geophysical) Service,secondary,14.847,>=$5M,13,7.8,False
725,Saskatoon,2022,541511,Custom Computer Programming Services,secondary,15.318,>=$5M,11,6.7,False
725,Saskatoon,2022,ALL,All,all,233.437,>=$5M,106,11.9,False
725,Saskatoon,2022,PRIMARY,Primary,primary,28.764,>=$5M,7,12.7,False
725,Saskatoon,2022,SECONDARY,Secondary,secondary,204.673,>=$5M,99,11.8,False
725,Saskatoon,2023,331110,Iron and Steel Mills and Ferroalloy Manufacturing,secondary,,>=$5M,<2,,True
725,Saskatoon,2023,333310,Commercial and Service Industry Machinery Manufact,primary,28.22,>=$5M,7,12.7,False
725,Saskatoon,2023,541330,Engineering Services,secondary,151.569,>=$5M,68,13.7,False
725,Saskatoon,2023,541370,Surveying and Mapping (except Geophysical) Service,secondary,12.665,>=$5M,13,7.8,False
725,Saskatoon,2023,541511,Custom Computer Programming Services,secondary,7.659,>=$5M,9,4.1,False
725,Saskatoon,2023,ALL,All,all,205.268,>=$5M,98,11.9,False
725,Saskatoon,2023,PRIMARY,Primary,primary,28.22,>=$5M,7,12.7,False
725,Saskatoon,2023,SECONDARY,Secondary,secondary,177.048,>=$5M,91,11.8,False
725,Saskatoon,2024,331110,Iron and Steel Mills and Ferroalloy Manufacturing,secondary,,>=$5M,<2,,True
725,Saskatoon,2024,333310,Commercial and Service Industry Machinery Manufact,primary,17.448,>=$5M,9,11.2,False
725,Saskatoon,2024,334511,"Search, Detection, Navigation, Guidance, Aeronauti",primary,,>=$5M,<2,,True
725,Saskatoon,2024,541330,Engineering Services,secondary,193.179,>=$5M,74,13.0,False
725,Saskatoon,2024,541370,Surveying and Mapping (except Geophysical) Service,secondary,7.488,>=$5M,12,6.2,False
725,Saskatoon,2024,541511,Custom Computer Programming Services,secondary,15.416,>=$5M,15,6.9,False
725,Saskatoon,2024,ALL,All,all,246.204,>=$5M,112,11.6,False
725,Saskatoon,2024,PRIMARY,Primary,primary,24.966,>=$5M,10,14.6,False
725,Saskatoon,2024,SECONDARY,Secondary,secondary,221.238,>=$5M,102,11.3,False
725,Saskatoon,2025,331110,Iron and Steel Mills and Ferroalloy Manufacturing,secondary,,>=$5M,<2,,True
725,Saskatoon,2025,333310,Commercial and Service Industry Machinery Manufact,primary,17.964,>=$5M,9,11.6,False
725,Saskatoon,2025,334511,"Search, Detection, Navigation, Guidance, Aeronauti",primary,,>=$5M,<2,,True
725,Saskatoon,2025,541330,Engineering Services,secondary,195.128,>=$5M,75,13.3,False
725,Saskatoon,2025,541370,Surveying and Mapping (except Geophysical) Service,secondary,7.784,>=$5M,12,6.6,False
725,Saskatoon,2025,541511,Custom Computer Programming Services,secondary,8.58,>=$5M,15,6.9,False
725,Saskatoon,2025,ALL,All,all,244.243,>=$5M,113,11.5,False
725,Saskatoon,2025,PRIMARY,Primary,primary,27.596,>=$5M,10,11.3,False
725,Saskatoon,2025,SECONDARY,Secondary,secondary,216.647,>=$5M,103,11.6,False
590,Sault Ste. Marie,2017,331110,Iron & Steel Mills & Ferroalloy Manufacturing,secondary,,<$5M,<2,,True
590,Sault Ste. Marie,2017,541330,Engineering Services,secondary,44.583,>=$5M,24,8.0,False
590,Sault Ste. Marie,2017,541370,Surveying & Mapping (except Geophysical) Services,secondary,4.41,<$5M,3,10.0,False
590,Sault Ste. Marie,2017,541511,Custom Computer Programming Services,secondary,0.828,<$5M,2,2.0,False
590,Sault Ste. Marie,2017,ALL,All,all,50.96,>=$5M,30,7.6,False
590,Sault Ste. Marie,2017,SECONDARY,Secondary,secondary,50.96,>=$5M,30,7.6,False
590,Sault Ste. Marie,2018,331110,Iron & Steel Mills & Ferroalloy Manufacturing,secondary,,<$5M,<2,,True
590,Sault Ste. Marie,2018,541330,Engineering Services,secondary,48.279,>=$5M,25,8.4,False
590,Sault Ste. Marie,2018,541370,Surveying & Mapping (except Geophysical) Services,secondary,4.41,<$5M,3,10.0,False
590,Sault Ste. Marie,2018,541511,Custom Computer Programming Services,secondary,1.863,<$5M,3,3.0,False
590,Sault Ste. Marie,2018,ALL,All,all,55.691,>=$5M,32,7.8,False
590,Sault Ste. Marie,2018,SECONDARY,Secondary,secondary,55.691,>=$5M,32,7.8,False
590,Sault Ste. Marie,2019,331110,Iron & Steel Mills & Ferroalloy Manufacturing,secondary,,<$5M,<2,,True
590,Sault Ste. Marie,2019,336611,Ship Building & Repairing,secondary,,>=$5M,<2,,True
590,Sault Ste. Marie,2019,541330,Engineering Services,secondary,50.358,>=$5M,27,8.1,False
590,Sault Ste. Marie,2019,541370,Surveying & Mapping (except Geophysical) Services,secondary,5.292,>=$5M,4,9.0,False
590,Sault Ste. Marie,2019,541511,Custom Computer Programming Services,secondary,1.863,<$5M,3,3.0,False
590,Sault Ste. Marie,2019,ALL,All,all,75.302,>=$5M,36,9.4,False
590,Sault Ste. Marie,2019,SECONDARY,Secondary,secondary,75.302,>=$5M,36,9.4,False
590,Sault Ste. Marie,2020,331110,Iron & Steel Mills & Ferroalloy Manufacturing,secondary,,<$5M,<2,,True
590,Sault Ste. Marie,2020,336611,Ship Building & Repairing,secondary,,>=$5M,<2,,True
590,Sault Ste. Marie,2020,541330,Engineering Services,secondary,50.82,>=$5M,27,8.1,False
590,Sault Ste. Marie,2020,541370,Surveying & Mapping (except Geophysical) Services,secondary,5.292,>=$5M,4,9.0,False
590,Sault Ste. Marie,2020,541511,Custom Computer Programming Services,secondary,1.863,<$5M,3,3.0,False
590,Sault Ste. Marie,2020,ALL,All,all,75.764,>=$5M,36,9.5,False
590,Sault Ste. Marie,2020,SECONDARY,Secondary,secondary,75.764,>=$5M,36,9.5,False
590,Sault Ste. Marie,2021,331110,Iron and Steel Mills and Ferroalloy Manufacturing,secondary,,<$5M,<2,,True
590,Sault Ste. Marie,2021,541330,Engineering Services,secondary,52.668,>=$5M,28,8.1,False
590,Sault Ste. Marie,2021,541370,Surveying and Mapping (except Geophysical) Service,secondary,5.292,>=$5M,4,9.0,False
590,Sault Ste. Marie,2021,541511,Custom Computer Programming Services,secondary,1.863,<$5M,3,3.0,False
590,Sault Ste. Marie,2021,ALL,All,all,60.962,>=$5M,36,7.6,False
590,Sault Ste. Marie,2021,SECONDARY,Secondary,secondary,60.962,>=$5M,36,7.6,False
590,Sault Ste. Marie,2022,331110,Iron and Steel Mills and Ferroalloy Manufacturing,secondary,,<$5M,<2,,True
590,Sault Ste. Marie,2022,333310,Commercial and Service Industry Machinery Manufact,primary,,<$5M,<2,,True
590,Sault Ste. Marie,2022,541330,Engineering Services,secondary,52.668,>=$5M,28,8.1,False
590,Sault Ste. Marie,2022,541370,Surveying and Mapping (except Geophysical) Service,secondary,5.292,>=$5M,4,9.0,False
590,Sault Ste. Marie,2022,541511,Custom Computer Programming Services,secondary,1.863,<$5M,3,3.0,False
590,Sault Ste. Marie,2022,ALL,All,all,62.897,>=$5M,37,7.5,False
590,Sault Ste. Marie,2022,PRIMARY,Primary,primary,,<$5M,<2,,True
590,Sault Ste. Marie,2022,SECONDARY,Secondary,secondary,60.962,>=$5M,36,7.6,False
590,Sault Ste. Marie,2023,331110,Iron and Steel Mills and Ferroalloy Manufacturing,secondary,,<$5M,<2,,True
590,Sault Ste. Marie,2023,333310,Commercial and Service Industry Machinery Manufact,primary,,<$5M,<2,,True
590,Sault Ste. Marie,2023,541330,Engineering Services,secondary,49.98,>=$5M,27,8.3,False
590,Sault Ste. Marie,2023,541370,Surveying and Mapping (except Geophysical) Service,secondary,3.087,<$5M,3,7.0,False
590,Sault Ste. Marie,2023,541511,Custom Computer Programming Services,secondary,1.863,<$5M,3,3.0,False
590,Sault Ste. Marie,2023,ALL,All,all,58.004,>=$5M,35,7.4,False
590,Sault Ste. Marie,2023,PRIMARY,Primary,primary,,<$5M,<2,,True
590,Sault Ste. Marie,2023,SECONDARY,Secondary,secondary,56.069,>=$5M,34,7.5,False
590,Sault Ste. Marie,2024,331110,Iron and Steel Mills and Ferroalloy Manufacturing,secondary,,<$5M,<2,,True
590,Sault Ste. Marie,2024,333310,Commercial and Service Industry Machinery Manufact,primary,1.424,<$5M,2,4.0,False
590,Sault Ste. Marie,2024,541330,Engineering Services,secondary,35.133,>=$5M,27,6.7,False
590,Sault Ste. Marie,2024,541370,Surveying and Mapping (except Geophysical) Service,secondary,1.874,<$5M,5,3.8,False
590,Sault Ste. Marie,2024,541511,Custom Computer Programming Services,secondary,1.2,<$5M,4,2.0,False
590,Sault Ste. Marie,2024,ALL,All,all,40.276,>=$5M,39,5.6,False
590,Sault Ste. Marie,2024,PRIMARY,Primary,primary,1.424,<$5M,2,4.0,False
590,Sault Ste. Marie,2024,SECONDARY,Secondary,secondary,38.852,>=$5M,37,5.6,False
590,Sault Ste. Marie,2025,331110,Iron and Steel Mills and Ferroalloy Manufacturing,secondary,,<$5M,<2,,True
590,Sault Ste. Marie,2025,333310,Commercial and Service Industry Machinery Manufact,primary,1.424,<$5M,2,4.0,False
590,Sault Ste. Marie,2025,336611,Ship Building and Repairing,secondary,,>=$5M,<2,,True
590,Sault Ste. Marie,2025,541330,Engineering Services,secondary,35.875,>=$5M,28,6.6,False
590,Sault Ste. Marie,2025,541370,Surveying and Mapping (except Geophysical) Service,secondary,1.874,<$5M,5,3.8,False
590,Sault Ste. Marie,2025,541511,Custom Computer Programming Services,secondary,1.2,<$5M,4,2.0,False
590,Sault Ste. Marie,2025,ALL,All,all,51.867,>=$5M,41,6.3,False
590,Sault Ste. Marie,2025,PRIMARY,Primary,primary,1.424,<$5M,2,4.0,False
590,Sault Ste. Marie,2025,SECONDARY,Secondary,secondary,50.443,>=$5M,39,6.4,False
412,Sept-Îles,2017,331110,Iron & Steel Mills & Ferroalloy Manufacturing,secondary,19.363,>=$5M,2,8.5,False
412,Sept-Îles,2017,336611,Ship Building & Repairing,secondary,,<$5M,<2,,True
412,Sept-Îles,2017,541330,Engineering Services,secondary,7.161,>=$5M,2,15.5,False
412,Sept-Îles,2017,541370,Surveying & Mapping (except Geophysical) Services,secondary,9.555,>=$5M,6,10.8,False
412,Sept-Îles,2017,ALL,All,all,38.299,>=$5M,11,11.2,False
412,Sept-Îles,2017,SECONDARY,Secondary,secondary,38.299,>=$5M,11,11.2,False
412,Sept-Îles,2018,331110,Iron & Steel Mills & Ferroalloy Manufacturing,secondary,19.363,>=$5M,2,8.5,False
412,Sept-Îles,2018,336611,Ship Building & Repairing,secondary,,<$5M,<2,,True
412,Sept-Îles,2018,541330,Engineering Services,secondary,7.854,>=$5M,3,11.3,False
412,Sept-Îles,2018,541370,Surveying & Mapping (except Geophysical) Services,secondary,9.555,>=$5M,6,10.8,False
412,Sept-Îles,2018,ALL,All,all,38.992,>=$5M,12,10.5,False
412,Sept-Îles,2018,SECONDARY,Secondary,secondary,38.992,>=$5M,12,10.5,False
412,Sept-Îles,2019,331110,Iron & Steel Mills & Ferroalloy Manufacturing,secondary,19.363,>=$5M,2,8.5,False
412,Sept-Îles,2019,336611,Ship Building & Repairing,secondary,,<$5M,<2,,True
412,Sept-Îles,2019,541330,Engineering Services,secondary,26.565,>=$5M,7,16.4,False
412,Sept-Îles,2019,541370,Surveying & Mapping (except Geophysical) Services,secondary,9.555,>=$5M,6,10.8,False
412,Sept-Îles,2019,ALL,All,all,57.703,>=$5M,16,12.9,False
412,Sept-Îles,2019,SECONDARY,Secondary,secondary,57.703,>=$5M,16,12.9,False
412,Sept-Îles,2020,331110,Iron & Steel Mills & Ferroalloy Manufacturing,secondary,19.363,>=$5M,2,8.5,False
412,Sept-Îles,2020,336611,Ship Building & Repairing,secondary,,<$5M,<2,,True
412,Sept-Îles,2020,541330,Engineering Services,secondary,22.638,>=$5M,6,16.3,False
412,Sept-Îles,2020,541370,Surveying & Mapping (except Geophysical) Services,secondary,9.555,>=$5M,6,10.8,False
412,Sept-Îles,2020,ALL,All,all,53.776,>=$5M,15,12.7,False
412,Sept-Îles,2020,SECONDARY,Secondary,secondary,53.776,>=$5M,15,12.7,False
412,Sept-Îles,2021,331110,Iron and Steel Mills and Ferroalloy Manufacturing,secondary,19.363,>=$5M,2,8.5,False
412,Sept-Îles,2021,336611,Ship Building and Repairing,secondary,,<$5M,<2,,True
412,Sept-Îles,2021,541330,Engineering Services,secondary,22.638,>=$5M,6,16.3,False
412,Sept-Îles,2021,541370,Surveying and Mapping (except Geophysical) Service,secondary,9.555,>=$5M,6,10.8,False
412,Sept-Îles,2021,ALL,All,all,53.776,>=$5M,15,12.7,False
412,Sept-Îles,2021,SECONDARY,Secondary,secondary,53.776,>=$5M,15,12.7,False
412,Sept-Îles,2022,331110,Iron and Steel Mills and Ferroalloy Manufacturing,secondary,19.363,>=$5M,2,8.5,False
412,Sept-Îles,2022,333310,Commercial and Service Industry Machinery Manufact,primary,5.41,>=$5M,3,5.0,False
412,Sept-Îles,2022,336611,Ship Building and Repairing,secondary,,<$5M,<2,,True
412,Sept-Îles,2022,541330,Engineering Services,secondary,23.331,>=$5M,7,14.0,False
412,Sept-Îles,2022,541370,Surveying and Mapping (except Geophysical) Service,secondary,9.555,>=$5M,6,10.8,False
412,Sept-Îles,2022,ALL,All,all,59.879,>=$5M,19,10.8,False
412,Sept-Îles,2022,PRIMARY,Primary,primary,5.41,>=$5M,3,5.0,False
412,Sept-Îles,2022,SECONDARY,Secondary,secondary,54.469,>=$5M,16,11.9,False
412,Sept-Îles,2023,331110,Iron and Steel Mills and Ferroalloy Manufacturing,secondary,19.363,>=$5M,2,8.5,False
412,Sept-Îles,2023,333310,Commercial and Service Industry Machinery Manufact,primary,5.41,>=$5M,3,5.0,False
412,Sept-Îles,2023,336611,Ship Building and Repairing,secondary,,<$5M,<2,,True
412,Sept-Îles,2023,541330,Engineering Services,secondary,1.617,<$5M,3,1.3,False
412,Sept-Îles,2023,541370,Surveying and Mapping (except Geophysical) Service,secondary,7.372,>=$5M,6,10.8,False
412,Sept-Îles,2023,ALL,All,all,35.982,>=$5M,15,7.4,False
412,Sept-Îles,2023,PRIMARY,Primary,primary,5.41,>=$5M,3,5.0,False
412,Sept-Îles,2023,SECONDARY,Secondary,secondary,30.572,>=$5M,12,8.0,False
412,Sept-Îles,2024,331110,Iron and Steel Mills and Ferroalloy Manufacturing,secondary,9.665,>=$5M,2,7.5,False
412,Sept-Îles,2024,333310,Commercial and Service Industry Machinery Manufact,primary,4.838,<$5M,4,6.8,False
412,Sept-Îles,2024,336611,Ship Building and Repairing,secondary,,<$5M,<2,,True
412,Sept-Îles,2024,541330,Engineering Services,secondary,62.569,>=$5M,7,45.9,False
412,Sept-Îles,2024,541370,Surveying and Mapping (except Geophysical) Service,secondary,4.729,<$5M,5,9.6,False
412,Sept-Îles,2024,ALL,All,all,84.583,>=$5M,19,22.2,False
412,Sept-Îles,2024,PRIMARY,Primary,primary,4.838,<$5M,4,6.8,False
412,Sept-Îles,2024,SECONDARY,Secondary,secondary,79.745,>=$5M,15,26.3,False
412,Sept-Îles,2025,331110,Iron and Steel Mills and Ferroalloy Manufacturing,secondary,9.665,>=$5M,2,7.5,False
412,Sept-Îles,2025,333310,Commercial and Service Industry Machinery Manufact,primary,4.838,<$5M,4,6.8,False
412,Sept-Îles,2025,336611,Ship Building and Repairing,secondary,,<$5M,<2,,True
412,Sept-Îles,2025,541330,Engineering Services,secondary,63.349,>=$5M,7,46.4,False
412,Sept-Îles,2025,541370,Surveying and Mapping (except Geophysical) Service,secondary,4.729,<$5M,5,9.6,False
412,Sept-Îles,2025,ALL,All,all,85.363,>=$5M,19,22.4,False
412,Sept-Îles,2025,PRIMARY,Primary,primary,4.838,<$5M,4,6.8,False
412,Sept-Îles,2025,SECONDARY,Secondary,secondary,80.525,>=$5M,15,26.5,False
444,Shawinigan,2017,331110,Iron & Steel Mills & Ferroalloy Manufacturing,secondary,68.34,>=$5M,3,20.0,False
444,Shawinigan,2017,336612,Boat Building,secondary,34.452,>=$5M,3,58.0,False
444,Shawinigan,2017,541330,Engineering Services,secondary,67.683,>=$5M,13,22.5,False
444,Shawinigan,2017,541370,Surveying & Mapping (except Geophysical) Services,secondary,3.381,<$5M,3,7.7,False
444,Shawinigan,2017,ALL,All,all,173.856,>=$5M,22,25.0,False
444,Shawinigan,2017,SECONDARY,Secondary,secondary,173.856,>=$5M,22,25.0,False
444,Shawinigan,2018,331110,Iron & Steel Mills & Ferroalloy Manufacturing,secondary,91.12,>=$5M,7,11.4,False
444,Shawinigan,2018,336612,Boat Building,secondary,34.452,>=$5M,3,58.0,False
444,Shawinigan,2018,541330,Engineering Services,secondary,68.376,>=$5M,14,21.1,False
444,Shawinigan,2018,541370,Surveying & Mapping (except Geophysical) Services,secondary,3.381,<$5M,3,7.7,False
444,Shawinigan,2018,ALL,All,all,197.329,>=$5M,27,21.2,False
444,Shawinigan,2018,SECONDARY,Secondary,secondary,197.329,>=$5M,27,21.2,False
444,Shawinigan,2019,331110,Iron & Steel Mills & Ferroalloy Manufacturing,secondary,91.12,>=$5M,7,11.4,False
444,Shawinigan,2019,336612,Boat Building,secondary,34.452,>=$5M,3,58.0,False
444,Shawinigan,2019,541330,Engineering Services,secondary,78.309,>=$5M,17,19.9,False
444,Shawinigan,2019,541370,Surveying & Mapping (except Geophysical) Services,secondary,3.381,<$5M,3,7.7,False
444,Shawinigan,2019,ALL,All,all,207.262,>=$5M,30,20.5,False
444,Shawinigan,2019,SECONDARY,Secondary,secondary,207.262,>=$5M,30,20.5,False
444,Shawinigan,2020,331110,Iron & Steel Mills & Ferroalloy Manufacturing,secondary,91.12,>=$5M,7,11.4,False
444,Shawinigan,2020,336612,Boat Building,secondary,34.452,>=$5M,3,58.0,False
444,Shawinigan,2020,541330,Engineering Services,secondary,81.543,>=$5M,18,19.6,False
444,Shawinigan,2020,541370,Surveying & Mapping (except Geophysical) Services,secondary,3.381,<$5M,3,7.7,False
444,Shawinigan,2020,ALL,All,all,210.496,>=$5M,31,20.3,False
444,Shawinigan,2020,SECONDARY,Secondary,secondary,210.496,>=$5M,31,20.3,False
444,Shawinigan,2021,331110,Iron and Steel Mills and Ferroalloy Manufacturing,secondary,91.12,>=$5M,7,11.4,False
444,Shawinigan,2021,336612,Boat Building,secondary,34.452,>=$5M,3,58.0,False
444,Shawinigan,2021,541330,Engineering Services,secondary,81.543,>=$5M,18,19.6,False
444,Shawinigan,2021,541370,Surveying and Mapping (except Geophysical) Service,secondary,,<$5M,<2,,True
444,Shawinigan,2021,ALL,All,all,208.144,>=$5M,29,21.2,False
444,Shawinigan,2021,SECONDARY,Secondary,secondary,208.144,>=$5M,29,21.2,False
444,Shawinigan,2022,331110,Iron and Steel Mills and Ferroalloy Manufacturing,secondary,91.12,>=$5M,7,11.4,False
444,Shawinigan,2022,333310,Commercial and Service Industry Machinery Manufact,primary,0.616,<$5M,2,1.0,False
444,Shawinigan,2022,336612,Boat Building,secondary,34.452,>=$5M,3,58.0,False
444,Shawinigan,2022,541330,Engineering Services,secondary,81.543,>=$5M,18,19.6,False
444,Shawinigan,2022,541370,Surveying and Mapping (except Geophysical) Service,secondary,2.352,<$5M,2,8.0,False
444,Shawinigan,2022,ALL,All,all,210.083,>=$5M,32,19.5,False
444,Shawinigan,2022,PRIMARY,Primary,primary,0.616,<$5M,2,1.0,False
444,Shawinigan,2022,SECONDARY,Secondary,secondary,209.467,>=$5M,30,20.8,False
444,Shawinigan,2023,331110,Iron and Steel Mills and Ferroalloy Manufacturing,secondary,91.12,>=$5M,7,11.4,False
444,Shawinigan,2023,333310,Commercial and Service Industry Machinery Manufact,primary,0.616,<$5M,2,1.0,False
444,Shawinigan,2023,336612,Boat Building,secondary,34.452,>=$5M,3,58.0,False
444,Shawinigan,2023,541330,Engineering Services,secondary,68.34,>=$5M,14,21.1,False
444,Shawinigan,2023,541370,Surveying and Mapping (except Geophysical) Service,secondary,2.352,<$5M,2,8.0,False
444,Shawinigan,2023,ALL,All,all,196.88,>=$5M,28,20.3,False
444,Shawinigan,2023,PRIMARY,Primary,primary,0.616,<$5M,2,1.0,False
444,Shawinigan,2023,SECONDARY,Secondary,secondary,196.264,>=$5M,26,21.8,False
444,Shawinigan,2024,331110,Iron and Steel Mills and Ferroalloy Manufacturing,secondary,43.811,>=$5M,7,9.7,False
444,Shawinigan,2024,333310,Commercial and Service Industry Machinery Manufact,primary,0.344,<$5M,2,1.0,False
444,Shawinigan,2024,336612,Boat Building,secondary,22.269,>=$5M,2,77.0,False
444,Shawinigan,2024,541330,Engineering Services,secondary,65.882,>=$5M,14,24.1,False
444,Shawinigan,2024,541370,Surveying and Mapping (except Geophysical) Service,secondary,1.577,<$5M,2,8.0,False
444,Shawinigan,2024,ALL,All,all,133.883,>=$5M,27,21.4,False
444,Shawinigan,2024,PRIMARY,Primary,primary,0.344,<$5M,2,1.0,False
444,Shawinigan,2024,SECONDARY,Secondary,secondary,133.539,>=$5M,25,23.0,False
444,Shawinigan,2025,331110,Iron and Steel Mills and Ferroalloy Manufacturing,secondary,43.811,>=$5M,7,9.7,False
444,Shawinigan,2025,333310,Commercial and Service Industry Machinery Manufact,primary,0.344,<$5M,2,1.0,False
444,Shawinigan,2025,336612,Boat Building,secondary,22.269,>=$5M,2,77.0,False
444,Shawinigan,2025,541330,Engineering Services,secondary,76.992,>=$5M,15,26.3,False
444,Shawinigan,2025,541370,Surveying and Mapping (except Geophysical) Service,secondary,1.577,<$5M,2,8.0,False
444,Shawinigan,2025,541511,Custom Computer Programming Services,secondary,,<$5M,<2,,True
444,Shawinigan,2025,ALL,All,all,146.489,>=$5M,29,22.2,False
444,Shawinigan,2025,PRIMARY,Primary,primary,0.344,<$5M,2,1.0,False
444,Shawinigan,2025,SECONDARY,Secondary,secondary,146.145,>=$5M,27,23.8,False
433,Sherbrooke,2017,331110,Iron & Steel Mills & Ferroalloy Manufacturing,secondary,115.039,>=$5M,11,9.2,False
433,Sherbrooke,2017,541330,Engineering Services,secondary,84.084,>=$5M,37,9.8,False
433,Sherbrooke,2017,541370,Surveying & Mapping (except Geophysical) Services,secondary,26.754,>=$5M,27,6.7,False
433,Sherbrooke,2017,541511,Custom Computer Programming Services,secondary,18.837,>=$5M,4,22.8,False
433,Sherbrooke,2017,ALL,All,all,244.714,>=$5M,79,9.3,False
433,Sherbrooke,2017,SECONDARY,Secondary,secondary,244.714,>=$5M,79,9.3,False
433,Sherbrooke,2018,331110,Iron & Steel Mills & Ferroalloy Manufacturing,secondary,118.456,>=$5M,11,9.5,False
433,Sherbrooke,2018,541330,Engineering Services,secondary,82.236,>=$5M,36,9.9,False
433,Sherbrooke,2018,541370,Surveying & Mapping (except Geophysical) Services,secondary,28.224,>=$5M,27,7.1,False
433,Sherbrooke,2018,541511,Custom Computer Programming Services,secondary,18.837,>=$5M,4,22.8,False
433,Sherbrooke,2018,ALL,All,all,247.753,>=$5M,78,9.5,False
433,Sherbrooke,2018,SECONDARY,Secondary,secondary,247.753,>=$5M,78,9.5,False
433,Sherbrooke,2019,331110,Iron & Steel Mills & Ferroalloy Manufacturing,secondary,118.456,>=$5M,11,9.5,False
433,Sherbrooke,2019,541330,Engineering Services,secondary,142.065,>=$5M,46,13.4,False
433,Sherbrooke,2019,541370,Surveying & Mapping (except Geophysical) Services,secondary,27.048,>=$5M,26,7.1,False
433,Sherbrooke,2019,541511,Custom Computer Programming Services,secondary,20.493,>=$5M,7,14.1,False
433,Sherbrooke,2019,ALL,All,all,308.062,>=$5M,90,11.1,False
433,Sherbrooke,2019,SECONDARY,Secondary,secondary,308.062,>=$5M,90,11.1,False
433,Sherbrooke,2020,331110,Iron & Steel Mills & Ferroalloy Manufacturing,secondary,118.456,>=$5M,11,9.5,False
433,Sherbrooke,2020,336611,Ship Building & Repairing,secondary,,<$5M,<2,,True
433,Sherbrooke,2020,541330,Engineering Services,secondary,91.014,>=$5M,44,9.0,False
433,Sherbrooke,2020,541370,Surveying & Mapping (except Geophysical) Services,secondary,26.901,>=$5M,26,7.0,False
433,Sherbrooke,2020,541511,Custom Computer Programming Services,secondary,19.665,>=$5M,7,13.6,False
433,Sherbrooke,2020,ALL,All,all,257.812,>=$5M,89,8.8,False
433,Sherbrooke,2020,SECONDARY,Secondary,secondary,257.812,>=$5M,89,8.8,False
433,Sherbrooke,2021,331110,Iron and Steel Mills and Ferroalloy Manufacturing,secondary,109.344,>=$5M,11,9.5,False
433,Sherbrooke,2021,336611,Ship Building and Repairing,secondary,,<$5M,<2,,True
433,Sherbrooke,2021,541330,Engineering Services,secondary,89.166,>=$5M,42,9.2,False
433,Sherbrooke,2021,541370,Surveying and Mapping (except Geophysical) Service,secondary,25.431,>=$5M,24,7.2,False
433,Sherbrooke,2021,541511,Custom Computer Programming Services,secondary,19.665,>=$5M,7,13.6,False
433,Sherbrooke,2021,ALL,All,all,245.382,>=$5M,85,9.0,False
433,Sherbrooke,2021,SECONDARY,Secondary,secondary,245.382,>=$5M,85,9.0,False
433,Sherbrooke,2022,331110,Iron and Steel Mills and Ferroalloy Manufacturing,secondary,107.066,>=$5M,11,9.3,False
433,Sherbrooke,2022,333310,Commercial and Service Industry Machinery Manufact,primary,31.173,>=$5M,9,14.4,False
433,Sherbrooke,2022,334610,Manufacturing and Reproducing Magnetic and Optical,secondary,,<$5M,<2,,True
433,Sherbrooke,2022,336611,Ship Building and Repairing,secondary,,<$5M,<2,,True
433,Sherbrooke,2022,541330,Engineering Services,secondary,94.599,>=$5M,48,8.3,False
433,Sherbrooke,2022,541370,Surveying and Mapping (except Geophysical) Service,secondary,25.431,>=$5M,24,7.2,False
433,Sherbrooke,2022,541511,Custom Computer Programming Services,secondary,19.665,>=$5M,7,13.6,False
433,Sherbrooke,2022,ALL,All,all,281.502,>=$5M,101,9.0,False
433,Sherbrooke,2022,PRIMARY,Primary,primary,31.173,>=$5M,9,14.4,False
433,Sherbrooke,2022,SECONDARY,Secondary,secondary,250.329,>=$5M,92,8.5,False
433,Sherbrooke,2023,331110,Iron and Steel Mills and Ferroalloy Manufacturing,secondary,99.645,>=$5M,11,9.3,False
433,Sherbrooke,2023,333310,Commercial and Service Industry Machinery Manufact,primary,29.133,>=$5M,9,14.4,False
433,Sherbrooke,2023,334610,Manufacturing and Reproducing Magnetic and Optical,secondary,,<$5M,<2,,True
433,Sherbrooke,2023,336611,Ship Building and Repairing,secondary,,<$5M,<2,,True
433,Sherbrooke,2023,336612,Boat Building,secondary,,<$5M,<2,,True
433,Sherbrooke,2023,541330,Engineering Services,secondary,93.482,>=$5M,48,8.3,False
433,Sherbrooke,2023,541370,Surveying and Mapping (except Geophysical) Service,secondary,24.364,>=$5M,24,7.1,False
433,Sherbrooke,2023,541511,Custom Computer Programming Services,secondary,18.517,>=$5M,7,13.6,False
433,Sherbrooke,2023,ALL,All,all,270.453,>=$5M,102,9.1,False
433,Sherbrooke,2023,PRIMARY,Primary,primary,29.133,>=$5M,9,14.4,False
433,Sherbrooke,2023,SECONDARY,Secondary,secondary,241.32,>=$5M,93,8.6,False
433,Sherbrooke,2024,331110,Iron and Steel Mills and Ferroalloy Manufacturing,secondary,116.616,>=$5M,10,17.8,False
433,Sherbrooke,2024,333310,Commercial and Service Industry Machinery Manufact,primary,20.498,>=$5M,8,15.9,False
433,Sherbrooke,2024,334511,"Search, Detection, Navigation, Guidance, Aeronauti",primary,,>=$5M,<2,,True
433,Sherbrooke,2024,334610,Manufacturing and Reproducing Magnetic and Optical,secondary,,<$5M,<2,,True
433,Sherbrooke,2024,336411,Aircraft Manufacturing,primary,,<$5M,<2,,True
433,Sherbrooke,2024,336611,Ship Building and Repairing,secondary,,>=$5M,<2,,True
433,Sherbrooke,2024,336612,Boat Building,secondary,,<$5M,<2,,True
433,Sherbrooke,2024,541330,Engineering Services,secondary,163.256,>=$5M,53,15.8,False
433,Sherbrooke,2024,541370,Surveying and Mapping (except Geophysical) Service,secondary,9.46,>=$5M,17,5.6,False
433,Sherbrooke,2024,541511,Custom Computer Programming Services,secondary,21.695,>=$5M,8,18.1,False
433,Sherbrooke,2024,ALL,All,all,361.452,>=$5M,101,14.9,False
433,Sherbrooke,2024,PRIMARY,Primary,primary,33.95,>=$5M,10,17.9,False
433,Sherbrooke,2024,SECONDARY,Secondary,secondary,327.502,>=$5M,91,14.5,False
433,Sherbrooke,2025,331110,Iron and Steel Mills and Ferroalloy Manufacturing,secondary,113.394,>=$5M,10,17.6,False
433,Sherbrooke,2025,333310,Commercial and Service Industry Machinery Manufact,primary,20.498,>=$5M,8,15.9,False
433,Sherbrooke,2025,334511,"Search, Detection, Navigation, Guidance, Aeronauti",primary,,>=$5M,<2,,True
433,Sherbrooke,2025,334610,Manufacturing and Reproducing Magnetic and Optical,secondary,,<$5M,<2,,True
433,Sherbrooke,2025,336411,Aircraft Manufacturing,primary,,<$5M,<2,,True
433,Sherbrooke,2025,336611,Ship Building and Repairing,secondary,,>=$5M,<2,,True
433,Sherbrooke,2025,336612,Boat Building,secondary,,<$5M,<2,,True
433,Sherbrooke,2025,541330,Engineering Services,secondary,162.478,>=$5M,53,15.8,False
433,Sherbrooke,2025,541370,Surveying and Mapping (except Geophysical) Service,secondary,9.757,>=$5M,17,5.8,False
433,Sherbrooke,2025,541511,Custom Computer Programming Services,secondary,35.862,>=$5M,10,18.0,False
433,Sherbrooke,2025,ALL,All,all,371.082,>=$5M,103,14.9,False
433,Sherbrooke,2025,PRIMARY,Primary,primary,33.95,>=$5M,10,17.9,False
433,Sherbrooke,2025,SECONDARY,Secondary,secondary,337.132,>=$5M,93,14.6,False
454,Sorel-Tracy,2017,331110,Iron & Steel Mills & Ferroalloy Manufacturing,secondary,509.133,>=$5M,6,74.5,False
454,Sorel-Tracy,2017,541330,Engineering Services,secondary,0.693,<$5M,3,1.0,False
454,Sorel-Tracy,2017,541370,Surveying & Mapping (except Geophysical) Services,secondary,2.646,<$5M,3,6.0,False
454,Sorel-Tracy,2017,ALL,All,all,512.472,>=$5M,12,39.0,False
454,Sorel-Tracy,2017,SECONDARY,Secondary,secondary,512.472,>=$5M,12,39.0,False
454,Sorel-Tracy,2018,331110,Iron & Steel Mills & Ferroalloy Manufacturing,secondary,509.133,>=$5M,6,74.5,False
454,Sorel-Tracy,2018,541330,Engineering Services,secondary,1.617,<$5M,4,1.8,False
454,Sorel-Tracy,2018,541370,Surveying & Mapping (except Geophysical) Services,secondary,2.646,<$5M,3,6.0,False
454,Sorel-Tracy,2018,ALL,All,all,513.396,>=$5M,13,36.3,False
454,Sorel-Tracy,2018,SECONDARY,Secondary,secondary,513.396,>=$5M,13,36.3,False
454,Sorel-Tracy,2019,331110,Iron & Steel Mills & Ferroalloy Manufacturing,secondary,509.133,>=$5M,6,74.5,False
454,Sorel-Tracy,2019,541330,Engineering Services,secondary,2.541,<$5M,6,1.8,False
454,Sorel-Tracy,2019,541370,Surveying & Mapping (except Geophysical) Services,secondary,3.381,<$5M,4,5.8,False
454,Sorel-Tracy,2019,ALL,All,all,515.055,>=$5M,16,30.1,False
454,Sorel-Tracy,2019,SECONDARY,Secondary,secondary,515.055,>=$5M,16,30.1,False
454,Sorel-Tracy,2020,331110,Iron & Steel Mills & Ferroalloy Manufacturing,secondary,509.133,>=$5M,6,74.5,False
454,Sorel-Tracy,2020,541330,Engineering Services,secondary,94.479,>=$5M,6,68.2,False
454,Sorel-Tracy,2020,541370,Surveying & Mapping (except Geophysical) Services,secondary,4.116,<$5M,5,5.6,False
454,Sorel-Tracy,2020,ALL,All,all,607.728,>=$5M,17,52.0,False
454,Sorel-Tracy,2020,SECONDARY,Secondary,secondary,607.728,>=$5M,17,52.0,False
454,Sorel-Tracy,2021,331110,Iron and Steel Mills and Ferroalloy Manufacturing,secondary,509.133,>=$5M,6,74.5,False
454,Sorel-Tracy,2021,541330,Engineering Services,secondary,94.479,>=$5M,6,68.2,False
454,Sorel-Tracy,2021,541370,Surveying and Mapping (except Geophysical) Service,secondary,4.116,<$5M,5,5.6,False
454,Sorel-Tracy,2021,ALL,All,all,607.728,>=$5M,17,52.0,False
454,Sorel-Tracy,2021,SECONDARY,Secondary,secondary,607.728,>=$5M,17,52.0,False
454,Sorel-Tracy,2022,331110,Iron and Steel Mills and Ferroalloy Manufacturing,secondary,509.133,>=$5M,6,74.5,False
454,Sorel-Tracy,2022,541330,Engineering Services,secondary,94.479,>=$5M,6,68.2,False
454,Sorel-Tracy,2022,541370,Surveying and Mapping (except Geophysical) Service,secondary,4.116,<$5M,5,5.6,False
454,Sorel-Tracy,2022,ALL,All,all,607.728,>=$5M,17,52.0,False
454,Sorel-Tracy,2022,SECONDARY,Secondary,secondary,607.728,>=$5M,17,52.0,False
454,Sorel-Tracy,2023,331110,Iron and Steel Mills and Ferroalloy Manufacturing,secondary,463.573,>=$5M,4,101.8,False
454,Sorel-Tracy,2023,541330,Engineering Services,secondary,1.617,<$5M,4,1.8,False
454,Sorel-Tracy,2023,541370,Surveying and Mapping (except Geophysical) Service,secondary,4.116,<$5M,5,5.6,False
454,Sorel-Tracy,2023,ALL,All,all,469.306,>=$5M,13,34.0,False
454,Sorel-Tracy,2023,SECONDARY,Secondary,secondary,469.306,>=$5M,13,34.0,False
454,Sorel-Tracy,2024,331110,Iron and Steel Mills and Ferroalloy Manufacturing,secondary,260.281,>=$5M,4,101.0,False
454,Sorel-Tracy,2024,541330,Engineering Services,secondary,1.17,<$5M,3,2.0,False
454,Sorel-Tracy,2024,541370,Surveying and Mapping (except Geophysical) Service,secondary,1.676,<$5M,4,4.2,False
454,Sorel-Tracy,2024,ALL,All,all,263.127,>=$5M,11,38.8,False
454,Sorel-Tracy,2024,SECONDARY,Secondary,secondary,263.127,>=$5M,11,38.8,False
454,Sorel-Tracy,2025,331110,Iron and Steel Mills and Ferroalloy Manufacturing,secondary,195.855,>=$5M,3,101.3,False
454,Sorel-Tracy,2025,541330,Engineering Services,secondary,1.17,<$5M,3,2.0,False
454,Sorel-Tracy,2025,541370,Surveying and Mapping (except Geophysical) Service,secondary,1.577,<$5M,4,4.0,False
454,Sorel-Tracy,2025,ALL,All,all,198.602,>=$5M,10,32.6,False
454,Sorel-Tracy,2025,SECONDARY,Secondary,secondary,198.602,>=$5M,10,32.6,False
934,Squamish,2017,336411,Aircraft Manufacturing,primary,,<$5M,<2,,True
934,Squamish,2017,541330,Engineering Services,secondary,3.927,<$5M,4,4.2,False
934,Squamish,2017,541370,Surveying & Mapping (except Geophysical) Services,secondary,0.882,<$5M,2,3.0,False
934,Squamish,2017,ALL,All,all,5.414,>=$5M,7,3.4,False
934,Squamish,2017,PRIMARY,Primary,primary,,<$5M,<2,,True
934,Squamish,2017,SECONDARY,Secondary,secondary,4.809,<$5M,6,3.8,False
934,Squamish,2018,336411,Aircraft Manufacturing,primary,,<$5M,<2,,True
934,Squamish,2018,541330,Engineering Services,secondary,3.927,<$5M,4,4.2,False
934,Squamish,2018,541370,Surveying & Mapping (except Geophysical) Services,secondary,0.882,<$5M,2,3.0,False
934,Squamish,2018,541511,Custom Computer Programming Services,secondary,,<$5M,<2,,True
934,Squamish,2018,ALL,All,all,5.828,>=$5M,8,3.2,False
934,Squamish,2018,PRIMARY,Primary,primary,,<$5M,<2,,True
934,Squamish,2018,SECONDARY,Secondary,secondary,5.223,>=$5M,7,3.6,False
934,Squamish,2019,336411,Aircraft Manufacturing,primary,,<$5M,<2,,True
934,Squamish,2019,541330,Engineering Services,secondary,9.009,>=$5M,8,4.9,False
934,Squamish,2019,541370,Surveying & Mapping (except Geophysical) Services,secondary,4.41,<$5M,7,4.3,False
934,Squamish,2019,541511,Custom Computer Programming Services,secondary,0.621,<$5M,2,1.5,False
934,Squamish,2019,ALL,All,all,14.645,>=$5M,18,4.1,False
934,Squamish,2019,PRIMARY,Primary,primary,,<$5M,<2,,True
934,Squamish,2019,SECONDARY,Secondary,secondary,14.04,>=$5M,17,4.2,False
934,Squamish,2020,336411,Aircraft Manufacturing,primary,,<$5M,<2,,True
934,Squamish,2020,541330,Engineering Services,secondary,8.547,>=$5M,7,5.3,False
934,Squamish,2020,541370,Surveying & Mapping (except Geophysical) Services,secondary,4.41,<$5M,7,4.3,False
934,Squamish,2020,541511,Custom Computer Programming Services,secondary,0.621,<$5M,2,1.5,False
934,Squamish,2020,ALL,All,all,14.183,>=$5M,17,4.2,False
934,Squamish,2020,PRIMARY,Primary,primary,,<$5M,<2,,True
934,Squamish,2020,SECONDARY,Secondary,secondary,13.578,>=$5M,16,4.4,False
934,Squamish,2021,336411,Aircraft Manufacturing,primary,,<$5M,<2,,True
934,Squamish,2021,541330,Engineering Services,secondary,8.547,>=$5M,7,5.3,False
934,Squamish,2021,541370,Surveying and Mapping (except Geophysical) Service,secondary,4.41,<$5M,7,4.3,False
934,Squamish,2021,541511,Custom Computer Programming Services,secondary,0.621,<$5M,2,1.5,False
934,Squamish,2021,ALL,All,all,14.183,>=$5M,17,4.2,False
934,Squamish,2021,PRIMARY,Primary,primary,,<$5M,<2,,True
934,Squamish,2021,SECONDARY,Secondary,secondary,13.578,>=$5M,16,4.4,False
934,Squamish,2022,336411,Aircraft Manufacturing,primary,,<$5M,<2,,True
934,Squamish,2022,541330,Engineering Services,secondary,9.24,>=$5M,8,4.6,False
934,Squamish,2022,541370,Surveying and Mapping (except Geophysical) Service,secondary,4.41,<$5M,7,4.3,False
934,Squamish,2022,541511,Custom Computer Programming Services,secondary,0.621,<$5M,2,1.5,False
934,Squamish,2022,ALL,All,all,14.876,>=$5M,18,3.9,False
934,Squamish,2022,PRIMARY,Primary,primary,,<$5M,<2,,True
934,Squamish,2022,SECONDARY,Secondary,secondary,14.271,>=$5M,17,4.1,False
934,Squamish,2023,336411,Aircraft Manufacturing,primary,,<$5M,<2,,True
934,Squamish,2023,541330,Engineering Services,secondary,7.725,>=$5M,7,5.1,False
934,Squamish,2023,541370,Surveying and Mapping (except Geophysical) Service,secondary,3.731,<$5M,7,4.3,False
934,Squamish,2023,541511,Custom Computer Programming Services,secondary,0.564,<$5M,2,1.5,False
934,Squamish,2023,ALL,All,all,12.625,>=$5M,17,4.1,False
934,Squamish,2023,PRIMARY,Primary,primary,,<$5M,<2,,True
934,Squamish,2023,SECONDARY,Secondary,secondary,12.02,>=$5M,16,4.3,False
934,Squamish,2024,336411,Aircraft Manufacturing,primary,,<$5M,<2,,True
934,Squamish,2024,541330,Engineering Services,secondary,9.164,>=$5M,8,5.9,False
934,Squamish,2024,541370,Surveying and Mapping (except Geophysical) Service,secondary,2.562,<$5M,6,4.3,False
934,Squamish,2024,541511,Custom Computer Programming Services,secondary,0.45,<$5M,2,1.5,False
934,Squamish,2024,ALL,All,all,12.658,>=$5M,17,4.5,False
934,Squamish,2024,PRIMARY,Primary,primary,,<$5M,<2,,True
934,Squamish,2024,SECONDARY,Secondary,secondary,12.176,>=$5M,16,4.8,False
934,Squamish,2025,336411,Aircraft Manufacturing,primary,,<$5M,<2,,True
934,Squamish,2025,541330,Engineering Services,secondary,9.164,>=$5M,8,5.9,False
934,Squamish,2025,541370,Surveying and Mapping (except Geophysical) Service,secondary,2.661,<$5M,6,4.5,False
934,Squamish,2025,541511,Custom Computer Programming Services,secondary,0.75,<$5M,3,1.7,False
934,Squamish,2025,ALL,All,all,13.057,>=$5M,18,4.4,False
934,Squamish,2025,PRIMARY,Primary,primary,,<$5M,<2,,True
934,Squamish,2025,SECONDARY,Secondary,secondary,12.575,>=$5M,17,4.6,False
539,St. Catharines - Niagara,2017,331110,Iron & Steel Mills & Ferroalloy Manufacturing,secondary,72.684,>=$5M,7,9.3,False
539,St. Catharines - Niagara,2017,334511,Search Detection & Navigation Instruments,primary,,<$5M,<2,,True
539,St. Catharines - Niagara,2017,336411,Aircraft Manufacturing,primary,,>=$5M,<2,,True
539,St. Catharines - Niagara,2017,336611,Ship Building & Repairing,secondary,16.206,>=$5M,2,36.5,False
539,St. Catharines - Niagara,2017,336612,Boat Building,secondary,19.998,>=$5M,4,25.2,False
539,St. Catharines - Niagara,2017,541330,Engineering Services,secondary,115.657,>=$5M,66,7.6,False
539,St. Catharines - Niagara,2017,541370,Surveying & Mapping (except Geophysical) Services,secondary,19.992,>=$5M,19,7.2,False
539,St. Catharines - Niagara,2017,541511,Custom Computer Programming Services,secondary,4.968,<$5M,3,8.0,False
539,St. Catharines - Niagara,2017,ALL,All,all,367.423,>=$5M,103,10.7,False
539,St. Catharines - Niagara,2017,PRIMARY,Primary,primary,117.918,>=$5M,2,99.0,False
539,St. Catharines - Niagara,2017,SECONDARY,Secondary,secondary,249.505,>=$5M,101,8.9,False
539,St. Catharines - Niagara,2018,331110,Iron & Steel Mills & Ferroalloy Manufacturing,secondary,72.684,>=$5M,7,9.3,False
539,St. Catharines - Niagara,2018,334511,Search Detection & Navigation Instruments,primary,,<$5M,<2,,True
539,St. Catharines - Niagara,2018,336411,Aircraft Manufacturing,primary,117.975,>=$5M,2,97.5,False
539,St. Catharines - Niagara,2018,336611,Ship Building & Repairing,secondary,16.206,>=$5M,2,36.5,False
539,St. Catharines - Niagara,2018,336612,Boat Building,secondary,19.998,>=$5M,4,25.2,False
539,St. Catharines - Niagara,2018,541330,Engineering Services,secondary,125.59,>=$5M,71,7.7,False
539,St. Catharines - Niagara,2018,541370,Surveying & Mapping (except Geophysical) Services,secondary,19.257,>=$5M,18,7.3,False
539,St. Catharines - Niagara,2018,541511,Custom Computer Programming Services,secondary,4.968,<$5M,3,8.0,False
539,St. Catharines - Niagara,2018,ALL,All,all,379.646,>=$5M,108,10.6,False
539,St. Catharines - Niagara,2018,PRIMARY,Primary,primary,120.943,>=$5M,3,67.7,False
539,St. Catharines - Niagara,2018,SECONDARY,Secondary,secondary,258.703,>=$5M,105,9.0,False
539,St. Catharines - Niagara,2019,331110,Iron & Steel Mills & Ferroalloy Manufacturing,secondary,72.684,>=$5M,7,9.3,False
539,St. Catharines - Niagara,2019,334511,Search Detection & Navigation Instruments,primary,,<$5M,<2,,True
539,St. Catharines - Niagara,2019,336411,Aircraft Manufacturing,primary,,>=$5M,<2,,True
539,St. Catharines - Niagara,2019,336611,Ship Building & Repairing,secondary,16.206,>=$5M,2,36.5,False
539,St. Catharines - Niagara,2019,336612,Boat Building,secondary,19.998,>=$5M,4,25.2,False
539,St. Catharines - Niagara,2019,541330,Engineering Services,secondary,140.836,>=$5M,78,7.8,False
539,St. Catharines - Niagara,2019,541370,Surveying & Mapping (except Geophysical) Services,secondary,19.698,>=$5M,18,7.4,False
539,St. Catharines - Niagara,2019,541511,Custom Computer Programming Services,secondary,9.729,>=$5M,9,5.2,False
539,St. Catharines - Niagara,2019,ALL,All,all,418.244,>=$5M,120,10.5,False
539,St. Catharines - Niagara,2019,PRIMARY,Primary,primary,139.093,>=$5M,2,116.5,False
539,St. Catharines - Niagara,2019,SECONDARY,Secondary,secondary,279.151,>=$5M,118,8.7,False
539,St. Catharines - Niagara,2020,325920,Explosives Manufacturing,primary,,<$5M,<2,,True
539,St. Catharines - Niagara,2020,331110,Iron & Steel Mills & Ferroalloy Manufacturing,secondary,72.684,>=$5M,7,9.3,False
539,St. Catharines - Niagara,2020,334511,Search Detection & Navigation Instruments,primary,,<$5M,<2,,True
539,St. Catharines - Niagara,2020,336411,Aircraft Manufacturing,primary,154.275,>=$5M,2,127.5,False
539,St. Catharines - Niagara,2020,336611,Ship Building & Repairing,secondary,16.206,>=$5M,2,36.5,False
539,St. Catharines - Niagara,2020,336612,Boat Building,secondary,19.998,>=$5M,4,25.2,False
539,St. Catharines - Niagara,2020,541330,Engineering Services,secondary,125.359,>=$5M,78,7.0,False
539,St. Catharines - Niagara,2020,541370,Surveying & Mapping (except Geophysical) Services,secondary,19.698,>=$5M,18,7.4,False
539,St. Catharines - Niagara,2020,541511,Custom Computer Programming Services,secondary,10.764,>=$5M,10,5.2,False
539,St. Catharines - Niagara,2020,ALL,All,all,424.536,>=$5M,123,10.1,False
539,St. Catharines - Niagara,2020,PRIMARY,Primary,primary,159.827,>=$5M,4,67.8,False
539,St. Catharines - Niagara,2020,SECONDARY,Secondary,secondary,264.709,>=$5M,119,8.2,False
539,St. Catharines - Niagara,2021,325920,Explosives Manufacturing,primary,,<$5M,<2,,True
539,St. Catharines - Niagara,2021,331110,Iron and Steel Mills and Ferroalloy Manufacturing,secondary,73.823,>=$5M,7,9.4,False
539,St. Catharines - Niagara,2021,334511,"Search, Detection, Navigation, Guidance, Aeronauti",primary,,<$5M,<2,,True
539,St. Catharines - Niagara,2021,336411,Aircraft Manufacturing,primary,154.275,>=$5M,2,127.5,False
539,St. Catharines - Niagara,2021,336611,Ship Building and Repairing,secondary,16.206,>=$5M,2,36.5,False
539,St. Catharines - Niagara,2021,336612,Boat Building,secondary,19.998,>=$5M,4,25.2,False
539,St. Catharines - Niagara,2021,541330,Engineering Services,secondary,122.356,>=$5M,77,6.9,False
539,St. Catharines - Niagara,2021,541370,Surveying and Mapping (except Geophysical) Service,secondary,19.698,>=$5M,18,7.4,False
539,St. Catharines - Niagara,2021,541511,Custom Computer Programming Services,secondary,10.764,>=$5M,10,5.2,False
539,St. Catharines - Niagara,2021,ALL,All,all,421.38,>=$5M,122,10.1,False
539,St. Catharines - Niagara,2021,PRIMARY,Primary,primary,158.535,>=$5M,4,67.8,False
539,St. Catharines - Niagara,2021,SECONDARY,Secondary,secondary,262.845,>=$5M,118,8.1,False
539,St. Catharines - Niagara,2022,325920,Explosives Manufacturing,primary,,<$5M,<2,,True
539,St. Catharines - Niagara,2022,331110,Iron and Steel Mills and Ferroalloy Manufacturing,secondary,73.823,>=$5M,7,9.4,False
539,St. Catharines - Niagara,2022,333310,Commercial and Service Industry Machinery Manufact,primary,22.841,>=$5M,12,7.5,False
539,St. Catharines - Niagara,2022,334511,"Search, Detection, Navigation, Guidance, Aeronauti",primary,,<$5M,<2,,True
539,St. Catharines - Niagara,2022,334610,Manufacturing and Reproducing Magnetic and Optical,secondary,0.505,<$5M,3,1.7,False
539,St. Catharines - Niagara,2022,336411,Aircraft Manufacturing,primary,154.275,>=$5M,2,127.5,False
539,St. Catharines - Niagara,2022,336611,Ship Building and Repairing,secondary,16.206,>=$5M,2,36.5,False
539,St. Catharines - Niagara,2022,336612,Boat Building,secondary,19.998,>=$5M,4,25.2,False
539,St. Catharines - Niagara,2022,541330,Engineering Services,secondary,126.865,>=$5M,83,6.7,False
539,St. Catharines - Niagara,2022,541370,Surveying and Mapping (except Geophysical) Service,secondary,19.698,>=$5M,18,7.6,False
539,St. Catharines - Niagara,2022,541511,Custom Computer Programming Services,secondary,10.764,>=$5M,10,4.8,False
539,St. Catharines - Niagara,2022,ALL,All,all,449.235,>=$5M,143,9.4,False
539,St. Catharines - Niagara,2022,PRIMARY,Primary,primary,181.376,>=$5M,16,22.6,False
539,St. Catharines - Niagara,2022,SECONDARY,Secondary,secondary,267.859,>=$5M,127,7.7,False
539,St. Catharines - Niagara,2023,331110,Iron and Steel Mills and Ferroalloy Manufacturing,secondary,67.257,>=$5M,7,10.3,False
539,St. Catharines - Niagara,2023,333310,Commercial and Service Industry Machinery Manufact,primary,24.01,>=$5M,14,7.4,False
539,St. Catharines - Niagara,2023,334511,"Search, Detection, Navigation, Guidance, Aeronauti",primary,7.788,>=$5M,2,14.0,False
539,St. Catharines - Niagara,2023,334610,Manufacturing and Reproducing Magnetic and Optical,secondary,0.505,<$5M,3,1.7,False
539,St. Catharines - Niagara,2023,336411,Aircraft Manufacturing,primary,154.275,>=$5M,2,127.5,False
539,St. Catharines - Niagara,2023,336611,Ship Building and Repairing,secondary,16.206,>=$5M,2,36.5,False
539,St. Catharines - Niagara,2023,336612,Boat Building,secondary,19.998,>=$5M,4,25.2,False
539,St. Catharines - Niagara,2023,541330,Engineering Services,secondary,111.14,>=$5M,82,6.1,False
539,St. Catharines - Niagara,2023,541370,Surveying and Mapping (except Geophysical) Service,secondary,17.226,>=$5M,18,7.6,False
539,St. Catharines - Niagara,2023,541511,Custom Computer Programming Services,secondary,10.764,>=$5M,10,4.8,False
539,St. Catharines - Niagara,2023,ALL,All,all,429.169,>=$5M,144,9.2,False
539,St. Catharines - Niagara,2023,PRIMARY,Primary,primary,186.073,>=$5M,18,21.5,False
539,St. Catharines - Niagara,2023,SECONDARY,Secondary,secondary,243.096,>=$5M,126,7.4,False
539,St. Catharines - Niagara,2024,331110,Iron and Steel Mills and Ferroalloy Manufacturing,secondary,39.746,>=$5M,6,10.5,False
539,St. Catharines - Niagara,2024,333310,Commercial and Service Industry Machinery Manufact,primary,17.01,>=$5M,12,8.8,False
539,St. Catharines - Niagara,2024,334511,"Search, Detection, Navigation, Guidance, Aeronauti",primary,6.579,>=$5M,2,14.0,False
539,St. Catharines - Niagara,2024,334610,Manufacturing and Reproducing Magnetic and Optical,secondary,0.683,<$5M,3,1.7,False
539,St. Catharines - Niagara,2024,336411,Aircraft Manufacturing,primary,136.875,>=$5M,2,142.0,False
539,St. Catharines - Niagara,2024,336611,Ship Building and Repairing,secondary,31.155,>=$5M,2,56.0,False
539,St. Catharines - Niagara,2024,336612,Boat Building,secondary,17.931,>=$5M,3,41.3,False
539,St. Catharines - Niagara,2024,541330,Engineering Services,secondary,138.176,>=$5M,78,8.8,False
539,St. Catharines - Niagara,2024,541370,Surveying and Mapping (except Geophysical) Service,secondary,15.665,>=$5M,17,9.4,False
539,St. Catharines - Niagara,2024,541511,Custom Computer Programming Services,secondary,10.328,>=$5M,10,6.9,False
539,St. Catharines - Niagara,2024,ALL,All,all,414.148,>=$5M,135,12.1,False
539,St. Catharines - Niagara,2024,PRIMARY,Primary,primary,160.464,>=$5M,16,26.1,False
539,St. Catharines - Niagara,2024,SECONDARY,Secondary,secondary,253.684,>=$5M,119,10.3,False
539,St. Catharines - Niagara,2025,331110,Iron and Steel Mills and Ferroalloy Manufacturing,secondary,39.746,>=$5M,6,10.5,False
539,St. Catharines - Niagara,2025,333310,Commercial and Service Industry Machinery Manufact,primary,17.306,>=$5M,12,9.0,False
539,St. Catharines - Niagara,2025,334511,"Search, Detection, Navigation, Guidance, Aeronauti",primary,6.579,>=$5M,2,14.0,False
539,St. Catharines - Niagara,2025,334610,Manufacturing and Reproducing Magnetic and Optical,secondary,5.665,>=$5M,4,5.5,False
539,St. Catharines - Niagara,2025,336411,Aircraft Manufacturing,primary,136.875,>=$5M,2,142.0,False
539,St. Catharines - Niagara,2025,336611,Ship Building and Repairing,secondary,31.155,>=$5M,2,56.0,False
539,St. Catharines - Niagara,2025,336612,Boat Building,secondary,17.931,>=$5M,3,41.3,False
539,St. Catharines - Niagara,2025,541330,Engineering Services,secondary,139.931,>=$5M,81,8.9,False
539,St. Catharines - Niagara,2025,541370,Surveying and Mapping (except Geophysical) Service,secondary,15.665,>=$5M,17,9.4,False
539,St. Catharines - Niagara,2025,541511,Custom Computer Programming Services,secondary,10.328,>=$5M,10,6.9,False
539,St. Catharines - Niagara,2025,ALL,All,all,421.181,>=$5M,139,12.2,False
539,St. Catharines - Niagara,2025,PRIMARY,Primary,primary,160.76,>=$5M,16,26.2,False
539,St. Catharines - Niagara,2025,SECONDARY,Secondary,secondary,260.421,>=$5M,123,10.3,False
001,St. John's,2017,325920,Explosives Manufacturing,primary,,<$5M,<2,,True
001,St. John's,2017,331110,Iron & Steel Mills & Ferroalloy Manufacturing,secondary,5.695,>=$5M,2,2.5,False
001,St. John's,2017,336611,Ship Building & Repairing,secondary,6.216,>=$5M,4,7.0,False
001,St. John's,2017,541330,Engineering Services,secondary,192.192,>=$5M,77,10.8,False
001,St. John's,2017,541370,Surveying & Mapping (except Geophysical) Services,secondary,12.789,>=$5M,21,4.1,False
001,St. John's,2017,541511,Custom Computer Programming Services,secondary,5.175,>=$5M,5,5.0,False
001,St. John's,2017,ALL,All,all,223.036,>=$5M,110,8.9,False
001,St. John's,2017,PRIMARY,Primary,primary,,<$5M,<2,,True
001,St. John's,2017,SECONDARY,Secondary,secondary,222.067,>=$5M,109,9.0,False
001,St. John's,2018,325920,Explosives Manufacturing,primary,,<$5M,<2,,True
001,St. John's,2018,331110,Iron & Steel Mills & Ferroalloy Manufacturing,secondary,5.695,>=$5M,2,2.5,False
001,St. John's,2018,336611,Ship Building & Repairing,secondary,6.216,>=$5M,4,7.0,False
001,St. John's,2018,541330,Engineering Services,secondary,204.666,>=$5M,79,11.2,False
001,St. John's,2018,541370,Surveying & Mapping (except Geophysical) Services,secondary,15.729,>=$5M,24,4.5,False
001,St. John's,2018,541511,Custom Computer Programming Services,secondary,5.796,>=$5M,6,4.7,False
001,St. John's,2018,ALL,All,all,239.071,>=$5M,116,9.1,False
001,St. John's,2018,PRIMARY,Primary,primary,,<$5M,<2,,True
001,St. John's,2018,SECONDARY,Secondary,secondary,238.102,>=$5M,115,9.2,False
001,St. John's,2019,325920,Explosives Manufacturing,primary,,<$5M,<2,,True
001,St. John's,2019,331110,Iron & Steel Mills & Ferroalloy Manufacturing,secondary,5.695,>=$5M,2,2.5,False
001,St. John's,2019,336611,Ship Building & Repairing,secondary,6.216,>=$5M,4,7.0,False
001,St. John's,2019,541330,Engineering Services,secondary,306.537,>=$5M,91,14.6,False
001,St. John's,2019,541370,Surveying & Mapping (except Geophysical) Services,secondary,14.7,>=$5M,23,4.3,False
001,St. John's,2019,541511,Custom Computer Programming Services,secondary,7.245,>=$5M,8,4.4,False
001,St. John's,2019,ALL,All,all,341.362,>=$5M,129,11.6,False
001,St. John's,2019,PRIMARY,Primary,primary,,<$5M,<2,,True
001,St. John's,2019,SECONDARY,Secondary,secondary,340.393,>=$5M,128,11.7,False
001,St. John's,2020,325920,Explosives Manufacturing,primary,,<$5M,<2,,True
001,St. John's,2020,331110,Iron & Steel Mills & Ferroalloy Manufacturing,secondary,5.695,>=$5M,2,2.5,False
001,St. John's,2020,336611,Ship Building & Repairing,secondary,6.216,>=$5M,4,7.0,False
001,St. John's,2020,541330,Engineering Services,secondary,301.686,>=$5M,92,14.2,False
001,St. John's,2020,541370,Surveying & Mapping (except Geophysical) Services,secondary,14.7,>=$5M,23,4.3,False
001,St. John's,2020,541511,Custom Computer Programming Services,secondary,8.694,>=$5M,9,4.7,False
001,St. John's,2020,ALL,All,all,337.96,>=$5M,131,11.3,False
001,St. John's,2020,PRIMARY,Primary,primary,,<$5M,<2,,True
001,St. John's,2020,SECONDARY,Secondary,secondary,336.991,>=$5M,130,11.4,False
001,St. John's,2021,325920,Explosives Manufacturing,primary,,<$5M,<2,,True
001,St. John's,2021,331110,Iron and Steel Mills and Ferroalloy Manufacturing,secondary,5.695,>=$5M,2,2.5,False
001,St. John's,2021,336611,Ship Building and Repairing,secondary,6.216,>=$5M,4,7.0,False
001,St. John's,2021,541330,Engineering Services,secondary,246.939,>=$5M,88,12.1,False
001,St. John's,2021,541370,Surveying and Mapping (except Geophysical) Service,secondary,14.7,>=$5M,23,4.3,False
001,St. John's,2021,541511,Custom Computer Programming Services,secondary,8.694,>=$5M,9,4.7,False
001,St. John's,2021,ALL,All,all,283.213,>=$5M,127,9.8,False
001,St. John's,2021,PRIMARY,Primary,primary,,<$5M,<2,,True
001,St. John's,2021,SECONDARY,Secondary,secondary,282.244,>=$5M,126,9.8,False
001,St. John's,2022,325920,Explosives Manufacturing,primary,,<$5M,<2,,True
001,St. John's,2022,331110,Iron and Steel Mills and Ferroalloy Manufacturing,secondary,5.695,>=$5M,2,2.5,False
001,St. John's,2022,333310,Commercial and Service Industry Machinery Manufact,primary,,<$5M,<2,,True
001,St. John's,2022,334610,Manufacturing and Reproducing Magnetic and Optical,secondary,,<$5M,<2,,True
001,St. John's,2022,336611,Ship Building and Repairing,secondary,6.216,>=$5M,4,7.0,False
001,St. John's,2022,541330,Engineering Services,secondary,252.841,>=$5M,92,11.6,False
001,St. John's,2022,541370,Surveying and Mapping (except Geophysical) Service,secondary,15.435,>=$5M,24,4.2,False
001,St. John's,2022,541511,Custom Computer Programming Services,secondary,29.187,>=$5M,9,15.7,False
001,St. John's,2022,ALL,All,all,314.241,>=$5M,134,10.1,False
001,St. John's,2022,PRIMARY,Primary,primary,4.665,<$5M,2,7.5,False
001,St. John's,2022,SECONDARY,Secondary,secondary,309.576,>=$5M,132,10.2,False
001,St. John's,2023,325920,Explosives Manufacturing,primary,,<$5M,<2,,True
001,St. John's,2023,331110,Iron and Steel Mills and Ferroalloy Manufacturing,secondary,5.695,>=$5M,2,2.5,False
001,St. John's,2023,333310,Commercial and Service Industry Machinery Manufact,primary,,<$5M,<2,,True
001,St. John's,2023,334511,"Search, Detection, Navigation, Guidance, Aeronauti",primary,,<$5M,<2,,True
001,St. John's,2023,334610,Manufacturing and Reproducing Magnetic and Optical,secondary,,<$5M,<2,,True
001,St. John's,2023,336611,Ship Building and Repairing,secondary,6.216,>=$5M,4,7.0,False
001,St. John's,2023,541330,Engineering Services,secondary,169.698,>=$5M,88,8.1,False
001,St. John's,2023,541370,Surveying and Mapping (except Geophysical) Service,secondary,14.902,>=$5M,24,4.2,False
001,St. John's,2023,541511,Custom Computer Programming Services,secondary,28.073,>=$5M,9,15.2,False
001,St. John's,2023,ALL,All,all,233.131,>=$5M,131,7.7,False
001,St. John's,2023,PRIMARY,Primary,primary,8.345,>=$5M,3,8.3,False
001,St. John's,2023,SECONDARY,Secondary,secondary,224.786,>=$5M,128,7.7,False
001,St. John's,2024,325920,Explosives Manufacturing,primary,,<$5M,<2,,True
001,St. John's,2024,331110,Iron and Steel Mills and Ferroalloy Manufacturing,secondary,3.222,<$5M,2,2.5,False
001,St. John's,2024,333310,Commercial and Service Industry Machinery Manufact,primary,,<$5M,<2,,True
001,St. John's,2024,334511,"Search, Detection, Navigation, Guidance, Aeronauti",primary,,<$5M,<2,,True
001,St. John's,2024,334610,Manufacturing and Reproducing Magnetic and Optical,secondary,,<$5M,<2,,True
001,St. John's,2024,336611,Ship Building and Repairing,secondary,40.057,>=$5M,4,36.0,False
001,St. John's,2024,541330,Engineering Services,secondary,231.747,>=$5M,82,14.4,False
001,St. John's,2024,541370,Surveying and Mapping (except Geophysical) Service,secondary,7.787,>=$5M,19,4.2,False
001,St. John's,2024,541511,Custom Computer Programming Services,secondary,20.499,>=$5M,9,15.2,False
001,St. John's,2024,ALL,All,all,308.632,>=$5M,120,13.1,False
001,St. John's,2024,PRIMARY,Primary,primary,5.047,>=$5M,3,8.3,False
001,St. John's,2024,SECONDARY,Secondary,secondary,303.585,>=$5M,117,13.2,False
001,St. John's,2025,325920,Explosives Manufacturing,primary,,<$5M,<2,,True
001,St. John's,2025,331110,Iron and Steel Mills and Ferroalloy Manufacturing,secondary,3.222,<$5M,2,2.5,False
001,St. John's,2025,333310,Commercial and Service Industry Machinery Manufact,primary,,<$5M,<2,,True
001,St. John's,2025,334511,"Search, Detection, Navigation, Guidance, Aeronauti",primary,,<$5M,<2,,True
001,St. John's,2025,334610,Manufacturing and Reproducing Magnetic and Optical,secondary,,<$5M,<2,,True
001,St. John's,2025,336611,Ship Building and Repairing,secondary,38.666,>=$5M,4,34.8,False
001,St. John's,2025,541330,Engineering Services,secondary,266.056,>=$5M,87,15.7,False
001,St. John's,2025,541370,Surveying and Mapping (except Geophysical) Service,secondary,7.886,>=$5M,19,4.2,False
001,St. John's,2025,541511,Custom Computer Programming Services,secondary,5.539,>=$5M,8,4.6,False
001,St. John's,2025,ALL,All,all,326.689,>=$5M,124,13.3,False
001,St. John's,2025,PRIMARY,Primary,primary,5.047,>=$5M,3,8.3,False
001,St. John's,2025,SECONDARY,Secondary,secondary,321.642,>=$5M,121,13.5,False
605,Steinbach,2017,541370,Surveying & Mapping (except Geophysical) Services,secondary,1.617,<$5M,2,5.5,False
605,Steinbach,2017,541511,Custom Computer Programming Services,secondary,2.484,<$5M,3,4.0,False
605,Steinbach,2017,ALL,All,all,4.101,<$5M,5,4.6,False
605,Steinbach,2017,SECONDARY,Secondary,secondary,4.101,<$5M,5,4.6,False
605,Steinbach,2018,541330,Engineering Services,secondary,,<$5M,<2,,True
605,Steinbach,2018,541370,Surveying & Mapping (except Geophysical) Services,secondary,1.617,<$5M,2,5.5,False
605,Steinbach,2018,541511,Custom Computer Programming Services,secondary,2.484,<$5M,3,4.0,False
605,Steinbach,2018,ALL,All,all,4.794,<$5M,6,4.3,False
605,Steinbach,2018,SECONDARY,Secondary,secondary,4.794,<$5M,6,4.3,False
605,Steinbach,2019,541330,Engineering Services,secondary,1.848,<$5M,2,4.0,False
605,Steinbach,2019,541370,Surveying & Mapping (except Geophysical) Services,secondary,1.617,<$5M,2,5.5,False
605,Steinbach,2019,541511,Custom Computer Programming Services,secondary,2.484,<$5M,3,4.0,False
605,Steinbach,2019,ALL,All,all,5.949,>=$5M,7,4.4,False
605,Steinbach,2019,SECONDARY,Secondary,secondary,5.949,>=$5M,7,4.4,False
605,Steinbach,2020,541330,Engineering Services,secondary,1.848,<$5M,2,4.0,False
605,Steinbach,2020,541370,Surveying & Mapping (except Geophysical) Services,secondary,1.617,<$5M,2,5.5,False
605,Steinbach,2020,541511,Custom Computer Programming Services,secondary,2.484,<$5M,3,4.0,False
605,Steinbach,2020,ALL,All,all,5.949,>=$5M,7,4.4,False
605,Steinbach,2020,SECONDARY,Secondary,secondary,5.949,>=$5M,7,4.4,False
605,Steinbach,2021,541330,Engineering Services,secondary,1.848,<$5M,2,4.0,False
605,Steinbach,2021,541370,Surveying and Mapping (except Geophysical) Service,secondary,1.617,<$5M,2,5.5,False
605,Steinbach,2021,541511,Custom Computer Programming Services,secondary,2.484,<$5M,3,4.0,False
605,Steinbach,2021,ALL,All,all,5.949,>=$5M,7,4.4,False
605,Steinbach,2021,SECONDARY,Secondary,secondary,5.949,>=$5M,7,4.4,False
605,Steinbach,2022,541330,Engineering Services,secondary,3.696,<$5M,3,2.3,False
605,Steinbach,2022,541370,Surveying and Mapping (except Geophysical) Service,secondary,1.617,<$5M,2,5.5,False
605,Steinbach,2022,541511,Custom Computer Programming Services,secondary,2.484,<$5M,3,4.0,False
605,Steinbach,2022,ALL,All,all,7.797,>=$5M,8,3.8,False
605,Steinbach,2022,SECONDARY,Secondary,secondary,7.797,>=$5M,8,3.8,False
605,Steinbach,2023,541330,Engineering Services,secondary,3.696,<$5M,3,2.3,False
605,Steinbach,2023,541370,Surveying and Mapping (except Geophysical) Service,secondary,1.617,<$5M,2,5.5,False
605,Steinbach,2023,541511,Custom Computer Programming Services,secondary,2.312,<$5M,3,4.0,False
605,Steinbach,2023,ALL,All,all,7.625,>=$5M,8,3.8,False
605,Steinbach,2023,SECONDARY,Secondary,secondary,7.625,>=$5M,8,3.8,False
605,Steinbach,2024,541330,Engineering Services,secondary,8.187,>=$5M,3,14.0,False
605,Steinbach,2024,541370,Surveying and Mapping (except Geophysical) Service,secondary,1.084,<$5M,2,5.5,False
605,Steinbach,2024,541511,Custom Computer Programming Services,secondary,1.497,<$5M,3,3.3,False
605,Steinbach,2024,ALL,All,all,10.768,>=$5M,8,7.9,False
605,Steinbach,2024,SECONDARY,Secondary,secondary,10.768,>=$5M,8,7.9,False
605,Steinbach,2025,541330,Engineering Services,secondary,8.187,>=$5M,3,14.0,False
605,Steinbach,2025,541370,Surveying and Mapping (except Geophysical) Service,secondary,1.084,<$5M,2,5.5,False
605,Steinbach,2025,541511,Custom Computer Programming Services,secondary,1.497,<$5M,3,3.3,False
605,Steinbach,2025,ALL,All,all,10.768,>=$5M,8,7.9,False
605,Steinbach,2025,SECONDARY,Secondary,secondary,10.768,>=$5M,8,7.9,False
553,Stratford,2017,331110,Iron & Steel Mills & Ferroalloy Manufacturing,secondary,,>=$5M,<2,,True
553,Stratford,2017,336992,"Military Armored Vehicle, Tank & Tank Cmpnnt Mfg",primary,,>=$5M,<2,,True
553,Stratford,2017,541330,Engineering Services,secondary,22.638,>=$5M,9,10.9,False
553,Stratford,2017,541370,Surveying & Mapping (except Geophysical) Services,secondary,3.528,<$5M,2,12.0,False
553,Stratford,2017,ALL,All,all,278.276,>=$5M,13,28.2,False
553,Stratford,2017,PRIMARY,Primary,primary,,>=$5M,<2,,True
553,Stratford,2017,SECONDARY,Secondary,secondary,208.406,>=$5M,12,23.5,False
553,Stratford,2018,331110,Iron & Steel Mills & Ferroalloy Manufacturing,secondary,,>=$5M,<2,,True
553,Stratford,2018,336992,"Military Armored Vehicle, Tank & Tank Cmpnnt Mfg",primary,,>=$5M,<2,,True
553,Stratford,2018,541330,Engineering Services,secondary,22.638,>=$5M,9,10.9,False
553,Stratford,2018,541370,Surveying & Mapping (except Geophysical) Services,secondary,3.528,<$5M,2,12.0,False
553,Stratford,2018,ALL,All,all,278.276,>=$5M,13,28.2,False
553,Stratford,2018,PRIMARY,Primary,primary,,>=$5M,<2,,True
553,Stratford,2018,SECONDARY,Secondary,secondary,208.406,>=$5M,12,23.5,False
553,Stratford,2019,331110,Iron & Steel Mills & Ferroalloy Manufacturing,secondary,,>=$5M,<2,,True
553,Stratford,2019,336992,"Military Armored Vehicle, Tank & Tank Cmpnnt Mfg",primary,,>=$5M,<2,,True
553,Stratford,2019,541330,Engineering Services,secondary,22.176,>=$5M,9,10.7,False
553,Stratford,2019,541370,Surveying & Mapping (except Geophysical) Services,secondary,4.41,<$5M,3,10.0,False
553,Stratford,2019,541511,Custom Computer Programming Services,secondary,,<$5M,<2,,True
553,Stratford,2019,ALL,All,all,279.317,>=$5M,15,24.9,False
553,Stratford,2019,PRIMARY,Primary,primary,,>=$5M,<2,,True
553,Stratford,2019,SECONDARY,Secondary,secondary,209.447,>=$5M,14,20.6,False
553,Stratford,2020,331110,Iron & Steel Mills & Ferroalloy Manufacturing,secondary,,>=$5M,<2,,True
553,Stratford,2020,336992,"Military Armored Vehicle, Tank & Tank Cmpnnt Mfg",primary,,>=$5M,<2,,True
553,Stratford,2020,541330,Engineering Services,secondary,14.091,>=$5M,8,7.6,False
553,Stratford,2020,541370,Surveying & Mapping (except Geophysical) Services,secondary,3.969,<$5M,3,9.0,False
553,Stratford,2020,541511,Custom Computer Programming Services,secondary,,<$5M,<2,,True
553,Stratford,2020,ALL,All,all,270.791,>=$5M,14,24.0,False
553,Stratford,2020,PRIMARY,Primary,primary,,>=$5M,<2,,True
553,Stratford,2020,SECONDARY,Secondary,secondary,200.921,>=$5M,13,19.3,False
553,Stratford,2021,331110,Iron and Steel Mills and Ferroalloy Manufacturing,secondary,,>=$5M,<2,,True
553,Stratford,2021,336992,"Military Armored Vehicle, Tank, and Tank Component",primary,,>=$5M,<2,,True
553,Stratford,2021,541330,Engineering Services,secondary,14.091,>=$5M,8,7.6,False
553,Stratford,2021,541370,Surveying and Mapping (except Geophysical) Service,secondary,3.969,<$5M,3,9.0,False
553,Stratford,2021,541511,Custom Computer Programming Services,secondary,,<$5M,<2,,True
553,Stratford,2021,ALL,All,all,270.791,>=$5M,14,24.0,False
553,Stratford,2021,PRIMARY,Primary,primary,,>=$5M,<2,,True
553,Stratford,2021,SECONDARY,Secondary,secondary,200.921,>=$5M,13,19.3,False
553,Stratford,2022,331110,Iron and Steel Mills and Ferroalloy Manufacturing,secondary,,>=$5M,<2,,True
553,Stratford,2022,333310,Commercial and Service Industry Machinery Manufact,primary,,<$5M,<2,,True
553,Stratford,2022,336992,"Military Armored Vehicle, Tank, and Tank Component",primary,,>=$5M,<2,,True
553,Stratford,2022,541330,Engineering Services,secondary,15.939,>=$5M,9,6.8,False
553,Stratford,2022,541370,Surveying and Mapping (except Geophysical) Service,secondary,3.969,<$5M,3,8.3,False
553,Stratford,2022,541511,Custom Computer Programming Services,secondary,,<$5M,<2,,True
553,Stratford,2022,ALL,All,all,276.027,>=$5M,16,21.6,False
553,Stratford,2022,PRIMARY,Primary,primary,73.258,>=$5M,2,48.0,False
553,Stratford,2022,SECONDARY,Secondary,secondary,202.769,>=$5M,14,17.8,False
553,Stratford,2023,333310,Commercial and Service Industry Machinery Manufact,primary,,<$5M,<2,,True
553,Stratford,2023,336992,"Military Armored Vehicle, Tank, and Tank Component",primary,,>=$5M,<2,,True
553,Stratford,2023,541330,Engineering Services,secondary,15.723,>=$5M,9,6.8,False
553,Stratford,2023,541370,Surveying and Mapping (except Geophysical) Service,secondary,3.969,<$5M,3,8.3,False
553,Stratford,2023,541511,Custom Computer Programming Services,secondary,,<$5M,<2,,True
553,Stratford,2023,ALL,All,all,93.571,>=$5M,15,12.3,False
553,Stratford,2023,PRIMARY,Primary,primary,73.258,>=$5M,2,48.0,False
553,Stratford,2023,SECONDARY,Secondary,secondary,20.313,>=$5M,13,6.8,False
553,Stratford,2024,333310,Commercial and Service Industry Machinery Manufact,primary,,<$5M,<2,,True
553,Stratford,2024,336992,"Military Armored Vehicle, Tank, and Tank Component",primary,,>=$5M,<2,,True
553,Stratford,2024,541330,Engineering Services,secondary,14.425,>=$5M,8,9.2,False
553,Stratford,2024,541370,Surveying and Mapping (except Geophysical) Service,secondary,2.265,<$5M,3,7.7,False
553,Stratford,2024,541511,Custom Computer Programming Services,secondary,,<$5M,<2,,True
553,Stratford,2024,ALL,All,all,61.679,>=$5M,14,14.0,False
553,Stratford,2024,PRIMARY,Primary,primary,44.54,>=$5M,2,48.0,False
553,Stratford,2024,SECONDARY,Secondary,secondary,17.139,>=$5M,12,8.3,False
553,Stratford,2025,333310,Commercial and Service Industry Machinery Manufact,primary,,<$5M,<2,,True
553,Stratford,2025,336992,"Military Armored Vehicle, Tank, and Tank Component",primary,,>=$5M,<2,,True
553,Stratford,2025,541330,Engineering Services,secondary,14.425,>=$5M,8,9.2,False
553,Stratford,2025,541370,Surveying and Mapping (except Geophysical) Service,secondary,2.364,<$5M,3,8.0,False
553,Stratford,2025,541511,Custom Computer Programming Services,secondary,,<$5M,<2,,True
553,Stratford,2025,ALL,All,all,61.778,>=$5M,14,14.1,False
553,Stratford,2025,PRIMARY,Primary,primary,44.54,>=$5M,2,48.0,False
553,Stratford,2025,SECONDARY,Secondary,secondary,17.238,>=$5M,12,8.4,False
826,Strathmore,2017,331110,Iron & Steel Mills & Ferroalloy Manufacturing,secondary,48.977,>=$5M,4,10.8,False
826,Strathmore,2017,541370,Surveying & Mapping (except Geophysical) Services,secondary,1.47,<$5M,2,5.0,False
826,Strathmore,2017,ALL,All,all,50.447,>=$5M,6,8.8,False
826,Strathmore,2017,SECONDARY,Secondary,secondary,50.447,>=$5M,6,8.8,False
826,Strathmore,2018,331110,Iron & Steel Mills & Ferroalloy Manufacturing,secondary,48.977,>=$5M,4,10.8,False
826,Strathmore,2018,541370,Surveying & Mapping (except Geophysical) Services,secondary,1.47,<$5M,2,5.0,False
826,Strathmore,2018,ALL,All,all,50.447,>=$5M,6,8.8,False
826,Strathmore,2018,SECONDARY,Secondary,secondary,50.447,>=$5M,6,8.8,False
826,Strathmore,2019,331110,Iron & Steel Mills & Ferroalloy Manufacturing,secondary,48.977,>=$5M,4,10.8,False
826,Strathmore,2019,541370,Surveying & Mapping (except Geophysical) Services,secondary,1.47,<$5M,2,5.0,False
826,Strathmore,2019,ALL,All,all,50.447,>=$5M,6,8.8,False
826,Strathmore,2019,SECONDARY,Secondary,secondary,50.447,>=$5M,6,8.8,False
826,Strathmore,2020,331110,Iron & Steel Mills & Ferroalloy Manufacturing,secondary,48.977,>=$5M,4,10.8,False
826,Strathmore,2020,541370,Surveying & Mapping (except Geophysical) Services,secondary,1.47,<$5M,2,5.0,False
826,Strathmore,2020,ALL,All,all,50.447,>=$5M,6,8.8,False
826,Strathmore,2020,SECONDARY,Secondary,secondary,50.447,>=$5M,6,8.8,False
826,Strathmore,2021,331110,Iron and Steel Mills and Ferroalloy Manufacturing,secondary,48.977,>=$5M,4,10.8,False
826,Strathmore,2021,541370,Surveying and Mapping (except Geophysical) Service,secondary,1.47,<$5M,2,5.0,False
826,Strathmore,2021,ALL,All,all,50.447,>=$5M,6,8.8,False
826,Strathmore,2021,SECONDARY,Secondary,secondary,50.447,>=$5M,6,8.8,False
826,Strathmore,2022,331110,Iron and Steel Mills and Ferroalloy Manufacturing,secondary,48.977,>=$5M,4,10.8,False
826,Strathmore,2022,541370,Surveying and Mapping (except Geophysical) Service,secondary,1.47,<$5M,2,5.0,False
826,Strathmore,2022,ALL,All,all,50.447,>=$5M,6,8.8,False
826,Strathmore,2022,SECONDARY,Secondary,secondary,50.447,>=$5M,6,8.8,False
826,Strathmore,2023,331110,Iron and Steel Mills and Ferroalloy Manufacturing,secondary,47.494,>=$5M,4,10.8,False
826,Strathmore,2023,541370,Surveying and Mapping (except Geophysical) Service,secondary,1.47,<$5M,2,5.0,False
826,Strathmore,2023,ALL,All,all,48.964,>=$5M,6,8.8,False
826,Strathmore,2023,SECONDARY,Secondary,secondary,48.964,>=$5M,6,8.8,False
826,Strathmore,2024,331110,Iron and Steel Mills and Ferroalloy Manufacturing,secondary,62.496,>=$5M,4,24.2,False
826,Strathmore,2024,541370,Surveying and Mapping (except Geophysical) Service,secondary,,<$5M,<2,,True
826,Strathmore,2024,ALL,All,all,62.989,>=$5M,5,20.4,False
826,Strathmore,2024,SECONDARY,Secondary,secondary,62.989,>=$5M,5,20.4,False
826,Strathmore,2025,331110,Iron and Steel Mills and Ferroalloy Manufacturing,secondary,62.496,>=$5M,4,24.2,False
826,Strathmore,2025,541370,Surveying and Mapping (except Geophysical) Service,secondary,,<$5M,<2,,True
826,Strathmore,2025,ALL,All,all,62.989,>=$5M,5,20.4,False
826,Strathmore,2025,SECONDARY,Secondary,secondary,62.989,>=$5M,5,20.4,False
110,Summerside,2017,331110,Iron & Steel Mills & Ferroalloy Manufacturing,secondary,,>=$5M,<2,,True
110,Summerside,2017,334511,Search Detection & Navigation Instruments,primary,,>=$5M,<2,,True
110,Summerside,2017,541330,Engineering Services,secondary,1.386,<$5M,2,3.0,False
110,Summerside,2017,ALL,All,all,15.614,>=$5M,4,8.5,False
110,Summerside,2017,PRIMARY,Primary,primary,,>=$5M,<2,,True
110,Summerside,2017,SECONDARY,Secondary,secondary,7.081,>=$5M,3,3.7,False
110,Summerside,2018,331110,Iron & Steel Mills & Ferroalloy Manufacturing,secondary,,>=$5M,<2,,True
110,Summerside,2018,334511,Search Detection & Navigation Instruments,primary,,>=$5M,<2,,True
110,Summerside,2018,541330,Engineering Services,secondary,1.386,<$5M,2,3.0,False
110,Summerside,2018,ALL,All,all,15.614,>=$5M,4,8.5,False
110,Summerside,2018,PRIMARY,Primary,primary,,>=$5M,<2,,True
110,Summerside,2018,SECONDARY,Secondary,secondary,7.081,>=$5M,3,3.7,False
110,Summerside,2019,331110,Iron & Steel Mills & Ferroalloy Manufacturing,secondary,,>=$5M,<2,,True
110,Summerside,2019,334511,Search Detection & Navigation Instruments,primary,,>=$5M,<2,,True
110,Summerside,2019,541330,Engineering Services,secondary,1.386,<$5M,2,3.0,False
110,Summerside,2019,ALL,All,all,15.614,>=$5M,4,8.5,False
110,Summerside,2019,PRIMARY,Primary,primary,,>=$5M,<2,,True
110,Summerside,2019,SECONDARY,Secondary,secondary,7.081,>=$5M,3,3.7,False
110,Summerside,2020,331110,Iron & Steel Mills & Ferroalloy Manufacturing,secondary,,>=$5M,<2,,True
110,Summerside,2020,334511,Search Detection & Navigation Instruments,primary,,>=$5M,<2,,True
110,Summerside,2020,541330,Engineering Services,secondary,1.386,<$5M,2,3.0,False
110,Summerside,2020,ALL,All,all,15.614,>=$5M,4,8.5,False
110,Summerside,2020,PRIMARY,Primary,primary,,>=$5M,<2,,True
110,Summerside,2020,SECONDARY,Secondary,secondary,7.081,>=$5M,3,3.7,False
110,Summerside,2021,331110,Iron and Steel Mills and Ferroalloy Manufacturing,secondary,,>=$5M,<2,,True
110,Summerside,2021,334511,"Search, Detection, Navigation, Guidance, Aeronauti",primary,,>=$5M,<2,,True
110,Summerside,2021,541330,Engineering Services,secondary,1.386,<$5M,2,3.0,False
110,Summerside,2021,ALL,All,all,15.614,>=$5M,4,8.5,False
110,Summerside,2021,PRIMARY,Primary,primary,,>=$5M,<2,,True
110,Summerside,2021,SECONDARY,Secondary,secondary,7.081,>=$5M,3,3.7,False
110,Summerside,2022,331110,Iron and Steel Mills and Ferroalloy Manufacturing,secondary,,>=$5M,<2,,True
110,Summerside,2022,334511,"Search, Detection, Navigation, Guidance, Aeronauti",primary,,>=$5M,<2,,True
110,Summerside,2022,541330,Engineering Services,secondary,3.234,<$5M,3,2.0,False
110,Summerside,2022,ALL,All,all,17.462,>=$5M,5,3.8,False
110,Summerside,2022,PRIMARY,Primary,primary,,>=$5M,<2,,True
110,Summerside,2022,SECONDARY,Secondary,secondary,8.929,>=$5M,4,2.8,False
110,Summerside,2023,331110,Iron and Steel Mills and Ferroalloy Manufacturing,secondary,,>=$5M,<2,,True
110,Summerside,2023,541330,Engineering Services,secondary,3.198,<$5M,3,2.0,False
110,Summerside,2023,ALL,All,all,8.893,>=$5M,4,2.8,False
110,Summerside,2023,SECONDARY,Secondary,secondary,8.893,>=$5M,4,2.8,False
110,Summerside,2024,331110,Iron and Steel Mills and Ferroalloy Manufacturing,secondary,30.926,>=$5M,2,24.0,False
110,Summerside,2024,541330,Engineering Services,secondary,10.331,>=$5M,3,17.7,False
110,Summerside,2024,541511,Custom Computer Programming Services,secondary,,<$5M,<2,,True
110,Summerside,2024,ALL,All,all,41.557,>=$5M,6,17.2,False
110,Summerside,2024,SECONDARY,Secondary,secondary,41.557,>=$5M,6,17.2,False
110,Summerside,2025,331110,Iron and Steel Mills and Ferroalloy Manufacturing,secondary,30.926,>=$5M,2,24.0,False
110,Summerside,2025,541330,Engineering Services,secondary,10.331,>=$5M,3,17.7,False
110,Summerside,2025,541511,Custom Computer Programming Services,secondary,,<$5M,<2,,True
110,Summerside,2025,ALL,All,all,41.557,>=$5M,6,17.2,False
110,Summerside,2025,SECONDARY,Secondary,secondary,41.557,>=$5M,6,17.2,False
720,Swift Current,2017,541330,Engineering Services,secondary,1.617,<$5M,2,3.5,False
720,Swift Current,2017,541370,Surveying & Mapping (except Geophysical) Services,secondary,,<$5M,<2,,True
720,Swift Current,2017,ALL,All,all,2.793,<$5M,3,5.0,False
720,Swift Current,2017,SECONDARY,Secondary,secondary,2.793,<$5M,3,5.0,False
720,Swift Current,2018,541330,Engineering Services,secondary,2.31,<$5M,3,3.3,False
720,Swift Current,2018,541370,Surveying & Mapping (except Geophysical) Services,secondary,,<$5M,<2,,True
720,Swift Current,2018,ALL,All,all,3.486,<$5M,4,4.5,False
720,Swift Current,2018,SECONDARY,Secondary,secondary,3.486,<$5M,4,4.5,False
720,Swift Current,2019,541330,Engineering Services,secondary,3.927,<$5M,4,4.2,False
720,Swift Current,2019,541370,Surveying & Mapping (except Geophysical) Services,secondary,,<$5M,<2,,True
720,Swift Current,2019,ALL,All,all,5.103,>=$5M,5,5.0,False
720,Swift Current,2019,SECONDARY,Secondary,secondary,5.103,>=$5M,5,5.0,False
720,Swift Current,2020,541330,Engineering Services,secondary,11.319,>=$5M,4,12.2,False
720,Swift Current,2020,541370,Surveying & Mapping (except Geophysical) Services,secondary,,<$5M,<2,,True
720,Swift Current,2020,ALL,All,all,12.495,>=$5M,5,11.4,False
720,Swift Current,2020,SECONDARY,Secondary,secondary,12.495,>=$5M,5,11.4,False
720,Swift Current,2021,541330,Engineering Services,secondary,11.319,>=$5M,4,12.2,False
720,Swift Current,2021,541370,Surveying and Mapping (except Geophysical) Service,secondary,,<$5M,<2,,True
720,Swift Current,2021,ALL,All,all,12.495,>=$5M,5,11.4,False
720,Swift Current,2021,SECONDARY,Secondary,secondary,12.495,>=$5M,5,11.4,False
720,Swift Current,2022,541330,Engineering Services,secondary,11.319,>=$5M,4,12.2,False
720,Swift Current,2022,541370,Surveying and Mapping (except Geophysical) Service,secondary,,<$5M,<2,,True
720,Swift Current,2022,ALL,All,all,12.495,>=$5M,5,11.4,False
720,Swift Current,2022,SECONDARY,Secondary,secondary,12.495,>=$5M,5,11.4,False
720,Swift Current,2023,541330,Engineering Services,secondary,2.541,<$5M,3,3.3,False
720,Swift Current,2023,541370,Surveying and Mapping (except Geophysical) Service,secondary,,<$5M,<2,,True
720,Swift Current,2023,ALL,All,all,3.717,<$5M,4,4.5,False
720,Swift Current,2023,SECONDARY,Secondary,secondary,3.717,<$5M,4,4.5,False
720,Swift Current,2024,541330,Engineering Services,secondary,7.017,>=$5M,3,12.0,False
720,Swift Current,2024,541370,Surveying and Mapping (except Geophysical) Service,secondary,,<$5M,<2,,True
720,Swift Current,2024,ALL,All,all,7.214,>=$5M,4,9.5,False
720,Swift Current,2024,SECONDARY,Secondary,secondary,7.214,>=$5M,4,9.5,False
720,Swift Current,2025,541330,Engineering Services,secondary,7.407,>=$5M,3,12.7,False
720,Swift Current,2025,541370,Surveying and Mapping (except Geophysical) Service,secondary,,<$5M,<2,,True
720,Swift Current,2025,ALL,All,all,7.703,>=$5M,4,10.2,False
720,Swift Current,2025,SECONDARY,Secondary,secondary,7.703,>=$5M,4,10.2,False
831,Sylvan Lake,2017,541330,Engineering Services,secondary,,<$5M,<2,,True
831,Sylvan Lake,2017,ALL,All,all,,<$5M,<2,,True
831,Sylvan Lake,2017,SECONDARY,Secondary,secondary,,<$5M,<2,,True
831,Sylvan Lake,2018,541330,Engineering Services,secondary,3.234,<$5M,2,7.0,False
831,Sylvan Lake,2018,ALL,All,all,3.234,<$5M,2,7.0,False
831,Sylvan Lake,2018,SECONDARY,Secondary,secondary,3.234,<$5M,2,7.0,False
831,Sylvan Lake,2019,541330,Engineering Services,secondary,8.547,>=$5M,4,9.2,False
831,Sylvan Lake,2019,ALL,All,all,8.547,>=$5M,4,9.2,False
831,Sylvan Lake,2019,SECONDARY,Secondary,secondary,8.547,>=$5M,4,9.2,False
831,Sylvan Lake,2020,541330,Engineering Services,secondary,8.547,>=$5M,4,9.2,False
831,Sylvan Lake,2020,ALL,All,all,8.547,>=$5M,4,9.2,False
831,Sylvan Lake,2020,SECONDARY,Secondary,secondary,8.547,>=$5M,4,9.2,False
831,Sylvan Lake,2021,541330,Engineering Services,secondary,8.547,>=$5M,4,9.2,False
831,Sylvan Lake,2021,ALL,All,all,8.547,>=$5M,4,9.2,False
831,Sylvan Lake,2021,SECONDARY,Secondary,secondary,8.547,>=$5M,4,9.2,False
831,Sylvan Lake,2022,333310,Commercial and Service Industry Machinery Manufact,primary,,<$5M,<2,,True
831,Sylvan Lake,2022,541330,Engineering Services,secondary,8.547,>=$5M,4,7.8,False
831,Sylvan Lake,2022,ALL,All,all,10.087,>=$5M,5,7.2,False
831,Sylvan Lake,2022,PRIMARY,Primary,primary,,<$5M,<2,,True
831,Sylvan Lake,2022,SECONDARY,Secondary,secondary,8.547,>=$5M,4,7.8,False
831,Sylvan Lake,2023,333310,Commercial and Service Industry Machinery Manufact,primary,,<$5M,<2,,True
831,Sylvan Lake,2023,541330,Engineering Services,secondary,5.082,>=$5M,3,5.3,False
831,Sylvan Lake,2023,ALL,All,all,6.622,>=$5M,4,5.2,False
831,Sylvan Lake,2023,PRIMARY,Primary,primary,,<$5M,<2,,True
831,Sylvan Lake,2023,SECONDARY,Secondary,secondary,5.082,>=$5M,3,5.3,False
831,Sylvan Lake,2024,541330,Engineering Services,secondary,1.56,<$5M,3,2.7,False
831,Sylvan Lake,2024,ALL,All,all,1.56,<$5M,3,2.7,False
831,Sylvan Lake,2024,SECONDARY,Secondary,secondary,1.56,<$5M,3,2.7,False
831,Sylvan Lake,2025,541330,Engineering Services,secondary,1.56,<$5M,3,2.7,False
831,Sylvan Lake,2025,ALL,All,all,1.56,<$5M,3,2.7,False
831,Sylvan Lake,2025,SECONDARY,Secondary,secondary,1.56,<$5M,3,2.7,False
965,Terrace,2017,541330,Engineering Services,secondary,6.237,>=$5M,2,13.5,False
965,Terrace,2017,541370,Surveying & Mapping (except Geophysical) Services,secondary,0.882,<$5M,2,3.0,False
965,Terrace,2017,541511,Custom Computer Programming Services,secondary,,<$5M,<2,,True
965,Terrace,2017,ALL,All,all,8.154,>=$5M,5,7.6,False
965,Terrace,2017,SECONDARY,Secondary,secondary,8.154,>=$5M,5,7.6,False
965,Terrace,2018,541330,Engineering Services,secondary,6.237,>=$5M,2,13.5,False
965,Terrace,2018,541370,Surveying & Mapping (except Geophysical) Services,secondary,0.882,<$5M,2,3.0,False
965,Terrace,2018,541511,Custom Computer Programming Services,secondary,,<$5M,<2,,True
965,Terrace,2018,ALL,All,all,8.154,>=$5M,5,7.6,False
965,Terrace,2018,SECONDARY,Secondary,secondary,8.154,>=$5M,5,7.6,False
965,Terrace,2019,541330,Engineering Services,secondary,103.257,>=$5M,4,111.8,False
965,Terrace,2019,541370,Surveying & Mapping (except Geophysical) Services,secondary,0.882,<$5M,2,3.0,False
965,Terrace,2019,541511,Custom Computer Programming Services,secondary,,<$5M,<2,,True
965,Terrace,2019,ALL,All,all,105.174,>=$5M,7,65.4,False
965,Terrace,2019,SECONDARY,Secondary,secondary,105.174,>=$5M,7,65.4,False
965,Terrace,2020,541330,Engineering Services,secondary,104.643,>=$5M,5,90.6,False
965,Terrace,2020,541370,Surveying & Mapping (except Geophysical) Services,secondary,0.882,<$5M,2,3.0,False
965,Terrace,2020,541511,Custom Computer Programming Services,secondary,,<$5M,<2,,True
965,Terrace,2020,ALL,All,all,106.56,>=$5M,8,58.0,False
965,Terrace,2020,SECONDARY,Secondary,secondary,106.56,>=$5M,8,58.0,False
965,Terrace,2021,541330,Engineering Services,secondary,104.643,>=$5M,5,90.6,False
965,Terrace,2021,541370,Surveying and Mapping (except Geophysical) Service,secondary,0.882,<$5M,2,3.0,False
965,Terrace,2021,541511,Custom Computer Programming Services,secondary,,<$5M,<2,,True
965,Terrace,2021,ALL,All,all,106.56,>=$5M,8,58.0,False
965,Terrace,2021,SECONDARY,Secondary,secondary,106.56,>=$5M,8,58.0,False
965,Terrace,2022,333310,Commercial and Service Industry Machinery Manufact,primary,,<$5M,<2,,True
965,Terrace,2022,541330,Engineering Services,secondary,103.026,>=$5M,4,111.5,False
965,Terrace,2022,541370,Surveying and Mapping (except Geophysical) Service,secondary,0.882,<$5M,2,3.0,False
965,Terrace,2022,541511,Custom Computer Programming Services,secondary,,<$5M,<2,,True
965,Terrace,2022,ALL,All,all,106.878,>=$5M,8,57.8,False
965,Terrace,2022,PRIMARY,Primary,primary,,<$5M,<2,,True
965,Terrace,2022,SECONDARY,Secondary,secondary,104.943,>=$5M,7,65.3,False
965,Terrace,2023,333310,Commercial and Service Industry Machinery Manufact,primary,,<$5M,<2,,True
965,Terrace,2023,541330,Engineering Services,secondary,,<$5M,<2,,True
965,Terrace,2023,541370,Surveying and Mapping (except Geophysical) Service,secondary,0.882,<$5M,2,3.0,False
965,Terrace,2023,541511,Custom Computer Programming Services,secondary,,<$5M,<2,,True
965,Terrace,2023,ALL,All,all,8.472,>=$5M,5,7.2,False
965,Terrace,2023,PRIMARY,Primary,primary,,<$5M,<2,,True
965,Terrace,2023,SECONDARY,Secondary,secondary,6.537,>=$5M,4,7.8,False
965,Terrace,2024,541330,Engineering Services,secondary,,<$5M,<2,,True
965,Terrace,2024,541370,Surveying and Mapping (except Geophysical) Service,secondary,0.591,<$5M,2,3.0,False
965,Terrace,2024,541511,Custom Computer Programming Services,secondary,,<$5M,<2,,True
965,Terrace,2024,ALL,All,all,4.79,<$5M,4,7.0,False
965,Terrace,2024,SECONDARY,Secondary,secondary,4.79,<$5M,4,7.0,False
965,Terrace,2025,541330,Engineering Services,secondary,,<$5M,<2,,True
965,Terrace,2025,541370,Surveying and Mapping (except Geophysical) Service,secondary,0.591,<$5M,2,3.0,False
965,Terrace,2025,541511,Custom Computer Programming Services,secondary,,<$5M,<2,,True
965,Terrace,2025,ALL,All,all,4.79,<$5M,4,7.0,False
965,Terrace,2025,SECONDARY,Secondary,secondary,4.79,<$5M,4,7.0,False
430,Thetford Mines,2017,325920,Explosives Manufacturing,primary,,<$5M,<2,,True
430,Thetford Mines,2017,331110,Iron & Steel Mills & Ferroalloy Manufacturing,secondary,35.309,>=$5M,4,7.8,False
430,Thetford Mines,2017,541330,Engineering Services,secondary,2.31,<$5M,2,5.0,False
430,Thetford Mines,2017,541370,Surveying & Mapping (except Geophysical) Services,secondary,6.468,>=$5M,6,7.3,False
430,Thetford Mines,2017,541511,Custom Computer Programming Services,secondary,1.449,<$5M,2,3.5,False
430,Thetford Mines,2017,ALL,All,all,47.151,>=$5M,15,6.5,False
430,Thetford Mines,2017,PRIMARY,Primary,primary,,<$5M,<2,,True
430,Thetford Mines,2017,SECONDARY,Secondary,secondary,45.536,>=$5M,14,6.6,False
430,Thetford Mines,2018,325920,Explosives Manufacturing,primary,,<$5M,<2,,True
430,Thetford Mines,2018,331110,Iron & Steel Mills & Ferroalloy Manufacturing,secondary,42.143,>=$5M,5,7.4,False
430,Thetford Mines,2018,541330,Engineering Services,secondary,2.31,<$5M,2,5.0,False
430,Thetford Mines,2018,541370,Surveying & Mapping (except Geophysical) Services,secondary,6.468,>=$5M,6,7.3,False
430,Thetford Mines,2018,541511,Custom Computer Programming Services,secondary,1.449,<$5M,2,3.5,False
430,Thetford Mines,2018,ALL,All,all,53.985,>=$5M,16,6.4,False
430,Thetford Mines,2018,PRIMARY,Primary,primary,,<$5M,<2,,True
430,Thetford Mines,2018,SECONDARY,Secondary,secondary,52.37,>=$5M,15,6.5,False
430,Thetford Mines,2019,325920,Explosives Manufacturing,primary,,<$5M,<2,,True
430,Thetford Mines,2019,331110,Iron & Steel Mills & Ferroalloy Manufacturing,secondary,42.143,>=$5M,5,7.4,False
430,Thetford Mines,2019,541330,Engineering Services,secondary,5.775,>=$5M,3,8.3,False
430,Thetford Mines,2019,541370,Surveying & Mapping (except Geophysical) Services,secondary,6.468,>=$5M,6,7.3,False
430,Thetford Mines,2019,541511,Custom Computer Programming Services,secondary,1.449,<$5M,2,3.5,False
430,Thetford Mines,2019,ALL,All,all,57.45,>=$5M,17,6.9,False
430,Thetford Mines,2019,PRIMARY,Primary,primary,,<$5M,<2,,True
430,Thetford Mines,2019,SECONDARY,Secondary,secondary,55.835,>=$5M,16,7.1,False
430,Thetford Mines,2020,325920,Explosives Manufacturing,primary,,<$5M,<2,,True
430,Thetford Mines,2020,331110,Iron & Steel Mills & Ferroalloy Manufacturing,secondary,42.143,>=$5M,5,7.4,False
430,Thetford Mines,2020,541330,Engineering Services,secondary,6.468,>=$5M,4,7.0,False
430,Thetford Mines,2020,541370,Surveying & Mapping (except Geophysical) Services,secondary,6.174,>=$5M,6,7.0,False
430,Thetford Mines,2020,541511,Custom Computer Programming Services,secondary,1.449,<$5M,2,3.5,False
430,Thetford Mines,2020,ALL,All,all,57.849,>=$5M,18,6.6,False
430,Thetford Mines,2020,PRIMARY,Primary,primary,,<$5M,<2,,True
430,Thetford Mines,2020,SECONDARY,Secondary,secondary,56.234,>=$5M,17,6.7,False
430,Thetford Mines,2021,325920,Explosives Manufacturing,primary,,<$5M,<2,,True
430,Thetford Mines,2021,331110,Iron and Steel Mills and Ferroalloy Manufacturing,secondary,42.143,>=$5M,5,7.4,False
430,Thetford Mines,2021,541330,Engineering Services,secondary,6.468,>=$5M,4,7.0,False
430,Thetford Mines,2021,541370,Surveying and Mapping (except Geophysical) Service,secondary,6.468,>=$5M,6,7.0,False
430,Thetford Mines,2021,541511,Custom Computer Programming Services,secondary,1.449,<$5M,2,3.5,False
430,Thetford Mines,2021,ALL,All,all,58.143,>=$5M,18,6.6,False
430,Thetford Mines,2021,PRIMARY,Primary,primary,,<$5M,<2,,True
430,Thetford Mines,2021,SECONDARY,Secondary,secondary,56.528,>=$5M,17,6.7,False
430,Thetford Mines,2022,325920,Explosives Manufacturing,primary,,<$5M,<2,,True
430,Thetford Mines,2022,331110,Iron and Steel Mills and Ferroalloy Manufacturing,secondary,42.143,>=$5M,5,7.4,False
430,Thetford Mines,2022,333310,Commercial and Service Industry Machinery Manufact,primary,2.912,<$5M,4,3.5,False
430,Thetford Mines,2022,541330,Engineering Services,secondary,8.316,>=$5M,5,7.2,False
430,Thetford Mines,2022,541370,Surveying and Mapping (except Geophysical) Service,secondary,6.468,>=$5M,6,7.0,False
430,Thetford Mines,2022,541511,Custom Computer Programming Services,secondary,1.449,<$5M,2,3.5,False
430,Thetford Mines,2022,ALL,All,all,62.903,>=$5M,23,6.1,False
430,Thetford Mines,2022,PRIMARY,Primary,primary,4.527,<$5M,5,3.8,False
430,Thetford Mines,2022,SECONDARY,Secondary,secondary,58.376,>=$5M,18,6.8,False
430,Thetford Mines,2023,325920,Explosives Manufacturing,primary,,<$5M,<2,,True
430,Thetford Mines,2023,331110,Iron and Steel Mills and Ferroalloy Manufacturing,secondary,40.24,>=$5M,5,11.2,False
430,Thetford Mines,2023,333310,Commercial and Service Industry Machinery Manufact,primary,2.852,<$5M,4,3.5,False
430,Thetford Mines,2023,541330,Engineering Services,secondary,2.31,<$5M,2,5.0,False
430,Thetford Mines,2023,541370,Surveying and Mapping (except Geophysical) Service,secondary,5.983,>=$5M,6,7.0,False
430,Thetford Mines,2023,541511,Custom Computer Programming Services,secondary,1.277,<$5M,2,3.5,False
430,Thetford Mines,2023,ALL,All,all,54.277,>=$5M,20,6.7,False
430,Thetford Mines,2023,PRIMARY,Primary,primary,4.467,<$5M,5,3.8,False
430,Thetford Mines,2023,SECONDARY,Secondary,secondary,49.81,>=$5M,15,7.7,False
430,Thetford Mines,2024,325920,Explosives Manufacturing,primary,,<$5M,<2,,True
430,Thetford Mines,2024,331110,Iron and Steel Mills and Ferroalloy Manufacturing,secondary,34.793,>=$5M,5,10.8,False
430,Thetford Mines,2024,333310,Commercial and Service Industry Machinery Manufact,primary,5.014,>=$5M,4,8.5,False
430,Thetford Mines,2024,541330,Engineering Services,secondary,10.916,>=$5M,3,18.7,False
430,Thetford Mines,2024,541370,Surveying and Mapping (except Geophysical) Service,secondary,3.349,<$5M,6,5.7,False
430,Thetford Mines,2024,541511,Custom Computer Programming Services,secondary,,<$5M,<2,,True
430,Thetford Mines,2024,ALL,All,all,55.726,>=$5M,20,9.4,False
430,Thetford Mines,2024,PRIMARY,Primary,primary,6.069,>=$5M,5,7.8,False
430,Thetford Mines,2024,SECONDARY,Secondary,secondary,49.657,>=$5M,15,9.9,False
430,Thetford Mines,2025,325920,Explosives Manufacturing,primary,,<$5M,<2,,True
430,Thetford Mines,2025,331110,Iron and Steel Mills and Ferroalloy Manufacturing,secondary,36.726,>=$5M,6,9.5,False
430,Thetford Mines,2025,333310,Commercial and Service Industry Machinery Manufact,primary,5.604,>=$5M,5,7.6,False
430,Thetford Mines,2025,541330,Engineering Services,secondary,11.306,>=$5M,3,19.3,False
430,Thetford Mines,2025,541370,Surveying and Mapping (except Geophysical) Service,secondary,3.448,<$5M,6,5.8,False
430,Thetford Mines,2025,ALL,All,all,58.139,>=$5M,21,9.2,False
430,Thetford Mines,2025,PRIMARY,Primary,primary,6.659,>=$5M,6,7.2,False
430,Thetford Mines,2025,SECONDARY,Secondary,secondary,51.48,>=$5M,15,10.0,False
640,Thompson,2017,541330,Engineering Services,secondary,4.62,<$5M,2,10.0,False
640,Thompson,2017,ALL,All,all,4.62,<$5M,2,10.0,False
640,Thompson,2017,SECONDARY,Secondary,secondary,4.62,<$5M,2,10.0,False
640,Thompson,2018,541330,Engineering Services,secondary,4.62,<$5M,2,10.0,False
640,Thompson,2018,ALL,All,all,4.62,<$5M,2,10.0,False
640,Thompson,2018,SECONDARY,Secondary,secondary,4.62,<$5M,2,10.0,False
640,Thompson,2019,541330,Engineering Services,secondary,4.62,<$5M,2,10.0,False
640,Thompson,2019,ALL,All,all,4.62,<$5M,2,10.0,False
640,Thompson,2019,SECONDARY,Secondary,secondary,4.62,<$5M,2,10.0,False
640,Thompson,2020,541330,Engineering Services,secondary,4.62,<$5M,2,10.0,False
640,Thompson,2020,ALL,All,all,4.62,<$5M,2,10.0,False
640,Thompson,2020,SECONDARY,Secondary,secondary,4.62,<$5M,2,10.0,False
640,Thompson,2021,541330,Engineering Services,secondary,4.62,<$5M,2,10.0,False
640,Thompson,2021,ALL,All,all,4.62,<$5M,2,10.0,False
640,Thompson,2021,SECONDARY,Secondary,secondary,4.62,<$5M,2,10.0,False
640,Thompson,2022,333310,Commercial and Service Industry Machinery Manufact,primary,,<$5M,<2,,True
640,Thompson,2022,541330,Engineering Services,secondary,4.62,<$5M,2,10.0,False
640,Thompson,2022,541511,Custom Computer Programming Services,secondary,,<$5M,<2,,True
640,Thompson,2022,ALL,All,all,5.656,>=$5M,4,6.2,False
640,Thompson,2022,PRIMARY,Primary,primary,,<$5M,<2,,True
640,Thompson,2022,SECONDARY,Secondary,secondary,5.448,>=$5M,3,8.0,False
640,Thompson,2023,333310,Commercial and Service Industry Machinery Manufact,primary,,<$5M,<2,,True
640,Thompson,2023,541330,Engineering Services,secondary,4.62,<$5M,2,10.0,False
640,Thompson,2023,541511,Custom Computer Programming Services,secondary,,<$5M,<2,,True
640,Thompson,2023,ALL,All,all,5.656,>=$5M,4,6.2,False
640,Thompson,2023,PRIMARY,Primary,primary,,<$5M,<2,,True
640,Thompson,2023,SECONDARY,Secondary,secondary,5.448,>=$5M,3,8.0,False
640,Thompson,2024,541330,Engineering Services,secondary,1.17,<$5M,2,3.0,False
640,Thompson,2024,541511,Custom Computer Programming Services,secondary,,<$5M,<2,,True
640,Thompson,2024,ALL,All,all,1.769,<$5M,3,3.3,False
640,Thompson,2024,SECONDARY,Secondary,secondary,1.769,<$5M,3,3.3,False
640,Thompson,2025,541330,Engineering Services,secondary,1.17,<$5M,2,3.0,False
640,Thompson,2025,541511,Custom Computer Programming Services,secondary,,<$5M,<2,,True
640,Thompson,2025,ALL,All,all,1.769,<$5M,3,3.3,False
640,Thompson,2025,SECONDARY,Secondary,secondary,1.769,<$5M,3,3.3,False
595,Thunder Bay,2017,331110,Iron & Steel Mills & Ferroalloy Manufacturing,secondary,,>=$5M,<2,,True
595,Thunder Bay,2017,541330,Engineering Services,secondary,129.457,>=$5M,35,16.0,False
595,Thunder Bay,2017,541370,Surveying & Mapping (except Geophysical) Services,secondary,5.733,>=$5M,4,9.8,False
595,Thunder Bay,2017,541511,Custom Computer Programming Services,secondary,2.07,<$5M,2,5.0,False
595,Thunder Bay,2017,ALL,All,all,150.928,>=$5M,42,14.8,False
595,Thunder Bay,2017,SECONDARY,Secondary,secondary,150.928,>=$5M,42,14.8,False
595,Thunder Bay,2018,541330,Engineering Services,secondary,150.709,>=$5M,37,17.6,False
595,Thunder Bay,2018,541370,Surveying & Mapping (except Geophysical) Services,secondary,5.733,>=$5M,4,9.8,False
595,Thunder Bay,2018,541511,Custom Computer Programming Services,secondary,3.312,<$5M,4,4.0,False
595,Thunder Bay,2018,ALL,All,all,159.754,>=$5M,45,15.7,False
595,Thunder Bay,2018,SECONDARY,Secondary,secondary,159.754,>=$5M,45,15.7,False
595,Thunder Bay,2019,541330,Engineering Services,secondary,160.642,>=$5M,45,15.5,False
595,Thunder Bay,2019,541370,Surveying & Mapping (except Geophysical) Services,secondary,5.733,>=$5M,4,9.8,False
595,Thunder Bay,2019,541511,Custom Computer Programming Services,secondary,4.968,<$5M,6,4.0,False
595,Thunder Bay,2019,ALL,All,all,171.343,>=$5M,55,13.8,False
595,Thunder Bay,2019,SECONDARY,Secondary,secondary,171.343,>=$5M,55,13.8,False
595,Thunder Bay,2020,541330,Engineering Services,secondary,169.42,>=$5M,46,16.0,False
595,Thunder Bay,2020,541370,Surveying & Mapping (except Geophysical) Services,secondary,5.733,>=$5M,4,9.8,False
595,Thunder Bay,2020,541511,Custom Computer Programming Services,secondary,4.968,<$5M,6,4.0,False
595,Thunder Bay,2020,ALL,All,all,180.121,>=$5M,56,14.2,False
595,Thunder Bay,2020,SECONDARY,Secondary,secondary,180.121,>=$5M,56,14.2,False
595,Thunder Bay,2021,541330,Engineering Services,secondary,169.42,>=$5M,46,16.0,False
595,Thunder Bay,2021,541370,Surveying and Mapping (except Geophysical) Service,secondary,5.733,>=$5M,4,9.8,False
595,Thunder Bay,2021,541511,Custom Computer Programming Services,secondary,4.554,<$5M,5,4.4,False
595,Thunder Bay,2021,ALL,All,all,179.707,>=$5M,55,14.5,False
595,Thunder Bay,2021,SECONDARY,Secondary,secondary,179.707,>=$5M,55,14.5,False
595,Thunder Bay,2022,333310,Commercial and Service Industry Machinery Manufact,primary,4.715,<$5M,3,4.3,False
595,Thunder Bay,2022,541330,Engineering Services,secondary,169.42,>=$5M,46,15.8,False
595,Thunder Bay,2022,541370,Surveying and Mapping (except Geophysical) Service,secondary,5.733,>=$5M,4,9.8,False
595,Thunder Bay,2022,541511,Custom Computer Programming Services,secondary,4.554,<$5M,5,4.2,False
595,Thunder Bay,2022,ALL,All,all,184.422,>=$5M,58,13.8,False
595,Thunder Bay,2022,PRIMARY,Primary,primary,4.715,<$5M,3,4.3,False
595,Thunder Bay,2022,SECONDARY,Secondary,secondary,179.707,>=$5M,55,14.3,False
595,Thunder Bay,2023,333310,Commercial and Service Industry Machinery Manufact,primary,4.715,<$5M,3,4.3,False
595,Thunder Bay,2023,541330,Engineering Services,secondary,142.432,>=$5M,43,15.0,False
595,Thunder Bay,2023,541370,Surveying and Mapping (except Geophysical) Service,secondary,5.733,>=$5M,4,9.8,False
595,Thunder Bay,2023,541511,Custom Computer Programming Services,secondary,4.554,<$5M,5,4.2,False
595,Thunder Bay,2023,ALL,All,all,157.434,>=$5M,55,13.0,False
595,Thunder Bay,2023,PRIMARY,Primary,primary,4.715,<$5M,3,4.3,False
595,Thunder Bay,2023,SECONDARY,Secondary,secondary,152.719,>=$5M,52,13.5,False
595,Thunder Bay,2024,333310,Commercial and Service Industry Machinery Manufact,primary,1.94,<$5M,3,3.7,False
595,Thunder Bay,2024,541330,Engineering Services,secondary,113.644,>=$5M,40,14.6,False
595,Thunder Bay,2024,541370,Surveying and Mapping (except Geophysical) Service,secondary,3.35,<$5M,5,6.6,False
595,Thunder Bay,2024,541511,Custom Computer Programming Services,secondary,2.995,<$5M,7,2.9,False
595,Thunder Bay,2024,ALL,All,all,121.929,>=$5M,55,11.8,False
595,Thunder Bay,2024,PRIMARY,Primary,primary,1.94,<$5M,3,3.7,False
595,Thunder Bay,2024,SECONDARY,Secondary,secondary,119.989,>=$5M,52,12.3,False
595,Thunder Bay,2025,333310,Commercial and Service Industry Machinery Manufact,primary,1.94,<$5M,3,3.7,False
595,Thunder Bay,2025,541330,Engineering Services,secondary,114.813,>=$5M,41,14.4,False
595,Thunder Bay,2025,541370,Surveying and Mapping (except Geophysical) Service,secondary,3.449,<$5M,5,7.0,False
595,Thunder Bay,2025,541511,Custom Computer Programming Services,secondary,2.995,<$5M,7,2.9,False
595,Thunder Bay,2025,ALL,All,all,123.197,>=$5M,56,11.7,False
595,Thunder Bay,2025,PRIMARY,Primary,primary,1.94,<$5M,3,3.7,False
595,Thunder Bay,2025,SECONDARY,Secondary,secondary,121.257,>=$5M,53,12.2,False
546,Tillsonburg,2017,541330,Engineering Services,secondary,4.158,<$5M,2,9.0,False
546,Tillsonburg,2017,541370,Surveying & Mapping (except Geophysical) Services,secondary,,<$5M,<2,,True
546,Tillsonburg,2017,ALL,All,all,5.922,>=$5M,3,10.0,False
546,Tillsonburg,2017,SECONDARY,Secondary,secondary,5.922,>=$5M,3,10.0,False
546,Tillsonburg,2018,541330,Engineering Services,secondary,4.158,<$5M,2,9.0,False
546,Tillsonburg,2018,541370,Surveying & Mapping (except Geophysical) Services,secondary,,<$5M,<2,,True
546,Tillsonburg,2018,ALL,All,all,5.922,>=$5M,3,10.0,False
546,Tillsonburg,2018,SECONDARY,Secondary,secondary,5.922,>=$5M,3,10.0,False
546,Tillsonburg,2019,541330,Engineering Services,secondary,4.158,<$5M,2,9.0,False
546,Tillsonburg,2019,541370,Surveying & Mapping (except Geophysical) Services,secondary,,<$5M,<2,,True
546,Tillsonburg,2019,ALL,All,all,5.922,>=$5M,3,10.0,False
546,Tillsonburg,2019,SECONDARY,Secondary,secondary,5.922,>=$5M,3,10.0,False
546,Tillsonburg,2020,541330,Engineering Services,secondary,4.158,<$5M,2,9.0,False
546,Tillsonburg,2020,541370,Surveying & Mapping (except Geophysical) Services,secondary,,<$5M,<2,,True
546,Tillsonburg,2020,ALL,All,all,5.922,>=$5M,3,10.0,False
546,Tillsonburg,2020,SECONDARY,Secondary,secondary,5.922,>=$5M,3,10.0,False
546,Tillsonburg,2021,541330,Engineering Services,secondary,4.158,<$5M,2,9.0,False
546,Tillsonburg,2021,541370,Surveying and Mapping (except Geophysical) Service,secondary,,<$5M,<2,,True
546,Tillsonburg,2021,ALL,All,all,5.922,>=$5M,3,10.0,False
546,Tillsonburg,2021,SECONDARY,Secondary,secondary,5.922,>=$5M,3,10.0,False
546,Tillsonburg,2022,541330,Engineering Services,secondary,4.158,<$5M,2,9.0,False
546,Tillsonburg,2022,541370,Surveying and Mapping (except Geophysical) Service,secondary,,<$5M,<2,,True
546,Tillsonburg,2022,ALL,All,all,5.922,>=$5M,3,10.0,False
546,Tillsonburg,2022,SECONDARY,Secondary,secondary,5.922,>=$5M,3,10.0,False
546,Tillsonburg,2023,541330,Engineering Services,secondary,4.158,<$5M,2,9.0,False
546,Tillsonburg,2023,541370,Surveying and Mapping (except Geophysical) Service,secondary,,<$5M,<2,,True
546,Tillsonburg,2023,ALL,All,all,5.922,>=$5M,3,10.0,False
546,Tillsonburg,2023,SECONDARY,Secondary,secondary,5.922,>=$5M,3,10.0,False
546,Tillsonburg,2024,541330,Engineering Services,secondary,3.509,<$5M,2,9.0,False
546,Tillsonburg,2024,541370,Surveying and Mapping (except Geophysical) Service,secondary,,<$5M,<2,,True
546,Tillsonburg,2024,ALL,All,all,4.691,<$5M,3,10.0,False
546,Tillsonburg,2024,SECONDARY,Secondary,secondary,4.691,<$5M,3,10.0,False
546,Tillsonburg,2025,541330,Engineering Services,secondary,3.509,<$5M,2,15.0,False
546,Tillsonburg,2025,541370,Surveying and Mapping (except Geophysical) Service,secondary,,<$5M,<2,,True
546,Tillsonburg,2025,ALL,All,all,4.691,<$5M,3,14.0,False
546,Tillsonburg,2025,SECONDARY,Secondary,secondary,4.691,<$5M,3,14.0,False
586,Timmins,2017,331110,Iron & Steel Mills & Ferroalloy Manufacturing,secondary,,<$5M,<2,,True
586,Timmins,2017,541330,Engineering Services,secondary,12.243,>=$5M,11,4.8,False
586,Timmins,2017,541370,Surveying & Mapping (except Geophysical) Services,secondary,0.588,<$5M,2,2.0,False
586,Timmins,2017,ALL,All,all,13.97,>=$5M,14,4.1,False
586,Timmins,2017,SECONDARY,Secondary,secondary,13.97,>=$5M,14,4.1,False
586,Timmins,2018,331110,Iron & Steel Mills & Ferroalloy Manufacturing,secondary,,<$5M,<2,,True
586,Timmins,2018,541330,Engineering Services,secondary,14.091,>=$5M,11,5.5,False
586,Timmins,2018,541370,Surveying & Mapping (except Geophysical) Services,secondary,1.029,<$5M,2,3.5,False
586,Timmins,2018,ALL,All,all,16.259,>=$5M,14,4.9,False
586,Timmins,2018,SECONDARY,Secondary,secondary,16.259,>=$5M,14,4.9,False
586,Timmins,2019,331110,Iron & Steel Mills & Ferroalloy Manufacturing,secondary,,<$5M,<2,,True
586,Timmins,2019,541330,Engineering Services,secondary,40.425,>=$5M,14,12.5,False
586,Timmins,2019,541370,Surveying & Mapping (except Geophysical) Services,secondary,2.058,<$5M,3,4.7,False
586,Timmins,2019,ALL,All,all,43.622,>=$5M,18,10.6,False
586,Timmins,2019,SECONDARY,Secondary,secondary,43.622,>=$5M,18,10.6,False
586,Timmins,2020,541330,Engineering Services,secondary,36.729,>=$5M,13,12.2,False
586,Timmins,2020,541370,Surveying & Mapping (except Geophysical) Services,secondary,2.058,<$5M,3,4.7,False
586,Timmins,2020,ALL,All,all,38.787,>=$5M,16,10.8,False
586,Timmins,2020,SECONDARY,Secondary,secondary,38.787,>=$5M,16,10.8,False
586,Timmins,2021,541330,Engineering Services,secondary,36.729,>=$5M,13,12.2,False
586,Timmins,2021,541370,Surveying and Mapping (except Geophysical) Service,secondary,2.058,<$5M,3,4.7,False
586,Timmins,2021,ALL,All,all,38.787,>=$5M,16,10.8,False
586,Timmins,2021,SECONDARY,Secondary,secondary,38.787,>=$5M,16,10.8,False
586,Timmins,2022,333310,Commercial and Service Industry Machinery Manufact,primary,,>=$5M,<2,,True
586,Timmins,2022,541330,Engineering Services,secondary,36.729,>=$5M,13,12.2,False
586,Timmins,2022,541370,Surveying and Mapping (except Geophysical) Service,secondary,2.058,<$5M,3,4.7,False
586,Timmins,2022,ALL,All,all,48.027,>=$5M,17,11.9,False
586,Timmins,2022,PRIMARY,Primary,primary,,>=$5M,<2,,True
586,Timmins,2022,SECONDARY,Secondary,secondary,38.787,>=$5M,16,10.8,False
586,Timmins,2023,333310,Commercial and Service Industry Machinery Manufact,primary,,>=$5M,<2,,True
586,Timmins,2023,541330,Engineering Services,secondary,32.292,>=$5M,13,12.2,False
586,Timmins,2023,541370,Surveying and Mapping (except Geophysical) Service,secondary,1.719,<$5M,3,4.7,False
586,Timmins,2023,ALL,All,all,43.251,>=$5M,17,11.9,False
586,Timmins,2023,PRIMARY,Primary,primary,,>=$5M,<2,,True
586,Timmins,2023,SECONDARY,Secondary,secondary,34.011,>=$5M,16,10.8,False
586,Timmins,2024,541330,Engineering Services,secondary,39.961,>=$5M,13,15.8,False
586,Timmins,2024,541370,Surveying and Mapping (except Geophysical) Service,secondary,1.38,<$5M,3,4.7,False
586,Timmins,2024,ALL,All,all,41.341,>=$5M,16,13.7,False
586,Timmins,2024,SECONDARY,Secondary,secondary,41.341,>=$5M,16,13.7,False
586,Timmins,2025,541330,Engineering Services,secondary,40.546,>=$5M,13,16.0,False
586,Timmins,2025,541370,Surveying and Mapping (except Geophysical) Service,secondary,1.38,<$5M,3,4.7,False
586,Timmins,2025,ALL,All,all,41.926,>=$5M,16,13.9,False
586,Timmins,2025,SECONDARY,Secondary,secondary,41.926,>=$5M,16,13.9,False
535,Toronto,2017,331110,Iron & Steel Mills & Ferroalloy Manufacturing,secondary,1853.715,>=$5M,87,19.5,False
535,Toronto,2017,333314,Optical Instrument & Lens Manufacturing,secondary,8.294,>=$5M,5,5.8,False
535,Toronto,2017,334511,Search Detection & Navigation Instruments,primary,236.327,>=$5M,17,37.5,False
535,Toronto,2017,336411,Aircraft Manufacturing,primary,15.125,>=$5M,5,5.0,False
535,Toronto,2017,336611,Ship Building & Repairing,secondary,2.886,<$5M,2,6.5,False
535,Toronto,2017,336612,Boat Building,secondary,14.058,>=$5M,10,7.1,False
535,Toronto,2017,541330,Engineering Services,secondary,2858.622,>=$5M,1080,11.5,False
535,Toronto,2017,541370,Surveying & Mapping (except Geophysical) Services,secondary,184.632,>=$5M,131,9.6,False
535,Toronto,2017,541511,Custom Computer Programming Services,secondary,975.591,>=$5M,424,11.1,False
535,Toronto,2017,ALL,All,all,6149.25,>=$5M,1761,11.8,False
535,Toronto,2017,PRIMARY,Primary,primary,251.452,>=$5M,22,30.1,False
535,Toronto,2017,SECONDARY,Secondary,secondary,5897.798,>=$5M,1739,11.6,False
535,Toronto,2018,331110,Iron & Steel Mills & Ferroalloy Manufacturing,secondary,1844.255,>=$5M,86,19.6,False
535,Toronto,2018,333314,Optical Instrument & Lens Manufacturing,secondary,8.294,>=$5M,5,5.8,False
535,Toronto,2018,334511,Search Detection & Navigation Instruments,primary,244.86,>=$5M,18,36.7,False
535,Toronto,2018,336411,Aircraft Manufacturing,primary,15.125,>=$5M,5,5.0,False
535,Toronto,2018,336611,Ship Building & Repairing,secondary,2.886,<$5M,2,6.5,False
535,Toronto,2018,336612,Boat Building,secondary,14.058,>=$5M,10,7.1,False
535,Toronto,2018,541330,Engineering Services,secondary,3041.574,>=$5M,1115,11.8,False
535,Toronto,2018,541370,Surveying & Mapping (except Geophysical) Services,secondary,184.632,>=$5M,132,9.5,False
535,Toronto,2018,541511,Custom Computer Programming Services,secondary,947.439,>=$5M,404,11.3,False
535,Toronto,2018,ALL,All,all,6303.123,>=$5M,1777,12.1,False
535,Toronto,2018,PRIMARY,Primary,primary,259.985,>=$5M,23,29.8,False
535,Toronto,2018,SECONDARY,Secondary,secondary,6043.138,>=$5M,1754,11.9,False
535,Toronto,2019,331110,Iron & Steel Mills & Ferroalloy Manufacturing,secondary,1914.873,>=$5M,89,19.7,False
535,Toronto,2019,333314,Optical Instrument & Lens Manufacturing,secondary,8.294,>=$5M,5,5.8,False
535,Toronto,2019,334511,Search Detection & Navigation Instruments,primary,262.297,>=$5M,21,33.7,False
535,Toronto,2019,336411,Aircraft Manufacturing,primary,15.125,>=$5M,5,5.0,False
535,Toronto,2019,336611,Ship Building & Repairing,secondary,2.886,<$5M,2,6.5,False
535,Toronto,2019,336612,Boat Building,secondary,12.078,>=$5M,9,6.8,False
535,Toronto,2019,541330,Engineering Services,secondary,3842.451,>=$5M,1350,12.3,False
535,Toronto,2019,541370,Surveying & Mapping (except Geophysical) Services,secondary,194.481,>=$5M,144,9.2,False
535,Toronto,2019,541511,Custom Computer Programming Services,secondary,1067.706,>=$5M,461,11.2,False
535,Toronto,2019,ALL,All,all,7320.191,>=$5M,2086,12.3,False
535,Toronto,2019,PRIMARY,Primary,primary,277.422,>=$5M,26,28.2,False
535,Toronto,2019,SECONDARY,Secondary,secondary,7042.769,>=$5M,2060,12.1,False
535,Toronto,2020,331110,Iron & Steel Mills & Ferroalloy Manufacturing,secondary,1886.398,>=$5M,86,20.1,False
535,Toronto,2020,333314,Optical Instrument & Lens Manufacturing,secondary,6.864,>=$5M,4,6.0,False
535,Toronto,2020,334511,Search Detection & Navigation Instruments,primary,262.297,>=$5M,21,33.7,False
535,Toronto,2020,336411,Aircraft Manufacturing,primary,15.125,>=$5M,5,5.0,False
535,Toronto,2020,336611,Ship Building & Repairing,secondary,2.886,<$5M,2,6.5,False
535,Toronto,2020,336612,Boat Building,secondary,12.078,>=$5M,9,6.8,False
535,Toronto,2020,541330,Engineering Services,secondary,3991.677,>=$5M,1355,12.8,False
535,Toronto,2020,541370,Surveying & Mapping (except Geophysical) Services,secondary,198.009,>=$5M,148,9.1,False
535,Toronto,2020,541511,Custom Computer Programming Services,secondary,1068.534,>=$5M,469,11.0,False
535,Toronto,2020,ALL,All,all,7443.868,>=$5M,2099,12.6,False
535,Toronto,2020,PRIMARY,Primary,primary,277.422,>=$5M,26,28.2,False
535,Toronto,2020,SECONDARY,Secondary,secondary,7166.446,>=$5M,2073,12.4,False
535,Toronto,2021,331110,Iron and Steel Mills and Ferroalloy Manufacturing,secondary,1701.216,>=$5M,84,18.3,False
535,Toronto,2021,333314,Optical Instrument and Lens Manufacturing,secondary,4.576,<$5M,3,5.3,False
535,Toronto,2021,334511,"Search, Detection, Navigation, Guidance, Aeronauti",primary,264.152,>=$5M,22,32.4,False
535,Toronto,2021,336411,Aircraft Manufacturing,primary,15.125,>=$5M,5,5.0,False
535,Toronto,2021,336611,Ship Building and Repairing,secondary,2.886,<$5M,2,6.5,False
535,Toronto,2021,336612,Boat Building,secondary,12.078,>=$5M,9,6.8,False
535,Toronto,2021,336999,All Other Transportation Equipment Manufacturing,primary,10.064,>=$5M,2,17.0,False
535,Toronto,2021,541330,Engineering Services,secondary,3524.133,>=$5M,1334,11.4,False
535,Toronto,2021,541370,Surveying and Mapping (except Geophysical) Service,secondary,201.096,>=$5M,150,9.1,False
535,Toronto,2021,541511,Custom Computer Programming Services,secondary,1078.884,>=$5M,479,10.9,False
535,Toronto,2021,ALL,All,all,6814.21,>=$5M,2090,11.6,False
535,Toronto,2021,PRIMARY,Primary,primary,289.341,>=$5M,29,26.6,False
535,Toronto,2021,SECONDARY,Secondary,secondary,6524.869,>=$5M,2061,11.4,False
535,Toronto,2022,331110,Iron and Steel Mills and Ferroalloy Manufacturing,secondary,1714.884,>=$5M,86,17.6,False
535,Toronto,2022,333310,Commercial and Service Industry Machinery Manufact,primary,998.009,>=$5M,212,15.4,False
535,Toronto,2022,334511,"Search, Detection, Navigation, Guidance, Aeronauti",primary,264.152,>=$5M,22,32.4,False
535,Toronto,2022,334610,Manufacturing and Reproducing Magnetic and Optical,secondary,410.565,>=$5M,38,29.2,False
535,Toronto,2022,336411,Aircraft Manufacturing,primary,15.125,>=$5M,5,5.0,False
535,Toronto,2022,336611,Ship Building and Repairing,secondary,2.886,<$5M,2,6.5,False
535,Toronto,2022,336612,Boat Building,secondary,12.078,>=$5M,9,6.8,False
535,Toronto,2022,336999,All Other Transportation Equipment Manufacturing,primary,10.064,>=$5M,2,17.0,False
535,Toronto,2022,541330,Engineering Services,secondary,3960.128,>=$5M,1632,9.6,False
535,Toronto,2022,541370,Surveying and Mapping (except Geophysical) Service,secondary,206.535,>=$5M,156,8.9,False
535,Toronto,2022,541511,Custom Computer Programming Services,secondary,1103.281,>=$5M,494,10.9,False
535,Toronto,2022,ALL,All,all,8697.707,>=$5M,2658,10.9,False
535,Toronto,2022,PRIMARY,Primary,primary,1287.35,>=$5M,241,16.7,False
535,Toronto,2022,SECONDARY,Secondary,secondary,7410.357,>=$5M,2417,10.4,False
535,Toronto,2023,331110,Iron and Steel Mills and Ferroalloy Manufacturing,secondary,1619.39,>=$5M,87,17.7,False
535,Toronto,2023,333310,Commercial and Service Industry Machinery Manufact,primary,930.028,>=$5M,216,15.3,False
535,Toronto,2023,334511,"Search, Detection, Navigation, Guidance, Aeronauti",primary,605.809,>=$5M,27,40.0,False
535,Toronto,2023,334610,Manufacturing and Reproducing Magnetic and Optical,secondary,414.528,>=$5M,43,26.1,False
535,Toronto,2023,336411,Aircraft Manufacturing,primary,15.385,>=$5M,6,5.0,False
535,Toronto,2023,336611,Ship Building and Repairing,secondary,2.886,<$5M,2,6.5,False
535,Toronto,2023,336612,Boat Building,secondary,11.171,>=$5M,9,6.8,False
535,Toronto,2023,336999,All Other Transportation Equipment Manufacturing,primary,10.064,>=$5M,2,17.0,False
535,Toronto,2023,541330,Engineering Services,secondary,3807.006,>=$5M,1628,9.3,False
535,Toronto,2023,541370,Surveying and Mapping (except Geophysical) Service,secondary,195.374,>=$5M,156,8.9,False
535,Toronto,2023,541511,Custom Computer Programming Services,secondary,1117.025,>=$5M,501,10.9,False
535,Toronto,2023,ALL,All,all,8728.666,>=$5M,2677,10.9,False
535,Toronto,2023,PRIMARY,Primary,primary,1561.286,>=$5M,251,17.7,False
535,Toronto,2023,SECONDARY,Secondary,secondary,7167.38,>=$5M,2426,10.2,False
535,Toronto,2024,331110,Iron and Steel Mills and Ferroalloy Manufacturing,secondary,1168.148,>=$5M,86,21.4,False
535,Toronto,2024,332992,Small Arms Ammunition Manufacturing,primary,9.739,>=$5M,2,27.5,False
535,Toronto,2024,333310,Commercial and Service Industry Machinery Manufact,primary,609.821,>=$5M,213,17.0,False
535,Toronto,2024,334511,"Search, Detection, Navigation, Guidance, Aeronauti",primary,317.622,>=$5M,27,50.9,False
535,Toronto,2024,334610,Manufacturing and Reproducing Magnetic and Optical,secondary,298.805,>=$5M,45,26.8,False
535,Toronto,2024,336411,Aircraft Manufacturing,primary,116.635,>=$5M,7,34.6,False
535,Toronto,2024,336611,Ship Building and Repairing,secondary,12.518,>=$5M,2,22.5,False
535,Toronto,2024,336612,Boat Building,secondary,19.67,>=$5M,9,15.1,False
535,Toronto,2024,336992,"Military Armored Vehicle, Tank, and Tank Component",primary,62.719,>=$5M,3,41.7,False
535,Toronto,2024,336999,All Other Transportation Equipment Manufacturing,primary,8.266,>=$5M,3,12.0,False
535,Toronto,2024,541330,Engineering Services,secondary,5280.337,>=$5M,1690,16.0,False
535,Toronto,2024,541370,Surveying and Mapping (except Geophysical) Service,secondary,117.519,>=$5M,155,7.7,False
535,Toronto,2024,541511,Custom Computer Programming Services,secondary,1364.039,>=$5M,641,14.1,False
535,Toronto,2024,ALL,All,all,9385.838,>=$5M,2883,15.9,False
535,Toronto,2024,PRIMARY,Primary,primary,1124.802,>=$5M,255,21.4,False
535,Toronto,2024,SECONDARY,Secondary,secondary,8261.036,>=$5M,2628,15.4,False
535,Toronto,2025,331110,Iron and Steel Mills and Ferroalloy Manufacturing,secondary,1173.057,>=$5M,85,21.0,False
535,Toronto,2025,332992,Small Arms Ammunition Manufacturing,primary,9.739,>=$5M,2,33.5,False
535,Toronto,2025,333310,Commercial and Service Industry Machinery Manufact,primary,643.627,>=$5M,216,17.6,False
535,Toronto,2025,334511,"Search, Detection, Navigation, Guidance, Aeronauti",primary,326.315,>=$5M,29,47.2,False
535,Toronto,2025,334610,Manufacturing and Reproducing Magnetic and Optical,secondary,307.913,>=$5M,46,26.6,False
535,Toronto,2025,336411,Aircraft Manufacturing,primary,102.177,>=$5M,7,30.3,False
535,Toronto,2025,336611,Ship Building and Repairing,secondary,11.683,>=$5M,2,21.0,False
535,Toronto,2025,336612,Boat Building,secondary,21.839,>=$5M,9,16.8,False
535,Toronto,2025,336992,"Military Armored Vehicle, Tank, and Tank Component",primary,59.207,>=$5M,3,39.3,False
535,Toronto,2025,336999,All Other Transportation Equipment Manufacturing,primary,8.495,>=$5M,3,12.3,False
535,Toronto,2025,541330,Engineering Services,secondary,5188.295,>=$5M,1712,15.6,False
535,Toronto,2025,541370,Surveying and Mapping (except Geophysical) Service,secondary,122.265,>=$5M,159,7.8,False
535,Toronto,2025,541511,Custom Computer Programming Services,secondary,1480.845,>=$5M,726,13.6,False
535,Toronto,2025,ALL,All,all,9455.457,>=$5M,2999,15.5,False
535,Toronto,2025,PRIMARY,Primary,primary,1149.56,>=$5M,260,21.6,False
535,Toronto,2025,SECONDARY,Secondary,secondary,8305.897,>=$5M,2739,15.0,False
910,Trail,2017,541330,Engineering Services,secondary,10.164,>=$5M,6,7.3,False
910,Trail,2017,541370,Surveying & Mapping (except Geophysical) Services,secondary,1.176,<$5M,2,4.0,False
910,Trail,2017,541511,Custom Computer Programming Services,secondary,,<$5M,<2,,True
910,Trail,2017,ALL,All,all,12.375,>=$5M,9,6.3,False
910,Trail,2017,SECONDARY,Secondary,secondary,12.375,>=$5M,9,6.3,False
910,Trail,2018,541330,Engineering Services,secondary,27.489,>=$5M,7,17.0,False
910,Trail,2018,541370,Surveying & Mapping (except Geophysical) Services,secondary,1.176,<$5M,2,4.0,False
910,Trail,2018,541511,Custom Computer Programming Services,secondary,,<$5M,<2,,True
910,Trail,2018,ALL,All,all,29.7,>=$5M,10,13.2,False
910,Trail,2018,SECONDARY,Secondary,secondary,29.7,>=$5M,10,13.2,False
910,Trail,2019,541330,Engineering Services,secondary,27.489,>=$5M,7,17.0,False
910,Trail,2019,541370,Surveying & Mapping (except Geophysical) Services,secondary,1.176,<$5M,2,4.0,False
910,Trail,2019,541511,Custom Computer Programming Services,secondary,,<$5M,<2,,True
910,Trail,2019,ALL,All,all,29.7,>=$5M,10,13.2,False
910,Trail,2019,SECONDARY,Secondary,secondary,29.7,>=$5M,10,13.2,False
910,Trail,2020,541330,Engineering Services,secondary,27.489,>=$5M,7,17.0,False
910,Trail,2020,541370,Surveying & Mapping (except Geophysical) Services,secondary,1.176,<$5M,2,4.0,False
910,Trail,2020,541511,Custom Computer Programming Services,secondary,,<$5M,<2,,True
910,Trail,2020,ALL,All,all,29.7,>=$5M,10,13.2,False
910,Trail,2020,SECONDARY,Secondary,secondary,29.7,>=$5M,10,13.2,False
910,Trail,2021,541330,Engineering Services,secondary,10.164,>=$5M,6,7.3,False
910,Trail,2021,541370,Surveying and Mapping (except Geophysical) Service,secondary,1.176,<$5M,2,4.0,False
910,Trail,2021,541511,Custom Computer Programming Services,secondary,,<$5M,<2,,True
910,Trail,2021,ALL,All,all,12.375,>=$5M,9,6.3,False
910,Trail,2021,SECONDARY,Secondary,secondary,12.375,>=$5M,9,6.3,False
910,Trail,2022,333310,Commercial and Service Industry Machinery Manufact,primary,,<$5M,<2,,True
910,Trail,2022,334610,Manufacturing and Reproducing Magnetic and Optical,secondary,1.688,<$5M,2,2.0,False
910,Trail,2022,541330,Engineering Services,secondary,12.012,>=$5M,7,6.3,False
910,Trail,2022,541370,Surveying and Mapping (except Geophysical) Service,secondary,1.176,<$5M,2,4.0,False
910,Trail,2022,541511,Custom Computer Programming Services,secondary,,<$5M,<2,,True
910,Trail,2022,ALL,All,all,20.555,>=$5M,13,5.6,False
910,Trail,2022,PRIMARY,Primary,primary,,<$5M,<2,,True
910,Trail,2022,SECONDARY,Secondary,secondary,15.911,>=$5M,12,5.1,False
910,Trail,2023,333310,Commercial and Service Industry Machinery Manufact,primary,,<$5M,<2,,True
910,Trail,2023,334610,Manufacturing and Reproducing Magnetic and Optical,secondary,1.576,<$5M,2,2.0,False
910,Trail,2023,541330,Engineering Services,secondary,11.219,>=$5M,7,6.3,False
910,Trail,2023,541370,Surveying and Mapping (except Geophysical) Service,secondary,0.788,<$5M,2,4.0,False
910,Trail,2023,541511,Custom Computer Programming Services,secondary,,<$5M,<2,,True
910,Trail,2023,ALL,All,all,16.873,>=$5M,13,5.6,False
910,Trail,2023,PRIMARY,Primary,primary,,<$5M,<2,,True
910,Trail,2023,SECONDARY,Secondary,secondary,14.618,>=$5M,12,5.1,False
910,Trail,2024,333310,Commercial and Service Industry Machinery Manufact,primary,,<$5M,<2,,True
910,Trail,2024,334610,Manufacturing and Reproducing Magnetic and Optical,secondary,1.576,<$5M,2,2.0,False
910,Trail,2024,541330,Engineering Services,secondary,36.451,>=$5M,9,20.8,False
910,Trail,2024,541370,Surveying and Mapping (except Geophysical) Service,secondary,0.788,<$5M,2,4.0,False
910,Trail,2024,541511,Custom Computer Programming Services,secondary,,<$5M,<2,,True
910,Trail,2024,ALL,All,all,41.37,>=$5M,15,14.2,False
910,Trail,2024,PRIMARY,Primary,primary,,<$5M,<2,,True
910,Trail,2024,SECONDARY,Secondary,secondary,39.115,>=$5M,14,14.4,False
910,Trail,2025,333310,Commercial and Service Industry Machinery Manufact,primary,,<$5M,<2,,True
910,Trail,2025,334610,Manufacturing and Reproducing Magnetic and Optical,secondary,1.576,<$5M,2,2.0,False
910,Trail,2025,541330,Engineering Services,secondary,35.866,>=$5M,9,20.4,False
910,Trail,2025,541370,Surveying and Mapping (except Geophysical) Service,secondary,0.788,<$5M,2,4.0,False
910,Trail,2025,541511,Custom Computer Programming Services,secondary,,<$5M,<2,,True
910,Trail,2025,ALL,All,all,40.785,>=$5M,15,14.0,False
910,Trail,2025,PRIMARY,Primary,primary,,<$5M,<2,,True
910,Trail,2025,SECONDARY,Secondary,secondary,38.53,>=$5M,14,14.1,False
442,Trois-Rivières,2017,331110,Iron & Steel Mills & Ferroalloy Manufacturing,secondary,201.372,>=$5M,7,25.6,False
442,Trois-Rivières,2017,336411,Aircraft Manufacturing,primary,,<$5M,<2,,True
442,Trois-Rivières,2017,336612,Boat Building,secondary,,<$5M,<2,,True
442,Trois-Rivières,2017,541330,Engineering Services,secondary,130.053,>=$5M,38,14.8,False
442,Trois-Rivières,2017,541370,Surveying & Mapping (except Geophysical) Services,secondary,21.021,>=$5M,20,7.2,False
442,Trois-Rivières,2017,541511,Custom Computer Programming Services,secondary,2.484,<$5M,3,4.0,False
442,Trois-Rivières,2017,ALL,All,all,356.723,>=$5M,70,12.9,False
442,Trois-Rivières,2017,PRIMARY,Primary,primary,,<$5M,<2,,True
442,Trois-Rivières,2017,SECONDARY,Secondary,secondary,356.118,>=$5M,69,13.1,False
442,Trois-Rivières,2018,331110,Iron & Steel Mills & Ferroalloy Manufacturing,secondary,207.067,>=$5M,8,23.0,False
442,Trois-Rivières,2018,336411,Aircraft Manufacturing,primary,,<$5M,<2,,True
442,Trois-Rivières,2018,336612,Boat Building,secondary,,<$5M,<2,,True
442,Trois-Rivières,2018,541330,Engineering Services,secondary,357.357,>=$5M,40,38.7,False
442,Trois-Rivières,2018,541370,Surveying & Mapping (except Geophysical) Services,secondary,21.903,>=$5M,21,7.1,False
442,Trois-Rivières,2018,541511,Custom Computer Programming Services,secondary,2.691,<$5M,4,3.2,False
442,Trois-Rivières,2018,ALL,All,all,590.811,>=$5M,75,25.3,False
442,Trois-Rivières,2018,PRIMARY,Primary,primary,,<$5M,<2,,True
442,Trois-Rivières,2018,SECONDARY,Secondary,secondary,590.206,>=$5M,74,25.7,False
442,Trois-Rivières,2019,331110,Iron & Steel Mills & Ferroalloy Manufacturing,secondary,207.067,>=$5M,8,23.0,False
442,Trois-Rivières,2019,336411,Aircraft Manufacturing,primary,,<$5M,<2,,True
442,Trois-Rivières,2019,336612,Boat Building,secondary,,<$5M,<2,,True
442,Trois-Rivières,2019,541330,Engineering Services,secondary,462.328,>=$5M,44,45.5,False
442,Trois-Rivières,2019,541370,Surveying & Mapping (except Geophysical) Services,secondary,22.638,>=$5M,22,7.0,False
442,Trois-Rivières,2019,541511,Custom Computer Programming Services,secondary,1.863,<$5M,3,3.0,False
442,Trois-Rivières,2019,ALL,All,all,695.689,>=$5M,79,29.8,False
442,Trois-Rivières,2019,PRIMARY,Primary,primary,,<$5M,<2,,True
442,Trois-Rivières,2019,SECONDARY,Secondary,secondary,695.084,>=$5M,78,30.2,False
442,Trois-Rivières,2020,331110,Iron & Steel Mills & Ferroalloy Manufacturing,secondary,207.067,>=$5M,8,23.0,False
442,Trois-Rivières,2020,336411,Aircraft Manufacturing,primary,,<$5M,<2,,True
442,Trois-Rivières,2020,336612,Boat Building,secondary,,<$5M,<2,,True
442,Trois-Rivières,2020,541330,Engineering Services,secondary,227.863,>=$5M,43,23.0,False
442,Trois-Rivières,2020,541370,Surveying & Mapping (except Geophysical) Services,secondary,21.903,>=$5M,21,7.1,False
442,Trois-Rivières,2020,541511,Custom Computer Programming Services,secondary,2.898,<$5M,4,3.5,False
442,Trois-Rivières,2020,ALL,All,all,461.524,>=$5M,78,17.2,False
442,Trois-Rivières,2020,PRIMARY,Primary,primary,,<$5M,<2,,True
442,Trois-Rivières,2020,SECONDARY,Secondary,secondary,460.919,>=$5M,77,17.4,False
442,Trois-Rivières,2021,331110,Iron and Steel Mills and Ferroalloy Manufacturing,secondary,197.607,>=$5M,7,24.9,False
442,Trois-Rivières,2021,336411,Aircraft Manufacturing,primary,,<$5M,<2,,True
442,Trois-Rivières,2021,336612,Boat Building,secondary,,<$5M,<2,,True
442,Trois-Rivières,2021,541330,Engineering Services,secondary,228.556,>=$5M,43,23.0,False
442,Trois-Rivières,2021,541370,Surveying and Mapping (except Geophysical) Service,secondary,21.903,>=$5M,21,7.0,False
442,Trois-Rivières,2021,541511,Custom Computer Programming Services,secondary,2.277,<$5M,3,3.7,False
442,Trois-Rivières,2021,ALL,All,all,452.136,>=$5M,76,17.5,False
442,Trois-Rivières,2021,PRIMARY,Primary,primary,,<$5M,<2,,True
442,Trois-Rivières,2021,SECONDARY,Secondary,secondary,451.531,>=$5M,75,17.7,False
442,Trois-Rivières,2022,331110,Iron and Steel Mills and Ferroalloy Manufacturing,secondary,207.067,>=$5M,8,23.5,False
442,Trois-Rivières,2022,333310,Commercial and Service Industry Machinery Manufact,primary,25.195,>=$5M,5,15.6,False
442,Trois-Rivières,2022,334610,Manufacturing and Reproducing Magnetic and Optical,secondary,,<$5M,<2,,True
442,Trois-Rivières,2022,336411,Aircraft Manufacturing,primary,,<$5M,<2,,True
442,Trois-Rivières,2022,336612,Boat Building,secondary,,<$5M,<2,,True
442,Trois-Rivières,2022,541330,Engineering Services,secondary,243.668,>=$5M,52,19.4,False
442,Trois-Rivières,2022,541370,Surveying and Mapping (except Geophysical) Service,secondary,23.373,>=$5M,23,6.4,False
442,Trois-Rivières,2022,541511,Custom Computer Programming Services,secondary,2.277,<$5M,3,3.7,False
442,Trois-Rivières,2022,ALL,All,all,505.905,>=$5M,94,15.4,False
442,Trois-Rivières,2022,PRIMARY,Primary,primary,25.8,>=$5M,6,13.2,False
442,Trois-Rivières,2022,SECONDARY,Secondary,secondary,480.105,>=$5M,88,15.6,False
442,Trois-Rivières,2023,331110,Iron and Steel Mills and Ferroalloy Manufacturing,secondary,206.078,>=$5M,8,23.5,False
442,Trois-Rivières,2023,333310,Commercial and Service Industry Machinery Manufact,primary,25.195,>=$5M,5,15.6,False
442,Trois-Rivières,2023,334610,Manufacturing and Reproducing Magnetic and Optical,secondary,,<$5M,<2,,True
442,Trois-Rivières,2023,336411,Aircraft Manufacturing,primary,,<$5M,<2,,True
442,Trois-Rivières,2023,336612,Boat Building,secondary,,<$5M,<2,,True
442,Trois-Rivières,2023,541330,Engineering Services,secondary,149.2,>=$5M,50,16.1,False
442,Trois-Rivières,2023,541370,Surveying and Mapping (except Geophysical) Service,secondary,21.87,>=$5M,23,6.1,False
442,Trois-Rivières,2023,541511,Custom Computer Programming Services,secondary,2.277,<$5M,3,3.7,False
442,Trois-Rivières,2023,ALL,All,all,408.822,>=$5M,92,13.4,False
442,Trois-Rivières,2023,PRIMARY,Primary,primary,25.677,>=$5M,6,13.2,False
442,Trois-Rivières,2023,SECONDARY,Secondary,secondary,383.145,>=$5M,86,13.4,False
442,Trois-Rivières,2024,331110,Iron and Steel Mills and Ferroalloy Manufacturing,secondary,115.228,>=$5M,8,22.6,False
442,Trois-Rivières,2024,333310,Commercial and Service Industry Machinery Manufact,primary,17.687,>=$5M,6,15.3,False
442,Trois-Rivières,2024,334511,"Search, Detection, Navigation, Guidance, Aeronauti",primary,18.795,>=$5M,2,40.0,False
442,Trois-Rivières,2024,334610,Manufacturing and Reproducing Magnetic and Optical,secondary,,<$5M,<2,,True
442,Trois-Rivières,2024,336411,Aircraft Manufacturing,primary,,<$5M,<2,,True
442,Trois-Rivières,2024,336612,Boat Building,secondary,,>=$5M,<2,,True
442,Trois-Rivières,2024,541330,Engineering Services,secondary,282.054,>=$5M,55,28.8,False
442,Trois-Rivières,2024,541370,Surveying and Mapping (except Geophysical) Service,secondary,10.151,>=$5M,20,5.2,False
442,Trois-Rivières,2024,541511,Custom Computer Programming Services,secondary,16.309,>=$5M,5,21.8,False
442,Trois-Rivières,2024,ALL,All,all,470.733,>=$5M,99,22.3,False
442,Trois-Rivières,2024,PRIMARY,Primary,primary,36.964,>=$5M,9,19.2,False
442,Trois-Rivières,2024,SECONDARY,Secondary,secondary,433.769,>=$5M,90,22.6,False
442,Trois-Rivières,2025,331110,Iron and Steel Mills and Ferroalloy Manufacturing,secondary,124.892,>=$5M,9,21.8,False
442,Trois-Rivières,2025,333310,Commercial and Service Industry Machinery Manufact,primary,20.971,>=$5M,7,15.7,False
442,Trois-Rivières,2025,334511,"Search, Detection, Navigation, Guidance, Aeronauti",primary,21.379,>=$5M,2,45.5,False
442,Trois-Rivières,2025,334610,Manufacturing and Reproducing Magnetic and Optical,secondary,,<$5M,<2,,True
442,Trois-Rivières,2025,336411,Aircraft Manufacturing,primary,,<$5M,<2,,True
442,Trois-Rivières,2025,336612,Boat Building,secondary,,>=$5M,<2,,True
442,Trois-Rivières,2025,541330,Engineering Services,secondary,310.836,>=$5M,57,28.0,False
442,Trois-Rivières,2025,541370,Surveying and Mapping (except Geophysical) Service,secondary,10.151,>=$5M,20,5.2,False
442,Trois-Rivières,2025,541511,Custom Computer Programming Services,secondary,16.31,>=$5M,6,18.2,False
442,Trois-Rivières,2025,ALL,All,all,514.47,>=$5M,104,21.8,False
442,Trois-Rivières,2025,PRIMARY,Primary,primary,42.832,>=$5M,10,20.2,False
442,Trois-Rivières,2025,SECONDARY,Secondary,secondary,471.638,>=$5M,94,21.9,False
215,Truro,2017,541330,Engineering Services,secondary,7.489,>=$5M,6,5.5,False
215,Truro,2017,541370,Surveying & Mapping (except Geophysical) Services,secondary,16.17,>=$5M,14,7.9,False
215,Truro,2017,ALL,All,all,23.659,>=$5M,20,7.2,False
215,Truro,2017,SECONDARY,Secondary,secondary,23.659,>=$5M,20,7.2,False
215,Truro,2018,541330,Engineering Services,secondary,8.182,>=$5M,7,5.1,False
215,Truro,2018,541370,Surveying & Mapping (except Geophysical) Services,secondary,16.17,>=$5M,14,7.9,False
215,Truro,2018,ALL,All,all,24.352,>=$5M,21,7.0,False
215,Truro,2018,SECONDARY,Secondary,secondary,24.352,>=$5M,21,7.0,False
215,Truro,2019,541330,Engineering Services,secondary,10.164,>=$5M,8,5.5,False
215,Truro,2019,541370,Surveying & Mapping (except Geophysical) Services,secondary,16.17,>=$5M,14,7.9,False
215,Truro,2019,ALL,All,all,26.334,>=$5M,22,7.0,False
215,Truro,2019,SECONDARY,Secondary,secondary,26.334,>=$5M,22,7.0,False
215,Truro,2020,541330,Engineering Services,secondary,9.471,>=$5M,7,5.9,False
215,Truro,2020,541370,Surveying & Mapping (except Geophysical) Services,secondary,16.17,>=$5M,14,7.9,False
215,Truro,2020,ALL,All,all,25.641,>=$5M,21,7.2,False
215,Truro,2020,SECONDARY,Secondary,secondary,25.641,>=$5M,21,7.2,False
215,Truro,2021,541330,Engineering Services,secondary,9.471,>=$5M,7,5.9,False
215,Truro,2021,541370,Surveying and Mapping (except Geophysical) Service,secondary,16.17,>=$5M,14,7.9,False
215,Truro,2021,ALL,All,all,25.641,>=$5M,21,7.2,False
215,Truro,2021,SECONDARY,Secondary,secondary,25.641,>=$5M,21,7.2,False
215,Truro,2022,333310,Commercial and Service Industry Machinery Manufact,primary,,<$5M,<2,,True
215,Truro,2022,541330,Engineering Services,secondary,9.471,>=$5M,7,5.9,False
215,Truro,2022,541370,Surveying and Mapping (except Geophysical) Service,secondary,16.905,>=$5M,15,7.3,False
215,Truro,2022,ALL,All,all,28.311,>=$5M,23,6.8,False
215,Truro,2022,PRIMARY,Primary,primary,,<$5M,<2,,True
215,Truro,2022,SECONDARY,Secondary,secondary,26.376,>=$5M,22,6.9,False
215,Truro,2023,333310,Commercial and Service Industry Machinery Manufact,primary,,<$5M,<2,,True
215,Truro,2023,541330,Engineering Services,secondary,9.399,>=$5M,7,5.9,False
215,Truro,2023,541370,Surveying and Mapping (except Geophysical) Service,secondary,12.54,>=$5M,15,7.3,False
215,Truro,2023,ALL,All,all,23.874,>=$5M,23,6.8,False
215,Truro,2023,PRIMARY,Primary,primary,,<$5M,<2,,True
215,Truro,2023,SECONDARY,Secondary,secondary,21.939,>=$5M,22,6.9,False
215,Truro,2024,541330,Engineering Services,secondary,22.027,>=$5M,7,15.4,False
215,Truro,2024,541370,Surveying and Mapping (except Geophysical) Service,secondary,10.835,>=$5M,15,7.3,False
215,Truro,2024,ALL,All,all,32.862,>=$5M,22,9.9,False
215,Truro,2024,SECONDARY,Secondary,secondary,32.862,>=$5M,22,9.9,False
215,Truro,2025,541330,Engineering Services,secondary,22.612,>=$5M,7,16.6,False
215,Truro,2025,541370,Surveying and Mapping (except Geophysical) Service,secondary,10.934,>=$5M,15,7.4,False
215,Truro,2025,ALL,All,all,33.546,>=$5M,22,10.3,False
215,Truro,2025,SECONDARY,Secondary,secondary,33.546,>=$5M,22,10.3,False
480,Val-d'Or,2017,325920,Explosives Manufacturing,primary,,<$5M,<2,,True
480,Val-d'Or,2017,541330,Engineering Services,secondary,9.933,>=$5M,7,6.1,False
480,Val-d'Or,2017,541370,Surveying & Mapping (except Geophysical) Services,secondary,9.261,>=$5M,8,7.9,False
480,Val-d'Or,2017,ALL,All,all,19.84,>=$5M,16,6.8,False
480,Val-d'Or,2017,PRIMARY,Primary,primary,,<$5M,<2,,True
480,Val-d'Or,2017,SECONDARY,Secondary,secondary,19.194,>=$5M,15,7.1,False
480,Val-d'Or,2018,325920,Explosives Manufacturing,primary,,<$5M,<2,,True
480,Val-d'Or,2018,541330,Engineering Services,secondary,12.012,>=$5M,9,5.8,False
480,Val-d'Or,2018,541370,Surveying & Mapping (except Geophysical) Services,secondary,10.437,>=$5M,9,7.9,False
480,Val-d'Or,2018,ALL,All,all,23.095,>=$5M,19,6.6,False
480,Val-d'Or,2018,PRIMARY,Primary,primary,,<$5M,<2,,True
480,Val-d'Or,2018,SECONDARY,Secondary,secondary,22.449,>=$5M,18,6.8,False
480,Val-d'Or,2019,541330,Engineering Services,secondary,23.562,>=$5M,14,7.3,False
480,Val-d'Or,2019,541370,Surveying & Mapping (except Geophysical) Services,secondary,10.437,>=$5M,9,7.9,False
480,Val-d'Or,2019,ALL,All,all,33.999,>=$5M,23,7.5,False
480,Val-d'Or,2019,SECONDARY,Secondary,secondary,33.999,>=$5M,23,7.5,False
480,Val-d'Or,2020,325920,Explosives Manufacturing,primary,,<$5M,<2,,True
480,Val-d'Or,2020,541330,Engineering Services,secondary,17.556,>=$5M,13,5.8,False
480,Val-d'Or,2020,541370,Surveying & Mapping (except Geophysical) Services,secondary,10.437,>=$5M,9,7.9,False
480,Val-d'Or,2020,ALL,All,all,28.639,>=$5M,23,6.5,False
480,Val-d'Or,2020,PRIMARY,Primary,primary,,<$5M,<2,,True
480,Val-d'Or,2020,SECONDARY,Secondary,secondary,27.993,>=$5M,22,6.7,False
480,Val-d'Or,2021,325920,Explosives Manufacturing,primary,,<$5M,<2,,True
480,Val-d'Or,2021,541330,Engineering Services,secondary,17.556,>=$5M,13,5.8,False
480,Val-d'Or,2021,541370,Surveying and Mapping (except Geophysical) Service,secondary,9.555,>=$5M,8,8.1,False
480,Val-d'Or,2021,ALL,All,all,27.757,>=$5M,22,6.5,False
480,Val-d'Or,2021,PRIMARY,Primary,primary,,<$5M,<2,,True
480,Val-d'Or,2021,SECONDARY,Secondary,secondary,27.111,>=$5M,21,6.7,False
480,Val-d'Or,2022,333310,Commercial and Service Industry Machinery Manufact,primary,,<$5M,<2,,True
480,Val-d'Or,2022,541330,Engineering Services,secondary,18.942,>=$5M,14,5.4,False
480,Val-d'Or,2022,541370,Surveying and Mapping (except Geophysical) Service,secondary,9.555,>=$5M,8,8.1,False
480,Val-d'Or,2022,ALL,All,all,30.961,>=$5M,23,6.5,False
480,Val-d'Or,2022,PRIMARY,Primary,primary,,<$5M,<2,,True
480,Val-d'Or,2022,SECONDARY,Secondary,secondary,28.497,>=$5M,22,6.4,False
480,Val-d'Or,2023,333310,Commercial and Service Industry Machinery Manufact,primary,,<$5M,<2,,True
480,Val-d'Or,2023,541330,Engineering Services,secondary,17.015,>=$5M,12,6.6,False
480,Val-d'Or,2023,541370,Surveying and Mapping (except Geophysical) Service,secondary,8.779,>=$5M,8,8.1,False
480,Val-d'Or,2023,ALL,All,all,28.258,>=$5M,21,7.2,False
480,Val-d'Or,2023,PRIMARY,Primary,primary,,<$5M,<2,,True
480,Val-d'Or,2023,SECONDARY,Secondary,secondary,25.794,>=$5M,20,7.2,False
480,Val-d'Or,2024,333310,Commercial and Service Industry Machinery Manufact,primary,,<$5M,<2,,True
480,Val-d'Or,2024,541330,Engineering Services,secondary,27.681,>=$5M,13,10.9,False
480,Val-d'Or,2024,541370,Surveying and Mapping (except Geophysical) Service,secondary,3.944,<$5M,12,3.3,False
480,Val-d'Or,2024,ALL,All,all,33.001,>=$5M,26,7.3,False
480,Val-d'Or,2024,PRIMARY,Primary,primary,,<$5M,<2,,True
480,Val-d'Or,2024,SECONDARY,Secondary,secondary,31.625,>=$5M,25,7.3,False
480,Val-d'Or,2025,333310,Commercial and Service Industry Machinery Manufact,primary,,<$5M,<2,,True
480,Val-d'Or,2025,541330,Engineering Services,secondary,27.681,>=$5M,13,10.9,False
480,Val-d'Or,2025,541370,Surveying and Mapping (except Geophysical) Service,secondary,4.043,<$5M,12,3.4,False
480,Val-d'Or,2025,ALL,All,all,33.1,>=$5M,26,7.3,False
480,Val-d'Or,2025,PRIMARY,Primary,primary,,<$5M,<2,,True
480,Val-d'Or,2025,SECONDARY,Secondary,secondary,31.724,>=$5M,25,7.3,False
933,Vancouver,2017,331110,Iron & Steel Mills & Ferroalloy Manufacturing,secondary,322.337,>=$5M,21,13.5,False
933,Vancouver,2017,333314,Optical Instrument & Lens Manufacturing,secondary,,<$5M,<2,,True
933,Vancouver,2017,334511,Search Detection & Navigation Instruments,primary,67.522,>=$5M,13,14.0,False
933,Vancouver,2017,336411,Aircraft Manufacturing,primary,9.075,>=$5M,3,5.0,False
933,Vancouver,2017,336611,Ship Building & Repairing,secondary,31.302,>=$5M,15,9.4,False
933,Vancouver,2017,336612,Boat Building,secondary,192.456,>=$5M,37,26.3,False
933,Vancouver,2017,336992,"Military Armored Vehicle, Tank & Tank Cmpnnt Mfg",primary,,<$5M,<2,,True
933,Vancouver,2017,336999,All Other Transportation Equipment Manufacturing,primary,,<$5M,<2,,True
933,Vancouver,2017,541330,Engineering Services,secondary,1846.683,>=$5M,756,10.6,False
933,Vancouver,2017,541370,Surveying & Mapping (except Geophysical) Services,secondary,133.623,>=$5M,87,10.4,False
933,Vancouver,2017,541511,Custom Computer Programming Services,secondary,685.377,>=$5M,366,9.0,False
933,Vancouver,2017,ALL,All,all,3292.005,>=$5M,1301,10.6,False
933,Vancouver,2017,PRIMARY,Primary,primary,79.655,>=$5M,18,11.2,False
933,Vancouver,2017,SECONDARY,Secondary,secondary,3212.35,>=$5M,1283,10.6,False
933,Vancouver,2018,331110,Iron & Steel Mills & Ferroalloy Manufacturing,secondary,265.387,>=$5M,20,11.6,False
933,Vancouver,2018,333314,Optical Instrument & Lens Manufacturing,secondary,,<$5M,<2,,True
933,Vancouver,2018,334511,Search Detection & Navigation Instruments,primary,71.232,>=$5M,14,13.7,False
933,Vancouver,2018,336411,Aircraft Manufacturing,primary,9.075,>=$5M,3,5.0,False
933,Vancouver,2018,336611,Ship Building & Repairing,secondary,31.302,>=$5M,15,9.4,False
933,Vancouver,2018,336612,Boat Building,secondary,190.476,>=$5M,36,26.7,False
933,Vancouver,2018,336992,"Military Armored Vehicle, Tank & Tank Cmpnnt Mfg",primary,,<$5M,<2,,True
933,Vancouver,2018,336999,All Other Transportation Equipment Manufacturing,primary,,<$5M,<2,,True
933,Vancouver,2018,541330,Engineering Services,secondary,2044.881,>=$5M,776,11.4,False
933,Vancouver,2018,541370,Surveying & Mapping (except Geophysical) Services,secondary,135.24,>=$5M,88,10.5,False
933,Vancouver,2018,541511,Custom Computer Programming Services,secondary,655.983,>=$5M,366,8.7,False
933,Vancouver,2018,ALL,All,all,3407.206,>=$5M,1321,11.0,False
933,Vancouver,2018,PRIMARY,Primary,primary,83.365,>=$5M,19,11.2,False
933,Vancouver,2018,SECONDARY,Secondary,secondary,3323.841,>=$5M,1302,11.0,False
933,Vancouver,2019,331110,Iron & Steel Mills & Ferroalloy Manufacturing,secondary,274.499,>=$5M,21,11.5,False
933,Vancouver,2019,333314,Optical Instrument & Lens Manufacturing,secondary,,<$5M,<2,,True
933,Vancouver,2019,334511,Search Detection & Navigation Instruments,primary,113.011,>=$5M,16,21.2,False
933,Vancouver,2019,336411,Aircraft Manufacturing,primary,258.94,>=$5M,4,107.0,False
933,Vancouver,2019,336414,Guided Missile & Space Vehicle Manufacturing,primary,,<$5M,<2,,True
933,Vancouver,2019,336611,Ship Building & Repairing,secondary,37.074,>=$5M,18,9.3,False
933,Vancouver,2019,336612,Boat Building,secondary,190.278,>=$5M,36,26.7,False
933,Vancouver,2019,336992,"Military Armored Vehicle, Tank & Tank Cmpnnt Mfg",primary,,<$5M,<2,,True
933,Vancouver,2019,336999,All Other Transportation Equipment Manufacturing,primary,,<$5M,<2,,True
933,Vancouver,2019,541330,Engineering Services,secondary,2387.775,>=$5M,871,11.9,False
933,Vancouver,2019,541370,Surveying & Mapping (except Geophysical) Services,secondary,144.354,>=$5M,95,10.3,False
933,Vancouver,2019,541511,Custom Computer Programming Services,secondary,711.873,>=$5M,388,8.9,False
933,Vancouver,2019,ALL,All,all,4122.182,>=$5M,1453,11.6,False
933,Vancouver,2019,PRIMARY,Primary,primary,375.757,>=$5M,23,33.7,False
933,Vancouver,2019,SECONDARY,Secondary,secondary,3746.425,>=$5M,1430,11.3,False
933,Vancouver,2020,325920,Explosives Manufacturing,primary,,<$5M,<2,,True
933,Vancouver,2020,331110,Iron & Steel Mills & Ferroalloy Manufacturing,secondary,275.638,>=$5M,21,11.5,False
933,Vancouver,2020,333314,Optical Instrument & Lens Manufacturing,secondary,,<$5M,<2,,True
933,Vancouver,2020,334511,Search Detection & Navigation Instruments,primary,121.544,>=$5M,17,21.4,False
933,Vancouver,2020,336411,Aircraft Manufacturing,primary,258.94,>=$5M,4,107.0,False
933,Vancouver,2020,336414,Guided Missile & Space Vehicle Manufacturing,primary,,<$5M,<2,,True
933,Vancouver,2020,336611,Ship Building & Repairing,secondary,37.074,>=$5M,18,9.3,False
933,Vancouver,2020,336612,Boat Building,secondary,206.118,>=$5M,37,28.1,False
933,Vancouver,2020,336992,"Military Armored Vehicle, Tank & Tank Cmpnnt Mfg",primary,,<$5M,<2,,True
933,Vancouver,2020,336999,All Other Transportation Equipment Manufacturing,primary,,<$5M,<2,,True
933,Vancouver,2020,541330,Engineering Services,secondary,2351.277,>=$5M,875,11.6,False
933,Vancouver,2020,541370,Surveying & Mapping (except Geophysical) Services,secondary,145.824,>=$5M,96,10.3,False
933,Vancouver,2020,541511,Custom Computer Programming Services,secondary,724.5,>=$5M,397,8.8,False
933,Vancouver,2020,ALL,All,all,4127.231,>=$5M,1470,11.5,False
933,Vancouver,2020,PRIMARY,Primary,primary,386.228,>=$5M,25,32.2,False
933,Vancouver,2020,SECONDARY,Secondary,secondary,3741.003,>=$5M,1445,11.2,False
933,Vancouver,2021,325920,Explosives Manufacturing,primary,,<$5M,<2,,True
933,Vancouver,2021,331110,Iron and Steel Mills and Ferroalloy Manufacturing,secondary,218.688,>=$5M,20,9.6,False
933,Vancouver,2021,333314,Optical Instrument and Lens Manufacturing,secondary,,<$5M,<2,,True
933,Vancouver,2021,334511,"Search, Detection, Navigation, Guidance, Aeronauti",primary,82.362,>=$5M,17,13.1,False
933,Vancouver,2021,336411,Aircraft Manufacturing,primary,258.94,>=$5M,4,107.0,False
933,Vancouver,2021,336414,Guided Missile and Space Vehicle Manufacturing,primary,,<$5M,<2,,True
933,Vancouver,2021,336611,Ship Building and Repairing,secondary,33.078,>=$5M,17,8.8,False
933,Vancouver,2021,336612,Boat Building,secondary,206.118,>=$5M,37,28.1,False
933,Vancouver,2021,336992,"Military Armored Vehicle, Tank, and Tank Component",primary,,<$5M,<2,,True
933,Vancouver,2021,336999,All Other Transportation Equipment Manufacturing,primary,,<$5M,<2,,True
933,Vancouver,2021,541330,Engineering Services,secondary,2053.518,>=$5M,850,10.5,False
933,Vancouver,2021,541370,Surveying and Mapping (except Geophysical) Service,secondary,119.952,>=$5M,95,8.6,False
933,Vancouver,2021,541511,Custom Computer Programming Services,secondary,729.675,>=$5M,397,8.9,False
933,Vancouver,2021,ALL,All,all,3708.647,>=$5M,1442,10.6,False
933,Vancouver,2021,PRIMARY,Primary,primary,347.046,>=$5M,25,26.5,False
933,Vancouver,2021,SECONDARY,Secondary,secondary,3361.601,>=$5M,1417,10.3,False
933,Vancouver,2022,331110,Iron and Steel Mills and Ferroalloy Manufacturing,secondary,241.468,>=$5M,21,9.1,False
933,Vancouver,2022,333310,Commercial and Service Industry Machinery Manufact,primary,198.137,>=$5M,71,7.4,False
933,Vancouver,2022,334511,"Search, Detection, Navigation, Guidance, Aeronauti",primary,84.588,>=$5M,18,12.7,False
933,Vancouver,2022,334610,Manufacturing and Reproducing Magnetic and Optical,secondary,19.774,>=$5M,15,5.0,False
933,Vancouver,2022,336411,Aircraft Manufacturing,primary,261.965,>=$5M,5,86.4,False
933,Vancouver,2022,336414,Guided Missile and Space Vehicle Manufacturing,primary,,<$5M,<2,,True
933,Vancouver,2022,336611,Ship Building and Repairing,secondary,34.854,>=$5M,18,8.1,False
933,Vancouver,2022,336612,Boat Building,secondary,206.118,>=$5M,37,28.1,False
933,Vancouver,2022,336992,"Military Armored Vehicle, Tank, and Tank Component",primary,,<$5M,<2,,True
933,Vancouver,2022,336999,All Other Transportation Equipment Manufacturing,primary,,<$5M,<2,,True
933,Vancouver,2022,541330,Engineering Services,secondary,2326.185,>=$5M,1009,9.4,False
933,Vancouver,2022,541370,Surveying and Mapping (except Geophysical) Service,secondary,126.42,>=$5M,106,7.8,False
933,Vancouver,2022,541511,Custom Computer Programming Services,secondary,739.334,>=$5M,408,8.7,False
933,Vancouver,2022,ALL,All,all,4242.649,>=$5M,1711,9.6,False
933,Vancouver,2022,PRIMARY,Primary,primary,548.496,>=$5M,97,12.3,False
933,Vancouver,2022,SECONDARY,Secondary,secondary,3694.153,>=$5M,1614,9.5,False
933,Vancouver,2023,331110,Iron and Steel Mills and Ferroalloy Manufacturing,secondary,234.347,>=$5M,20,8.8,False
933,Vancouver,2023,333310,Commercial and Service Industry Machinery Manufact,primary,181.094,>=$5M,74,8.1,False
933,Vancouver,2023,334511,"Search, Detection, Navigation, Guidance, Aeronauti",primary,77.496,>=$5M,18,12.4,False
933,Vancouver,2023,334610,Manufacturing and Reproducing Magnetic and Optical,secondary,18.93,>=$5M,14,5.1,False
933,Vancouver,2023,336411,Aircraft Manufacturing,primary,12.1,>=$5M,4,4.8,False
933,Vancouver,2023,336414,Guided Missile and Space Vehicle Manufacturing,primary,,<$5M,<2,,True
933,Vancouver,2023,336611,Ship Building and Repairing,secondary,36.324,>=$5M,19,8.0,False
933,Vancouver,2023,336612,Boat Building,secondary,202.992,>=$5M,37,27.1,False
933,Vancouver,2023,336992,"Military Armored Vehicle, Tank, and Tank Component",primary,,<$5M,<2,,True
933,Vancouver,2023,336999,All Other Transportation Equipment Manufacturing,primary,,<$5M,<2,,True
933,Vancouver,2023,541330,Engineering Services,secondary,2154.678,>=$5M,1000,9.0,False
933,Vancouver,2023,541370,Surveying and Mapping (except Geophysical) Service,secondary,99.983,>=$5M,102,6.8,False
933,Vancouver,2023,541511,Custom Computer Programming Services,secondary,716.517,>=$5M,406,8.8,False
933,Vancouver,2023,ALL,All,all,3737.94,>=$5M,1697,9.1,False
933,Vancouver,2023,PRIMARY,Primary,primary,274.169,>=$5M,99,8.6,False
933,Vancouver,2023,SECONDARY,Secondary,secondary,3463.771,>=$5M,1598,9.2,False
933,Vancouver,2024,331110,Iron and Steel Mills and Ferroalloy Manufacturing,secondary,182.335,>=$5M,21,13.5,False
933,Vancouver,2024,333310,Commercial and Service Industry Machinery Manufact,primary,161.024,>=$5M,75,12.2,False
933,Vancouver,2024,334511,"Search, Detection, Navigation, Guidance, Aeronauti",primary,70.953,>=$5M,17,17.8,False
933,Vancouver,2024,334610,Manufacturing and Reproducing Magnetic and Optical,secondary,20.537,>=$5M,16,4.9,False
933,Vancouver,2024,336411,Aircraft Manufacturing,primary,34.22,>=$5M,3,23.7,False
933,Vancouver,2024,336414,Guided Missile and Space Vehicle Manufacturing,primary,,<$5M,<2,,True
933,Vancouver,2024,336611,Ship Building and Repairing,secondary,166.349,>=$5M,18,33.2,False
933,Vancouver,2024,336612,Boat Building,secondary,193.61,>=$5M,36,36.9,False
933,Vancouver,2024,336999,All Other Transportation Equipment Manufacturing,primary,1.608,<$5M,2,3.5,False
933,Vancouver,2024,541330,Engineering Services,secondary,2772.943,>=$5M,1072,13.3,False
933,Vancouver,2024,541370,Surveying and Mapping (except Geophysical) Service,secondary,63.945,>=$5M,115,5.6,False
933,Vancouver,2024,541511,Custom Computer Programming Services,secondary,710.247,>=$5M,440,10.7,False
933,Vancouver,2024,ALL,All,all,4378.192,>=$5M,1816,12.8,False
933,Vancouver,2024,PRIMARY,Primary,primary,268.226,>=$5M,98,13.2,False
933,Vancouver,2024,SECONDARY,Secondary,secondary,4109.966,>=$5M,1718,12.8,False
933,Vancouver,2025,331110,Iron and Steel Mills and Ferroalloy Manufacturing,secondary,180.402,>=$5M,21,13.3,False
933,Vancouver,2025,333310,Commercial and Service Industry Machinery Manufact,primary,162.055,>=$5M,79,11.6,False
933,Vancouver,2025,334511,"Search, Detection, Navigation, Guidance, Aeronauti",primary,59.207,>=$5M,17,14.8,False
933,Vancouver,2025,334610,Manufacturing and Reproducing Magnetic and Optical,secondary,20.537,>=$5M,16,4.9,False
933,Vancouver,2025,336411,Aircraft Manufacturing,primary,31.81,>=$5M,3,22.0,False
933,Vancouver,2025,336414,Guided Missile and Space Vehicle Manufacturing,primary,,<$5M,<2,,True
933,Vancouver,2025,336611,Ship Building and Repairing,secondary,165.516,>=$5M,19,31.3,False
933,Vancouver,2025,336612,Boat Building,secondary,181.336,>=$5M,36,34.8,False
933,Vancouver,2025,336999,All Other Transportation Equipment Manufacturing,primary,1.382,<$5M,2,3.5,False
933,Vancouver,2025,541330,Engineering Services,secondary,2634.215,>=$5M,1119,12.1,False
933,Vancouver,2025,541370,Surveying and Mapping (except Geophysical) Service,secondary,85.322,>=$5M,125,6.9,False
933,Vancouver,2025,541511,Custom Computer Programming Services,secondary,695.059,>=$5M,476,9.8,False
933,Vancouver,2025,ALL,All,all,4217.262,>=$5M,1914,11.8,False
933,Vancouver,2025,PRIMARY,Primary,primary,254.875,>=$5M,102,12.2,False
933,Vancouver,2025,SECONDARY,Secondary,secondary,3962.387,>=$5M,1812,11.7,False
918,Vernon,2017,541330,Engineering Services,secondary,20.097,>=$5M,20,4.3,False
918,Vernon,2017,541370,Surveying & Mapping (except Geophysical) Services,secondary,4.41,<$5M,4,7.5,False
918,Vernon,2017,541511,Custom Computer Programming Services,secondary,4.761,<$5M,6,3.8,False
918,Vernon,2017,ALL,All,all,29.268,>=$5M,30,4.6,False
918,Vernon,2017,SECONDARY,Secondary,secondary,29.268,>=$5M,30,4.6,False
918,Vernon,2018,541330,Engineering Services,secondary,42.966,>=$5M,23,8.0,False
918,Vernon,2018,541370,Surveying & Mapping (except Geophysical) Services,secondary,4.41,<$5M,4,7.5,False
918,Vernon,2018,541511,Custom Computer Programming Services,secondary,3.312,<$5M,4,4.0,False
918,Vernon,2018,ALL,All,all,50.688,>=$5M,31,7.5,False
918,Vernon,2018,SECONDARY,Secondary,secondary,50.688,>=$5M,31,7.5,False
918,Vernon,2019,541330,Engineering Services,secondary,45.507,>=$5M,26,7.5,False
918,Vernon,2019,541370,Surveying & Mapping (except Geophysical) Services,secondary,4.41,<$5M,4,7.5,False
918,Vernon,2019,541511,Custom Computer Programming Services,secondary,3.312,<$5M,4,4.0,False
918,Vernon,2019,ALL,All,all,53.229,>=$5M,34,7.1,False
918,Vernon,2019,SECONDARY,Secondary,secondary,53.229,>=$5M,34,7.1,False
918,Vernon,2020,541330,Engineering Services,secondary,45.507,>=$5M,26,7.5,False
918,Vernon,2020,541370,Surveying & Mapping (except Geophysical) Services,secondary,4.41,<$5M,4,7.5,False
918,Vernon,2020,541511,Custom Computer Programming Services,secondary,4.347,<$5M,5,4.2,False
918,Vernon,2020,ALL,All,all,54.264,>=$5M,35,7.1,False
918,Vernon,2020,SECONDARY,Secondary,secondary,54.264,>=$5M,35,7.1,False
918,Vernon,2021,541330,Engineering Services,secondary,45.045,>=$5M,25,7.8,False
918,Vernon,2021,541370,Surveying and Mapping (except Geophysical) Service,secondary,4.41,<$5M,4,7.5,False
918,Vernon,2021,541511,Custom Computer Programming Services,secondary,4.347,<$5M,5,4.2,False
918,Vernon,2021,ALL,All,all,53.802,>=$5M,34,7.2,False
918,Vernon,2021,SECONDARY,Secondary,secondary,53.802,>=$5M,34,7.2,False
918,Vernon,2022,333310,Commercial and Service Industry Machinery Manufact,primary,,<$5M,<2,,True
918,Vernon,2022,334610,Manufacturing and Reproducing Magnetic and Optical,secondary,,<$5M,<2,,True
918,Vernon,2022,541330,Engineering Services,secondary,43.659,>=$5M,26,7.3,False
918,Vernon,2022,541370,Surveying and Mapping (except Geophysical) Service,secondary,4.41,<$5M,4,7.5,False
918,Vernon,2022,541511,Custom Computer Programming Services,secondary,4.347,<$5M,5,4.6,False
918,Vernon,2022,ALL,All,all,59.938,>=$5M,37,7.1,False
918,Vernon,2022,PRIMARY,Primary,primary,,<$5M,<2,,True
918,Vernon,2022,SECONDARY,Secondary,secondary,57.058,>=$5M,36,7.1,False
918,Vernon,2023,333310,Commercial and Service Industry Machinery Manufact,primary,1.957,<$5M,2,5.5,False
918,Vernon,2023,334610,Manufacturing and Reproducing Magnetic and Optical,secondary,,<$5M,<2,,True
918,Vernon,2023,336999,All Other Transportation Equipment Manufacturing,primary,,<$5M,<2,,True
918,Vernon,2023,541330,Engineering Services,secondary,39.943,>=$5M,26,7.3,False
918,Vernon,2023,541370,Surveying and Mapping (except Geophysical) Service,secondary,3.634,<$5M,4,7.5,False
918,Vernon,2023,541511,Custom Computer Programming Services,secondary,4.347,<$5M,5,4.6,False
918,Vernon,2023,ALL,All,all,55.345,>=$5M,39,6.7,False
918,Vernon,2023,PRIMARY,Primary,primary,2.779,<$5M,3,4.7,False
918,Vernon,2023,SECONDARY,Secondary,secondary,52.566,>=$5M,36,6.9,False
918,Vernon,2024,333310,Commercial and Service Industry Machinery Manufact,primary,1.981,<$5M,2,5.5,False
918,Vernon,2024,334610,Manufacturing and Reproducing Magnetic and Optical,secondary,,<$5M,<2,,True
918,Vernon,2024,336999,All Other Transportation Equipment Manufacturing,primary,,<$5M,<2,,True
918,Vernon,2024,541330,Engineering Services,secondary,52.829,>=$5M,25,10.8,False
918,Vernon,2024,541370,Surveying and Mapping (except Geophysical) Service,secondary,1.774,<$5M,3,6.0,False
918,Vernon,2024,541511,Custom Computer Programming Services,secondary,6.436,>=$5M,5,8.6,False
918,Vernon,2024,ALL,All,all,64.497,>=$5M,37,9.4,False
918,Vernon,2024,PRIMARY,Primary,primary,2.67,<$5M,3,4.7,False
918,Vernon,2024,SECONDARY,Secondary,secondary,61.827,>=$5M,34,9.8,False
918,Vernon,2025,333310,Commercial and Service Industry Machinery Manufact,primary,,<$5M,<2,,True
918,Vernon,2025,334610,Manufacturing and Reproducing Magnetic and Optical,secondary,,<$5M,<2,,True
918,Vernon,2025,336999,All Other Transportation Equipment Manufacturing,primary,,<$5M,<2,,True
918,Vernon,2025,541330,Engineering Services,secondary,50.295,>=$5M,25,10.3,False
918,Vernon,2025,541370,Surveying and Mapping (except Geophysical) Service,secondary,1.872,<$5M,4,4.8,False
918,Vernon,2025,541511,Custom Computer Programming Services,secondary,6.436,>=$5M,5,8.6,False
918,Vernon,2025,ALL,All,all,61.545,>=$5M,37,9.0,False
918,Vernon,2025,PRIMARY,Primary,primary,2.154,<$5M,2,5.5,False
918,Vernon,2025,SECONDARY,Secondary,secondary,59.391,>=$5M,35,9.2,False
935,Victoria,2017,331110,Iron & Steel Mills & Ferroalloy Manufacturing,secondary,10.425,>=$5M,3,3.3,False
935,Victoria,2017,336611,Ship Building & Repairing,secondary,9.768,>=$5M,4,11.0,False
935,Victoria,2017,336612,Boat Building,secondary,38.61,>=$5M,22,8.9,False
935,Victoria,2017,541330,Engineering Services,secondary,205.121,>=$5M,113,7.9,False
935,Victoria,2017,541370,Surveying & Mapping (except Geophysical) Services,secondary,47.334,>=$5M,23,14.0,False
935,Victoria,2017,541511,Custom Computer Programming Services,secondary,184.851,>=$5M,74,12.1,False
935,Victoria,2017,ALL,All,all,496.109,>=$5M,239,9.8,False
935,Victoria,2017,SECONDARY,Secondary,secondary,496.109,>=$5M,239,9.8,False
935,Victoria,2018,331110,Iron & Steel Mills & Ferroalloy Manufacturing,secondary,58.671,>=$5M,4,15.2,False
935,Victoria,2018,336611,Ship Building & Repairing,secondary,9.768,>=$5M,4,11.0,False
935,Victoria,2018,336612,Boat Building,secondary,36.234,>=$5M,20,9.2,False
935,Victoria,2018,541330,Engineering Services,secondary,197.267,>=$5M,113,7.6,False
935,Victoria,2018,541370,Surveying & Mapping (except Geophysical) Services,secondary,36.309,>=$5M,22,11.2,False
935,Victoria,2018,541511,Custom Computer Programming Services,secondary,186.093,>=$5M,77,11.7,False
935,Victoria,2018,ALL,All,all,524.342,>=$5M,240,9.5,False
935,Victoria,2018,SECONDARY,Secondary,secondary,524.342,>=$5M,240,9.5,False
935,Victoria,2019,331110,Iron & Steel Mills & Ferroalloy Manufacturing,secondary,58.671,>=$5M,4,15.2,False
935,Victoria,2019,336611,Ship Building & Repairing,secondary,9.768,>=$5M,4,11.0,False
935,Victoria,2019,336612,Boat Building,secondary,36.234,>=$5M,20,9.2,False
935,Victoria,2019,541330,Engineering Services,secondary,259.637,>=$5M,139,8.1,False
935,Victoria,2019,541370,Surveying & Mapping (except Geophysical) Services,secondary,38.22,>=$5M,23,11.3,False
935,Victoria,2019,541511,Custom Computer Programming Services,secondary,192.51,>=$5M,84,11.1,False
935,Victoria,2019,ALL,All,all,595.04,>=$5M,274,9.5,False
935,Victoria,2019,SECONDARY,Secondary,secondary,595.04,>=$5M,274,9.5,False
935,Victoria,2020,331110,Iron & Steel Mills & Ferroalloy Manufacturing,secondary,58.671,>=$5M,4,15.2,False
935,Victoria,2020,336611,Ship Building & Repairing,secondary,9.768,>=$5M,4,11.0,False
935,Victoria,2020,336612,Boat Building,secondary,36.234,>=$5M,20,9.2,False
935,Victoria,2020,541330,Engineering Services,secondary,255.248,>=$5M,139,8.0,False
935,Victoria,2020,541370,Surveying & Mapping (except Geophysical) Services,secondary,38.367,>=$5M,23,11.3,False
935,Victoria,2020,541511,Custom Computer Programming Services,secondary,190.44,>=$5M,82,11.2,False
935,Victoria,2020,ALL,All,all,588.728,>=$5M,272,9.5,False
935,Victoria,2020,SECONDARY,Secondary,secondary,588.728,>=$5M,272,9.5,False
935,Victoria,2021,331110,Iron and Steel Mills and Ferroalloy Manufacturing,secondary,70.061,>=$5M,4,17.8,False
935,Victoria,2021,336611,Ship Building and Repairing,secondary,9.768,>=$5M,4,11.0,False
935,Victoria,2021,336612,Boat Building,secondary,32.67,>=$5M,18,9.2,False
935,Victoria,2021,541330,Engineering Services,secondary,242.215,>=$5M,133,7.9,False
935,Victoria,2021,541370,Surveying and Mapping (except Geophysical) Service,secondary,37.926,>=$5M,22,11.7,False
935,Victoria,2021,541511,Custom Computer Programming Services,secondary,197.271,>=$5M,82,11.6,False
935,Victoria,2021,ALL,All,all,589.911,>=$5M,263,9.7,False
935,Victoria,2021,SECONDARY,Secondary,secondary,589.911,>=$5M,263,9.7,False
935,Victoria,2022,331110,Iron and Steel Mills and Ferroalloy Manufacturing,secondary,70.061,>=$5M,4,17.8,False
935,Victoria,2022,333310,Commercial and Service Industry Machinery Manufact,primary,12.655,>=$5M,5,6.6,False
935,Victoria,2022,334511,"Search, Detection, Navigation, Guidance, Aeronauti",primary,,<$5M,<2,,True
935,Victoria,2022,334610,Manufacturing and Reproducing Magnetic and Optical,secondary,,<$5M,<2,,True
935,Victoria,2022,336611,Ship Building and Repairing,secondary,9.768,>=$5M,4,11.0,False
935,Victoria,2022,336612,Boat Building,secondary,35.442,>=$5M,19,9.4,False
935,Victoria,2022,541330,Engineering Services,secondary,272.799,>=$5M,163,6.5,False
935,Victoria,2022,541370,Surveying and Mapping (except Geophysical) Service,secondary,39.543,>=$5M,24,10.8,False
935,Victoria,2022,541511,Custom Computer Programming Services,secondary,206.793,>=$5M,83,12.0,False
935,Victoria,2022,ALL,All,all,649.768,>=$5M,304,8.7,False
935,Victoria,2022,PRIMARY,Primary,primary,14.958,>=$5M,6,6.7,False
935,Victoria,2022,SECONDARY,Secondary,secondary,634.81,>=$5M,298,8.8,False
935,Victoria,2023,331110,Iron and Steel Mills and Ferroalloy Manufacturing,secondary,20.868,>=$5M,3,7.0,False
935,Victoria,2023,333310,Commercial and Service Industry Machinery Manufact,primary,12.655,>=$5M,5,6.6,False
935,Victoria,2023,334610,Manufacturing and Reproducing Magnetic and Optical,secondary,,<$5M,<2,,True
935,Victoria,2023,336411,Aircraft Manufacturing,primary,,>=$5M,<2,,True
935,Victoria,2023,336611,Ship Building and Repairing,secondary,9.768,>=$5M,4,11.0,False
935,Victoria,2023,336612,Boat Building,secondary,34.055,>=$5M,19,9.4,False
935,Victoria,2023,541330,Engineering Services,secondary,258.014,>=$5M,161,6.3,False
935,Victoria,2023,541370,Surveying and Mapping (except Geophysical) Service,secondary,40.036,>=$5M,25,10.5,False
935,Victoria,2023,541511,Custom Computer Programming Services,secondary,213.264,>=$5M,85,12.0,False
935,Victoria,2023,ALL,All,all,698.564,>=$5M,304,9.5,False
935,Victoria,2023,PRIMARY,Primary,primary,122.155,>=$5M,6,55.5,False
935,Victoria,2023,SECONDARY,Secondary,secondary,576.409,>=$5M,298,8.6,False
935,Victoria,2024,331110,Iron and Steel Mills and Ferroalloy Manufacturing,secondary,13.069,>=$5M,3,7.0,False
935,Victoria,2024,333310,Commercial and Service Industry Machinery Manufact,primary,15.471,>=$5M,7,13.9,False
935,Victoria,2024,334610,Manufacturing and Reproducing Magnetic and Optical,secondary,5.512,>=$5M,3,4.0,False
935,Victoria,2024,336411,Aircraft Manufacturing,primary,,>=$5M,<2,,True
935,Victoria,2024,336611,Ship Building and Repairing,secondary,22.533,>=$5M,4,20.2,False
935,Victoria,2024,336612,Boat Building,secondary,29.651,>=$5M,19,10.8,False
935,Victoria,2024,541330,Engineering Services,secondary,344.817,>=$5M,156,11.5,False
935,Victoria,2024,541370,Surveying and Mapping (except Geophysical) Service,secondary,15.367,>=$5M,21,7.4,False
935,Victoria,2024,541511,Custom Computer Programming Services,secondary,151.434,>=$5M,82,12.3,False
935,Victoria,2024,ALL,All,all,742.44,>=$5M,296,12.4,False
935,Victoria,2024,PRIMARY,Primary,primary,160.057,>=$5M,8,49.6,False
935,Victoria,2024,SECONDARY,Secondary,secondary,582.383,>=$5M,288,11.4,False
935,Victoria,2025,331110,Iron and Steel Mills and Ferroalloy Manufacturing,secondary,13.069,>=$5M,3,7.0,False
935,Victoria,2025,333310,Commercial and Service Industry Machinery Manufact,primary,15.471,>=$5M,7,13.9,False
935,Victoria,2025,334610,Manufacturing and Reproducing Magnetic and Optical,secondary,2.891,<$5M,3,4.0,False
935,Victoria,2025,336411,Aircraft Manufacturing,primary,147.478,>=$5M,2,153.0,False
935,Victoria,2025,336611,Ship Building and Repairing,secondary,22.255,>=$5M,4,20.0,False
935,Victoria,2025,336612,Boat Building,secondary,29.651,>=$5M,19,10.8,False
935,Victoria,2025,541330,Engineering Services,secondary,349.098,>=$5M,157,11.5,False
935,Victoria,2025,541370,Surveying and Mapping (except Geophysical) Service,secondary,15.466,>=$5M,21,7.5,False
935,Victoria,2025,541511,Custom Computer Programming Services,secondary,152.599,>=$5M,85,12.0,False
935,Victoria,2025,ALL,All,all,747.978,>=$5M,301,12.3,False
935,Victoria,2025,PRIMARY,Primary,primary,162.949,>=$5M,9,44.8,False
935,Victoria,2025,SECONDARY,Secondary,secondary,585.029,>=$5M,292,11.3,False
440,Victoriaville,2017,331110,Iron & Steel Mills & Ferroalloy Manufacturing,secondary,,>=$5M,<2,,True
440,Victoriaville,2017,541330,Engineering Services,secondary,17.556,>=$5M,6,12.7,False
440,Victoriaville,2017,541370,Surveying & Mapping (except Geophysical) Services,secondary,4.116,<$5M,5,5.6,False
440,Victoriaville,2017,ALL,All,all,28.506,>=$5M,12,9.2,False
440,Victoriaville,2017,SECONDARY,Secondary,secondary,28.506,>=$5M,12,9.2,False
440,Victoriaville,2018,331110,Iron & Steel Mills & Ferroalloy Manufacturing,secondary,,>=$5M,<2,,True
440,Victoriaville,2018,541330,Engineering Services,secondary,25.872,>=$5M,6,18.7,False
440,Victoriaville,2018,541370,Surveying & Mapping (except Geophysical) Services,secondary,3.234,<$5M,4,5.5,False
440,Victoriaville,2018,541511,Custom Computer Programming Services,secondary,,<$5M,<2,,True
440,Victoriaville,2018,ALL,All,all,38.424,>=$5M,12,12.7,False
440,Victoriaville,2018,SECONDARY,Secondary,secondary,38.424,>=$5M,12,12.7,False
440,Victoriaville,2019,331110,Iron & Steel Mills & Ferroalloy Manufacturing,secondary,,>=$5M,<2,,True
440,Victoriaville,2019,541330,Engineering Services,secondary,27.489,>=$5M,7,17.0,False
440,Victoriaville,2019,541370,Surveying & Mapping (except Geophysical) Services,secondary,3.234,<$5M,4,5.5,False
440,Victoriaville,2019,541511,Custom Computer Programming Services,secondary,,<$5M,<2,,True
440,Victoriaville,2019,ALL,All,all,40.041,>=$5M,13,12.2,False
440,Victoriaville,2019,SECONDARY,Secondary,secondary,40.041,>=$5M,13,12.2,False
440,Victoriaville,2020,331110,Iron & Steel Mills & Ferroalloy Manufacturing,secondary,,>=$5M,<2,,True
440,Victoriaville,2020,541330,Engineering Services,secondary,27.489,>=$5M,7,17.0,False
440,Victoriaville,2020,541370,Surveying & Mapping (except Geophysical) Services,secondary,3.234,<$5M,4,5.5,False
440,Victoriaville,2020,541511,Custom Computer Programming Services,secondary,,<$5M,<2,,True
440,Victoriaville,2020,ALL,All,all,40.041,>=$5M,13,12.2,False
440,Victoriaville,2020,SECONDARY,Secondary,secondary,40.041,>=$5M,13,12.2,False
440,Victoriaville,2021,331110,Iron and Steel Mills and Ferroalloy Manufacturing,secondary,,>=$5M,<2,,True
440,Victoriaville,2021,541330,Engineering Services,secondary,37.422,>=$5M,7,23.1,False
440,Victoriaville,2021,541370,Surveying and Mapping (except Geophysical) Service,secondary,4.116,<$5M,5,6.0,False
440,Victoriaville,2021,541511,Custom Computer Programming Services,secondary,,<$5M,<2,,True
440,Victoriaville,2021,ALL,All,all,50.856,>=$5M,14,15.0,False
440,Victoriaville,2021,SECONDARY,Secondary,secondary,50.856,>=$5M,14,15.0,False
440,Victoriaville,2022,331110,Iron and Steel Mills and Ferroalloy Manufacturing,secondary,,>=$5M,<2,,True
440,Victoriaville,2022,333310,Commercial and Service Industry Machinery Manufact,primary,6.225,>=$5M,4,4.8,False
440,Victoriaville,2022,541330,Engineering Services,secondary,37.422,>=$5M,7,23.1,False
440,Victoriaville,2022,541370,Surveying and Mapping (except Geophysical) Service,secondary,4.116,<$5M,5,6.2,False
440,Victoriaville,2022,541511,Custom Computer Programming Services,secondary,7.126,>=$5M,2,11.5,False
440,Victoriaville,2022,ALL,All,all,61.723,>=$5M,19,12.7,False
440,Victoriaville,2022,PRIMARY,Primary,primary,6.225,>=$5M,4,4.8,False
440,Victoriaville,2022,SECONDARY,Secondary,secondary,55.498,>=$5M,15,14.8,False
440,Victoriaville,2023,331110,Iron and Steel Mills and Ferroalloy Manufacturing,secondary,,<$5M,<2,,True
440,Victoriaville,2023,333310,Commercial and Service Industry Machinery Manufact,primary,6.225,>=$5M,4,4.8,False
440,Victoriaville,2023,541330,Engineering Services,secondary,34.146,>=$5M,6,25.8,False
440,Victoriaville,2023,541370,Surveying and Mapping (except Geophysical) Service,secondary,4.116,<$5M,5,7.6,False
440,Victoriaville,2023,541511,Custom Computer Programming Services,secondary,7.126,>=$5M,2,11.5,False
440,Victoriaville,2023,ALL,All,all,55.479,>=$5M,18,13.4,False
440,Victoriaville,2023,PRIMARY,Primary,primary,6.225,>=$5M,4,4.8,False
440,Victoriaville,2023,SECONDARY,Secondary,secondary,49.254,>=$5M,14,15.9,False
440,Victoriaville,2024,331110,Iron and Steel Mills and Ferroalloy Manufacturing,secondary,,<$5M,<2,,True
440,Victoriaville,2024,333310,Commercial and Service Industry Machinery Manufact,primary,4.76,<$5M,4,6.8,False
440,Victoriaville,2024,541330,Engineering Services,secondary,28.849,>=$5M,5,29.6,False
440,Victoriaville,2024,541370,Surveying and Mapping (except Geophysical) Service,secondary,2.857,<$5M,5,5.8,False
440,Victoriaville,2024,541511,Custom Computer Programming Services,secondary,3.442,<$5M,2,11.5,False
440,Victoriaville,2024,ALL,All,all,43.774,>=$5M,17,13.7,False
440,Victoriaville,2024,PRIMARY,Primary,primary,4.76,<$5M,4,6.8,False
440,Victoriaville,2024,SECONDARY,Secondary,secondary,39.014,>=$5M,13,15.8,False
440,Victoriaville,2025,331110,Iron and Steel Mills and Ferroalloy Manufacturing,secondary,,<$5M,<2,,True
440,Victoriaville,2025,333310,Commercial and Service Industry Machinery Manufact,primary,4.76,<$5M,4,6.8,False
440,Victoriaville,2025,541330,Engineering Services,secondary,38.595,>=$5M,6,33.0,False
440,Victoriaville,2025,541370,Surveying and Mapping (except Geophysical) Service,secondary,2.857,<$5M,5,5.8,False
440,Victoriaville,2025,541511,Custom Computer Programming Services,secondary,3.442,<$5M,2,11.5,False
440,Victoriaville,2025,ALL,All,all,53.52,>=$5M,18,15.7,False
440,Victoriaville,2025,PRIMARY,Primary,primary,4.76,<$5M,4,6.8,False
440,Victoriaville,2025,SECONDARY,Secondary,secondary,48.76,>=$5M,14,18.3,False
565,Wasaga Beach,2017,541370,Surveying & Mapping (except Geophysical) Services,secondary,,<$5M,<2,,True
565,Wasaga Beach,2017,ALL,All,all,,<$5M,<2,,True
565,Wasaga Beach,2017,SECONDARY,Secondary,secondary,,<$5M,<2,,True
565,Wasaga Beach,2018,541370,Surveying & Mapping (except Geophysical) Services,secondary,,<$5M,<2,,True
565,Wasaga Beach,2018,ALL,All,all,,<$5M,<2,,True
565,Wasaga Beach,2018,SECONDARY,Secondary,secondary,,<$5M,<2,,True
565,Wasaga Beach,2019,541330,Engineering Services,secondary,,<$5M,<2,,True
565,Wasaga Beach,2019,541370,Surveying & Mapping (except Geophysical) Services,secondary,,<$5M,<2,,True
565,Wasaga Beach,2019,ALL,All,all,1.722,<$5M,2,5.0,False
565,Wasaga Beach,2019,SECONDARY,Secondary,secondary,1.722,<$5M,2,5.0,False
565,Wasaga Beach,2020,541330,Engineering Services,secondary,,<$5M,<2,,True
565,Wasaga Beach,2020,541370,Surveying & Mapping (except Geophysical) Services,secondary,,<$5M,<2,,True
565,Wasaga Beach,2020,ALL,All,all,1.722,<$5M,2,5.0,False
565,Wasaga Beach,2020,SECONDARY,Secondary,secondary,1.722,<$5M,2,5.0,False
565,Wasaga Beach,2021,541330,Engineering Services,secondary,,<$5M,<2,,True
565,Wasaga Beach,2021,541370,Surveying and Mapping (except Geophysical) Service,secondary,,<$5M,<2,,True
565,Wasaga Beach,2021,ALL,All,all,1.722,<$5M,2,5.0,False
565,Wasaga Beach,2021,SECONDARY,Secondary,secondary,1.722,<$5M,2,5.0,False
565,Wasaga Beach,2022,541330,Engineering Services,secondary,,<$5M,<2,,True
565,Wasaga Beach,2022,541370,Surveying and Mapping (except Geophysical) Service,secondary,,<$5M,<2,,True
565,Wasaga Beach,2022,ALL,All,all,1.722,<$5M,2,5.0,False
565,Wasaga Beach,2022,SECONDARY,Secondary,secondary,1.722,<$5M,2,5.0,False
565,Wasaga Beach,2023,541330,Engineering Services,secondary,,<$5M,<2,,True
565,Wasaga Beach,2023,541370,Surveying and Mapping (except Geophysical) Service,secondary,,<$5M,<2,,True
565,Wasaga Beach,2023,ALL,All,all,1.383,<$5M,2,5.0,False
565,Wasaga Beach,2023,SECONDARY,Secondary,secondary,1.383,<$5M,2,5.0,False
565,Wasaga Beach,2024,541330,Engineering Services,secondary,,<$5M,<2,,True
565,Wasaga Beach,2024,541370,Surveying and Mapping (except Geophysical) Service,secondary,,<$5M,<2,,True
565,Wasaga Beach,2024,ALL,All,all,1.275,<$5M,2,5.0,False
565,Wasaga Beach,2024,SECONDARY,Secondary,secondary,1.275,<$5M,2,5.0,False
565,Wasaga Beach,2025,541330,Engineering Services,secondary,,<$5M,<2,,True
565,Wasaga Beach,2025,541370,Surveying and Mapping (except Geophysical) Service,secondary,,<$5M,<2,,True
565,Wasaga Beach,2025,541511,Custom Computer Programming Services,secondary,,<$5M,<2,,True
565,Wasaga Beach,2025,ALL,All,all,1.724,<$5M,3,4.3,False
565,Wasaga Beach,2025,SECONDARY,Secondary,secondary,1.724,<$5M,3,4.3,False
865,Wetaskiwin,2017,541370,Surveying & Mapping (except Geophysical) Services,secondary,,<$5M,<2,,True
865,Wetaskiwin,2017,541511,Custom Computer Programming Services,secondary,,<$5M,<2,,True
865,Wetaskiwin,2017,ALL,All,all,1.089,<$5M,2,3.5,False
865,Wetaskiwin,2017,SECONDARY,Secondary,secondary,1.089,<$5M,2,3.5,False
865,Wetaskiwin,2018,541370,Surveying & Mapping (except Geophysical) Services,secondary,,<$5M,<2,,True
865,Wetaskiwin,2018,541511,Custom Computer Programming Services,secondary,,<$5M,<2,,True
865,Wetaskiwin,2018,ALL,All,all,1.089,<$5M,2,3.5,False
865,Wetaskiwin,2018,SECONDARY,Secondary,secondary,1.089,<$5M,2,3.5,False
865,Wetaskiwin,2019,541330,Engineering Services,secondary,,<$5M,<2,,True
865,Wetaskiwin,2019,541370,Surveying & Mapping (except Geophysical) Services,secondary,,<$5M,<2,,True
865,Wetaskiwin,2019,541511,Custom Computer Programming Services,secondary,,<$5M,<2,,True
865,Wetaskiwin,2019,ALL,All,all,4.554,<$5M,3,7.3,False
865,Wetaskiwin,2019,SECONDARY,Secondary,secondary,4.554,<$5M,3,7.3,False
865,Wetaskiwin,2020,541330,Engineering Services,secondary,,<$5M,<2,,True
865,Wetaskiwin,2020,541370,Surveying & Mapping (except Geophysical) Services,secondary,,<$5M,<2,,True
865,Wetaskiwin,2020,541511,Custom Computer Programming Services,secondary,,<$5M,<2,,True
865,Wetaskiwin,2020,ALL,All,all,4.554,<$5M,3,7.3,False
865,Wetaskiwin,2020,SECONDARY,Secondary,secondary,4.554,<$5M,3,7.3,False
865,Wetaskiwin,2021,541330,Engineering Services,secondary,,<$5M,<2,,True
865,Wetaskiwin,2021,541370,Surveying and Mapping (except Geophysical) Service,secondary,,<$5M,<2,,True
865,Wetaskiwin,2021,541511,Custom Computer Programming Services,secondary,,<$5M,<2,,True
865,Wetaskiwin,2021,ALL,All,all,4.554,<$5M,3,7.3,False
865,Wetaskiwin,2021,SECONDARY,Secondary,secondary,4.554,<$5M,3,7.3,False
865,Wetaskiwin,2022,333310,Commercial and Service Industry Machinery Manufact,primary,,<$5M,<2,,True
865,Wetaskiwin,2022,541330,Engineering Services,secondary,,<$5M,<2,,True
865,Wetaskiwin,2022,541370,Surveying and Mapping (except Geophysical) Service,secondary,,<$5M,<2,,True
865,Wetaskiwin,2022,541511,Custom Computer Programming Services,secondary,,<$5M,<2,,True
865,Wetaskiwin,2022,ALL,All,all,4.862,<$5M,4,5.8,False
865,Wetaskiwin,2022,PRIMARY,Primary,primary,,<$5M,<2,,True
865,Wetaskiwin,2022,SECONDARY,Secondary,secondary,4.554,<$5M,3,7.3,False
865,Wetaskiwin,2023,333310,Commercial and Service Industry Machinery Manufact,primary,,<$5M,<2,,True
865,Wetaskiwin,2023,541370,Surveying and Mapping (except Geophysical) Service,secondary,,<$5M,<2,,True
865,Wetaskiwin,2023,541511,Custom Computer Programming Services,secondary,,<$5M,<2,,True
865,Wetaskiwin,2023,ALL,All,all,1.397,<$5M,3,2.7,False
865,Wetaskiwin,2023,PRIMARY,Primary,primary,,<$5M,<2,,True
865,Wetaskiwin,2023,SECONDARY,Secondary,secondary,1.089,<$5M,2,3.5,False
865,Wetaskiwin,2024,333310,Commercial and Service Industry Machinery Manufact,primary,,<$5M,<2,,True
865,Wetaskiwin,2024,541370,Surveying and Mapping (except Geophysical) Service,secondary,,<$5M,<2,,True
865,Wetaskiwin,2024,541511,Custom Computer Programming Services,secondary,,<$5M,<2,,True
865,Wetaskiwin,2024,ALL,All,all,0.519,<$5M,3,1.3,False
865,Wetaskiwin,2024,PRIMARY,Primary,primary,,<$5M,<2,,True
865,Wetaskiwin,2024,SECONDARY,Secondary,secondary,0.347,<$5M,2,1.5,False
865,Wetaskiwin,2025,333310,Commercial and Service Industry Machinery Manufact,primary,,<$5M,<2,,True
865,Wetaskiwin,2025,541370,Surveying and Mapping (except Geophysical) Service,secondary,,<$5M,<2,,True
865,Wetaskiwin,2025,541511,Custom Computer Programming Services,secondary,,<$5M,<2,,True
865,Wetaskiwin,2025,ALL,All,all,0.618,<$5M,3,1.7,False
865,Wetaskiwin,2025,PRIMARY,Primary,primary,,<$5M,<2,,True
865,Wetaskiwin,2025,SECONDARY,Secondary,secondary,0.446,<$5M,2,2.0,False
755,Weyburn,2017,541330,Engineering Services,secondary,1.617,<$5M,2,3.5,False
755,Weyburn,2017,ALL,All,all,1.617,<$5M,2,3.5,False
755,Weyburn,2017,SECONDARY,Secondary,secondary,1.617,<$5M,2,3.5,False
755,Weyburn,2018,541330,Engineering Services,secondary,1.617,<$5M,2,3.5,False
755,Weyburn,2018,ALL,All,all,1.617,<$5M,2,3.5,False
755,Weyburn,2018,SECONDARY,Secondary,secondary,1.617,<$5M,2,3.5,False
755,Weyburn,2019,541330,Engineering Services,secondary,2.31,<$5M,3,3.3,False
755,Weyburn,2019,ALL,All,all,2.31,<$5M,3,3.3,False
755,Weyburn,2019,SECONDARY,Secondary,secondary,2.31,<$5M,3,3.3,False
755,Weyburn,2020,541330,Engineering Services,secondary,2.31,<$5M,3,3.3,False
755,Weyburn,2020,ALL,All,all,2.31,<$5M,3,3.3,False
755,Weyburn,2020,SECONDARY,Secondary,secondary,2.31,<$5M,3,3.3,False
755,Weyburn,2021,541330,Engineering Services,secondary,2.31,<$5M,3,3.3,False
755,Weyburn,2021,ALL,All,all,2.31,<$5M,3,3.3,False
755,Weyburn,2021,SECONDARY,Secondary,secondary,2.31,<$5M,3,3.3,False
755,Weyburn,2022,541330,Engineering Services,secondary,2.31,<$5M,3,3.3,False
755,Weyburn,2022,ALL,All,all,2.31,<$5M,3,3.3,False
755,Weyburn,2022,SECONDARY,Secondary,secondary,2.31,<$5M,3,3.3,False
755,Weyburn,2023,541330,Engineering Services,secondary,2.238,<$5M,3,3.3,False
755,Weyburn,2023,ALL,All,all,2.238,<$5M,3,3.3,False
755,Weyburn,2023,SECONDARY,Secondary,secondary,2.238,<$5M,3,3.3,False
755,Weyburn,2024,541330,Engineering Services,secondary,1.56,<$5M,3,2.7,False
755,Weyburn,2024,ALL,All,all,1.56,<$5M,3,2.7,False
755,Weyburn,2024,SECONDARY,Secondary,secondary,1.56,<$5M,3,2.7,False
755,Weyburn,2025,541330,Engineering Services,secondary,1.755,<$5M,3,3.0,False
755,Weyburn,2025,ALL,All,all,1.755,<$5M,3,3.0,False
755,Weyburn,2025,SECONDARY,Secondary,secondary,1.755,<$5M,3,3.0,False
990,Whitehorse,2017,541330,Engineering Services,secondary,17.094,>=$5M,16,4.6,False
990,Whitehorse,2017,541370,Surveying & Mapping (except Geophysical) Services,secondary,6.321,>=$5M,5,8.6,False
990,Whitehorse,2017,541511,Custom Computer Programming Services,secondary,3.105,<$5M,3,5.0,False
990,Whitehorse,2017,ALL,All,all,26.52,>=$5M,24,5.5,False
990,Whitehorse,2017,SECONDARY,Secondary,secondary,26.52,>=$5M,24,5.5,False
990,Whitehorse,2018,541330,Engineering Services,secondary,19.635,>=$5M,19,4.5,False
990,Whitehorse,2018,541370,Surveying & Mapping (except Geophysical) Services,secondary,6.321,>=$5M,5,8.6,False
990,Whitehorse,2018,541511,Custom Computer Programming Services,secondary,4.14,<$5M,5,4.0,False
990,Whitehorse,2018,ALL,All,all,30.096,>=$5M,29,5.1,False
990,Whitehorse,2018,SECONDARY,Secondary,secondary,30.096,>=$5M,29,5.1,False
990,Whitehorse,2019,541330,Engineering Services,secondary,31.416,>=$5M,24,5.7,False
990,Whitehorse,2019,541370,Surveying & Mapping (except Geophysical) Services,secondary,6.321,>=$5M,5,8.6,False
990,Whitehorse,2019,541511,Custom Computer Programming Services,secondary,4.14,<$5M,5,4.0,False
990,Whitehorse,2019,ALL,All,all,41.877,>=$5M,34,5.9,False
990,Whitehorse,2019,SECONDARY,Secondary,secondary,41.877,>=$5M,34,5.9,False
990,Whitehorse,2020,541330,Engineering Services,secondary,31.647,>=$5M,24,5.7,False
990,Whitehorse,2020,541370,Surveying & Mapping (except Geophysical) Services,secondary,6.321,>=$5M,5,8.6,False
990,Whitehorse,2020,541511,Custom Computer Programming Services,secondary,4.14,<$5M,5,4.0,False
990,Whitehorse,2020,ALL,All,all,42.108,>=$5M,34,5.9,False
990,Whitehorse,2020,SECONDARY,Secondary,secondary,42.108,>=$5M,34,5.9,False
990,Whitehorse,2021,541330,Engineering Services,secondary,40.656,>=$5M,24,7.3,False
990,Whitehorse,2021,541370,Surveying and Mapping (except Geophysical) Service,secondary,6.321,>=$5M,5,8.6,False
990,Whitehorse,2021,541511,Custom Computer Programming Services,secondary,3.933,<$5M,4,4.8,False
990,Whitehorse,2021,ALL,All,all,50.91,>=$5M,33,7.2,False
990,Whitehorse,2021,SECONDARY,Secondary,secondary,50.91,>=$5M,33,7.2,False
990,Whitehorse,2022,333310,Commercial and Service Industry Machinery Manufact,primary,,<$5M,<2,,True
990,Whitehorse,2022,334610,Manufacturing and Reproducing Magnetic and Optical,secondary,,<$5M,<2,,True
990,Whitehorse,2022,541330,Engineering Services,secondary,41.58,>=$5M,25,7.2,False
990,Whitehorse,2022,541370,Surveying and Mapping (except Geophysical) Service,secondary,5.88,>=$5M,5,8.0,False
990,Whitehorse,2022,541511,Custom Computer Programming Services,secondary,3.933,<$5M,4,4.8,False
990,Whitehorse,2022,ALL,All,all,53.342,>=$5M,36,6.8,False
990,Whitehorse,2022,PRIMARY,Primary,primary,,<$5M,<2,,True
990,Whitehorse,2022,SECONDARY,Secondary,secondary,51.494,>=$5M,35,6.8,False
990,Whitehorse,2023,333310,Commercial and Service Industry Machinery Manufact,primary,,<$5M,<2,,True
990,Whitehorse,2023,334610,Manufacturing and Reproducing Magnetic and Optical,secondary,,<$5M,<2,,True
990,Whitehorse,2023,541330,Engineering Services,secondary,23.1,>=$5M,23,4.9,False
990,Whitehorse,2023,541370,Surveying and Mapping (except Geophysical) Service,secondary,5.735,>=$5M,5,8.0,False
990,Whitehorse,2023,541511,Custom Computer Programming Services,secondary,3.417,<$5M,4,4.8,False
990,Whitehorse,2023,ALL,All,all,34.201,>=$5M,34,5.2,False
990,Whitehorse,2023,PRIMARY,Primary,primary,,<$5M,<2,,True
990,Whitehorse,2023,SECONDARY,Secondary,secondary,32.353,>=$5M,33,5.2,False
990,Whitehorse,2024,334610,Manufacturing and Reproducing Magnetic and Optical,secondary,,<$5M,<2,,True
990,Whitehorse,2024,541330,Engineering Services,secondary,45.227,>=$5M,24,9.6,False
990,Whitehorse,2024,541370,Surveying and Mapping (except Geophysical) Service,secondary,4.236,<$5M,6,7.2,False
990,Whitehorse,2024,541511,Custom Computer Programming Services,secondary,3.443,<$5M,4,6.0,False
990,Whitehorse,2024,ALL,All,all,53.043,>=$5M,35,8.5,False
990,Whitehorse,2024,SECONDARY,Secondary,secondary,53.043,>=$5M,35,8.5,False
990,Whitehorse,2025,334610,Manufacturing and Reproducing Magnetic and Optical,secondary,,<$5M,<2,,True
990,Whitehorse,2025,541330,Engineering Services,secondary,43.668,>=$5M,24,9.3,False
990,Whitehorse,2025,541370,Surveying and Mapping (except Geophysical) Service,secondary,4.236,<$5M,6,7.2,False
990,Whitehorse,2025,541511,Custom Computer Programming Services,secondary,3.892,<$5M,5,5.2,False
990,Whitehorse,2025,ALL,All,all,51.933,>=$5M,36,8.2,False
990,Whitehorse,2025,SECONDARY,Secondary,secondary,51.933,>=$5M,36,8.2,False
950,Williams Lake,2017,541330,Engineering Services,secondary,4.486,<$5M,6,3.3,False
950,Williams Lake,2017,541370,Surveying & Mapping (except Geophysical) Services,secondary,,<$5M,<2,,True
950,Williams Lake,2017,541511,Custom Computer Programming Services,secondary,,<$5M,<2,,True
950,Williams Lake,2017,ALL,All,all,6.403,>=$5M,8,3.9,False
950,Williams Lake,2017,SECONDARY,Secondary,secondary,6.403,>=$5M,8,3.9,False
950,Williams Lake,2018,541330,Engineering Services,secondary,4.486,<$5M,6,3.3,False
950,Williams Lake,2018,541370,Surveying & Mapping (except Geophysical) Services,secondary,,<$5M,<2,,True
950,Williams Lake,2018,541511,Custom Computer Programming Services,secondary,,<$5M,<2,,True
950,Williams Lake,2018,ALL,All,all,6.403,>=$5M,8,3.9,False
950,Williams Lake,2018,SECONDARY,Secondary,secondary,6.403,>=$5M,8,3.9,False
950,Williams Lake,2019,541330,Engineering Services,secondary,4.814,<$5M,7,3.1,False
950,Williams Lake,2019,541370,Surveying & Mapping (except Geophysical) Services,secondary,,<$5M,<2,,True
950,Williams Lake,2019,541511,Custom Computer Programming Services,secondary,,<$5M,<2,,True
950,Williams Lake,2019,ALL,All,all,6.731,>=$5M,9,3.7,False
950,Williams Lake,2019,SECONDARY,Secondary,secondary,6.731,>=$5M,9,3.7,False
950,Williams Lake,2020,541330,Engineering Services,secondary,4.814,<$5M,7,3.1,False
950,Williams Lake,2020,541370,Surveying & Mapping (except Geophysical) Services,secondary,,<$5M,<2,,True
950,Williams Lake,2020,541511,Custom Computer Programming Services,secondary,,<$5M,<2,,True
950,Williams Lake,2020,ALL,All,all,6.731,>=$5M,9,3.7,False
950,Williams Lake,2020,SECONDARY,Secondary,secondary,6.731,>=$5M,9,3.7,False
950,Williams Lake,2021,541330,Engineering Services,secondary,4.814,<$5M,7,3.1,False
950,Williams Lake,2021,541370,Surveying and Mapping (except Geophysical) Service,secondary,,<$5M,<2,,True
950,Williams Lake,2021,541511,Custom Computer Programming Services,secondary,,<$5M,<2,,True
950,Williams Lake,2021,ALL,All,all,6.731,>=$5M,9,3.7,False
950,Williams Lake,2021,SECONDARY,Secondary,secondary,6.731,>=$5M,9,3.7,False
950,Williams Lake,2022,333310,Commercial and Service Industry Machinery Manufact,primary,,<$5M,<2,,True
950,Williams Lake,2022,541330,Engineering Services,secondary,4.814,<$5M,7,3.1,False
950,Williams Lake,2022,541370,Surveying and Mapping (except Geophysical) Service,secondary,,<$5M,<2,,True
950,Williams Lake,2022,541511,Custom Computer Programming Services,secondary,,<$5M,<2,,True
950,Williams Lake,2022,ALL,All,all,9.827,>=$5M,10,4.1,False
950,Williams Lake,2022,PRIMARY,Primary,primary,,<$5M,<2,,True
950,Williams Lake,2022,SECONDARY,Secondary,secondary,6.731,>=$5M,9,3.7,False
950,Williams Lake,2023,333310,Commercial and Service Industry Machinery Manufact,primary,,<$5M,<2,,True
950,Williams Lake,2023,541330,Engineering Services,secondary,5.219,>=$5M,8,3.1,False
950,Williams Lake,2023,541370,Surveying and Mapping (except Geophysical) Service,secondary,,<$5M,<2,,True
950,Williams Lake,2023,541511,Custom Computer Programming Services,secondary,2.07,<$5M,2,5.0,False
950,Williams Lake,2023,ALL,All,all,11.267,>=$5M,12,4.1,False
950,Williams Lake,2023,PRIMARY,Primary,primary,,<$5M,<2,,True
950,Williams Lake,2023,SECONDARY,Secondary,secondary,8.171,>=$5M,11,3.7,False
950,Williams Lake,2024,333310,Commercial and Service Industry Machinery Manufact,primary,,<$5M,<2,,True
950,Williams Lake,2024,541330,Engineering Services,secondary,4.226,<$5M,7,3.4,False
950,Williams Lake,2024,541370,Surveying and Mapping (except Geophysical) Service,secondary,,<$5M,<2,,True
950,Williams Lake,2024,541511,Custom Computer Programming Services,secondary,4.938,<$5M,2,16.5,False
950,Williams Lake,2024,ALL,All,all,11.258,>=$5M,11,6.5,False
950,Williams Lake,2024,PRIMARY,Primary,primary,,<$5M,<2,,True
950,Williams Lake,2024,SECONDARY,Secondary,secondary,9.755,>=$5M,10,6.3,False
950,Williams Lake,2025,333310,Commercial and Service Industry Machinery Manufact,primary,,<$5M,<2,,True
950,Williams Lake,2025,541330,Engineering Services,secondary,4.226,<$5M,7,3.4,False
950,Williams Lake,2025,541370,Surveying and Mapping (except Geophysical) Service,secondary,,<$5M,<2,,True
950,Williams Lake,2025,541511,Custom Computer Programming Services,secondary,4.938,<$5M,2,16.5,False
950,Williams Lake,2025,ALL,All,all,11.258,>=$5M,11,6.5,False
950,Williams Lake,2025,PRIMARY,Primary,primary,,<$5M,<2,,True
950,Williams Lake,2025,SECONDARY,Secondary,secondary,9.755,>=$5M,10,6.3,False
559,Windsor,2017,331110,Iron & Steel Mills & Ferroalloy Manufacturing,secondary,140.097,>=$5M,7,17.6,False
559,Windsor,2017,336612,Boat Building,secondary,,<$5M,<2,,True
559,Windsor,2017,541330,Engineering Services,secondary,113.652,>=$5M,72,6.8,False
559,Windsor,2017,541370,Surveying & Mapping (except Geophysical) Services,secondary,7.938,>=$5M,7,7.7,False
559,Windsor,2017,541511,Custom Computer Programming Services,secondary,19.665,>=$5M,12,7.9,False
559,Windsor,2017,ALL,All,all,281.55,>=$5M,99,7.7,False
559,Windsor,2017,SECONDARY,Secondary,secondary,281.55,>=$5M,99,7.7,False
559,Windsor,2018,331110,Iron & Steel Mills & Ferroalloy Manufacturing,secondary,140.097,>=$5M,7,17.6,False
559,Windsor,2018,336612,Boat Building,secondary,,<$5M,<2,,True
559,Windsor,2018,541330,Engineering Services,secondary,124.509,>=$5M,76,7.1,False
559,Windsor,2018,541370,Surveying & Mapping (except Geophysical) Services,secondary,6.174,>=$5M,4,10.5,False
559,Windsor,2018,541511,Custom Computer Programming Services,secondary,15.525,>=$5M,11,6.8,False
559,Windsor,2018,ALL,All,all,286.503,>=$5M,99,7.9,False
559,Windsor,2018,SECONDARY,Secondary,secondary,286.503,>=$5M,99,7.9,False
559,Windsor,2019,331110,Iron & Steel Mills & Ferroalloy Manufacturing,secondary,149.209,>=$5M,8,16.4,False
559,Windsor,2019,336612,Boat Building,secondary,,<$5M,<2,,True
559,Windsor,2019,541330,Engineering Services,secondary,145.761,>=$5M,91,6.9,False
559,Windsor,2019,541370,Surveying & Mapping (except Geophysical) Services,secondary,7.056,>=$5M,5,9.6,False
559,Windsor,2019,541511,Custom Computer Programming Services,secondary,19.044,>=$5M,16,5.8,False
559,Windsor,2019,ALL,All,all,321.268,>=$5M,121,7.5,False
559,Windsor,2019,SECONDARY,Secondary,secondary,321.268,>=$5M,121,7.5,False
559,Windsor,2020,331110,Iron & Steel Mills & Ferroalloy Manufacturing,secondary,137.819,>=$5M,7,17.3,False
559,Windsor,2020,336612,Boat Building,secondary,,<$5M,<2,,True
559,Windsor,2020,541330,Engineering Services,secondary,151.305,>=$5M,92,7.1,False
559,Windsor,2020,541370,Surveying & Mapping (except Geophysical) Services,secondary,7.056,>=$5M,5,9.6,False
559,Windsor,2020,541511,Custom Computer Programming Services,secondary,18.837,>=$5M,16,5.7,False
559,Windsor,2020,ALL,All,all,315.215,>=$5M,121,7.6,False
559,Windsor,2020,SECONDARY,Secondary,secondary,315.215,>=$5M,121,7.6,False
559,Windsor,2021,331110,Iron and Steel Mills and Ferroalloy Manufacturing,secondary,137.819,>=$5M,7,17.3,False
559,Windsor,2021,336612,Boat Building,secondary,,<$5M,<2,,True
559,Windsor,2021,541330,Engineering Services,secondary,133.749,>=$5M,88,6.6,False
559,Windsor,2021,541370,Surveying and Mapping (except Geophysical) Service,secondary,7.056,>=$5M,5,9.8,False
559,Windsor,2021,541511,Custom Computer Programming Services,secondary,29.187,>=$5M,17,8.3,False
559,Windsor,2021,ALL,All,all,308.009,>=$5M,118,7.6,False
559,Windsor,2021,SECONDARY,Secondary,secondary,308.009,>=$5M,118,7.6,False
559,Windsor,2022,331110,Iron and Steel Mills and Ferroalloy Manufacturing,secondary,194.769,>=$5M,8,21.4,False
559,Windsor,2022,333310,Commercial and Service Industry Machinery Manufact,primary,51.895,>=$5M,18,14.2,False
559,Windsor,2022,334610,Manufacturing and Reproducing Magnetic and Optical,secondary,0.303,<$5M,2,1.5,False
559,Windsor,2022,336612,Boat Building,secondary,,<$5M,<2,,True
559,Windsor,2022,541330,Engineering Services,secondary,169.808,>=$5M,112,5.3,False
559,Windsor,2022,541370,Surveying and Mapping (except Geophysical) Service,secondary,7.938,>=$5M,6,8.2,False
559,Windsor,2022,541511,Custom Computer Programming Services,secondary,30.151,>=$5M,18,7.8,False
559,Windsor,2022,ALL,All,all,455.062,>=$5M,165,7.3,False
559,Windsor,2022,PRIMARY,Primary,primary,51.895,>=$5M,18,14.2,False
559,Windsor,2022,SECONDARY,Secondary,secondary,403.167,>=$5M,147,6.5,False
559,Windsor,2023,331110,Iron and Steel Mills and Ferroalloy Manufacturing,secondary,149.253,>=$5M,8,21.4,False
559,Windsor,2023,333310,Commercial and Service Industry Machinery Manufact,primary,41.374,>=$5M,16,14.7,False
559,Windsor,2023,334610,Manufacturing and Reproducing Magnetic and Optical,secondary,0.303,<$5M,2,1.5,False
559,Windsor,2023,336612,Boat Building,secondary,,<$5M,<2,,True
559,Windsor,2023,541330,Engineering Services,secondary,165.212,>=$5M,108,5.4,False
559,Windsor,2023,541370,Surveying and Mapping (except Geophysical) Service,secondary,6.726,>=$5M,6,8.2,False
559,Windsor,2023,541511,Custom Computer Programming Services,secondary,18.596,>=$5M,17,5.3,False
559,Windsor,2023,ALL,All,all,381.662,>=$5M,158,7.1,False
559,Windsor,2023,PRIMARY,Primary,primary,41.374,>=$5M,16,14.7,False
559,Windsor,2023,SECONDARY,Secondary,secondary,340.288,>=$5M,142,6.3,False
559,Windsor,2024,331110,Iron and Steel Mills and Ferroalloy Manufacturing,secondary,175.244,>=$5M,10,27.2,False
559,Windsor,2024,333310,Commercial and Service Industry Machinery Manufact,primary,48.86,>=$5M,17,18.2,False
559,Windsor,2024,334610,Manufacturing and Reproducing Magnetic and Optical,secondary,,<$5M,<2,,True
559,Windsor,2024,336612,Boat Building,secondary,,<$5M,<2,,True
559,Windsor,2024,541330,Engineering Services,secondary,283.921,>=$5M,113,12.9,False
559,Windsor,2024,541370,Surveying and Mapping (except Geophysical) Service,secondary,7.193,>=$5M,9,8.1,False
559,Windsor,2024,541511,Custom Computer Programming Services,secondary,17.961,>=$5M,19,6.3,False
559,Windsor,2024,ALL,All,all,533.597,>=$5M,170,13.2,False
559,Windsor,2024,PRIMARY,Primary,primary,48.86,>=$5M,17,18.2,False
559,Windsor,2024,SECONDARY,Secondary,secondary,484.737,>=$5M,153,12.6,False
559,Windsor,2025,331110,Iron and Steel Mills and Ferroalloy Manufacturing,secondary,175.244,>=$5M,10,27.2,False
559,Windsor,2025,333310,Commercial and Service Industry Machinery Manufact,primary,48.861,>=$5M,17,18.2,False
559,Windsor,2025,334610,Manufacturing and Reproducing Magnetic and Optical,secondary,,<$5M,<2,,True
559,Windsor,2025,336612,Boat Building,secondary,,<$5M,<2,,True
559,Windsor,2025,541330,Engineering Services,secondary,289.965,>=$5M,115,13.0,False
559,Windsor,2025,541370,Surveying and Mapping (except Geophysical) Service,secondary,11.647,>=$5M,9,8.1,False
559,Windsor,2025,541511,Custom Computer Programming Services,secondary,18.71,>=$5M,21,6.0,False
559,Windsor,2025,ALL,All,all,544.845,>=$5M,174,13.1,False
559,Windsor,2025,PRIMARY,Primary,primary,48.861,>=$5M,17,18.2,False
559,Windsor,2025,SECONDARY,Secondary,secondary,495.984,>=$5M,157,12.5,False
603,Winkler,2017,541330,Engineering Services,secondary,1.617,<$5M,2,3.5,False
603,Winkler,2017,541370,Surveying & Mapping (except Geophysical) Services,secondary,9.261,>=$5M,9,7.0,False
603,Winkler,2017,541511,Custom Computer Programming Services,secondary,5.382,>=$5M,4,6.5,False
603,Winkler,2017,ALL,All,all,16.26,>=$5M,15,6.4,False
603,Winkler,2017,SECONDARY,Secondary,secondary,16.26,>=$5M,15,6.4,False
603,Winkler,2018,541330,Engineering Services,secondary,1.617,<$5M,2,3.5,False
603,Winkler,2018,541370,Surveying & Mapping (except Geophysical) Services,secondary,9.261,>=$5M,9,7.0,False
603,Winkler,2018,541511,Custom Computer Programming Services,secondary,4.554,<$5M,3,7.3,False
603,Winkler,2018,ALL,All,all,15.432,>=$5M,14,6.6,False
603,Winkler,2018,SECONDARY,Secondary,secondary,15.432,>=$5M,14,6.6,False
603,Winkler,2019,541330,Engineering Services,secondary,1.617,<$5M,2,3.5,False
603,Winkler,2019,541370,Surveying & Mapping (except Geophysical) Services,secondary,9.261,>=$5M,9,7.0,False
603,Winkler,2019,541511,Custom Computer Programming Services,secondary,4.554,<$5M,3,7.3,False
603,Winkler,2019,ALL,All,all,15.432,>=$5M,14,6.6,False
603,Winkler,2019,SECONDARY,Secondary,secondary,15.432,>=$5M,14,6.6,False
603,Winkler,2020,541330,Engineering Services,secondary,1.617,<$5M,2,3.5,False
603,Winkler,2020,541370,Surveying & Mapping (except Geophysical) Services,secondary,9.261,>=$5M,9,7.0,False
603,Winkler,2020,541511,Custom Computer Programming Services,secondary,4.554,<$5M,3,7.3,False
603,Winkler,2020,ALL,All,all,15.432,>=$5M,14,6.6,False
603,Winkler,2020,SECONDARY,Secondary,secondary,15.432,>=$5M,14,6.6,False
603,Winkler,2021,541330,Engineering Services,secondary,1.617,<$5M,2,3.5,False
603,Winkler,2021,541370,Surveying and Mapping (except Geophysical) Service,secondary,9.261,>=$5M,9,7.0,False
603,Winkler,2021,541511,Custom Computer Programming Services,secondary,4.554,<$5M,3,7.3,False
603,Winkler,2021,ALL,All,all,15.432,>=$5M,14,6.6,False
603,Winkler,2021,SECONDARY,Secondary,secondary,15.432,>=$5M,14,6.6,False
603,Winkler,2022,541330,Engineering Services,secondary,1.617,<$5M,2,3.5,False
603,Winkler,2022,541370,Surveying and Mapping (except Geophysical) Service,secondary,9.261,>=$5M,9,7.0,False
603,Winkler,2022,541511,Custom Computer Programming Services,secondary,4.554,<$5M,3,7.3,False
603,Winkler,2022,ALL,All,all,15.432,>=$5M,14,6.6,False
603,Winkler,2022,SECONDARY,Secondary,secondary,15.432,>=$5M,14,6.6,False
603,Winkler,2023,541330,Engineering Services,secondary,1.365,<$5M,2,3.5,False
603,Winkler,2023,541370,Surveying and Mapping (except Geophysical) Service,secondary,8.243,>=$5M,9,7.0,False
603,Winkler,2023,541511,Custom Computer Programming Services,secondary,3.292,<$5M,3,7.3,False
603,Winkler,2023,ALL,All,all,12.9,>=$5M,14,6.6,False
603,Winkler,2023,SECONDARY,Secondary,secondary,12.9,>=$5M,14,6.6,False
603,Winkler,2024,541330,Engineering Services,secondary,1.365,<$5M,2,3.5,False
603,Winkler,2024,541370,Surveying and Mapping (except Geophysical) Service,secondary,2.267,<$5M,4,5.8,False
603,Winkler,2024,541511,Custom Computer Programming Services,secondary,3.292,<$5M,3,7.3,False
603,Winkler,2024,ALL,All,all,6.924,>=$5M,9,5.8,False
603,Winkler,2024,SECONDARY,Secondary,secondary,6.924,>=$5M,9,5.8,False
603,Winkler,2025,541330,Engineering Services,secondary,1.365,<$5M,2,3.5,False
603,Winkler,2025,541370,Surveying and Mapping (except Geophysical) Service,secondary,2.267,<$5M,4,5.8,False
603,Winkler,2025,541511,Custom Computer Programming Services,secondary,3.292,<$5M,3,7.3,False
603,Winkler,2025,ALL,All,all,6.924,>=$5M,9,5.8,False
603,Winkler,2025,SECONDARY,Secondary,secondary,6.924,>=$5M,9,5.8,False
602,Winnipeg,2017,331110,Iron & Steel Mills & Ferroalloy Manufacturing,secondary,144.653,>=$5M,10,12.7,False
602,Winnipeg,2017,334511,Search Detection & Navigation Instruments,primary,,<$5M,<2,,True
602,Winnipeg,2017,336411,Aircraft Manufacturing,primary,39.325,>=$5M,2,32.5,False
602,Winnipeg,2017,336612,Boat Building,secondary,36.234,>=$5M,7,26.1,False
602,Winnipeg,2017,336992,"Military Armored Vehicle, Tank & Tank Cmpnnt Mfg",primary,,<$5M,<2,,True
602,Winnipeg,2017,336999,All Other Transportation Equipment Manufacturing,primary,,<$5M,<2,,True
602,Winnipeg,2017,541330,Engineering Services,secondary,299.995,>=$5M,148,8.8,False
602,Winnipeg,2017,541370,Surveying & Mapping (except Geophysical) Services,secondary,16.17,>=$5M,15,7.3,False
602,Winnipeg,2017,541511,Custom Computer Programming Services,secondary,18.216,>=$5M,19,4.6,False
602,Winnipeg,2017,ALL,All,all,562.785,>=$5M,204,9.3,False
602,Winnipeg,2017,PRIMARY,Primary,primary,47.517,>=$5M,5,16.2,False
602,Winnipeg,2017,SECONDARY,Secondary,secondary,515.268,>=$5M,199,9.1,False
602,Winnipeg,2018,331110,Iron & Steel Mills & Ferroalloy Manufacturing,secondary,121.873,>=$5M,9,11.9,False
602,Winnipeg,2018,334511,Search Detection & Navigation Instruments,primary,,<$5M,<2,,True
602,Winnipeg,2018,336411,Aircraft Manufacturing,primary,39.325,>=$5M,2,32.5,False
602,Winnipeg,2018,336612,Boat Building,secondary,36.234,>=$5M,7,26.1,False
602,Winnipeg,2018,336992,"Military Armored Vehicle, Tank & Tank Cmpnnt Mfg",primary,,<$5M,<2,,True
602,Winnipeg,2018,336999,All Other Transportation Equipment Manufacturing,primary,,<$5M,<2,,True
602,Winnipeg,2018,541330,Engineering Services,secondary,389.623,>=$5M,161,10.5,False
602,Winnipeg,2018,541370,Surveying & Mapping (except Geophysical) Services,secondary,17.052,>=$5M,16,7.2,False
602,Winnipeg,2018,541511,Custom Computer Programming Services,secondary,19.458,>=$5M,19,4.9,False
602,Winnipeg,2018,ALL,All,all,631.165,>=$5M,217,10.5,False
602,Winnipeg,2018,PRIMARY,Primary,primary,46.925,>=$5M,5,15.8,False
602,Winnipeg,2018,SECONDARY,Secondary,secondary,584.24,>=$5M,212,10.3,False
602,Winnipeg,2019,331110,Iron & Steel Mills & Ferroalloy Manufacturing,secondary,121.873,>=$5M,9,11.9,False
602,Winnipeg,2019,334511,Search Detection & Navigation Instruments,primary,10.017,>=$5M,2,13.5,False
602,Winnipeg,2019,336411,Aircraft Manufacturing,primary,39.325,>=$5M,2,32.5,False
602,Winnipeg,2019,336612,Boat Building,secondary,36.234,>=$5M,7,26.1,False
602,Winnipeg,2019,336992,"Military Armored Vehicle, Tank & Tank Cmpnnt Mfg",primary,,<$5M,<2,,True
602,Winnipeg,2019,336999,All Other Transportation Equipment Manufacturing,primary,,<$5M,<2,,True
602,Winnipeg,2019,541330,Engineering Services,secondary,457.731,>=$5M,181,11.0,False
602,Winnipeg,2019,541370,Surveying & Mapping (except Geophysical) Services,secondary,19.404,>=$5M,18,7.3,False
602,Winnipeg,2019,541511,Custom Computer Programming Services,secondary,26.91,>=$5M,26,5.0,False
602,Winnipeg,2019,ALL,All,all,717.61,>=$5M,247,10.7,False
602,Winnipeg,2019,PRIMARY,Primary,primary,55.458,>=$5M,6,17.0,False
602,Winnipeg,2019,SECONDARY,Secondary,secondary,662.152,>=$5M,241,10.5,False
602,Winnipeg,2020,331110,Iron & Steel Mills & Ferroalloy Manufacturing,secondary,121.873,>=$5M,9,11.9,False
602,Winnipeg,2020,334511,Search Detection & Navigation Instruments,primary,10.017,>=$5M,2,13.5,False
602,Winnipeg,2020,336411,Aircraft Manufacturing,primary,39.325,>=$5M,2,32.5,False
602,Winnipeg,2020,336612,Boat Building,secondary,36.234,>=$5M,7,26.1,False
602,Winnipeg,2020,336992,"Military Armored Vehicle, Tank & Tank Cmpnnt Mfg",primary,,<$5M,<2,,True
602,Winnipeg,2020,336999,All Other Transportation Equipment Manufacturing,primary,,<$5M,<2,,True
602,Winnipeg,2020,541330,Engineering Services,secondary,463.171,>=$5M,181,11.1,False
602,Winnipeg,2020,541370,Surveying & Mapping (except Geophysical) Services,secondary,17.787,>=$5M,16,7.6,False
602,Winnipeg,2020,541511,Custom Computer Programming Services,secondary,28.98,>=$5M,27,5.2,False
602,Winnipeg,2020,ALL,All,all,723.503,>=$5M,246,10.8,False
602,Winnipeg,2020,PRIMARY,Primary,primary,55.458,>=$5M,6,17.0,False
602,Winnipeg,2020,SECONDARY,Secondary,secondary,668.045,>=$5M,240,10.7,False
602,Winnipeg,2021,331110,Iron and Steel Mills and Ferroalloy Manufacturing,secondary,99.093,>=$5M,8,10.9,False
602,Winnipeg,2021,334511,"Search, Detection, Navigation, Guidance, Aeronauti",primary,10.017,>=$5M,2,13.5,False
602,Winnipeg,2021,336411,Aircraft Manufacturing,primary,39.325,>=$5M,2,32.5,False
602,Winnipeg,2021,336612,Boat Building,secondary,36.234,>=$5M,7,26.1,False
602,Winnipeg,2021,336992,"Military Armored Vehicle, Tank, and Tank Component",primary,,<$5M,<2,,True
602,Winnipeg,2021,336999,All Other Transportation Equipment Manufacturing,primary,,<$5M,<2,,True
602,Winnipeg,2021,541330,Engineering Services,secondary,454.393,>=$5M,177,11.2,False
602,Winnipeg,2021,541370,Surveying and Mapping (except Geophysical) Service,secondary,17.787,>=$5M,16,7.6,False
602,Winnipeg,2021,541511,Custom Computer Programming Services,secondary,31.05,>=$5M,27,5.6,False
602,Winnipeg,2021,ALL,All,all,693.127,>=$5M,241,10.9,False
602,Winnipeg,2021,PRIMARY,Primary,primary,54.57,>=$5M,6,16.5,False
602,Winnipeg,2021,SECONDARY,Secondary,secondary,638.557,>=$5M,235,10.7,False
602,Winnipeg,2022,331110,Iron and Steel Mills and Ferroalloy Manufacturing,secondary,82.008,>=$5M,7,10.3,False
602,Winnipeg,2022,333310,Commercial and Service Industry Machinery Manufact,primary,64.195,>=$5M,26,7.7,False
602,Winnipeg,2022,334511,"Search, Detection, Navigation, Guidance, Aeronauti",primary,10.017,>=$5M,2,13.5,False
602,Winnipeg,2022,334610,Manufacturing and Reproducing Magnetic and Optical,secondary,4.093,<$5M,12,2.7,False
602,Winnipeg,2022,336411,Aircraft Manufacturing,primary,39.325,>=$5M,2,32.5,False
602,Winnipeg,2022,336612,Boat Building,secondary,36.234,>=$5M,7,26.1,False
602,Winnipeg,2022,336992,"Military Armored Vehicle, Tank, and Tank Component",primary,,<$5M,<2,,True
602,Winnipeg,2022,336999,All Other Transportation Equipment Manufacturing,primary,2.072,<$5M,2,9.5,False
602,Winnipeg,2022,541330,Engineering Services,secondary,476.361,>=$5M,194,10.2,False
602,Winnipeg,2022,541370,Surveying and Mapping (except Geophysical) Service,secondary,17.052,>=$5M,15,7.7,False
602,Winnipeg,2022,541511,Custom Computer Programming Services,secondary,31.878,>=$5M,27,5.6,False
602,Winnipeg,2022,ALL,All,all,768.167,>=$5M,295,9.7,False
602,Winnipeg,2022,PRIMARY,Primary,primary,120.541,>=$5M,33,9.6,False
602,Winnipeg,2022,SECONDARY,Secondary,secondary,647.626,>=$5M,262,9.7,False
602,Winnipeg,2023,331110,Iron and Steel Mills and Ferroalloy Manufacturing,secondary,63.393,>=$5M,6,10.0,False
602,Winnipeg,2023,333310,Commercial and Service Industry Machinery Manufact,primary,55.166,>=$5M,26,7.7,False
602,Winnipeg,2023,334511,"Search, Detection, Navigation, Guidance, Aeronauti",primary,12.249,>=$5M,3,15.7,False
602,Winnipeg,2023,334610,Manufacturing and Reproducing Magnetic and Optical,secondary,4.895,<$5M,12,2.7,False
602,Winnipeg,2023,336411,Aircraft Manufacturing,primary,39.325,>=$5M,2,32.5,False
602,Winnipeg,2023,336612,Boat Building,secondary,36.234,>=$5M,7,26.1,False
602,Winnipeg,2023,336992,"Military Armored Vehicle, Tank, and Tank Component",primary,,<$5M,<2,,True
602,Winnipeg,2023,336999,All Other Transportation Equipment Manufacturing,primary,2.006,<$5M,2,9.5,False
602,Winnipeg,2023,541330,Engineering Services,secondary,362.395,>=$5M,191,8.4,False
602,Winnipeg,2023,541370,Surveying and Mapping (except Geophysical) Service,secondary,15.159,>=$5M,15,7.7,False
602,Winnipeg,2023,541511,Custom Computer Programming Services,secondary,38.217,>=$5M,25,7.5,False
602,Winnipeg,2023,ALL,All,all,633.971,>=$5M,290,8.7,False
602,Winnipeg,2023,PRIMARY,Primary,primary,113.678,>=$5M,34,9.9,False
602,Winnipeg,2023,SECONDARY,Secondary,secondary,520.293,>=$5M,256,8.5,False
602,Winnipeg,2024,331110,Iron and Steel Mills and Ferroalloy Manufacturing,secondary,34.148,>=$5M,4,13.2,False
602,Winnipeg,2024,332994,"Small Arms, Ordnance, and Ordnance Accessories Man",primary,,>=$5M,<2,,True
602,Winnipeg,2024,333310,Commercial and Service Industry Machinery Manufact,primary,31.727,>=$5M,23,7.7,False
602,Winnipeg,2024,334511,"Search, Detection, Navigation, Guidance, Aeronauti",primary,15.976,>=$5M,3,22.7,False
602,Winnipeg,2024,334610,Manufacturing and Reproducing Magnetic and Optical,secondary,10.779,>=$5M,12,4.0,False
602,Winnipeg,2024,336411,Aircraft Manufacturing,primary,,>=$5M,<2,,True
602,Winnipeg,2024,336612,Boat Building,secondary,36.874,>=$5M,6,42.5,False
602,Winnipeg,2024,336992,"Military Armored Vehicle, Tank, and Tank Component",primary,,<$5M,<2,,True
602,Winnipeg,2024,336999,All Other Transportation Equipment Manufacturing,primary,12.168,>=$5M,2,26.5,False
602,Winnipeg,2024,541330,Engineering Services,secondary,430.44,>=$5M,190,11.7,False
602,Winnipeg,2024,541370,Surveying and Mapping (except Geophysical) Service,secondary,9.853,>=$5M,14,7.1,False
602,Winnipeg,2024,541511,Custom Computer Programming Services,secondary,47.353,>=$5M,35,8.9,False
602,Winnipeg,2024,ALL,All,all,657.131,>=$5M,292,11.5,False
602,Winnipeg,2024,PRIMARY,Primary,primary,87.684,>=$5M,31,12.4,False
602,Winnipeg,2024,SECONDARY,Secondary,secondary,569.447,>=$5M,261,11.4,False
602,Winnipeg,2025,331110,Iron and Steel Mills and Ferroalloy Manufacturing,secondary,34.792,>=$5M,4,13.5,False
602,Winnipeg,2025,332994,"Small Arms, Ordnance, and Ordnance Accessories Man",primary,,<$5M,<2,,True
602,Winnipeg,2025,333310,Commercial and Service Industry Machinery Manufact,primary,32.17,>=$5M,23,7.9,False
602,Winnipeg,2025,334511,"Search, Detection, Navigation, Guidance, Aeronauti",primary,15.976,>=$5M,3,22.7,False
602,Winnipeg,2025,334610,Manufacturing and Reproducing Magnetic and Optical,secondary,10.779,>=$5M,12,4.0,False
602,Winnipeg,2025,336411,Aircraft Manufacturing,primary,,>=$5M,<2,,True
602,Winnipeg,2025,336612,Boat Building,secondary,35.718,>=$5M,6,41.2,False
602,Winnipeg,2025,336992,"Military Armored Vehicle, Tank, and Tank Component",primary,,<$5M,<2,,True
602,Winnipeg,2025,336999,All Other Transportation Equipment Manufacturing,primary,12.168,>=$5M,2,26.5,False
602,Winnipeg,2025,541330,Engineering Services,secondary,428.098,>=$5M,189,11.7,False
602,Winnipeg,2025,541370,Surveying and Mapping (except Geophysical) Service,secondary,9.853,>=$5M,14,7.1,False
602,Winnipeg,2025,541511,Custom Computer Programming Services,secondary,51.778,>=$5M,40,8.6,False
602,Winnipeg,2025,ALL,All,all,654.638,>=$5M,296,11.4,False
602,Winnipeg,2025,PRIMARY,Primary,primary,83.62,>=$5M,31,12.0,False
602,Winnipeg,2025,SECONDARY,Secondary,secondary,571.018,>=$5M,265,11.3,False
860,Wood Buffalo,2017,331110,Iron & Steel Mills & Ferroalloy Manufacturing,secondary,,>=$5M,<2,,True
860,Wood Buffalo,2017,336611,Ship Building & Repairing,secondary,,<$5M,<2,,True
860,Wood Buffalo,2017,541330,Engineering Services,secondary,72.996,>=$5M,13,24.3,False
860,Wood Buffalo,2017,541370,Surveying & Mapping (except Geophysical) Services,secondary,13.965,>=$5M,8,11.9,False
860,Wood Buffalo,2017,ALL,All,all,94.432,>=$5M,23,18.4,False
860,Wood Buffalo,2017,SECONDARY,Secondary,secondary,94.432,>=$5M,23,18.4,False
860,Wood Buffalo,2018,331110,Iron & Steel Mills & Ferroalloy Manufacturing,secondary,,>=$5M,<2,,True
860,Wood Buffalo,2018,336611,Ship Building & Repairing,secondary,,<$5M,<2,,True
860,Wood Buffalo,2018,541330,Engineering Services,secondary,30.492,>=$5M,14,9.4,False
860,Wood Buffalo,2018,541370,Surveying & Mapping (except Geophysical) Services,secondary,13.965,>=$5M,8,11.9,False
860,Wood Buffalo,2018,ALL,All,all,51.928,>=$5M,24,10.0,False
860,Wood Buffalo,2018,SECONDARY,Secondary,secondary,51.928,>=$5M,24,10.0,False
860,Wood Buffalo,2019,331110,Iron & Steel Mills & Ferroalloy Manufacturing,secondary,,>=$5M,<2,,True
860,Wood Buffalo,2019,336611,Ship Building & Repairing,secondary,,<$5M,<2,,True
860,Wood Buffalo,2019,541330,Engineering Services,secondary,52.668,>=$5M,23,9.9,False
860,Wood Buffalo,2019,541370,Surveying & Mapping (except Geophysical) Services,secondary,16.023,>=$5M,10,10.9,False
860,Wood Buffalo,2019,ALL,All,all,76.162,>=$5M,35,10.0,False
860,Wood Buffalo,2019,SECONDARY,Secondary,secondary,76.162,>=$5M,35,10.0,False
860,Wood Buffalo,2020,331110,Iron & Steel Mills & Ferroalloy Manufacturing,secondary,,>=$5M,<2,,True
860,Wood Buffalo,2020,336611,Ship Building & Repairing,secondary,,<$5M,<2,,True
860,Wood Buffalo,2020,541330,Engineering Services,secondary,54.978,>=$5M,23,10.3,False
860,Wood Buffalo,2020,541370,Surveying & Mapping (except Geophysical) Services,secondary,16.023,>=$5M,10,10.9,False
860,Wood Buffalo,2020,ALL,All,all,78.472,>=$5M,35,10.3,False
860,Wood Buffalo,2020,SECONDARY,Secondary,secondary,78.472,>=$5M,35,10.3,False
860,Wood Buffalo,2021,331110,Iron and Steel Mills and Ferroalloy Manufacturing,secondary,,>=$5M,<2,,True
860,Wood Buffalo,2021,336611,Ship Building and Repairing,secondary,,<$5M,<2,,True
860,Wood Buffalo,2021,541330,Engineering Services,secondary,50.589,>=$5M,22,10.0,False
860,Wood Buffalo,2021,541370,Surveying and Mapping (except Geophysical) Service,secondary,16.023,>=$5M,10,10.9,False
860,Wood Buffalo,2021,ALL,All,all,74.083,>=$5M,34,10.0,False
860,Wood Buffalo,2021,SECONDARY,Secondary,secondary,74.083,>=$5M,34,10.0,False
860,Wood Buffalo,2022,331110,Iron and Steel Mills and Ferroalloy Manufacturing,secondary,,>=$5M,<2,,True
860,Wood Buffalo,2022,336611,Ship Building and Repairing,secondary,,<$5M,<2,,True
860,Wood Buffalo,2022,541330,Engineering Services,secondary,55.44,>=$5M,24,8.8,False
860,Wood Buffalo,2022,541370,Surveying and Mapping (except Geophysical) Service,secondary,16.023,>=$5M,10,10.9,False
860,Wood Buffalo,2022,ALL,All,all,78.934,>=$5M,36,9.2,False
860,Wood Buffalo,2022,SECONDARY,Secondary,secondary,78.934,>=$5M,36,9.2,False
860,Wood Buffalo,2023,331110,Iron and Steel Mills and Ferroalloy Manufacturing,secondary,,>=$5M,<2,,True
860,Wood Buffalo,2023,336611,Ship Building and Repairing,secondary,,<$5M,<2,,True
860,Wood Buffalo,2023,541330,Engineering Services,secondary,44.165,>=$5M,18,9.4,False
860,Wood Buffalo,2023,541370,Surveying and Mapping (except Geophysical) Service,secondary,16.023,>=$5M,10,10.9,False
860,Wood Buffalo,2023,541511,Custom Computer Programming Services,secondary,,<$5M,<2,,True
860,Wood Buffalo,2023,ALL,All,all,68.694,>=$5M,31,9.6,False
860,Wood Buffalo,2023,SECONDARY,Secondary,secondary,68.694,>=$5M,31,9.6,False
860,Wood Buffalo,2024,331110,Iron and Steel Mills and Ferroalloy Manufacturing,secondary,,<$5M,<2,,True
860,Wood Buffalo,2024,336611,Ship Building and Repairing,secondary,,<$5M,<2,,True
860,Wood Buffalo,2024,541330,Engineering Services,secondary,41.132,>=$5M,19,11.1,False
860,Wood Buffalo,2024,541370,Surveying and Mapping (except Geophysical) Service,secondary,4.534,<$5M,10,4.5,False
860,Wood Buffalo,2024,541511,Custom Computer Programming Services,secondary,8.378,>=$5M,2,37.0,False
860,Wood Buffalo,2024,ALL,All,all,60.604,>=$5M,33,10.5,False
860,Wood Buffalo,2024,SECONDARY,Secondary,secondary,60.604,>=$5M,33,10.5,False
860,Wood Buffalo,2025,331110,Iron and Steel Mills and Ferroalloy Manufacturing,secondary,,<$5M,<2,,True
860,Wood Buffalo,2025,336611,Ship Building and Repairing,secondary,,<$5M,<2,,True
860,Wood Buffalo,2025,541330,Engineering Services,secondary,42.691,>=$5M,20,11.0,False
860,Wood Buffalo,2025,541370,Surveying and Mapping (except Geophysical) Service,secondary,3.548,<$5M,7,5.1,False
860,Wood Buffalo,2025,541511,Custom Computer Programming Services,secondary,11.968,>=$5M,2,40.0,False
860,Wood Buffalo,2025,ALL,All,all,65.046,>=$5M,31,11.4,False
860,Wood Buffalo,2025,SECONDARY,Secondary,secondary,65.046,>=$5M,31,11.4,False
544,Woodstock,2017,331110,Iron & Steel Mills & Ferroalloy Manufacturing,secondary,43.282,>=$5M,2,19.0,False
544,Woodstock,2017,541330,Engineering Services,secondary,3.726,<$5M,4,4.2,False
544,Woodstock,2017,541370,Surveying & Mapping (except Geophysical) Services,secondary,2.793,<$5M,3,6.3,False
544,Woodstock,2017,ALL,All,all,49.801,>=$5M,9,8.2,False
544,Woodstock,2017,SECONDARY,Secondary,secondary,49.801,>=$5M,9,8.2,False
544,Woodstock,2018,331110,Iron & Steel Mills & Ferroalloy Manufacturing,secondary,43.282,>=$5M,2,19.0,False
544,Woodstock,2018,541330,Engineering Services,secondary,3.726,<$5M,4,4.2,False
544,Woodstock,2018,541370,Surveying & Mapping (except Geophysical) Services,secondary,2.793,<$5M,3,6.3,False
544,Woodstock,2018,ALL,All,all,49.801,>=$5M,9,8.2,False
544,Woodstock,2018,SECONDARY,Secondary,secondary,49.801,>=$5M,9,8.2,False
544,Woodstock,2019,331110,Iron & Steel Mills & Ferroalloy Manufacturing,secondary,43.282,>=$5M,2,19.0,False
544,Woodstock,2019,334511,Search Detection & Navigation Instruments,primary,,<$5M,<2,,True
544,Woodstock,2019,541330,Engineering Services,secondary,3.726,<$5M,4,4.2,False
544,Woodstock,2019,541370,Surveying & Mapping (except Geophysical) Services,secondary,2.058,<$5M,3,4.7,False
544,Woodstock,2019,541511,Custom Computer Programming Services,secondary,,<$5M,<2,,True
544,Woodstock,2019,ALL,All,all,50.472,>=$5M,11,6.8,False
544,Woodstock,2019,PRIMARY,Primary,primary,,<$5M,<2,,True
544,Woodstock,2019,SECONDARY,Secondary,secondary,50.101,>=$5M,10,7.4,False
544,Woodstock,2020,331110,Iron & Steel Mills & Ferroalloy Manufacturing,secondary,43.282,>=$5M,2,19.0,False
544,Woodstock,2020,334511,Search Detection & Navigation Instruments,primary,,<$5M,<2,,True
544,Woodstock,2020,541330,Engineering Services,secondary,3.89,<$5M,4,4.5,False
544,Woodstock,2020,541370,Surveying & Mapping (except Geophysical) Services,secondary,2.058,<$5M,3,4.7,False
544,Woodstock,2020,541511,Custom Computer Programming Services,secondary,,<$5M,<2,,True
544,Woodstock,2020,ALL,All,all,50.636,>=$5M,11,6.9,False
544,Woodstock,2020,PRIMARY,Primary,primary,,<$5M,<2,,True
544,Woodstock,2020,SECONDARY,Secondary,secondary,50.265,>=$5M,10,7.5,False
544,Woodstock,2021,331110,Iron and Steel Mills and Ferroalloy Manufacturing,secondary,43.282,>=$5M,2,19.0,False
544,Woodstock,2021,334511,"Search, Detection, Navigation, Guidance, Aeronauti",primary,,<$5M,<2,,True
544,Woodstock,2021,541330,Engineering Services,secondary,3.89,<$5M,4,4.5,False
544,Woodstock,2021,541370,Surveying and Mapping (except Geophysical) Service,secondary,2.058,<$5M,3,4.7,False
544,Woodstock,2021,541511,Custom Computer Programming Services,secondary,,<$5M,<2,,True
544,Woodstock,2021,ALL,All,all,50.636,>=$5M,11,6.9,False
544,Woodstock,2021,PRIMARY,Primary,primary,,<$5M,<2,,True
544,Woodstock,2021,SECONDARY,Secondary,secondary,50.265,>=$5M,10,7.5,False
544,Woodstock,2022,331110,Iron and Steel Mills and Ferroalloy Manufacturing,secondary,43.282,>=$5M,2,19.0,False
544,Woodstock,2022,333310,Commercial and Service Industry Machinery Manufact,primary,5.852,>=$5M,2,9.5,False
544,Woodstock,2022,334511,"Search, Detection, Navigation, Guidance, Aeronauti",primary,,<$5M,<2,,True
544,Woodstock,2022,541330,Engineering Services,secondary,3.89,<$5M,4,4.5,False
544,Woodstock,2022,541370,Surveying and Mapping (except Geophysical) Service,secondary,2.058,<$5M,3,4.7,False
544,Woodstock,2022,541511,Custom Computer Programming Services,secondary,,<$5M,<2,,True
544,Woodstock,2022,ALL,All,all,56.488,>=$5M,13,7.3,False
544,Woodstock,2022,PRIMARY,Primary,primary,6.223,>=$5M,3,6.7,False
544,Woodstock,2022,SECONDARY,Secondary,secondary,50.265,>=$5M,10,7.5,False
544,Woodstock,2023,331110,Iron and Steel Mills and Ferroalloy Manufacturing,secondary,,>=$5M,<2,,True
544,Woodstock,2023,333310,Commercial and Service Industry Machinery Manufact,primary,5.852,>=$5M,2,9.5,False
544,Woodstock,2023,334511,"Search, Detection, Navigation, Guidance, Aeronauti",primary,,<$5M,<2,,True
544,Woodstock,2023,541330,Engineering Services,secondary,3.89,<$5M,4,4.5,False
544,Woodstock,2023,541370,Surveying and Mapping (except Geophysical) Service,secondary,2.058,<$5M,3,4.7,False
544,Woodstock,2023,541511,Custom Computer Programming Services,secondary,,<$5M,<2,,True
544,Woodstock,2023,ALL,All,all,47.376,>=$5M,12,7.2,False
544,Woodstock,2023,PRIMARY,Primary,primary,6.223,>=$5M,3,6.7,False
544,Woodstock,2023,SECONDARY,Secondary,secondary,41.153,>=$5M,9,7.4,False
544,Woodstock,2024,331110,Iron and Steel Mills and Ferroalloy Manufacturing,secondary,,>=$5M,<2,,True
544,Woodstock,2024,333310,Commercial and Service Industry Machinery Manufact,primary,3.268,<$5M,2,9.5,False
544,Woodstock,2024,334511,"Search, Detection, Navigation, Guidance, Aeronauti",primary,,<$5M,<2,,True
544,Woodstock,2024,541330,Engineering Services,secondary,3.207,<$5M,4,4.5,False
544,Woodstock,2024,541370,Surveying and Mapping (except Geophysical) Service,secondary,,<$5M,<2,,True
544,Woodstock,2024,541511,Custom Computer Programming Services,secondary,,>=$5M,<2,,True
544,Woodstock,2024,ALL,All,all,31.869,>=$5M,10,10.8,False
544,Woodstock,2024,PRIMARY,Primary,primary,3.503,<$5M,3,6.7,False
544,Woodstock,2024,SECONDARY,Secondary,secondary,28.366,>=$5M,7,12.6,False
544,Woodstock,2025,331110,Iron and Steel Mills and Ferroalloy Manufacturing,secondary,,>=$5M,<2,,True
544,Woodstock,2025,333310,Commercial and Service Industry Machinery Manufact,primary,3.268,<$5M,2,9.5,False
544,Woodstock,2025,334511,"Search, Detection, Navigation, Guidance, Aeronauti",primary,,<$5M,<2,,True
544,Woodstock,2025,541330,Engineering Services,secondary,3.207,<$5M,4,4.5,False
544,Woodstock,2025,541370,Surveying and Mapping (except Geophysical) Service,secondary,,<$5M,<2,,True
544,Woodstock,2025,541511,Custom Computer Programming Services,secondary,,>=$5M,<2,,True
544,Woodstock,2025,ALL,All,all,31.869,>=$5M,10,10.8,False
544,Woodstock,2025,PRIMARY,Primary,primary,3.503,<$5M,3,6.7,False
544,Woodstock,2025,SECONDARY,Secondary,secondary,28.366,>=$5M,7,12.6,False
995,Yellowknife,2017,541330,Engineering Services,secondary,7.161,>=$5M,5,6.2,False
995,Yellowknife,2017,541370,Surveying & Mapping (except Geophysical) Services,secondary,0.441,<$5M,3,1.0,False
995,Yellowknife,2017,541511,Custom Computer Programming Services,secondary,,<$5M,<2,,True
995,Yellowknife,2017,ALL,All,all,8.43,>=$5M,9,4.2,False
995,Yellowknife,2017,SECONDARY,Secondary,secondary,8.43,>=$5M,9,4.2,False
995,Yellowknife,2018,541330,Engineering Services,secondary,10.857,>=$5M,9,5.2,False
995,Yellowknife,2018,541370,Surveying & Mapping (except Geophysical) Services,secondary,7.644,>=$5M,6,8.7,False
995,Yellowknife,2018,541511,Custom Computer Programming Services,secondary,,<$5M,<2,,True
995,Yellowknife,2018,ALL,All,all,19.329,>=$5M,16,6.4,False
995,Yellowknife,2018,SECONDARY,Secondary,secondary,19.329,>=$5M,16,6.4,False
995,Yellowknife,2019,325920,Explosives Manufacturing,primary,,<$5M,<2,,True
995,Yellowknife,2019,541330,Engineering Services,secondary,14.553,>=$5M,13,4.8,False
995,Yellowknife,2019,541370,Surveying & Mapping (except Geophysical) Services,secondary,7.644,>=$5M,6,8.7,False
995,Yellowknife,2019,541511,Custom Computer Programming Services,secondary,,<$5M,<2,,True
995,Yellowknife,2019,ALL,All,all,24.317,>=$5M,21,5.9,False
995,Yellowknife,2019,PRIMARY,Primary,primary,,<$5M,<2,,True
995,Yellowknife,2019,SECONDARY,Secondary,secondary,23.025,>=$5M,20,6.0,False
995,Yellowknife,2020,325920,Explosives Manufacturing,primary,,<$5M,<2,,True
995,Yellowknife,2020,541330,Engineering Services,secondary,22.638,>=$5M,14,7.0,False
995,Yellowknife,2020,541370,Surveying & Mapping (except Geophysical) Services,secondary,7.644,>=$5M,6,8.7,False
995,Yellowknife,2020,541511,Custom Computer Programming Services,secondary,,<$5M,<2,,True
995,Yellowknife,2020,ALL,All,all,32.402,>=$5M,22,7.2,False
995,Yellowknife,2020,PRIMARY,Primary,primary,,<$5M,<2,,True
995,Yellowknife,2020,SECONDARY,Secondary,secondary,31.11,>=$5M,21,7.3,False
995,Yellowknife,2021,325920,Explosives Manufacturing,primary,,<$5M,<2,,True
995,Yellowknife,2021,541330,Engineering Services,secondary,11.781,>=$5M,12,4.0,False
995,Yellowknife,2021,541370,Surveying and Mapping (except Geophysical) Service,secondary,7.644,>=$5M,6,8.7,False
995,Yellowknife,2021,541511,Custom Computer Programming Services,secondary,,<$5M,<2,,True
995,Yellowknife,2021,ALL,All,all,21.545,>=$5M,20,5.4,False
995,Yellowknife,2021,PRIMARY,Primary,primary,,<$5M,<2,,True
995,Yellowknife,2021,SECONDARY,Secondary,secondary,20.253,>=$5M,19,5.5,False
995,Yellowknife,2022,325920,Explosives Manufacturing,primary,,<$5M,<2,,True
995,Yellowknife,2022,333310,Commercial and Service Industry Machinery Manufact,primary,,<$5M,<2,,True
995,Yellowknife,2022,541330,Engineering Services,secondary,11.55,>=$5M,11,4.3,False
995,Yellowknife,2022,541370,Surveying and Mapping (except Geophysical) Service,secondary,7.644,>=$5M,6,8.7,False
995,Yellowknife,2022,541511,Custom Computer Programming Services,secondary,,<$5M,<2,,True
995,Yellowknife,2022,ALL,All,all,23.636,>=$5M,20,5.6,False
995,Yellowknife,2022,PRIMARY,Primary,primary,3.614,<$5M,2,5.0,False
995,Yellowknife,2022,SECONDARY,Secondary,secondary,20.022,>=$5M,18,5.7,False
995,Yellowknife,2023,333310,Commercial and Service Industry Machinery Manufact,primary,,<$5M,<2,,True
995,Yellowknife,2023,541330,Engineering Services,secondary,10.071,>=$5M,10,4.2,False
995,Yellowknife,2023,541370,Surveying and Mapping (except Geophysical) Service,secondary,7.548,>=$5M,6,8.7,False
995,Yellowknife,2023,541511,Custom Computer Programming Services,secondary,,<$5M,<2,,True
995,Yellowknife,2023,ALL,All,all,20.769,>=$5M,18,5.8,False
995,Yellowknife,2023,PRIMARY,Primary,primary,,<$5M,<2,,True
995,Yellowknife,2023,SECONDARY,Secondary,secondary,18.447,>=$5M,17,5.8,False
995,Yellowknife,2024,333310,Commercial and Service Industry Machinery Manufact,primary,,<$5M,<2,,True
995,Yellowknife,2024,541330,Engineering Services,secondary,15.596,>=$5M,11,7.3,False
995,Yellowknife,2024,541370,Surveying and Mapping (except Geophysical) Service,secondary,0.593,<$5M,4,1.5,False
995,Yellowknife,2024,541511,Custom Computer Programming Services,secondary,,<$5M,<2,,True
995,Yellowknife,2024,ALL,All,all,17.617,>=$5M,17,5.5,False
995,Yellowknife,2024,PRIMARY,Primary,primary,,<$5M,<2,,True
995,Yellowknife,2024,SECONDARY,Secondary,secondary,16.489,>=$5M,16,5.5,False
995,Yellowknife,2025,333310,Commercial and Service Industry Machinery Manufact,primary,,<$5M,<2,,True
995,Yellowknife,2025,541330,Engineering Services,secondary,18.52,>=$5M,12,7.9,False
995,Yellowknife,2025,541370,Surveying and Mapping (except Geophysical) Service,secondary,0.593,<$5M,4,1.5,False
995,Yellowknife,2025,541511,Custom Computer Programming Services,secondary,,<$5M,<2,,True
995,Yellowknife,2025,ALL,All,all,20.541,>=$5M,18,6.1,False
995,Yellowknife,2025,PRIMARY,Primary,primary,,<$5M,<2,,True
995,Yellowknife,2025,SECONDARY,Secondary,secondary,19.413,>=$5M,17,6.1,False
710,Yorkton,2017,541330,Engineering Services,secondary,3.003,<$5M,4,3.2,False
710,Yorkton,2017,ALL,All,all,3.003,<$5M,4,3.2,False
710,Yorkton,2017,SECONDARY,Secondary,secondary,3.003,<$5M,4,3.2,False
710,Yorkton,2018,541330,Engineering Services,secondary,3.003,<$5M,4,3.2,False
710,Yorkton,2018,ALL,All,all,3.003,<$5M,4,3.2,False
710,Yorkton,2018,SECONDARY,Secondary,secondary,3.003,<$5M,4,3.2,False
710,Yorkton,2019,541330,Engineering Services,secondary,3.003,<$5M,4,3.2,False
710,Yorkton,2019,541370,Surveying & Mapping (except Geophysical) Services,secondary,,<$5M,<2,,True
710,Yorkton,2019,ALL,All,all,4.767,<$5M,5,5.0,False
710,Yorkton,2019,SECONDARY,Secondary,secondary,4.767,<$5M,5,5.0,False
710,Yorkton,2020,541330,Engineering Services,secondary,3.003,<$5M,4,3.2,False
710,Yorkton,2020,541370,Surveying & Mapping (except Geophysical) Services,secondary,,<$5M,<2,,True
710,Yorkton,2020,ALL,All,all,4.767,<$5M,5,5.0,False
710,Yorkton,2020,SECONDARY,Secondary,secondary,4.767,<$5M,5,5.0,False
710,Yorkton,2021,541330,Engineering Services,secondary,3.003,<$5M,4,3.2,False
710,Yorkton,2021,541370,Surveying and Mapping (except Geophysical) Service,secondary,,<$5M,<2,,True
710,Yorkton,2021,ALL,All,all,4.767,<$5M,5,5.0,False
710,Yorkton,2021,SECONDARY,Secondary,secondary,4.767,<$5M,5,5.0,False
710,Yorkton,2022,333310,Commercial and Service Industry Machinery Manufact,primary,,<$5M,<2,,True
710,Yorkton,2022,541330,Engineering Services,secondary,3.003,<$5M,4,3.2,False
710,Yorkton,2022,541370,Surveying and Mapping (except Geophysical) Service,secondary,,<$5M,<2,,True
710,Yorkton,2022,ALL,All,all,7.231,>=$5M,6,5.5,False
710,Yorkton,2022,PRIMARY,Primary,primary,,<$5M,<2,,True
710,Yorkton,2022,SECONDARY,Secondary,secondary,4.767,<$5M,5,5.0,False
710,Yorkton,2023,333310,Commercial and Service Industry Machinery Manufact,primary,,<$5M,<2,,True
710,Yorkton,2023,541330,Engineering Services,secondary,3.003,<$5M,4,3.8,False
710,Yorkton,2023,ALL,All,all,5.467,>=$5M,5,4.6,False
710,Yorkton,2023,PRIMARY,Primary,primary,,<$5M,<2,,True
710,Yorkton,2023,SECONDARY,Secondary,secondary,3.003,<$5M,4,3.8,False
710,Yorkton,2024,333310,Commercial and Service Industry Machinery Manufact,primary,,<$5M,<2,,True
710,Yorkton,2024,541330,Engineering Services,secondary,,<$5M,<2,,True
710,Yorkton,2024,ALL,All,all,1.961,<$5M,2,5.5,False
710,Yorkton,2024,PRIMARY,Primary,primary,,<$5M,<2,,True
710,Yorkton,2024,SECONDARY,Secondary,secondary,,<$5M,<2,,True
710,Yorkton,2025,333310,Commercial and Service Industry Machinery Manufact,primary,,<$5M,<2,,True
710,Yorkton,2025,541330,Engineering Services,secondary,,<$5M,<2,,True
710,Yorkton,2025,ALL,All,all,1.961,<$5M,2,5.5,False
710,Yorkton,2025,PRIMARY,Primary,primary,,<$5M,<2,,True
710,Yorkton,2025,SECONDARY,Secondary,secondary,,<$5M,<2,,True
