region_uid,region_name,year,tier,object_cluster,total_value,n_contracts,n_vendors
10,Newfoundland and Labrador,2016,ALL,ALL,843738.7000000001,26,13
10,Newfoundland and Labrador,2017,ALL,ALL,12415783.92,198,60
10,Newfoundland and Labrador,2018,ALL,ALL,13736873.41,171,69
10,Newfoundland and Labrador,2019,ALL,ALL,14453875.23,167,64
10,Newfoundland and Labrador,2020,ALL,ALL,35630461.81,126,69
10,Newfoundland and Labrador,2021,ALL,ALL,18899126.86,177,64
10,Newfoundland and Labrador,2022,ALL,ALL,67575003.16,218,81
10,Newfoundland and Labrador,2023,ALL,ALL,65498072.23,202,63
10,Newfoundland and Labrador,2024,ALL,ALL,96257772.16,198,57
10,Newfoundland and Labrador,2025,ALL,ALL,44775455.19,591,161
10,Newfoundland and Labrador,2026,ALL,ALL,15338846.88,300,105
11,Prince Edward Island,2016,ALL,ALL,51189.3,2,2
11,Prince Edward Island,2017,ALL,ALL,72066.91,3,3
11,Prince Edward Island,2018,ALL,ALL,1867118.91,11,11
11,Prince Edward Island,2019,ALL,ALL,781527.78,13,12
11,Prince Edward Island,2020,ALL,ALL,10119609.93,15,12
11,Prince Edward Island,2021,ALL,ALL,1990755.85,28,12
11,Prince Edward Island,2022,ALL,ALL,1255694.67,22,11
11,Prince Edward Island,2023,ALL,ALL,1810702.01,32,19
11,Prince Edward Island,2024,ALL,ALL,610314.75,19,10
11,Prince Edward Island,2025,ALL,ALL,2141187.99,28,19
11,Prince Edward Island,2026,ALL,ALL,345119.12,7,3
12,Nova Scotia,2016,ALL,ALL,21253086.04,111,54
12,Nova Scotia,2017,ALL,ALL,258763514.35,818,244
12,Nova Scotia,2018,ALL,ALL,165597350.8,1068,270
12,Nova Scotia,2019,ALL,ALL,1494586910.23,968,267
12,Nova Scotia,2020,ALL,ALL,703618478.17,1031,251
12,Nova Scotia,2021,ALL,ALL,934506717.03,1229,297
12,Nova Scotia,2022,ALL,ALL,221574113.69,1393,352
12,Nova Scotia,2023,ALL,ALL,451487763.04,1638,440
12,Nova Scotia,2024,ALL,ALL,3897231466.74,1548,415
12,Nova Scotia,2025,ALL,ALL,11071250646.93,2072,520
12,Nova Scotia,2026,ALL,ALL,46947018.9,586,237
13,New Brunswick,2016,ALL,ALL,6278317.45,171,34
13,New Brunswick,2017,ALL,ALL,41524536.73,594,116
13,New Brunswick,2018,ALL,ALL,49804358.96,660,127
13,New Brunswick,2019,ALL,ALL,88146814.54,614,127
13,New Brunswick,2020,ALL,ALL,57263510.44,542,123
13,New Brunswick,2021,ALL,ALL,175814671.66,620,153
13,New Brunswick,2022,ALL,ALL,89811335.63,654,181
13,New Brunswick,2023,ALL,ALL,253974460.7,813,212
13,New Brunswick,2024,ALL,ALL,97344546.23,841,203
13,New Brunswick,2025,ALL,ALL,211446420,1032,270
13,New Brunswick,2026,ALL,ALL,23719031.69,248,90
24,Quebec,2016,ALL,ALL,225016652.66,189,102
24,Quebec,2017,ALL,ALL,2409587161.23,1706,589
24,Quebec,2018,ALL,ALL,582573251.78,2536,770
24,Quebec,2019,ALL,ALL,4759638737.93,2258,675
24,Quebec,2020,ALL,ALL,1085369382.91,1711,617
24,Quebec,2021,ALL,ALL,619048572.75,2140,636
24,Quebec,2022,ALL,ALL,2350776499.55,2435,790
24,Quebec,2023,ALL,ALL,3850630255.15,2492,944
24,Quebec,2024,ALL,ALL,909774946.18,2706,933
24,Quebec,2025,ALL,ALL,2014126356.37,3841,1167
24,Quebec,2026,ALL,ALL,1911246349.73,1116,496
35,Ontario,2016,ALL,ALL,339051850.77,521,270
35,Ontario,2017,ALL,ALL,2680250565.82,4587,1312
35,Ontario,2018,ALL,ALL,2167543293.23,5608,1583
35,Ontario,2019,ALL,ALL,1116819684.5,4959,1483
35,Ontario,2020,ALL,ALL,1244645178.81,4491,1381
35,Ontario,2021,ALL,ALL,1298294220.64,5032,1438
35,Ontario,2022,ALL,ALL,2705375487.28,5530,1733
35,Ontario,2023,ALL,ALL,3774867295.77,6228,2055
35,Ontario,2024,ALL,ALL,14073979315.82,5618,1891
35,Ontario,2025,ALL,ALL,2445390643.28,7629,2330
35,Ontario,2026,ALL,ALL,942913954.12,2036,928
46,Manitoba,2016,ALL,ALL,9039736.65,35,15
46,Manitoba,2017,ALL,ALL,67060585.15,405,105
46,Manitoba,2018,ALL,ALL,97726677.51,578,137
46,Manitoba,2019,ALL,ALL,32827621.96,357,114
46,Manitoba,2020,ALL,ALL,49413647.9,374,108
46,Manitoba,2021,ALL,ALL,37490189.85,413,120
46,Manitoba,2022,ALL,ALL,90256607.03,454,130
46,Manitoba,2023,ALL,ALL,95027899.31,587,223
46,Manitoba,2024,ALL,ALL,26871083.13,416,176
46,Manitoba,2025,ALL,ALL,47376071.76,609,211
46,Manitoba,2026,ALL,ALL,64051118.96,193,89
47,Saskatchewan,2016,ALL,ALL,510440.89,9,7
47,Saskatchewan,2017,ALL,ALL,15104044.209999999,94,57
47,Saskatchewan,2018,ALL,ALL,5875682.61,168,65
47,Saskatchewan,2019,ALL,ALL,7131019.9,141,48
47,Saskatchewan,2020,ALL,ALL,17655595.22,168,63
47,Saskatchewan,2021,ALL,ALL,10458812.2,174,67
47,Saskatchewan,2022,ALL,ALL,4505673084.53,262,91
47,Saskatchewan,2023,ALL,ALL,70183001.98,223,90
47,Saskatchewan,2024,ALL,ALL,17732488.89,135,67
47,Saskatchewan,2025,ALL,ALL,26189727.72,212,75
47,Saskatchewan,2026,ALL,ALL,4056896.93,43,36
48,Alberta,2016,ALL,ALL,7196766.7,167,68
48,Alberta,2017,ALL,ALL,761739941.49,1627,419
48,Alberta,2018,ALL,ALL,276313224.01,2097,496
48,Alberta,2019,ALL,ALL,210058358.48,2049,450
48,Alberta,2020,ALL,ALL,319502118.32,1567,421
48,Alberta,2021,ALL,ALL,299067724.53,2030,442
48,Alberta,2022,ALL,ALL,307856904.57,2032,497
48,Alberta,2023,ALL,ALL,322105738.7,2115,581
48,Alberta,2024,ALL,ALL,333557757.1,1718,509
48,Alberta,2025,ALL,ALL,229562188.95,2070,598
48,Alberta,2026,ALL,ALL,39124332.89,434,209
59,British Columbia,2016,ALL,ALL,11406101.29,101,64
59,British Columbia,2017,ALL,ALL,493421028.74,1069,326
59,British Columbia,2018,ALL,ALL,378415218.97,1520,396
59,British Columbia,2019,ALL,ALL,1412419623.6,1364,347
59,British Columbia,2020,ALL,ALL,140431573.98,1182,341
59,British Columbia,2021,ALL,ALL,382306885.17,1528,406
59,British Columbia,2022,ALL,ALL,1457461918.88,1248,423
59,British Columbia,2023,ALL,ALL,205043279.17,1712,569
59,British Columbia,2024,ALL,ALL,4410637534.65,1538,500
59,British Columbia,2025,ALL,ALL,281825343.75,2185,699
59,British Columbia,2026,ALL,ALL,104922945.11,546,288
60,Yukon,2016,ALL,ALL,112208.64,7,1
60,Yukon,2017,ALL,ALL,402842.46,9,8
60,Yukon,2018,ALL,ALL,3478966.89,10,5
60,Yukon,2019,ALL,ALL,374252.92,20,3
60,Yukon,2020,ALL,ALL,158957.35,4,2
60,Yukon,2021,ALL,ALL,666053.6,15,3
60,Yukon,2022,ALL,ALL,876735,22,6
60,Yukon,2023,ALL,ALL,795996.05,23,7
60,Yukon,2024,ALL,ALL,983177.71,17,9
60,Yukon,2025,ALL,ALL,4241962.53,27,20
60,Yukon,2026,ALL,ALL,324316.47000000003,9,9
61,Northwest Territories,2017,ALL,ALL,898799.59,22,19
61,Northwest Territories,2018,ALL,ALL,631104.28,18,14
61,Northwest Territories,2019,ALL,ALL,1971979.07,33,19
61,Northwest Territories,2020,ALL,ALL,1910731.19,37,9
61,Northwest Territories,2021,ALL,ALL,11114690.17,53,12
61,Northwest Territories,2022,ALL,ALL,5258534.18,58,20
61,Northwest Territories,2023,ALL,ALL,4072688.68,26,10
61,Northwest Territories,2024,ALL,ALL,22830018.31,27,19
61,Northwest Territories,2025,ALL,ALL,5759084.69,66,44
61,Northwest Territories,2026,ALL,ALL,1074804.28,23,18
62,Nunavut,2016,ALL,ALL,665525.82,37,3
62,Nunavut,2017,ALL,ALL,1596230.47,44,8
62,Nunavut,2018,ALL,ALL,1913594.51,73,11
62,Nunavut,2019,ALL,ALL,1105829.55,57,6
62,Nunavut,2020,ALL,ALL,2053846.25,88,8
62,Nunavut,2021,ALL,ALL,1523560.85,72,10
62,Nunavut,2022,ALL,ALL,592553286.89,14,9
62,Nunavut,2023,ALL,ALL,573844.02,29,10
62,Nunavut,2024,ALL,ALL,5300199.3,20,11
62,Nunavut,2025,ALL,ALL,25236666.93,40,16
62,Nunavut,2026,ALL,ALL,1295103.55,14,13
10,Newfoundland and Labrador,2016,General Government Support,ALL,492096.23000000004,16,8
10,Newfoundland and Labrador,2016,Industrial and Technical Support,ALL,351642.47000000003,10,6
10,Newfoundland and Labrador,2017,Core Defence Industrial Complex,ALL,1242279.77,9,6
10,Newfoundland and Labrador,2017,General Government Support,ALL,6010483.84,134,37
10,Newfoundland and Labrador,2017,Industrial and Technical Support,ALL,5163020.31,55,22
10,Newfoundland and Labrador,2018,Core Defence Industrial Complex,ALL,980118.5599999999,6,2
10,Newfoundland and Labrador,2018,General Government Support,ALL,6167945.77,60,44
10,Newfoundland and Labrador,2018,Industrial and Technical Support,ALL,6588809.08,105,39
10,Newfoundland and Labrador,2019,Core Defence Industrial Complex,ALL,16407.05,1,1
10,Newfoundland and Labrador,2019,General Government Support,ALL,9409439.22,64,39
10,Newfoundland and Labrador,2019,Industrial and Technical Support,ALL,5028028.96,102,28
10,Newfoundland and Labrador,2020,Core Defence Industrial Complex,ALL,4930303.73,5,5
10,Newfoundland and Labrador,2020,General Government Support,ALL,14395707.87,64,42
10,Newfoundland and Labrador,2020,Industrial and Technical Support,ALL,16304450.209999999,57,26
10,Newfoundland and Labrador,2021,General Government Support,ALL,13591358.13,90,41
10,Newfoundland and Labrador,2021,Industrial and Technical Support,ALL,5307768.73,87,30
10,Newfoundland and Labrador,2022,Core Defence Industrial Complex,ALL,50079911.72,4,3
10,Newfoundland and Labrador,2022,General Government Support,ALL,10532811.36,81,54
10,Newfoundland and Labrador,2022,Industrial and Technical Support,ALL,6962280.08,133,29
10,Newfoundland and Labrador,2023,Core Defence Industrial Complex,ALL,41157110,3,2
10,Newfoundland and Labrador,2023,General Government Support,ALL,17262385.35,74,46
10,Newfoundland and Labrador,2023,Industrial and Technical Support,ALL,7078576.88,125,22
10,Newfoundland and Labrador,2024,Core Defence Industrial Complex,ALL,57677243.2,3,2
10,Newfoundland and Labrador,2024,General Government Support,ALL,8077583.3,68,44
10,Newfoundland and Labrador,2024,Industrial and Technical Support,ALL,30502945.66,127,12
10,Newfoundland and Labrador,2025,Core Defence Industrial Complex,ALL,25715122.25,309,83
10,Newfoundland and Labrador,2025,General Government Support,ALL,10610070.26,132,66
10,Newfoundland and Labrador,2025,Industrial and Technical Support,ALL,8450262.68,150,29
10,Newfoundland and Labrador,2026,Core Defence Industrial Complex,ALL,5375203.75,159,65
10,Newfoundland and Labrador,2026,General Government Support,ALL,3731971.59,88,39
10,Newfoundland and Labrador,2026,Industrial and Technical Support,ALL,6231671.54,53,19
11,Prince Edward Island,2016,General Government Support,ALL,15470,1,1
11,Prince Edward Island,2016,Industrial and Technical Support,ALL,35719.3,1,1
11,Prince Edward Island,2017,General Government Support,ALL,72066.91,3,3
11,Prince Edward Island,2018,General Government Support,ALL,596665.61,7,7
11,Prince Edward Island,2018,Industrial and Technical Support,ALL,1270453.3,4,4
11,Prince Edward Island,2019,General Government Support,ALL,533498.17,8,8
11,Prince Edward Island,2019,Industrial and Technical Support,ALL,248029.61,5,5
11,Prince Edward Island,2020,Core Defence Industrial Complex,ALL,19005.38,1,1
11,Prince Edward Island,2020,General Government Support,ALL,10063856.3,12,10
11,Prince Edward Island,2020,Industrial and Technical Support,ALL,36748.25,2,2
11,Prince Edward Island,2021,General Government Support,ALL,533768.43,20,8
11,Prince Edward Island,2021,Industrial and Technical Support,ALL,1456987.42,8,6
11,Prince Edward Island,2022,Core Defence Industrial Complex,ALL,42381.14,1,1
11,Prince Edward Island,2022,General Government Support,ALL,1147226.74,18,8
11,Prince Edward Island,2022,Industrial and Technical Support,ALL,66086.79000000001,3,3
11,Prince Edward Island,2023,General Government Support,ALL,763788.06,23,11
11,Prince Edward Island,2023,Industrial and Technical Support,ALL,1046913.95,9,9
11,Prince Edward Island,2024,General Government Support,ALL,594212.25,18,9
11,Prince Edward Island,2024,Industrial and Technical Support,ALL,16102.5,1,1
11,Prince Edward Island,2025,Core Defence Industrial Complex,ALL,1458497.94,4,2
11,Prince Edward Island,2025,General Government Support,ALL,598915.67,19,12
11,Prince Edward Island,2025,Industrial and Technical Support,ALL,83774.38,5,5
11,Prince Edward Island,2026,Core Defence Industrial Complex,ALL,226508.02,2,1
11,Prince Edward Island,2026,General Government Support,ALL,103661.1,4,2
11,Prince Edward Island,2026,Industrial and Technical Support,ALL,14950,1,1
12,Nova Scotia,2016,Core Defence Industrial Complex,ALL,1803515.98,8,3
12,Nova Scotia,2016,General Government Support,ALL,16635653.25,81,39
12,Nova Scotia,2016,Industrial and Technical Support,ALL,2813916.81,22,14
12,Nova Scotia,2017,Core Defence Industrial Complex,ALL,6367408.6,55,18
12,Nova Scotia,2017,General Government Support,ALL,52239881.43,547,191
12,Nova Scotia,2017,Industrial and Technical Support,ALL,200156224.32,216,81
12,Nova Scotia,2018,Core Defence Industrial Complex,ALL,32467265.78,68,24
12,Nova Scotia,2018,General Government Support,ALL,79543993.98,700,198
12,Nova Scotia,2018,Industrial and Technical Support,ALL,53586091.04,300,97
12,Nova Scotia,2019,Core Defence Industrial Complex,ALL,1336409426.7,80,22
12,Nova Scotia,2019,General Government Support,ALL,51598921.83,603,191
12,Nova Scotia,2019,Industrial and Technical Support,ALL,106578561.7,285,99
12,Nova Scotia,2020,Core Defence Industrial Complex,ALL,19342787.36,62,11
12,Nova Scotia,2020,General Government Support,ALL,68303772.73,691,196
12,Nova Scotia,2020,Industrial and Technical Support,ALL,615971918.08,278,81
12,Nova Scotia,2021,Core Defence Industrial Complex,ALL,16166429.11,61,26
12,Nova Scotia,2021,General Government Support,ALL,76297264.93,779,221
12,Nova Scotia,2021,Industrial and Technical Support,ALL,842043022.99,389,104
12,Nova Scotia,2022,Core Defence Industrial Complex,ALL,67472295.75,85,28
12,Nova Scotia,2022,General Government Support,ALL,73671476.47,885,267
12,Nova Scotia,2022,Industrial and Technical Support,ALL,80430341.47,423,114
12,Nova Scotia,2023,Core Defence Industrial Complex,ALL,19750873.85,91,38
12,Nova Scotia,2023,General Government Support,ALL,148038087.83,1093,334
12,Nova Scotia,2023,Industrial and Technical Support,ALL,283698801.36,454,141
12,Nova Scotia,2024,Core Defence Industrial Complex,ALL,3603363109.31,70,31
12,Nova Scotia,2024,General Government Support,ALL,130894143.56,1132,298
12,Nova Scotia,2024,Industrial and Technical Support,ALL,162974213.87,346,136
12,Nova Scotia,2025,Core Defence Industrial Complex,ALL,10853991994.08,321,108
12,Nova Scotia,2025,General Government Support,ALL,122137912.72,1400,351
12,Nova Scotia,2025,Industrial and Technical Support,ALL,95120740.13,351,152
12,Nova Scotia,2026,Core Defence Industrial Complex,ALL,7921332.36,134,52
12,Nova Scotia,2026,General Government Support,ALL,28520830.43,350,156
12,Nova Scotia,2026,Industrial and Technical Support,ALL,10504856.11,102,62
13,New Brunswick,2016,General Government Support,ALL,5315930.09,123,29
13,New Brunswick,2016,Industrial and Technical Support,ALL,962387.36,48,12
13,New Brunswick,2017,Core Defence Industrial Complex,ALL,1257776.25,3,3
13,New Brunswick,2017,General Government Support,ALL,24627457.46,387,88
13,New Brunswick,2017,Industrial and Technical Support,ALL,15639303.02,204,53
13,New Brunswick,2018,Core Defence Industrial Complex,ALL,323141.17,7,4
13,New Brunswick,2018,General Government Support,ALL,27672166.16,379,93
13,New Brunswick,2018,Industrial and Technical Support,ALL,21809051.63,274,57
13,New Brunswick,2019,Core Defence Industrial Complex,ALL,120066.8,5,5
13,New Brunswick,2019,General Government Support,ALL,23726146.17,403,90
13,New Brunswick,2019,Industrial and Technical Support,ALL,64300601.57,206,48
13,New Brunswick,2020,Core Defence Industrial Complex,ALL,142214.73,6,4
13,New Brunswick,2020,General Government Support,ALL,35777353.46,405,89
13,New Brunswick,2020,Industrial and Technical Support,ALL,21343942.25,131,50
13,New Brunswick,2021,Core Defence Industrial Complex,ALL,96753.82,6,6
13,New Brunswick,2021,General Government Support,ALL,48988105.31,471,110
13,New Brunswick,2021,Industrial and Technical Support,ALL,126729812.53,143,60
13,New Brunswick,2022,General Government Support,ALL,54349510.22,514,142
13,New Brunswick,2022,Industrial and Technical Support,ALL,35461825.41,140,57
13,New Brunswick,2023,Core Defence Industrial Complex,ALL,76104.96,3,3
13,New Brunswick,2023,General Government Support,ALL,211329147.55,573,159
13,New Brunswick,2023,Industrial and Technical Support,ALL,42569208.19,237,75
13,New Brunswick,2024,Core Defence Industrial Complex,ALL,164778.79,5,4
13,New Brunswick,2024,General Government Support,ALL,53892807.6,523,146
13,New Brunswick,2024,Industrial and Technical Support,ALL,43286959.84,313,80
13,New Brunswick,2025,Core Defence Industrial Complex,ALL,2930754.6,45,22
13,New Brunswick,2025,General Government Support,ALL,58939710.65,601,165
13,New Brunswick,2025,Industrial and Technical Support,ALL,149575954.75,386,117
13,New Brunswick,2026,Core Defence Industrial Complex,ALL,1546025.6300000001,14,11
13,New Brunswick,2026,General Government Support,ALL,7316896.29,139,63
13,New Brunswick,2026,Industrial and Technical Support,ALL,14856109.77,95,24
24,Quebec,2016,Core Defence Industrial Complex,ALL,1169336.4000000001,26,10
24,Quebec,2016,General Government Support,ALL,195003377.94,90,66
24,Quebec,2016,Industrial and Technical Support,ALL,28843938.32,73,35
24,Quebec,2017,Core Defence Industrial Complex,ALL,1455923755.96,184,49
24,Quebec,2017,General Government Support,ALL,115541790.81,827,381
24,Quebec,2017,Industrial and Technical Support,ALL,838121614.46,695,230
24,Quebec,2018,Core Defence Industrial Complex,ALL,115021687.55,252,62
24,Quebec,2018,General Government Support,ALL,150795918.39,1023,487
24,Quebec,2018,Industrial and Technical Support,ALL,316755645.84,1261,312
24,Quebec,2019,Core Defence Industrial Complex,ALL,1880029252.7,174,57
24,Quebec,2019,General Government Support,ALL,76294932.73,982,425
24,Quebec,2019,Industrial and Technical Support,ALL,2803314552.5,1102,271
24,Quebec,2020,Core Defence Industrial Complex,ALL,288404793.24,191,47
24,Quebec,2020,General Government Support,ALL,268938367.79,961,398
24,Quebec,2020,Industrial and Technical Support,ALL,528026221.88,559,231
24,Quebec,2021,Core Defence Industrial Complex,ALL,179865817.94,146,47
24,Quebec,2021,General Government Support,ALL,142477138.32,932,393
24,Quebec,2021,Industrial and Technical Support,ALL,296705616.49,1062,279
24,Quebec,2022,Core Defence Industrial Complex,ALL,324595066.56,188,51
24,Quebec,2022,General Government Support,ALL,1073030537.92,1171,506
24,Quebec,2022,Industrial and Technical Support,ALL,953150895.07,1076,324
24,Quebec,2023,Core Defence Industrial Complex,ALL,2627907676,150,53
24,Quebec,2023,General Government Support,ALL,320933633.7,1286,603
24,Quebec,2023,Industrial and Technical Support,ALL,901788945.45,1056,381
24,Quebec,2024,Core Defence Industrial Complex,ALL,574573647.26,209,83
24,Quebec,2024,General Government Support,ALL,107746468.24,1350,571
24,Quebec,2024,Industrial and Technical Support,ALL,227454830.68,1147,375
24,Quebec,2025,Core Defence Industrial Complex,ALL,1193300438.23,371,112
24,Quebec,2025,General Government Support,ALL,434824531.84,2116,756
24,Quebec,2025,Industrial and Technical Support,ALL,386001386.3,1354,453
24,Quebec,2026,Core Defence Industrial Complex,ALL,981289892.47,164,80
24,Quebec,2026,General Government Support,ALL,39681225.97,553,285
24,Quebec,2026,Industrial and Technical Support,ALL,890275231.29,399,185
35,Ontario,2016,Core Defence Industrial Complex,ALL,12360971.78,15,12
35,Ontario,2016,General Government Support,ALL,96302293.19,323,167
35,Ontario,2016,Industrial and Technical Support,ALL,230388585.8,183,104
35,Ontario,2017,Core Defence Industrial Complex,ALL,69505774.71,131,61
35,Ontario,2017,General Government Support,ALL,2072942381.4,2229,857
35,Ontario,2017,Industrial and Technical Support,ALL,537802409.71,2227,583
35,Ontario,2018,Core Defence Industrial Complex,ALL,155215062.06,166,89
35,Ontario,2018,General Government Support,ALL,651175700.58,2706,1030
35,Ontario,2018,Industrial and Technical Support,ALL,1361152530.59,2736,726
35,Ontario,2019,Core Defence Industrial Complex,ALL,80360888.39,132,74
35,Ontario,2019,General Government Support,ALL,426771649.09,2472,955
35,Ontario,2019,Industrial and Technical Support,ALL,609687147.02,2355,656
35,Ontario,2020,Core Defence Industrial Complex,ALL,48301955.71,93,47
35,Ontario,2020,General Government Support,ALL,521413618.32,2351,922
35,Ontario,2020,Industrial and Technical Support,ALL,674929604.78,2047,616
35,Ontario,2021,Core Defence Industrial Complex,ALL,51786814.1,110,66
35,Ontario,2021,General Government Support,ALL,487141300.33,2590,975
35,Ontario,2021,Industrial and Technical Support,ALL,759366106.21,2332,607
35,Ontario,2022,Core Defence Industrial Complex,ALL,87536239.61,121,71
35,Ontario,2022,General Government Support,ALL,1547673240.22,2906,1131
35,Ontario,2022,Industrial and Technical Support,ALL,1070166007.45,2503,731
35,Ontario,2023,Core Defence Industrial Complex,ALL,617777397.93,158,101
35,Ontario,2023,General Government Support,ALL,592920342.22,3421,1355
35,Ontario,2023,Industrial and Technical Support,ALL,2564169555.62,2649,873
35,Ontario,2024,Core Defence Industrial Complex,ALL,1022211106.83,140,96
35,Ontario,2024,General Government Support,ALL,11691274811.22,3205,1251
35,Ontario,2024,Industrial and Technical Support,ALL,1360493397.77,2273,804
35,Ontario,2025,Core Defence Industrial Complex,ALL,117463064.84,300,161
35,Ontario,2025,General Government Support,ALL,987476210.92,4330,1560
35,Ontario,2025,Industrial and Technical Support,ALL,1340451367.52,2999,942
35,Ontario,2026,Core Defence Industrial Complex,ALL,340697816.37,146,78
35,Ontario,2026,General Government Support,ALL,140445669.18,1082,563
35,Ontario,2026,Industrial and Technical Support,ALL,461770468.57,808,380
46,Manitoba,2016,Core Defence Industrial Complex,ALL,7102130.86,4,3
46,Manitoba,2016,General Government Support,ALL,1121778.3599999999,19,7
46,Manitoba,2016,Industrial and Technical Support,ALL,815827.43,12,8
46,Manitoba,2017,Core Defence Industrial Complex,ALL,6597001.42,26,6
46,Manitoba,2017,General Government Support,ALL,18707357.14,178,70
46,Manitoba,2017,Industrial and Technical Support,ALL,41756226.589999996,201,47
46,Manitoba,2018,Core Defence Industrial Complex,ALL,49536994.7,24,8
46,Manitoba,2018,General Government Support,ALL,28298015.02,281,85
46,Manitoba,2018,Industrial and Technical Support,ALL,19891667.79,273,58
46,Manitoba,2019,Core Defence Industrial Complex,ALL,242015.40999999997,6,3
46,Manitoba,2019,General Government Support,ALL,14604925.83,197,79
46,Manitoba,2019,Industrial and Technical Support,ALL,17980680.72,154,52
46,Manitoba,2020,Core Defence Industrial Complex,ALL,1746510.06,18,6
46,Manitoba,2020,General Government Support,ALL,17716169.14,219,78
46,Manitoba,2020,Industrial and Technical Support,ALL,29950968.7,137,39
46,Manitoba,2021,Core Defence Industrial Complex,ALL,250969.98,11,4
46,Manitoba,2021,General Government Support,ALL,26849385.56,255,87
46,Manitoba,2021,Industrial and Technical Support,ALL,10389834.31,147,46
46,Manitoba,2022,Core Defence Industrial Complex,ALL,160072.2,7,3
46,Manitoba,2022,General Government Support,ALL,68575998.95,297,90
46,Manitoba,2022,Industrial and Technical Support,ALL,21520535.88,150,59
46,Manitoba,2023,Core Defence Industrial Complex,ALL,31835868.52,17,11
46,Manitoba,2023,General Government Support,ALL,42546291.99,413,172
46,Manitoba,2023,Industrial and Technical Support,ALL,20645738.8,157,64
46,Manitoba,2024,Core Defence Industrial Complex,ALL,100863.01,7,6
46,Manitoba,2024,General Government Support,ALL,11504569.57,301,123
46,Manitoba,2024,Industrial and Technical Support,ALL,15265650.55,108,58
46,Manitoba,2025,Core Defence Industrial Complex,ALL,1373717.85,18,9
46,Manitoba,2025,General Government Support,ALL,32921921.39,468,164
46,Manitoba,2025,Industrial and Technical Support,ALL,13080432.52,123,65
46,Manitoba,2026,Core Defence Industrial Complex,ALL,26054182.67,7,6
46,Manitoba,2026,General Government Support,ALL,31617384.92,145,67
46,Manitoba,2026,Industrial and Technical Support,ALL,6379551.37,41,24
47,Saskatchewan,2016,Core Defence Industrial Complex,ALL,13095.15,1,1
47,Saskatchewan,2016,General Government Support,ALL,322272.78,3,3
47,Saskatchewan,2016,Industrial and Technical Support,ALL,175072.96,5,3
47,Saskatchewan,2017,General Government Support,ALL,2769933.64,52,33
47,Saskatchewan,2017,Industrial and Technical Support,ALL,12334110.57,42,25
47,Saskatchewan,2018,Core Defence Industrial Complex,ALL,196369.45,5,4
47,Saskatchewan,2018,General Government Support,ALL,2587411.46,91,43
47,Saskatchewan,2018,Industrial and Technical Support,ALL,3091901.7,72,23
47,Saskatchewan,2019,Core Defence Industrial Complex,ALL,436096.3,2,2
47,Saskatchewan,2019,General Government Support,ALL,3756468.66,88,29
47,Saskatchewan,2019,Industrial and Technical Support,ALL,2938454.94,51,20
47,Saskatchewan,2020,Core Defence Industrial Complex,ALL,114743.39,3,3
47,Saskatchewan,2020,General Government Support,ALL,10797690.72,74,42
47,Saskatchewan,2020,Industrial and Technical Support,ALL,6743161.11,91,23
47,Saskatchewan,2021,Core Defence Industrial Complex,ALL,12692.21,1,1
47,Saskatchewan,2021,General Government Support,ALL,4246281.4,59,39
47,Saskatchewan,2021,Industrial and Technical Support,ALL,6199838.59,114,37
47,Saskatchewan,2022,Core Defence Industrial Complex,ALL,17787,1,1
47,Saskatchewan,2022,General Government Support,ALL,11072599.63,141,58
47,Saskatchewan,2022,Industrial and Technical Support,ALL,4494582697.9,120,42
47,Saskatchewan,2023,Core Defence Industrial Complex,ALL,211292.22,2,2
47,Saskatchewan,2023,General Government Support,ALL,31332144.73,111,54
47,Saskatchewan,2023,Industrial and Technical Support,ALL,38639565.03,110,45
47,Saskatchewan,2024,Core Defence Industrial Complex,ALL,84087.48999999999,2,2
47,Saskatchewan,2024,General Government Support,ALL,4406289.01,81,43
47,Saskatchewan,2024,Industrial and Technical Support,ALL,13242112.39,52,30
47,Saskatchewan,2025,Core Defence Industrial Complex,ALL,484287.83999999997,5,4
47,Saskatchewan,2025,General Government Support,ALL,6434859.39,142,48
47,Saskatchewan,2025,Industrial and Technical Support,ALL,19270580.490000002,65,31
47,Saskatchewan,2026,Core Defence Industrial Complex,ALL,11967.18,1,1
47,Saskatchewan,2026,General Government Support,ALL,908921.22,32,25
47,Saskatchewan,2026,Industrial and Technical Support,ALL,3136008.53,10,10
48,Alberta,2016,Core Defence Industrial Complex,ALL,11698.1,1,1
48,Alberta,2016,General Government Support,ALL,3384293.21,71,43
48,Alberta,2016,Industrial and Technical Support,ALL,3800775.39,95,25
48,Alberta,2017,Core Defence Industrial Complex,ALL,3088392.85,39,18
48,Alberta,2017,General Government Support,ALL,620817779.48,880,281
48,Alberta,2017,Industrial and Technical Support,ALL,137833769.16,708,170
48,Alberta,2018,Core Defence Industrial Complex,ALL,1596924.94,37,26
48,Alberta,2018,General Government Support,ALL,165694456.53,1141,347
48,Alberta,2018,Industrial and Technical Support,ALL,109021842.54,919,204
48,Alberta,2019,Core Defence Industrial Complex,ALL,631589.42,20,19
48,Alberta,2019,General Government Support,ALL,110774645.24,913,309
48,Alberta,2019,Industrial and Technical Support,ALL,98652123.82,1116,169
48,Alberta,2020,Core Defence Industrial Complex,ALL,1387178.41,30,25
48,Alberta,2020,General Government Support,ALL,77330072.17,785,271
48,Alberta,2020,Industrial and Technical Support,ALL,240784867.74,752,173
48,Alberta,2021,Core Defence Industrial Complex,ALL,83449195,22,17
48,Alberta,2021,General Government Support,ALL,84339514.23,1076,308
48,Alberta,2021,Industrial and Technical Support,ALL,131279015.3,932,187
48,Alberta,2022,Core Defence Industrial Complex,ALL,7579657.8,21,16
48,Alberta,2022,General Government Support,ALL,139749021.98,988,336
48,Alberta,2022,Industrial and Technical Support,ALL,160528224.79,1023,204
48,Alberta,2023,Core Defence Industrial Complex,ALL,7133285.12,37,26
48,Alberta,2023,General Government Support,ALL,201837150.88,1036,387
48,Alberta,2023,Industrial and Technical Support,ALL,113135302.7,1042,242
48,Alberta,2024,Core Defence Industrial Complex,ALL,3966497.7399999998,35,29
48,Alberta,2024,General Government Support,ALL,214745073.19,874,336
48,Alberta,2024,Industrial and Technical Support,ALL,114846186.17,809,201
48,Alberta,2025,Core Defence Industrial Complex,ALL,9885971.83,83,35
48,Alberta,2025,General Government Support,ALL,89311811.14,1264,420
48,Alberta,2025,Industrial and Technical Support,ALL,130364405.98,723,219
48,Alberta,2026,Core Defence Industrial Complex,ALL,2000832.21,25,7
48,Alberta,2026,General Government Support,ALL,17993660.97,248,141
48,Alberta,2026,Industrial and Technical Support,ALL,19129839.71,161,70
59,British Columbia,2016,Core Defence Industrial Complex,ALL,156159.13,7,5
59,British Columbia,2016,General Government Support,ALL,9204317.879999999,53,40
59,British Columbia,2016,Industrial and Technical Support,ALL,2045624.28,41,20
59,British Columbia,2017,Core Defence Industrial Complex,ALL,173387399.72,82,26
59,British Columbia,2017,General Government Support,ALL,235507191.67,467,214
59,British Columbia,2017,Industrial and Technical Support,ALL,84526437.35,520,124
59,British Columbia,2018,Core Defence Industrial Complex,ALL,163563638.03,47,26
59,British Columbia,2018,General Government Support,ALL,86943969.37,657,238
59,British Columbia,2018,Industrial and Technical Support,ALL,127907611.57,816,175
59,British Columbia,2019,Core Defence Industrial Complex,ALL,1212906088.56,52,22
59,British Columbia,2019,General Government Support,ALL,60256345.89,598,233
59,British Columbia,2019,Industrial and Technical Support,ALL,139257189.15,714,131
59,British Columbia,2020,Core Defence Industrial Complex,ALL,37979995.95,45,19
59,British Columbia,2020,General Government Support,ALL,59584212.66,715,237
59,British Columbia,2020,Industrial and Technical Support,ALL,42867365.37,422,121
59,British Columbia,2021,Core Defence Industrial Complex,ALL,28232942.6,38,20
59,British Columbia,2021,General Government Support,ALL,72328133.39,851,271
59,British Columbia,2021,Industrial and Technical Support,ALL,281745809.18,639,165
59,British Columbia,2022,Core Defence Industrial Complex,ALL,1228759927.67,30,20
59,British Columbia,2022,General Government Support,ALL,134297829.38,813,284
59,British Columbia,2022,Industrial and Technical Support,ALL,94404161.83,405,168
59,British Columbia,2023,Core Defence Industrial Complex,ALL,5230635.42,25,23
59,British Columbia,2023,General Government Support,ALL,114132757.9,1080,396
59,British Columbia,2023,Industrial and Technical Support,ALL,85679885.85,607,213
59,British Columbia,2024,Core Defence Industrial Complex,ALL,4158893925.6,26,22
59,British Columbia,2024,General Government Support,ALL,93126722.16,875,323
59,British Columbia,2024,Industrial and Technical Support,ALL,158616886.89,637,208
59,British Columbia,2025,Core Defence Industrial Complex,ALL,52593172,161,70
59,British Columbia,2025,General Government Support,ALL,149243650.14000002,1447,469
59,British Columbia,2025,Industrial and Technical Support,ALL,79988521.61,577,240
59,British Columbia,2026,Core Defence Industrial Complex,ALL,15680733.09,73,39
59,British Columbia,2026,General Government Support,ALL,37201168.2,273,165
59,British Columbia,2026,Industrial and Technical Support,ALL,52041043.82,200,103
60,Yukon,2016,Industrial and Technical Support,ALL,112208.64,7,1
60,Yukon,2017,General Government Support,ALL,89238.45,5,5
60,Yukon,2017,Industrial and Technical Support,ALL,313604.01,4,3
60,Yukon,2018,General Government Support,ALL,41790,2,2
60,Yukon,2018,Industrial and Technical Support,ALL,3437176.89,8,3
60,Yukon,2019,General Government Support,ALL,22249.5,2,2
60,Yukon,2019,Industrial and Technical Support,ALL,352003.42,18,1
60,Yukon,2020,Core Defence Industrial Complex,ALL,21357,1,1
60,Yukon,2020,Industrial and Technical Support,ALL,137600.35,3,1
60,Yukon,2021,General Government Support,ALL,62899.47,3,2
60,Yukon,2021,Industrial and Technical Support,ALL,603154.13,12,2
60,Yukon,2022,General Government Support,ALL,215814.5,4,4
60,Yukon,2022,Industrial and Technical Support,ALL,660920.5,18,3
60,Yukon,2023,General Government Support,ALL,150947.1,5,4
60,Yukon,2023,Industrial and Technical Support,ALL,645048.9500000001,18,5
60,Yukon,2024,General Government Support,ALL,130719.23,4,4
60,Yukon,2024,Industrial and Technical Support,ALL,852458.48,13,5
60,Yukon,2025,General Government Support,ALL,302526.64,11,8
60,Yukon,2025,Industrial and Technical Support,ALL,3939435.89,16,13
60,Yukon,2026,General Government Support,ALL,218096.37,8,8
60,Yukon,2026,Industrial and Technical Support,ALL,106220.1,1,1
61,Northwest Territories,2017,General Government Support,ALL,661794.72,9,9
61,Northwest Territories,2017,Industrial and Technical Support,ALL,237004.87,13,10
61,Northwest Territories,2018,General Government Support,ALL,155828.22,11,10
61,Northwest Territories,2018,Industrial and Technical Support,ALL,475276.06,7,5
61,Northwest Territories,2019,General Government Support,ALL,1156783.52,14,10
61,Northwest Territories,2019,Industrial and Technical Support,ALL,815195.55,19,10
61,Northwest Territories,2020,General Government Support,ALL,1573920.52,23,5
61,Northwest Territories,2020,Industrial and Technical Support,ALL,336810.67,14,5
61,Northwest Territories,2021,Core Defence Industrial Complex,ALL,427815.5,3,2
61,Northwest Territories,2021,General Government Support,ALL,1235979.31,28,5
61,Northwest Territories,2021,Industrial and Technical Support,ALL,9450895.36,22,6
61,Northwest Territories,2022,Core Defence Industrial Complex,ALL,200882,3,1
61,Northwest Territories,2022,General Government Support,ALL,829618.59,31,11
61,Northwest Territories,2022,Industrial and Technical Support,ALL,4228033.59,24,9
61,Northwest Territories,2023,General Government Support,ALL,139685.66999999998,6,3
61,Northwest Territories,2023,Industrial and Technical Support,ALL,3933003.0100000002,20,7
61,Northwest Territories,2024,General Government Support,ALL,21709069.31,13,12
61,Northwest Territories,2024,Industrial and Technical Support,ALL,1120949,14,8
61,Northwest Territories,2025,Core Defence Industrial Complex,ALL,2940000,1,1
61,Northwest Territories,2025,General Government Support,ALL,1210747.79,31,28
61,Northwest Territories,2025,Industrial and Technical Support,ALL,1608336.9000000001,34,16
61,Northwest Territories,2026,Core Defence Industrial Complex,ALL,69773.66,1,1
61,Northwest Territories,2026,General Government Support,ALL,574139.03,13,13
61,Northwest Territories,2026,Industrial and Technical Support,ALL,430891.59,9,4
62,Nunavut,2016,General Government Support,ALL,15750,1,1
62,Nunavut,2016,Industrial and Technical Support,ALL,649775.82,36,2
62,Nunavut,2017,General Government Support,ALL,102267.82,4,4
62,Nunavut,2017,Industrial and Technical Support,ALL,1493962.6500000001,40,4
62,Nunavut,2018,General Government Support,ALL,183209.24,4,4
62,Nunavut,2018,Industrial and Technical Support,ALL,1730385.27,69,7
62,Nunavut,2019,General Government Support,ALL,24231.81,2,2
62,Nunavut,2019,Industrial and Technical Support,ALL,1081597.74,55,4
62,Nunavut,2020,General Government Support,ALL,277908.84,13,5
62,Nunavut,2020,Industrial and Technical Support,ALL,1775937.41,75,4
62,Nunavut,2021,General Government Support,ALL,259476.7,12,5
62,Nunavut,2021,Industrial and Technical Support,ALL,1264084.15,60,5
62,Nunavut,2022,General Government Support,ALL,591692008.32,8,5
62,Nunavut,2022,Industrial and Technical Support,ALL,861278.5700000001,6,4
62,Nunavut,2023,General Government Support,ALL,209028.63,10,5
62,Nunavut,2023,Industrial and Technical Support,ALL,364815.39,19,5
62,Nunavut,2024,General Government Support,ALL,2460671.7199999997,12,8
62,Nunavut,2024,Industrial and Technical Support,ALL,2839527.58,8,5
62,Nunavut,2025,Core Defence Industrial Complex,ALL,13934.2,1,1
62,Nunavut,2025,General Government Support,ALL,2657060.42,14,10
62,Nunavut,2025,Industrial and Technical Support,ALL,22565672.31,25,6
62,Nunavut,2026,General Government Support,ALL,1182664.3,13,12
62,Nunavut,2026,Industrial and Technical Support,ALL,112439.25,1,1
10,Newfoundland and Labrador,2016,ALL,Civil Engineering & Infrastructure,10315,1,1
10,Newfoundland and Labrador,2016,ALL,Heavy Industry & Machinery,15640,1,1
10,Newfoundland and Labrador,2016,ALL,High-Tech Hardware & Telecom,10796.2,1,1
10,Newfoundland and Labrador,2016,ALL,"Logistics, Training & Workforce",297551.75,7,6
10,Newfoundland and Labrador,2016,ALL,Other,82462.38,2,2
10,Newfoundland and Labrador,2016,ALL,Professional Services,13263.23,1,1
10,Newfoundland and Labrador,2016,ALL,"Resources, Fuels & Materials",142203.71,5,2
10,Newfoundland and Labrador,2016,ALL,Software & IT Services,38818.96,2,1
10,Newfoundland and Labrador,2016,ALL,Utilities & Environmental,232687.47,6,1
10,Newfoundland and Labrador,2017,ALL,Aerospace & Space,175471.05,7,4
10,Newfoundland and Labrador,2017,ALL,Automotive & Heavy Vehicles,53099.869999999995,2,2
10,Newfoundland and Labrador,2017,ALL,Civil Engineering & Infrastructure,5736412.44,29,14
10,Newfoundland and Labrador,2017,ALL,Heavy Industry & Machinery,409832.23,4,4
10,Newfoundland and Labrador,2017,ALL,"Logistics, Training & Workforce",515792.77,16,13
10,Newfoundland and Labrador,2017,ALL,Marine & Shipbuilding,1225752.1099999999,8,5
10,Newfoundland and Labrador,2017,ALL,Other,644177.28,56,5
10,Newfoundland and Labrador,2017,ALL,Professional Services,278927.97000000003,5,5
10,Newfoundland and Labrador,2017,ALL,"Resources, Fuels & Materials",2319368.3,36,9
10,Newfoundland and Labrador,2017,ALL,Software & IT Services,19320,1,1
10,Newfoundland and Labrador,2017,ALL,Utilities & Environmental,997059.8,32,4
10,Newfoundland and Labrador,2017,ALL,Weapons & Tactical Security,40570.1,2,2
10,Newfoundland and Labrador,2018,ALL,Aerospace & Space,502710.56,14,5
10,Newfoundland and Labrador,2018,ALL,Automotive & Heavy Vehicles,14230,1,1
10,Newfoundland and Labrador,2018,ALL,Civil Engineering & Infrastructure,4610657.41,27,14
10,Newfoundland and Labrador,2018,ALL,Heavy Industry & Machinery,601143.21,6,6
10,Newfoundland and Labrador,2018,ALL,Life Sciences & Medical,192657.2,1,1
10,Newfoundland and Labrador,2018,ALL,"Logistics, Training & Workforce",1513828.0999999999,17,13
10,Newfoundland and Labrador,2018,ALL,Marine & Shipbuilding,206058.36,5,1
10,Newfoundland and Labrador,2018,ALL,Other,1105972.8,6,6
10,Newfoundland and Labrador,2018,ALL,Professional Services,567485.92,11,10
10,Newfoundland and Labrador,2018,ALL,"Resources, Fuels & Materials",1925735.09,61,13
10,Newfoundland and Labrador,2018,ALL,Software & IT Services,1119758.05,14,12
10,Newfoundland and Labrador,2018,ALL,Utilities & Environmental,562326.51,6,3
10,Newfoundland and Labrador,2018,ALL,Weapons & Tactical Security,814310.2,2,2
10,Newfoundland and Labrador,2019,ALL,Aerospace & Space,174644.05,9,3
10,Newfoundland and Labrador,2019,ALL,Civil Engineering & Infrastructure,2502992.95,24,18
10,Newfoundland and Labrador,2019,ALL,Heavy Industry & Machinery,57473.82,3,2
10,Newfoundland and Labrador,2019,ALL,Life Sciences & Medical,37840.53,1,1
10,Newfoundland and Labrador,2019,ALL,"Logistics, Training & Workforce",7182685.77,22,17
10,Newfoundland and Labrador,2019,ALL,Marine & Shipbuilding,16407.05,1,1
10,Newfoundland and Labrador,2019,ALL,Other,203296.26,7,5
10,Newfoundland and Labrador,2019,ALL,Professional Services,1720086.3399999999,8,6
10,Newfoundland and Labrador,2019,ALL,"Resources, Fuels & Materials",2162262.8,78,13
10,Newfoundland and Labrador,2019,ALL,Software & IT Services,115096.5,5,4
10,Newfoundland and Labrador,2019,ALL,Utilities & Environmental,240839.16,8,4
10,Newfoundland and Labrador,2019,ALL,Weapons & Tactical Security,40250,1,1
10,Newfoundland and Labrador,2020,ALL,Aerospace & Space,4904884.55,4,3
10,Newfoundland and Labrador,2020,ALL,Automotive & Heavy Vehicles,12644.6,1,1
10,Newfoundland and Labrador,2020,ALL,Civil Engineering & Infrastructure,24570589.03,14,13
10,Newfoundland and Labrador,2020,ALL,Heavy Industry & Machinery,134829.78,9,9
10,Newfoundland and Labrador,2020,ALL,High-Tech Hardware & Telecom,57264.56,2,2
10,Newfoundland and Labrador,2020,ALL,Life Sciences & Medical,34482.75,1,1
10,Newfoundland and Labrador,2020,ALL,"Logistics, Training & Workforce",261106.65,12,10
10,Newfoundland and Labrador,2020,ALL,Marine & Shipbuilding,136565.13,3,3
10,Newfoundland and Labrador,2020,ALL,Other,90109.72,4,3
10,Newfoundland and Labrador,2020,ALL,Professional Services,1708414.31,6,5
10,Newfoundland and Labrador,2020,ALL,"Resources, Fuels & Materials",2599428.8,53,17
10,Newfoundland and Labrador,2020,ALL,Software & IT Services,27603.239999999998,2,2
10,Newfoundland and Labrador,2020,ALL,Utilities & Environmental,755503.49,13,9
10,Newfoundland and Labrador,2020,ALL,Weapons & Tactical Security,337035.2,2,2
10,Newfoundland and Labrador,2021,ALL,Aerospace & Space,531126.1,10,4
10,Newfoundland and Labrador,2021,ALL,Civil Engineering & Infrastructure,4862620.32,47,19
10,Newfoundland and Labrador,2021,ALL,Heavy Industry & Machinery,9462370.13,4,4
10,Newfoundland and Labrador,2021,ALL,High-Tech Hardware & Telecom,44788.59,1,1
10,Newfoundland and Labrador,2021,ALL,"Logistics, Training & Workforce",522706.14,16,15
10,Newfoundland and Labrador,2021,ALL,Other,67382,5,1
10,Newfoundland and Labrador,2021,ALL,Professional Services,351077.26,7,6
10,Newfoundland and Labrador,2021,ALL,"Resources, Fuels & Materials",1402569.01,67,12
10,Newfoundland and Labrador,2021,ALL,Software & IT Services,843933.06,8,8
10,Newfoundland and Labrador,2021,ALL,Utilities & Environmental,770304.25,11,7
10,Newfoundland and Labrador,2021,ALL,Weapons & Tactical Security,40250,1,1
10,Newfoundland and Labrador,2022,ALL,Aerospace & Space,281357.35,4,4
10,Newfoundland and Labrador,2022,ALL,Automotive & Heavy Vehicles,197819.42,5,5
10,Newfoundland and Labrador,2022,ALL,Civil Engineering & Infrastructure,8945108.58,31,15
10,Newfoundland and Labrador,2022,ALL,Heavy Industry & Machinery,147052.27,6,6
10,Newfoundland and Labrador,2022,ALL,High-Tech Hardware & Telecom,92961.8,3,3
10,Newfoundland and Labrador,2022,ALL,"Logistics, Training & Workforce",1842207.9,17,14
10,Newfoundland and Labrador,2022,ALL,Marine & Shipbuilding,50053295,2,1
10,Newfoundland and Labrador,2022,ALL,Other,125594.5,6,5
10,Newfoundland and Labrador,2022,ALL,Professional Services,454908.37000000005,8,8
10,Newfoundland and Labrador,2022,ALL,"Resources, Fuels & Materials",3296709.2,114,9
10,Newfoundland and Labrador,2022,ALL,Software & IT Services,557665.02,8,8
10,Newfoundland and Labrador,2022,ALL,Utilities & Environmental,1040404.3099999999,12,10
10,Newfoundland and Labrador,2022,ALL,Weapons & Tactical Security,539919.44,2,2
10,Newfoundland and Labrador,2023,ALL,Aerospace & Space,28401.08,1,1
10,Newfoundland and Labrador,2023,ALL,Automotive & Heavy Vehicles,78144,1,1
10,Newfoundland and Labrador,2023,ALL,Civil Engineering & Infrastructure,12809285.5,25,12
10,Newfoundland and Labrador,2023,ALL,Heavy Industry & Machinery,981988.75,6,6
10,Newfoundland and Labrador,2023,ALL,Life Sciences & Medical,14096.62,1,1
10,Newfoundland and Labrador,2023,ALL,"Logistics, Training & Workforce",640958.38,14,12
10,Newfoundland and Labrador,2023,ALL,Marine & Shipbuilding,41157110,3,2
10,Newfoundland and Labrador,2023,ALL,Other,111614.4,2,2
10,Newfoundland and Labrador,2023,ALL,Professional Services,495037.08,5,4
10,Newfoundland and Labrador,2023,ALL,"Resources, Fuels & Materials",4559222.41,117,12
10,Newfoundland and Labrador,2023,ALL,Software & IT Services,771608.82,8,5
10,Newfoundland and Labrador,2023,ALL,Utilities & Environmental,3330384.89,15,11
10,Newfoundland and Labrador,2023,ALL,Weapons & Tactical Security,520220.30000000005,4,3
10,Newfoundland and Labrador,2024,ALL,Automotive & Heavy Vehicles,524999.5,5,5
10,Newfoundland and Labrador,2024,ALL,Civil Engineering & Infrastructure,29322081.41,33,14
10,Newfoundland and Labrador,2024,ALL,Heavy Industry & Machinery,24493.85,2,1
10,Newfoundland and Labrador,2024,ALL,High-Tech Hardware & Telecom,27956.95,2,2
10,Newfoundland and Labrador,2024,ALL,"Logistics, Training & Workforce",986146.71,18,16
10,Newfoundland and Labrador,2024,ALL,Marine & Shipbuilding,57663899,2,1
10,Newfoundland and Labrador,2024,ALL,Other,597725.77,4,4
10,Newfoundland and Labrador,2024,ALL,Professional Services,450951.11,7,7
10,Newfoundland and Labrador,2024,ALL,"Resources, Fuels & Materials",3469760.96,122,8
10,Newfoundland and Labrador,2024,ALL,Utilities & Environmental,3189756.9,3,3
10,Newfoundland and Labrador,2025,ALL,Aerospace & Space,289641.67,4,4
10,Newfoundland and Labrador,2025,ALL,Automotive & Heavy Vehicles,53274.08,3,3
10,Newfoundland and Labrador,2025,ALL,Civil Engineering & Infrastructure,4397192.45,55,20
10,Newfoundland and Labrador,2025,ALL,Heavy Industry & Machinery,2618660.87,23,18
10,Newfoundland and Labrador,2025,ALL,High-Tech Hardware & Telecom,222764.2,2,2
10,Newfoundland and Labrador,2025,ALL,"Logistics, Training & Workforce",3123952.53,49,27
10,Newfoundland and Labrador,2025,ALL,Marine & Shipbuilding,25572705.66,307,82
10,Newfoundland and Labrador,2025,ALL,Other,324960.6,5,5
10,Newfoundland and Labrador,2025,ALL,Professional Services,244360.09,4,4
10,Newfoundland and Labrador,2025,ALL,"Resources, Fuels & Materials",6928325.66,133,12
10,Newfoundland and Labrador,2025,ALL,Software & IT Services,388931.78,3,3
10,Newfoundland and Labrador,2025,ALL,Utilities & Environmental,32969.35,1,1
10,Newfoundland and Labrador,2025,ALL,Weapons & Tactical Security,577716.25,2,2
10,Newfoundland and Labrador,2026,ALL,Automotive & Heavy Vehicles,16688.62,1,1
10,Newfoundland and Labrador,2026,ALL,Civil Engineering & Infrastructure,310636.59,18,2
10,Newfoundland and Labrador,2026,ALL,Heavy Industry & Machinery,1611872.44,28,21
10,Newfoundland and Labrador,2026,ALL,High-Tech Hardware & Telecom,481492.97000000003,3,3
10,Newfoundland and Labrador,2026,ALL,Life Sciences & Medical,10916.38,1,1
10,Newfoundland and Labrador,2026,ALL,"Logistics, Training & Workforce",1483837.55,42,20
10,Newfoundland and Labrador,2026,ALL,Marine & Shipbuilding,5375203.75,159,65
10,Newfoundland and Labrador,2026,ALL,Professional Services,67122.2,4,2
10,Newfoundland and Labrador,2026,ALL,"Resources, Fuels & Materials",5372284.3,41,8
10,Newfoundland and Labrador,2026,ALL,Software & IT Services,12001.58,1,1
10,Newfoundland and Labrador,2026,ALL,Utilities & Environmental,18285,1,1
10,Newfoundland and Labrador,2026,ALL,Weapons & Tactical Security,578505.5,1,1
11,Prince Edward Island,2016,ALL,Civil Engineering & Infrastructure,35719.3,1,1
11,Prince Edward Island,2016,ALL,"Logistics, Training & Workforce",15470,1,1
11,Prince Edward Island,2017,ALL,Civil Engineering & Infrastructure,40629.5,1,1
11,Prince Edward Island,2017,ALL,Professional Services,20190.41,1,1
11,Prince Edward Island,2017,ALL,"Resources, Fuels & Materials",11247,1,1
11,Prince Edward Island,2018,ALL,Automotive & Heavy Vehicles,966304.75,1,1
11,Prince Edward Island,2018,ALL,Heavy Industry & Machinery,52382.5,1,1
11,Prince Edward Island,2018,ALL,"Logistics, Training & Workforce",13029.5,1,1
11,Prince Edward Island,2018,ALL,Professional Services,583636.11,6,6
11,Prince Edward Island,2018,ALL,Software & IT Services,177016.05,1,1
11,Prince Edward Island,2018,ALL,Weapons & Tactical Security,74750,1,1
11,Prince Edward Island,2019,ALL,Civil Engineering & Infrastructure,14375,1,1
11,Prince Edward Island,2019,ALL,Heavy Industry & Machinery,14120.85,1,1
11,Prince Edward Island,2019,ALL,Life Sciences & Medical,116581.25,1,1
11,Prince Edward Island,2019,ALL,"Logistics, Training & Workforce",17993.36,1,1
11,Prince Edward Island,2019,ALL,Other,10170.03,1,1
11,Prince Edward Island,2019,ALL,Professional Services,47328.24,3,3
11,Prince Edward Island,2019,ALL,"Resources, Fuels & Materials",11443.04,1,1
11,Prince Edward Island,2019,ALL,Software & IT Services,42062.11,1,1
11,Prince Edward Island,2019,ALL,Utilities & Environmental,443885.69,2,2
11,Prince Edward Island,2019,ALL,Weapons & Tactical Security,63568.21,1,1
11,Prince Edward Island,2020,ALL,Aerospace & Space,19005.38,1,1
11,Prince Edward Island,2020,ALL,Civil Engineering & Infrastructure,9900433.76,8,6
11,Prince Edward Island,2020,ALL,Life Sciences & Medical,13748.25,1,1
11,Prince Edward Island,2020,ALL,Professional Services,52583.24,1,1
11,Prince Edward Island,2020,ALL,"Resources, Fuels & Materials",10557,1,1
11,Prince Edward Island,2020,ALL,Utilities & Environmental,100282.3,2,2
11,Prince Edward Island,2020,ALL,Weapons & Tactical Security,23000,1,1
11,Prince Edward Island,2021,ALL,Civil Engineering & Infrastructure,1619131.08,18,5
11,Prince Edward Island,2021,ALL,Heavy Industry & Machinery,26450,1,1
11,Prince Edward Island,2021,ALL,Life Sciences & Medical,44030.03,2,1
11,Prince Edward Island,2021,ALL,"Logistics, Training & Workforce",22137.410000000003,2,2
11,Prince Edward Island,2021,ALL,Marine & Shipbuilding,13083.77,1,1
11,Prince Edward Island,2021,ALL,Professional Services,195745.12,2,2
11,Prince Edward Island,2021,ALL,Utilities & Environmental,12678.44,1,1
11,Prince Edward Island,2021,ALL,Weapons & Tactical Security,57500,1,1
11,Prince Edward Island,2022,ALL,Aerospace & Space,42381.14,1,1
11,Prince Edward Island,2022,ALL,Civil Engineering & Infrastructure,467258.92,13,3
11,Prince Edward Island,2022,ALL,Heavy Industry & Machinery,20297.5,1,1
11,Prince Edward Island,2022,ALL,Life Sciences & Medical,17020,1,1
11,Prince Edward Island,2022,ALL,Professional Services,60405.32,3,3
11,Prince Edward Island,2022,ALL,Software & IT Services,49066.79,2,2
11,Prince Edward Island,2022,ALL,Utilities & Environmental,599265,1,1
11,Prince Edward Island,2023,ALL,Civil Engineering & Infrastructure,450547.56,16,7
11,Prince Edward Island,2023,ALL,"Logistics, Training & Workforce",79110.35,2,1
11,Prince Edward Island,2023,ALL,Other,11229.78,1,1
11,Prince Edward Island,2023,ALL,Professional Services,215083.57,4,3
11,Prince Edward Island,2023,ALL,Software & IT Services,1006163.95,7,7
11,Prince Edward Island,2023,ALL,Utilities & Environmental,19816.8,1,1
11,Prince Edward Island,2023,ALL,Weapons & Tactical Security,28750,1,1
11,Prince Edward Island,2024,ALL,Civil Engineering & Infrastructure,82575.64,3,1
11,Prince Edward Island,2024,ALL,"Logistics, Training & Workforce",84816.84,3,3
11,Prince Edward Island,2024,ALL,Other,165767.97,9,3
11,Prince Edward Island,2024,ALL,Professional Services,257337.5,3,3
11,Prince Edward Island,2024,ALL,Utilities & Environmental,19816.8,1,1
11,Prince Edward Island,2025,ALL,Aerospace & Space,1159285,1,1
11,Prince Edward Island,2025,ALL,Automotive & Heavy Vehicles,36330.96,2,2
11,Prince Edward Island,2025,ALL,Civil Engineering & Infrastructure,22941.07,2,2
11,Prince Edward Island,2025,ALL,Heavy Industry & Machinery,47444.729999999996,3,3
11,Prince Edward Island,2025,ALL,"Logistics, Training & Workforce",100938.51000000001,3,3
11,Prince Edward Island,2025,ALL,Marine & Shipbuilding,299212.94,3,1
11,Prince Edward Island,2025,ALL,Other,393066.56,9,3
11,Prince Edward Island,2025,ALL,Professional Services,12500,1,1
11,Prince Edward Island,2025,ALL,"Resources, Fuels & Materials",20000,1,1
11,Prince Edward Island,2025,ALL,Software & IT Services,27443.42,2,2
11,Prince Edward Island,2025,ALL,Utilities & Environmental,22024.8,1,1
11,Prince Edward Island,2026,ALL,"Logistics, Training & Workforce",13811.1,1,1
11,Prince Edward Island,2026,ALL,Marine & Shipbuilding,226508.02,2,1
11,Prince Edward Island,2026,ALL,Other,89850,3,1
11,Prince Edward Island,2026,ALL,Software & IT Services,14950,1,1
12,Nova Scotia,2016,ALL,Automotive & Heavy Vehicles,22626.9,1,1
12,Nova Scotia,2016,ALL,Civil Engineering & Infrastructure,13465604.59,7,6
12,Nova Scotia,2016,ALL,Heavy Industry & Machinery,1014552.97,22,8
12,Nova Scotia,2016,ALL,High-Tech Hardware & Telecom,21535.67,1,1
12,Nova Scotia,2016,ALL,"Logistics, Training & Workforce",3619816.51,25,16
12,Nova Scotia,2016,ALL,Marine & Shipbuilding,1803515.98,8,3
12,Nova Scotia,2016,ALL,Other,729286.1,26,9
12,Nova Scotia,2016,ALL,"Resources, Fuels & Materials",136145.93,10,7
12,Nova Scotia,2016,ALL,Software & IT Services,63689.85,2,2
12,Nova Scotia,2016,ALL,Utilities & Environmental,33733.33,2,2
12,Nova Scotia,2016,ALL,Weapons & Tactical Security,342578.21,7,2
12,Nova Scotia,2017,ALL,Automotive & Heavy Vehicles,2592073.2,33,8
12,Nova Scotia,2017,ALL,Civil Engineering & Infrastructure,138394759.21,251,78
12,Nova Scotia,2017,ALL,Heavy Industry & Machinery,10988174.87,97,47
12,Nova Scotia,2017,ALL,High-Tech Hardware & Telecom,49256261.91,16,10
12,Nova Scotia,2017,ALL,Life Sciences & Medical,12373146.97,4,3
12,Nova Scotia,2017,ALL,"Logistics, Training & Workforce",5123362.45,118,48
12,Nova Scotia,2017,ALL,Marine & Shipbuilding,5034378.41,50,13
12,Nova Scotia,2017,ALL,Other,454751.43,25,10
12,Nova Scotia,2017,ALL,Professional Services,22359647.87,38,18
12,Nova Scotia,2017,ALL,"Resources, Fuels & Materials",1511582.51,71,32
12,Nova Scotia,2017,ALL,Software & IT Services,3093563.69,36,23
12,Nova Scotia,2017,ALL,Utilities & Environmental,2665727.84,40,17
12,Nova Scotia,2017,ALL,Weapons & Tactical Security,4916083.99,39,7
12,Nova Scotia,2018,ALL,Aerospace & Space,83246.84,3,2
12,Nova Scotia,2018,ALL,Automotive & Heavy Vehicles,2908719.47,16,7
12,Nova Scotia,2018,ALL,Civil Engineering & Infrastructure,55467716.32,404,91
12,Nova Scotia,2018,ALL,Heavy Industry & Machinery,7831509.58,91,45
12,Nova Scotia,2018,ALL,High-Tech Hardware & Telecom,11326461.11,26,14
12,Nova Scotia,2018,ALL,Life Sciences & Medical,4077115.14,5,4
12,Nova Scotia,2018,ALL,"Logistics, Training & Workforce",23850421.37,144,51
12,Nova Scotia,2018,ALL,Marine & Shipbuilding,30607008.83,59,17
12,Nova Scotia,2018,ALL,Other,775779.59,31,12
12,Nova Scotia,2018,ALL,Professional Services,7377915.03,45,26
12,Nova Scotia,2018,ALL,"Resources, Fuels & Materials",1960933.56,81,26
12,Nova Scotia,2018,ALL,Software & IT Services,7953231.86,52,33
12,Nova Scotia,2018,ALL,Utilities & Environmental,6664036.62,57,12
12,Nova Scotia,2018,ALL,Weapons & Tactical Security,4713255.4799999995,54,7
12,Nova Scotia,2019,ALL,Aerospace & Space,10609.05,1,1
12,Nova Scotia,2019,ALL,Automotive & Heavy Vehicles,2590080.05,23,14
12,Nova Scotia,2019,ALL,Civil Engineering & Infrastructure,85901224.01,235,76
12,Nova Scotia,2019,ALL,Heavy Industry & Machinery,6523965.03,97,49
12,Nova Scotia,2019,ALL,High-Tech Hardware & Telecom,5701336.29,15,14
12,Nova Scotia,2019,ALL,Life Sciences & Medical,43064.22,2,2
12,Nova Scotia,2019,ALL,"Logistics, Training & Workforce",7442026.26,188,59
12,Nova Scotia,2019,ALL,Marine & Shipbuilding,1326396872.4,74,17
12,Nova Scotia,2019,ALL,Other,449950.62,27,12
12,Nova Scotia,2019,ALL,Professional Services,8046207.42,34,20
12,Nova Scotia,2019,ALL,"Resources, Fuels & Materials",1956827.19,94,32
12,Nova Scotia,2019,ALL,Software & IT Services,2995903.86,39,26
12,Nova Scotia,2019,ALL,Utilities & Environmental,12415867.01,61,14
12,Nova Scotia,2019,ALL,Weapons & Tactical Security,34112976.82,78,8
12,Nova Scotia,2020,ALL,Automotive & Heavy Vehicles,1201378.13,15,10
12,Nova Scotia,2020,ALL,Civil Engineering & Infrastructure,639630236.17,374,84
12,Nova Scotia,2020,ALL,Heavy Industry & Machinery,8063659,92,48
12,Nova Scotia,2020,ALL,High-Tech Hardware & Telecom,1961277.34,9,6
12,Nova Scotia,2020,ALL,Life Sciences & Medical,240620.04,5,3
12,Nova Scotia,2020,ALL,"Logistics, Training & Workforce",9157823.86,156,50
12,Nova Scotia,2020,ALL,Marine & Shipbuilding,5168098.51,49,6
12,Nova Scotia,2020,ALL,Other,1570394.25,41,17
12,Nova Scotia,2020,ALL,Professional Services,7405792.2,31,18
12,Nova Scotia,2020,ALL,"Resources, Fuels & Materials",2356463.19,117,31
12,Nova Scotia,2020,ALL,Software & IT Services,3671906.88,44,27
12,Nova Scotia,2020,ALL,Utilities & Environmental,7285356.9,53,13
12,Nova Scotia,2020,ALL,Weapons & Tactical Security,15905471.700000001,45,2
12,Nova Scotia,2021,ALL,Automotive & Heavy Vehicles,159301.83000000002,6,5
12,Nova Scotia,2021,ALL,Civil Engineering & Infrastructure,71832234.33,509,100
12,Nova Scotia,2021,ALL,Heavy Industry & Machinery,4744476.25,103,46
12,Nova Scotia,2021,ALL,High-Tech Hardware & Telecom,76112036.47,13,11
12,Nova Scotia,2021,ALL,Life Sciences & Medical,1068294.71,3,3
12,Nova Scotia,2021,ALL,"Logistics, Training & Workforce",13168322.44,149,61
12,Nova Scotia,2021,ALL,Marine & Shipbuilding,6423282.4,52,18
12,Nova Scotia,2021,ALL,Other,216046.07,10,9
12,Nova Scotia,2021,ALL,Professional Services,14974916.14,28,18
12,Nova Scotia,2021,ALL,"Resources, Fuels & Materials",5128660.93,187,41
12,Nova Scotia,2021,ALL,Software & IT Services,698987445.29,44,34
12,Nova Scotia,2021,ALL,Utilities & Environmental,11957562.42,57,21
12,Nova Scotia,2021,ALL,Weapons & Tactical Security,29734137.75,68,6
12,Nova Scotia,2022,ALL,Aerospace & Space,31537754,3,2
12,Nova Scotia,2022,ALL,Automotive & Heavy Vehicles,8645956.85,15,11
12,Nova Scotia,2022,ALL,Civil Engineering & Infrastructure,58794830.37,483,106
12,Nova Scotia,2022,ALL,Heavy Industry & Machinery,22456757.8,110,61
12,Nova Scotia,2022,ALL,High-Tech Hardware & Telecom,1779723.8,17,13
12,Nova Scotia,2022,ALL,Life Sciences & Medical,165614.26,3,3
12,Nova Scotia,2022,ALL,"Logistics, Training & Workforce",7325097.74,211,73
12,Nova Scotia,2022,ALL,Marine & Shipbuilding,24931412.23,69,20
12,Nova Scotia,2022,ALL,Other,995753.6,25,21
12,Nova Scotia,2022,ALL,Professional Services,3176514.9,39,29
12,Nova Scotia,2022,ALL,"Resources, Fuels & Materials",10339986.26,253,39
12,Nova Scotia,2022,ALL,Software & IT Services,12025167.74,50,30
12,Nova Scotia,2022,ALL,Utilities & Environmental,6727984.89,60,20
12,Nova Scotia,2022,ALL,Weapons & Tactical Security,32671559.25,55,7
12,Nova Scotia,2023,ALL,Aerospace & Space,1478363.1,1,1
12,Nova Scotia,2023,ALL,Automotive & Heavy Vehicles,11106836.56,26,17
12,Nova Scotia,2023,ALL,Civil Engineering & Infrastructure,339283539.03,581,116
12,Nova Scotia,2023,ALL,Heavy Industry & Machinery,11886524.38,154,82
12,Nova Scotia,2023,ALL,High-Tech Hardware & Telecom,589838.86,11,9
12,Nova Scotia,2023,ALL,Life Sciences & Medical,518803.31,4,4
12,Nova Scotia,2023,ALL,"Logistics, Training & Workforce",7015560.21,238,91
12,Nova Scotia,2023,ALL,Marine & Shipbuilding,10663391.48,79,27
12,Nova Scotia,2023,ALL,Other,1536827.48,69,28
12,Nova Scotia,2023,ALL,Professional Services,3537303.93,37,31
12,Nova Scotia,2023,ALL,"Resources, Fuels & Materials",14142954.64,234,52
12,Nova Scotia,2023,ALL,Software & IT Services,12111225.55,73,51
12,Nova Scotia,2023,ALL,Utilities & Environmental,29090613.36,82,27
12,Nova Scotia,2023,ALL,Weapons & Tactical Security,8525981.15,49,12
12,Nova Scotia,2024,ALL,Aerospace & Space,3480141424.06,6,5
12,Nova Scotia,2024,ALL,Automotive & Heavy Vehicles,2424213.03,20,14
12,Nova Scotia,2024,ALL,Civil Engineering & Infrastructure,167649007.42,587,111
12,Nova Scotia,2024,ALL,Heavy Industry & Machinery,21398454.48,143,68
12,Nova Scotia,2024,ALL,High-Tech Hardware & Telecom,1240271.63,10,9
12,Nova Scotia,2024,ALL,Life Sciences & Medical,118449.31999999999,5,4
12,Nova Scotia,2024,ALL,"Logistics, Training & Workforce",27873616.23,225,87
12,Nova Scotia,2024,ALL,Marine & Shipbuilding,43389575.18,59,22
12,Nova Scotia,2024,ALL,Other,1175993.85,55,18
12,Nova Scotia,2024,ALL,Professional Services,13368089.98,39,30
12,Nova Scotia,2024,ALL,"Resources, Fuels & Materials",4896030.4,165,43
12,Nova Scotia,2024,ALL,Software & IT Services,9845873.04,84,49
12,Nova Scotia,2024,ALL,Utilities & Environmental,31539072.32,112,32
12,Nova Scotia,2024,ALL,Weapons & Tactical Security,92171395.8,38,14
12,Nova Scotia,2025,ALL,Aerospace & Space,3330850.08,3,3
12,Nova Scotia,2025,ALL,Automotive & Heavy Vehicles,361988.43,16,15
12,Nova Scotia,2025,ALL,Civil Engineering & Infrastructure,117649811.79,496,114
12,Nova Scotia,2025,ALL,Heavy Industry & Machinery,22724608.7,224,100
12,Nova Scotia,2025,ALL,High-Tech Hardware & Telecom,2602762.59,12,11
12,Nova Scotia,2025,ALL,Life Sciences & Medical,335363.52,8,8
12,Nova Scotia,2025,ALL,"Logistics, Training & Workforce",13734780.97,442,115
12,Nova Scotia,2025,ALL,Marine & Shipbuilding,10847768076.02,303,97
12,Nova Scotia,2025,ALL,Other,5444924.74,126,30
12,Nova Scotia,2025,ALL,Professional Services,24805127.42,33,26
12,Nova Scotia,2025,ALL,"Resources, Fuels & Materials",5420369.16,165,56
12,Nova Scotia,2025,ALL,Software & IT Services,9278960.6,70,46
12,Nova Scotia,2025,ALL,Utilities & Environmental,5380076.85,139,22
12,Nova Scotia,2025,ALL,Weapons & Tactical Security,12412946.06,35,14
12,Nova Scotia,2026,ALL,Aerospace & Space,80977.39,1,1
12,Nova Scotia,2026,ALL,Automotive & Heavy Vehicles,1433277.74,9,8
12,Nova Scotia,2026,ALL,Civil Engineering & Infrastructure,10728892.33,53,34
12,Nova Scotia,2026,ALL,Heavy Industry & Machinery,5373242.34,106,53
12,Nova Scotia,2026,ALL,High-Tech Hardware & Telecom,2746691.91,4,4
12,Nova Scotia,2026,ALL,Life Sciences & Medical,654686.7999999999,11,6
12,Nova Scotia,2026,ALL,"Logistics, Training & Workforce",12904972.85,143,67
12,Nova Scotia,2026,ALL,Marine & Shipbuilding,6525997.44,127,48
12,Nova Scotia,2026,ALL,Other,998976.07,40,7
12,Nova Scotia,2026,ALL,Professional Services,323836.25,5,5
12,Nova Scotia,2026,ALL,"Resources, Fuels & Materials",996270.72,41,23
12,Nova Scotia,2026,ALL,Software & IT Services,2058469.02,10,7
12,Nova Scotia,2026,ALL,Utilities & Environmental,745184.48,32,14
12,Nova Scotia,2026,ALL,Weapons & Tactical Security,1375543.56,4,4
13,New Brunswick,2016,ALL,Civil Engineering & Infrastructure,2334976.56,85,15
13,New Brunswick,2016,ALL,Heavy Industry & Machinery,85893.18,7,1
13,New Brunswick,2016,ALL,High-Tech Hardware & Telecom,158567.28,3,2
13,New Brunswick,2016,ALL,"Logistics, Training & Workforce",1667063.9,12,7
13,New Brunswick,2016,ALL,Other,540676.15,17,5
13,New Brunswick,2016,ALL,Professional Services,562140.8,4,3
13,New Brunswick,2016,ALL,"Resources, Fuels & Materials",693829.58,35,5
13,New Brunswick,2016,ALL,Utilities & Environmental,221732.44,7,3
13,New Brunswick,2016,ALL,Weapons & Tactical Security,13437.56,1,1
13,New Brunswick,2017,ALL,Automotive & Heavy Vehicles,26340.04,2,2
13,New Brunswick,2017,ALL,Civil Engineering & Infrastructure,14303273.09,187,43
13,New Brunswick,2017,ALL,Heavy Industry & Machinery,1785223.26,31,21
13,New Brunswick,2017,ALL,High-Tech Hardware & Telecom,2012158.41,9,5
13,New Brunswick,2017,ALL,Life Sciences & Medical,366166.46,27,2
13,New Brunswick,2017,ALL,"Logistics, Training & Workforce",5091922.51,72,28
13,New Brunswick,2017,ALL,Marine & Shipbuilding,854126.25,2,2
13,New Brunswick,2017,ALL,Other,485933.08999999997,15,6
13,New Brunswick,2017,ALL,Professional Services,3150266.45,8,8
13,New Brunswick,2017,ALL,"Resources, Fuels & Materials",10593490.44,217,26
13,New Brunswick,2017,ALL,Software & IT Services,2221532.9,13,8
13,New Brunswick,2017,ALL,Utilities & Environmental,634103.83,11,6
13,New Brunswick,2018,ALL,Automotive & Heavy Vehicles,96305.29000000001,6,3
13,New Brunswick,2018,ALL,Civil Engineering & Infrastructure,8489968.33,174,38
13,New Brunswick,2018,ALL,Heavy Industry & Machinery,2166373.92,45,19
13,New Brunswick,2018,ALL,High-Tech Hardware & Telecom,638035.63,16,7
13,New Brunswick,2018,ALL,Life Sciences & Medical,218982.58,16,3
13,New Brunswick,2018,ALL,"Logistics, Training & Workforce",2635686.84,65,36
13,New Brunswick,2018,ALL,Marine & Shipbuilding,25000,1,1
13,New Brunswick,2018,ALL,Other,2385179.31,15,7
13,New Brunswick,2018,ALL,Professional Services,1065053.55,15,13
13,New Brunswick,2018,ALL,"Resources, Fuels & Materials",29135719.76,274,21
13,New Brunswick,2018,ALL,Software & IT Services,1254731.02,13,11
13,New Brunswick,2018,ALL,Utilities & Environmental,1396594.69,14,8
13,New Brunswick,2018,ALL,Weapons & Tactical Security,296728.04,6,3
13,New Brunswick,2019,ALL,Automotive & Heavy Vehicles,152887.08,8,6
13,New Brunswick,2019,ALL,Civil Engineering & Infrastructure,51579564.06,157,36
13,New Brunswick,2019,ALL,Heavy Industry & Machinery,1991216.14,30,15
13,New Brunswick,2019,ALL,High-Tech Hardware & Telecom,1400577.4100000001,15,8
13,New Brunswick,2019,ALL,Life Sciences & Medical,413010.87,31,2
13,New Brunswick,2019,ALL,"Logistics, Training & Workforce",1852245.53,110,28
13,New Brunswick,2019,ALL,Marine & Shipbuilding,120066.8,5,5
13,New Brunswick,2019,ALL,Other,1361585.77,15,7
13,New Brunswick,2019,ALL,Professional Services,1560551.55,13,13
13,New Brunswick,2019,ALL,"Resources, Fuels & Materials",24721714.48,213,17
13,New Brunswick,2019,ALL,Software & IT Services,1180272.56,7,6
13,New Brunswick,2019,ALL,Utilities & Environmental,1813122.29,10,8
13,New Brunswick,2020,ALL,Automotive & Heavy Vehicles,206641.38,10,6
13,New Brunswick,2020,ALL,Civil Engineering & Infrastructure,16202867.85,182,42
13,New Brunswick,2020,ALL,Heavy Industry & Machinery,499054.06,26,16
13,New Brunswick,2020,ALL,High-Tech Hardware & Telecom,976629.2000000001,14,6
13,New Brunswick,2020,ALL,Life Sciences & Medical,737539.32,47,4
13,New Brunswick,2020,ALL,"Logistics, Training & Workforce",1708021.49,80,23
13,New Brunswick,2020,ALL,Marine & Shipbuilding,43927.13,1,1
13,New Brunswick,2020,ALL,Other,621678.27,19,8
13,New Brunswick,2020,ALL,Professional Services,1834384.0799999998,11,9
13,New Brunswick,2020,ALL,"Resources, Fuels & Materials",27072989.8,132,20
13,New Brunswick,2020,ALL,Software & IT Services,3606457.18,12,11
13,New Brunswick,2020,ALL,Utilities & Environmental,3753320.68,8,5
13,New Brunswick,2021,ALL,Automotive & Heavy Vehicles,398734.08,11,9
13,New Brunswick,2021,ALL,Civil Engineering & Infrastructure,31921470.42,192,48
13,New Brunswick,2021,ALL,Heavy Industry & Machinery,968668.61,58,27
13,New Brunswick,2021,ALL,High-Tech Hardware & Telecom,1274797.08,17,9
13,New Brunswick,2021,ALL,Life Sciences & Medical,780117.16,55,3
13,New Brunswick,2021,ALL,"Logistics, Training & Workforce",2305544.02,82,20
13,New Brunswick,2021,ALL,Marine & Shipbuilding,109368312.5,3,3
13,New Brunswick,2021,ALL,Other,197166.84,10,9
13,New Brunswick,2021,ALL,Professional Services,4039261.52,9,9
13,New Brunswick,2021,ALL,"Resources, Fuels & Materials",22363274.22,158,30
13,New Brunswick,2021,ALL,Software & IT Services,1440372.1199999999,15,12
13,New Brunswick,2021,ALL,Utilities & Environmental,756953.09,10,6
13,New Brunswick,2022,ALL,Automotive & Heavy Vehicles,2362586.99,25,12
13,New Brunswick,2022,ALL,Civil Engineering & Infrastructure,32417804.95,184,62
13,New Brunswick,2022,ALL,Heavy Industry & Machinery,564892.87,20,16
13,New Brunswick,2022,ALL,High-Tech Hardware & Telecom,966382.69,9,7
13,New Brunswick,2022,ALL,Life Sciences & Medical,702901.33,49,5
13,New Brunswick,2022,ALL,"Logistics, Training & Workforce",2457555.49,137,35
13,New Brunswick,2022,ALL,Other,2271909.4,30,23
13,New Brunswick,2022,ALL,Professional Services,2296381.0500000003,17,16
13,New Brunswick,2022,ALL,"Resources, Fuels & Materials",41280859.37,163,32
13,New Brunswick,2022,ALL,Software & IT Services,513055,6,6
13,New Brunswick,2022,ALL,Utilities & Environmental,3961393.79,13,6
13,New Brunswick,2022,ALL,Weapons & Tactical Security,15612.7,1,1
13,New Brunswick,2023,ALL,Automotive & Heavy Vehicles,745739.9,17,9
13,New Brunswick,2023,ALL,Civil Engineering & Infrastructure,67455075.05,206,63
13,New Brunswick,2023,ALL,Heavy Industry & Machinery,1375187.4,48,35
13,New Brunswick,2023,ALL,High-Tech Hardware & Telecom,1220053.6400000001,21,7
13,New Brunswick,2023,ALL,Life Sciences & Medical,965935.43,62,4
13,New Brunswick,2023,ALL,"Logistics, Training & Workforce",112567792.2,110,38
13,New Brunswick,2023,ALL,Marine & Shipbuilding,50138.83,2,2
13,New Brunswick,2023,ALL,Other,1490882.42,47,29
13,New Brunswick,2023,ALL,Professional Services,4064325.21,22,18
13,New Brunswick,2023,ALL,"Resources, Fuels & Materials",60715815.04,243,31
13,New Brunswick,2023,ALL,Software & IT Services,2888810.65,25,22
13,New Brunswick,2023,ALL,Utilities & Environmental,434704.93,10,6
13,New Brunswick,2024,ALL,Automotive & Heavy Vehicles,4973061.09,28,13
13,New Brunswick,2024,ALL,Civil Engineering & Infrastructure,20527809.43,117,45
13,New Brunswick,2024,ALL,Heavy Industry & Machinery,1297114.73,38,27
13,New Brunswick,2024,ALL,High-Tech Hardware & Telecom,1159795.35,22,9
13,New Brunswick,2024,ALL,Life Sciences & Medical,1033431.2,73,2
13,New Brunswick,2024,ALL,"Logistics, Training & Workforce",2650229.45,128,38
13,New Brunswick,2024,ALL,Marine & Shipbuilding,147004.59,4,4
13,New Brunswick,2024,ALL,Other,1598819.26,33,17
13,New Brunswick,2024,ALL,Professional Services,4469103.43,21,19
13,New Brunswick,2024,ALL,"Resources, Fuels & Materials",53273622.15,316,33
13,New Brunswick,2024,ALL,Software & IT Services,3339374.42,37,29
13,New Brunswick,2024,ALL,Utilities & Environmental,2857406.93,23,13
13,New Brunswick,2024,ALL,Weapons & Tactical Security,17774.2,1,1
13,New Brunswick,2025,ALL,Automotive & Heavy Vehicles,1124260.98,26,23
13,New Brunswick,2025,ALL,Civil Engineering & Infrastructure,148249029.16,180,53
13,New Brunswick,2025,ALL,Heavy Industry & Machinery,3701419.49,72,46
13,New Brunswick,2025,ALL,High-Tech Hardware & Telecom,1061508.74,15,7
13,New Brunswick,2025,ALL,Life Sciences & Medical,1218918.64,79,4
13,New Brunswick,2025,ALL,"Logistics, Training & Workforce",3564442.7,168,46
13,New Brunswick,2025,ALL,Marine & Shipbuilding,1435522.72,25,13
13,New Brunswick,2025,ALL,Other,1594265.32,35,19
13,New Brunswick,2025,ALL,Professional Services,6429399.52,19,16
13,New Brunswick,2025,ALL,"Resources, Fuels & Materials",36540758.34,357,57
13,New Brunswick,2025,ALL,Software & IT Services,3346137.71,33,25
13,New Brunswick,2025,ALL,Utilities & Environmental,2015523.0499999998,21,10
13,New Brunswick,2025,ALL,Weapons & Tactical Security,1165233.6300000001,2,2
13,New Brunswick,2026,ALL,Automotive & Heavy Vehicles,80299.73999999999,6,6
13,New Brunswick,2026,ALL,Civil Engineering & Infrastructure,1326298.32,20,14
13,New Brunswick,2026,ALL,Heavy Industry & Machinery,819008.46,34,21
13,New Brunswick,2026,ALL,High-Tech Hardware & Telecom,10452.06,1,1
13,New Brunswick,2026,ALL,Life Sciences & Medical,460601.17,31,3
13,New Brunswick,2026,ALL,"Logistics, Training & Workforce",1156193.79,25,20
13,New Brunswick,2026,ALL,Marine & Shipbuilding,1487915.6300000001,10,7
13,New Brunswick,2026,ALL,Other,346254.64,9,7
13,New Brunswick,2026,ALL,Professional Services,74752.9,2,2
13,New Brunswick,2026,ALL,"Resources, Fuels & Materials",16678623.5,96,10
13,New Brunswick,2026,ALL,Software & IT Services,205499.31,6,6
13,New Brunswick,2026,ALL,Utilities & Environmental,942582.17,6,3
13,New Brunswick,2026,ALL,Weapons & Tactical Security,130550,2,2
24,Quebec,2016,ALL,Aerospace & Space,86970.66,5,4
24,Quebec,2016,ALL,Automotive & Heavy Vehicles,27094237.54,24,10
24,Quebec,2016,ALL,Civil Engineering & Infrastructure,139470.34,6,6
24,Quebec,2016,ALL,Heavy Industry & Machinery,5516162.82,44,26
24,Quebec,2016,ALL,High-Tech Hardware & Telecom,436435.6,9,6
24,Quebec,2016,ALL,Life Sciences & Medical,1119988.0999999999,2,2
24,Quebec,2016,ALL,"Logistics, Training & Workforce",892477.13,25,24
24,Quebec,2016,ALL,Marine & Shipbuilding,95583.01000000001,3,3
24,Quebec,2016,ALL,Other,314331.14,12,11
24,Quebec,2016,ALL,Professional Services,187949562.18,3,3
24,Quebec,2016,ALL,"Resources, Fuels & Materials",1113832.34,52,14
24,Quebec,2016,ALL,Software & IT Services,242601.8,3,3
24,Quebec,2016,ALL,Utilities & Environmental,15000,1,1
24,Quebec,2017,ALL,Aerospace & Space,753611989.03,87,18
24,Quebec,2017,ALL,Automotive & Heavy Vehicles,66298590.65,121,47
24,Quebec,2017,ALL,Civil Engineering & Infrastructure,72667843.09,187,94
24,Quebec,2017,ALL,Heavy Industry & Machinery,27953765.76,300,127
24,Quebec,2017,ALL,High-Tech Hardware & Telecom,11423105.65,78,33
24,Quebec,2017,ALL,Life Sciences & Medical,2109437.44,44,22
24,Quebec,2017,ALL,"Logistics, Training & Workforce",13889326.92,269,142
24,Quebec,2017,ALL,Marine & Shipbuilding,1413142931.64,58,18
24,Quebec,2017,ALL,Other,871892.83,39,30
24,Quebec,2017,ALL,Professional Services,5445584.069999999,41,36
24,Quebec,2017,ALL,"Resources, Fuels & Materials",15130801.42,362,77
24,Quebec,2017,ALL,Software & IT Services,5079712.86,63,47
24,Quebec,2017,ALL,Utilities & Environmental,18139988.08,27,15
24,Quebec,2017,ALL,Weapons & Tactical Security,3822191.79,30,15
24,Quebec,2018,ALL,Aerospace & Space,85609630.35,222,23
24,Quebec,2018,ALL,Automotive & Heavy Vehicles,20246642.59,167,56
24,Quebec,2018,ALL,Civil Engineering & Infrastructure,197575696.48,240,129
24,Quebec,2018,ALL,Heavy Industry & Machinery,19895777.94,314,139
24,Quebec,2018,ALL,High-Tech Hardware & Telecom,32789897.89,176,53
24,Quebec,2018,ALL,Life Sciences & Medical,6512860.25,70,38
24,Quebec,2018,ALL,"Logistics, Training & Workforce",22975313.6,423,187
24,Quebec,2018,ALL,Marine & Shipbuilding,23510790.46,114,26
24,Quebec,2018,ALL,Other,3083625.4,49,44
24,Quebec,2018,ALL,Professional Services,14590811.43,56,49
24,Quebec,2018,ALL,"Resources, Fuels & Materials",21042032.1,544,96
24,Quebec,2018,ALL,Software & IT Services,37735617.4,78,65
24,Quebec,2018,ALL,Utilities & Environmental,8783533.1,34,14
24,Quebec,2018,ALL,Weapons & Tactical Security,88221022.79,49,21
24,Quebec,2019,ALL,Aerospace & Space,121296065.84,271,14
24,Quebec,2019,ALL,Automotive & Heavy Vehicles,2292666736.97,147,61
24,Quebec,2019,ALL,Civil Engineering & Infrastructure,339103355.05,157,105
24,Quebec,2019,ALL,Heavy Industry & Machinery,9684012.52,237,102
24,Quebec,2019,ALL,High-Tech Hardware & Telecom,15883297.84,147,45
24,Quebec,2019,ALL,Life Sciences & Medical,15621027.63,70,27
24,Quebec,2019,ALL,"Logistics, Training & Workforce",35075373.78,504,188
24,Quebec,2019,ALL,Marine & Shipbuilding,1826606721.53,58,23
24,Quebec,2019,ALL,Other,947765.76,52,31
24,Quebec,2019,ALL,Professional Services,10890168.22,65,47
24,Quebec,2019,ALL,"Resources, Fuels & Materials",16969004.22,434,102
24,Quebec,2019,ALL,Software & IT Services,9886557.24,63,53
24,Quebec,2019,ALL,Utilities & Environmental,20756795.92,18,13
24,Quebec,2019,ALL,Weapons & Tactical Security,44251855.41,35,13
24,Quebec,2020,ALL,Aerospace & Space,123217834.93,52,11
24,Quebec,2020,ALL,Automotive & Heavy Vehicles,36275880.09,111,51
24,Quebec,2020,ALL,Civil Engineering & Infrastructure,617575048.08,187,104
24,Quebec,2020,ALL,Heavy Industry & Machinery,15305654.82,284,134
24,Quebec,2020,ALL,High-Tech Hardware & Telecom,32598963.58,116,44
24,Quebec,2020,ALL,Life Sciences & Medical,2918499.35,35,24
24,Quebec,2020,ALL,"Logistics, Training & Workforce",24417754.76,417,145
24,Quebec,2020,ALL,Marine & Shipbuilding,6099265.91,71,17
24,Quebec,2020,ALL,Other,995919.81,47,22
24,Quebec,2020,ALL,Professional Services,49753534.62,67,44
24,Quebec,2020,ALL,"Resources, Fuels & Materials",6450736.38,206,81
24,Quebec,2020,ALL,Software & IT Services,3418292.01,52,39
24,Quebec,2020,ALL,Utilities & Environmental,1863205.78,22,19
24,Quebec,2020,ALL,Weapons & Tactical Security,164478792.79,44,6
24,Quebec,2021,ALL,Aerospace & Space,5468961.82,40,13
24,Quebec,2021,ALL,Automotive & Heavy Vehicles,39400301.9,74,40
24,Quebec,2021,ALL,Civil Engineering & Infrastructure,233873318.62,190,96
24,Quebec,2021,ALL,Heavy Industry & Machinery,15574331.34,230,112
24,Quebec,2021,ALL,High-Tech Hardware & Telecom,20390201.849999998,153,49
24,Quebec,2021,ALL,Life Sciences & Medical,43543597.04,39,33
24,Quebec,2021,ALL,"Logistics, Training & Workforce",34118285.64,434,160
24,Quebec,2021,ALL,Marine & Shipbuilding,4854174.65,53,14
24,Quebec,2021,ALL,Other,1391292.92,66,34
24,Quebec,2021,ALL,Professional Services,37975517.38,85,58
24,Quebec,2021,ALL,"Resources, Fuels & Materials",32456607.91,607,108
24,Quebec,2021,ALL,Software & IT Services,9828357.63,122,53
24,Quebec,2021,ALL,Utilities & Environmental,3475962.62,10,7
24,Quebec,2021,ALL,Weapons & Tactical Security,136697661.43,37,10
24,Quebec,2022,ALL,Aerospace & Space,85798779.47,71,22
24,Quebec,2022,ALL,Automotive & Heavy Vehicles,21140174.18,105,50
24,Quebec,2022,ALL,Civil Engineering & Infrastructure,885119006.93,247,133
24,Quebec,2022,ALL,Heavy Industry & Machinery,68356666.09,280,135
24,Quebec,2022,ALL,High-Tech Hardware & Telecom,25997848.71,116,52
24,Quebec,2022,ALL,Life Sciences & Medical,2744438.65,48,36
24,Quebec,2022,ALL,"Logistics, Training & Workforce",926999178.94,578,192
24,Quebec,2022,ALL,Marine & Shipbuilding,15654716.89,74,15
24,Quebec,2022,ALL,Other,1725334.85,69,40
24,Quebec,2022,ALL,Professional Services,38898622.62,87,60
24,Quebec,2022,ALL,"Resources, Fuels & Materials",33117711.86,539,115
24,Quebec,2022,ALL,Software & IT Services,18315099.09,157,71
24,Quebec,2022,ALL,Utilities & Environmental,5396992.19,21,16
24,Quebec,2022,ALL,Weapons & Tactical Security,221511929.08,43,14
24,Quebec,2023,ALL,Aerospace & Space,2291162453.54,51,21
24,Quebec,2023,ALL,Automotive & Heavy Vehicles,19217875.86,132,74
24,Quebec,2023,ALL,Civil Engineering & Infrastructure,792904255.65,239,140
24,Quebec,2023,ALL,Heavy Industry & Machinery,15860231.84,373,174
24,Quebec,2023,ALL,High-Tech Hardware & Telecom,37242171.74,142,56
24,Quebec,2023,ALL,Life Sciences & Medical,9869932.23,38,31
24,Quebec,2023,ALL,"Logistics, Training & Workforce",234694390.28,611,240
24,Quebec,2023,ALL,Marine & Shipbuilding,28051468.85,53,17
24,Quebec,2023,ALL,Other,12454269.26,66,47
24,Quebec,2023,ALL,Professional Services,17532002.1,125,102
24,Quebec,2023,ALL,"Resources, Fuels & Materials",43756680.88,445,122
24,Quebec,2023,ALL,Software & IT Services,27811961.02,148,77
24,Quebec,2023,ALL,Utilities & Environmental,10517547.55,20,14
24,Quebec,2023,ALL,Weapons & Tactical Security,309555014.35,49,14
24,Quebec,2024,ALL,Aerospace & Space,85417996.86,78,33
24,Quebec,2024,ALL,Automotive & Heavy Vehicles,45508715.25,186,97
24,Quebec,2024,ALL,Civil Engineering & Infrastructure,62445971.11,231,113
24,Quebec,2024,ALL,Heavy Industry & Machinery,37113298.42,384,183
24,Quebec,2024,ALL,High-Tech Hardware & Telecom,71870507.93,133,57
24,Quebec,2024,ALL,Life Sciences & Medical,3887732.55,44,34
24,Quebec,2024,ALL,"Logistics, Training & Workforce",29544012.51,687,259
24,Quebec,2024,ALL,Marine & Shipbuilding,110357021.59,64,28
24,Quebec,2024,ALL,Other,1923377.97,45,32
24,Quebec,2024,ALL,Professional Services,12908398.6,94,72
24,Quebec,2024,ALL,"Resources, Fuels & Materials",67629273.46,535,105
24,Quebec,2024,ALL,Software & IT Services,12523273.36,132,71
24,Quebec,2024,ALL,Utilities & Environmental,4690381.850000001,26,16
24,Quebec,2024,ALL,Weapons & Tactical Security,363954984.72,67,22
24,Quebec,2025,ALL,Aerospace & Space,726461987.99,176,39
24,Quebec,2025,ALL,Automotive & Heavy Vehicles,45350126.410000004,157,89
24,Quebec,2025,ALL,Civil Engineering & Infrastructure,160568977.81,343,133
24,Quebec,2025,ALL,Heavy Industry & Machinery,263877506.77,641,285
24,Quebec,2025,ALL,High-Tech Hardware & Telecom,47525601.93,188,69
24,Quebec,2025,ALL,Life Sciences & Medical,37833894.47,72,51
24,Quebec,2025,ALL,"Logistics, Training & Workforce",94862550.93,1011,319
24,Quebec,2025,ALL,Marine & Shipbuilding,40587636.35,173,53
24,Quebec,2025,ALL,Other,8714695.540000001,118,58
24,Quebec,2025,ALL,Professional Services,33754851.38,99,73
24,Quebec,2025,ALL,"Resources, Fuels & Materials",72759051.4,589,142
24,Quebec,2025,ALL,Software & IT Services,30977248.22,162,90
24,Quebec,2025,ALL,Utilities & Environmental,16063979.81,33,18
24,Quebec,2025,ALL,Weapons & Tactical Security,434788247.36,79,20
24,Quebec,2026,ALL,Aerospace & Space,365487667.68,11,9
24,Quebec,2026,ALL,Automotive & Heavy Vehicles,3281063.28,38,29
24,Quebec,2026,ALL,Civil Engineering & Infrastructure,849368778.55,79,45
24,Quebec,2026,ALL,Heavy Industry & Machinery,12634757.209999999,214,120
24,Quebec,2026,ALL,High-Tech Hardware & Telecom,17037837.42,67,34
24,Quebec,2026,ALL,Life Sciences & Medical,857109.49,17,16
24,Quebec,2026,ALL,"Logistics, Training & Workforce",16995654.76,279,141
24,Quebec,2026,ALL,Marine & Shipbuilding,145267704.59,105,53
24,Quebec,2026,ALL,Other,1982157.0999999999,22,18
24,Quebec,2026,ALL,Professional Services,5073139.07,20,19
24,Quebec,2026,ALL,"Resources, Fuels & Materials",18629153.57,172,41
24,Quebec,2026,ALL,Software & IT Services,3609491.1,37,32
24,Quebec,2026,ALL,Utilities & Environmental,306669.53,3,3
24,Quebec,2026,ALL,Weapons & Tactical Security,470715166.38,52,21
35,Ontario,2016,ALL,Aerospace & Space,5093819.38,3,3
35,Ontario,2016,ALL,Automotive & Heavy Vehicles,4875459.43,38,18
35,Ontario,2016,ALL,Civil Engineering & Infrastructure,41832651.05,46,24
35,Ontario,2016,ALL,Heavy Industry & Machinery,17474254.12,37,28
35,Ontario,2016,ALL,High-Tech Hardware & Telecom,13631986.06,37,24
35,Ontario,2016,ALL,Life Sciences & Medical,910708.49,8,8
35,Ontario,2016,ALL,"Logistics, Training & Workforce",3719919.02,110,64
35,Ontario,2016,ALL,Marine & Shipbuilding,4739035.18,10,7
35,Ontario,2016,ALL,Other,4733866.08,39,15
35,Ontario,2016,ALL,Professional Services,46619280.88,96,54
35,Ontario,2016,ALL,"Resources, Fuels & Materials",3291363.67,61,21
35,Ontario,2016,ALL,Software & IT Services,191558043.08,26,22
35,Ontario,2016,ALL,Utilities & Environmental,129017.97,8,6
35,Ontario,2016,ALL,Weapons & Tactical Security,442446.36,2,1
35,Ontario,2017,ALL,Aerospace & Space,56105191.03,232,13
35,Ontario,2017,ALL,Automotive & Heavy Vehicles,65848550.73,399,71
35,Ontario,2017,ALL,Civil Engineering & Infrastructure,163035903.59,466,221
35,Ontario,2017,ALL,Heavy Industry & Machinery,39854460.41,443,233
35,Ontario,2017,ALL,High-Tech Hardware & Telecom,114448703.88,589,176
35,Ontario,2017,ALL,Life Sciences & Medical,1775873523.56,74,55
35,Ontario,2017,ALL,"Logistics, Training & Workforce",28886090.29,611,291
35,Ontario,2017,ALL,Marine & Shipbuilding,14635619.39,52,29
35,Ontario,2017,ALL,Other,5610759.23,136,51
35,Ontario,2017,ALL,Professional Services,131174971.19,490,167
35,Ontario,2017,ALL,"Resources, Fuels & Materials",26661535.96,517,139
35,Ontario,2017,ALL,Software & IT Services,170344223.79,267,145
35,Ontario,2017,ALL,Utilities & Environmental,30504737.98,200,38
35,Ontario,2017,ALL,Weapons & Tactical Security,57266294.79,111,25
35,Ontario,2018,ALL,Aerospace & Space,64265503.410000004,81,21
35,Ontario,2018,ALL,Automotive & Heavy Vehicles,93317907.97,481,91
35,Ontario,2018,ALL,Civil Engineering & Infrastructure,928615279.18,538,283
35,Ontario,2018,ALL,Heavy Industry & Machinery,66583220.05,601,261
35,Ontario,2018,ALL,High-Tech Hardware & Telecom,154851910.3,851,183
35,Ontario,2018,ALL,Life Sciences & Medical,28114032.62,121,85
35,Ontario,2018,ALL,"Logistics, Training & Workforce",63572259.45,896,392
35,Ontario,2018,ALL,Marine & Shipbuilding,12817396.73,62,32
35,Ontario,2018,ALL,Other,18866234.98,161,75
35,Ontario,2018,ALL,Professional Services,371652962.97,598,220
35,Ontario,2018,ALL,"Resources, Fuels & Materials",34012635.77,621,168
35,Ontario,2018,ALL,Software & IT Services,140327272.18,328,179
35,Ontario,2018,ALL,Utilities & Environmental,58316779.87,182,46
35,Ontario,2018,ALL,Weapons & Tactical Security,132229897.75,87,33
35,Ontario,2019,ALL,Aerospace & Space,14576974.6,37,18
35,Ontario,2019,ALL,Automotive & Heavy Vehicles,42027271.35,281,80
35,Ontario,2019,ALL,Civil Engineering & Infrastructure,305018880.81,418,230
35,Ontario,2019,ALL,Heavy Industry & Machinery,45363218.03,512,219
35,Ontario,2019,ALL,High-Tech Hardware & Telecom,179143307.81,864,182
35,Ontario,2019,ALL,Life Sciences & Medical,37198747.04,97,69
35,Ontario,2019,ALL,"Logistics, Training & Workforce",47656760.6,920,364
35,Ontario,2019,ALL,Marine & Shipbuilding,38635483.49,35,24
35,Ontario,2019,ALL,Other,7322859.21,146,72
35,Ontario,2019,ALL,Professional Services,231932385.53,545,219
35,Ontario,2019,ALL,"Resources, Fuels & Materials",26100242.08,586,150
35,Ontario,2019,ALL,Software & IT Services,63401717.3,318,183
35,Ontario,2019,ALL,Utilities & Environmental,50598296.7,134,38
35,Ontario,2019,ALL,Weapons & Tactical Security,27843539.95,66,26
35,Ontario,2020,ALL,Aerospace & Space,4687076.47,43,12
35,Ontario,2020,ALL,Automotive & Heavy Vehicles,38064912.56,270,67
35,Ontario,2020,ALL,Civil Engineering & Infrastructure,365910495.49,500,252
35,Ontario,2020,ALL,Heavy Industry & Machinery,46085608.69,525,244
35,Ontario,2020,ALL,High-Tech Hardware & Telecom,97268233.8,709,155
35,Ontario,2020,ALL,Life Sciences & Medical,28404936.44,88,64
35,Ontario,2020,ALL,"Logistics, Training & Workforce",45941479.49,823,318
35,Ontario,2020,ALL,Marine & Shipbuilding,7034020.86,25,18
35,Ontario,2020,ALL,Other,14911321.99,120,68
35,Ontario,2020,ALL,Professional Services,208904697.74,334,184
35,Ontario,2020,ALL,"Resources, Fuels & Materials",115488310.1,541,160
35,Ontario,2020,ALL,Software & IT Services,210501533.08,331,173
35,Ontario,2020,ALL,Utilities & Environmental,22521831.69,103,31
35,Ontario,2020,ALL,Weapons & Tactical Security,38920720.41,79,18
35,Ontario,2021,ALL,Aerospace & Space,16026033.93,45,12
35,Ontario,2021,ALL,Automotive & Heavy Vehicles,32381678.95,248,61
35,Ontario,2021,ALL,Civil Engineering & Infrastructure,175306902.15,526,252
35,Ontario,2021,ALL,Heavy Industry & Machinery,24957214.44,507,215
35,Ontario,2021,ALL,High-Tech Hardware & Telecom,234632895.75,804,175
35,Ontario,2021,ALL,Life Sciences & Medical,8781931.71,99,72
35,Ontario,2021,ALL,"Logistics, Training & Workforce",78113646.95,887,358
35,Ontario,2021,ALL,Marine & Shipbuilding,13737206.46,43,28
35,Ontario,2021,ALL,Other,34912314.35,158,80
35,Ontario,2021,ALL,Professional Services,285008242.85,440,208
35,Ontario,2021,ALL,"Resources, Fuels & Materials",22773078.94,657,144
35,Ontario,2021,ALL,Software & IT Services,331706949.63,431,183
35,Ontario,2021,ALL,Utilities & Environmental,15178296.17,94,31
35,Ontario,2021,ALL,Weapons & Tactical Security,24777828.36,93,26
35,Ontario,2022,ALL,Aerospace & Space,6058631.05,107,25
35,Ontario,2022,ALL,Automotive & Heavy Vehicles,53369962.77,306,97
35,Ontario,2022,ALL,Civil Engineering & Infrastructure,1617841226.04,557,284
35,Ontario,2022,ALL,Heavy Industry & Machinery,86956466.32,604,247
35,Ontario,2022,ALL,High-Tech Hardware & Telecom,254816864.64,645,164
35,Ontario,2022,ALL,Life Sciences & Medical,33074725.28,104,66
35,Ontario,2022,ALL,"Logistics, Training & Workforce",52480770.89,1053,422
35,Ontario,2022,ALL,Marine & Shipbuilding,10817130.18,45,27
35,Ontario,2022,ALL,Other,17669720.85,170,77
35,Ontario,2022,ALL,Professional Services,221638840.26,514,252
35,Ontario,2022,ALL,"Resources, Fuels & Materials",30161708.77,656,165
35,Ontario,2022,ALL,Software & IT Services,189987125.87,580,225
35,Ontario,2022,ALL,Utilities & Environmental,61694223.32,92,42
35,Ontario,2022,ALL,Weapons & Tactical Security,68808091.04,97,27
35,Ontario,2023,ALL,Aerospace & Space,34216764.67,163,30
35,Ontario,2023,ALL,Automotive & Heavy Vehicles,48623267.58,244,115
35,Ontario,2023,ALL,Civil Engineering & Infrastructure,1955370795.64,574,291
35,Ontario,2023,ALL,Heavy Industry & Machinery,72013680.36,706,320
35,Ontario,2023,ALL,High-Tech Hardware & Telecom,294237453.2,890,225
35,Ontario,2023,ALL,Life Sciences & Medical,26100595.05,91,70
35,Ontario,2023,ALL,"Logistics, Training & Workforce",64788842.76,1293,515
35,Ontario,2023,ALL,Marine & Shipbuilding,537580867.89,67,44
35,Ontario,2023,ALL,Other,11147077.66,222,104
35,Ontario,2023,ALL,Professional Services,375086097.26,596,312
35,Ontario,2023,ALL,"Resources, Fuels & Materials",25666357.4,529,202
35,Ontario,2023,ALL,Software & IT Services,253942302.05,608,263
35,Ontario,2023,ALL,Utilities & Environmental,9936261.55,95,45
35,Ontario,2023,ALL,Weapons & Tactical Security,66156932.7,150,34
35,Ontario,2024,ALL,Aerospace & Space,22737954.53,132,39
35,Ontario,2024,ALL,Automotive & Heavy Vehicles,80903652.67,204,110
35,Ontario,2024,ALL,Civil Engineering & Infrastructure,585147106.49,451,247
35,Ontario,2024,ALL,Heavy Industry & Machinery,68441812.88,747,310
35,Ontario,2024,ALL,High-Tech Hardware & Telecom,226509444.98,761,220
35,Ontario,2024,ALL,Life Sciences & Medical,16048967.44,105,83
35,Ontario,2024,ALL,"Logistics, Training & Workforce",100986256.6,1097,474
35,Ontario,2024,ALL,Marine & Shipbuilding,715107255.52,40,29
35,Ontario,2024,ALL,Other,12594714.72,381,104
35,Ontario,2024,ALL,Professional Services,11413674785.98,513,254
35,Ontario,2024,ALL,"Resources, Fuels & Materials",25685195.05,414,173
35,Ontario,2024,ALL,Software & IT Services,461634405.41,576,247
35,Ontario,2024,ALL,Utilities & Environmental,46277896.51,116,51
35,Ontario,2024,ALL,Weapons & Tactical Security,298229867.04,81,34
35,Ontario,2025,ALL,Aerospace & Space,43644076.72,142,49
35,Ontario,2025,ALL,Automotive & Heavy Vehicles,105185159.14,293,111
35,Ontario,2025,ALL,Civil Engineering & Infrastructure,469871061.73,769,348
35,Ontario,2025,ALL,Heavy Industry & Machinery,94271425.67,932,414
35,Ontario,2025,ALL,High-Tech Hardware & Telecom,329358453.5,997,246
35,Ontario,2025,ALL,Life Sciences & Medical,27142301.35,134,90
35,Ontario,2025,ALL,"Logistics, Training & Workforce",195426173.61,1693,636
35,Ontario,2025,ALL,Marine & Shipbuilding,7355091.22,167,88
35,Ontario,2025,ALL,Other,18230111.99,472,134
35,Ontario,2025,ALL,Professional Services,321926414.54,600,250
35,Ontario,2025,ALL,"Resources, Fuels & Materials",18179923.51,522,194
35,Ontario,2025,ALL,Software & IT Services,688843493.73,710,286
35,Ontario,2025,ALL,Utilities & Environmental,47300935.73,129,61
35,Ontario,2025,ALL,Weapons & Tactical Security,78656020.84,69,42
35,Ontario,2026,ALL,Aerospace & Space,25908011.8,49,22
35,Ontario,2026,ALL,Automotive & Heavy Vehicles,12230112.18,61,38
35,Ontario,2026,ALL,Civil Engineering & Infrastructure,68680150.91,185,119
35,Ontario,2026,ALL,Heavy Industry & Machinery,41722459.04,251,145
35,Ontario,2026,ALL,High-Tech Hardware & Telecom,302621259.2,256,106
35,Ontario,2026,ALL,Life Sciences & Medical,18809766.11,56,38
35,Ontario,2026,ALL,"Logistics, Training & Workforce",27743134.39,434,219
35,Ontario,2026,ALL,Marine & Shipbuilding,10070396.85,117,57
35,Ontario,2026,ALL,Other,3661324.5,117,46
35,Ontario,2026,ALL,Professional Services,36871141.6,146,94
35,Ontario,2026,ALL,"Resources, Fuels & Materials",8804239.65,157,79
35,Ontario,2026,ALL,Software & IT Services,55871397.18,162,108
35,Ontario,2026,ALL,Utilities & Environmental,2433775.99,21,13
35,Ontario,2026,ALL,Weapons & Tactical Security,327486784.72,24,13
46,Manitoba,2016,ALL,Automotive & Heavy Vehicles,114459.84999999999,6,4
46,Manitoba,2016,ALL,Civil Engineering & Infrastructure,268122.86,7,4
46,Manitoba,2016,ALL,Heavy Industry & Machinery,802860.71,7,3
46,Manitoba,2016,ALL,Life Sciences & Medical,34349.68,2,2
46,Manitoba,2016,ALL,"Logistics, Training & Workforce",718444.52,9,5
46,Manitoba,2016,ALL,Marine & Shipbuilding,196188.73,1,1
46,Manitoba,2016,ALL,Other,14269.5,1,1
46,Manitoba,2016,ALL,"Resources, Fuels & Materials",12855.8,1,1
46,Manitoba,2016,ALL,Weapons & Tactical Security,6878185,1,1
46,Manitoba,2017,ALL,Aerospace & Space,126684.71,7,4
46,Manitoba,2017,ALL,Automotive & Heavy Vehicles,1121425.86,30,10
46,Manitoba,2017,ALL,Civil Engineering & Infrastructure,15306778.58,90,38
46,Manitoba,2017,ALL,Heavy Industry & Machinery,4275077.97,50,21
46,Manitoba,2017,ALL,High-Tech Hardware & Telecom,217076.4,6,4
46,Manitoba,2017,ALL,Life Sciences & Medical,20218412.44,5,3
46,Manitoba,2017,ALL,"Logistics, Training & Workforce",16092486.77,116,18
46,Manitoba,2017,ALL,Marine & Shipbuilding,428735.04,8,3
46,Manitoba,2017,ALL,Other,13920,1,1
46,Manitoba,2017,ALL,Professional Services,648504.8,22,7
46,Manitoba,2017,ALL,"Resources, Fuels & Materials",880571.05,39,9
46,Manitoba,2017,ALL,Software & IT Services,651773.23,9,7
46,Manitoba,2017,ALL,Utilities & Environmental,1069068.21,16,2
46,Manitoba,2017,ALL,Weapons & Tactical Security,6010070.09,6,2
46,Manitoba,2018,ALL,Aerospace & Space,45632.66,1,1
46,Manitoba,2018,ALL,Automotive & Heavy Vehicles,1926550.57,26,8
46,Manitoba,2018,ALL,Civil Engineering & Infrastructure,28796099.1,185,59
46,Manitoba,2018,ALL,Heavy Industry & Machinery,1543614.89,70,14
46,Manitoba,2018,ALL,High-Tech Hardware & Telecom,1448932.15,17,9
46,Manitoba,2018,ALL,Life Sciences & Medical,3220317.99,5,4
46,Manitoba,2018,ALL,"Logistics, Training & Workforce",5405973.26,94,22
46,Manitoba,2018,ALL,Marine & Shipbuilding,1350634.71,14,5
46,Manitoba,2018,ALL,Other,322229.98,10,5
46,Manitoba,2018,ALL,Professional Services,1084581.24,34,9
46,Manitoba,2018,ALL,"Resources, Fuels & Materials",1415958.29,58,10
46,Manitoba,2018,ALL,Software & IT Services,1014280.06,12,10
46,Manitoba,2018,ALL,Utilities & Environmental,1680851.16,25,5
46,Manitoba,2018,ALL,Weapons & Tactical Security,48471021.45,27,4
46,Manitoba,2019,ALL,Aerospace & Space,249228.78,8,7
46,Manitoba,2019,ALL,Automotive & Heavy Vehicles,2638212.7600000002,23,8
46,Manitoba,2019,ALL,Civil Engineering & Infrastructure,18967089.47,94,33
46,Manitoba,2019,ALL,Heavy Industry & Machinery,505769.18,31,11
46,Manitoba,2019,ALL,High-Tech Hardware & Telecom,878520.93,16,8
46,Manitoba,2019,ALL,Life Sciences & Medical,16419.38,1,1
46,Manitoba,2019,ALL,"Logistics, Training & Workforce",5601709.18,89,26
46,Manitoba,2019,ALL,Marine & Shipbuilding,204144.93999999997,3,1
46,Manitoba,2019,ALL,Other,352116.34,5,5
46,Manitoba,2019,ALL,Professional Services,777534.63,9,6
46,Manitoba,2019,ALL,"Resources, Fuels & Materials",1323858.26,48,16
46,Manitoba,2019,ALL,Software & IT Services,862430.1499999999,16,11
46,Manitoba,2019,ALL,Utilities & Environmental,385797.64,10,5
46,Manitoba,2019,ALL,Weapons & Tactical Security,64790.32,4,1
46,Manitoba,2020,ALL,Automotive & Heavy Vehicles,1154095.8699999999,16,5
46,Manitoba,2020,ALL,Civil Engineering & Infrastructure,27905843.46,116,29
46,Manitoba,2020,ALL,Heavy Industry & Machinery,1040532.75,45,21
46,Manitoba,2020,ALL,High-Tech Hardware & Telecom,792228.44,20,7
46,Manitoba,2020,ALL,Life Sciences & Medical,809378.46,4,4
46,Manitoba,2020,ALL,"Logistics, Training & Workforce",7276726.24,48,20
46,Manitoba,2020,ALL,Marine & Shipbuilding,95376.45999999999,5,3
46,Manitoba,2020,ALL,Other,1249389.45,9,5
46,Manitoba,2020,ALL,Professional Services,2676502.3,9,7
46,Manitoba,2020,ALL,"Resources, Fuels & Materials",2034448.53,78,19
46,Manitoba,2020,ALL,Software & IT Services,2323331.64,15,8
46,Manitoba,2020,ALL,Utilities & Environmental,1214511.2,8,4
46,Manitoba,2020,ALL,Weapons & Tactical Security,841283.1,1,1
46,Manitoba,2021,ALL,Aerospace & Space,34285.86,1,1
46,Manitoba,2021,ALL,Automotive & Heavy Vehicles,166918.78,5,4
46,Manitoba,2021,ALL,Civil Engineering & Infrastructure,19436165.69,160,51
46,Manitoba,2021,ALL,Heavy Industry & Machinery,1612417.29,59,20
46,Manitoba,2021,ALL,High-Tech Hardware & Telecom,537631.58,18,6
46,Manitoba,2021,ALL,Life Sciences & Medical,6531223.56,5,5
46,Manitoba,2021,ALL,"Logistics, Training & Workforce",4409611.82,64,18
46,Manitoba,2021,ALL,Marine & Shipbuilding,212641.12,9,2
46,Manitoba,2021,ALL,Other,261141.39,6,5
46,Manitoba,2021,ALL,Professional Services,601211.54,8,6
46,Manitoba,2021,ALL,"Resources, Fuels & Materials",1242916.54,51,20
46,Manitoba,2021,ALL,Software & IT Services,960488.82,18,11
46,Manitoba,2021,ALL,Utilities & Environmental,1483535.86,9,4
46,Manitoba,2022,ALL,Aerospace & Space,93865.59,3,3
46,Manitoba,2022,ALL,Automotive & Heavy Vehicles,4988699.28,16,11
46,Manitoba,2022,ALL,Civil Engineering & Infrastructure,16161136.56,217,50
46,Manitoba,2022,ALL,Heavy Industry & Machinery,1221856.23,58,22
46,Manitoba,2022,ALL,High-Tech Hardware & Telecom,1267772.5,13,4
46,Manitoba,2022,ALL,Life Sciences & Medical,53741617.88,5,3
46,Manitoba,2022,ALL,"Logistics, Training & Workforce",5286212.63,42,21
46,Manitoba,2022,ALL,Marine & Shipbuilding,117852.92,5,1
46,Manitoba,2022,ALL,Other,83837.89,6,5
46,Manitoba,2022,ALL,Professional Services,714612.37,14,6
46,Manitoba,2022,ALL,"Resources, Fuels & Materials",1650470.42,50,12
46,Manitoba,2022,ALL,Software & IT Services,1842096.28,14,11
46,Manitoba,2022,ALL,Utilities & Environmental,1089063.14,8,6
46,Manitoba,2022,ALL,Weapons & Tactical Security,1997513.3399999999,3,2
46,Manitoba,2023,ALL,Aerospace & Space,100164.53,4,4
46,Manitoba,2023,ALL,Automotive & Heavy Vehicles,3869236.2399999998,22,12
46,Manitoba,2023,ALL,Civil Engineering & Infrastructure,23197533.11,220,87
46,Manitoba,2023,ALL,Heavy Industry & Machinery,1983616.37,87,32
46,Manitoba,2023,ALL,High-Tech Hardware & Telecom,1250587.01,16,2
46,Manitoba,2023,ALL,Life Sciences & Medical,1052814.1,4,3
46,Manitoba,2023,ALL,"Logistics, Training & Workforce",21930703.83,61,34
46,Manitoba,2023,ALL,Marine & Shipbuilding,291273.3,13,7
46,Manitoba,2023,ALL,Other,726362.46,21,15
46,Manitoba,2023,ALL,Professional Services,223677.15,11,8
46,Manitoba,2023,ALL,"Resources, Fuels & Materials",1909631.81,68,24
46,Manitoba,2023,ALL,Software & IT Services,1864620.12,18,14
46,Manitoba,2023,ALL,Utilities & Environmental,1335705.92,17,13
46,Manitoba,2023,ALL,Weapons & Tactical Security,35291973.36,25,4
46,Manitoba,2024,ALL,Aerospace & Space,294570.47,5,5
46,Manitoba,2024,ALL,Automotive & Heavy Vehicles,9431955.03,51,28
46,Manitoba,2024,ALL,Civil Engineering & Infrastructure,7284127.13,164,56
46,Manitoba,2024,ALL,Heavy Industry & Machinery,1106708.96,51,24
46,Manitoba,2024,ALL,High-Tech Hardware & Telecom,775063.69,9,5
46,Manitoba,2024,ALL,Life Sciences & Medical,81825.64,5,4
46,Manitoba,2024,ALL,"Logistics, Training & Workforce",1534131.36,42,22
46,Manitoba,2024,ALL,Marine & Shipbuilding,45057.92,3,2
46,Manitoba,2024,ALL,Other,204615.67,14,8
46,Manitoba,2024,ALL,Professional Services,699710.14,9,8
46,Manitoba,2024,ALL,"Resources, Fuels & Materials",677123.81,22,15
46,Manitoba,2024,ALL,Software & IT Services,593915.82,13,9
46,Manitoba,2024,ALL,Utilities & Environmental,1621827.9,15,11
46,Manitoba,2024,ALL,Weapons & Tactical Security,2520449.59,13,4
46,Manitoba,2025,ALL,Aerospace & Space,212024.39,3,3
46,Manitoba,2025,ALL,Automotive & Heavy Vehicles,942491.7,26,13
46,Manitoba,2025,ALL,Civil Engineering & Infrastructure,27935524.53,232,73
46,Manitoba,2025,ALL,Heavy Industry & Machinery,3920696.12,122,47
46,Manitoba,2025,ALL,High-Tech Hardware & Telecom,219392.21000000002,5,5
46,Manitoba,2025,ALL,Life Sciences & Medical,399426.43,7,5
46,Manitoba,2025,ALL,"Logistics, Training & Workforce",2545996.91,96,40
46,Manitoba,2025,ALL,Marine & Shipbuilding,228572.28,9,2
46,Manitoba,2025,ALL,Other,2800758.18,30,20
46,Manitoba,2025,ALL,Professional Services,278594.76,6,6
46,Manitoba,2025,ALL,"Resources, Fuels & Materials",1098247.3800000001,34,15
46,Manitoba,2025,ALL,Software & IT Services,2532041.21,21,15
46,Manitoba,2025,ALL,Utilities & Environmental,1213986.89,6,5
46,Manitoba,2025,ALL,Weapons & Tactical Security,3048318.77,12,4
46,Manitoba,2026,ALL,Aerospace & Space,55299.12,2,2
46,Manitoba,2026,ALL,Automotive & Heavy Vehicles,807164.97,9,3
46,Manitoba,2026,ALL,Civil Engineering & Infrastructure,5465270.04,45,19
46,Manitoba,2026,ALL,Heavy Industry & Machinery,1701591.97,52,21
46,Manitoba,2026,ALL,High-Tech Hardware & Telecom,32582.730000000003,2,2
46,Manitoba,2026,ALL,Life Sciences & Medical,18649064.5,2,2
46,Manitoba,2026,ALL,"Logistics, Training & Workforce",7630196.7,42,22
46,Manitoba,2026,ALL,Marine & Shipbuilding,37738.82,3,2
46,Manitoba,2026,ALL,Other,117724.57,9,6
46,Manitoba,2026,ALL,Professional Services,918299.45,4,4
46,Manitoba,2026,ALL,"Resources, Fuels & Materials",159288.28,8,7
46,Manitoba,2026,ALL,Software & IT Services,138681.01,7,3
46,Manitoba,2026,ALL,Utilities & Environmental,988103.11,3,3
46,Manitoba,2026,ALL,Weapons & Tactical Security,27350113.69,5,5
47,Saskatchewan,2016,ALL,Automotive & Heavy Vehicles,13095.15,1,1
47,Saskatchewan,2016,ALL,Civil Engineering & Infrastructure,10731.7,1,1
47,Saskatchewan,2016,ALL,"Logistics, Training & Workforce",47778.68,3,1
47,Saskatchewan,2016,ALL,Other,11655,1,1
47,Saskatchewan,2016,ALL,Professional Services,300000,1,1
47,Saskatchewan,2016,ALL,"Resources, Fuels & Materials",10617.78,1,1
47,Saskatchewan,2016,ALL,Software & IT Services,116562.58,1,1
47,Saskatchewan,2017,ALL,Automotive & Heavy Vehicles,10357072.01,4,3
47,Saskatchewan,2017,ALL,Civil Engineering & Infrastructure,1158639.65,15,10
47,Saskatchewan,2017,ALL,Heavy Industry & Machinery,909146.5,11,10
47,Saskatchewan,2017,ALL,High-Tech Hardware & Telecom,96821.15000000001,5,5
47,Saskatchewan,2017,ALL,Life Sciences & Medical,81809.81,1,1
47,Saskatchewan,2017,ALL,"Logistics, Training & Workforce",956294.92,28,11
47,Saskatchewan,2017,ALL,Marine & Shipbuilding,28750,1,1
47,Saskatchewan,2017,ALL,Other,620416.15,16,6
47,Saskatchewan,2017,ALL,Professional Services,100000,1,1
47,Saskatchewan,2017,ALL,"Resources, Fuels & Materials",116037.70999999999,7,6
47,Saskatchewan,2017,ALL,Software & IT Services,643747.3099999999,4,4
47,Saskatchewan,2017,ALL,Weapons & Tactical Security,35309,1,1
47,Saskatchewan,2018,ALL,Aerospace & Space,31856.22,1,1
47,Saskatchewan,2018,ALL,Automotive & Heavy Vehicles,94468.12,4,4
47,Saskatchewan,2018,ALL,Civil Engineering & Infrastructure,1006571.61,30,14
47,Saskatchewan,2018,ALL,Heavy Industry & Machinery,344887.07,9,6
47,Saskatchewan,2018,ALL,High-Tech Hardware & Telecom,76766.13,3,2
47,Saskatchewan,2018,ALL,"Logistics, Training & Workforce",1643678.35,53,12
47,Saskatchewan,2018,ALL,Other,714747.19,33,9
47,Saskatchewan,2018,ALL,Professional Services,359529.24,3,2
47,Saskatchewan,2018,ALL,"Resources, Fuels & Materials",349168.48,14,9
47,Saskatchewan,2018,ALL,Software & IT Services,691362.53,13,7
47,Saskatchewan,2018,ALL,Utilities & Environmental,27006,1,1
47,Saskatchewan,2018,ALL,Weapons & Tactical Security,535641.67,4,3
47,Saskatchewan,2019,ALL,Automotive & Heavy Vehicles,300000,1,1
47,Saskatchewan,2019,ALL,Civil Engineering & Infrastructure,2269523.84,51,15
47,Saskatchewan,2019,ALL,Heavy Industry & Machinery,590654.19,4,3
47,Saskatchewan,2019,ALL,High-Tech Hardware & Telecom,28213.16,1,1
47,Saskatchewan,2019,ALL,Life Sciences & Medical,41198.619999999995,2,2
47,Saskatchewan,2019,ALL,"Logistics, Training & Workforce",809802.89,26,4
47,Saskatchewan,2019,ALL,Marine & Shipbuilding,136096.3,1,1
47,Saskatchewan,2019,ALL,Other,521508.29000000004,12,6
47,Saskatchewan,2019,ALL,Professional Services,450796.94,13,4
47,Saskatchewan,2019,ALL,"Resources, Fuels & Materials",439463.75,16,6
47,Saskatchewan,2019,ALL,Software & IT Services,240548.85,8,5
47,Saskatchewan,2019,ALL,Weapons & Tactical Security,1303213.07,6,4
47,Saskatchewan,2020,ALL,Automotive & Heavy Vehicles,185381.91999999998,6,6
47,Saskatchewan,2020,ALL,Civil Engineering & Infrastructure,8826571.42,49,21
47,Saskatchewan,2020,ALL,Heavy Industry & Machinery,82899,4,4
47,Saskatchewan,2020,ALL,"Logistics, Training & Workforce",681156.91,23,13
47,Saskatchewan,2020,ALL,Other,59137.67,3,2
47,Saskatchewan,2020,ALL,Professional Services,3682092.04,6,6
47,Saskatchewan,2020,ALL,"Resources, Fuels & Materials",155383.04,8,5
47,Saskatchewan,2020,ALL,Software & IT Services,1387419.22,64,7
47,Saskatchewan,2020,ALL,Weapons & Tactical Security,2595554,5,5
47,Saskatchewan,2021,ALL,Aerospace & Space,15940.14,1,1
47,Saskatchewan,2021,ALL,Automotive & Heavy Vehicles,88661.31,4,4
47,Saskatchewan,2021,ALL,Civil Engineering & Infrastructure,4705148.75,48,22
47,Saskatchewan,2021,ALL,Heavy Industry & Machinery,68686.8,3,2
47,Saskatchewan,2021,ALL,High-Tech Hardware & Telecom,12766.64,1,1
47,Saskatchewan,2021,ALL,Life Sciences & Medical,78901.6,2,2
47,Saskatchewan,2021,ALL,"Logistics, Training & Workforce",2362494.29,39,18
47,Saskatchewan,2021,ALL,Other,81628,5,3
47,Saskatchewan,2021,ALL,Professional Services,86839.85,4,3
47,Saskatchewan,2021,ALL,"Resources, Fuels & Materials",1310900.77,28,6
47,Saskatchewan,2021,ALL,Software & IT Services,990444.85,38,11
47,Saskatchewan,2021,ALL,Weapons & Tactical Security,656399.2,1,1
47,Saskatchewan,2022,ALL,Automotive & Heavy Vehicles,207900,1,1
47,Saskatchewan,2022,ALL,Civil Engineering & Infrastructure,4490185446.14,113,40
47,Saskatchewan,2022,ALL,Heavy Industry & Machinery,58184.96,4,4
47,Saskatchewan,2022,ALL,High-Tech Hardware & Telecom,88968.48,3,3
47,Saskatchewan,2022,ALL,Life Sciences & Medical,112885.26,1,1
47,Saskatchewan,2022,ALL,"Logistics, Training & Workforce",4379200.24,64,13
47,Saskatchewan,2022,ALL,Marine & Shipbuilding,17787,1,1
47,Saskatchewan,2022,ALL,Other,162763.75,8,7
47,Saskatchewan,2022,ALL,Professional Services,3102478.3000000003,5,4
47,Saskatchewan,2022,ALL,"Resources, Fuels & Materials",3433765.05,45,6
47,Saskatchewan,2022,ALL,Software & IT Services,2500280.48,12,11
47,Saskatchewan,2022,ALL,Utilities & Environmental,528675,2,2
47,Saskatchewan,2022,ALL,Weapons & Tactical Security,894749.87,3,3
47,Saskatchewan,2023,ALL,Automotive & Heavy Vehicles,95047.05,2,2
47,Saskatchewan,2023,ALL,Civil Engineering & Infrastructure,44419681.65,80,35
47,Saskatchewan,2023,ALL,Heavy Industry & Machinery,40385.11,4,4
47,Saskatchewan,2023,ALL,High-Tech Hardware & Telecom,414563.75,2,2
47,Saskatchewan,2023,ALL,Life Sciences & Medical,11441.35,1,1
47,Saskatchewan,2023,ALL,"Logistics, Training & Workforce",10929076.9,40,18
47,Saskatchewan,2023,ALL,Other,247181,6,4
47,Saskatchewan,2023,ALL,Professional Services,37461.6,1,1
47,Saskatchewan,2023,ALL,"Resources, Fuels & Materials",3021681.59,49,4
47,Saskatchewan,2023,ALL,Software & IT Services,2642943.47,25,19
47,Saskatchewan,2023,ALL,Utilities & Environmental,1625506.25,9,6
47,Saskatchewan,2023,ALL,Weapons & Tactical Security,6698032.26,4,4
47,Saskatchewan,2024,ALL,Automotive & Heavy Vehicles,647048.24,6,5
47,Saskatchewan,2024,ALL,Civil Engineering & Infrastructure,2431238.07,49,23
47,Saskatchewan,2024,ALL,Heavy Industry & Machinery,38993.68,3,3
47,Saskatchewan,2024,ALL,"Logistics, Training & Workforce",811537.67,25,10
47,Saskatchewan,2024,ALL,Other,118497.75,5,5
47,Saskatchewan,2024,ALL,Professional Services,854292.6900000001,8,8
47,Saskatchewan,2024,ALL,"Resources, Fuels & Materials",1286644.44,20,3
47,Saskatchewan,2024,ALL,Software & IT Services,11446973.32,17,15
47,Saskatchewan,2024,ALL,Weapons & Tactical Security,97263.03,2,2
47,Saskatchewan,2025,ALL,Automotive & Heavy Vehicles,108115.89,5,4
47,Saskatchewan,2025,ALL,Civil Engineering & Infrastructure,17138346.29,142,29
47,Saskatchewan,2025,ALL,Heavy Industry & Machinery,44357.53,3,3
47,Saskatchewan,2025,ALL,High-Tech Hardware & Telecom,12258.75,1,1
47,Saskatchewan,2025,ALL,Life Sciences & Medical,119861.93000000001,3,3
47,Saskatchewan,2025,ALL,"Logistics, Training & Workforce",555874.26,15,10
47,Saskatchewan,2025,ALL,Other,159396.98,6,5
47,Saskatchewan,2025,ALL,Professional Services,489251.46,8,7
47,Saskatchewan,2025,ALL,"Resources, Fuels & Materials",1208694.54,14,4
47,Saskatchewan,2025,ALL,Software & IT Services,5750305.19,13,12
47,Saskatchewan,2025,ALL,Utilities & Environmental,203634.9,1,1
47,Saskatchewan,2025,ALL,Weapons & Tactical Security,399630,1,1
47,Saskatchewan,2026,ALL,Automotive & Heavy Vehicles,46994.479999999996,3,3
47,Saskatchewan,2026,ALL,Civil Engineering & Infrastructure,1333867.32,15,9
47,Saskatchewan,2026,ALL,Heavy Industry & Machinery,48184.009999999995,3,3
47,Saskatchewan,2026,ALL,High-Tech Hardware & Telecom,1921499,1,1
47,Saskatchewan,2026,ALL,"Logistics, Training & Workforce",137691.47,8,7
47,Saskatchewan,2026,ALL,Other,12862.5,1,1
47,Saskatchewan,2026,ALL,Professional Services,303094.09,6,6
47,Saskatchewan,2026,ALL,"Resources, Fuels & Materials",71888.61,2,2
47,Saskatchewan,2026,ALL,Software & IT Services,170211.97,3,3
47,Saskatchewan,2026,ALL,Utilities & Environmental,10603.48,1,1
48,Alberta,2016,ALL,Aerospace & Space,22601.25,1,1
48,Alberta,2016,ALL,Automotive & Heavy Vehicles,50392.06,3,3
48,Alberta,2016,ALL,Civil Engineering & Infrastructure,1874509.1800000002,22,9
48,Alberta,2016,ALL,Heavy Industry & Machinery,283244.59,5,5
48,Alberta,2016,ALL,High-Tech Hardware & Telecom,289345.56,2,2
48,Alberta,2016,ALL,Life Sciences & Medical,132466.73,1,1
48,Alberta,2016,ALL,"Logistics, Training & Workforce",1009766.2100000001,29,15
48,Alberta,2016,ALL,Other,135498.94,7,7
48,Alberta,2016,ALL,Professional Services,348275.2,5,4
48,Alberta,2016,ALL,"Resources, Fuels & Materials",2283994.06,83,16
48,Alberta,2016,ALL,Software & IT Services,49385,2,2
48,Alberta,2016,ALL,Utilities & Environmental,629382.98,6,3
48,Alberta,2016,ALL,Weapons & Tactical Security,87904.94,1,1
48,Alberta,2017,ALL,Aerospace & Space,421908.81,14,3
48,Alberta,2017,ALL,Automotive & Heavy Vehicles,1280794.98,24,17
48,Alberta,2017,ALL,Civil Engineering & Infrastructure,29416413.27,439,127
48,Alberta,2017,ALL,Heavy Industry & Machinery,568377440.82,89,53
48,Alberta,2017,ALL,High-Tech Hardware & Telecom,12100700.21,23,20
48,Alberta,2017,ALL,Life Sciences & Medical,315157.84,6,6
48,Alberta,2017,ALL,"Logistics, Training & Workforce",9130475.26,121,76
48,Alberta,2017,ALL,Marine & Shipbuilding,131257.41,7,4
48,Alberta,2017,ALL,Other,3543881.88,119,39
48,Alberta,2017,ALL,Professional Services,9791994.23,107,35
48,Alberta,2017,ALL,"Resources, Fuels & Materials",30247611.98,518,55
48,Alberta,2017,ALL,Software & IT Services,83237606.02,65,27
48,Alberta,2017,ALL,Utilities & Environmental,10146325.93,68,21
48,Alberta,2017,ALL,Weapons & Tactical Security,3598372.85,27,8
48,Alberta,2018,ALL,Aerospace & Space,140205.33,4,1
48,Alberta,2018,ALL,Automotive & Heavy Vehicles,1001445.32,44,29
48,Alberta,2018,ALL,Civil Engineering & Infrastructure,143821339.12,746,157
48,Alberta,2018,ALL,Heavy Industry & Machinery,41766120.9,135,76
48,Alberta,2018,ALL,High-Tech Hardware & Telecom,3005623.98,49,30
48,Alberta,2018,ALL,Life Sciences & Medical,381054.97,11,10
48,Alberta,2018,ALL,"Logistics, Training & Workforce",7797223.66,154,82
48,Alberta,2018,ALL,Marine & Shipbuilding,453345.16,12,8
48,Alberta,2018,ALL,Other,2056490.06,92,48
48,Alberta,2018,ALL,Professional Services,8748128.81,72,35
48,Alberta,2018,ALL,"Resources, Fuels & Materials",33730676.36,559,61
48,Alberta,2018,ALL,Software & IT Services,6115287.6,94,45
48,Alberta,2018,ALL,Utilities & Environmental,22775564.84,94,25
48,Alberta,2018,ALL,Weapons & Tactical Security,4520717.899999999,31,5
48,Alberta,2019,ALL,Aerospace & Space,105202.75,3,3
48,Alberta,2019,ALL,Automotive & Heavy Vehicles,1119826.41,30,20
48,Alberta,2019,ALL,Civil Engineering & Infrastructure,42620426.72,430,108
48,Alberta,2019,ALL,Heavy Industry & Machinery,5996824.93,95,60
48,Alberta,2019,ALL,High-Tech Hardware & Telecom,6436154.38,24,17
48,Alberta,2019,ALL,Life Sciences & Medical,2411393.71,12,11
48,Alberta,2019,ALL,"Logistics, Training & Workforce",7940086.08,159,65
48,Alberta,2019,ALL,Marine & Shipbuilding,130985.07,7,7
48,Alberta,2019,ALL,Other,3184750.57,98,38
48,Alberta,2019,ALL,Professional Services,41641731.39,92,39
48,Alberta,2019,ALL,"Resources, Fuels & Materials",58541093.15,891,64
48,Alberta,2019,ALL,Software & IT Services,9974302.9,81,48
48,Alberta,2019,ALL,Utilities & Environmental,24473801.87,97,31
48,Alberta,2019,ALL,Weapons & Tactical Security,5481778.55,30,11
48,Alberta,2020,ALL,Aerospace & Space,47861.630000000005,2,1
48,Alberta,2020,ALL,Automotive & Heavy Vehicles,5283432.61,43,28
48,Alberta,2020,ALL,Civil Engineering & Infrastructure,54473394.83,445,107
48,Alberta,2020,ALL,Heavy Industry & Machinery,4466566.41,100,60
48,Alberta,2020,ALL,High-Tech Hardware & Telecom,1211250.6,16,13
48,Alberta,2020,ALL,Life Sciences & Medical,307124.89,10,8
48,Alberta,2020,ALL,"Logistics, Training & Workforce",4931290.33,143,49
48,Alberta,2020,ALL,Marine & Shipbuilding,133441.13,7,6
48,Alberta,2020,ALL,Other,1265038.71,52,29
48,Alberta,2020,ALL,Professional Services,13741831.48,102,35
48,Alberta,2020,ALL,"Resources, Fuels & Materials",37858765.87,454,64
48,Alberta,2020,ALL,Software & IT Services,168961608.08,116,53
48,Alberta,2020,ALL,Utilities & Environmental,16072597.32,37,26
48,Alberta,2020,ALL,Weapons & Tactical Security,10747914.43,40,7
48,Alberta,2021,ALL,Aerospace & Space,82423825.41,5,5
48,Alberta,2021,ALL,Automotive & Heavy Vehicles,1459986.25,30,23
48,Alberta,2021,ALL,Civil Engineering & Infrastructure,54160851.43,748,127
48,Alberta,2021,ALL,Heavy Industry & Machinery,6594084.85,131,56
48,Alberta,2021,ALL,High-Tech Hardware & Telecom,4826878.91,22,15
48,Alberta,2021,ALL,Life Sciences & Medical,210581.08,9,7
48,Alberta,2021,ALL,"Logistics, Training & Workforce",6270620.86,134,60
48,Alberta,2021,ALL,Marine & Shipbuilding,24303.59,1,1
48,Alberta,2021,ALL,Other,2150365.55,83,41
48,Alberta,2021,ALL,Professional Services,7875641.34,72,44
48,Alberta,2021,ALL,"Resources, Fuels & Materials",47441966.97,560,56
48,Alberta,2021,ALL,Software & IT Services,50031468.2,151,60
48,Alberta,2021,ALL,Utilities & Environmental,28422277.3,63,32
48,Alberta,2021,ALL,Weapons & Tactical Security,7174872.79,21,4
48,Alberta,2022,ALL,Aerospace & Space,2488426.74,7,5
48,Alberta,2022,ALL,Automotive & Heavy Vehicles,5105540.7,34,25
48,Alberta,2022,ALL,Civil Engineering & Infrastructure,62433960.55,667,139
48,Alberta,2022,ALL,Heavy Industry & Machinery,37599840.4,110,70
48,Alberta,2022,ALL,High-Tech Hardware & Telecom,7174514.35,13,12
48,Alberta,2022,ALL,Life Sciences & Medical,9436051.67,9,9
48,Alberta,2022,ALL,"Logistics, Training & Workforce",7386452.78,140,76
48,Alberta,2022,ALL,Marine & Shipbuilding,444787.51,5,4
48,Alberta,2022,ALL,Other,2205942.4,88,46
48,Alberta,2022,ALL,Professional Services,5219953.25,38,33
48,Alberta,2022,ALL,"Resources, Fuels & Materials",114478642.76,653,70
48,Alberta,2022,ALL,Software & IT Services,13341194.27,192,60
48,Alberta,2022,ALL,Utilities & Environmental,33164526.080000002,59,33
48,Alberta,2022,ALL,Weapons & Tactical Security,7377071.11,17,11
48,Alberta,2023,ALL,Aerospace & Space,468414.17,9,6
48,Alberta,2023,ALL,Automotive & Heavy Vehicles,3305653.9,54,36
48,Alberta,2023,ALL,Civil Engineering & Infrastructure,79121644.27,642,174
48,Alberta,2023,ALL,Heavy Industry & Machinery,7802484.14,122,75
48,Alberta,2023,ALL,High-Tech Hardware & Telecom,923246.6399999999,14,11
48,Alberta,2023,ALL,Life Sciences & Medical,1718439.2,21,17
48,Alberta,2023,ALL,"Logistics, Training & Workforce",79721000.03,141,74
48,Alberta,2023,ALL,Marine & Shipbuilding,2030324.96,7,6
48,Alberta,2023,ALL,Other,3478115.16,133,67
48,Alberta,2023,ALL,Professional Services,11729132.38,37,32
48,Alberta,2023,ALL,"Resources, Fuels & Materials",66333877.02,629,74
48,Alberta,2023,ALL,Software & IT Services,13323689.39,228,74
48,Alberta,2023,ALL,Utilities & Environmental,41893670.19,47,32
48,Alberta,2023,ALL,Weapons & Tactical Security,10256047.25,31,14
48,Alberta,2024,ALL,Aerospace & Space,271019.83999999997,4,3
48,Alberta,2024,ALL,Automotive & Heavy Vehicles,10988689.11,62,46
48,Alberta,2024,ALL,Civil Engineering & Infrastructure,51236130.97,534,120
48,Alberta,2024,ALL,Heavy Industry & Machinery,151309984.63,100,77
48,Alberta,2024,ALL,High-Tech Hardware & Telecom,10988888.22,27,17
48,Alberta,2024,ALL,Life Sciences & Medical,3320938.1,21,13
48,Alberta,2024,ALL,"Logistics, Training & Workforce",5153629.75,164,61
48,Alberta,2024,ALL,Marine & Shipbuilding,48394.53,3,3
48,Alberta,2024,ALL,Other,3801855.4299999997,70,45
48,Alberta,2024,ALL,Professional Services,3705950.48,45,37
48,Alberta,2024,ALL,"Resources, Fuels & Materials",40889192.64,488,56
48,Alberta,2024,ALL,Software & IT Services,24756408,115,64
48,Alberta,2024,ALL,Utilities & Environmental,14848373.85,50,27
48,Alberta,2024,ALL,Weapons & Tactical Security,12238301.55,35,15
48,Alberta,2025,ALL,Aerospace & Space,2101784.68,17,8
48,Alberta,2025,ALL,Automotive & Heavy Vehicles,10134843.14,49,33
48,Alberta,2025,ALL,Civil Engineering & Infrastructure,110940256.39,753,152
48,Alberta,2025,ALL,Heavy Industry & Machinery,9465548.65,197,108
48,Alberta,2025,ALL,High-Tech Hardware & Telecom,1893058.66,31,26
48,Alberta,2025,ALL,Life Sciences & Medical,1810544.89,23,14
48,Alberta,2025,ALL,"Logistics, Training & Workforce",11547504.31,256,119
48,Alberta,2025,ALL,Marine & Shipbuilding,6706792.69,45,16
48,Alberta,2025,ALL,Other,7430955.09,167,61
48,Alberta,2025,ALL,Professional Services,7205513.42,58,43
48,Alberta,2025,ALL,"Resources, Fuels & Materials",24211443.89,320,68
48,Alberta,2025,ALL,Software & IT Services,8655558.64,97,45
48,Alberta,2025,ALL,Utilities & Environmental,16787703.92,30,18
48,Alberta,2025,ALL,Weapons & Tactical Security,10670680.58,27,5
48,Alberta,2026,ALL,Aerospace & Space,113160,1,1
48,Alberta,2026,ALL,Automotive & Heavy Vehicles,69035.11,4,4
48,Alberta,2026,ALL,Civil Engineering & Infrastructure,14625811.76,138,52
48,Alberta,2026,ALL,Heavy Industry & Machinery,1657846.29,41,31
48,Alberta,2026,ALL,High-Tech Hardware & Telecom,111690.06,4,4
48,Alberta,2026,ALL,Life Sciences & Medical,993128.1699999999,9,6
48,Alberta,2026,ALL,"Logistics, Training & Workforce",2899865.69,70,51
48,Alberta,2026,ALL,Marine & Shipbuilding,1871869.76,23,5
48,Alberta,2026,ALL,Other,607472.79,28,17
48,Alberta,2026,ALL,Professional Services,5526136.76,14,11
48,Alberta,2026,ALL,"Resources, Fuels & Materials",2752146.92,54,19
48,Alberta,2026,ALL,Software & IT Services,646294.51,17,13
48,Alberta,2026,ALL,Utilities & Environmental,1921666.89,11,8
48,Alberta,2026,ALL,Weapons & Tactical Security,5328208.18,20,3
59,British Columbia,2016,ALL,Aerospace & Space,49544.369999999995,3,1
59,British Columbia,2016,ALL,Automotive & Heavy Vehicles,179005.11000000002,8,5
59,British Columbia,2016,ALL,Civil Engineering & Infrastructure,1859406.16,13,10
59,British Columbia,2016,ALL,Heavy Industry & Machinery,345866.51,12,11
59,British Columbia,2016,ALL,High-Tech Hardware & Telecom,66678.98,2,1
59,British Columbia,2016,ALL,Life Sciences & Medical,106175.57,1,1
59,British Columbia,2016,ALL,"Logistics, Training & Workforce",592347.84,15,12
59,British Columbia,2016,ALL,Marine & Shipbuilding,17274.4,1,1
59,British Columbia,2016,ALL,Other,1775189.99,6,5
59,British Columbia,2016,ALL,Professional Services,4410369,4,4
59,British Columbia,2016,ALL,"Resources, Fuels & Materials",313111.48,17,8
59,British Columbia,2016,ALL,Software & IT Services,1404275.55,14,6
59,British Columbia,2016,ALL,Utilities & Environmental,246674.88,4,3
59,British Columbia,2016,ALL,Weapons & Tactical Security,40181.45,1,1
59,British Columbia,2017,ALL,Aerospace & Space,65485117.62,22,12
59,British Columbia,2017,ALL,Automotive & Heavy Vehicles,59271944.4,44,9
59,British Columbia,2017,ALL,Civil Engineering & Infrastructure,73392622,208,88
59,British Columbia,2017,ALL,Heavy Industry & Machinery,8506256.89,94,53
59,British Columbia,2017,ALL,High-Tech Hardware & Telecom,509985.02999999997,18,12
59,British Columbia,2017,ALL,Life Sciences & Medical,368299.62,16,4
59,British Columbia,2017,ALL,"Logistics, Training & Workforce",175721274.54,123,76
59,British Columbia,2017,ALL,Marine & Shipbuilding,47155774.57,21,11
59,British Columbia,2017,ALL,Other,819359.69,44,20
59,British Columbia,2017,ALL,Professional Services,18955420.34,52,21
59,British Columbia,2017,ALL,"Resources, Fuels & Materials",26250204.32,218,36
59,British Columbia,2017,ALL,Software & IT Services,14029334.84,182,28
59,British Columbia,2017,ALL,Utilities & Environmental,1781439.68,10,6
59,British Columbia,2017,ALL,Weapons & Tactical Security,1173995.2,17,9
59,British Columbia,2018,ALL,Aerospace & Space,2301373.1799999997,15,7
59,British Columbia,2018,ALL,Automotive & Heavy Vehicles,585773.78,19,13
59,British Columbia,2018,ALL,Civil Engineering & Infrastructure,73608539.49,338,106
59,British Columbia,2018,ALL,Heavy Industry & Machinery,17895970.98,113,63
59,British Columbia,2018,ALL,High-Tech Hardware & Telecom,6845164.2299999995,24,18
59,British Columbia,2018,ALL,Life Sciences & Medical,889671.61,7,6
59,British Columbia,2018,ALL,"Logistics, Training & Workforce",12431918.93,178,80
59,British Columbia,2018,ALL,Marine & Shipbuilding,160553769.99,28,19
59,British Columbia,2018,ALL,Other,1391652.31,50,21
59,British Columbia,2018,ALL,Professional Services,29154322.34,117,32
59,British Columbia,2018,ALL,"Resources, Fuels & Materials",54014987.95,463,44
59,British Columbia,2018,ALL,Software & IT Services,15187128.13,137,33
59,British Columbia,2018,ALL,Utilities & Environmental,316218.57,14,10
59,British Columbia,2018,ALL,Weapons & Tactical Security,3238727.48,17,4
59,British Columbia,2019,ALL,Aerospace & Space,372496.66,8,5
59,British Columbia,2019,ALL,Automotive & Heavy Vehicles,2340707.92,20,15
59,British Columbia,2019,ALL,Civil Engineering & Infrastructure,100662342.87,262,91
59,British Columbia,2019,ALL,Heavy Industry & Machinery,7201841.39,122,61
59,British Columbia,2019,ALL,High-Tech Hardware & Telecom,734410.8,12,8
59,British Columbia,2019,ALL,Life Sciences & Medical,5883752.26,24,11
59,British Columbia,2019,ALL,"Logistics, Training & Workforce",4351460.29,107,67
59,British Columbia,2019,ALL,Marine & Shipbuilding,1210279619.06,37,11
59,British Columbia,2019,ALL,Other,3721884.6500000004,34,17
59,British Columbia,2019,ALL,Professional Services,19077040.91,94,36
59,British Columbia,2019,ALL,"Resources, Fuels & Materials",37613798,488,40
59,British Columbia,2019,ALL,Software & IT Services,10709429.46,126,27
59,British Columbia,2019,ALL,Utilities & Environmental,7262272.5,25,10
59,British Columbia,2019,ALL,Weapons & Tactical Security,2208566.83,5,4
59,British Columbia,2020,ALL,Aerospace & Space,855443.44,4,2
59,British Columbia,2020,ALL,Automotive & Heavy Vehicles,1314303.24,17,11
59,British Columbia,2020,ALL,Civil Engineering & Infrastructure,36789031.5,376,104
59,British Columbia,2020,ALL,Heavy Industry & Machinery,7056473.7,119,49
59,British Columbia,2020,ALL,High-Tech Hardware & Telecom,2841141.69,29,10
59,British Columbia,2020,ALL,Life Sciences & Medical,168382.82,6,4
59,British Columbia,2020,ALL,"Logistics, Training & Workforce",4883593.22,166,70
59,British Columbia,2020,ALL,Marine & Shipbuilding,36651718.660000004,32,13
59,British Columbia,2020,ALL,Other,389392.9,21,16
59,British Columbia,2020,ALL,Professional Services,32639333.26,71,29
59,British Columbia,2020,ALL,"Resources, Fuels & Materials",12223525.45,289,44
59,British Columbia,2020,ALL,Software & IT Services,3232999.51,32,21
59,British Columbia,2020,ALL,Utilities & Environmental,420815.79,11,7
59,British Columbia,2020,ALL,Weapons & Tactical Security,965418.8,9,4
59,British Columbia,2021,ALL,Aerospace & Space,404329.60000000003,5,3
59,British Columbia,2021,ALL,Automotive & Heavy Vehicles,15954485.64,23,11
59,British Columbia,2021,ALL,Civil Engineering & Infrastructure,277409028.23,530,126
59,British Columbia,2021,ALL,Heavy Industry & Machinery,13324059.03,157,59
59,British Columbia,2021,ALL,High-Tech Hardware & Telecom,1114208.46,20,16
59,British Columbia,2021,ALL,Life Sciences & Medical,2816239.74,18,5
59,British Columbia,2021,ALL,"Logistics, Training & Workforce",5752370.65,168,85
59,British Columbia,2021,ALL,Marine & Shipbuilding,17493092.26,25,9
59,British Columbia,2021,ALL,Other,2801036.43,34,19
59,British Columbia,2021,ALL,Professional Services,17562874.52,55,34
59,British Columbia,2021,ALL,"Resources, Fuels & Materials",16657407.17,417,45
59,British Columbia,2021,ALL,Software & IT Services,6856833.72,60,37
59,British Columbia,2021,ALL,Utilities & Environmental,2590644.89,8,7
59,British Columbia,2021,ALL,Weapons & Tactical Security,1570274.83,8,6
59,British Columbia,2022,ALL,Aerospace & Space,4430486.83,13,7
59,British Columbia,2022,ALL,Automotive & Heavy Vehicles,6428582.53,22,15
59,British Columbia,2022,ALL,Civil Engineering & Infrastructure,126760165.41,496,147
59,British Columbia,2022,ALL,Heavy Industry & Machinery,5747642.57,126,56
59,British Columbia,2022,ALL,High-Tech Hardware & Telecom,6828103.4,7,5
59,British Columbia,2022,ALL,Life Sciences & Medical,977979.59,19,12
59,British Columbia,2022,ALL,"Logistics, Training & Workforce",14310835.21,194,87
59,British Columbia,2022,ALL,Marine & Shipbuilding,1221707453.82,10,8
59,British Columbia,2022,ALL,Other,1092464.22,48,21
59,British Columbia,2022,ALL,Professional Services,5804846.33,29,24
59,British Columbia,2022,ALL,"Resources, Fuels & Materials",35045084.24,198,52
59,British Columbia,2022,ALL,Software & IT Services,19633340.19,48,31
59,British Columbia,2022,ALL,Utilities & Environmental,635039.46,18,10
59,British Columbia,2022,ALL,Weapons & Tactical Security,8059895.08,20,8
59,British Columbia,2023,ALL,Aerospace & Space,1080263.93,11,9
59,British Columbia,2023,ALL,Automotive & Heavy Vehicles,859644.52,15,12
59,British Columbia,2023,ALL,Civil Engineering & Infrastructure,93245465.08,626,183
59,British Columbia,2023,ALL,Heavy Industry & Machinery,5848196.8,108,73
59,British Columbia,2023,ALL,High-Tech Hardware & Telecom,663224.5,13,13
59,British Columbia,2023,ALL,Life Sciences & Medical,764664.7,36,12
59,British Columbia,2023,ALL,"Logistics, Training & Workforce",17247651.2,222,108
59,British Columbia,2023,ALL,Marine & Shipbuilding,3734335.5900000003,10,9
59,British Columbia,2023,ALL,Other,1707357.83,90,42
59,British Columbia,2023,ALL,Professional Services,6099218.0600000005,46,33
59,British Columbia,2023,ALL,"Resources, Fuels & Materials",36692988.55,216,60
59,British Columbia,2023,ALL,Software & IT Services,16869340.96,213,58
59,British Columbia,2023,ALL,Utilities & Environmental,13840380.64,70,31
59,British Columbia,2023,ALL,Weapons & Tactical Security,6390546.81,36,17
59,British Columbia,2024,ALL,Aerospace & Space,114247.72,3,3
59,British Columbia,2024,ALL,Automotive & Heavy Vehicles,4304817.27,49,26
59,British Columbia,2024,ALL,Civil Engineering & Infrastructure,102118243.76,401,129
59,British Columbia,2024,ALL,Heavy Industry & Machinery,11782936.5,148,70
59,British Columbia,2024,ALL,High-Tech Hardware & Telecom,13931549.99,6,6
59,British Columbia,2024,ALL,Life Sciences & Medical,1702479.15,9,9
59,British Columbia,2024,ALL,"Logistics, Training & Workforce",28707061.06,268,111
59,British Columbia,2024,ALL,Marine & Shipbuilding,4156478361.34,12,10
59,British Columbia,2024,ALL,Other,1099002.7,43,14
59,British Columbia,2024,ALL,Professional Services,17148012.54,49,37
59,British Columbia,2024,ALL,"Resources, Fuels & Materials",39033338.01,222,74
59,British Columbia,2024,ALL,Software & IT Services,16520321.94,248,59
59,British Columbia,2024,ALL,Utilities & Environmental,5451457.38,49,20
59,British Columbia,2024,ALL,Weapons & Tactical Security,12245705.29,31,16
59,British Columbia,2025,ALL,Aerospace & Space,1254328.39,12,7
59,British Columbia,2025,ALL,Automotive & Heavy Vehicles,917983.4,20,18
59,British Columbia,2025,ALL,Civil Engineering & Infrastructure,82907874.93,619,153
59,British Columbia,2025,ALL,Heavy Industry & Machinery,30917289.32,392,143
59,British Columbia,2025,ALL,High-Tech Hardware & Telecom,3840780,27,18
59,British Columbia,2025,ALL,Life Sciences & Medical,5112892.84,21,16
59,British Columbia,2025,ALL,"Logistics, Training & Workforce",16869668.2,365,150
59,British Columbia,2025,ALL,Marine & Shipbuilding,49294028.47,143,58
59,British Columbia,2025,ALL,Other,1455724.22,64,29
59,British Columbia,2025,ALL,Professional Services,9450467.61,49,33
59,British Columbia,2025,ALL,"Resources, Fuels & Materials",39112935.56,277,95
59,British Columbia,2025,ALL,Software & IT Services,8802382.11,108,58
59,British Columbia,2025,ALL,Utilities & Environmental,12050072.93,57,27
59,British Columbia,2025,ALL,Weapons & Tactical Security,19838915.77,31,13
59,British Columbia,2026,ALL,Aerospace & Space,271565.13,3,2
59,British Columbia,2026,ALL,Automotive & Heavy Vehicles,747727.82,3,3
59,British Columbia,2026,ALL,Civil Engineering & Infrastructure,7724109.9399999995,91,54
59,British Columbia,2026,ALL,Heavy Industry & Machinery,12566316.959999999,72,48
59,British Columbia,2026,ALL,High-Tech Hardware & Telecom,631585.27,8,6
59,British Columbia,2026,ALL,Life Sciences & Medical,33001997,5,4
59,British Columbia,2026,ALL,"Logistics, Training & Workforce",4511409.6899999995,96,60
59,British Columbia,2026,ALL,Marine & Shipbuilding,15680733.09,73,39
59,British Columbia,2026,ALL,Other,565168.7999999999,11,11
59,British Columbia,2026,ALL,Professional Services,1506207.12,18,14
59,British Columbia,2026,ALL,"Resources, Fuels & Materials",21110349.82,104,37
59,British Columbia,2026,ALL,Software & IT Services,2113811.41,38,27
59,British Columbia,2026,ALL,Utilities & Environmental,3438903.35,18,8
59,British Columbia,2026,ALL,Weapons & Tactical Security,1053059.71,6,3
60,Yukon,2016,ALL,"Resources, Fuels & Materials",112208.64,7,1
60,Yukon,2017,ALL,Civil Engineering & Infrastructure,157041,1,1
60,Yukon,2017,ALL,"Logistics, Training & Workforce",55848.45,3,3
60,Yukon,2017,ALL,"Resources, Fuels & Materials",132763.01,2,1
60,Yukon,2017,ALL,Software & IT Services,23800,1,1
60,Yukon,2017,ALL,Utilities & Environmental,33390,2,2
60,Yukon,2018,ALL,Aerospace & Space,15065.44,1,1
60,Yukon,2018,ALL,Civil Engineering & Infrastructure,3075000,1,1
60,Yukon,2018,ALL,"Logistics, Training & Workforce",24885,1,1
60,Yukon,2018,ALL,"Resources, Fuels & Materials",347111.45,6,1
60,Yukon,2018,ALL,Utilities & Environmental,16905,1,1
60,Yukon,2019,ALL,Professional Services,22249.5,2,2
60,Yukon,2019,ALL,"Resources, Fuels & Materials",352003.42,18,1
60,Yukon,2020,ALL,Marine & Shipbuilding,21357,1,1
60,Yukon,2020,ALL,"Resources, Fuels & Materials",137600.35,3,1
60,Yukon,2021,ALL,Aerospace & Space,74392.5,1,1
60,Yukon,2021,ALL,Professional Services,19172.47,1,1
60,Yukon,2021,ALL,"Resources, Fuels & Materials",572488.63,13,1
60,Yukon,2022,ALL,Aerospace & Space,107856,1,1
60,Yukon,2022,ALL,"Logistics, Training & Workforce",38587.5,2,2
60,Yukon,2022,ALL,Professional Services,16755,1,1
60,Yukon,2022,ALL,"Resources, Fuels & Materials",703330.5,17,1
60,Yukon,2022,ALL,Software & IT Services,10206,1,1
60,Yukon,2023,ALL,Aerospace & Space,284181.3,3,3
60,Yukon,2023,ALL,Civil Engineering & Infrastructure,13755,1,1
60,Yukon,2023,ALL,"Logistics, Training & Workforce",108337.25,2,1
60,Yukon,2023,ALL,Other,26755.9,2,2
60,Yukon,2023,ALL,"Resources, Fuels & Materials",362966.6,15,2
60,Yukon,2024,ALL,Aerospace & Space,779658.4,9,4
60,Yukon,2024,ALL,"Logistics, Training & Workforce",130719.23,4,4
60,Yukon,2024,ALL,"Resources, Fuels & Materials",72800.08,4,1
60,Yukon,2025,ALL,Aerospace & Space,639589.73,6,5
60,Yukon,2025,ALL,Heavy Industry & Machinery,22563.45,1,1
60,Yukon,2025,ALL,"Logistics, Training & Workforce",183582.32,6,5
60,Yukon,2025,ALL,Other,47822.57,2,2
60,Yukon,2025,ALL,Professional Services,48558.3,2,1
60,Yukon,2025,ALL,"Resources, Fuels & Materials",97838.42,4,2
60,Yukon,2025,ALL,Software & IT Services,3202007.74,6,6
60,Yukon,2026,ALL,Automotive & Heavy Vehicles,106220.1,1,1
60,Yukon,2026,ALL,"Logistics, Training & Workforce",176313.97,6,6
60,Yukon,2026,ALL,Professional Services,41782.4,2,2
61,Northwest Territories,2017,ALL,Automotive & Heavy Vehicles,47763.18,3,3
61,Northwest Territories,2017,ALL,Civil Engineering & Infrastructure,33839.9,1,1
61,Northwest Territories,2017,ALL,Heavy Industry & Machinery,118072.20999999999,2,2
61,Northwest Territories,2017,ALL,"Logistics, Training & Workforce",23730,1,1
61,Northwest Territories,2017,ALL,Marine & Shipbuilding,12810,1,1
61,Northwest Territories,2017,ALL,Other,80283.51,5,5
61,Northwest Territories,2017,ALL,"Resources, Fuels & Materials",106706.94,6,4
61,Northwest Territories,2017,ALL,Software & IT Services,35884.85,2,1
61,Northwest Territories,2017,ALL,Utilities & Environmental,439709,1,1
61,Northwest Territories,2018,ALL,Aerospace & Space,221024.47,2,1
61,Northwest Territories,2018,ALL,Automotive & Heavy Vehicles,12051,1,1
61,Northwest Territories,2018,ALL,Civil Engineering & Infrastructure,59290,2,1
61,Northwest Territories,2018,ALL,Heavy Industry & Machinery,37786.520000000004,2,2
61,Northwest Territories,2018,ALL,"Logistics, Training & Workforce",36415.259999999995,2,2
61,Northwest Territories,2018,ALL,Other,48379.28,4,3
61,Northwest Territories,2018,ALL,Professional Services,23170.35,2,2
61,Northwest Territories,2018,ALL,"Resources, Fuels & Materials",158031.89,1,1
61,Northwest Territories,2018,ALL,Software & IT Services,24878.7,1,1
61,Northwest Territories,2018,ALL,Utilities & Environmental,10076.81,1,1
61,Northwest Territories,2019,ALL,Aerospace & Space,242537.8,3,2
61,Northwest Territories,2019,ALL,Automotive & Heavy Vehicles,16914.77,1,1
61,Northwest Territories,2019,ALL,Civil Engineering & Infrastructure,200380.9,2,2
61,Northwest Territories,2019,ALL,"Logistics, Training & Workforce",116636.97,5,5
61,Northwest Territories,2019,ALL,Other,80988.86,4,4
61,Northwest Territories,2019,ALL,Professional Services,748422,3,2
61,Northwest Territories,2019,ALL,"Resources, Fuels & Materials",398691.29,14,5
61,Northwest Territories,2019,ALL,Utilities & Environmental,167406.48,1,1
61,Northwest Territories,2020,ALL,Aerospace & Space,78592.1,2,1
61,Northwest Territories,2020,ALL,Civil Engineering & Infrastructure,543214,1,1
61,Northwest Territories,2020,ALL,High-Tech Hardware & Telecom,31048.46,1,1
61,Northwest Territories,2020,ALL,Life Sciences & Medical,26465.25,1,1
61,Northwest Territories,2020,ALL,Other,574229.45,15,2
61,Northwest Territories,2020,ALL,"Resources, Fuels & Materials",603952.91,16,3
61,Northwest Territories,2020,ALL,Utilities & Environmental,53229.02,1,1
61,Northwest Territories,2021,ALL,Aerospace & Space,9290875,13,1
61,Northwest Territories,2021,ALL,Automotive & Heavy Vehicles,22242.28,2,2
61,Northwest Territories,2021,ALL,"Logistics, Training & Workforce",13761.57,1,1
61,Northwest Territories,2021,ALL,Other,811629.2,21,2
61,Northwest Territories,2021,ALL,"Resources, Fuels & Materials",520962.08,13,4
61,Northwest Territories,2021,ALL,Utilities & Environmental,69833.54,2,2
61,Northwest Territories,2021,ALL,Weapons & Tactical Security,385386.5,1,1
61,Northwest Territories,2022,ALL,Aerospace & Space,4034339.81,19,4
61,Northwest Territories,2022,ALL,Automotive & Heavy Vehicles,127073.41,2,2
61,Northwest Territories,2022,ALL,Civil Engineering & Infrastructure,129819.55,1,1
61,Northwest Territories,2022,ALL,Heavy Industry & Machinery,69825,3,1
61,Northwest Territories,2022,ALL,High-Tech Hardware & Telecom,79690.5,3,3
61,Northwest Territories,2022,ALL,"Logistics, Training & Workforce",45446.93,3,3
61,Northwest Territories,2022,ALL,Other,480569.83,16,3
61,Northwest Territories,2022,ALL,Professional Services,100000,2,2
61,Northwest Territories,2022,ALL,"Resources, Fuels & Materials",191769.15,9,3
61,Northwest Territories,2023,ALL,Aerospace & Space,3695506.2,15,4
61,Northwest Territories,2023,ALL,"Logistics, Training & Workforce",203104.69,3,3
61,Northwest Territories,2023,ALL,Other,52593.259999999995,3,1
61,Northwest Territories,2023,ALL,"Resources, Fuels & Materials",121484.53,5,4
61,Northwest Territories,2024,ALL,Aerospace & Space,374449.52,3,3
61,Northwest Territories,2024,ALL,Automotive & Heavy Vehicles,129726.45000000001,2,1
61,Northwest Territories,2024,ALL,Civil Engineering & Infrastructure,32744.25,1,1
61,Northwest Territories,2024,ALL,High-Tech Hardware & Telecom,17272.5,1,1
61,Northwest Territories,2024,ALL,"Logistics, Training & Workforce",432952.61,5,4
61,Northwest Territories,2024,ALL,Other,169764.77,3,3
61,Northwest Territories,2024,ALL,Professional Services,99793.04,2,2
61,Northwest Territories,2024,ALL,"Resources, Fuels & Materials",183541.92,6,2
61,Northwest Territories,2024,ALL,Software & IT Services,53550.25,1,1
61,Northwest Territories,2024,ALL,Utilities & Environmental,21336223,3,3
61,Northwest Territories,2025,ALL,Aerospace & Space,377832.81,6,1
61,Northwest Territories,2025,ALL,Automotive & Heavy Vehicles,57908.95,2,2
61,Northwest Territories,2025,ALL,Civil Engineering & Infrastructure,368261.85,9,7
61,Northwest Territories,2025,ALL,Heavy Industry & Machinery,63969,2,2
61,Northwest Territories,2025,ALL,"Logistics, Training & Workforce",462138.77999999997,12,10
61,Northwest Territories,2025,ALL,Marine & Shipbuilding,2940000,1,1
61,Northwest Territories,2025,ALL,Other,208823.44,7,7
61,Northwest Territories,2025,ALL,Professional Services,136584,3,3
61,Northwest Territories,2025,ALL,"Resources, Fuels & Materials",964846.85,18,5
61,Northwest Territories,2025,ALL,Software & IT Services,120985.35,4,4
61,Northwest Territories,2025,ALL,Utilities & Environmental,57733.66,2,2
61,Northwest Territories,2026,ALL,Aerospace & Space,301650.93,6,1
61,Northwest Territories,2026,ALL,Heavy Industry & Machinery,32516.25,2,2
61,Northwest Territories,2026,ALL,"Logistics, Training & Workforce",88500.67,4,4
61,Northwest Territories,2026,ALL,Marine & Shipbuilding,69773.66,1,1
61,Northwest Territories,2026,ALL,Other,351375.7,4,4
61,Northwest Territories,2026,ALL,Professional Services,78142.41,2,2
61,Northwest Territories,2026,ALL,"Resources, Fuels & Materials",98855.76,2,2
61,Northwest Territories,2026,ALL,Software & IT Services,30384.9,1,1
61,Northwest Territories,2026,ALL,Utilities & Environmental,23604,1,1
62,Nunavut,2016,ALL,Other,15750,1,1
62,Nunavut,2016,ALL,"Resources, Fuels & Materials",649775.82,36,2
62,Nunavut,2017,ALL,Aerospace & Space,196792.45,1,1
62,Nunavut,2017,ALL,"Logistics, Training & Workforce",14924.57,1,1
62,Nunavut,2017,ALL,Other,87343.25,3,3
62,Nunavut,2017,ALL,"Resources, Fuels & Materials",1297170.2,39,3
62,Nunavut,2018,ALL,Aerospace & Space,15796.43,1,1
62,Nunavut,2018,ALL,Civil Engineering & Infrastructure,480727.7,1,1
62,Nunavut,2018,ALL,High-Tech Hardware & Telecom,11728.5,1,1
62,Nunavut,2018,ALL,"Logistics, Training & Workforce",22600,1,1
62,Nunavut,2018,ALL,Other,60802.09,1,1
62,Nunavut,2018,ALL,Professional Services,71557.15,2,2
62,Nunavut,2018,ALL,"Resources, Fuels & Materials",1199532.64,65,3
62,Nunavut,2018,ALL,Utilities & Environmental,50850,1,1
62,Nunavut,2019,ALL,Civil Engineering & Infrastructure,10255.78,1,1
62,Nunavut,2019,ALL,Life Sciences & Medical,16038.91,1,1
62,Nunavut,2019,ALL,"Logistics, Training & Workforce",14266.09,1,1
62,Nunavut,2019,ALL,"Resources, Fuels & Materials",1065268.77,54,5
62,Nunavut,2020,ALL,Other,106058.8,6,3
62,Nunavut,2020,ALL,"Resources, Fuels & Materials",1882207.3,80,4
62,Nunavut,2020,ALL,Utilities & Environmental,26102.15,1,1
62,Nunavut,2020,ALL,Weapons & Tactical Security,39478,1,1
62,Nunavut,2021,ALL,Civil Engineering & Infrastructure,228897.16,1,1
62,Nunavut,2021,ALL,Heavy Industry & Machinery,20314.58,1,1
62,Nunavut,2021,ALL,Other,68614,3,1
62,Nunavut,2021,ALL,"Resources, Fuels & Materials",1177022.74,66,7
62,Nunavut,2021,ALL,Utilities & Environmental,28712.37,1,1
62,Nunavut,2022,ALL,Aerospace & Space,779297.56,1,1
62,Nunavut,2022,ALL,Heavy Industry & Machinery,591588666.07,2,2
62,Nunavut,2022,ALL,Other,11277,1,1
62,Nunavut,2022,ALL,"Resources, Fuels & Materials",174046.26,10,5
62,Nunavut,2023,ALL,Civil Engineering & Infrastructure,23000,1,1
62,Nunavut,2023,ALL,Other,136909.75,6,4
62,Nunavut,2023,ALL,Professional Services,10050,1,1
62,Nunavut,2023,ALL,"Resources, Fuels & Materials",386289.8,20,4
62,Nunavut,2023,ALL,Software & IT Services,17594.47,1,1
62,Nunavut,2024,ALL,Aerospace & Space,144249.08,1,1
62,Nunavut,2024,ALL,Civil Engineering & Infrastructure,2561583.13,2,2
62,Nunavut,2024,ALL,"Logistics, Training & Workforce",109988.75,3,1
62,Nunavut,2024,ALL,Other,108211.25,5,3
62,Nunavut,2024,ALL,Professional Services,47628,1,1
62,Nunavut,2024,ALL,"Resources, Fuels & Materials",107660.62,4,1
62,Nunavut,2024,ALL,Software & IT Services,26034.75,1,1
62,Nunavut,2024,ALL,Utilities & Environmental,2194843.7199999997,3,3
62,Nunavut,2025,ALL,Civil Engineering & Infrastructure,382175.29,3,3
62,Nunavut,2025,ALL,Heavy Industry & Machinery,24995.87,1,1
62,Nunavut,2025,ALL,High-Tech Hardware & Telecom,20373.57,1,1
62,Nunavut,2025,ALL,"Logistics, Training & Workforce",141997.25,3,2
62,Nunavut,2025,ALL,Marine & Shipbuilding,13934.2,1,1
62,Nunavut,2025,ALL,Other,99630.03,4,4
62,Nunavut,2025,ALL,"Resources, Fuels & Materials",22155764.89,21,2
62,Nunavut,2025,ALL,Software & IT Services,19888,1,1
62,Nunavut,2025,ALL,Utilities & Environmental,2377907.83,5,3
62,Nunavut,2026,ALL,Civil Engineering & Infrastructure,126997.95,2,2
62,Nunavut,2026,ALL,Heavy Industry & Machinery,41475,1,1
62,Nunavut,2026,ALL,"Logistics, Training & Workforce",27300,1,1
62,Nunavut,2026,ALL,Other,319893,4,3
62,Nunavut,2026,ALL,Professional Services,190337.7,4,4
62,Nunavut,2026,ALL,Utilities & Environmental,589099.9,2,2
10,Newfoundland and Labrador,2016,General Government Support,Heavy Industry & Machinery,15640,1,1
10,Newfoundland and Labrador,2016,General Government Support,"Logistics, Training & Workforce",148043.15,6,5
10,Newfoundland and Labrador,2016,General Government Support,Other,82462.38,2,2
10,Newfoundland and Labrador,2016,General Government Support,Professional Services,13263.23,1,1
10,Newfoundland and Labrador,2016,General Government Support,Utilities & Environmental,232687.47,6,1
10,Newfoundland and Labrador,2016,Industrial and Technical Support,Civil Engineering & Infrastructure,10315,1,1
10,Newfoundland and Labrador,2016,Industrial and Technical Support,High-Tech Hardware & Telecom,10796.2,1,1
10,Newfoundland and Labrador,2016,Industrial and Technical Support,"Logistics, Training & Workforce",149508.6,1,1
10,Newfoundland and Labrador,2016,Industrial and Technical Support,"Resources, Fuels & Materials",142203.71,5,2
10,Newfoundland and Labrador,2016,Industrial and Technical Support,Software & IT Services,38818.96,2,1
10,Newfoundland and Labrador,2017,Core Defence Industrial Complex,Automotive & Heavy Vehicles,16527.66,1,1
10,Newfoundland and Labrador,2017,Core Defence Industrial Complex,Marine & Shipbuilding,1225752.1099999999,8,5
10,Newfoundland and Labrador,2017,General Government Support,Civil Engineering & Infrastructure,1490047.87,14,6
10,Newfoundland and Labrador,2017,General Government Support,Heavy Industry & Machinery,409832.23,4,4
10,Newfoundland and Labrador,2017,General Government Support,"Logistics, Training & Workforce",515792.77,16,13
10,Newfoundland and Labrador,2017,General Government Support,Other,644177.28,56,5
10,Newfoundland and Labrador,2017,General Government Support,Professional Services,278927.97000000003,5,5
10,Newfoundland and Labrador,2017,General Government Support,"Resources, Fuels & Materials",1674645.92,7,5
10,Newfoundland and Labrador,2017,General Government Support,Utilities & Environmental,997059.8,32,4
10,Newfoundland and Labrador,2017,Industrial and Technical Support,Aerospace & Space,175471.05,7,4
10,Newfoundland and Labrador,2017,Industrial and Technical Support,Automotive & Heavy Vehicles,36572.21,1,1
10,Newfoundland and Labrador,2017,Industrial and Technical Support,Civil Engineering & Infrastructure,4246364.57,15,8
10,Newfoundland and Labrador,2017,Industrial and Technical Support,"Resources, Fuels & Materials",644722.38,29,6
10,Newfoundland and Labrador,2017,Industrial and Technical Support,Software & IT Services,19320,1,1
10,Newfoundland and Labrador,2017,Industrial and Technical Support,Weapons & Tactical Security,40570.1,2,2
10,Newfoundland and Labrador,2018,Core Defence Industrial Complex,Marine & Shipbuilding,206058.36,5,1
10,Newfoundland and Labrador,2018,Core Defence Industrial Complex,Weapons & Tactical Security,774060.2,1,1
10,Newfoundland and Labrador,2018,General Government Support,Civil Engineering & Infrastructure,1323119.99,13,8
10,Newfoundland and Labrador,2018,General Government Support,Heavy Industry & Machinery,601143.21,6,6
10,Newfoundland and Labrador,2018,General Government Support,"Logistics, Training & Workforce",1513828.0999999999,17,13
10,Newfoundland and Labrador,2018,General Government Support,Other,1105972.8,6,6
10,Newfoundland and Labrador,2018,General Government Support,Professional Services,471312.27999999997,8,8
10,Newfoundland and Labrador,2018,General Government Support,"Resources, Fuels & Materials",590242.88,4,3
10,Newfoundland and Labrador,2018,General Government Support,Utilities & Environmental,562326.51,6,3
10,Newfoundland and Labrador,2018,Industrial and Technical Support,Aerospace & Space,502710.56,14,5
10,Newfoundland and Labrador,2018,Industrial and Technical Support,Automotive & Heavy Vehicles,14230,1,1
10,Newfoundland and Labrador,2018,Industrial and Technical Support,Civil Engineering & Infrastructure,3287537.42,14,7
10,Newfoundland and Labrador,2018,Industrial and Technical Support,Life Sciences & Medical,192657.2,1,1
10,Newfoundland and Labrador,2018,Industrial and Technical Support,Professional Services,96173.64,3,2
10,Newfoundland and Labrador,2018,Industrial and Technical Support,"Resources, Fuels & Materials",1335492.21,57,12
10,Newfoundland and Labrador,2018,Industrial and Technical Support,Software & IT Services,1119758.05,14,12
10,Newfoundland and Labrador,2018,Industrial and Technical Support,Weapons & Tactical Security,40250,1,1
10,Newfoundland and Labrador,2019,Core Defence Industrial Complex,Marine & Shipbuilding,16407.05,1,1
10,Newfoundland and Labrador,2019,General Government Support,Civil Engineering & Infrastructure,939405.01,16,10
10,Newfoundland and Labrador,2019,General Government Support,Heavy Industry & Machinery,57473.82,3,2
10,Newfoundland and Labrador,2019,General Government Support,"Logistics, Training & Workforce",7172509.65,21,16
10,Newfoundland and Labrador,2019,General Government Support,Other,203296.26,7,5
10,Newfoundland and Labrador,2019,General Government Support,Professional Services,235058.65,3,3
10,Newfoundland and Labrador,2019,General Government Support,"Resources, Fuels & Materials",560856.6699999999,6,4
10,Newfoundland and Labrador,2019,General Government Support,Utilities & Environmental,240839.16,8,4
10,Newfoundland and Labrador,2019,Industrial and Technical Support,Aerospace & Space,174644.05,9,3
10,Newfoundland and Labrador,2019,Industrial and Technical Support,Civil Engineering & Infrastructure,1563587.94,8,8
10,Newfoundland and Labrador,2019,Industrial and Technical Support,Life Sciences & Medical,37840.53,1,1
10,Newfoundland and Labrador,2019,Industrial and Technical Support,"Logistics, Training & Workforce",10176.12,1,1
10,Newfoundland and Labrador,2019,Industrial and Technical Support,Professional Services,1485027.69,5,3
10,Newfoundland and Labrador,2019,Industrial and Technical Support,"Resources, Fuels & Materials",1601406.1300000001,72,9
10,Newfoundland and Labrador,2019,Industrial and Technical Support,Software & IT Services,115096.5,5,4
10,Newfoundland and Labrador,2019,Industrial and Technical Support,Weapons & Tactical Security,40250,1,1
10,Newfoundland and Labrador,2020,Core Defence Industrial Complex,Aerospace & Space,4781094,1,1
10,Newfoundland and Labrador,2020,Core Defence Industrial Complex,Automotive & Heavy Vehicles,12644.6,1,1
10,Newfoundland and Labrador,2020,Core Defence Industrial Complex,Marine & Shipbuilding,136565.13,3,3
10,Newfoundland and Labrador,2020,General Government Support,Civil Engineering & Infrastructure,12042728.03,10,9
10,Newfoundland and Labrador,2020,General Government Support,Heavy Industry & Machinery,111585.33,8,8
10,Newfoundland and Labrador,2020,General Government Support,Life Sciences & Medical,34482.75,1,1
10,Newfoundland and Labrador,2020,General Government Support,"Logistics, Training & Workforce",261106.65,12,10
10,Newfoundland and Labrador,2020,General Government Support,Other,90109.72,4,3
10,Newfoundland and Labrador,2020,General Government Support,Professional Services,520960.31,4,4
10,Newfoundland and Labrador,2020,General Government Support,"Resources, Fuels & Materials",579231.59,12,4
10,Newfoundland and Labrador,2020,General Government Support,Utilities & Environmental,755503.49,13,9
10,Newfoundland and Labrador,2020,Industrial and Technical Support,Aerospace & Space,123790.55,3,2
10,Newfoundland and Labrador,2020,Industrial and Technical Support,Civil Engineering & Infrastructure,12527861,4,4
10,Newfoundland and Labrador,2020,Industrial and Technical Support,Heavy Industry & Machinery,23244.45,1,1
10,Newfoundland and Labrador,2020,Industrial and Technical Support,High-Tech Hardware & Telecom,57264.56,2,2
10,Newfoundland and Labrador,2020,Industrial and Technical Support,Professional Services,1187454,2,1
10,Newfoundland and Labrador,2020,Industrial and Technical Support,"Resources, Fuels & Materials",2020197.21,41,13
10,Newfoundland and Labrador,2020,Industrial and Technical Support,Software & IT Services,27603.239999999998,2,2
10,Newfoundland and Labrador,2020,Industrial and Technical Support,Weapons & Tactical Security,337035.2,2,2
10,Newfoundland and Labrador,2021,General Government Support,Civil Engineering & Infrastructure,2021352.68,40,14
10,Newfoundland and Labrador,2021,General Government Support,Heavy Industry & Machinery,9462370.13,4,4
10,Newfoundland and Labrador,2021,General Government Support,"Logistics, Training & Workforce",511161.39,15,14
10,Newfoundland and Labrador,2021,General Government Support,Other,67382,5,1
10,Newfoundland and Labrador,2021,General Government Support,Professional Services,351077.26,7,6
10,Newfoundland and Labrador,2021,General Government Support,"Resources, Fuels & Materials",407710.42,8,4
10,Newfoundland and Labrador,2021,General Government Support,Utilities & Environmental,770304.25,11,7
10,Newfoundland and Labrador,2021,Industrial and Technical Support,Aerospace & Space,531126.1,10,4
10,Newfoundland and Labrador,2021,Industrial and Technical Support,Civil Engineering & Infrastructure,2841267.64,7,6
10,Newfoundland and Labrador,2021,Industrial and Technical Support,High-Tech Hardware & Telecom,44788.59,1,1
10,Newfoundland and Labrador,2021,Industrial and Technical Support,"Logistics, Training & Workforce",11544.75,1,1
10,Newfoundland and Labrador,2021,Industrial and Technical Support,"Resources, Fuels & Materials",994858.59,59,9
10,Newfoundland and Labrador,2021,Industrial and Technical Support,Software & IT Services,843933.06,8,8
10,Newfoundland and Labrador,2021,Industrial and Technical Support,Weapons & Tactical Security,40250,1,1
10,Newfoundland and Labrador,2022,Core Defence Industrial Complex,Automotive & Heavy Vehicles,26616.72,2,2
10,Newfoundland and Labrador,2022,Core Defence Industrial Complex,Marine & Shipbuilding,50053295,2,1
10,Newfoundland and Labrador,2022,General Government Support,Civil Engineering & Infrastructure,6152303.96,25,12
10,Newfoundland and Labrador,2022,General Government Support,Heavy Industry & Machinery,147052.27,6,6
10,Newfoundland and Labrador,2022,General Government Support,"Logistics, Training & Workforce",1842207.9,17,14
10,Newfoundland and Labrador,2022,General Government Support,Other,125594.5,6,5
10,Newfoundland and Labrador,2022,General Government Support,Professional Services,431097.61000000004,7,7
10,Newfoundland and Labrador,2022,General Government Support,"Resources, Fuels & Materials",794150.8099999999,8,5
10,Newfoundland and Labrador,2022,General Government Support,Utilities & Environmental,1040404.3099999999,12,10
10,Newfoundland and Labrador,2022,Industrial and Technical Support,Aerospace & Space,281357.35,4,4
10,Newfoundland and Labrador,2022,Industrial and Technical Support,Automotive & Heavy Vehicles,171202.7,3,3
10,Newfoundland and Labrador,2022,Industrial and Technical Support,Civil Engineering & Infrastructure,2792804.62,6,3
10,Newfoundland and Labrador,2022,Industrial and Technical Support,High-Tech Hardware & Telecom,92961.8,3,3
10,Newfoundland and Labrador,2022,Industrial and Technical Support,Professional Services,23810.76,1,1
10,Newfoundland and Labrador,2022,Industrial and Technical Support,"Resources, Fuels & Materials",2502558.39,106,5
10,Newfoundland and Labrador,2022,Industrial and Technical Support,Software & IT Services,557665.02,8,8
10,Newfoundland and Labrador,2022,Industrial and Technical Support,Weapons & Tactical Security,539919.44,2,2
10,Newfoundland and Labrador,2023,Core Defence Industrial Complex,Marine & Shipbuilding,41157110,3,2
10,Newfoundland and Labrador,2023,General Government Support,Civil Engineering & Infrastructure,9828232.83,22,10
10,Newfoundland and Labrador,2023,General Government Support,Heavy Industry & Machinery,981988.75,6,6
10,Newfoundland and Labrador,2023,General Government Support,"Logistics, Training & Workforce",640958.38,14,12
10,Newfoundland and Labrador,2023,General Government Support,Other,111614.4,2,2
10,Newfoundland and Labrador,2023,General Government Support,Professional Services,495037.08,5,4
10,Newfoundland and Labrador,2023,General Government Support,"Resources, Fuels & Materials",1874169.02,10,5
10,Newfoundland and Labrador,2023,General Government Support,Utilities & Environmental,3330384.89,15,11
10,Newfoundland and Labrador,2023,Industrial and Technical Support,Aerospace & Space,28401.08,1,1
10,Newfoundland and Labrador,2023,Industrial and Technical Support,Automotive & Heavy Vehicles,78144,1,1
10,Newfoundland and Labrador,2023,Industrial and Technical Support,Civil Engineering & Infrastructure,2981052.67,3,2
10,Newfoundland and Labrador,2023,Industrial and Technical Support,Life Sciences & Medical,14096.62,1,1
10,Newfoundland and Labrador,2023,Industrial and Technical Support,"Resources, Fuels & Materials",2685053.39,107,9
10,Newfoundland and Labrador,2023,Industrial and Technical Support,Software & IT Services,771608.82,8,5
10,Newfoundland and Labrador,2023,Industrial and Technical Support,Weapons & Tactical Security,520220.30000000005,4,3
10,Newfoundland and Labrador,2024,Core Defence Industrial Complex,Automotive & Heavy Vehicles,13344.2,1,1
10,Newfoundland and Labrador,2024,Core Defence Industrial Complex,Marine & Shipbuilding,57663899,2,1
10,Newfoundland and Labrador,2024,General Government Support,Civil Engineering & Infrastructure,2605218.81,30,12
10,Newfoundland and Labrador,2024,General Government Support,Heavy Industry & Machinery,24493.85,2,1
10,Newfoundland and Labrador,2024,General Government Support,High-Tech Hardware & Telecom,10456.95,1,1
10,Newfoundland and Labrador,2024,General Government Support,"Logistics, Training & Workforce",986146.71,18,16
10,Newfoundland and Labrador,2024,General Government Support,Other,597725.77,4,4
10,Newfoundland and Labrador,2024,General Government Support,Professional Services,450951.11,7,7
10,Newfoundland and Labrador,2024,General Government Support,"Resources, Fuels & Materials",212833.2,3,3
10,Newfoundland and Labrador,2024,General Government Support,Utilities & Environmental,3189756.9,3,3
10,Newfoundland and Labrador,2024,Industrial and Technical Support,Automotive & Heavy Vehicles,511655.3,4,4
10,Newfoundland and Labrador,2024,Industrial and Technical Support,Civil Engineering & Infrastructure,26716862.6,3,2
10,Newfoundland and Labrador,2024,Industrial and Technical Support,High-Tech Hardware & Telecom,17500,1,1
10,Newfoundland and Labrador,2024,Industrial and Technical Support,"Resources, Fuels & Materials",3256927.76,119,5
10,Newfoundland and Labrador,2025,Core Defence Industrial Complex,Aerospace & Space,125367.84,1,1
10,Newfoundland and Labrador,2025,Core Defence Industrial Complex,Marine & Shipbuilding,25572705.66,307,82
10,Newfoundland and Labrador,2025,Core Defence Industrial Complex,Weapons & Tactical Security,17048.75,1,1
10,Newfoundland and Labrador,2025,General Government Support,Civil Engineering & Infrastructure,4278187.45,52,17
10,Newfoundland and Labrador,2025,General Government Support,Heavy Industry & Machinery,2571543.0100000002,20,15
10,Newfoundland and Labrador,2025,General Government Support,"Logistics, Training & Workforce",3098106.28,47,25
10,Newfoundland and Labrador,2025,General Government Support,Other,324960.6,5,5
10,Newfoundland and Labrador,2025,General Government Support,Professional Services,244360.09,4,4
10,Newfoundland and Labrador,2025,General Government Support,"Resources, Fuels & Materials",59943.48,3,3
10,Newfoundland and Labrador,2025,General Government Support,Utilities & Environmental,32969.35,1,1
10,Newfoundland and Labrador,2025,Industrial and Technical Support,Aerospace & Space,164273.83000000002,3,3
10,Newfoundland and Labrador,2025,Industrial and Technical Support,Automotive & Heavy Vehicles,53274.08,3,3
10,Newfoundland and Labrador,2025,Industrial and Technical Support,Civil Engineering & Infrastructure,119005,3,3
10,Newfoundland and Labrador,2025,Industrial and Technical Support,Heavy Industry & Machinery,47117.86,3,3
10,Newfoundland and Labrador,2025,Industrial and Technical Support,High-Tech Hardware & Telecom,222764.2,2,2
10,Newfoundland and Labrador,2025,Industrial and Technical Support,"Logistics, Training & Workforce",25846.25,2,2
10,Newfoundland and Labrador,2025,Industrial and Technical Support,"Resources, Fuels & Materials",6868382.18,130,9
10,Newfoundland and Labrador,2025,Industrial and Technical Support,Software & IT Services,388931.78,3,3
10,Newfoundland and Labrador,2025,Industrial and Technical Support,Weapons & Tactical Security,560667.5,1,1
10,Newfoundland and Labrador,2026,Core Defence Industrial Complex,Marine & Shipbuilding,5375203.75,159,65
10,Newfoundland and Labrador,2026,General Government Support,Civil Engineering & Infrastructure,310636.59,18,2
10,Newfoundland and Labrador,2026,General Government Support,Heavy Industry & Machinery,1545028.33,24,18
10,Newfoundland and Labrador,2026,General Government Support,"Logistics, Training & Workforce",1442566.48,39,19
10,Newfoundland and Labrador,2026,General Government Support,Professional Services,55890,3,1
10,Newfoundland and Labrador,2026,General Government Support,"Resources, Fuels & Materials",359565.19,3,3
10,Newfoundland and Labrador,2026,General Government Support,Utilities & Environmental,18285,1,1
10,Newfoundland and Labrador,2026,Industrial and Technical Support,Automotive & Heavy Vehicles,16688.62,1,1
10,Newfoundland and Labrador,2026,Industrial and Technical Support,Heavy Industry & Machinery,66844.11,4,4
10,Newfoundland and Labrador,2026,Industrial and Technical Support,High-Tech Hardware & Telecom,481492.97000000003,3,3
10,Newfoundland and Labrador,2026,Industrial and Technical Support,Life Sciences & Medical,10916.38,1,1
10,Newfoundland and Labrador,2026,Industrial and Technical Support,"Logistics, Training & Workforce",41271.07,3,3
10,Newfoundland and Labrador,2026,Industrial and Technical Support,Professional Services,11232.2,1,1
10,Newfoundland and Labrador,2026,Industrial and Technical Support,"Resources, Fuels & Materials",5012719.11,38,5
10,Newfoundland and Labrador,2026,Industrial and Technical Support,Software & IT Services,12001.58,1,1
10,Newfoundland and Labrador,2026,Industrial and Technical Support,Weapons & Tactical Security,578505.5,1,1
11,Prince Edward Island,2016,General Government Support,"Logistics, Training & Workforce",15470,1,1
11,Prince Edward Island,2016,Industrial and Technical Support,Civil Engineering & Infrastructure,35719.3,1,1
11,Prince Edward Island,2017,General Government Support,Civil Engineering & Infrastructure,40629.5,1,1
11,Prince Edward Island,2017,General Government Support,Professional Services,20190.41,1,1
11,Prince Edward Island,2017,General Government Support,"Resources, Fuels & Materials",11247,1,1
11,Prince Edward Island,2018,General Government Support,"Logistics, Training & Workforce",13029.5,1,1
11,Prince Edward Island,2018,General Government Support,Professional Services,583636.11,6,6
11,Prince Edward Island,2018,Industrial and Technical Support,Automotive & Heavy Vehicles,966304.75,1,1
11,Prince Edward Island,2018,Industrial and Technical Support,Heavy Industry & Machinery,52382.5,1,1
11,Prince Edward Island,2018,Industrial and Technical Support,Software & IT Services,177016.05,1,1
11,Prince Edward Island,2018,Industrial and Technical Support,Weapons & Tactical Security,74750,1,1
11,Prince Edward Island,2019,General Government Support,Heavy Industry & Machinery,14120.85,1,1
11,Prince Edward Island,2019,General Government Support,"Logistics, Training & Workforce",17993.36,1,1
11,Prince Edward Island,2019,General Government Support,Other,10170.03,1,1
11,Prince Edward Island,2019,General Government Support,Professional Services,47328.24,3,3
11,Prince Edward Island,2019,General Government Support,Utilities & Environmental,443885.69,2,2
11,Prince Edward Island,2019,Industrial and Technical Support,Civil Engineering & Infrastructure,14375,1,1
11,Prince Edward Island,2019,Industrial and Technical Support,Life Sciences & Medical,116581.25,1,1
11,Prince Edward Island,2019,Industrial and Technical Support,"Resources, Fuels & Materials",11443.04,1,1
11,Prince Edward Island,2019,Industrial and Technical Support,Software & IT Services,42062.11,1,1
11,Prince Edward Island,2019,Industrial and Technical Support,Weapons & Tactical Security,63568.21,1,1
11,Prince Edward Island,2020,Core Defence Industrial Complex,Aerospace & Space,19005.38,1,1
11,Prince Edward Island,2020,General Government Support,Civil Engineering & Infrastructure,9900433.76,8,6
11,Prince Edward Island,2020,General Government Support,Professional Services,52583.24,1,1
11,Prince Edward Island,2020,General Government Support,"Resources, Fuels & Materials",10557,1,1
11,Prince Edward Island,2020,General Government Support,Utilities & Environmental,100282.3,2,2
11,Prince Edward Island,2020,Industrial and Technical Support,Life Sciences & Medical,13748.25,1,1
11,Prince Edward Island,2020,Industrial and Technical Support,Weapons & Tactical Security,23000,1,1
11,Prince Edward Island,2021,General Government Support,Civil Engineering & Infrastructure,287564.08,15,3
11,Prince Edward Island,2021,General Government Support,Heavy Industry & Machinery,26450,1,1
11,Prince Edward Island,2021,General Government Support,"Logistics, Training & Workforce",11330.79,1,1
11,Prince Edward Island,2021,General Government Support,Professional Services,195745.12,2,2
11,Prince Edward Island,2021,General Government Support,Utilities & Environmental,12678.44,1,1
11,Prince Edward Island,2021,Industrial and Technical Support,Civil Engineering & Infrastructure,1331567,3,2
11,Prince Edward Island,2021,Industrial and Technical Support,Life Sciences & Medical,44030.03,2,1
11,Prince Edward Island,2021,Industrial and Technical Support,"Logistics, Training & Workforce",10806.62,1,1
11,Prince Edward Island,2021,Industrial and Technical Support,Marine & Shipbuilding,13083.77,1,1
11,Prince Edward Island,2021,Industrial and Technical Support,Weapons & Tactical Security,57500,1,1
11,Prince Edward Island,2022,Core Defence Industrial Complex,Aerospace & Space,42381.14,1,1
11,Prince Edward Island,2022,General Government Support,Civil Engineering & Infrastructure,467258.92,13,3
11,Prince Edward Island,2022,General Government Support,Heavy Industry & Machinery,20297.5,1,1
11,Prince Edward Island,2022,General Government Support,Professional Services,60405.32,3,3
11,Prince Edward Island,2022,General Government Support,Utilities & Environmental,599265,1,1
11,Prince Edward Island,2022,Industrial and Technical Support,Life Sciences & Medical,17020,1,1
11,Prince Edward Island,2022,Industrial and Technical Support,Software & IT Services,49066.79,2,2
11,Prince Edward Island,2023,General Government Support,Civil Engineering & Infrastructure,438547.56,15,6
11,Prince Edward Island,2023,General Government Support,"Logistics, Training & Workforce",79110.35,2,1
11,Prince Edward Island,2023,General Government Support,Other,11229.78,1,1
11,Prince Edward Island,2023,General Government Support,Professional Services,215083.57,4,3
11,Prince Edward Island,2023,General Government Support,Utilities & Environmental,19816.8,1,1
11,Prince Edward Island,2023,Industrial and Technical Support,Civil Engineering & Infrastructure,12000,1,1
11,Prince Edward Island,2023,Industrial and Technical Support,Software & IT Services,1006163.95,7,7
11,Prince Edward Island,2023,Industrial and Technical Support,Weapons & Tactical Security,28750,1,1
11,Prince Edward Island,2024,General Government Support,Civil Engineering & Infrastructure,82575.64,3,1
11,Prince Edward Island,2024,General Government Support,"Logistics, Training & Workforce",84816.84,3,3
11,Prince Edward Island,2024,General Government Support,Other,165767.97,9,3
11,Prince Edward Island,2024,General Government Support,Professional Services,241235,2,2
11,Prince Edward Island,2024,General Government Support,Utilities & Environmental,19816.8,1,1
11,Prince Edward Island,2024,Industrial and Technical Support,Professional Services,16102.5,1,1
11,Prince Edward Island,2025,Core Defence Industrial Complex,Aerospace & Space,1159285,1,1
11,Prince Edward Island,2025,Core Defence Industrial Complex,Marine & Shipbuilding,299212.94,3,1
11,Prince Edward Island,2025,General Government Support,Civil Engineering & Infrastructure,22941.07,2,2
11,Prince Edward Island,2025,General Government Support,Heavy Industry & Machinery,47444.729999999996,3,3
11,Prince Edward Island,2025,General Government Support,"Logistics, Training & Workforce",100938.51000000001,3,3
11,Prince Edward Island,2025,General Government Support,Other,393066.56,9,3
11,Prince Edward Island,2025,General Government Support,Professional Services,12500,1,1
11,Prince Edward Island,2025,General Government Support,Utilities & Environmental,22024.8,1,1
11,Prince Edward Island,2025,Industrial and Technical Support,Automotive & Heavy Vehicles,36330.96,2,2
11,Prince Edward Island,2025,Industrial and Technical Support,"Resources, Fuels & Materials",20000,1,1
11,Prince Edward Island,2025,Industrial and Technical Support,Software & IT Services,27443.42,2,2
11,Prince Edward Island,2026,Core Defence Industrial Complex,Marine & Shipbuilding,226508.02,2,1
11,Prince Edward Island,2026,General Government Support,"Logistics, Training & Workforce",13811.1,1,1
11,Prince Edward Island,2026,General Government Support,Other,89850,3,1
11,Prince Edward Island,2026,Industrial and Technical Support,Software & IT Services,14950,1,1
12,Nova Scotia,2016,Core Defence Industrial Complex,Marine & Shipbuilding,1803515.98,8,3
12,Nova Scotia,2016,General Government Support,Civil Engineering & Infrastructure,11215604.59,5,4
12,Nova Scotia,2016,General Government Support,Heavy Industry & Machinery,955866.15,18,6
12,Nova Scotia,2016,General Government Support,High-Tech Hardware & Telecom,21535.67,1,1
12,Nova Scotia,2016,General Government Support,"Logistics, Training & Workforce",3605571.16,24,15
12,Nova Scotia,2016,General Government Support,Other,729286.1,26,9
12,Nova Scotia,2016,General Government Support,"Resources, Fuels & Materials",74056.25,5,4
12,Nova Scotia,2016,General Government Support,Utilities & Environmental,33733.33,2,2
12,Nova Scotia,2016,Industrial and Technical Support,Automotive & Heavy Vehicles,22626.9,1,1
12,Nova Scotia,2016,Industrial and Technical Support,Civil Engineering & Infrastructure,2250000,2,2
12,Nova Scotia,2016,Industrial and Technical Support,Heavy Industry & Machinery,58686.82,4,3
12,Nova Scotia,2016,Industrial and Technical Support,"Logistics, Training & Workforce",14245.35,1,1
12,Nova Scotia,2016,Industrial and Technical Support,"Resources, Fuels & Materials",62089.68,5,3
12,Nova Scotia,2016,Industrial and Technical Support,Software & IT Services,63689.85,2,2
12,Nova Scotia,2016,Industrial and Technical Support,Weapons & Tactical Security,342578.21,7,2
12,Nova Scotia,2017,Core Defence Industrial Complex,Automotive & Heavy Vehicles,10153.5,1,1
12,Nova Scotia,2017,Core Defence Industrial Complex,Civil Engineering & Infrastructure,1249150.1,4,3
12,Nova Scotia,2017,Core Defence Industrial Complex,Marine & Shipbuilding,4977133.71,48,12
12,Nova Scotia,2017,Core Defence Industrial Complex,Weapons & Tactical Security,130971.29,2,2
12,Nova Scotia,2017,General Government Support,Civil Engineering & Infrastructure,10092233.12,199,63
12,Nova Scotia,2017,General Government Support,Heavy Industry & Machinery,10845645.79,92,45
12,Nova Scotia,2017,General Government Support,High-Tech Hardware & Telecom,85340.99,2,1
12,Nova Scotia,2017,General Government Support,"Logistics, Training & Workforce",5030046.7,116,47
12,Nova Scotia,2017,General Government Support,Other,454751.43,25,10
12,Nova Scotia,2017,General Government Support,Professional Services,22359647.87,38,18
12,Nova Scotia,2017,General Government Support,"Resources, Fuels & Materials",706487.69,35,20
12,Nova Scotia,2017,General Government Support,Utilities & Environmental,2665727.84,40,17
12,Nova Scotia,2017,Industrial and Technical Support,Automotive & Heavy Vehicles,2581919.7,32,7
12,Nova Scotia,2017,Industrial and Technical Support,Civil Engineering & Infrastructure,127053375.99,48,22
12,Nova Scotia,2017,Industrial and Technical Support,Heavy Industry & Machinery,142529.08,5,4
12,Nova Scotia,2017,Industrial and Technical Support,High-Tech Hardware & Telecom,49170920.92,14,9
12,Nova Scotia,2017,Industrial and Technical Support,Life Sciences & Medical,12373146.97,4,3
12,Nova Scotia,2017,Industrial and Technical Support,"Logistics, Training & Workforce",93315.75,2,2
12,Nova Scotia,2017,Industrial and Technical Support,Marine & Shipbuilding,57244.7,2,2
12,Nova Scotia,2017,Industrial and Technical Support,"Resources, Fuels & Materials",805094.82,36,16
12,Nova Scotia,2017,Industrial and Technical Support,Software & IT Services,3093563.69,36,23
12,Nova Scotia,2017,Industrial and Technical Support,Weapons & Tactical Security,4785112.7,37,5
12,Nova Scotia,2018,Core Defence Industrial Complex,Aerospace & Space,83246.84,3,2
12,Nova Scotia,2018,Core Defence Industrial Complex,Automotive & Heavy Vehicles,23844.79,2,2
12,Nova Scotia,2018,Core Defence Industrial Complex,Civil Engineering & Infrastructure,1402322.12,2,2
12,Nova Scotia,2018,Core Defence Industrial Complex,Marine & Shipbuilding,30532008.83,58,16
12,Nova Scotia,2018,Core Defence Industrial Complex,Weapons & Tactical Security,425843.2,3,3
12,Nova Scotia,2018,General Government Support,Civil Engineering & Infrastructure,32425114.9,304,73
12,Nova Scotia,2018,General Government Support,Heavy Industry & Machinery,7678540.64,82,43
12,Nova Scotia,2018,General Government Support,Life Sciences & Medical,28302.08,2,1
12,Nova Scotia,2018,General Government Support,"Logistics, Training & Workforce",23834717.57,143,50
12,Nova Scotia,2018,General Government Support,Other,775779.59,31,12
12,Nova Scotia,2018,General Government Support,Professional Services,7353102.53,44,25
12,Nova Scotia,2018,General Government Support,"Resources, Fuels & Materials",784400.05,37,13
12,Nova Scotia,2018,General Government Support,Utilities & Environmental,6664036.62,57,12
12,Nova Scotia,2018,Industrial and Technical Support,Automotive & Heavy Vehicles,2884874.68,14,5
12,Nova Scotia,2018,Industrial and Technical Support,Civil Engineering & Infrastructure,21640279.3,98,29
12,Nova Scotia,2018,Industrial and Technical Support,Heavy Industry & Machinery,152968.94,9,7
12,Nova Scotia,2018,Industrial and Technical Support,High-Tech Hardware & Telecom,11326461.11,26,14
12,Nova Scotia,2018,Industrial and Technical Support,Life Sciences & Medical,4048813.06,3,3
12,Nova Scotia,2018,Industrial and Technical Support,"Logistics, Training & Workforce",15703.8,1,1
12,Nova Scotia,2018,Industrial and Technical Support,Marine & Shipbuilding,75000,1,1
12,Nova Scotia,2018,Industrial and Technical Support,Professional Services,24812.5,1,1
12,Nova Scotia,2018,Industrial and Technical Support,"Resources, Fuels & Materials",1176533.51,44,15
12,Nova Scotia,2018,Industrial and Technical Support,Software & IT Services,7953231.86,52,33
12,Nova Scotia,2018,Industrial and Technical Support,Weapons & Tactical Security,4287412.28,51,4
12,Nova Scotia,2019,Core Defence Industrial Complex,Automotive & Heavy Vehicles,46923.240000000005,3,3
12,Nova Scotia,2019,Core Defence Industrial Complex,Marine & Shipbuilding,1326396872.4,74,17
12,Nova Scotia,2019,Core Defence Industrial Complex,Weapons & Tactical Security,9965631.06,3,3
12,Nova Scotia,2019,General Government Support,Civil Engineering & Infrastructure,17364278.77,168,58
12,Nova Scotia,2019,General Government Support,Heavy Industry & Machinery,6401819.14,91,45
12,Nova Scotia,2019,General Government Support,High-Tech Hardware & Telecom,28954.17,1,1
12,Nova Scotia,2019,General Government Support,Life Sciences & Medical,24712.8,1,1
12,Nova Scotia,2019,General Government Support,"Logistics, Training & Workforce",7417128.76,186,57
12,Nova Scotia,2019,General Government Support,Other,449950.62,27,12
12,Nova Scotia,2019,General Government Support,Professional Services,6881245.67,30,16
12,Nova Scotia,2019,General Government Support,"Resources, Fuels & Materials",614964.89,38,19
12,Nova Scotia,2019,General Government Support,Utilities & Environmental,12415867.01,61,14
12,Nova Scotia,2019,Industrial and Technical Support,Aerospace & Space,10609.05,1,1
12,Nova Scotia,2019,Industrial and Technical Support,Automotive & Heavy Vehicles,2543156.81,20,12
12,Nova Scotia,2019,Industrial and Technical Support,Civil Engineering & Infrastructure,68536945.24,67,25
12,Nova Scotia,2019,Industrial and Technical Support,Heavy Industry & Machinery,122145.89,6,6
12,Nova Scotia,2019,Industrial and Technical Support,High-Tech Hardware & Telecom,5672382.12,14,13
12,Nova Scotia,2019,Industrial and Technical Support,Life Sciences & Medical,18351.42,1,1
12,Nova Scotia,2019,Industrial and Technical Support,"Logistics, Training & Workforce",24897.5,2,2
12,Nova Scotia,2019,Industrial and Technical Support,Professional Services,1164961.75,4,4
12,Nova Scotia,2019,Industrial and Technical Support,"Resources, Fuels & Materials",1341862.3,56,16
12,Nova Scotia,2019,Industrial and Technical Support,Software & IT Services,2995903.86,39,26
12,Nova Scotia,2019,Industrial and Technical Support,Weapons & Tactical Security,24147345.76,75,5
12,Nova Scotia,2020,Core Defence Industrial Complex,Automotive & Heavy Vehicles,85658.15,5,4
12,Nova Scotia,2020,Core Defence Industrial Complex,Marine & Shipbuilding,5168098.51,49,6
12,Nova Scotia,2020,Core Defence Industrial Complex,Weapons & Tactical Security,14089030.700000001,8,1
12,Nova Scotia,2020,General Government Support,Civil Engineering & Infrastructure,35522890.51,288,70
12,Nova Scotia,2020,General Government Support,Heavy Industry & Machinery,7557722.82,82,43
12,Nova Scotia,2020,General Government Support,Life Sciences & Medical,58806.58,3,1
12,Nova Scotia,2020,General Government Support,"Logistics, Training & Workforce",9120478.55,154,48
12,Nova Scotia,2020,General Government Support,Other,1570394.25,41,17
12,Nova Scotia,2020,General Government Support,Professional Services,6428353.1,30,17
12,Nova Scotia,2020,General Government Support,"Resources, Fuels & Materials",759770.02,40,18
12,Nova Scotia,2020,General Government Support,Utilities & Environmental,7285356.9,53,13
12,Nova Scotia,2020,Industrial and Technical Support,Automotive & Heavy Vehicles,1115719.98,10,6
12,Nova Scotia,2020,Industrial and Technical Support,Civil Engineering & Infrastructure,604107345.66,86,28
12,Nova Scotia,2020,Industrial and Technical Support,Heavy Industry & Machinery,505936.18,10,8
12,Nova Scotia,2020,Industrial and Technical Support,High-Tech Hardware & Telecom,1961277.34,9,6
12,Nova Scotia,2020,Industrial and Technical Support,Life Sciences & Medical,181813.46,2,2
12,Nova Scotia,2020,Industrial and Technical Support,"Logistics, Training & Workforce",37345.31,2,2
12,Nova Scotia,2020,Industrial and Technical Support,Professional Services,977439.1,1,1
12,Nova Scotia,2020,Industrial and Technical Support,"Resources, Fuels & Materials",1596693.17,77,15
12,Nova Scotia,2020,Industrial and Technical Support,Software & IT Services,3671906.88,44,27
12,Nova Scotia,2020,Industrial and Technical Support,Weapons & Tactical Security,1816441,37,1
12,Nova Scotia,2021,Core Defence Industrial Complex,Automotive & Heavy Vehicles,73104.49,4,4
12,Nova Scotia,2021,Core Defence Industrial Complex,Civil Engineering & Infrastructure,62855.32,1,1
12,Nova Scotia,2021,Core Defence Industrial Complex,Marine & Shipbuilding,6052407.4,51,17
12,Nova Scotia,2021,Core Defence Industrial Complex,Weapons & Tactical Security,9978061.9,5,4
12,Nova Scotia,2021,General Government Support,Civil Engineering & Infrastructure,30041321.34,396,79
12,Nova Scotia,2021,General Government Support,Heavy Industry & Machinery,4437235.67,90,42
12,Nova Scotia,2021,General Government Support,High-Tech Hardware & Telecom,31500.01,1,1
12,Nova Scotia,2021,General Government Support,"Logistics, Training & Workforce",13118218.69,147,59
12,Nova Scotia,2021,General Government Support,Other,216046.07,10,9
12,Nova Scotia,2021,General Government Support,Professional Services,14974916.14,28,18
12,Nova Scotia,2021,General Government Support,"Resources, Fuels & Materials",1520464.59,50,23
12,Nova Scotia,2021,General Government Support,Utilities & Environmental,11957562.42,57,21
12,Nova Scotia,2021,Industrial and Technical Support,Automotive & Heavy Vehicles,86197.34,2,2
12,Nova Scotia,2021,Industrial and Technical Support,Civil Engineering & Infrastructure,41728057.67,112,35
12,Nova Scotia,2021,Industrial and Technical Support,Heavy Industry & Machinery,307240.58,13,7
12,Nova Scotia,2021,Industrial and Technical Support,High-Tech Hardware & Telecom,76080536.46,12,10
12,Nova Scotia,2021,Industrial and Technical Support,Life Sciences & Medical,1068294.71,3,3
12,Nova Scotia,2021,Industrial and Technical Support,"Logistics, Training & Workforce",50103.75,2,2
12,Nova Scotia,2021,Industrial and Technical Support,Marine & Shipbuilding,370875,1,1
12,Nova Scotia,2021,Industrial and Technical Support,"Resources, Fuels & Materials",3608196.34,137,21
12,Nova Scotia,2021,Industrial and Technical Support,Software & IT Services,698987445.29,44,34
12,Nova Scotia,2021,Industrial and Technical Support,Weapons & Tactical Security,19756075.85,63,2
12,Nova Scotia,2022,Core Defence Industrial Complex,Aerospace & Space,31421780.29,2,1
12,Nova Scotia,2022,Core Defence Industrial Complex,Automotive & Heavy Vehicles,46240.16,2,2
12,Nova Scotia,2022,Core Defence Industrial Complex,Civil Engineering & Infrastructure,481103,7,3
12,Nova Scotia,2022,Core Defence Industrial Complex,Marine & Shipbuilding,24844368.73,67,18
12,Nova Scotia,2022,Core Defence Industrial Complex,Weapons & Tactical Security,10678803.57,7,4
12,Nova Scotia,2022,General Government Support,Civil Engineering & Infrastructure,30944771.24,403,79
12,Nova Scotia,2022,General Government Support,Heavy Industry & Machinery,22151445.16,99,56
12,Nova Scotia,2022,General Government Support,High-Tech Hardware & Telecom,31940.12,1,1
12,Nova Scotia,2022,General Government Support,Life Sciences & Medical,119119.76,2,2
12,Nova Scotia,2022,General Government Support,"Logistics, Training & Workforce",7271131.88,208,72
12,Nova Scotia,2022,General Government Support,Other,995753.6,25,21
12,Nova Scotia,2022,General Government Support,Professional Services,3176514.9,39,29
12,Nova Scotia,2022,General Government Support,"Resources, Fuels & Materials",2252814.92,48,19
12,Nova Scotia,2022,General Government Support,Utilities & Environmental,6727984.89,60,20
12,Nova Scotia,2022,Industrial and Technical Support,Aerospace & Space,115973.71,1,1
12,Nova Scotia,2022,Industrial and Technical Support,Automotive & Heavy Vehicles,8599716.69,13,9
12,Nova Scotia,2022,Industrial and Technical Support,Civil Engineering & Infrastructure,27368956.13,73,31
12,Nova Scotia,2022,Industrial and Technical Support,Heavy Industry & Machinery,305312.64,11,8
12,Nova Scotia,2022,Industrial and Technical Support,High-Tech Hardware & Telecom,1747783.68,16,12
12,Nova Scotia,2022,Industrial and Technical Support,Life Sciences & Medical,46494.5,1,1
12,Nova Scotia,2022,Industrial and Technical Support,"Logistics, Training & Workforce",53965.86,3,3
12,Nova Scotia,2022,Industrial and Technical Support,Marine & Shipbuilding,87043.5,2,2
12,Nova Scotia,2022,Industrial and Technical Support,"Resources, Fuels & Materials",8087171.34,205,24
12,Nova Scotia,2022,Industrial and Technical Support,Software & IT Services,12025167.74,50,30
12,Nova Scotia,2022,Industrial and Technical Support,Weapons & Tactical Security,21992755.68,48,3
12,Nova Scotia,2023,Core Defence Industrial Complex,Aerospace & Space,1478363.1,1,1
12,Nova Scotia,2023,Core Defence Industrial Complex,Automotive & Heavy Vehicles,13481.07,1,1
12,Nova Scotia,2023,Core Defence Industrial Complex,Civil Engineering & Infrastructure,4678547.88,5,4
12,Nova Scotia,2023,Core Defence Industrial Complex,Marine & Shipbuilding,9190654.58,78,27
12,Nova Scotia,2023,Core Defence Industrial Complex,Weapons & Tactical Security,4389827.220000001,6,6
12,Nova Scotia,2023,General Government Support,Civil Engineering & Infrastructure,87591223.84,457,88
12,Nova Scotia,2023,General Government Support,Heavy Industry & Machinery,11631348.24,149,79
12,Nova Scotia,2023,General Government Support,High-Tech Hardware & Telecom,52438,2,2
12,Nova Scotia,2023,General Government Support,Life Sciences & Medical,260504.55,1,1
12,Nova Scotia,2023,General Government Support,"Logistics, Training & Workforce",6974460.21,236,89
12,Nova Scotia,2023,General Government Support,Other,1536827.48,69,28
12,Nova Scotia,2023,General Government Support,Professional Services,3537303.93,37,31
12,Nova Scotia,2023,General Government Support,"Resources, Fuels & Materials",7363368.22,60,27
12,Nova Scotia,2023,General Government Support,Utilities & Environmental,29090613.36,82,27
12,Nova Scotia,2023,Industrial and Technical Support,Automotive & Heavy Vehicles,11093355.49,25,16
12,Nova Scotia,2023,Industrial and Technical Support,Civil Engineering & Infrastructure,247013767.31,119,43
12,Nova Scotia,2023,Industrial and Technical Support,Heavy Industry & Machinery,255176.14,5,5
12,Nova Scotia,2023,Industrial and Technical Support,High-Tech Hardware & Telecom,537400.86,9,7
12,Nova Scotia,2023,Industrial and Technical Support,Life Sciences & Medical,258298.76,3,3
12,Nova Scotia,2023,Industrial and Technical Support,"Logistics, Training & Workforce",41100,2,2
12,Nova Scotia,2023,Industrial and Technical Support,Marine & Shipbuilding,1472736.9,1,1
12,Nova Scotia,2023,Industrial and Technical Support,"Resources, Fuels & Materials",6779586.42,174,29
12,Nova Scotia,2023,Industrial and Technical Support,Software & IT Services,12111225.55,73,51
12,Nova Scotia,2023,Industrial and Technical Support,Weapons & Tactical Security,4136153.93,43,6
12,Nova Scotia,2024,Core Defence Industrial Complex,Aerospace & Space,3480069695,4,4
12,Nova Scotia,2024,Core Defence Industrial Complex,Automotive & Heavy Vehicles,177557.93,3,2
12,Nova Scotia,2024,Core Defence Industrial Complex,Marine & Shipbuilding,43389575.18,59,22
12,Nova Scotia,2024,Core Defence Industrial Complex,Weapons & Tactical Security,79726281.2,4,4
12,Nova Scotia,2024,General Government Support,Civil Engineering & Infrastructure,33695057.73,501,78
12,Nova Scotia,2024,General Government Support,Heavy Industry & Machinery,21216725.61,137,65
12,Nova Scotia,2024,General Government Support,High-Tech Hardware & Telecom,92183.25,4,4
12,Nova Scotia,2024,General Government Support,Life Sciences & Medical,56353.78,2,2
12,Nova Scotia,2024,General Government Support,"Logistics, Training & Workforce",27850498.35,223,86
12,Nova Scotia,2024,General Government Support,Other,1175993.85,55,18
12,Nova Scotia,2024,General Government Support,Professional Services,13368089.98,39,30
12,Nova Scotia,2024,General Government Support,"Resources, Fuels & Materials",1900168.69,59,26
12,Nova Scotia,2024,General Government Support,Utilities & Environmental,31539072.32,112,32
12,Nova Scotia,2024,Industrial and Technical Support,Aerospace & Space,71729.06,2,1
12,Nova Scotia,2024,Industrial and Technical Support,Automotive & Heavy Vehicles,2246655.1,17,12
12,Nova Scotia,2024,Industrial and Technical Support,Civil Engineering & Infrastructure,133953949.69,86,44
12,Nova Scotia,2024,Industrial and Technical Support,Heavy Industry & Machinery,181728.87,6,6
12,Nova Scotia,2024,Industrial and Technical Support,High-Tech Hardware & Telecom,1148088.38,6,5
12,Nova Scotia,2024,Industrial and Technical Support,Life Sciences & Medical,62095.54,3,2
12,Nova Scotia,2024,Industrial and Technical Support,"Logistics, Training & Workforce",23117.879999999997,2,2
12,Nova Scotia,2024,Industrial and Technical Support,"Resources, Fuels & Materials",2995861.71,106,21
12,Nova Scotia,2024,Industrial and Technical Support,Software & IT Services,9845873.04,84,49
12,Nova Scotia,2024,Industrial and Technical Support,Weapons & Tactical Security,12445114.6,34,10
12,Nova Scotia,2025,Core Defence Industrial Complex,Aerospace & Space,3330850.08,3,3
12,Nova Scotia,2025,Core Defence Industrial Complex,Automotive & Heavy Vehicles,86956.22,5,4
12,Nova Scotia,2025,Core Defence Industrial Complex,Civil Engineering & Infrastructure,2154106.34,3,3
12,Nova Scotia,2025,Core Defence Industrial Complex,Marine & Shipbuilding,10847768076.02,303,97
12,Nova Scotia,2025,Core Defence Industrial Complex,Weapons & Tactical Security,652005.42,7,5
12,Nova Scotia,2025,General Government Support,Civil Engineering & Infrastructure,51064363.6,414,85
12,Nova Scotia,2025,General Government Support,Heavy Industry & Machinery,20158125.03,206,91
12,Nova Scotia,2025,General Government Support,High-Tech Hardware & Telecom,15750,1,1
12,Nova Scotia,2025,General Government Support,Life Sciences & Medical,33461.06,3,3
12,Nova Scotia,2025,General Government Support,"Logistics, Training & Workforce",13104404.11,435,111
12,Nova Scotia,2025,General Government Support,Other,5444924.74,126,30
12,Nova Scotia,2025,General Government Support,Professional Services,24805127.42,33,26
12,Nova Scotia,2025,General Government Support,"Resources, Fuels & Materials",2131679.91,43,20
12,Nova Scotia,2025,General Government Support,Utilities & Environmental,5380076.85,139,22
12,Nova Scotia,2025,Industrial and Technical Support,Automotive & Heavy Vehicles,275032.21,11,11
12,Nova Scotia,2025,Industrial and Technical Support,Civil Engineering & Infrastructure,64431341.85,79,36
12,Nova Scotia,2025,Industrial and Technical Support,Heavy Industry & Machinery,2566483.67,18,12
12,Nova Scotia,2025,Industrial and Technical Support,High-Tech Hardware & Telecom,2587012.59,11,10
12,Nova Scotia,2025,Industrial and Technical Support,Life Sciences & Medical,301902.46,5,5
12,Nova Scotia,2025,Industrial and Technical Support,"Logistics, Training & Workforce",630376.86,7,6
12,Nova Scotia,2025,Industrial and Technical Support,"Resources, Fuels & Materials",3288689.25,122,38
12,Nova Scotia,2025,Industrial and Technical Support,Software & IT Services,9278960.6,70,46
12,Nova Scotia,2025,Industrial and Technical Support,Weapons & Tactical Security,11760940.64,28,9
12,Nova Scotia,2026,Core Defence Industrial Complex,Aerospace & Space,80977.39,1,1
12,Nova Scotia,2026,Core Defence Industrial Complex,Automotive & Heavy Vehicles,47310,4,3
12,Nova Scotia,2026,Core Defence Industrial Complex,Marine & Shipbuilding,6525997.44,127,48
12,Nova Scotia,2026,Core Defence Industrial Complex,Weapons & Tactical Security,1267047.53,2,2
12,Nova Scotia,2026,General Government Support,Civil Engineering & Infrastructure,9241957.08,36,22
12,Nova Scotia,2026,General Government Support,Heavy Industry & Machinery,4936892.69,88,44
12,Nova Scotia,2026,General Government Support,Life Sciences & Medical,116902.14,8,3
12,Nova Scotia,2026,General Government Support,"Logistics, Training & Workforce",12002036.38,132,63
12,Nova Scotia,2026,General Government Support,Other,998976.07,40,7
12,Nova Scotia,2026,General Government Support,Professional Services,323836.25,5,5
12,Nova Scotia,2026,General Government Support,"Resources, Fuels & Materials",155045.34,9,7
12,Nova Scotia,2026,General Government Support,Utilities & Environmental,745184.48,32,14
12,Nova Scotia,2026,Industrial and Technical Support,Automotive & Heavy Vehicles,1385967.74,5,5
12,Nova Scotia,2026,Industrial and Technical Support,Civil Engineering & Infrastructure,1486935.25,17,12
12,Nova Scotia,2026,Industrial and Technical Support,Heavy Industry & Machinery,436349.65,18,13
12,Nova Scotia,2026,Industrial and Technical Support,High-Tech Hardware & Telecom,2746691.91,4,4
12,Nova Scotia,2026,Industrial and Technical Support,Life Sciences & Medical,537784.6599999999,3,3
12,Nova Scotia,2026,Industrial and Technical Support,"Logistics, Training & Workforce",902936.47,11,5
12,Nova Scotia,2026,Industrial and Technical Support,"Resources, Fuels & Materials",841225.38,32,16
12,Nova Scotia,2026,Industrial and Technical Support,Software & IT Services,2058469.02,10,7
12,Nova Scotia,2026,Industrial and Technical Support,Weapons & Tactical Security,108496.03,2,2
13,New Brunswick,2016,General Government Support,Civil Engineering & Infrastructure,1950747.15,72,15
13,New Brunswick,2016,General Government Support,Heavy Industry & Machinery,85893.18,7,1
13,New Brunswick,2016,General Government Support,"Logistics, Training & Workforce",1651838.9,11,6
13,New Brunswick,2016,General Government Support,Other,540676.15,17,5
13,New Brunswick,2016,General Government Support,Professional Services,562140.8,4,3
13,New Brunswick,2016,General Government Support,"Resources, Fuels & Materials",302901.47,5,3
13,New Brunswick,2016,General Government Support,Utilities & Environmental,221732.44,7,3
13,New Brunswick,2016,Industrial and Technical Support,Civil Engineering & Infrastructure,384229.41000000003,13,4
13,New Brunswick,2016,Industrial and Technical Support,High-Tech Hardware & Telecom,158567.28,3,2
13,New Brunswick,2016,Industrial and Technical Support,"Logistics, Training & Workforce",15225,1,1
13,New Brunswick,2016,Industrial and Technical Support,"Resources, Fuels & Materials",390928.11,30,4
13,New Brunswick,2016,Industrial and Technical Support,Weapons & Tactical Security,13437.56,1,1
13,New Brunswick,2017,Core Defence Industrial Complex,Civil Engineering & Infrastructure,403650,1,1
13,New Brunswick,2017,Core Defence Industrial Complex,Marine & Shipbuilding,854126.25,2,2
13,New Brunswick,2017,General Government Support,Civil Engineering & Infrastructure,10477128.49,167,35
13,New Brunswick,2017,General Government Support,Heavy Industry & Machinery,1760236.06,30,21
13,New Brunswick,2017,General Government Support,Life Sciences & Medical,344095.1,26,1
13,New Brunswick,2017,General Government Support,"Logistics, Training & Workforce",4419805.54,54,25
13,New Brunswick,2017,General Government Support,Other,485933.08999999997,15,6
13,New Brunswick,2017,General Government Support,Professional Services,2000401.85,7,7
13,New Brunswick,2017,General Government Support,"Resources, Fuels & Materials",4505753.5,77,7
13,New Brunswick,2017,General Government Support,Utilities & Environmental,634103.83,11,6
13,New Brunswick,2017,Industrial and Technical Support,Automotive & Heavy Vehicles,26340.04,2,2
13,New Brunswick,2017,Industrial and Technical Support,Civil Engineering & Infrastructure,3422494.6,19,16
13,New Brunswick,2017,Industrial and Technical Support,Heavy Industry & Machinery,24987.2,1,1
13,New Brunswick,2017,Industrial and Technical Support,High-Tech Hardware & Telecom,2012158.41,9,5
13,New Brunswick,2017,Industrial and Technical Support,Life Sciences & Medical,22071.36,1,1
13,New Brunswick,2017,Industrial and Technical Support,"Logistics, Training & Workforce",672116.97,18,3
13,New Brunswick,2017,Industrial and Technical Support,Professional Services,1149864.6,1,1
13,New Brunswick,2017,Industrial and Technical Support,"Resources, Fuels & Materials",6087736.94,140,22
13,New Brunswick,2017,Industrial and Technical Support,Software & IT Services,2221532.9,13,8
13,New Brunswick,2018,Core Defence Industrial Complex,Automotive & Heavy Vehicles,13398.33,1,1
13,New Brunswick,2018,Core Defence Industrial Complex,Marine & Shipbuilding,25000,1,1
13,New Brunswick,2018,Core Defence Industrial Complex,Weapons & Tactical Security,284742.84,5,2
13,New Brunswick,2018,General Government Support,Civil Engineering & Infrastructure,5084558.66,150,26
13,New Brunswick,2018,General Government Support,Heavy Industry & Machinery,1363694.44,38,15
13,New Brunswick,2018,General Government Support,Life Sciences & Medical,202623.83,15,2
13,New Brunswick,2018,General Government Support,"Logistics, Training & Workforce",2534821.13,58,33
13,New Brunswick,2018,General Government Support,Other,2385179.31,15,7
13,New Brunswick,2018,General Government Support,Professional Services,1065053.55,15,13
13,New Brunswick,2018,General Government Support,"Resources, Fuels & Materials",13639640.55,74,11
13,New Brunswick,2018,General Government Support,Utilities & Environmental,1396594.69,14,8
13,New Brunswick,2018,Industrial and Technical Support,Automotive & Heavy Vehicles,82906.96,5,2
13,New Brunswick,2018,Industrial and Technical Support,Civil Engineering & Infrastructure,3405409.67,24,17
13,New Brunswick,2018,Industrial and Technical Support,Heavy Industry & Machinery,802679.48,7,5
13,New Brunswick,2018,Industrial and Technical Support,High-Tech Hardware & Telecom,638035.63,16,7
13,New Brunswick,2018,Industrial and Technical Support,Life Sciences & Medical,16358.75,1,1
13,New Brunswick,2018,Industrial and Technical Support,"Logistics, Training & Workforce",100865.70999999999,7,3
13,New Brunswick,2018,Industrial and Technical Support,"Resources, Fuels & Materials",15496079.21,200,16
13,New Brunswick,2018,Industrial and Technical Support,Software & IT Services,1254731.02,13,11
13,New Brunswick,2018,Industrial and Technical Support,Weapons & Tactical Security,11985.2,1,1
13,New Brunswick,2019,Core Defence Industrial Complex,Marine & Shipbuilding,120066.8,5,5
13,New Brunswick,2019,General Government Support,Civil Engineering & Infrastructure,7488013.390000001,133,29
13,New Brunswick,2019,General Government Support,Heavy Industry & Machinery,1946298.51,29,14
13,New Brunswick,2019,General Government Support,Life Sciences & Medical,413010.87,31,2
13,New Brunswick,2019,General Government Support,"Logistics, Training & Workforce",1695902.32,101,22
13,New Brunswick,2019,General Government Support,Other,1361585.77,15,7
13,New Brunswick,2019,General Government Support,Professional Services,1560551.55,13,13
13,New Brunswick,2019,General Government Support,"Resources, Fuels & Materials",7447661.47,71,9
13,New Brunswick,2019,General Government Support,Utilities & Environmental,1813122.29,10,8
13,New Brunswick,2019,Industrial and Technical Support,Automotive & Heavy Vehicles,152887.08,8,6
13,New Brunswick,2019,Industrial and Technical Support,Civil Engineering & Infrastructure,44091550.67,24,11
13,New Brunswick,2019,Industrial and Technical Support,Heavy Industry & Machinery,44917.63,1,1
13,New Brunswick,2019,Industrial and Technical Support,High-Tech Hardware & Telecom,1400577.4100000001,15,8
13,New Brunswick,2019,Industrial and Technical Support,"Logistics, Training & Workforce",156343.21,9,6
13,New Brunswick,2019,Industrial and Technical Support,"Resources, Fuels & Materials",17274053.01,142,13
13,New Brunswick,2019,Industrial and Technical Support,Software & IT Services,1180272.56,7,6
13,New Brunswick,2020,Core Defence Industrial Complex,Automotive & Heavy Vehicles,98287.6,5,3
13,New Brunswick,2020,Core Defence Industrial Complex,Marine & Shipbuilding,43927.13,1,1
13,New Brunswick,2020,General Government Support,Civil Engineering & Infrastructure,12525969.6,161,35
13,New Brunswick,2020,General Government Support,Heavy Industry & Machinery,483134.52,25,16
13,New Brunswick,2020,General Government Support,Life Sciences & Medical,719557.02,46,3
13,New Brunswick,2020,General Government Support,"Logistics, Training & Workforce",1568241.42,74,21
13,New Brunswick,2020,General Government Support,Other,621678.27,19,8
13,New Brunswick,2020,General Government Support,Professional Services,1834384.0799999998,11,9
13,New Brunswick,2020,General Government Support,"Resources, Fuels & Materials",14271067.87,61,9
13,New Brunswick,2020,General Government Support,Utilities & Environmental,3753320.68,8,5
13,New Brunswick,2020,Industrial and Technical Support,Automotive & Heavy Vehicles,108353.78,5,4
13,New Brunswick,2020,Industrial and Technical Support,Civil Engineering & Infrastructure,3676898.25,21,13
13,New Brunswick,2020,Industrial and Technical Support,Heavy Industry & Machinery,15919.54,1,1
13,New Brunswick,2020,Industrial and Technical Support,High-Tech Hardware & Telecom,976629.2000000001,14,6
13,New Brunswick,2020,Industrial and Technical Support,Life Sciences & Medical,17982.3,1,1
13,New Brunswick,2020,Industrial and Technical Support,"Logistics, Training & Workforce",139780.07,6,2
13,New Brunswick,2020,Industrial and Technical Support,"Resources, Fuels & Materials",12801921.93,71,15
13,New Brunswick,2020,Industrial and Technical Support,Software & IT Services,3606457.18,12,11
13,New Brunswick,2021,Core Defence Industrial Complex,Automotive & Heavy Vehicles,61161.32000000001,4,4
13,New Brunswick,2021,Core Defence Industrial Complex,Marine & Shipbuilding,35592.5,2,2
13,New Brunswick,2021,General Government Support,Civil Engineering & Infrastructure,28306190.44,171,38
13,New Brunswick,2021,General Government Support,Heavy Industry & Machinery,940371.92,56,26
13,New Brunswick,2021,General Government Support,Life Sciences & Medical,735757.15,53,1
13,New Brunswick,2021,General Government Support,"Logistics, Training & Workforce",2164657.36,77,19
13,New Brunswick,2021,General Government Support,Other,197166.84,10,9
13,New Brunswick,2021,General Government Support,Professional Services,4039261.52,9,9
13,New Brunswick,2021,General Government Support,"Resources, Fuels & Materials",11847746.99,85,13
13,New Brunswick,2021,General Government Support,Utilities & Environmental,756953.09,10,6
13,New Brunswick,2021,Industrial and Technical Support,Automotive & Heavy Vehicles,337572.76,7,6
13,New Brunswick,2021,Industrial and Technical Support,Civil Engineering & Infrastructure,3615279.98,21,13
13,New Brunswick,2021,Industrial and Technical Support,Heavy Industry & Machinery,28296.690000000002,2,2
13,New Brunswick,2021,Industrial and Technical Support,High-Tech Hardware & Telecom,1274797.08,17,9
13,New Brunswick,2021,Industrial and Technical Support,Life Sciences & Medical,44360.009999999995,2,2
13,New Brunswick,2021,Industrial and Technical Support,"Logistics, Training & Workforce",140886.66,5,1
13,New Brunswick,2021,Industrial and Technical Support,Marine & Shipbuilding,109332720,1,1
13,New Brunswick,2021,Industrial and Technical Support,"Resources, Fuels & Materials",10515527.23,73,20
13,New Brunswick,2021,Industrial and Technical Support,Software & IT Services,1440372.1199999999,15,12
13,New Brunswick,2022,General Government Support,Civil Engineering & Infrastructure,20339740.33,167,52
13,New Brunswick,2022,General Government Support,Heavy Industry & Machinery,564892.87,20,16
13,New Brunswick,2022,General Government Support,Life Sciences & Medical,591507.33,46,2
13,New Brunswick,2022,General Government Support,"Logistics, Training & Workforce",2411771.67,133,34
13,New Brunswick,2022,General Government Support,Other,2271909.4,30,23
13,New Brunswick,2022,General Government Support,Professional Services,2296381.0500000003,17,16
13,New Brunswick,2022,General Government Support,"Resources, Fuels & Materials",21911913.78,88,21
13,New Brunswick,2022,General Government Support,Utilities & Environmental,3961393.79,13,6
13,New Brunswick,2022,Industrial and Technical Support,Automotive & Heavy Vehicles,2362586.99,25,12
13,New Brunswick,2022,Industrial and Technical Support,Civil Engineering & Infrastructure,12078064.62,17,14
13,New Brunswick,2022,Industrial and Technical Support,High-Tech Hardware & Telecom,966382.69,9,7
13,New Brunswick,2022,Industrial and Technical Support,Life Sciences & Medical,111394,3,3
13,New Brunswick,2022,Industrial and Technical Support,"Logistics, Training & Workforce",45783.82,4,1
13,New Brunswick,2022,Industrial and Technical Support,"Resources, Fuels & Materials",19368945.59,75,16
13,New Brunswick,2022,Industrial and Technical Support,Software & IT Services,513055,6,6
13,New Brunswick,2022,Industrial and Technical Support,Weapons & Tactical Security,15612.7,1,1
13,New Brunswick,2023,Core Defence Industrial Complex,Automotive & Heavy Vehicles,25966.13,1,1
13,New Brunswick,2023,Core Defence Industrial Complex,Marine & Shipbuilding,50138.83,2,2
13,New Brunswick,2023,General Government Support,Civil Engineering & Infrastructure,59669777.02,175,48
13,New Brunswick,2023,General Government Support,Heavy Industry & Machinery,1332982.4,46,33
13,New Brunswick,2023,General Government Support,Life Sciences & Medical,785164.17,59,1
13,New Brunswick,2023,General Government Support,"Logistics, Training & Workforce",112496845.43,107,36
13,New Brunswick,2023,General Government Support,Other,1490882.42,47,29
13,New Brunswick,2023,General Government Support,Professional Services,4064325.21,22,18
13,New Brunswick,2023,General Government Support,"Resources, Fuels & Materials",31054465.97,107,15
13,New Brunswick,2023,General Government Support,Utilities & Environmental,434704.93,10,6
13,New Brunswick,2023,Industrial and Technical Support,Automotive & Heavy Vehicles,719773.77,16,9
13,New Brunswick,2023,Industrial and Technical Support,Civil Engineering & Infrastructure,7785298.03,31,19
13,New Brunswick,2023,Industrial and Technical Support,Heavy Industry & Machinery,42205,2,2
13,New Brunswick,2023,Industrial and Technical Support,High-Tech Hardware & Telecom,1220053.6400000001,21,7
13,New Brunswick,2023,Industrial and Technical Support,Life Sciences & Medical,180771.26,3,3
13,New Brunswick,2023,Industrial and Technical Support,"Logistics, Training & Workforce",70946.77,3,2
13,New Brunswick,2023,Industrial and Technical Support,"Resources, Fuels & Materials",29661349.07,136,19
13,New Brunswick,2023,Industrial and Technical Support,Software & IT Services,2888810.65,25,22
13,New Brunswick,2024,Core Defence Industrial Complex,Marine & Shipbuilding,147004.59,4,4
13,New Brunswick,2024,Core Defence Industrial Complex,Weapons & Tactical Security,17774.2,1,1
13,New Brunswick,2024,General Government Support,Civil Engineering & Infrastructure,13648444.55,107,39
13,New Brunswick,2024,General Government Support,Heavy Industry & Machinery,1220241,35,25
13,New Brunswick,2024,General Government Support,Life Sciences & Medical,1008440.83,72,1
13,New Brunswick,2024,General Government Support,"Logistics, Training & Workforce",2585472.23,125,37
13,New Brunswick,2024,General Government Support,Other,1598819.26,33,17
13,New Brunswick,2024,General Government Support,Professional Services,4469103.43,21,19
13,New Brunswick,2024,General Government Support,"Resources, Fuels & Materials",26504879.37,107,19
13,New Brunswick,2024,General Government Support,Utilities & Environmental,2857406.93,23,13
13,New Brunswick,2024,Industrial and Technical Support,Automotive & Heavy Vehicles,4973061.09,28,13
13,New Brunswick,2024,Industrial and Technical Support,Civil Engineering & Infrastructure,6879364.88,10,8
13,New Brunswick,2024,Industrial and Technical Support,Heavy Industry & Machinery,76873.73,3,2
13,New Brunswick,2024,Industrial and Technical Support,High-Tech Hardware & Telecom,1159795.35,22,9
13,New Brunswick,2024,Industrial and Technical Support,Life Sciences & Medical,24990.37,1,1
13,New Brunswick,2024,Industrial and Technical Support,"Logistics, Training & Workforce",64757.22,3,1
13,New Brunswick,2024,Industrial and Technical Support,"Resources, Fuels & Materials",26768742.78,209,20
13,New Brunswick,2024,Industrial and Technical Support,Software & IT Services,3339374.42,37,29
13,New Brunswick,2025,Core Defence Industrial Complex,Automotive & Heavy Vehicles,110512,6,6
13,New Brunswick,2025,Core Defence Industrial Complex,Civil Engineering & Infrastructure,281923.78,13,2
13,New Brunswick,2025,Core Defence Industrial Complex,Marine & Shipbuilding,1435522.72,25,13
13,New Brunswick,2025,Core Defence Industrial Complex,Weapons & Tactical Security,1102796.1,1,1
13,New Brunswick,2025,General Government Support,Civil Engineering & Infrastructure,27593278.16,152,43
13,New Brunswick,2025,General Government Support,Heavy Industry & Machinery,3616374.95,66,41
13,New Brunswick,2025,General Government Support,Life Sciences & Medical,1207424.39,78,3
13,New Brunswick,2025,General Government Support,"Logistics, Training & Workforce",3525522.7,166,45
13,New Brunswick,2025,General Government Support,Other,1594265.32,35,19
13,New Brunswick,2025,General Government Support,Professional Services,6396767.09,18,15
13,New Brunswick,2025,General Government Support,"Resources, Fuels & Materials",12990554.99,65,14
13,New Brunswick,2025,General Government Support,Utilities & Environmental,2015523.0499999998,21,10
13,New Brunswick,2025,Industrial and Technical Support,Automotive & Heavy Vehicles,1013748.98,20,17
13,New Brunswick,2025,Industrial and Technical Support,Civil Engineering & Infrastructure,120373827.22,15,15
13,New Brunswick,2025,Industrial and Technical Support,Heavy Industry & Machinery,85044.54000000001,6,5
13,New Brunswick,2025,Industrial and Technical Support,High-Tech Hardware & Telecom,1061508.74,15,7
13,New Brunswick,2025,Industrial and Technical Support,Life Sciences & Medical,11494.25,1,1
13,New Brunswick,2025,Industrial and Technical Support,"Logistics, Training & Workforce",38920,2,2
13,New Brunswick,2025,Industrial and Technical Support,Professional Services,32632.43,1,1
13,New Brunswick,2025,Industrial and Technical Support,"Resources, Fuels & Materials",23550203.35,292,49
13,New Brunswick,2025,Industrial and Technical Support,Software & IT Services,3346137.71,33,25
13,New Brunswick,2025,Industrial and Technical Support,Weapons & Tactical Security,62437.53,1,1
13,New Brunswick,2026,Core Defence Industrial Complex,Automotive & Heavy Vehicles,58110,4,4
13,New Brunswick,2026,Core Defence Industrial Complex,Marine & Shipbuilding,1487915.6300000001,10,7
13,New Brunswick,2026,General Government Support,Civil Engineering & Infrastructure,1293589.08,19,13
13,New Brunswick,2026,General Government Support,Heavy Industry & Machinery,756461.49,31,18
13,New Brunswick,2026,General Government Support,Life Sciences & Medical,430223.67,29,1
13,New Brunswick,2026,General Government Support,"Logistics, Training & Workforce",1156193.79,25,20
13,New Brunswick,2026,General Government Support,Other,346254.64,9,7
13,New Brunswick,2026,General Government Support,Professional Services,74752.9,2,2
13,New Brunswick,2026,General Government Support,"Resources, Fuels & Materials",2316838.55,18,4
13,New Brunswick,2026,General Government Support,Utilities & Environmental,942582.17,6,3
13,New Brunswick,2026,Industrial and Technical Support,Automotive & Heavy Vehicles,22189.739999999998,2,2
13,New Brunswick,2026,Industrial and Technical Support,Civil Engineering & Infrastructure,32709.24,1,1
13,New Brunswick,2026,Industrial and Technical Support,Heavy Industry & Machinery,62546.97,3,3
13,New Brunswick,2026,Industrial and Technical Support,High-Tech Hardware & Telecom,10452.06,1,1
13,New Brunswick,2026,Industrial and Technical Support,Life Sciences & Medical,30377.5,2,2
13,New Brunswick,2026,Industrial and Technical Support,"Resources, Fuels & Materials",14361784.95,78,8
13,New Brunswick,2026,Industrial and Technical Support,Software & IT Services,205499.31,6,6
13,New Brunswick,2026,Industrial and Technical Support,Weapons & Tactical Security,130550,2,2
24,Quebec,2016,Core Defence Industrial Complex,Aerospace & Space,46772,3,2
24,Quebec,2016,Core Defence Industrial Complex,Automotive & Heavy Vehicles,1026981.39,20,6
24,Quebec,2016,Core Defence Industrial Complex,Marine & Shipbuilding,95583.01000000001,3,3
24,Quebec,2016,General Government Support,Civil Engineering & Infrastructure,23717.27,2,2
24,Quebec,2016,General Government Support,Heavy Industry & Machinery,5516162.82,44,26
24,Quebec,2016,General Government Support,High-Tech Hardware & Telecom,165550.66,1,1
24,Quebec,2016,General Government Support,"Logistics, Training & Workforce",855985.25,23,22
24,Quebec,2016,General Government Support,Other,314331.14,12,11
24,Quebec,2016,General Government Support,Professional Services,187949562.18,3,3
24,Quebec,2016,General Government Support,"Resources, Fuels & Materials",163068.62,4,2
24,Quebec,2016,General Government Support,Utilities & Environmental,15000,1,1
24,Quebec,2016,Industrial and Technical Support,Aerospace & Space,40198.66,2,2
24,Quebec,2016,Industrial and Technical Support,Automotive & Heavy Vehicles,26067256.15,4,4
24,Quebec,2016,Industrial and Technical Support,Civil Engineering & Infrastructure,115753.07,4,4
24,Quebec,2016,Industrial and Technical Support,High-Tech Hardware & Telecom,270884.94,8,5
24,Quebec,2016,Industrial and Technical Support,Life Sciences & Medical,1119988.0999999999,2,2
24,Quebec,2016,Industrial and Technical Support,"Logistics, Training & Workforce",36491.88,2,2
24,Quebec,2016,Industrial and Technical Support,"Resources, Fuels & Materials",950763.72,48,13
24,Quebec,2016,Industrial and Technical Support,Software & IT Services,242601.8,3,3
24,Quebec,2017,Core Defence Industrial Complex,Aerospace & Space,3582517.78,70,11
24,Quebec,2017,Core Defence Industrial Complex,Automotive & Heavy Vehicles,36411101.23,33,22
24,Quebec,2017,Core Defence Industrial Complex,Civil Engineering & Infrastructure,1066068,2,2
24,Quebec,2017,Core Defence Industrial Complex,Marine & Shipbuilding,1413142931.64,58,18
24,Quebec,2017,Core Defence Industrial Complex,Weapons & Tactical Security,1721137.31,21,7
24,Quebec,2017,General Government Support,Civil Engineering & Infrastructure,51156240.28,135,62
24,Quebec,2017,General Government Support,Heavy Industry & Machinery,27020492.02,281,116
24,Quebec,2017,General Government Support,Life Sciences & Medical,17220.38,1,1
24,Quebec,2017,General Government Support,"Logistics, Training & Workforce",9385117.92,211,123
24,Quebec,2017,General Government Support,Other,871892.83,39,30
24,Quebec,2017,General Government Support,Professional Services,5445584.069999999,41,36
24,Quebec,2017,General Government Support,"Resources, Fuels & Materials",3505255.23,92,38
24,Quebec,2017,General Government Support,Utilities & Environmental,18139988.08,27,15
24,Quebec,2017,Industrial and Technical Support,Aerospace & Space,750029471.25,17,7
24,Quebec,2017,Industrial and Technical Support,Automotive & Heavy Vehicles,29887489.419999998,88,30
24,Quebec,2017,Industrial and Technical Support,Civil Engineering & Infrastructure,20445534.81,50,34
24,Quebec,2017,Industrial and Technical Support,Heavy Industry & Machinery,933273.74,19,16
24,Quebec,2017,Industrial and Technical Support,High-Tech Hardware & Telecom,11423105.65,78,33
24,Quebec,2017,Industrial and Technical Support,Life Sciences & Medical,2092217.0599999998,43,21
24,Quebec,2017,Industrial and Technical Support,"Logistics, Training & Workforce",4504209,58,21
24,Quebec,2017,Industrial and Technical Support,"Resources, Fuels & Materials",11625546.19,270,47
24,Quebec,2017,Industrial and Technical Support,Software & IT Services,5079712.86,63,47
24,Quebec,2017,Industrial and Technical Support,Weapons & Tactical Security,2101054.48,9,8
24,Quebec,2018,Core Defence Industrial Complex,Aerospace & Space,2866712.85,44,15
24,Quebec,2018,Core Defence Industrial Complex,Automotive & Heavy Vehicles,2621465.42,49,21
24,Quebec,2018,Core Defence Industrial Complex,Marine & Shipbuilding,23510790.46,114,26
24,Quebec,2018,Core Defence Industrial Complex,Weapons & Tactical Security,86022718.82,45,18
24,Quebec,2018,General Government Support,Civil Engineering & Infrastructure,81061241.27,134,70
24,Quebec,2018,General Government Support,Heavy Industry & Machinery,19160366.44,290,125
24,Quebec,2018,General Government Support,High-Tech Hardware & Telecom,47455.51,2,1
24,Quebec,2018,General Government Support,Life Sciences & Medical,1008089.6100000001,9,9
24,Quebec,2018,General Government Support,"Logistics, Training & Workforce",19019706.82,334,174
24,Quebec,2018,General Government Support,Other,3083625.4,49,44
24,Quebec,2018,General Government Support,Professional Services,14504492.43,55,48
24,Quebec,2018,General Government Support,"Resources, Fuels & Materials",4127407.81,116,51
24,Quebec,2018,General Government Support,Utilities & Environmental,8783533.1,34,14
24,Quebec,2018,Industrial and Technical Support,Aerospace & Space,82742917.5,178,8
24,Quebec,2018,Industrial and Technical Support,Automotive & Heavy Vehicles,17625177.169999998,118,39
24,Quebec,2018,Industrial and Technical Support,Civil Engineering & Infrastructure,116514455.21,106,65
24,Quebec,2018,Industrial and Technical Support,Heavy Industry & Machinery,735411.5,24,20
24,Quebec,2018,Industrial and Technical Support,High-Tech Hardware & Telecom,32742442.38,174,52
24,Quebec,2018,Industrial and Technical Support,Life Sciences & Medical,5504770.64,61,30
24,Quebec,2018,Industrial and Technical Support,"Logistics, Training & Workforce",3955606.78,89,18
24,Quebec,2018,Industrial and Technical Support,Professional Services,86319,1,1
24,Quebec,2018,Industrial and Technical Support,"Resources, Fuels & Materials",16914624.29,428,53
24,Quebec,2018,Industrial and Technical Support,Software & IT Services,37735617.4,78,65
24,Quebec,2018,Industrial and Technical Support,Weapons & Tactical Security,2198303.9699999997,4,3
24,Quebec,2019,Core Defence Industrial Complex,Aerospace & Space,1472235.69,39,9
24,Quebec,2019,Core Defence Industrial Complex,Automotive & Heavy Vehicles,7845669.74,46,22
24,Quebec,2019,Core Defence Industrial Complex,Marine & Shipbuilding,1826606721.53,58,23
24,Quebec,2019,Core Defence Industrial Complex,Weapons & Tactical Security,44104625.74,31,9
24,Quebec,2019,General Government Support,Civil Engineering & Infrastructure,5208176.45,100,65
24,Quebec,2019,General Government Support,Heavy Industry & Machinery,9041907.83,224,93
24,Quebec,2019,General Government Support,High-Tech Hardware & Telecom,590863.05,3,3
24,Quebec,2019,General Government Support,Life Sciences & Medical,49253.509999999995,3,3
24,Quebec,2019,General Government Support,"Logistics, Training & Workforce",31053164.44,439,165
24,Quebec,2019,General Government Support,Other,947765.76,52,31
24,Quebec,2019,General Government Support,Professional Services,5386424.45,57,41
24,Quebec,2019,General Government Support,"Resources, Fuels & Materials",3260581.32,86,57
24,Quebec,2019,General Government Support,Utilities & Environmental,20756795.92,18,13
24,Quebec,2019,Industrial and Technical Support,Aerospace & Space,119823830.15,232,5
24,Quebec,2019,Industrial and Technical Support,Automotive & Heavy Vehicles,2284821067.23,101,41
24,Quebec,2019,Industrial and Technical Support,Civil Engineering & Infrastructure,333895178.6,57,42
24,Quebec,2019,Industrial and Technical Support,Heavy Industry & Machinery,642104.69,13,11
24,Quebec,2019,Industrial and Technical Support,High-Tech Hardware & Telecom,15292434.79,144,43
24,Quebec,2019,Industrial and Technical Support,Life Sciences & Medical,15571774.12,67,25
24,Quebec,2019,Industrial and Technical Support,"Logistics, Training & Workforce",4022209.34,65,27
24,Quebec,2019,Industrial and Technical Support,Professional Services,5503743.77,8,6
24,Quebec,2019,Industrial and Technical Support,"Resources, Fuels & Materials",13708422.9,348,51
24,Quebec,2019,Industrial and Technical Support,Software & IT Services,9886557.24,63,53
24,Quebec,2019,Industrial and Technical Support,Weapons & Tactical Security,147229.66999999998,4,4
24,Quebec,2020,Core Defence Industrial Complex,Aerospace & Space,116578917.93,43,8
24,Quebec,2020,Core Defence Industrial Complex,Automotive & Heavy Vehicles,1247816.61,33,20
24,Quebec,2020,Core Defence Industrial Complex,Marine & Shipbuilding,6099265.91,71,17
24,Quebec,2020,Core Defence Industrial Complex,Weapons & Tactical Security,164478792.79,44,6
24,Quebec,2020,General Government Support,Civil Engineering & Infrastructure,176053836.41,113,61
24,Quebec,2020,General Government Support,Heavy Industry & Machinery,14598030.44,267,122
24,Quebec,2020,General Government Support,High-Tech Hardware & Telecom,3682649.84,6,5
24,Quebec,2020,General Government Support,Life Sciences & Medical,224408.24,14,11
24,Quebec,2020,General Government Support,"Logistics, Training & Workforce",21384435.68,368,130
24,Quebec,2020,General Government Support,Other,995919.81,47,22
24,Quebec,2020,General Government Support,Professional Services,47798843.18,65,42
24,Quebec,2020,General Government Support,"Resources, Fuels & Materials",2337038.41,59,37
24,Quebec,2020,General Government Support,Utilities & Environmental,1863205.78,22,19
24,Quebec,2020,Industrial and Technical Support,Aerospace & Space,6638917,9,3
24,Quebec,2020,Industrial and Technical Support,Automotive & Heavy Vehicles,35028063.48,78,34
24,Quebec,2020,Industrial and Technical Support,Civil Engineering & Infrastructure,441521211.67,74,48
24,Quebec,2020,Industrial and Technical Support,Heavy Industry & Machinery,707624.38,17,14
24,Quebec,2020,Industrial and Technical Support,High-Tech Hardware & Telecom,28916313.74,110,39
24,Quebec,2020,Industrial and Technical Support,Life Sciences & Medical,2694091.11,21,13
24,Quebec,2020,Industrial and Technical Support,"Logistics, Training & Workforce",3033319.08,49,18
24,Quebec,2020,Industrial and Technical Support,Professional Services,1954691.44,2,2
24,Quebec,2020,Industrial and Technical Support,"Resources, Fuels & Materials",4113697.97,147,47
24,Quebec,2020,Industrial and Technical Support,Software & IT Services,3418292.01,52,39
24,Quebec,2021,Core Defence Industrial Complex,Aerospace & Space,5093048.64,36,10
24,Quebec,2021,Core Defence Industrial Complex,Automotive & Heavy Vehicles,33298039.13,22,19
24,Quebec,2021,Core Defence Industrial Complex,Marine & Shipbuilding,4854174.65,53,14
24,Quebec,2021,Core Defence Industrial Complex,Weapons & Tactical Security,136620555.52,35,8
24,Quebec,2021,General Government Support,Civil Engineering & Infrastructure,7422356.72,99,52
24,Quebec,2021,General Government Support,Heavy Industry & Machinery,14225973.18,200,98
24,Quebec,2021,General Government Support,High-Tech Hardware & Telecom,90173.09,5,4
24,Quebec,2021,General Government Support,Life Sciences & Medical,39368565.71,11,11
24,Quebec,2021,General Government Support,"Logistics, Training & Workforce",31203397.07,371,139
24,Quebec,2021,General Government Support,Other,1391292.92,66,34
24,Quebec,2021,General Government Support,Professional Services,37975517.38,85,58
24,Quebec,2021,General Government Support,"Resources, Fuels & Materials",7323899.63,85,45
24,Quebec,2021,General Government Support,Utilities & Environmental,3475962.62,10,7
24,Quebec,2021,Industrial and Technical Support,Aerospace & Space,375913.18,4,4
24,Quebec,2021,Industrial and Technical Support,Automotive & Heavy Vehicles,6102262.77,52,25
24,Quebec,2021,Industrial and Technical Support,Civil Engineering & Infrastructure,226450961.9,91,48
24,Quebec,2021,Industrial and Technical Support,Heavy Industry & Machinery,1348358.16,30,19
24,Quebec,2021,Industrial and Technical Support,High-Tech Hardware & Telecom,20300028.759999998,148,47
24,Quebec,2021,Industrial and Technical Support,Life Sciences & Medical,4175031.33,28,22
24,Quebec,2021,Industrial and Technical Support,"Logistics, Training & Workforce",2914888.57,63,25
24,Quebec,2021,Industrial and Technical Support,"Resources, Fuels & Materials",25132708.28,522,67
24,Quebec,2021,Industrial and Technical Support,Software & IT Services,9828357.63,122,53
24,Quebec,2021,Industrial and Technical Support,Weapons & Tactical Security,77105.91,2,2
24,Quebec,2022,Core Defence Industrial Complex,Aerospace & Space,84804201.99,58,16
24,Quebec,2022,Core Defence Industrial Complex,Automotive & Heavy Vehicles,3901722.38,18,15
24,Quebec,2022,Core Defence Industrial Complex,Marine & Shipbuilding,15654716.89,74,15
24,Quebec,2022,Core Defence Industrial Complex,Weapons & Tactical Security,220234425.3,38,11
24,Quebec,2022,General Government Support,Civil Engineering & Infrastructure,41366273.81,172,87
24,Quebec,2022,General Government Support,Heavy Industry & Machinery,67966858.37,265,126
24,Quebec,2022,General Government Support,High-Tech Hardware & Telecom,180850.22999999998,5,5
24,Quebec,2022,General Government Support,Life Sciences & Medical,1196338.32,15,13
24,Quebec,2022,General Government Support,"Logistics, Training & Workforce",913178785.64,462,165
24,Quebec,2022,General Government Support,Other,1725334.85,69,40
24,Quebec,2022,General Government Support,Professional Services,38888116.62,86,59
24,Quebec,2022,General Government Support,"Resources, Fuels & Materials",3130987.89,76,50
24,Quebec,2022,General Government Support,Utilities & Environmental,5396992.19,21,16
24,Quebec,2022,Industrial and Technical Support,Aerospace & Space,994577.48,13,6
24,Quebec,2022,Industrial and Technical Support,Automotive & Heavy Vehicles,17238451.8,87,38
24,Quebec,2022,Industrial and Technical Support,Civil Engineering & Infrastructure,843752733.12,75,52
24,Quebec,2022,Industrial and Technical Support,Heavy Industry & Machinery,389807.72000000003,15,14
24,Quebec,2022,Industrial and Technical Support,High-Tech Hardware & Telecom,25816998.48,111,48
24,Quebec,2022,Industrial and Technical Support,Life Sciences & Medical,1548100.33,33,25
24,Quebec,2022,Industrial and Technical Support,"Logistics, Training & Workforce",13820393.3,116,30
24,Quebec,2022,Industrial and Technical Support,Professional Services,10506,1,1
24,Quebec,2022,Industrial and Technical Support,"Resources, Fuels & Materials",29986723.97,463,72
24,Quebec,2022,Industrial and Technical Support,Software & IT Services,18315099.09,157,71
24,Quebec,2022,Industrial and Technical Support,Weapons & Tactical Security,1277503.7799999998,5,3
24,Quebec,2023,Core Defence Industrial Complex,Aerospace & Space,2290204566.12,36,15
24,Quebec,2023,Core Defence Industrial Complex,Automotive & Heavy Vehicles,212117.85,18,15
24,Quebec,2023,Core Defence Industrial Complex,Marine & Shipbuilding,28051468.85,53,17
24,Quebec,2023,Core Defence Industrial Complex,Weapons & Tactical Security,309439523.18,43,12
24,Quebec,2023,General Government Support,Civil Engineering & Infrastructure,37709764.03,181,91
24,Quebec,2023,General Government Support,Heavy Industry & Machinery,14220394.9,343,157
24,Quebec,2023,General Government Support,High-Tech Hardware & Telecom,257911.55,2,2
24,Quebec,2023,General Government Support,Life Sciences & Medical,8168383.41,7,7
24,Quebec,2023,General Government Support,"Logistics, Training & Workforce",219033923.57,484,206
24,Quebec,2023,General Government Support,Other,12454269.26,66,47
24,Quebec,2023,General Government Support,Professional Services,17038663.67,120,97
24,Quebec,2023,General Government Support,"Resources, Fuels & Materials",1532775.76,63,44
24,Quebec,2023,General Government Support,Utilities & Environmental,10517547.55,20,14
24,Quebec,2023,Industrial and Technical Support,Aerospace & Space,957887.42,15,6
24,Quebec,2023,Industrial and Technical Support,Automotive & Heavy Vehicles,19005758.01,114,59
24,Quebec,2023,Industrial and Technical Support,Civil Engineering & Infrastructure,755194491.62,58,53
24,Quebec,2023,Industrial and Technical Support,Heavy Industry & Machinery,1639836.94,30,24
24,Quebec,2023,Industrial and Technical Support,High-Tech Hardware & Telecom,36984260.19,140,54
24,Quebec,2023,Industrial and Technical Support,Life Sciences & Medical,1701548.8199999998,31,24
24,Quebec,2023,Industrial and Technical Support,"Logistics, Training & Workforce",15660466.71,127,35
24,Quebec,2023,Industrial and Technical Support,Professional Services,493338.43,5,5
24,Quebec,2023,Industrial and Technical Support,"Resources, Fuels & Materials",42223905.12,382,86
24,Quebec,2023,Industrial and Technical Support,Software & IT Services,27811961.02,148,77
24,Quebec,2023,Industrial and Technical Support,Weapons & Tactical Security,115491.17,6,2
24,Quebec,2024,Core Defence Industrial Complex,Aerospace & Space,83500731.07,52,20
24,Quebec,2024,Core Defence Industrial Complex,Automotive & Heavy Vehicles,18100419.47,44,28
24,Quebec,2024,Core Defence Industrial Complex,Marine & Shipbuilding,110064798.97,63,27
24,Quebec,2024,Core Defence Industrial Complex,Weapons & Tactical Security,362907697.75,50,18
24,Quebec,2024,General Government Support,Civil Engineering & Infrastructure,29005558.6,173,75
24,Quebec,2024,General Government Support,Heavy Industry & Machinery,33148106.88,355,166
24,Quebec,2024,General Government Support,High-Tech Hardware & Telecom,19959.57,1,1
24,Quebec,2024,General Government Support,Life Sciences & Medical,184914.19,8,7
24,Quebec,2024,General Government Support,"Logistics, Training & Workforce",22142442.04,575,223
24,Quebec,2024,General Government Support,Other,1923377.97,45,32
24,Quebec,2024,General Government Support,Professional Services,12876136.79,92,70
24,Quebec,2024,General Government Support,"Resources, Fuels & Materials",3755590.35,75,44
24,Quebec,2024,General Government Support,Utilities & Environmental,4690381.850000001,26,16
24,Quebec,2024,Industrial and Technical Support,Aerospace & Space,1917265.79,26,13
24,Quebec,2024,Industrial and Technical Support,Automotive & Heavy Vehicles,27408295.78,142,73
24,Quebec,2024,Industrial and Technical Support,Civil Engineering & Infrastructure,33440412.51,58,42
24,Quebec,2024,Industrial and Technical Support,Heavy Industry & Machinery,3965191.54,29,27
24,Quebec,2024,Industrial and Technical Support,High-Tech Hardware & Telecom,71850548.36,132,56
24,Quebec,2024,Industrial and Technical Support,Life Sciences & Medical,3702818.36,36,28
24,Quebec,2024,Industrial and Technical Support,"Logistics, Training & Workforce",7401570.470000001,112,39
24,Quebec,2024,Industrial and Technical Support,Marine & Shipbuilding,292222.62,1,1
24,Quebec,2024,Industrial and Technical Support,Professional Services,32261.81,2,2
24,Quebec,2024,Industrial and Technical Support,"Resources, Fuels & Materials",63873683.11,460,69
24,Quebec,2024,Industrial and Technical Support,Software & IT Services,12523273.36,132,71
24,Quebec,2024,Industrial and Technical Support,Weapons & Tactical Security,1047286.97,17,4
24,Quebec,2025,Core Defence Industrial Complex,Aerospace & Space,722918997.75,112,27
24,Quebec,2025,Core Defence Industrial Complex,Automotive & Heavy Vehicles,7602881.3100000005,46,33
24,Quebec,2025,Core Defence Industrial Complex,Marine & Shipbuilding,40357629.71,172,52
24,Quebec,2025,Core Defence Industrial Complex,Weapons & Tactical Security,422420929.46,41,12
24,Quebec,2025,General Government Support,Civil Engineering & Infrastructure,34990330.82,267,86
24,Quebec,2025,General Government Support,Heavy Industry & Machinery,252778440.89,600,268
24,Quebec,2025,General Government Support,High-Tech Hardware & Telecom,231732.77,3,3
24,Quebec,2025,General Government Support,Life Sciences & Medical,490022.55,17,13
24,Quebec,2025,General Government Support,"Logistics, Training & Workforce",83569096.19,897,284
24,Quebec,2025,General Government Support,Other,8714695.540000001,118,58
24,Quebec,2025,General Government Support,Professional Services,33566149.36,96,70
24,Quebec,2025,General Government Support,"Resources, Fuels & Materials",4420083.91,85,49
24,Quebec,2025,General Government Support,Utilities & Environmental,16063979.81,33,18
24,Quebec,2025,Industrial and Technical Support,Aerospace & Space,3542990.2399999998,64,12
24,Quebec,2025,Industrial and Technical Support,Automotive & Heavy Vehicles,37747245.1,111,59
24,Quebec,2025,Industrial and Technical Support,Civil Engineering & Infrastructure,125578646.99,76,53
24,Quebec,2025,Industrial and Technical Support,Heavy Industry & Machinery,11099065.88,41,28
24,Quebec,2025,Industrial and Technical Support,High-Tech Hardware & Telecom,47293869.160000004,185,67
24,Quebec,2025,Industrial and Technical Support,Life Sciences & Medical,37343871.92,55,40
24,Quebec,2025,Industrial and Technical Support,"Logistics, Training & Workforce",11293454.74,114,40
24,Quebec,2025,Industrial and Technical Support,Marine & Shipbuilding,230006.64,1,1
24,Quebec,2025,Industrial and Technical Support,Professional Services,188702.02000000002,3,3
24,Quebec,2025,Industrial and Technical Support,"Resources, Fuels & Materials",68338967.49,504,106
24,Quebec,2025,Industrial and Technical Support,Software & IT Services,30977248.22,162,90
24,Quebec,2025,Industrial and Technical Support,Weapons & Tactical Security,12367317.9,38,8
24,Quebec,2026,Core Defence Industrial Complex,Aerospace & Space,365339709.57,8,6
24,Quebec,2026,Core Defence Industrial Complex,Automotive & Heavy Vehicles,305259.95,10,9
24,Quebec,2026,Core Defence Industrial Complex,Marine & Shipbuilding,145267704.59,105,53
24,Quebec,2026,Core Defence Industrial Complex,Weapons & Tactical Security,470377218.36,41,16
24,Quebec,2026,General Government Support,Civil Engineering & Infrastructure,4511381.37,41,18
24,Quebec,2026,General Government Support,Heavy Industry & Machinery,12342831.25,198,109
24,Quebec,2026,General Government Support,High-Tech Hardware & Telecom,163547.23,2,2
24,Quebec,2026,General Government Support,Life Sciences & Medical,64750.32,3,3
24,Quebec,2026,General Government Support,"Logistics, Training & Workforce",14667609.09,235,123
24,Quebec,2026,General Government Support,Other,1982157.0999999999,22,18
24,Quebec,2026,General Government Support,Professional Services,5073139.07,20,19
24,Quebec,2026,General Government Support,"Resources, Fuels & Materials",569141.01,29,19
24,Quebec,2026,General Government Support,Utilities & Environmental,306669.53,3,3
24,Quebec,2026,Industrial and Technical Support,Aerospace & Space,147958.11,3,3
24,Quebec,2026,Industrial and Technical Support,Automotive & Heavy Vehicles,2975803.33,28,20
24,Quebec,2026,Industrial and Technical Support,Civil Engineering & Infrastructure,844857397.18,38,28
24,Quebec,2026,Industrial and Technical Support,Heavy Industry & Machinery,291925.96,16,15
24,Quebec,2026,Industrial and Technical Support,High-Tech Hardware & Telecom,16874290.19,65,32
24,Quebec,2026,Industrial and Technical Support,Life Sciences & Medical,792359.17,14,13
24,Quebec,2026,Industrial and Technical Support,"Logistics, Training & Workforce",2328045.67,44,22
24,Quebec,2026,Industrial and Technical Support,"Resources, Fuels & Materials",18060012.56,143,25
24,Quebec,2026,Industrial and Technical Support,Software & IT Services,3609491.1,37,32
24,Quebec,2026,Industrial and Technical Support,Weapons & Tactical Security,337948.02,11,5
35,Ontario,2016,Core Defence Industrial Complex,Aerospace & Space,5042000,1,1
35,Ontario,2016,Core Defence Industrial Complex,Automotive & Heavy Vehicles,2579936.6,4,4
35,Ontario,2016,Core Defence Industrial Complex,Marine & Shipbuilding,4739035.18,10,7
35,Ontario,2016,General Government Support,Civil Engineering & Infrastructure,21557571.82,22,8
35,Ontario,2016,General Government Support,Heavy Industry & Machinery,17445997.330000002,35,27
35,Ontario,2016,General Government Support,High-Tech Hardware & Telecom,70398.48,1,1
35,Ontario,2016,General Government Support,Life Sciences & Medical,53364.56,3,3
35,Ontario,2016,General Government Support,"Logistics, Training & Workforce",3571959,106,60
35,Ontario,2016,General Government Support,Other,4733866.08,39,15
35,Ontario,2016,General Government Support,Professional Services,46534637.11,92,54
35,Ontario,2016,General Government Support,"Resources, Fuels & Materials",2205480.84,17,7
35,Ontario,2016,General Government Support,Utilities & Environmental,129017.97,8,6
35,Ontario,2016,Industrial and Technical Support,Aerospace & Space,51819.380000000005,2,2
35,Ontario,2016,Industrial and Technical Support,Automotive & Heavy Vehicles,2295522.83,34,14
35,Ontario,2016,Industrial and Technical Support,Civil Engineering & Infrastructure,20275079.23,24,18
35,Ontario,2016,Industrial and Technical Support,Heavy Industry & Machinery,28256.79,2,2
35,Ontario,2016,Industrial and Technical Support,High-Tech Hardware & Telecom,13561587.58,36,23
35,Ontario,2016,Industrial and Technical Support,Life Sciences & Medical,857343.93,5,5
35,Ontario,2016,Industrial and Technical Support,"Logistics, Training & Workforce",147960.02,4,4
35,Ontario,2016,Industrial and Technical Support,Professional Services,84643.76999999999,4,1
35,Ontario,2016,Industrial and Technical Support,"Resources, Fuels & Materials",1085882.83,44,14
35,Ontario,2016,Industrial and Technical Support,Software & IT Services,191558043.08,26,22
35,Ontario,2016,Industrial and Technical Support,Weapons & Tactical Security,442446.36,2,1
35,Ontario,2017,Core Defence Industrial Complex,Aerospace & Space,584447.31,17,9
35,Ontario,2017,Core Defence Industrial Complex,Automotive & Heavy Vehicles,13373475.04,20,11
35,Ontario,2017,Core Defence Industrial Complex,Civil Engineering & Infrastructure,67820.1,2,2
35,Ontario,2017,Core Defence Industrial Complex,Marine & Shipbuilding,12880628.39,51,28
35,Ontario,2017,Core Defence Industrial Complex,Weapons & Tactical Security,42599403.87,41,14
35,Ontario,2017,General Government Support,Civil Engineering & Infrastructure,56404720.63,299,128
35,Ontario,2017,General Government Support,Heavy Industry & Machinery,38876439.47,416,220
35,Ontario,2017,General Government Support,High-Tech Hardware & Telecom,5479885.3,2,2
35,Ontario,2017,General Government Support,Life Sciences & Medical,1770403833.07,20,16
35,Ontario,2017,General Government Support,"Logistics, Training & Workforce",25930517.96,553,272
35,Ontario,2017,General Government Support,Other,5610759.23,136,51
35,Ontario,2017,General Government Support,Professional Services,123131838.04,418,164
35,Ontario,2017,General Government Support,"Resources, Fuels & Materials",16599649.72,185,79
35,Ontario,2017,General Government Support,Utilities & Environmental,30504737.98,200,38
35,Ontario,2017,Industrial and Technical Support,Aerospace & Space,55520743.72,215,4
35,Ontario,2017,Industrial and Technical Support,Automotive & Heavy Vehicles,52475075.69,379,64
35,Ontario,2017,Industrial and Technical Support,Civil Engineering & Infrastructure,106563362.86,165,108
35,Ontario,2017,Industrial and Technical Support,Heavy Industry & Machinery,978020.94,27,22
35,Ontario,2017,Industrial and Technical Support,High-Tech Hardware & Telecom,108968818.58,587,174
35,Ontario,2017,Industrial and Technical Support,Life Sciences & Medical,5469690.49,54,40
35,Ontario,2017,Industrial and Technical Support,"Logistics, Training & Workforce",2955572.33,58,22
35,Ontario,2017,Industrial and Technical Support,Marine & Shipbuilding,1754991,1,1
35,Ontario,2017,Industrial and Technical Support,Professional Services,8043133.15,72,6
35,Ontario,2017,Industrial and Technical Support,"Resources, Fuels & Materials",10061886.24,332,69
35,Ontario,2017,Industrial and Technical Support,Software & IT Services,170344223.79,267,145
35,Ontario,2017,Industrial and Technical Support,Weapons & Tactical Security,14666890.92,70,11
35,Ontario,2018,Core Defence Industrial Complex,Aerospace & Space,3118479.95,15,14
35,Ontario,2018,Core Defence Industrial Complex,Automotive & Heavy Vehicles,18605734.05,43,25
35,Ontario,2018,Core Defence Industrial Complex,Civil Engineering & Infrastructure,376136.19999999995,6,5
35,Ontario,2018,Core Defence Industrial Complex,Marine & Shipbuilding,12794896.73,61,31
35,Ontario,2018,Core Defence Industrial Complex,Weapons & Tactical Security,120319815.13,41,23
35,Ontario,2018,General Government Support,Civil Engineering & Infrastructure,71342195.75,248,131
35,Ontario,2018,General Government Support,Heavy Industry & Machinery,61018492.13,552,226
35,Ontario,2018,General Government Support,High-Tech Hardware & Telecom,337751.12,5,5
35,Ontario,2018,General Government Support,Life Sciences & Medical,1587953.89,23,18
35,Ontario,2018,General Government Support,"Logistics, Training & Workforce",60028293.5,826,376
35,Ontario,2018,General Government Support,Other,18866234.98,161,75
35,Ontario,2018,General Government Support,Professional Services,363669053.62,503,212
35,Ontario,2018,General Government Support,"Resources, Fuels & Materials",16008945.72,206,95
35,Ontario,2018,General Government Support,Utilities & Environmental,58316779.87,182,46
35,Ontario,2018,Industrial and Technical Support,Aerospace & Space,61147023.46,66,7
35,Ontario,2018,Industrial and Technical Support,Automotive & Heavy Vehicles,74712173.92,438,72
35,Ontario,2018,Industrial and Technical Support,Civil Engineering & Infrastructure,856896947.23,284,168
35,Ontario,2018,Industrial and Technical Support,Heavy Industry & Machinery,5564727.92,49,45
35,Ontario,2018,Industrial and Technical Support,High-Tech Hardware & Telecom,154514159.18,846,181
35,Ontario,2018,Industrial and Technical Support,Life Sciences & Medical,26526078.73,98,68
35,Ontario,2018,Industrial and Technical Support,"Logistics, Training & Workforce",3543965.95,70,18
35,Ontario,2018,Industrial and Technical Support,Marine & Shipbuilding,22500,1,1
35,Ontario,2018,Industrial and Technical Support,Professional Services,7983909.35,95,9
35,Ontario,2018,Industrial and Technical Support,"Resources, Fuels & Materials",18003690.05,415,88
35,Ontario,2018,Industrial and Technical Support,Software & IT Services,140327272.18,328,179
35,Ontario,2018,Industrial and Technical Support,Weapons & Tactical Security,11910082.62,46,10
35,Ontario,2019,Core Defence Industrial Complex,Aerospace & Space,9386469.71,31,15
35,Ontario,2019,Core Defence Industrial Complex,Automotive & Heavy Vehicles,9700951.59,40,22
35,Ontario,2019,Core Defence Industrial Complex,Marine & Shipbuilding,38635483.49,35,24
35,Ontario,2019,Core Defence Industrial Complex,Weapons & Tactical Security,22637983.6,26,15
35,Ontario,2019,General Government Support,Civil Engineering & Infrastructure,51177216.88,244,144
35,Ontario,2019,General Government Support,Heavy Industry & Machinery,42649926.05,479,195
35,Ontario,2019,General Government Support,High-Tech Hardware & Telecom,66091.53,3,3
35,Ontario,2019,General Government Support,Life Sciences & Medical,12998362.23,21,17
35,Ontario,2019,General Government Support,"Logistics, Training & Workforce",45254356.14,855,343
35,Ontario,2019,General Government Support,Other,7322859.21,146,72
35,Ontario,2019,General Government Support,Professional Services,206676315.81,422,194
35,Ontario,2019,General Government Support,"Resources, Fuels & Materials",10028224.54,168,83
35,Ontario,2019,General Government Support,Utilities & Environmental,50598296.7,134,38
35,Ontario,2019,Industrial and Technical Support,Aerospace & Space,5190504.89,6,3
35,Ontario,2019,Industrial and Technical Support,Automotive & Heavy Vehicles,32326319.76,241,61
35,Ontario,2019,Industrial and Technical Support,Civil Engineering & Infrastructure,253841663.93,174,105
35,Ontario,2019,Industrial and Technical Support,Heavy Industry & Machinery,2713291.98,33,30
35,Ontario,2019,Industrial and Technical Support,High-Tech Hardware & Telecom,179077216.28,861,179
35,Ontario,2019,Industrial and Technical Support,Life Sciences & Medical,24200384.81,76,53
35,Ontario,2019,Industrial and Technical Support,"Logistics, Training & Workforce",2402404.46,65,23
35,Ontario,2019,Industrial and Technical Support,Professional Services,25256069.72,123,29
35,Ontario,2019,Industrial and Technical Support,"Resources, Fuels & Materials",16072017.54,418,78
35,Ontario,2019,Industrial and Technical Support,Software & IT Services,63401717.3,318,183
35,Ontario,2019,Industrial and Technical Support,Weapons & Tactical Security,5205556.35,40,11
35,Ontario,2020,Core Defence Industrial Complex,Aerospace & Space,2861709.7399999998,15,7
35,Ontario,2020,Core Defence Industrial Complex,Automotive & Heavy Vehicles,6209205.1,26,17
35,Ontario,2020,Core Defence Industrial Complex,Civil Engineering & Infrastructure,761243.94,1,1
35,Ontario,2020,Core Defence Industrial Complex,Marine & Shipbuilding,7023554.96,24,17
35,Ontario,2020,Core Defence Industrial Complex,Weapons & Tactical Security,31446241.97,27,8
35,Ontario,2020,General Government Support,Civil Engineering & Infrastructure,175563045.02,315,142
35,Ontario,2020,General Government Support,Heavy Industry & Machinery,40515106.04,480,215
35,Ontario,2020,General Government Support,High-Tech Hardware & Telecom,251326.3,6,6
35,Ontario,2020,General Government Support,Life Sciences & Medical,18507863.36,34,24
35,Ontario,2020,General Government Support,"Logistics, Training & Workforce",45066378.32,793,310
35,Ontario,2020,General Government Support,Other,14911321.99,120,68
35,Ontario,2020,General Government Support,Professional Services,198969807.33,319,175
35,Ontario,2020,General Government Support,"Resources, Fuels & Materials",5106938.2700000005,181,88
35,Ontario,2020,General Government Support,Utilities & Environmental,22521831.69,103,31
35,Ontario,2020,Industrial and Technical Support,Aerospace & Space,1825366.73,28,5
35,Ontario,2020,Industrial and Technical Support,Automotive & Heavy Vehicles,31855707.46,244,52
35,Ontario,2020,Industrial and Technical Support,Civil Engineering & Infrastructure,189586206.53,184,123
35,Ontario,2020,Industrial and Technical Support,Heavy Industry & Machinery,5570502.65,45,41
35,Ontario,2020,Industrial and Technical Support,High-Tech Hardware & Telecom,97016907.5,703,150
35,Ontario,2020,Industrial and Technical Support,Life Sciences & Medical,9897073.08,54,43
35,Ontario,2020,Industrial and Technical Support,"Logistics, Training & Workforce",875101.17,30,10
35,Ontario,2020,Industrial and Technical Support,Marine & Shipbuilding,10465.9,1,1
35,Ontario,2020,Industrial and Technical Support,Professional Services,9934890.41,15,12
35,Ontario,2020,Industrial and Technical Support,"Resources, Fuels & Materials",110381371.83,360,86
35,Ontario,2020,Industrial and Technical Support,Software & IT Services,210501533.08,331,173
35,Ontario,2020,Industrial and Technical Support,Weapons & Tactical Security,7474478.44,52,10
35,Ontario,2021,Core Defence Industrial Complex,Aerospace & Space,14076820.78,9,8
35,Ontario,2021,Core Defence Industrial Complex,Automotive & Heavy Vehicles,5740508.88,34,20
35,Ontario,2021,Core Defence Industrial Complex,Civil Engineering & Infrastructure,144700,1,1
35,Ontario,2021,Core Defence Industrial Complex,Marine & Shipbuilding,13726158.73,42,27
35,Ontario,2021,Core Defence Industrial Complex,Weapons & Tactical Security,18098625.71,24,14
35,Ontario,2021,General Government Support,Civil Engineering & Infrastructure,59548424.11,352,148
35,Ontario,2021,General Government Support,Heavy Industry & Machinery,21058491.99,475,204
35,Ontario,2021,General Government Support,High-Tech Hardware & Telecom,1586158.6,5,3
35,Ontario,2021,General Government Support,Life Sciences & Medical,2456470.41,35,25
35,Ontario,2021,General Government Support,"Logistics, Training & Workforce",61996379.11,857,340
35,Ontario,2021,General Government Support,Other,34912314.35,158,80
35,Ontario,2021,General Government Support,Professional Services,284654153.71,436,205
35,Ontario,2021,General Government Support,"Resources, Fuels & Materials",5750611.88,178,77
35,Ontario,2021,General Government Support,Utilities & Environmental,15178296.17,94,31
35,Ontario,2021,Industrial and Technical Support,Aerospace & Space,1949213.15,36,4
35,Ontario,2021,Industrial and Technical Support,Automotive & Heavy Vehicles,26641170.07,214,42
35,Ontario,2021,Industrial and Technical Support,Civil Engineering & Infrastructure,115613778.04,173,116
35,Ontario,2021,Industrial and Technical Support,Heavy Industry & Machinery,3898722.45,32,26
35,Ontario,2021,Industrial and Technical Support,High-Tech Hardware & Telecom,233046737.15,799,174
35,Ontario,2021,Industrial and Technical Support,Life Sciences & Medical,6325461.3,64,48
35,Ontario,2021,Industrial and Technical Support,"Logistics, Training & Workforce",16117267.84,30,18
35,Ontario,2021,Industrial and Technical Support,Marine & Shipbuilding,11047.73,1,1
35,Ontario,2021,Industrial and Technical Support,Professional Services,354089.14,4,4
35,Ontario,2021,Industrial and Technical Support,"Resources, Fuels & Materials",17022467.06,479,88
35,Ontario,2021,Industrial and Technical Support,Software & IT Services,331706949.63,431,183
35,Ontario,2021,Industrial and Technical Support,Weapons & Tactical Security,6679202.65,69,12
35,Ontario,2022,Core Defence Industrial Complex,Aerospace & Space,901352.0599999999,16,14
35,Ontario,2022,Core Defence Industrial Complex,Automotive & Heavy Vehicles,10514482.64,23,20
35,Ontario,2022,Core Defence Industrial Complex,Civil Engineering & Infrastructure,82956.8,2,2
35,Ontario,2022,Core Defence Industrial Complex,Marine & Shipbuilding,10817130.18,45,27
35,Ontario,2022,Core Defence Industrial Complex,Weapons & Tactical Security,65220317.93,35,14
35,Ontario,2022,General Government Support,Civil Engineering & Infrastructure,1103236866.88,339,155
35,Ontario,2022,General Government Support,Heavy Industry & Machinery,82332867.05,564,228
35,Ontario,2022,General Government Support,High-Tech Hardware & Telecom,1119905.42,8,8
35,Ontario,2022,General Government Support,Life Sciences & Medical,6105265.01,35,19
35,Ontario,2022,General Government Support,"Logistics, Training & Workforce",49059896.04,995,400
35,Ontario,2022,General Government Support,Other,17669720.85,170,77
35,Ontario,2022,General Government Support,Professional Services,221153966.54,507,247
35,Ontario,2022,General Government Support,"Resources, Fuels & Materials",5300529.11,196,77
35,Ontario,2022,General Government Support,Utilities & Environmental,61694223.32,92,42
35,Ontario,2022,Industrial and Technical Support,Aerospace & Space,5157278.99,91,11
35,Ontario,2022,Industrial and Technical Support,Automotive & Heavy Vehicles,42855480.13,283,78
35,Ontario,2022,Industrial and Technical Support,Civil Engineering & Infrastructure,514521402.36,216,141
35,Ontario,2022,Industrial and Technical Support,Heavy Industry & Machinery,4623599.27,40,29
35,Ontario,2022,Industrial and Technical Support,High-Tech Hardware & Telecom,253696959.22,637,158
35,Ontario,2022,Industrial and Technical Support,Life Sciences & Medical,26969460.27,69,48
35,Ontario,2022,Industrial and Technical Support,"Logistics, Training & Workforce",3420874.85,58,22
35,Ontario,2022,Industrial and Technical Support,Professional Services,484873.72000000003,7,6
35,Ontario,2022,Industrial and Technical Support,"Resources, Fuels & Materials",24861179.66,460,101
35,Ontario,2022,Industrial and Technical Support,Software & IT Services,189987125.87,580,225
35,Ontario,2022,Industrial and Technical Support,Weapons & Tactical Security,3587773.11,62,13
35,Ontario,2023,Core Defence Industrial Complex,Aerospace & Space,16511915.01,22,15
35,Ontario,2023,Core Defence Industrial Complex,Automotive & Heavy Vehicles,3634125.92,27,26
35,Ontario,2023,Core Defence Industrial Complex,Civil Engineering & Infrastructure,1305575.2,1,1
35,Ontario,2023,Core Defence Industrial Complex,Marine & Shipbuilding,537580867.89,67,44
35,Ontario,2023,Core Defence Industrial Complex,Weapons & Tactical Security,58744913.91,41,18
35,Ontario,2023,General Government Support,Civil Engineering & Infrastructure,62943440.12,359,156
35,Ontario,2023,General Government Support,Heavy Industry & Machinery,61855574.56,658,297
35,Ontario,2023,General Government Support,High-Tech Hardware & Telecom,522696.06,4,3
35,Ontario,2023,General Government Support,Life Sciences & Medical,1620966.08,20,16
35,Ontario,2023,General Government Support,"Logistics, Training & Workforce",55575075.88,1241,484
35,Ontario,2023,General Government Support,Other,11147077.66,222,104
35,Ontario,2023,General Government Support,Professional Services,373957166.34,587,306
35,Ontario,2023,General Government Support,"Resources, Fuels & Materials",15362083.97,235,113
35,Ontario,2023,General Government Support,Utilities & Environmental,9936261.55,95,45
35,Ontario,2023,Industrial and Technical Support,Aerospace & Space,17704849.66,141,16
35,Ontario,2023,Industrial and Technical Support,Automotive & Heavy Vehicles,44989141.66,217,94
35,Ontario,2023,Industrial and Technical Support,Civil Engineering & Infrastructure,1891121780.32,214,150
35,Ontario,2023,Industrial and Technical Support,Heavy Industry & Machinery,10158105.8,48,36
35,Ontario,2023,Industrial and Technical Support,High-Tech Hardware & Telecom,293714757.14,886,222
35,Ontario,2023,Industrial and Technical Support,Life Sciences & Medical,24479628.97,71,56
35,Ontario,2023,Industrial and Technical Support,"Logistics, Training & Workforce",9213766.88,52,32
35,Ontario,2023,Industrial and Technical Support,Professional Services,1128930.92,9,8
35,Ontario,2023,Industrial and Technical Support,"Resources, Fuels & Materials",10304273.43,294,109
35,Ontario,2023,Industrial and Technical Support,Software & IT Services,253942302.05,608,263
35,Ontario,2023,Industrial and Technical Support,Weapons & Tactical Security,7412018.79,109,16
35,Ontario,2024,Core Defence Industrial Complex,Aerospace & Space,8206385.68,27,21
35,Ontario,2024,Core Defence Industrial Complex,Automotive & Heavy Vehicles,7429244.55,46,36
35,Ontario,2024,Core Defence Industrial Complex,Civil Engineering & Infrastructure,49014.79,2,1
35,Ontario,2024,Core Defence Industrial Complex,Marine & Shipbuilding,715083466.76,39,28
35,Ontario,2024,Core Defence Industrial Complex,Weapons & Tactical Security,291442995.05,26,15
35,Ontario,2024,General Government Support,Civil Engineering & Infrastructure,45226002.339999996,235,132
35,Ontario,2024,General Government Support,Heavy Industry & Machinery,64011090.78,707,289
35,Ontario,2024,General Government Support,High-Tech Hardware & Telecom,1339553.8900000001,8,8
35,Ontario,2024,General Government Support,Life Sciences & Medical,6365258.66,18,18
35,Ontario,2024,General Government Support,"Logistics, Training & Workforce",86481398.91,1060,458
35,Ontario,2024,General Government Support,Other,12594714.72,381,104
35,Ontario,2024,General Government Support,Professional Services,11410069543.28,467,246
35,Ontario,2024,General Government Support,"Resources, Fuels & Materials",18909352.13,213,96
35,Ontario,2024,General Government Support,Utilities & Environmental,46277896.51,116,51
35,Ontario,2024,Industrial and Technical Support,Aerospace & Space,14531568.85,105,18
35,Ontario,2024,Industrial and Technical Support,Automotive & Heavy Vehicles,73474408.12,158,76
35,Ontario,2024,Industrial and Technical Support,Civil Engineering & Infrastructure,539872089.36,214,126
35,Ontario,2024,Industrial and Technical Support,Heavy Industry & Machinery,4430722.100000001,40,36
35,Ontario,2024,Industrial and Technical Support,High-Tech Hardware & Telecom,225169891.09,753,212
35,Ontario,2024,Industrial and Technical Support,Life Sciences & Medical,9683708.78,87,68
35,Ontario,2024,Industrial and Technical Support,"Logistics, Training & Workforce",14504857.69,37,18
35,Ontario,2024,Industrial and Technical Support,Marine & Shipbuilding,23788.76,1,1
35,Ontario,2024,Industrial and Technical Support,Professional Services,3605242.7,46,11
35,Ontario,2024,Industrial and Technical Support,"Resources, Fuels & Materials",6775842.92,201,91
35,Ontario,2024,Industrial and Technical Support,Software & IT Services,461634405.41,576,247
35,Ontario,2024,Industrial and Technical Support,Weapons & Tactical Security,6786871.99,55,19
35,Ontario,2025,Core Defence Industrial Complex,Aerospace & Space,15296272.32,50,30
35,Ontario,2025,Core Defence Industrial Complex,Automotive & Heavy Vehicles,25891275.97,57,36
35,Ontario,2025,Core Defence Industrial Complex,Civil Engineering & Infrastructure,39728.869999999995,3,2
35,Ontario,2025,Core Defence Industrial Complex,Marine & Shipbuilding,7355091.22,167,88
35,Ontario,2025,Core Defence Industrial Complex,Weapons & Tactical Security,68880696.46,23,17
35,Ontario,2025,General Government Support,Civil Engineering & Infrastructure,330102160.84,519,221
35,Ontario,2025,General Government Support,Heavy Industry & Machinery,90639049.72,863,370
35,Ontario,2025,General Government Support,High-Tech Hardware & Telecom,459904.87,4,4
35,Ontario,2025,General Government Support,Life Sciences & Medical,2673896.2,15,14
35,Ontario,2025,General Government Support,"Logistics, Training & Workforce",187652849.73,1654,611
35,Ontario,2025,General Government Support,Other,18230111.99,472,134
35,Ontario,2025,General Government Support,Professional Services,304503246.26,474,248
35,Ontario,2025,General Government Support,"Resources, Fuels & Materials",5914055.58,200,95
35,Ontario,2025,General Government Support,Utilities & Environmental,47300935.73,129,61
35,Ontario,2025,Industrial and Technical Support,Aerospace & Space,28347804.4,92,19
35,Ontario,2025,Industrial and Technical Support,Automotive & Heavy Vehicles,79293883.17,236,77
35,Ontario,2025,Industrial and Technical Support,Civil Engineering & Infrastructure,139729172.02,247,149
35,Ontario,2025,Industrial and Technical Support,Heavy Industry & Machinery,3632375.95,69,59
35,Ontario,2025,Industrial and Technical Support,High-Tech Hardware & Telecom,328898548.63,993,243
35,Ontario,2025,Industrial and Technical Support,Life Sciences & Medical,24468405.15,119,77
35,Ontario,2025,Industrial and Technical Support,"Logistics, Training & Workforce",7773323.88,39,27
35,Ontario,2025,Industrial and Technical Support,Professional Services,17423168.28,126,4
35,Ontario,2025,Industrial and Technical Support,"Resources, Fuels & Materials",12265867.93,322,118
35,Ontario,2025,Industrial and Technical Support,Software & IT Services,688843493.73,710,286
35,Ontario,2025,Industrial and Technical Support,Weapons & Tactical Security,9775324.38,46,25
35,Ontario,2026,Core Defence Industrial Complex,Aerospace & Space,8199421.41,15,10
35,Ontario,2026,Core Defence Industrial Complex,Automotive & Heavy Vehicles,562042.13,6,6
35,Ontario,2026,Core Defence Industrial Complex,Marine & Shipbuilding,10070396.85,117,57
35,Ontario,2026,Core Defence Industrial Complex,Weapons & Tactical Security,321865955.98,8,7
35,Ontario,2026,General Government Support,Civil Engineering & Infrastructure,22043710.12,124,73
35,Ontario,2026,General Government Support,Heavy Industry & Machinery,41327981.07,230,133
35,Ontario,2026,General Government Support,High-Tech Hardware & Telecom,250452.75,3,3
35,Ontario,2026,General Government Support,Life Sciences & Medical,7308362.87,6,6
35,Ontario,2026,General Government Support,"Logistics, Training & Workforce",27085017.73,411,206
35,Ontario,2026,General Government Support,Other,3661324.5,117,46
35,Ontario,2026,General Government Support,Professional Services,34360306.51,117,92
35,Ontario,2026,General Government Support,"Resources, Fuels & Materials",1974737.6400000001,53,38
35,Ontario,2026,General Government Support,Utilities & Environmental,2433775.99,21,13
35,Ontario,2026,Industrial and Technical Support,Aerospace & Space,17708590.39,34,12
35,Ontario,2026,Industrial and Technical Support,Automotive & Heavy Vehicles,11668070.05,55,34
35,Ontario,2026,Industrial and Technical Support,Civil Engineering & Infrastructure,46636440.79,61,50
35,Ontario,2026,Industrial and Technical Support,Heavy Industry & Machinery,394477.97,21,20
35,Ontario,2026,Industrial and Technical Support,High-Tech Hardware & Telecom,302370806.45,253,104
35,Ontario,2026,Industrial and Technical Support,Life Sciences & Medical,11501403.24,50,32
35,Ontario,2026,Industrial and Technical Support,"Logistics, Training & Workforce",658116.66,23,15
35,Ontario,2026,Industrial and Technical Support,Professional Services,2510835.0900000003,29,3
35,Ontario,2026,Industrial and Technical Support,"Resources, Fuels & Materials",6829502.01,104,45
35,Ontario,2026,Industrial and Technical Support,Software & IT Services,55871397.18,162,108
35,Ontario,2026,Industrial and Technical Support,Weapons & Tactical Security,5620828.74,16,6
46,Manitoba,2016,Core Defence Industrial Complex,Automotive & Heavy Vehicles,27757.129999999997,2,1
46,Manitoba,2016,Core Defence Industrial Complex,Marine & Shipbuilding,196188.73,1,1
46,Manitoba,2016,Core Defence Industrial Complex,Weapons & Tactical Security,6878185,1,1
46,Manitoba,2016,General Government Support,Civil Engineering & Infrastructure,153205.13999999998,5,3
46,Manitoba,2016,General Government Support,Heavy Industry & Machinery,775162.02,5,3
46,Manitoba,2016,General Government Support,Life Sciences & Medical,34349.68,2,2
46,Manitoba,2016,General Government Support,"Logistics, Training & Workforce",144792.02,6,3
46,Manitoba,2016,General Government Support,Other,14269.5,1,1
46,Manitoba,2016,Industrial and Technical Support,Automotive & Heavy Vehicles,86702.72,4,3
46,Manitoba,2016,Industrial and Technical Support,Civil Engineering & Infrastructure,114917.72,2,2
46,Manitoba,2016,Industrial and Technical Support,Heavy Industry & Machinery,27698.690000000002,2,1
46,Manitoba,2016,Industrial and Technical Support,"Logistics, Training & Workforce",573652.5,3,2
46,Manitoba,2016,Industrial and Technical Support,"Resources, Fuels & Materials",12855.8,1,1
46,Manitoba,2017,Core Defence Industrial Complex,Aerospace & Space,32882.86,2,1
46,Manitoba,2017,Core Defence Industrial Complex,Automotive & Heavy Vehicles,202944.52,15,3
46,Manitoba,2017,Core Defence Industrial Complex,Marine & Shipbuilding,428735.04,8,3
46,Manitoba,2017,Core Defence Industrial Complex,Weapons & Tactical Security,5932439,1,1
46,Manitoba,2017,General Government Support,Civil Engineering & Infrastructure,6958311.32,50,31
46,Manitoba,2017,General Government Support,Heavy Industry & Machinery,4261977.12,49,20
46,Manitoba,2017,General Government Support,Life Sciences & Medical,2238462.4,2,1
46,Manitoba,2017,General Government Support,"Logistics, Training & Workforce",3378479.65,31,13
46,Manitoba,2017,General Government Support,Other,13920,1,1
46,Manitoba,2017,General Government Support,Professional Services,648504.8,22,7
46,Manitoba,2017,General Government Support,"Resources, Fuels & Materials",138633.64,7,6
46,Manitoba,2017,General Government Support,Utilities & Environmental,1069068.21,16,2
46,Manitoba,2017,Industrial and Technical Support,Aerospace & Space,93801.85,5,3
46,Manitoba,2017,Industrial and Technical Support,Automotive & Heavy Vehicles,918481.34,15,8
46,Manitoba,2017,Industrial and Technical Support,Civil Engineering & Infrastructure,8348467.26,40,13
46,Manitoba,2017,Industrial and Technical Support,Heavy Industry & Machinery,13100.85,1,1
46,Manitoba,2017,Industrial and Technical Support,High-Tech Hardware & Telecom,217076.4,6,4
46,Manitoba,2017,Industrial and Technical Support,Life Sciences & Medical,17979950.04,3,3
46,Manitoba,2017,Industrial and Technical Support,"Logistics, Training & Workforce",12714007.12,85,6
46,Manitoba,2017,Industrial and Technical Support,"Resources, Fuels & Materials",741937.41,32,4
46,Manitoba,2017,Industrial and Technical Support,Software & IT Services,651773.23,9,7
46,Manitoba,2017,Industrial and Technical Support,Weapons & Tactical Security,77631.09,5,1
46,Manitoba,2018,Core Defence Industrial Complex,Automotive & Heavy Vehicles,88130.25,6,2
46,Manitoba,2018,Core Defence Industrial Complex,Marine & Shipbuilding,1350634.71,14,5
46,Manitoba,2018,Core Defence Industrial Complex,Weapons & Tactical Security,48098229.74,4,2
46,Manitoba,2018,General Government Support,Civil Engineering & Infrastructure,19224792.59,87,42
46,Manitoba,2018,General Government Support,Heavy Industry & Machinery,1449403.61,68,14
46,Manitoba,2018,General Government Support,High-Tech Hardware & Telecom,17850,1,1
46,Manitoba,2018,General Government Support,Life Sciences & Medical,3185175.33,3,3
46,Manitoba,2018,General Government Support,"Logistics, Training & Workforce",1242360.32,49,19
46,Manitoba,2018,General Government Support,Other,322229.98,10,5
46,Manitoba,2018,General Government Support,Professional Services,1084581.24,34,9
46,Manitoba,2018,General Government Support,"Resources, Fuels & Materials",90770.79000000001,4,3
46,Manitoba,2018,General Government Support,Utilities & Environmental,1680851.16,25,5
46,Manitoba,2018,Industrial and Technical Support,Aerospace & Space,45632.66,1,1
46,Manitoba,2018,Industrial and Technical Support,Automotive & Heavy Vehicles,1838420.32,20,7
46,Manitoba,2018,Industrial and Technical Support,Civil Engineering & Infrastructure,9571306.51,98,22
46,Manitoba,2018,Industrial and Technical Support,Heavy Industry & Machinery,94211.28,2,1
46,Manitoba,2018,Industrial and Technical Support,High-Tech Hardware & Telecom,1431082.15,16,8
46,Manitoba,2018,Industrial and Technical Support,Life Sciences & Medical,35142.66,2,2
46,Manitoba,2018,Industrial and Technical Support,"Logistics, Training & Workforce",4163612.94,45,3
46,Manitoba,2018,Industrial and Technical Support,"Resources, Fuels & Materials",1325187.5,54,8
46,Manitoba,2018,Industrial and Technical Support,Software & IT Services,1014280.06,12,10
46,Manitoba,2018,Industrial and Technical Support,Weapons & Tactical Security,372791.71,23,2
46,Manitoba,2019,Core Defence Industrial Complex,Aerospace & Space,16157.25,1,1
46,Manitoba,2019,Core Defence Industrial Complex,Automotive & Heavy Vehicles,21713.22,2,1
46,Manitoba,2019,Core Defence Industrial Complex,Marine & Shipbuilding,204144.93999999997,3,1
46,Manitoba,2019,General Government Support,Civil Engineering & Infrastructure,10635424.120000001,63,28
46,Manitoba,2019,General Government Support,Heavy Industry & Machinery,480239.13,29,11
46,Manitoba,2019,General Government Support,Life Sciences & Medical,16419.38,1,1
46,Manitoba,2019,General Government Support,"Logistics, Training & Workforce",1388016.83,59,22
46,Manitoba,2019,General Government Support,Other,352116.34,5,5
46,Manitoba,2019,General Government Support,Professional Services,777534.63,9,6
46,Manitoba,2019,General Government Support,"Resources, Fuels & Materials",569377.76,21,10
46,Manitoba,2019,General Government Support,Utilities & Environmental,385797.64,10,5
46,Manitoba,2019,Industrial and Technical Support,Aerospace & Space,233071.53,7,6
46,Manitoba,2019,Industrial and Technical Support,Automotive & Heavy Vehicles,2616499.54,21,7
46,Manitoba,2019,Industrial and Technical Support,Civil Engineering & Infrastructure,8331665.350000001,31,11
46,Manitoba,2019,Industrial and Technical Support,Heavy Industry & Machinery,25530.05,2,1
46,Manitoba,2019,Industrial and Technical Support,High-Tech Hardware & Telecom,878520.93,16,8
46,Manitoba,2019,Industrial and Technical Support,"Logistics, Training & Workforce",4213692.35,30,4
46,Manitoba,2019,Industrial and Technical Support,"Resources, Fuels & Materials",754480.5,27,7
46,Manitoba,2019,Industrial and Technical Support,Software & IT Services,862430.1499999999,16,11
46,Manitoba,2019,Industrial and Technical Support,Weapons & Tactical Security,64790.32,4,1
46,Manitoba,2020,Core Defence Industrial Complex,Automotive & Heavy Vehicles,809850.5,12,2
46,Manitoba,2020,Core Defence Industrial Complex,Marine & Shipbuilding,95376.45999999999,5,3
46,Manitoba,2020,Core Defence Industrial Complex,Weapons & Tactical Security,841283.1,1,1
46,Manitoba,2020,General Government Support,Civil Engineering & Infrastructure,8098830.36,65,18
46,Manitoba,2020,General Government Support,Heavy Industry & Machinery,944893.78,39,19
46,Manitoba,2020,General Government Support,Life Sciences & Medical,780336.5399999999,2,2
46,Manitoba,2020,General Government Support,"Logistics, Training & Workforce",1516469.74,42,19
46,Manitoba,2020,General Government Support,Other,1249389.45,9,5
46,Manitoba,2020,General Government Support,Professional Services,2676502.3,9,7
46,Manitoba,2020,General Government Support,"Resources, Fuels & Materials",1235235.77,45,14
46,Manitoba,2020,General Government Support,Utilities & Environmental,1214511.2,8,4
46,Manitoba,2020,Industrial and Technical Support,Automotive & Heavy Vehicles,344245.37,4,3
46,Manitoba,2020,Industrial and Technical Support,Civil Engineering & Infrastructure,19807013.1,51,14
46,Manitoba,2020,Industrial and Technical Support,Heavy Industry & Machinery,95638.97,6,5
46,Manitoba,2020,Industrial and Technical Support,High-Tech Hardware & Telecom,792228.44,20,7
46,Manitoba,2020,Industrial and Technical Support,Life Sciences & Medical,29041.92,2,2
46,Manitoba,2020,Industrial and Technical Support,"Logistics, Training & Workforce",5760256.5,6,1
46,Manitoba,2020,Industrial and Technical Support,"Resources, Fuels & Materials",799212.76,33,6
46,Manitoba,2020,Industrial and Technical Support,Software & IT Services,2323331.64,15,8
46,Manitoba,2021,Core Defence Industrial Complex,Automotive & Heavy Vehicles,38328.86,2,2
46,Manitoba,2021,Core Defence Industrial Complex,Marine & Shipbuilding,212641.12,9,2
46,Manitoba,2021,General Government Support,Civil Engineering & Infrastructure,13547710.69,109,36
46,Manitoba,2021,General Government Support,Heavy Industry & Machinery,1559861.64,55,19
46,Manitoba,2021,General Government Support,Life Sciences & Medical,6270029,1,1
46,Manitoba,2021,General Government Support,"Logistics, Training & Workforce",2629735.82,46,17
46,Manitoba,2021,General Government Support,Other,261141.39,6,5
46,Manitoba,2021,General Government Support,Professional Services,601211.54,8,6
46,Manitoba,2021,General Government Support,"Resources, Fuels & Materials",496159.62,21,11
46,Manitoba,2021,General Government Support,Utilities & Environmental,1483535.86,9,4
46,Manitoba,2021,Industrial and Technical Support,Aerospace & Space,34285.86,1,1
46,Manitoba,2021,Industrial and Technical Support,Automotive & Heavy Vehicles,128589.92,3,2
46,Manitoba,2021,Industrial and Technical Support,Civil Engineering & Infrastructure,5888455,51,21
46,Manitoba,2021,Industrial and Technical Support,Heavy Industry & Machinery,52555.65,4,3
46,Manitoba,2021,Industrial and Technical Support,High-Tech Hardware & Telecom,537631.58,18,6
46,Manitoba,2021,Industrial and Technical Support,Life Sciences & Medical,261194.56,4,4
46,Manitoba,2021,Industrial and Technical Support,"Logistics, Training & Workforce",1779876,18,1
46,Manitoba,2021,Industrial and Technical Support,"Resources, Fuels & Materials",746756.92,30,10
46,Manitoba,2021,Industrial and Technical Support,Software & IT Services,960488.82,18,11
46,Manitoba,2022,Core Defence Industrial Complex,Automotive & Heavy Vehicles,42219.28,2,2
46,Manitoba,2022,Core Defence Industrial Complex,Marine & Shipbuilding,117852.92,5,1
46,Manitoba,2022,General Government Support,Civil Engineering & Infrastructure,11394919.35,151,35
46,Manitoba,2022,General Government Support,Heavy Industry & Machinery,1066653.64,55,21
46,Manitoba,2022,General Government Support,Life Sciences & Medical,48317306.88,4,2
46,Manitoba,2022,General Government Support,"Logistics, Training & Workforce",5286212.63,42,21
46,Manitoba,2022,General Government Support,Other,83837.89,6,5
46,Manitoba,2022,General Government Support,Professional Services,714612.37,14,6
46,Manitoba,2022,General Government Support,"Resources, Fuels & Materials",623393.05,17,8
46,Manitoba,2022,General Government Support,Utilities & Environmental,1089063.14,8,6
46,Manitoba,2022,Industrial and Technical Support,Aerospace & Space,93865.59,3,3
46,Manitoba,2022,Industrial and Technical Support,Automotive & Heavy Vehicles,4946480,14,9
46,Manitoba,2022,Industrial and Technical Support,Civil Engineering & Infrastructure,4766217.21,66,23
46,Manitoba,2022,Industrial and Technical Support,Heavy Industry & Machinery,155202.59,3,3
46,Manitoba,2022,Industrial and Technical Support,High-Tech Hardware & Telecom,1267772.5,13,4
46,Manitoba,2022,Industrial and Technical Support,Life Sciences & Medical,5424311,1,1
46,Manitoba,2022,Industrial and Technical Support,"Resources, Fuels & Materials",1027077.37,33,7
46,Manitoba,2022,Industrial and Technical Support,Software & IT Services,1842096.28,14,11
46,Manitoba,2022,Industrial and Technical Support,Weapons & Tactical Security,1997513.3399999999,3,2
46,Manitoba,2023,Core Defence Industrial Complex,Automotive & Heavy Vehicles,44595.22,3,3
46,Manitoba,2023,Core Defence Industrial Complex,Marine & Shipbuilding,291273.3,13,7
46,Manitoba,2023,Core Defence Industrial Complex,Weapons & Tactical Security,31500000,1,1
46,Manitoba,2023,General Government Support,Civil Engineering & Infrastructure,15909163.15,198,77
46,Manitoba,2023,General Government Support,Heavy Industry & Machinery,1953033.35,85,32
46,Manitoba,2023,General Government Support,High-Tech Hardware & Telecom,30429,1,1
46,Manitoba,2023,General Government Support,Life Sciences & Medical,20251.99,1,1
46,Manitoba,2023,General Government Support,"Logistics, Training & Workforce",21892886.59,59,32
46,Manitoba,2023,General Government Support,Other,726362.46,21,15
46,Manitoba,2023,General Government Support,Professional Services,223677.15,11,8
46,Manitoba,2023,General Government Support,"Resources, Fuels & Materials",454782.38,20,13
46,Manitoba,2023,General Government Support,Utilities & Environmental,1335705.92,17,13
46,Manitoba,2023,Industrial and Technical Support,Aerospace & Space,100164.53,4,4
46,Manitoba,2023,Industrial and Technical Support,Automotive & Heavy Vehicles,3824641.02,19,9
46,Manitoba,2023,Industrial and Technical Support,Civil Engineering & Infrastructure,7288369.96,22,17
46,Manitoba,2023,Industrial and Technical Support,Heavy Industry & Machinery,30583.019999999997,2,1
46,Manitoba,2023,Industrial and Technical Support,High-Tech Hardware & Telecom,1220158.01,15,2
46,Manitoba,2023,Industrial and Technical Support,Life Sciences & Medical,1032562.11,3,3
46,Manitoba,2023,Industrial and Technical Support,"Logistics, Training & Workforce",37817.24,2,2
46,Manitoba,2023,Industrial and Technical Support,"Resources, Fuels & Materials",1454849.43,48,15
46,Manitoba,2023,Industrial and Technical Support,Software & IT Services,1864620.12,18,14
46,Manitoba,2023,Industrial and Technical Support,Weapons & Tactical Security,3791973.36,24,3
46,Manitoba,2024,Core Defence Industrial Complex,Automotive & Heavy Vehicles,55805.09,4,4
46,Manitoba,2024,Core Defence Industrial Complex,Marine & Shipbuilding,45057.92,3,2
46,Manitoba,2024,General Government Support,Civil Engineering & Infrastructure,5854701.87,155,49
46,Manitoba,2024,General Government Support,Heavy Industry & Machinery,1053513.97,48,24
46,Manitoba,2024,General Government Support,High-Tech Hardware & Telecom,85738.26,1,1
46,Manitoba,2024,General Government Support,Life Sciences & Medical,42454.54,3,3
46,Manitoba,2024,General Government Support,"Logistics, Training & Workforce",1534131.36,42,22
46,Manitoba,2024,General Government Support,Other,204615.67,14,8
46,Manitoba,2024,General Government Support,Professional Services,682760.14,8,7
46,Manitoba,2024,General Government Support,"Resources, Fuels & Materials",424825.86,15,12
46,Manitoba,2024,General Government Support,Utilities & Environmental,1621827.9,15,11
46,Manitoba,2024,Industrial and Technical Support,Aerospace & Space,294570.47,5,5
46,Manitoba,2024,Industrial and Technical Support,Automotive & Heavy Vehicles,9376149.94,47,25
46,Manitoba,2024,Industrial and Technical Support,Civil Engineering & Infrastructure,1429425.26,9,8
46,Manitoba,2024,Industrial and Technical Support,Heavy Industry & Machinery,53194.990000000005,3,1
46,Manitoba,2024,Industrial and Technical Support,High-Tech Hardware & Telecom,689325.43,8,4
46,Manitoba,2024,Industrial and Technical Support,Life Sciences & Medical,39371.100000000006,2,1
46,Manitoba,2024,Industrial and Technical Support,Professional Services,16950,1,1
46,Manitoba,2024,Industrial and Technical Support,"Resources, Fuels & Materials",252297.95,7,5
46,Manitoba,2024,Industrial and Technical Support,Software & IT Services,593915.82,13,9
46,Manitoba,2024,Industrial and Technical Support,Weapons & Tactical Security,2520449.59,13,4
46,Manitoba,2025,Core Defence Industrial Complex,Aerospace & Space,99589.97,1,1
46,Manitoba,2025,Core Defence Industrial Complex,Automotive & Heavy Vehicles,93032.2,4,3
46,Manitoba,2025,Core Defence Industrial Complex,Civil Engineering & Infrastructure,112510.65,2,2
46,Manitoba,2025,Core Defence Industrial Complex,Marine & Shipbuilding,228572.28,9,2
46,Manitoba,2025,Core Defence Industrial Complex,Weapons & Tactical Security,840012.75,2,2
46,Manitoba,2025,General Government Support,Civil Engineering & Infrastructure,22268075.77,205,59
46,Manitoba,2025,General Government Support,Heavy Industry & Machinery,3242446.71,112,44
46,Manitoba,2025,General Government Support,Life Sciences & Medical,26450.879999999997,2,1
46,Manitoba,2025,General Government Support,"Logistics, Training & Workforce",2519160.72,94,38
46,Manitoba,2025,General Government Support,Other,2800758.18,30,20
46,Manitoba,2025,General Government Support,Professional Services,278594.76,6,6
46,Manitoba,2025,General Government Support,"Resources, Fuels & Materials",572447.48,13,8
46,Manitoba,2025,General Government Support,Utilities & Environmental,1213986.89,6,5
46,Manitoba,2025,Industrial and Technical Support,Aerospace & Space,112434.42000000001,2,2
46,Manitoba,2025,Industrial and Technical Support,Automotive & Heavy Vehicles,849459.5,22,11
46,Manitoba,2025,Industrial and Technical Support,Civil Engineering & Infrastructure,5554938.11,25,17
46,Manitoba,2025,Industrial and Technical Support,Heavy Industry & Machinery,678249.41,10,6
46,Manitoba,2025,Industrial and Technical Support,High-Tech Hardware & Telecom,219392.21000000002,5,5
46,Manitoba,2025,Industrial and Technical Support,Life Sciences & Medical,372975.55,5,5
46,Manitoba,2025,Industrial and Technical Support,"Logistics, Training & Workforce",26836.190000000002,2,2
46,Manitoba,2025,Industrial and Technical Support,"Resources, Fuels & Materials",525799.9,21,8
46,Manitoba,2025,Industrial and Technical Support,Software & IT Services,2532041.21,21,15
46,Manitoba,2025,Industrial and Technical Support,Weapons & Tactical Security,2208306.02,10,2
46,Manitoba,2026,Core Defence Industrial Complex,Aerospace & Space,55299.12,2,2
46,Manitoba,2026,Core Defence Industrial Complex,Marine & Shipbuilding,37738.82,3,2
46,Manitoba,2026,Core Defence Industrial Complex,Weapons & Tactical Security,25961144.73,2,2
46,Manitoba,2026,General Government Support,Civil Engineering & Infrastructure,2155686.57,38,15
46,Manitoba,2026,General Government Support,Heavy Industry & Machinery,1261866.26,46,16
46,Manitoba,2026,General Government Support,Life Sciences & Medical,18649064.5,2,2
46,Manitoba,2026,General Government Support,"Logistics, Training & Workforce",7442781.74,38,19
46,Manitoba,2026,General Government Support,Other,117724.57,9,6
46,Manitoba,2026,General Government Support,Professional Services,918299.45,4,4
46,Manitoba,2026,General Government Support,"Resources, Fuels & Materials",83858.72,5,5
46,Manitoba,2026,General Government Support,Utilities & Environmental,988103.11,3,3
46,Manitoba,2026,Industrial and Technical Support,Automotive & Heavy Vehicles,807164.97,9,3
46,Manitoba,2026,Industrial and Technical Support,Civil Engineering & Infrastructure,3309583.47,7,4
46,Manitoba,2026,Industrial and Technical Support,Heavy Industry & Machinery,439725.71,6,6
46,Manitoba,2026,Industrial and Technical Support,High-Tech Hardware & Telecom,32582.730000000003,2,2
46,Manitoba,2026,Industrial and Technical Support,"Logistics, Training & Workforce",187414.96,4,4
46,Manitoba,2026,Industrial and Technical Support,"Resources, Fuels & Materials",75429.56,3,2
46,Manitoba,2026,Industrial and Technical Support,Software & IT Services,138681.01,7,3
46,Manitoba,2026,Industrial and Technical Support,Weapons & Tactical Security,1388968.96,3,3
47,Saskatchewan,2016,Core Defence Industrial Complex,Automotive & Heavy Vehicles,13095.15,1,1
47,Saskatchewan,2016,General Government Support,Other,11655,1,1
47,Saskatchewan,2016,General Government Support,Professional Services,300000,1,1
47,Saskatchewan,2016,General Government Support,"Resources, Fuels & Materials",10617.78,1,1
47,Saskatchewan,2016,Industrial and Technical Support,Civil Engineering & Infrastructure,10731.7,1,1
47,Saskatchewan,2016,Industrial and Technical Support,"Logistics, Training & Workforce",47778.68,3,1
47,Saskatchewan,2016,Industrial and Technical Support,Software & IT Services,116562.58,1,1
47,Saskatchewan,2017,General Government Support,Civil Engineering & Infrastructure,974935.1,13,8
47,Saskatchewan,2017,General Government Support,Heavy Industry & Machinery,909146.5,11,10
47,Saskatchewan,2017,General Government Support,High-Tech Hardware & Telecom,10586.26,1,1
47,Saskatchewan,2017,General Government Support,"Logistics, Training & Workforce",105740.44,7,7
47,Saskatchewan,2017,General Government Support,Other,620416.15,16,6
47,Saskatchewan,2017,General Government Support,Professional Services,100000,1,1
47,Saskatchewan,2017,General Government Support,"Resources, Fuels & Materials",49109.19,3,2
47,Saskatchewan,2017,Industrial and Technical Support,Automotive & Heavy Vehicles,10357072.01,4,3
47,Saskatchewan,2017,Industrial and Technical Support,Civil Engineering & Infrastructure,183704.55,2,2
47,Saskatchewan,2017,Industrial and Technical Support,High-Tech Hardware & Telecom,86234.89,4,4
47,Saskatchewan,2017,Industrial and Technical Support,Life Sciences & Medical,81809.81,1,1
47,Saskatchewan,2017,Industrial and Technical Support,"Logistics, Training & Workforce",850554.48,21,5
47,Saskatchewan,2017,Industrial and Technical Support,Marine & Shipbuilding,28750,1,1
47,Saskatchewan,2017,Industrial and Technical Support,"Resources, Fuels & Materials",66928.52,4,4
47,Saskatchewan,2017,Industrial and Technical Support,Software & IT Services,643747.3099999999,4,4
47,Saskatchewan,2017,Industrial and Technical Support,Weapons & Tactical Security,35309,1,1
47,Saskatchewan,2018,Core Defence Industrial Complex,Automotive & Heavy Vehicles,20368.57,1,1
47,Saskatchewan,2018,Core Defence Industrial Complex,Civil Engineering & Infrastructure,12462.33,1,1
47,Saskatchewan,2018,Core Defence Industrial Complex,Weapons & Tactical Security,163538.55,3,2
47,Saskatchewan,2018,General Government Support,Civil Engineering & Infrastructure,855623.14,25,11
47,Saskatchewan,2018,General Government Support,Heavy Industry & Machinery,344887.07,9,6
47,Saskatchewan,2018,General Government Support,"Logistics, Training & Workforce",276659,9,9
47,Saskatchewan,2018,General Government Support,Other,714747.19,33,9
47,Saskatchewan,2018,General Government Support,Professional Services,55029.24,2,1
47,Saskatchewan,2018,General Government Support,"Resources, Fuels & Materials",313459.82,12,7
47,Saskatchewan,2018,General Government Support,Utilities & Environmental,27006,1,1
47,Saskatchewan,2018,Industrial and Technical Support,Aerospace & Space,31856.22,1,1
47,Saskatchewan,2018,Industrial and Technical Support,Automotive & Heavy Vehicles,74099.55,3,3
47,Saskatchewan,2018,Industrial and Technical Support,Civil Engineering & Infrastructure,138486.14,4,3
47,Saskatchewan,2018,Industrial and Technical Support,High-Tech Hardware & Telecom,76766.13,3,2
47,Saskatchewan,2018,Industrial and Technical Support,"Logistics, Training & Workforce",1367019.35,44,3
47,Saskatchewan,2018,Industrial and Technical Support,Professional Services,304500,1,1
47,Saskatchewan,2018,Industrial and Technical Support,"Resources, Fuels & Materials",35708.659999999996,2,2
47,Saskatchewan,2018,Industrial and Technical Support,Software & IT Services,691362.53,13,7
47,Saskatchewan,2018,Industrial and Technical Support,Weapons & Tactical Security,372103.12,1,1
47,Saskatchewan,2019,Core Defence Industrial Complex,Automotive & Heavy Vehicles,300000,1,1
47,Saskatchewan,2019,Core Defence Industrial Complex,Marine & Shipbuilding,136096.3,1,1
47,Saskatchewan,2019,General Government Support,Civil Engineering & Infrastructure,1996817.23,45,13
47,Saskatchewan,2019,General Government Support,Heavy Industry & Machinery,590654.19,4,3
47,Saskatchewan,2019,General Government Support,Life Sciences & Medical,21562.5,1,1
47,Saskatchewan,2019,General Government Support,"Logistics, Training & Workforce",55693.54,3,2
47,Saskatchewan,2019,General Government Support,Other,521508.29000000004,12,6
47,Saskatchewan,2019,General Government Support,Professional Services,221471.13,12,3
47,Saskatchewan,2019,General Government Support,"Resources, Fuels & Materials",348761.77999999997,11,3
47,Saskatchewan,2019,Industrial and Technical Support,Civil Engineering & Infrastructure,272706.61,6,4
47,Saskatchewan,2019,Industrial and Technical Support,High-Tech Hardware & Telecom,28213.16,1,1
47,Saskatchewan,2019,Industrial and Technical Support,Life Sciences & Medical,19636.12,1,1
47,Saskatchewan,2019,Industrial and Technical Support,"Logistics, Training & Workforce",754109.35,23,2
47,Saskatchewan,2019,Industrial and Technical Support,Professional Services,229325.81,1,1
47,Saskatchewan,2019,Industrial and Technical Support,"Resources, Fuels & Materials",90701.97,5,3
47,Saskatchewan,2019,Industrial and Technical Support,Software & IT Services,240548.85,8,5
47,Saskatchewan,2019,Industrial and Technical Support,Weapons & Tactical Security,1303213.07,6,4
47,Saskatchewan,2020,Core Defence Industrial Complex,Automotive & Heavy Vehicles,114743.39,3,3
47,Saskatchewan,2020,General Government Support,Civil Engineering & Infrastructure,6448655.05,43,17
47,Saskatchewan,2020,General Government Support,Heavy Industry & Machinery,82899,4,4
47,Saskatchewan,2020,General Government Support,"Logistics, Training & Workforce",430414.21,13,11
47,Saskatchewan,2020,General Government Support,Other,59137.67,3,2
47,Saskatchewan,2020,General Government Support,Professional Services,3682092.04,6,6
47,Saskatchewan,2020,General Government Support,"Resources, Fuels & Materials",94492.75,5,4
47,Saskatchewan,2020,Industrial and Technical Support,Automotive & Heavy Vehicles,70638.53,3,3
47,Saskatchewan,2020,Industrial and Technical Support,Civil Engineering & Infrastructure,2377916.37,6,5
47,Saskatchewan,2020,Industrial and Technical Support,"Logistics, Training & Workforce",250742.7,10,2
47,Saskatchewan,2020,Industrial and Technical Support,"Resources, Fuels & Materials",60890.29,3,2
47,Saskatchewan,2020,Industrial and Technical Support,Software & IT Services,1387419.22,64,7
47,Saskatchewan,2020,Industrial and Technical Support,Weapons & Tactical Security,2595554,5,5
47,Saskatchewan,2021,Core Defence Industrial Complex,Automotive & Heavy Vehicles,12692.21,1,1
47,Saskatchewan,2021,General Government Support,Civil Engineering & Infrastructure,3562098.9899999998,34,18
47,Saskatchewan,2021,General Government Support,Heavy Industry & Machinery,22171.8,1,1
47,Saskatchewan,2021,General Government Support,Life Sciences & Medical,19780,1,1
47,Saskatchewan,2021,General Government Support,"Logistics, Training & Workforce",359663.56,9,9
47,Saskatchewan,2021,General Government Support,Other,81628,5,3
47,Saskatchewan,2021,General Government Support,Professional Services,86839.85,4,3
47,Saskatchewan,2021,General Government Support,"Resources, Fuels & Materials",114099.2,5,4
47,Saskatchewan,2021,Industrial and Technical Support,Aerospace & Space,15940.14,1,1
47,Saskatchewan,2021,Industrial and Technical Support,Automotive & Heavy Vehicles,75969.1,3,3
47,Saskatchewan,2021,Industrial and Technical Support,Civil Engineering & Infrastructure,1143049.76,14,7
47,Saskatchewan,2021,Industrial and Technical Support,Heavy Industry & Machinery,46515,2,1
47,Saskatchewan,2021,Industrial and Technical Support,High-Tech Hardware & Telecom,12766.64,1,1
47,Saskatchewan,2021,Industrial and Technical Support,Life Sciences & Medical,59121.6,1,1
47,Saskatchewan,2021,Industrial and Technical Support,"Logistics, Training & Workforce",2002830.73,30,9
47,Saskatchewan,2021,Industrial and Technical Support,"Resources, Fuels & Materials",1196801.57,23,4
47,Saskatchewan,2021,Industrial and Technical Support,Software & IT Services,990444.85,38,11
47,Saskatchewan,2021,Industrial and Technical Support,Weapons & Tactical Security,656399.2,1,1
47,Saskatchewan,2022,Core Defence Industrial Complex,Marine & Shipbuilding,17787,1,1
47,Saskatchewan,2022,General Government Support,Civil Engineering & Infrastructure,5079402.53,85,31
47,Saskatchewan,2022,General Government Support,Heavy Industry & Machinery,58184.96,4,4
47,Saskatchewan,2022,General Government Support,Life Sciences & Medical,112885.26,1,1
47,Saskatchewan,2022,General Government Support,"Logistics, Training & Workforce",369188.99,13,6
47,Saskatchewan,2022,General Government Support,Other,162763.75,8,7
47,Saskatchewan,2022,General Government Support,Professional Services,3102478.3000000003,5,4
47,Saskatchewan,2022,General Government Support,"Resources, Fuels & Materials",1659020.84,23,4
47,Saskatchewan,2022,General Government Support,Utilities & Environmental,528675,2,2
47,Saskatchewan,2022,Industrial and Technical Support,Automotive & Heavy Vehicles,207900,1,1
47,Saskatchewan,2022,Industrial and Technical Support,Civil Engineering & Infrastructure,4485106043.61,28,15
47,Saskatchewan,2022,Industrial and Technical Support,High-Tech Hardware & Telecom,88968.48,3,3
47,Saskatchewan,2022,Industrial and Technical Support,"Logistics, Training & Workforce",4010011.25,51,7
47,Saskatchewan,2022,Industrial and Technical Support,"Resources, Fuels & Materials",1774744.21,22,3
47,Saskatchewan,2022,Industrial and Technical Support,Software & IT Services,2500280.48,12,11
47,Saskatchewan,2022,Industrial and Technical Support,Weapons & Tactical Security,894749.87,3,3
47,Saskatchewan,2023,Core Defence Industrial Complex,Automotive & Heavy Vehicles,15865.5,1,1
47,Saskatchewan,2023,Core Defence Industrial Complex,Weapons & Tactical Security,195426.72,1,1
47,Saskatchewan,2023,General Government Support,Civil Engineering & Infrastructure,27494785.81,60,28
47,Saskatchewan,2023,General Government Support,Heavy Industry & Machinery,40385.11,3,3
47,Saskatchewan,2023,General Government Support,"Logistics, Training & Workforce",864453.56,15,10
47,Saskatchewan,2023,General Government Support,Other,247181,6,4
47,Saskatchewan,2023,General Government Support,Professional Services,37461.6,1,1
47,Saskatchewan,2023,General Government Support,"Resources, Fuels & Materials",1022371.4,17,2
47,Saskatchewan,2023,General Government Support,Utilities & Environmental,1625506.25,9,6
47,Saskatchewan,2023,Industrial and Technical Support,Automotive & Heavy Vehicles,79181.55,1,1
47,Saskatchewan,2023,Industrial and Technical Support,Civil Engineering & Infrastructure,16924895.84,20,14
47,Saskatchewan,2023,Industrial and Technical Support,Heavy Industry & Machinery,0,1,1
47,Saskatchewan,2023,Industrial and Technical Support,High-Tech Hardware & Telecom,414563.75,2,2
47,Saskatchewan,2023,Industrial and Technical Support,Life Sciences & Medical,11441.35,1,1
47,Saskatchewan,2023,Industrial and Technical Support,"Logistics, Training & Workforce",10064623.34,25,8
47,Saskatchewan,2023,Industrial and Technical Support,"Resources, Fuels & Materials",1999310.19,32,3
47,Saskatchewan,2023,Industrial and Technical Support,Software & IT Services,2642943.47,25,19
47,Saskatchewan,2023,Industrial and Technical Support,Weapons & Tactical Security,6502605.54,3,3
47,Saskatchewan,2024,Core Defence Industrial Complex,Automotive & Heavy Vehicles,21568.54,1,1
47,Saskatchewan,2024,Core Defence Industrial Complex,Weapons & Tactical Security,62518.95,1,1
47,Saskatchewan,2024,General Government Support,Civil Engineering & Infrastructure,2070480.81,42,21
47,Saskatchewan,2024,General Government Support,Heavy Industry & Machinery,38993.68,3,3
47,Saskatchewan,2024,General Government Support,"Logistics, Training & Workforce",532562.42,14,7
47,Saskatchewan,2024,General Government Support,Other,118497.75,5,5
47,Saskatchewan,2024,General Government Support,Professional Services,854292.6900000001,8,8
47,Saskatchewan,2024,General Government Support,"Resources, Fuels & Materials",791461.66,9,2
47,Saskatchewan,2024,Industrial and Technical Support,Automotive & Heavy Vehicles,625479.7,5,4
47,Saskatchewan,2024,Industrial and Technical Support,Civil Engineering & Infrastructure,360757.26,7,6
47,Saskatchewan,2024,Industrial and Technical Support,"Logistics, Training & Workforce",278975.25,11,3
47,Saskatchewan,2024,Industrial and Technical Support,"Resources, Fuels & Materials",495182.77999999997,11,2
47,Saskatchewan,2024,Industrial and Technical Support,Software & IT Services,11446973.32,17,15
47,Saskatchewan,2024,Industrial and Technical Support,Weapons & Tactical Security,34744.08,1,1
47,Saskatchewan,2025,Core Defence Industrial Complex,Automotive & Heavy Vehicles,84657.84,4,3
47,Saskatchewan,2025,Core Defence Industrial Complex,Weapons & Tactical Security,399630,1,1
47,Saskatchewan,2025,General Government Support,Civil Engineering & Infrastructure,4030643.67,101,20
47,Saskatchewan,2025,General Government Support,Heavy Industry & Machinery,44357.53,3,3
47,Saskatchewan,2025,General Government Support,Life Sciences & Medical,107312.33,2,2
47,Saskatchewan,2025,General Government Support,"Logistics, Training & Workforce",498076.26,13,9
47,Saskatchewan,2025,General Government Support,Other,159396.98,6,5
47,Saskatchewan,2025,General Government Support,Professional Services,489251.46,8,7
47,Saskatchewan,2025,General Government Support,"Resources, Fuels & Materials",902186.26,8,4
47,Saskatchewan,2025,General Government Support,Utilities & Environmental,203634.9,1,1
47,Saskatchewan,2025,Industrial and Technical Support,Automotive & Heavy Vehicles,23458.05,1,1
47,Saskatchewan,2025,Industrial and Technical Support,Civil Engineering & Infrastructure,13107702.62,41,14
47,Saskatchewan,2025,Industrial and Technical Support,High-Tech Hardware & Telecom,12258.75,1,1
47,Saskatchewan,2025,Industrial and Technical Support,Life Sciences & Medical,12549.6,1,1
47,Saskatchewan,2025,Industrial and Technical Support,"Logistics, Training & Workforce",57798,2,1
47,Saskatchewan,2025,Industrial and Technical Support,"Resources, Fuels & Materials",306508.27999999997,6,1
47,Saskatchewan,2025,Industrial and Technical Support,Software & IT Services,5750305.19,13,12
47,Saskatchewan,2026,Core Defence Industrial Complex,Automotive & Heavy Vehicles,11967.18,1,1
47,Saskatchewan,2026,General Government Support,Civil Engineering & Infrastructure,396485.67,13,7
47,Saskatchewan,2026,General Government Support,Heavy Industry & Machinery,48184.009999999995,3,3
47,Saskatchewan,2026,General Government Support,"Logistics, Training & Workforce",137691.47,8,7
47,Saskatchewan,2026,General Government Support,Other,12862.5,1,1
47,Saskatchewan,2026,General Government Support,Professional Services,303094.09,6,6
47,Saskatchewan,2026,General Government Support,Utilities & Environmental,10603.48,1,1
47,Saskatchewan,2026,Industrial and Technical Support,Automotive & Heavy Vehicles,35027.3,2,2
47,Saskatchewan,2026,Industrial and Technical Support,Civil Engineering & Infrastructure,937381.65,2,2
47,Saskatchewan,2026,Industrial and Technical Support,High-Tech Hardware & Telecom,1921499,1,1
47,Saskatchewan,2026,Industrial and Technical Support,"Resources, Fuels & Materials",71888.61,2,2
47,Saskatchewan,2026,Industrial and Technical Support,Software & IT Services,170211.97,3,3
48,Alberta,2016,Core Defence Industrial Complex,Automotive & Heavy Vehicles,11698.1,1,1
48,Alberta,2016,General Government Support,Civil Engineering & Infrastructure,516194.94,14,6
48,Alberta,2016,General Government Support,Heavy Industry & Machinery,265392.84,4,4
48,Alberta,2016,General Government Support,High-Tech Hardware & Telecom,276933.34,1,1
48,Alberta,2016,General Government Support,Life Sciences & Medical,132466.73,1,1
48,Alberta,2016,General Government Support,"Logistics, Training & Workforce",1009766.2100000001,29,15
48,Alberta,2016,General Government Support,Other,135498.94,7,7
48,Alberta,2016,General Government Support,Professional Services,348275.2,5,4
48,Alberta,2016,General Government Support,"Resources, Fuels & Materials",70382.03,4,3
48,Alberta,2016,General Government Support,Utilities & Environmental,629382.98,6,3
48,Alberta,2016,Industrial and Technical Support,Aerospace & Space,22601.25,1,1
48,Alberta,2016,Industrial and Technical Support,Automotive & Heavy Vehicles,38693.96,2,2
48,Alberta,2016,Industrial and Technical Support,Civil Engineering & Infrastructure,1358314.24,8,4
48,Alberta,2016,Industrial and Technical Support,Heavy Industry & Machinery,17851.75,1,1
48,Alberta,2016,Industrial and Technical Support,High-Tech Hardware & Telecom,12412.22,1,1
48,Alberta,2016,Industrial and Technical Support,"Resources, Fuels & Materials",2213612.03,79,13
48,Alberta,2016,Industrial and Technical Support,Software & IT Services,49385,2,2
48,Alberta,2016,Industrial and Technical Support,Weapons & Tactical Security,87904.94,1,1
48,Alberta,2017,Core Defence Industrial Complex,Aerospace & Space,304093.71,12,1
48,Alberta,2017,Core Defence Industrial Complex,Automotive & Heavy Vehicles,155128.13,8,6
48,Alberta,2017,Core Defence Industrial Complex,Civil Engineering & Infrastructure,308943.83,7,3
48,Alberta,2017,Core Defence Industrial Complex,Marine & Shipbuilding,131257.41,7,4
48,Alberta,2017,Core Defence Industrial Complex,Weapons & Tactical Security,2188969.77,5,4
48,Alberta,2017,General Government Support,Civil Engineering & Infrastructure,18557709,344,87
48,Alberta,2017,General Government Support,Heavy Industry & Machinery,568095442.1,85,49
48,Alberta,2017,General Government Support,Life Sciences & Medical,64359.59,3,3
48,Alberta,2017,General Government Support,"Logistics, Training & Workforce",8781595.91,103,63
48,Alberta,2017,General Government Support,Other,3543881.88,119,39
48,Alberta,2017,General Government Support,Professional Services,9791994.23,107,35
48,Alberta,2017,General Government Support,"Resources, Fuels & Materials",1836470.84,51,19
48,Alberta,2017,General Government Support,Utilities & Environmental,10146325.93,68,21
48,Alberta,2017,Industrial and Technical Support,Aerospace & Space,117815.1,2,2
48,Alberta,2017,Industrial and Technical Support,Automotive & Heavy Vehicles,1125666.85,16,13
48,Alberta,2017,Industrial and Technical Support,Civil Engineering & Infrastructure,10549760.44,88,49
48,Alberta,2017,Industrial and Technical Support,Heavy Industry & Machinery,281998.72,4,4
48,Alberta,2017,Industrial and Technical Support,High-Tech Hardware & Telecom,12100700.21,23,20
48,Alberta,2017,Industrial and Technical Support,Life Sciences & Medical,250798.25,3,3
48,Alberta,2017,Industrial and Technical Support,"Logistics, Training & Workforce",348879.35,18,14
48,Alberta,2017,Industrial and Technical Support,"Resources, Fuels & Materials",28411141.14,467,42
48,Alberta,2017,Industrial and Technical Support,Software & IT Services,83237606.02,65,27
48,Alberta,2017,Industrial and Technical Support,Weapons & Tactical Security,1409403.08,22,5
48,Alberta,2018,Core Defence Industrial Complex,Aerospace & Space,140205.33,4,1
48,Alberta,2018,Core Defence Industrial Complex,Automotive & Heavy Vehicles,301902.48,14,12
48,Alberta,2018,Core Defence Industrial Complex,Civil Engineering & Infrastructure,64937.25,4,3
48,Alberta,2018,Core Defence Industrial Complex,Marine & Shipbuilding,453345.16,12,8
48,Alberta,2018,Core Defence Industrial Complex,Weapons & Tactical Security,636534.72,3,2
48,Alberta,2018,General Government Support,Civil Engineering & Infrastructure,77425152.08,559,106
48,Alberta,2018,General Government Support,Heavy Industry & Machinery,41222264.22,128,71
48,Alberta,2018,General Government Support,High-Tech Hardware & Telecom,23133.6,1,1
48,Alberta,2018,General Government Support,Life Sciences & Medical,129357,6,5
48,Alberta,2018,General Government Support,"Logistics, Training & Workforce",5678575.1,135,72
48,Alberta,2018,General Government Support,Other,2056490.06,92,48
48,Alberta,2018,General Government Support,Professional Services,8723128.81,71,34
48,Alberta,2018,General Government Support,"Resources, Fuels & Materials",7660790.82,55,32
48,Alberta,2018,General Government Support,Utilities & Environmental,22775564.84,94,25
48,Alberta,2018,Industrial and Technical Support,Automotive & Heavy Vehicles,699542.84,30,20
48,Alberta,2018,Industrial and Technical Support,Civil Engineering & Infrastructure,66331249.79,183,71
48,Alberta,2018,Industrial and Technical Support,Heavy Industry & Machinery,543856.68,7,6
48,Alberta,2018,Industrial and Technical Support,High-Tech Hardware & Telecom,2982490.38,48,29
48,Alberta,2018,Industrial and Technical Support,Life Sciences & Medical,251697.97,5,5
48,Alberta,2018,Industrial and Technical Support,"Logistics, Training & Workforce",2118648.56,19,11
48,Alberta,2018,Industrial and Technical Support,Professional Services,25000,1,1
48,Alberta,2018,Industrial and Technical Support,"Resources, Fuels & Materials",26069885.54,504,35
48,Alberta,2018,Industrial and Technical Support,Software & IT Services,6115287.6,94,45
48,Alberta,2018,Industrial and Technical Support,Weapons & Tactical Security,3884183.1799999997,28,3
48,Alberta,2019,Core Defence Industrial Complex,Automotive & Heavy Vehicles,132013.02,8,7
48,Alberta,2019,Core Defence Industrial Complex,Civil Engineering & Infrastructure,15332.52,1,1
48,Alberta,2019,Core Defence Industrial Complex,Marine & Shipbuilding,130985.07,7,7
48,Alberta,2019,Core Defence Industrial Complex,Weapons & Tactical Security,353258.81000000006,4,4
48,Alberta,2019,General Government Support,Civil Engineering & Infrastructure,30133798.56,328,83
48,Alberta,2019,General Government Support,Heavy Industry & Machinery,5712785.66,93,58
48,Alberta,2019,General Government Support,Life Sciences & Medical,2176868.7600000002,7,6
48,Alberta,2019,General Government Support,"Logistics, Training & Workforce",5266905.23,155,62
48,Alberta,2019,General Government Support,Other,3184750.57,98,38
48,Alberta,2019,General Government Support,Professional Services,38710322.8,85,33
48,Alberta,2019,General Government Support,"Resources, Fuels & Materials",1115411.79,50,27
48,Alberta,2019,General Government Support,Utilities & Environmental,24473801.87,97,31
48,Alberta,2019,Industrial and Technical Support,Aerospace & Space,105202.75,3,3
48,Alberta,2019,Industrial and Technical Support,Automotive & Heavy Vehicles,987813.39,22,13
48,Alberta,2019,Industrial and Technical Support,Civil Engineering & Infrastructure,12471295.64,101,39
48,Alberta,2019,Industrial and Technical Support,Heavy Industry & Machinery,284039.27,2,2
48,Alberta,2019,Industrial and Technical Support,High-Tech Hardware & Telecom,6436154.38,24,17
48,Alberta,2019,Industrial and Technical Support,Life Sciences & Medical,234524.95,5,5
48,Alberta,2019,Industrial and Technical Support,"Logistics, Training & Workforce",2673180.8499999996,4,3
48,Alberta,2019,Industrial and Technical Support,Professional Services,2931408.59,7,6
48,Alberta,2019,Industrial and Technical Support,"Resources, Fuels & Materials",57425681.36,841,42
48,Alberta,2019,Industrial and Technical Support,Software & IT Services,9974302.9,81,48
48,Alberta,2019,Industrial and Technical Support,Weapons & Tactical Security,5128519.74,26,7
48,Alberta,2020,Core Defence Industrial Complex,Automotive & Heavy Vehicles,1253737.28,23,19
48,Alberta,2020,Core Defence Industrial Complex,Marine & Shipbuilding,133441.13,7,6
48,Alberta,2020,General Government Support,Civil Engineering & Infrastructure,36338207.62,316,79
48,Alberta,2020,General Government Support,Heavy Industry & Machinery,4337203.91,93,55
48,Alberta,2020,General Government Support,Life Sciences & Medical,181898.97,7,5
48,Alberta,2020,General Government Support,"Logistics, Training & Workforce",4812279.45,138,45
48,Alberta,2020,General Government Support,Other,1265038.71,52,29
48,Alberta,2020,General Government Support,Professional Services,12856658.08,101,34
48,Alberta,2020,General Government Support,"Resources, Fuels & Materials",1466188.11,41,23
48,Alberta,2020,General Government Support,Utilities & Environmental,16072597.32,37,26
48,Alberta,2020,Industrial and Technical Support,Aerospace & Space,47861.630000000005,2,1
48,Alberta,2020,Industrial and Technical Support,Automotive & Heavy Vehicles,4029695.33,20,12
48,Alberta,2020,Industrial and Technical Support,Civil Engineering & Infrastructure,18135187.21,129,47
48,Alberta,2020,Industrial and Technical Support,Heavy Industry & Machinery,129362.5,7,7
48,Alberta,2020,Industrial and Technical Support,High-Tech Hardware & Telecom,1211250.6,16,13
48,Alberta,2020,Industrial and Technical Support,Life Sciences & Medical,125225.92,3,3
48,Alberta,2020,Industrial and Technical Support,"Logistics, Training & Workforce",119010.88,5,4
48,Alberta,2020,Industrial and Technical Support,Professional Services,885173.4,1,1
48,Alberta,2020,Industrial and Technical Support,"Resources, Fuels & Materials",36392577.76,413,43
48,Alberta,2020,Industrial and Technical Support,Software & IT Services,168961608.08,116,53
48,Alberta,2020,Industrial and Technical Support,Weapons & Tactical Security,10747914.43,40,7
48,Alberta,2021,Core Defence Industrial Complex,Aerospace & Space,81675788.12,3,3
48,Alberta,2021,Core Defence Industrial Complex,Automotive & Heavy Vehicles,381856.52,16,11
48,Alberta,2021,Core Defence Industrial Complex,Civil Engineering & Infrastructure,52592.67,1,1
48,Alberta,2021,Core Defence Industrial Complex,Marine & Shipbuilding,24303.59,1,1
48,Alberta,2021,Core Defence Industrial Complex,Weapons & Tactical Security,1314654.1,1,1
48,Alberta,2021,General Government Support,Civil Engineering & Infrastructure,31992940.76,551,94
48,Alberta,2021,General Government Support,Heavy Industry & Machinery,6412927.39,124,50
48,Alberta,2021,General Government Support,Life Sciences & Medical,90166.29,6,6
48,Alberta,2021,General Government Support,"Logistics, Training & Workforce",6057809.86,127,53
48,Alberta,2021,General Government Support,Other,2150365.55,83,41
48,Alberta,2021,General Government Support,Professional Services,7875641.34,72,44
48,Alberta,2021,General Government Support,"Resources, Fuels & Materials",1337385.74,50,23
48,Alberta,2021,General Government Support,Utilities & Environmental,28422277.3,63,32
48,Alberta,2021,Industrial and Technical Support,Aerospace & Space,748037.29,2,2
48,Alberta,2021,Industrial and Technical Support,Automotive & Heavy Vehicles,1078129.73,14,12
48,Alberta,2021,Industrial and Technical Support,Civil Engineering & Infrastructure,22115318,196,59
48,Alberta,2021,Industrial and Technical Support,Heavy Industry & Machinery,181157.46,7,7
48,Alberta,2021,Industrial and Technical Support,High-Tech Hardware & Telecom,4826878.91,22,15
48,Alberta,2021,Industrial and Technical Support,Life Sciences & Medical,120414.79,3,2
48,Alberta,2021,Industrial and Technical Support,"Logistics, Training & Workforce",212811,7,7
48,Alberta,2021,Industrial and Technical Support,"Resources, Fuels & Materials",46104581.23,510,37
48,Alberta,2021,Industrial and Technical Support,Software & IT Services,50031468.2,151,60
48,Alberta,2021,Industrial and Technical Support,Weapons & Tactical Security,5860218.69,20,3
48,Alberta,2022,Core Defence Industrial Complex,Aerospace & Space,2257680.31,4,3
48,Alberta,2022,Core Defence Industrial Complex,Automotive & Heavy Vehicles,92863.37,6,6
48,Alberta,2022,Core Defence Industrial Complex,Civil Engineering & Infrastructure,74707.5,3,1
48,Alberta,2022,Core Defence Industrial Complex,Marine & Shipbuilding,444787.51,5,4
48,Alberta,2022,Core Defence Industrial Complex,Weapons & Tactical Security,4709619.11,3,2
48,Alberta,2022,General Government Support,Civil Engineering & Infrastructure,46799446.75,506,106
48,Alberta,2022,General Government Support,Heavy Industry & Machinery,37556248.52,107,67
48,Alberta,2022,General Government Support,High-Tech Hardware & Telecom,49612.5,1,1
48,Alberta,2022,General Government Support,Life Sciences & Medical,9349274.35,5,5
48,Alberta,2022,General Government Support,"Logistics, Training & Workforce",3565197.47,134,70
48,Alberta,2022,General Government Support,Other,2205942.4,88,46
48,Alberta,2022,General Government Support,Professional Services,5219953.25,38,33
48,Alberta,2022,General Government Support,"Resources, Fuels & Materials",1838820.66,50,25
48,Alberta,2022,General Government Support,Utilities & Environmental,33164526.080000002,59,33
48,Alberta,2022,Industrial and Technical Support,Aerospace & Space,230746.43000000002,3,2
48,Alberta,2022,Industrial and Technical Support,Automotive & Heavy Vehicles,5012677.33,28,19
48,Alberta,2022,Industrial and Technical Support,Civil Engineering & Infrastructure,15559806.3,158,58
48,Alberta,2022,Industrial and Technical Support,Heavy Industry & Machinery,43591.880000000005,3,3
48,Alberta,2022,Industrial and Technical Support,High-Tech Hardware & Telecom,7124901.85,12,11
48,Alberta,2022,Industrial and Technical Support,Life Sciences & Medical,86777.31999999999,4,4
48,Alberta,2022,Industrial and Technical Support,"Logistics, Training & Workforce",3821255.31,6,6
48,Alberta,2022,Industrial and Technical Support,"Resources, Fuels & Materials",112639822.1,603,48
48,Alberta,2022,Industrial and Technical Support,Software & IT Services,13341194.27,192,60
48,Alberta,2022,Industrial and Technical Support,Weapons & Tactical Security,2667452,14,9
48,Alberta,2023,Core Defence Industrial Complex,Aerospace & Space,171400.04,2,2
48,Alberta,2023,Core Defence Industrial Complex,Automotive & Heavy Vehicles,278384.12,14,12
48,Alberta,2023,Core Defence Industrial Complex,Civil Engineering & Infrastructure,90314.86,1,1
48,Alberta,2023,Core Defence Industrial Complex,Marine & Shipbuilding,2030324.96,7,6
48,Alberta,2023,Core Defence Industrial Complex,Weapons & Tactical Security,4562861.140000001,13,7
48,Alberta,2023,General Government Support,Civil Engineering & Infrastructure,56919319.31,509,128
48,Alberta,2023,General Government Support,Heavy Industry & Machinery,7633015.9,118,72
48,Alberta,2023,General Government Support,High-Tech Hardware & Telecom,109202.99,5,3
48,Alberta,2023,General Government Support,Life Sciences & Medical,570128.04,9,8
48,Alberta,2023,General Government Support,"Logistics, Training & Workforce",77864759.64,134,68
48,Alberta,2023,General Government Support,Other,3478115.16,133,67
48,Alberta,2023,General Government Support,Professional Services,11729132.38,37,32
48,Alberta,2023,General Government Support,"Resources, Fuels & Materials",1639807.27,44,26
48,Alberta,2023,General Government Support,Utilities & Environmental,41893670.19,47,32
48,Alberta,2023,Industrial and Technical Support,Aerospace & Space,297014.13,7,4
48,Alberta,2023,Industrial and Technical Support,Automotive & Heavy Vehicles,3027269.7800000003,40,25
48,Alberta,2023,Industrial and Technical Support,Civil Engineering & Infrastructure,22112010.1,132,71
48,Alberta,2023,Industrial and Technical Support,Heavy Industry & Machinery,169468.24,4,4
48,Alberta,2023,Industrial and Technical Support,High-Tech Hardware & Telecom,814043.6499999999,9,9
48,Alberta,2023,Industrial and Technical Support,Life Sciences & Medical,1148311.16,12,10
48,Alberta,2023,Industrial and Technical Support,"Logistics, Training & Workforce",1856240.39,7,6
48,Alberta,2023,Industrial and Technical Support,"Resources, Fuels & Materials",64694069.75,585,50
48,Alberta,2023,Industrial and Technical Support,Software & IT Services,13323689.39,228,74
48,Alberta,2023,Industrial and Technical Support,Weapons & Tactical Security,5693186.11,18,7
48,Alberta,2024,Core Defence Industrial Complex,Aerospace & Space,164345.86,3,2
48,Alberta,2024,Core Defence Industrial Complex,Automotive & Heavy Vehicles,2442235.19,17,15
48,Alberta,2024,Core Defence Industrial Complex,Civil Engineering & Infrastructure,634565.4,5,3
48,Alberta,2024,Core Defence Industrial Complex,Marine & Shipbuilding,48394.53,3,3
48,Alberta,2024,Core Defence Industrial Complex,Weapons & Tactical Security,676956.76,7,6
48,Alberta,2024,General Government Support,Civil Engineering & Infrastructure,35261299.93,421,97
48,Alberta,2024,General Government Support,Heavy Industry & Machinery,151171819.32,96,73
48,Alberta,2024,General Government Support,High-Tech Hardware & Telecom,162788.49,4,4
48,Alberta,2024,General Government Support,Life Sciences & Medical,159006.24,7,6
48,Alberta,2024,General Government Support,"Logistics, Training & Workforce",5092782.25,162,59
48,Alberta,2024,General Government Support,Other,3801855.4299999997,70,45
48,Alberta,2024,General Government Support,Professional Services,3705950.48,45,37
48,Alberta,2024,General Government Support,"Resources, Fuels & Materials",541197.2,19,16
48,Alberta,2024,General Government Support,Utilities & Environmental,14848373.85,50,27
48,Alberta,2024,Industrial and Technical Support,Aerospace & Space,106673.98,1,1
48,Alberta,2024,Industrial and Technical Support,Automotive & Heavy Vehicles,8546453.92,45,32
48,Alberta,2024,Industrial and Technical Support,Civil Engineering & Infrastructure,15340265.64,108,38
48,Alberta,2024,Industrial and Technical Support,Heavy Industry & Machinery,138165.31,4,4
48,Alberta,2024,Industrial and Technical Support,High-Tech Hardware & Telecom,10826099.73,23,13
48,Alberta,2024,Industrial and Technical Support,Life Sciences & Medical,3161931.86,14,9
48,Alberta,2024,Industrial and Technical Support,"Logistics, Training & Workforce",60847.5,2,2
48,Alberta,2024,Industrial and Technical Support,"Resources, Fuels & Materials",40347995.44,469,43
48,Alberta,2024,Industrial and Technical Support,Software & IT Services,24756408,115,64
48,Alberta,2024,Industrial and Technical Support,Weapons & Tactical Security,11561344.79,28,9
48,Alberta,2025,Core Defence Industrial Complex,Aerospace & Space,1761015.71,12,5
48,Alberta,2025,Core Defence Industrial Complex,Automotive & Heavy Vehicles,362366.29,22,13
48,Alberta,2025,Core Defence Industrial Complex,Civil Engineering & Infrastructure,438668.14,2,2
48,Alberta,2025,Core Defence Industrial Complex,Marine & Shipbuilding,6686374.31,44,15
48,Alberta,2025,Core Defence Industrial Complex,Weapons & Tactical Security,637547.38,3,2
48,Alberta,2025,General Government Support,Civil Engineering & Infrastructure,36783571.56,554,112
48,Alberta,2025,General Government Support,Heavy Industry & Machinery,9296109.64,189,104
48,Alberta,2025,General Government Support,High-Tech Hardware & Telecom,63756.4,4,4
48,Alberta,2025,General Government Support,Life Sciences & Medical,456661.76,11,5
48,Alberta,2025,General Government Support,"Logistics, Training & Workforce",10791490.47,233,114
48,Alberta,2025,General Government Support,Other,7430955.09,167,61
48,Alberta,2025,General Government Support,Professional Services,7148130.17,55,40
48,Alberta,2025,General Government Support,"Resources, Fuels & Materials",553432.13,21,17
48,Alberta,2025,General Government Support,Utilities & Environmental,16787703.92,30,18
48,Alberta,2025,Industrial and Technical Support,Aerospace & Space,340768.97,5,3
48,Alberta,2025,Industrial and Technical Support,Automotive & Heavy Vehicles,9772476.85,27,21
48,Alberta,2025,Industrial and Technical Support,Civil Engineering & Infrastructure,73718016.69,197,58
48,Alberta,2025,Industrial and Technical Support,Heavy Industry & Machinery,169439.01,8,6
48,Alberta,2025,Industrial and Technical Support,High-Tech Hardware & Telecom,1829302.26,27,22
48,Alberta,2025,Industrial and Technical Support,Life Sciences & Medical,1353883.13,12,10
48,Alberta,2025,Industrial and Technical Support,"Logistics, Training & Workforce",756013.84,23,6
48,Alberta,2025,Industrial and Technical Support,Marine & Shipbuilding,20418.38,1,1
48,Alberta,2025,Industrial and Technical Support,Professional Services,57383.25,3,3
48,Alberta,2025,Industrial and Technical Support,"Resources, Fuels & Materials",23658011.76,299,53
48,Alberta,2025,Industrial and Technical Support,Software & IT Services,8655558.64,97,45
48,Alberta,2025,Industrial and Technical Support,Weapons & Tactical Security,10033133.2,24,3
48,Alberta,2026,Core Defence Industrial Complex,Aerospace & Space,113160,1,1
48,Alberta,2026,Core Defence Industrial Complex,Marine & Shipbuilding,1871869.76,23,5
48,Alberta,2026,Core Defence Industrial Complex,Weapons & Tactical Security,15802.45,1,1
48,Alberta,2026,General Government Support,Civil Engineering & Infrastructure,7356156.62,104,38
48,Alberta,2026,General Government Support,Heavy Industry & Machinery,1580284.16,37,27
48,Alberta,2026,General Government Support,Life Sciences & Medical,58706.9,4,2
48,Alberta,2026,General Government Support,"Logistics, Training & Workforce",846486.39,44,39
48,Alberta,2026,General Government Support,Other,607472.79,28,17
48,Alberta,2026,General Government Support,Professional Services,5526136.76,14,11
48,Alberta,2026,General Government Support,"Resources, Fuels & Materials",96750.46,6,6
48,Alberta,2026,General Government Support,Utilities & Environmental,1921666.89,11,8
48,Alberta,2026,Industrial and Technical Support,Automotive & Heavy Vehicles,69035.11,4,4
48,Alberta,2026,Industrial and Technical Support,Civil Engineering & Infrastructure,7269655.14,34,16
48,Alberta,2026,Industrial and Technical Support,Heavy Industry & Machinery,77562.13,4,4
48,Alberta,2026,Industrial and Technical Support,High-Tech Hardware & Telecom,111690.06,4,4
48,Alberta,2026,Industrial and Technical Support,Life Sciences & Medical,934421.2699999999,5,5
48,Alberta,2026,Industrial and Technical Support,"Logistics, Training & Workforce",2053379.3,26,13
48,Alberta,2026,Industrial and Technical Support,"Resources, Fuels & Materials",2655396.46,48,13
48,Alberta,2026,Industrial and Technical Support,Software & IT Services,646294.51,17,13
48,Alberta,2026,Industrial and Technical Support,Weapons & Tactical Security,5312405.73,19,2
59,British Columbia,2016,Core Defence Industrial Complex,Aerospace & Space,49544.369999999995,3,1
59,British Columbia,2016,Core Defence Industrial Complex,Automotive & Heavy Vehicles,89340.36,3,3
59,British Columbia,2016,Core Defence Industrial Complex,Marine & Shipbuilding,17274.4,1,1
59,British Columbia,2016,General Government Support,Civil Engineering & Infrastructure,1726050.61,12,9
59,British Columbia,2016,General Government Support,Heavy Industry & Machinery,309983.81,10,9
59,British Columbia,2016,General Government Support,Life Sciences & Medical,106175.57,1,1
59,British Columbia,2016,General Government Support,"Logistics, Training & Workforce",567122.64,13,11
59,British Columbia,2016,General Government Support,Other,1775189.99,6,5
59,British Columbia,2016,General Government Support,Professional Services,4397371.6,3,3
59,British Columbia,2016,General Government Support,"Resources, Fuels & Materials",75748.78,4,3
59,British Columbia,2016,General Government Support,Utilities & Environmental,246674.88,4,3
59,British Columbia,2016,Industrial and Technical Support,Automotive & Heavy Vehicles,89664.75,5,2
59,British Columbia,2016,Industrial and Technical Support,Civil Engineering & Infrastructure,133355.55,1,1
59,British Columbia,2016,Industrial and Technical Support,Heavy Industry & Machinery,35882.7,2,2
59,British Columbia,2016,Industrial and Technical Support,High-Tech Hardware & Telecom,66678.98,2,1
59,British Columbia,2016,Industrial and Technical Support,"Logistics, Training & Workforce",25225.2,2,1
59,British Columbia,2016,Industrial and Technical Support,Professional Services,12997.4,1,1
59,British Columbia,2016,Industrial and Technical Support,"Resources, Fuels & Materials",237362.7,13,5
59,British Columbia,2016,Industrial and Technical Support,Software & IT Services,1404275.55,14,6
59,British Columbia,2016,Industrial and Technical Support,Weapons & Tactical Security,40181.45,1,1
59,British Columbia,2017,Core Defence Industrial Complex,Aerospace & Space,65309932.52,15,6
59,British Columbia,2017,Core Defence Industrial Complex,Automotive & Heavy Vehicles,58955433.77,30,5
59,British Columbia,2017,Core Defence Industrial Complex,Civil Engineering & Infrastructure,1183601.5999999999,4,2
59,British Columbia,2017,Core Defence Industrial Complex,Marine & Shipbuilding,47155774.57,21,11
59,British Columbia,2017,Core Defence Industrial Complex,Weapons & Tactical Security,782657.26,12,5
59,British Columbia,2017,General Government Support,Civil Engineering & Infrastructure,30626993.46,155,64
59,British Columbia,2017,General Government Support,Heavy Industry & Machinery,8280965.49,86,46
59,British Columbia,2017,General Government Support,Life Sciences & Medical,320497.14,14,2
59,British Columbia,2017,General Government Support,"Logistics, Training & Workforce",174394226.58,89,67
59,British Columbia,2017,General Government Support,Other,819359.69,44,20
59,British Columbia,2017,General Government Support,Professional Services,18933938.34,51,20
59,British Columbia,2017,General Government Support,"Resources, Fuels & Materials",349771.29,18,13
59,British Columbia,2017,General Government Support,Utilities & Environmental,1781439.68,10,6
59,British Columbia,2017,Industrial and Technical Support,Aerospace & Space,175185.1,7,6
59,British Columbia,2017,Industrial and Technical Support,Automotive & Heavy Vehicles,316510.63,14,4
59,British Columbia,2017,Industrial and Technical Support,Civil Engineering & Infrastructure,41582026.94,49,30
59,British Columbia,2017,Industrial and Technical Support,Heavy Industry & Machinery,225291.4,8,8
59,British Columbia,2017,Industrial and Technical Support,High-Tech Hardware & Telecom,509985.02999999997,18,12
59,British Columbia,2017,Industrial and Technical Support,Life Sciences & Medical,47802.479999999996,2,2
59,British Columbia,2017,Industrial and Technical Support,"Logistics, Training & Workforce",1327047.96,34,9
59,British Columbia,2017,Industrial and Technical Support,Professional Services,21482,1,1
59,British Columbia,2017,Industrial and Technical Support,"Resources, Fuels & Materials",25900433.03,200,23
59,British Columbia,2017,Industrial and Technical Support,Software & IT Services,14029334.84,182,28
59,British Columbia,2017,Industrial and Technical Support,Weapons & Tactical Security,391337.94,5,4
59,British Columbia,2018,Core Defence Industrial Complex,Aerospace & Space,231297.93,8,2
59,British Columbia,2018,Core Defence Industrial Complex,Automotive & Heavy Vehicles,66266.09,4,4
59,British Columbia,2018,Core Defence Industrial Complex,Marine & Shipbuilding,160553769.99,28,19
59,British Columbia,2018,Core Defence Industrial Complex,Weapons & Tactical Security,2712304.02,7,3
59,British Columbia,2018,General Government Support,Civil Engineering & Infrastructure,24645696.09,261,65
59,British Columbia,2018,General Government Support,Heavy Industry & Machinery,14327212.14,100,51
59,British Columbia,2018,General Government Support,High-Tech Hardware & Telecom,53520,2,2
59,British Columbia,2018,General Government Support,Life Sciences & Medical,797260.9299999999,3,2
59,British Columbia,2018,General Government Support,"Logistics, Training & Workforce",8701903.76,89,64
59,British Columbia,2018,General Government Support,Other,1391652.31,50,21
59,British Columbia,2018,General Government Support,Professional Services,29123531.09,116,31
59,British Columbia,2018,General Government Support,"Resources, Fuels & Materials",7586974.48,22,17
59,British Columbia,2018,General Government Support,Utilities & Environmental,316218.57,14,10
59,British Columbia,2018,Industrial and Technical Support,Aerospace & Space,2070075.25,7,5
59,British Columbia,2018,Industrial and Technical Support,Automotive & Heavy Vehicles,519507.69,15,9
59,British Columbia,2018,Industrial and Technical Support,Civil Engineering & Infrastructure,48962843.4,77,52
59,British Columbia,2018,Industrial and Technical Support,Heavy Industry & Machinery,3568758.84,13,12
59,British Columbia,2018,Industrial and Technical Support,High-Tech Hardware & Telecom,6791644.2299999995,22,16
59,British Columbia,2018,Industrial and Technical Support,Life Sciences & Medical,92410.68000000001,4,4
59,British Columbia,2018,Industrial and Technical Support,"Logistics, Training & Workforce",3730015.17,89,17
59,British Columbia,2018,Industrial and Technical Support,Professional Services,30791.25,1,1
59,British Columbia,2018,Industrial and Technical Support,"Resources, Fuels & Materials",46428013.47,441,31
59,British Columbia,2018,Industrial and Technical Support,Software & IT Services,15187128.13,137,33
59,British Columbia,2018,Industrial and Technical Support,Weapons & Tactical Security,526423.46,10,1
59,British Columbia,2019,Core Defence Industrial Complex,Aerospace & Space,311043.23,5,3
59,British Columbia,2019,Core Defence Industrial Complex,Automotive & Heavy Vehicles,69972.07,4,3
59,British Columbia,2019,Core Defence Industrial Complex,Civil Engineering & Infrastructure,36887.37,1,1
59,British Columbia,2019,Core Defence Industrial Complex,Marine & Shipbuilding,1210279619.06,37,11
59,British Columbia,2019,Core Defence Industrial Complex,Weapons & Tactical Security,2208566.83,5,4
59,British Columbia,2019,General Government Support,Civil Engineering & Infrastructure,18390316.65,210,64
59,British Columbia,2019,General Government Support,Heavy Industry & Machinery,6871161.45,115,56
59,British Columbia,2019,General Government Support,Life Sciences & Medical,230408.42,9,4
59,British Columbia,2019,General Government Support,"Logistics, Training & Workforce",4127342.64,96,60
59,British Columbia,2019,General Government Support,Other,3721884.6500000004,34,17
59,British Columbia,2019,General Government Support,Professional Services,13082895.33,84,29
59,British Columbia,2019,General Government Support,"Resources, Fuels & Materials",6570064.25,25,18
59,British Columbia,2019,General Government Support,Utilities & Environmental,7262272.5,25,10
59,British Columbia,2019,Industrial and Technical Support,Aerospace & Space,61453.43,3,2
59,British Columbia,2019,Industrial and Technical Support,Automotive & Heavy Vehicles,2270735.85,16,12
59,British Columbia,2019,Industrial and Technical Support,Civil Engineering & Infrastructure,82235138.85,51,36
59,British Columbia,2019,Industrial and Technical Support,Heavy Industry & Machinery,330679.94,7,7
59,British Columbia,2019,Industrial and Technical Support,High-Tech Hardware & Telecom,734410.8,12,8
59,British Columbia,2019,Industrial and Technical Support,Life Sciences & Medical,5653343.84,15,7
59,British Columbia,2019,Industrial and Technical Support,"Logistics, Training & Workforce",224117.65,11,7
59,British Columbia,2019,Industrial and Technical Support,Professional Services,5994145.58,10,7
59,British Columbia,2019,Industrial and Technical Support,"Resources, Fuels & Materials",31043733.75,463,25
59,British Columbia,2019,Industrial and Technical Support,Software & IT Services,10709429.46,126,27
59,British Columbia,2020,Core Defence Industrial Complex,Aerospace & Space,825506.8799999999,2,1
59,British Columbia,2020,Core Defence Industrial Complex,Automotive & Heavy Vehicles,106460.36,4,3
59,British Columbia,2020,Core Defence Industrial Complex,Marine & Shipbuilding,36455959.910000004,31,12
59,British Columbia,2020,Core Defence Industrial Complex,Weapons & Tactical Security,592068.8,8,3
59,British Columbia,2020,General Government Support,Civil Engineering & Infrastructure,19783061.27,312,75
59,British Columbia,2020,General Government Support,Heavy Industry & Machinery,6464474.21,111,46
59,British Columbia,2020,General Government Support,High-Tech Hardware & Telecom,16300,1,1
59,British Columbia,2020,General Government Support,Life Sciences & Medical,138107.15,4,2
59,British Columbia,2020,General Government Support,"Logistics, Training & Workforce",3375751.71,142,64
59,British Columbia,2020,General Government Support,Other,389392.9,21,16
59,British Columbia,2020,General Government Support,Professional Services,27661972.62,64,24
59,British Columbia,2020,General Government Support,"Resources, Fuels & Materials",1334337.01,49,21
59,British Columbia,2020,General Government Support,Utilities & Environmental,420815.79,11,7
59,British Columbia,2020,Industrial and Technical Support,Aerospace & Space,29936.56,2,1
59,British Columbia,2020,Industrial and Technical Support,Automotive & Heavy Vehicles,1207842.8800000001,13,8
59,British Columbia,2020,Industrial and Technical Support,Civil Engineering & Infrastructure,17005970.23,64,40
59,British Columbia,2020,Industrial and Technical Support,Heavy Industry & Machinery,591999.49,8,7
59,British Columbia,2020,Industrial and Technical Support,High-Tech Hardware & Telecom,2824841.69,28,9
59,British Columbia,2020,Industrial and Technical Support,Life Sciences & Medical,30275.67,2,2
59,British Columbia,2020,Industrial and Technical Support,"Logistics, Training & Workforce",1507841.51,24,6
59,British Columbia,2020,Industrial and Technical Support,Marine & Shipbuilding,195758.75,1,1
59,British Columbia,2020,Industrial and Technical Support,Professional Services,4977360.64,7,6
59,British Columbia,2020,Industrial and Technical Support,"Resources, Fuels & Materials",10889188.44,240,28
59,British Columbia,2020,Industrial and Technical Support,Software & IT Services,3232999.51,32,21
59,British Columbia,2020,Industrial and Technical Support,Weapons & Tactical Security,373350,1,1
59,British Columbia,2021,Core Defence Industrial Complex,Aerospace & Space,291119.7,2,2
59,British Columbia,2021,Core Defence Industrial Complex,Automotive & Heavy Vehicles,15042078.6,4,4
59,British Columbia,2021,Core Defence Industrial Complex,Civil Engineering & Infrastructure,673458.44,2,2
59,British Columbia,2021,Core Defence Industrial Complex,Marine & Shipbuilding,10848776.26,23,7
59,British Columbia,2021,Core Defence Industrial Complex,Weapons & Tactical Security,1377509.6,7,5
59,British Columbia,2021,General Government Support,Civil Engineering & Infrastructure,34411396.86,422,83
59,British Columbia,2021,General Government Support,Heavy Industry & Machinery,9194730.07,150,54
59,British Columbia,2021,General Government Support,High-Tech Hardware & Telecom,12854.35,1,1
59,British Columbia,2021,General Government Support,Life Sciences & Medical,322258.52,13,1
59,British Columbia,2021,General Government Support,"Logistics, Training & Workforce",3930091.72,134,73
59,British Columbia,2021,General Government Support,Other,2801036.43,34,19
59,British Columbia,2021,General Government Support,Professional Services,17528672.22,53,32
59,British Columbia,2021,General Government Support,"Resources, Fuels & Materials",1536448.3299999998,36,21
59,British Columbia,2021,General Government Support,Utilities & Environmental,2590644.89,8,7
59,British Columbia,2021,Industrial and Technical Support,Aerospace & Space,113209.90000000001,3,2
59,British Columbia,2021,Industrial and Technical Support,Automotive & Heavy Vehicles,912407.04,19,7
59,British Columbia,2021,Industrial and Technical Support,Civil Engineering & Infrastructure,242324172.93,106,59
59,British Columbia,2021,Industrial and Technical Support,Heavy Industry & Machinery,4129328.96,7,6
59,British Columbia,2021,Industrial and Technical Support,High-Tech Hardware & Telecom,1101354.11,19,15
59,British Columbia,2021,Industrial and Technical Support,Life Sciences & Medical,2493981.22,5,5
59,British Columbia,2021,Industrial and Technical Support,"Logistics, Training & Workforce",1822278.93,34,13
59,British Columbia,2021,Industrial and Technical Support,Marine & Shipbuilding,6644316,2,2
59,British Columbia,2021,Industrial and Technical Support,Professional Services,34202.3,2,2
59,British Columbia,2021,Industrial and Technical Support,"Resources, Fuels & Materials",15120958.84,381,30
59,British Columbia,2021,Industrial and Technical Support,Software & IT Services,6856833.72,60,37
59,British Columbia,2021,Industrial and Technical Support,Weapons & Tactical Security,192765.23,1,1
59,British Columbia,2022,Core Defence Industrial Complex,Aerospace & Space,225733.77,5,2
59,British Columbia,2022,Core Defence Industrial Complex,Automotive & Heavy Vehicles,118954.76,5,4
59,British Columbia,2022,Core Defence Industrial Complex,Civil Engineering & Infrastructure,10824.66,1,1
59,British Columbia,2022,Core Defence Industrial Complex,Marine & Shipbuilding,1221707453.82,10,8
59,British Columbia,2022,Core Defence Industrial Complex,Weapons & Tactical Security,6696960.66,9,6
59,British Columbia,2022,General Government Support,Civil Engineering & Infrastructure,84228428.15,399,104
59,British Columbia,2022,General Government Support,Heavy Industry & Machinery,5687195.46,123,53
59,British Columbia,2022,General Government Support,Life Sciences & Medical,253394.24,12,5
59,British Columbia,2022,General Government Support,"Logistics, Training & Workforce",11391299.96,143,74
59,British Columbia,2022,General Government Support,Other,1092464.22,48,21
59,British Columbia,2022,General Government Support,Professional Services,5804846.33,29,24
59,British Columbia,2022,General Government Support,"Resources, Fuels & Materials",25205161.56,41,21
59,British Columbia,2022,General Government Support,Utilities & Environmental,635039.46,18,10
59,British Columbia,2022,Industrial and Technical Support,Aerospace & Space,4204753.06,8,5
59,British Columbia,2022,Industrial and Technical Support,Automotive & Heavy Vehicles,6309627.77,17,11
59,British Columbia,2022,Industrial and Technical Support,Civil Engineering & Infrastructure,42520912.6,96,58
59,British Columbia,2022,Industrial and Technical Support,Heavy Industry & Machinery,60447.11,3,3
59,British Columbia,2022,Industrial and Technical Support,High-Tech Hardware & Telecom,6828103.4,7,5
59,British Columbia,2022,Industrial and Technical Support,Life Sciences & Medical,724585.35,7,7
59,British Columbia,2022,Industrial and Technical Support,"Logistics, Training & Workforce",2919535.25,51,13
59,British Columbia,2022,Industrial and Technical Support,"Resources, Fuels & Materials",9839922.68,157,36
59,British Columbia,2022,Industrial and Technical Support,Software & IT Services,19633340.19,48,31
59,British Columbia,2022,Industrial and Technical Support,Weapons & Tactical Security,1362934.42,11,2
59,British Columbia,2023,Core Defence Industrial Complex,Aerospace & Space,894638.1,6,5
59,British Columbia,2023,Core Defence Industrial Complex,Automotive & Heavy Vehicles,34380.79,3,3
59,British Columbia,2023,Core Defence Industrial Complex,Civil Engineering & Infrastructure,15750.5,1,1
59,British Columbia,2023,Core Defence Industrial Complex,Marine & Shipbuilding,3734335.5900000003,10,9
59,British Columbia,2023,Core Defence Industrial Complex,Weapons & Tactical Security,551530.44,5,5
59,British Columbia,2023,General Government Support,Civil Engineering & Infrastructure,59295598.18,541,138
59,British Columbia,2023,General Government Support,Heavy Industry & Machinery,5477470.92,105,71
59,British Columbia,2023,General Government Support,Life Sciences & Medical,591013.92,26,4
59,British Columbia,2023,General Government Support,"Logistics, Training & Workforce",12660285.04,155,90
59,British Columbia,2023,General Government Support,Other,1707357.83,90,42
59,British Columbia,2023,General Government Support,Professional Services,5975622.61,43,31
59,British Columbia,2023,General Government Support,"Resources, Fuels & Materials",14585028.76,50,26
59,British Columbia,2023,General Government Support,Utilities & Environmental,13840380.64,70,31
59,British Columbia,2023,Industrial and Technical Support,Aerospace & Space,185625.83000000002,5,4
59,British Columbia,2023,Industrial and Technical Support,Automotive & Heavy Vehicles,825263.73,12,9
59,British Columbia,2023,Industrial and Technical Support,Civil Engineering & Infrastructure,33934116.4,84,61
59,British Columbia,2023,Industrial and Technical Support,Heavy Industry & Machinery,370725.88,3,3
59,British Columbia,2023,Industrial and Technical Support,High-Tech Hardware & Telecom,663224.5,13,13
59,British Columbia,2023,Industrial and Technical Support,Life Sciences & Medical,173650.78,10,8
59,British Columbia,2023,Industrial and Technical Support,"Logistics, Training & Workforce",4587366.16,67,19
59,British Columbia,2023,Industrial and Technical Support,Professional Services,123595.45,3,2
59,British Columbia,2023,Industrial and Technical Support,"Resources, Fuels & Materials",22107959.79,166,38
59,British Columbia,2023,Industrial and Technical Support,Software & IT Services,16869340.96,213,58
59,British Columbia,2023,Industrial and Technical Support,Weapons & Tactical Security,5839016.37,31,12
59,British Columbia,2024,Core Defence Industrial Complex,Aerospace & Space,88181.22,1,1
59,British Columbia,2024,Core Defence Industrial Complex,Automotive & Heavy Vehicles,107270.77,6,5
59,British Columbia,2024,Core Defence Industrial Complex,Civil Engineering & Infrastructure,35164.5,2,1
59,British Columbia,2024,Core Defence Industrial Complex,Marine & Shipbuilding,4156478361.34,12,10
59,British Columbia,2024,Core Defence Industrial Complex,Weapons & Tactical Security,2184947.77,5,5
59,British Columbia,2024,General Government Support,Civil Engineering & Infrastructure,25947700.75,351,95
59,British Columbia,2024,General Government Support,Heavy Industry & Machinery,11577636.65,145,67
59,British Columbia,2024,General Government Support,Life Sciences & Medical,168770.82,3,3
59,British Columbia,2024,General Government Support,"Logistics, Training & Workforce",24823017.72,194,94
59,British Columbia,2024,General Government Support,Other,1099002.7,43,14
59,British Columbia,2024,General Government Support,Professional Services,17148012.54,49,37
59,British Columbia,2024,General Government Support,"Resources, Fuels & Materials",6911123.6,41,26
59,British Columbia,2024,General Government Support,Utilities & Environmental,5451457.38,49,20
59,British Columbia,2024,Industrial and Technical Support,Aerospace & Space,26066.5,2,2
59,British Columbia,2024,Industrial and Technical Support,Automotive & Heavy Vehicles,4197546.5,43,21
59,British Columbia,2024,Industrial and Technical Support,Civil Engineering & Infrastructure,76135378.51,48,41
59,British Columbia,2024,Industrial and Technical Support,Heavy Industry & Machinery,205299.85,3,3
59,British Columbia,2024,Industrial and Technical Support,High-Tech Hardware & Telecom,13931549.99,6,6
59,British Columbia,2024,Industrial and Technical Support,Life Sciences & Medical,1533708.33,6,6
59,British Columbia,2024,Industrial and Technical Support,"Logistics, Training & Workforce",3884043.34,74,17
59,British Columbia,2024,Industrial and Technical Support,"Resources, Fuels & Materials",32122214.41,181,53
59,British Columbia,2024,Industrial and Technical Support,Software & IT Services,16520321.94,248,59
59,British Columbia,2024,Industrial and Technical Support,Weapons & Tactical Security,10060757.52,26,11
59,British Columbia,2025,Core Defence Industrial Complex,Aerospace & Space,1012372.81,7,5
59,British Columbia,2025,Core Defence Industrial Complex,Automotive & Heavy Vehicles,68806.42,4,4
59,British Columbia,2025,Core Defence Industrial Complex,Civil Engineering & Infrastructure,894192.7,1,1
59,British Columbia,2025,Core Defence Industrial Complex,Marine & Shipbuilding,49294028.47,143,58
59,British Columbia,2025,Core Defence Industrial Complex,Weapons & Tactical Security,1323771.6,6,4
59,British Columbia,2025,General Government Support,Civil Engineering & Infrastructure,61963871.09,547,121
59,British Columbia,2025,General Government Support,Heavy Industry & Machinery,30677637.35,379,136
59,British Columbia,2025,General Government Support,Life Sciences & Medical,87076.84,5,5
59,British Columbia,2025,General Government Support,"Logistics, Training & Workforce",12104952.8,282,133
59,British Columbia,2025,General Government Support,Other,1455724.22,64,29
59,British Columbia,2025,General Government Support,Professional Services,9436467.61,48,32
59,British Columbia,2025,General Government Support,"Resources, Fuels & Materials",21467847.3,65,31
59,British Columbia,2025,General Government Support,Utilities & Environmental,12050072.93,57,27
59,British Columbia,2025,Industrial and Technical Support,Aerospace & Space,241955.58,5,2
59,British Columbia,2025,Industrial and Technical Support,Automotive & Heavy Vehicles,849176.98,16,14
59,British Columbia,2025,Industrial and Technical Support,Civil Engineering & Infrastructure,20049811.14,71,36
59,British Columbia,2025,Industrial and Technical Support,Heavy Industry & Machinery,239651.97,13,10
59,British Columbia,2025,Industrial and Technical Support,High-Tech Hardware & Telecom,3840780,27,18
59,British Columbia,2025,Industrial and Technical Support,Life Sciences & Medical,5025816,16,11
59,British Columbia,2025,Industrial and Technical Support,"Logistics, Training & Workforce",4764715.4,83,21
59,British Columbia,2025,Industrial and Technical Support,Professional Services,14000,1,1
59,British Columbia,2025,Industrial and Technical Support,"Resources, Fuels & Materials",17645088.26,212,71
59,British Columbia,2025,Industrial and Technical Support,Software & IT Services,8802382.11,108,58
59,British Columbia,2025,Industrial and Technical Support,Weapons & Tactical Security,18515144.17,25,9
59,British Columbia,2026,Core Defence Industrial Complex,Marine & Shipbuilding,15680733.09,73,39
59,British Columbia,2026,General Government Support,Civil Engineering & Infrastructure,5081176.5,66,34
59,British Columbia,2026,General Government Support,Heavy Industry & Machinery,12087158.76,68,44
59,British Columbia,2026,General Government Support,Life Sciences & Medical,15569.95,1,1
59,British Columbia,2026,General Government Support,"Logistics, Training & Workforce",3182000.05,80,53
59,British Columbia,2026,General Government Support,Other,565168.7999999999,11,11
59,British Columbia,2026,General Government Support,Professional Services,919487.52,15,13
59,British Columbia,2026,General Government Support,"Resources, Fuels & Materials",11911703.27,14,12
59,British Columbia,2026,General Government Support,Utilities & Environmental,3438903.35,18,8
59,British Columbia,2026,Industrial and Technical Support,Aerospace & Space,271565.13,3,2
59,British Columbia,2026,Industrial and Technical Support,Automotive & Heavy Vehicles,747727.82,3,3
59,British Columbia,2026,Industrial and Technical Support,Civil Engineering & Infrastructure,2642933.44,25,21
59,British Columbia,2026,Industrial and Technical Support,Heavy Industry & Machinery,479158.2,4,4
59,British Columbia,2026,Industrial and Technical Support,High-Tech Hardware & Telecom,631585.27,8,6
59,British Columbia,2026,Industrial and Technical Support,Life Sciences & Medical,32986427.05,4,3
59,British Columbia,2026,Industrial and Technical Support,"Logistics, Training & Workforce",1329409.64,16,10
59,British Columbia,2026,Industrial and Technical Support,Professional Services,586719.6,3,1
59,British Columbia,2026,Industrial and Technical Support,"Resources, Fuels & Materials",9198646.55,90,26
59,British Columbia,2026,Industrial and Technical Support,Software & IT Services,2113811.41,38,27
59,British Columbia,2026,Industrial and Technical Support,Weapons & Tactical Security,1053059.71,6,3
60,Yukon,2016,Industrial and Technical Support,"Resources, Fuels & Materials",112208.64,7,1
60,Yukon,2017,General Government Support,"Logistics, Training & Workforce",55848.45,3,3
60,Yukon,2017,General Government Support,Utilities & Environmental,33390,2,2
60,Yukon,2017,Industrial and Technical Support,Civil Engineering & Infrastructure,157041,1,1
60,Yukon,2017,Industrial and Technical Support,"Resources, Fuels & Materials",132763.01,2,1
60,Yukon,2017,Industrial and Technical Support,Software & IT Services,23800,1,1
60,Yukon,2018,General Government Support,"Logistics, Training & Workforce",24885,1,1
60,Yukon,2018,General Government Support,Utilities & Environmental,16905,1,1
60,Yukon,2018,Industrial and Technical Support,Aerospace & Space,15065.44,1,1
60,Yukon,2018,Industrial and Technical Support,Civil Engineering & Infrastructure,3075000,1,1
60,Yukon,2018,Industrial and Technical Support,"Resources, Fuels & Materials",347111.45,6,1
60,Yukon,2019,General Government Support,Professional Services,22249.5,2,2
60,Yukon,2019,Industrial and Technical Support,"Resources, Fuels & Materials",352003.42,18,1
60,Yukon,2020,Core Defence Industrial Complex,Marine & Shipbuilding,21357,1,1
60,Yukon,2020,Industrial and Technical Support,"Resources, Fuels & Materials",137600.35,3,1
60,Yukon,2021,General Government Support,Professional Services,19172.47,1,1
60,Yukon,2021,General Government Support,"Resources, Fuels & Materials",43727,2,1
60,Yukon,2021,Industrial and Technical Support,Aerospace & Space,74392.5,1,1
60,Yukon,2021,Industrial and Technical Support,"Resources, Fuels & Materials",528761.63,11,1
60,Yukon,2022,General Government Support,"Logistics, Training & Workforce",38587.5,2,2
60,Yukon,2022,General Government Support,Professional Services,16755,1,1
60,Yukon,2022,General Government Support,"Resources, Fuels & Materials",160472,1,1
60,Yukon,2022,Industrial and Technical Support,Aerospace & Space,107856,1,1
60,Yukon,2022,Industrial and Technical Support,"Resources, Fuels & Materials",542858.5,16,1
60,Yukon,2022,Industrial and Technical Support,Software & IT Services,10206,1,1
60,Yukon,2023,General Government Support,"Logistics, Training & Workforce",108337.25,2,1
60,Yukon,2023,General Government Support,Other,26755.9,2,2
60,Yukon,2023,General Government Support,"Resources, Fuels & Materials",15853.95,1,1
60,Yukon,2023,Industrial and Technical Support,Aerospace & Space,284181.3,3,3
60,Yukon,2023,Industrial and Technical Support,Civil Engineering & Infrastructure,13755,1,1
60,Yukon,2023,Industrial and Technical Support,"Resources, Fuels & Materials",347112.65,14,1
60,Yukon,2024,General Government Support,"Logistics, Training & Workforce",130719.23,4,4
60,Yukon,2024,Industrial and Technical Support,Aerospace & Space,779658.4,9,4
60,Yukon,2024,Industrial and Technical Support,"Resources, Fuels & Materials",72800.08,4,1
60,Yukon,2025,General Government Support,Heavy Industry & Machinery,22563.45,1,1
60,Yukon,2025,General Government Support,"Logistics, Training & Workforce",183582.32,6,5
60,Yukon,2025,General Government Support,Other,47822.57,2,2
60,Yukon,2025,General Government Support,Professional Services,48558.3,2,1
60,Yukon,2025,Industrial and Technical Support,Aerospace & Space,639589.73,6,5
60,Yukon,2025,Industrial and Technical Support,"Resources, Fuels & Materials",97838.42,4,2
60,Yukon,2025,Industrial and Technical Support,Software & IT Services,3202007.74,6,6
60,Yukon,2026,General Government Support,"Logistics, Training & Workforce",176313.97,6,6
60,Yukon,2026,General Government Support,Professional Services,41782.4,2,2
60,Yukon,2026,Industrial and Technical Support,Automotive & Heavy Vehicles,106220.1,1,1
61,Northwest Territories,2017,General Government Support,Heavy Industry & Machinery,118072.20999999999,2,2
61,Northwest Territories,2017,General Government Support,"Logistics, Training & Workforce",23730,1,1
61,Northwest Territories,2017,General Government Support,Other,80283.51,5,5
61,Northwest Territories,2017,General Government Support,Utilities & Environmental,439709,1,1
61,Northwest Territories,2017,Industrial and Technical Support,Automotive & Heavy Vehicles,47763.18,3,3
61,Northwest Territories,2017,Industrial and Technical Support,Civil Engineering & Infrastructure,33839.9,1,1
61,Northwest Territories,2017,Industrial and Technical Support,Marine & Shipbuilding,12810,1,1
61,Northwest Territories,2017,Industrial and Technical Support,"Resources, Fuels & Materials",106706.94,6,4
61,Northwest Territories,2017,Industrial and Technical Support,Software & IT Services,35884.85,2,1
61,Northwest Territories,2018,General Government Support,Heavy Industry & Machinery,37786.520000000004,2,2
61,Northwest Territories,2018,General Government Support,"Logistics, Training & Workforce",36415.259999999995,2,2
61,Northwest Territories,2018,General Government Support,Other,48379.28,4,3
61,Northwest Territories,2018,General Government Support,Professional Services,23170.35,2,2
61,Northwest Territories,2018,General Government Support,Utilities & Environmental,10076.81,1,1
61,Northwest Territories,2018,Industrial and Technical Support,Aerospace & Space,221024.47,2,1
61,Northwest Territories,2018,Industrial and Technical Support,Automotive & Heavy Vehicles,12051,1,1
61,Northwest Territories,2018,Industrial and Technical Support,Civil Engineering & Infrastructure,59290,2,1
61,Northwest Territories,2018,Industrial and Technical Support,"Resources, Fuels & Materials",158031.89,1,1
61,Northwest Territories,2018,Industrial and Technical Support,Software & IT Services,24878.7,1,1
61,Northwest Territories,2019,General Government Support,"Logistics, Training & Workforce",116636.97,5,5
61,Northwest Territories,2019,General Government Support,Other,80988.86,4,4
61,Northwest Territories,2019,General Government Support,Professional Services,748422,3,2
61,Northwest Territories,2019,General Government Support,"Resources, Fuels & Materials",43329.21,1,1
61,Northwest Territories,2019,General Government Support,Utilities & Environmental,167406.48,1,1
61,Northwest Territories,2019,Industrial and Technical Support,Aerospace & Space,242537.8,3,2
61,Northwest Territories,2019,Industrial and Technical Support,Automotive & Heavy Vehicles,16914.77,1,1
61,Northwest Territories,2019,Industrial and Technical Support,Civil Engineering & Infrastructure,200380.9,2,2
61,Northwest Territories,2019,Industrial and Technical Support,"Resources, Fuels & Materials",355362.08,13,5
61,Northwest Territories,2020,General Government Support,Civil Engineering & Infrastructure,543214,1,1
61,Northwest Territories,2020,General Government Support,Life Sciences & Medical,26465.25,1,1
61,Northwest Territories,2020,General Government Support,Other,574229.45,15,2
61,Northwest Territories,2020,General Government Support,"Resources, Fuels & Materials",376782.8,5,1
61,Northwest Territories,2020,General Government Support,Utilities & Environmental,53229.02,1,1
61,Northwest Territories,2020,Industrial and Technical Support,Aerospace & Space,78592.1,2,1
61,Northwest Territories,2020,Industrial and Technical Support,High-Tech Hardware & Telecom,31048.46,1,1
61,Northwest Territories,2020,Industrial and Technical Support,"Resources, Fuels & Materials",227170.11,11,3
61,Northwest Territories,2021,Core Defence Industrial Complex,Aerospace & Space,42429,2,1
61,Northwest Territories,2021,Core Defence Industrial Complex,Weapons & Tactical Security,385386.5,1,1
61,Northwest Territories,2021,General Government Support,"Logistics, Training & Workforce",13761.57,1,1
61,Northwest Territories,2021,General Government Support,Other,811629.2,21,2
61,Northwest Territories,2021,General Government Support,"Resources, Fuels & Materials",340755,4,1
61,Northwest Territories,2021,General Government Support,Utilities & Environmental,69833.54,2,2
61,Northwest Territories,2021,Industrial and Technical Support,Aerospace & Space,9248446,11,1
61,Northwest Territories,2021,Industrial and Technical Support,Automotive & Heavy Vehicles,22242.28,2,2
61,Northwest Territories,2021,Industrial and Technical Support,"Resources, Fuels & Materials",180207.08,9,3
61,Northwest Territories,2022,Core Defence Industrial Complex,Aerospace & Space,200882,3,1
61,Northwest Territories,2022,General Government Support,Heavy Industry & Machinery,69825,3,1
61,Northwest Territories,2022,General Government Support,High-Tech Hardware & Telecom,25987.5,2,2
61,Northwest Territories,2022,General Government Support,"Logistics, Training & Workforce",45446.93,3,3
61,Northwest Territories,2022,General Government Support,Other,480569.83,16,3
61,Northwest Territories,2022,General Government Support,Professional Services,100000,2,2
61,Northwest Territories,2022,General Government Support,"Resources, Fuels & Materials",107789.33,5,1
61,Northwest Territories,2022,Industrial and Technical Support,Aerospace & Space,3833457.81,16,4
61,Northwest Territories,2022,Industrial and Technical Support,Automotive & Heavy Vehicles,127073.41,2,2
61,Northwest Territories,2022,Industrial and Technical Support,Civil Engineering & Infrastructure,129819.55,1,1
61,Northwest Territories,2022,Industrial and Technical Support,High-Tech Hardware & Telecom,53703,1,1
61,Northwest Territories,2022,Industrial and Technical Support,"Resources, Fuels & Materials",83979.82,4,2
61,Northwest Territories,2023,General Government Support,"Logistics, Training & Workforce",68029.5,2,2
61,Northwest Territories,2023,General Government Support,Other,52593.259999999995,3,1
61,Northwest Territories,2023,General Government Support,"Resources, Fuels & Materials",19062.91,1,1
61,Northwest Territories,2023,Industrial and Technical Support,Aerospace & Space,3695506.2,15,4
61,Northwest Territories,2023,Industrial and Technical Support,"Logistics, Training & Workforce",135075.19,1,1
61,Northwest Territories,2023,Industrial and Technical Support,"Resources, Fuels & Materials",102421.62,4,3
61,Northwest Territories,2024,General Government Support,Civil Engineering & Infrastructure,32744.25,1,1
61,Northwest Territories,2024,General Government Support,High-Tech Hardware & Telecom,17272.5,1,1
61,Northwest Territories,2024,General Government Support,"Logistics, Training & Workforce",53271.75,3,2
61,Northwest Territories,2024,General Government Support,Other,169764.77,3,3
61,Northwest Territories,2024,General Government Support,Professional Services,99793.04,2,2
61,Northwest Territories,2024,General Government Support,Utilities & Environmental,21336223,3,3
61,Northwest Territories,2024,Industrial and Technical Support,Aerospace & Space,374449.52,3,3
61,Northwest Territories,2024,Industrial and Technical Support,Automotive & Heavy Vehicles,129726.45000000001,2,1
61,Northwest Territories,2024,Industrial and Technical Support,"Logistics, Training & Workforce",379680.86,2,2
61,Northwest Territories,2024,Industrial and Technical Support,"Resources, Fuels & Materials",183541.92,6,2
61,Northwest Territories,2024,Industrial and Technical Support,Software & IT Services,53550.25,1,1
61,Northwest Territories,2025,Core Defence Industrial Complex,Marine & Shipbuilding,2940000,1,1
61,Northwest Territories,2025,General Government Support,Civil Engineering & Infrastructure,320607.86,7,6
61,Northwest Territories,2025,General Government Support,Heavy Industry & Machinery,63969,2,2
61,Northwest Territories,2025,General Government Support,"Logistics, Training & Workforce",423029.83,10,8
61,Northwest Territories,2025,General Government Support,Other,208823.44,7,7
61,Northwest Territories,2025,General Government Support,Professional Services,136584,3,3
61,Northwest Territories,2025,General Government Support,Utilities & Environmental,57733.66,2,2
61,Northwest Territories,2025,Industrial and Technical Support,Aerospace & Space,377832.81,6,1
61,Northwest Territories,2025,Industrial and Technical Support,Automotive & Heavy Vehicles,57908.95,2,2
61,Northwest Territories,2025,Industrial and Technical Support,Civil Engineering & Infrastructure,47653.990000000005,2,2
61,Northwest Territories,2025,Industrial and Technical Support,"Logistics, Training & Workforce",39108.95,2,2
61,Northwest Territories,2025,Industrial and Technical Support,"Resources, Fuels & Materials",964846.85,18,5
61,Northwest Territories,2025,Industrial and Technical Support,Software & IT Services,120985.35,4,4
61,Northwest Territories,2026,Core Defence Industrial Complex,Marine & Shipbuilding,69773.66,1,1
61,Northwest Territories,2026,General Government Support,Heavy Industry & Machinery,32516.25,2,2
61,Northwest Territories,2026,General Government Support,"Logistics, Training & Workforce",88500.67,4,4
61,Northwest Territories,2026,General Government Support,Other,351375.7,4,4
61,Northwest Territories,2026,General Government Support,Professional Services,78142.41,2,2
61,Northwest Territories,2026,General Government Support,Utilities & Environmental,23604,1,1
61,Northwest Territories,2026,Industrial and Technical Support,Aerospace & Space,301650.93,6,1
61,Northwest Territories,2026,Industrial and Technical Support,"Resources, Fuels & Materials",98855.76,2,2
61,Northwest Territories,2026,Industrial and Technical Support,Software & IT Services,30384.9,1,1
62,Nunavut,2016,General Government Support,Other,15750,1,1
62,Nunavut,2016,Industrial and Technical Support,"Resources, Fuels & Materials",649775.82,36,2
62,Nunavut,2017,General Government Support,"Logistics, Training & Workforce",14924.57,1,1
62,Nunavut,2017,General Government Support,Other,87343.25,3,3
62,Nunavut,2017,Industrial and Technical Support,Aerospace & Space,196792.45,1,1
62,Nunavut,2017,Industrial and Technical Support,"Resources, Fuels & Materials",1297170.2,39,3
62,Nunavut,2018,General Government Support,Other,60802.09,1,1
62,Nunavut,2018,General Government Support,Professional Services,71557.15,2,2
62,Nunavut,2018,General Government Support,Utilities & Environmental,50850,1,1
62,Nunavut,2018,Industrial and Technical Support,Aerospace & Space,15796.43,1,1
62,Nunavut,2018,Industrial and Technical Support,Civil Engineering & Infrastructure,480727.7,1,1
62,Nunavut,2018,Industrial and Technical Support,High-Tech Hardware & Telecom,11728.5,1,1
62,Nunavut,2018,Industrial and Technical Support,"Logistics, Training & Workforce",22600,1,1
62,Nunavut,2018,Industrial and Technical Support,"Resources, Fuels & Materials",1199532.64,65,3
62,Nunavut,2019,General Government Support,Civil Engineering & Infrastructure,10255.78,1,1
62,Nunavut,2019,General Government Support,"Resources, Fuels & Materials",13976.03,1,1
62,Nunavut,2019,Industrial and Technical Support,Life Sciences & Medical,16038.91,1,1
62,Nunavut,2019,Industrial and Technical Support,"Logistics, Training & Workforce",14266.09,1,1
62,Nunavut,2019,Industrial and Technical Support,"Resources, Fuels & Materials",1051292.74,53,4
62,Nunavut,2020,General Government Support,Other,106058.8,6,3
62,Nunavut,2020,General Government Support,"Resources, Fuels & Materials",145747.89,6,1
62,Nunavut,2020,General Government Support,Utilities & Environmental,26102.15,1,1
62,Nunavut,2020,Industrial and Technical Support,"Resources, Fuels & Materials",1736459.41,74,3
62,Nunavut,2020,Industrial and Technical Support,Weapons & Tactical Security,39478,1,1
62,Nunavut,2021,General Government Support,Heavy Industry & Machinery,20314.58,1,1
62,Nunavut,2021,General Government Support,Other,68614,3,1
62,Nunavut,2021,General Government Support,"Resources, Fuels & Materials",141835.75,7,3
62,Nunavut,2021,General Government Support,Utilities & Environmental,28712.37,1,1
62,Nunavut,2021,Industrial and Technical Support,Civil Engineering & Infrastructure,228897.16,1,1
62,Nunavut,2021,Industrial and Technical Support,"Resources, Fuels & Materials",1035186.99,59,4
62,Nunavut,2022,General Government Support,Heavy Industry & Machinery,591588666.07,2,2
62,Nunavut,2022,General Government Support,Other,11277,1,1
62,Nunavut,2022,General Government Support,"Resources, Fuels & Materials",92065.25,5,2
62,Nunavut,2022,Industrial and Technical Support,Aerospace & Space,779297.56,1,1
62,Nunavut,2022,Industrial and Technical Support,"Resources, Fuels & Materials",81981.01,5,3
62,Nunavut,2023,General Government Support,Other,136909.75,6,4
62,Nunavut,2023,General Government Support,Professional Services,10050,1,1
62,Nunavut,2023,General Government Support,"Resources, Fuels & Materials",62068.880000000005,3,1
62,Nunavut,2023,Industrial and Technical Support,Civil Engineering & Infrastructure,23000,1,1
62,Nunavut,2023,Industrial and Technical Support,"Resources, Fuels & Materials",324220.92,17,3
62,Nunavut,2023,Industrial and Technical Support,Software & IT Services,17594.47,1,1
62,Nunavut,2024,General Government Support,"Logistics, Training & Workforce",109988.75,3,1
62,Nunavut,2024,General Government Support,Other,108211.25,5,3
62,Nunavut,2024,General Government Support,Professional Services,47628,1,1
62,Nunavut,2024,General Government Support,Utilities & Environmental,2194843.7199999997,3,3
62,Nunavut,2024,Industrial and Technical Support,Aerospace & Space,144249.08,1,1
62,Nunavut,2024,Industrial and Technical Support,Civil Engineering & Infrastructure,2561583.13,2,2
62,Nunavut,2024,Industrial and Technical Support,"Resources, Fuels & Materials",107660.62,4,1
62,Nunavut,2024,Industrial and Technical Support,Software & IT Services,26034.75,1,1
62,Nunavut,2025,Core Defence Industrial Complex,Marine & Shipbuilding,13934.2,1,1
62,Nunavut,2025,General Government Support,Civil Engineering & Infrastructure,12529.44,1,1
62,Nunavut,2025,General Government Support,Heavy Industry & Machinery,24995.87,1,1
62,Nunavut,2025,General Government Support,"Logistics, Training & Workforce",141997.25,3,2
62,Nunavut,2025,General Government Support,Other,99630.03,4,4
62,Nunavut,2025,General Government Support,Utilities & Environmental,2377907.83,5,3
62,Nunavut,2025,Industrial and Technical Support,Civil Engineering & Infrastructure,369645.85,2,2
62,Nunavut,2025,Industrial and Technical Support,High-Tech Hardware & Telecom,20373.57,1,1
62,Nunavut,2025,Industrial and Technical Support,"Resources, Fuels & Materials",22155764.89,21,2
62,Nunavut,2025,Industrial and Technical Support,Software & IT Services,19888,1,1
62,Nunavut,2026,General Government Support,Civil Engineering & Infrastructure,14558.7,1,1
62,Nunavut,2026,General Government Support,Heavy Industry & Machinery,41475,1,1
62,Nunavut,2026,General Government Support,"Logistics, Training & Workforce",27300,1,1
62,Nunavut,2026,General Government Support,Other,319893,4,3
62,Nunavut,2026,General Government Support,Professional Services,190337.7,4,4
62,Nunavut,2026,General Government Support,Utilities & Environmental,589099.9,2,2
62,Nunavut,2026,Industrial and Technical Support,Civil Engineering & Infrastructure,112439.25,1,1
