region_uid,region_name,year,tier,object_sector,total_value,total_value_real,n_contracts,n_vendors
COUNTRY_ALBANIA,Albania,2019,ALL,ALL,305558.99,368917.5452794118,2,2
COUNTRY_ALBANIA,Albania,2023,ALL,ALL,127107.29000000001,132851.79514958628,2,1
COUNTRY_AMERICAN_SAMOA,American Samoa,2017,ALL,ALL,19449.11,24490.3670398773,1,1
COUNTRY_ANGOLA,Angola,2025,ALL,ALL,178732.26,178732.26,3,1
COUNTRY_ANTIGUA_AND_BARBUDA,Antigua and Barbuda,2018,ALL,ALL,123295.06,151761.98539730132,2,1
COUNTRY_ANTIGUA_AND_BARBUDA,Antigua and Barbuda,2019,ALL,ALL,36322.84,43854.48770588235,1,1
COUNTRY_ANTIGUA_AND_BARBUDA,Antigua and Barbuda,2023,ALL,ALL,54450.78,56911.6363844685,1,1
COUNTRY_ARGENTINA,Argentina,2016,ALL,ALL,45967.770000000004,58784.32892523364,2,2
COUNTRY_ARGENTINA,Argentina,2018,ALL,ALL,210641.42,259275.27109445276,3,1
COUNTRY_ARGENTINA,Argentina,2025,ALL,ALL,192447.88,192447.88,2,2
COUNTRY_ARMENIA,Armenia,2018,ALL,ALL,12724.49,15662.37824587706,1,1
COUNTRY_ARUBA,Aruba,2018,ALL,ALL,131401.53,161740.11413793103,3,2
COUNTRY_AUSTRALIA,Australia,2016,ALL,ALL,1765855.25,2258204.2994548283,16,5
COUNTRY_AUSTRALIA,Australia,2017,ALL,ALL,138921.56,174930.36926380364,4,3
COUNTRY_AUSTRALIA,Australia,2018,ALL,ALL,5437998.95,6693548.93245877,19,13
COUNTRY_AUSTRALIA,Australia,2019,ALL,ALL,379478.85,458164.9056617647,4,3
COUNTRY_AUSTRALIA,Australia,2020,ALL,ALL,434866.92000000004,521205.4617810219,4,3
COUNTRY_AUSTRALIA,Australia,2021,ALL,ALL,290800.29,337213.3306355932,4,1
COUNTRY_AUSTRALIA,Australia,2023,ALL,ALL,3479242.98,3636484.3877530238,19,4
COUNTRY_AUSTRALIA,Australia,2024,ALL,ALL,104565.63,106710.23272840273,3,3
COUNTRY_AUSTRALIA,Australia,2025,ALL,ALL,2010240.45,2010240.45,13,4
COUNTRY_AUSTRALIA,Australia,2026,ALL,ALL,10079.75,9863.49791418355,1,1
COUNTRY_AUSTRIA,Austria,2018,ALL,ALL,46109.26,56755.17610194902,1,1
COUNTRY_AUSTRIA,Austria,2021,ALL,ALL,403633.66,468055.41646892653,1,1
COUNTRY_AUSTRIA,Austria,2025,ALL,ALL,254145.82,254145.82,2,2
COUNTRY_BAHAMAS,Bahamas,2017,ALL,ALL,61637.6,77614.2171779141,3,2
COUNTRY_BAHAMAS,Bahamas,2018,ALL,ALL,377723.06,464933.48164917534,3,3
COUNTRY_BAHAMAS,Bahamas,2022,ALL,ALL,407406.61,442434.95609788364,2,2
COUNTRY_BAHAMAS,Bahamas,2023,ALL,ALL,591240.25,617960.8469127945,2,2
COUNTRY_BAHAMAS,Bahamas,2024,ALL,ALL,104857.20000000001,107007.7827221877,2,1
COUNTRY_BAHAMAS,Bahamas,2025,ALL,ALL,14588.9,14588.9,1,1
COUNTRY_BAHRAIN,Bahrain,2017,ALL,ALL,398171.07,501377.98845092027,11,3
COUNTRY_BAHRAIN,Bahrain,2018,ALL,ALL,49114.23,60453.94727136432,4,1
COUNTRY_BANGLADESH,Bangladesh,2021,ALL,ALL,37323.91,43280.974731638424,1,1
COUNTRY_BARBADOS,Barbados,2016,ALL,ALL,28711.49,36716.71852024922,1,1
COUNTRY_BARBADOS,Barbados,2017,ALL,ALL,762867.25,960604.3132668711,21,10
COUNTRY_BARBADOS,Barbados,2018,ALL,ALL,130842.15000000001,161051.581934033,3,2
COUNTRY_BARBADOS,Barbados,2019,ALL,ALL,125676.07,151735.37274999998,2,2
COUNTRY_BARBADOS,Barbados,2021,ALL,ALL,134091.45,155493.05148305086,2,1
COUNTRY_BARBADOS,Barbados,2023,ALL,ALL,137067.01,143261.63616804584,2,1
COUNTRY_BARBADOS,Barbados,2024,ALL,ALL,369059.99,376629.2750652579,4,3
COUNTRY_BARBADOS,Barbados,2025,ALL,ALL,392461.6,392461.6,3,1
COUNTRY_BELGIUM,Belgium,2016,ALL,ALL,168796.19,215859.302165109,5,2
COUNTRY_BELGIUM,Belgium,2017,ALL,ALL,4114059.07,5180433.276794478,9,7
COUNTRY_BELGIUM,Belgium,2018,ALL,ALL,3066494.2800000003,3774500.455592204,20,10
COUNTRY_BELGIUM,Belgium,2019,ALL,ALL,2273839.69,2745327.0374852936,19,11
COUNTRY_BELGIUM,Belgium,2020,ALL,ALL,3171267.9,3800891.8918248178,8,4
COUNTRY_BELGIUM,Belgium,2021,ALL,ALL,265972.77,308423.2262288136,3,3
COUNTRY_BELGIUM,Belgium,2022,ALL,ALL,476986.73,517997.49382275133,13,5
COUNTRY_BELGIUM,Belgium,2023,ALL,ALL,61920.2,64718.63042647995,1,1
COUNTRY_BELGIUM,Belgium,2024,ALL,ALL,139927.47,142797.33110006215,5,3
COUNTRY_BELGIUM,Belgium,2025,ALL,ALL,893764.8200000001,893764.8200000001,6,5
COUNTRY_BELGIUM,Belgium,2026,ALL,ALL,3332633.88,3261135.179356376,2,1
COUNTRY_BELIZE,Belize,2016,ALL,ALL,466490.83999999997,596556.0430529594,8,2
COUNTRY_BELIZE,Belize,2017,ALL,ALL,238890.68,300811.73049079755,8,4
COUNTRY_BELIZE,Belize,2018,ALL,ALL,658863.11,810984.4277511244,13,4
COUNTRY_BELIZE,Belize,2021,ALL,ALL,680442.5800000001,789044.2912146893,16,4
COUNTRY_BELIZE,Belize,2022,ALL,ALL,109623.34,119048.62716931218,4,2
COUNTRY_BELIZE,Belize,2024,ALL,ALL,32858.86,33532.7831696706,1,1
COUNTRY_BENIN,Benin,2019,ALL,ALL,342869.27,413964.2215735294,5,2
COUNTRY_BERMUDA,Bermuda,2017,ALL,ALL,94659.41,119195.36136503068,3,3
COUNTRY_BERMUDA,Bermuda,2018,ALL,ALL,103840.13,127815.21248875561,3,2
COUNTRY_BERMUDA,Bermuda,2019,ALL,ALL,169266.53,204364.4428382353,6,3
COUNTRY_BERMUDA,Bermuda,2021,ALL,ALL,10995.79,12750.767782485877,1,1
COUNTRY_BERMUDA,Bermuda,2023,ALL,ALL,103766.89,108456.54575429665,3,2
COUNTRY_BERMUDA,Bermuda,2024,ALL,ALL,715662.58,730340.557091361,4,3
COUNTRY_BOSNIA_AND_HERZEGOVINA,Bosnia and Herzegovina,2022,ALL,ALL,15429,16755.567460317463,1,1
COUNTRY_BOSNIA_AND_HERZEGOVINA,Bosnia and Herzegovina,2025,ALL,ALL,72395.82,72395.82,2,2
COUNTRY_BOTSWANA,Botswana,2018,ALL,ALL,18321.42,22551.552953523234,1,1
COUNTRY_BOTSWANA,Botswana,2019,ALL,ALL,68600,82824.41176470587,1,1
COUNTRY_BRAZIL,Brazil,2018,ALL,ALL,243959.71,300286.23974512744,14,2
COUNTRY_BRAZIL,Brazil,2019,ALL,ALL,103202.43,124601.7573970588,2,2
COUNTRY_BRAZIL,Brazil,2022,ALL,ALL,438084.74,475750.756005291,11,1
COUNTRY_BRAZIL,Brazil,2024,ALL,ALL,49579.2,50596.05121193287,1,1
COUNTRY_BRAZIL,Brazil,2025,ALL,ALL,724062.29,724062.29,3,1
COUNTRY_BRITISH_INDIAN_OCEAN_TERRITORY,British Indian Ocean Territory,2021,ALL,ALL,184815.22999999998,214312.57603107343,2,1
COUNTRY_BRITISH_INDIAN_OCEAN_TERRITORY,British Indian Ocean Territory,2024,ALL,ALL,49402.14,50415.35977625854,1,1
COUNTRY_BRITISH_VIRGIN_ISLANDS,British Virgin Islands,2019,ALL,ALL,57502.06,69425.28126470587,1,1
COUNTRY_BRUNEI_DARUSSALAM,Brunei Darussalam,2016,ALL,ALL,65164.65,83333.61004672897,1,1
COUNTRY_BRUNEI_DARUSSALAM,Brunei Darussalam,2021,ALL,ALL,89418.02,103689.54014124293,2,1
COUNTRY_BULGARIA,Bulgaria,2016,ALL,ALL,36994.33,47308.94848909657,1,1
COUNTRY_BULGARIA,Bulgaria,2017,ALL,ALL,92125.72,116004.9326993865,1,1
COUNTRY_BULGARIA,Bulgaria,2019,ALL,ALL,28194094.03,34040222.35092647,28,13
COUNTRY_BULGARIA,Bulgaria,2022,ALL,ALL,46467.49,50462.7107010582,2,1
COUNTRY_BURKINA_FASO,Burkina Faso,2018,ALL,ALL,72352.46,89057.52572713642,5,1
COUNTRY_BURKINA_FASO,Burkina Faso,2022,ALL,ALL,74045.36,80411.69386243387,1,1
COUNTRY_CABO_VERDE,Cabo Verde,2016,ALL,ALL,79536,101711.92523364486,1,1
COUNTRY_CABO_VERDE,Cabo Verde,2017,ALL,ALL,365331.52,460026.34650306747,8,4
COUNTRY_CABO_VERDE,Cabo Verde,2018,ALL,ALL,877612.91,1080240.178575712,25,9
COUNTRY_CABO_VERDE,Cabo Verde,2019,ALL,ALL,46586.2,56245.985588235286,1,1
COUNTRY_CABO_VERDE,Cabo Verde,2020,ALL,ALL,523385.72000000003,627298.7972554745,12,6
COUNTRY_CABO_VERDE,Cabo Verde,2021,ALL,ALL,443337.61,514096.2963418079,3,3
COUNTRY_CABO_VERDE,Cabo Verde,2022,ALL,ALL,220129.53,239056.01075396826,2,1
COUNTRY_CABO_VERDE,Cabo Verde,2023,ALL,ALL,4470855.36,4672911.840305538,19,11
COUNTRY_CABO_VERDE,Cabo Verde,2024,ALL,ALL,1274645.78,1300788.297551274,6,6
COUNTRY_CABO_VERDE,Cabo Verde,2025,ALL,ALL,300796.01,300796.01,9,8
COUNTRY_CABO_VERDE,Cabo Verde,2026,ALL,ALL,141672.34,138632.88574493444,7,7
COUNTRY_CAMBODIA,Cambodia,2021,ALL,ALL,16347.25,18956.344985875705,1,1
COUNTRY_CAMBODIA,Cambodia,2022,ALL,ALL,77126.48,83757.72497354497,1,1
COUNTRY_CAMBODIA,Cambodia,2023,ALL,ALL,107962.65000000001,112841.92953532783,3,3
COUNTRY_CAMBODIA,Cambodia,2024,ALL,ALL,101114.47,103188.29070229956,3,3
COUNTRY_CAMBODIA,Cambodia,2025,ALL,ALL,1166042.7,1166042.7,6,5
COUNTRY_CAMEROON,Cameroon,2019,ALL,ALL,31993.5,38627.44632352941,1,1
COUNTRY_CAMEROON,Cameroon,2020,ALL,ALL,30767.12,36875.628496350364,2,2
COUNTRY_CAMEROON,Cameroon,2021,ALL,ALL,333744.65,387011.8045903955,3,3
COUNTRY_CAMEROON,Cameroon,2023,ALL,ALL,1248228.85,1304641.4842138765,3,3
COUNTRY_CAMEROON,Cameroon,2024,ALL,ALL,12140.53,12389.52781852082,1,1
COUNTRY_CAMEROON,Cameroon,2025,ALL,ALL,163166.72,163166.72,5,5
COUNTRY_CANADA,Canada,2016,ALL,ALL,648369208.47,829145046.9686447,1560,762
COUNTRY_CANADA,Canada,2017,ALL,ALL,7001626924.27,8816465804.947346,12445,4122
COUNTRY_CANADA,Canada,2018,ALL,ALL,4010572528.75,4936551793.258995,16172,5037
COUNTRY_CANADA,Canada,2019,ALL,ALL,9272520539.56,11195204945.557,14315,4501
COUNTRY_CANADA,Canada,2020,ALL,ALL,3881022713.05,4651561529.071606,12543,4208
COUNTRY_CANADA,Canada,2021,ALL,ALL,3999241655.1,4637538698.922458,14700,4469
COUNTRY_CANADA,Canada,2022,ALL,ALL,13772911175.76,14957090046.691748,15270,4814
COUNTRY_CANADA,Canada,2023,ALL,ALL,9127613562.86,9540128243.294794,16354,5057
COUNTRY_CANADA,Canada,2024,ALL,ALL,23664630988.96,24149983893.02195,15122,4689
COUNTRY_CANADA,Canada,2025,ALL,ALL,16339363605.08,16339363605.08,20711,5939
COUNTRY_CANADA,Canada,2026,ALL,ALL,3101832385.67,3035285326.1443024,5552,2434
COUNTRY_CAYMAN_ISLANDS,Cayman Islands,2018,ALL,ALL,48788.84,60053.429745127425,1,1
COUNTRY_CAYMAN_ISLANDS,Cayman Islands,2019,ALL,ALL,450626.78,544065.5682058823,2,2
COUNTRY_CAYMAN_ISLANDS,Cayman Islands,2020,ALL,ALL,13797,16536.258394160584,1,1
COUNTRY_CAYMAN_ISLANDS,Cayman Islands,2021,ALL,ALL,184199.89,213599.0249858757,1,1
COUNTRY_CAYMAN_ISLANDS,Cayman Islands,2022,ALL,ALL,17870.9,19407.419179894183,1,1
COUNTRY_CAYMAN_ISLANDS,Cayman Islands,2023,ALL,ALL,14141.93,14781.062418841504,1,1
COUNTRY_CAYMAN_ISLANDS,Cayman Islands,2024,ALL,ALL,35995.6,36733.85655686761,2,2
COUNTRY_CAYMAN_ISLANDS,Cayman Islands,2025,ALL,ALL,775581.87,775581.87,4,4
COUNTRY_CAYMAN_ISLANDS,Cayman Islands,2026,ALL,ALL,403333.07,394679.9171275327,5,5
COUNTRY_CENTRAL_AFRICAN_REPUBLIC,Central African Republic,2020,ALL,ALL,21850,26188.102189781024,1,1
COUNTRY_CENTRAL_AFRICAN_REPUBLIC,Central African Republic,2021,ALL,ALL,10446.07,12113.309985875705,1,1
COUNTRY_CENTRAL_AFRICAN_REPUBLIC,Central African Republic,2024,ALL,ALL,28214.16,28792.82207582349,1,1
COUNTRY_CHAD,Chad,2017,ALL,ALL,14480.39,18233.742622699385,1,1
COUNTRY_CHAD,Chad,2018,ALL,ALL,26543.86,32672.427376311844,1,1
COUNTRY_CHILE,Chile,2017,ALL,ALL,40148,50554.460122699384,2,1
COUNTRY_CHILE,Chile,2018,ALL,ALL,276557.21,340409.9991154423,4,3
COUNTRY_CHILE,Chile,2019,ALL,ALL,32980.5,39819.103676470586,1,1
COUNTRY_CHILE,Chile,2020,ALL,ALL,96982.04000000001,116236.86837956205,2,2
COUNTRY_CHILE,Chile,2025,ALL,ALL,1940860.54,1940860.54,9,1
COUNTRY_CHINA,China,2016,ALL,ALL,166526.77000000002,212957.131105919,2,2
COUNTRY_CHINA,China,2017,ALL,ALL,1020020.51,1284412.3293098158,17,8
COUNTRY_CHINA,China,2018,ALL,ALL,1524235.86,1876158.3823988005,10,8
COUNTRY_CHINA,China,2019,ALL,ALL,18864.28,22775.843941176467,1,1
COUNTRY_CHINA,China,2020,ALL,ALL,218616.47999999998,262020.62785401457,4,4
COUNTRY_CHINA__HONG_KONG_SPECIAL_ADMINISTRATIVE_REGION,"China, Hong Kong Special Administrative Region",2016,ALL,ALL,75467.96,96509.64978193147,1,1
COUNTRY_COLOMBIA,Colombia,2018,ALL,ALL,182852.16,225069.90008995502,7,3
COUNTRY_COLOMBIA,Colombia,2019,ALL,ALL,105179.02,126988.19914705881,6,6
COUNTRY_COLOMBIA,Colombia,2020,ALL,ALL,61166.42,73310.40995620437,3,3
COUNTRY_COLOMBIA,Colombia,2021,ALL,ALL,86444.56,100241.50248587571,6,2
COUNTRY_COLOMBIA,Colombia,2022,ALL,ALL,95165.84,103348.08814814815,4,3
COUNTRY_COLOMBIA,Colombia,2023,ALL,ALL,33669,35190.641629535334,2,2
COUNTRY_COLOMBIA,Colombia,2024,ALL,ALL,2162539.49,2206892.381963953,6,6
COUNTRY_COLOMBIA,Colombia,2025,ALL,ALL,38166.81,38166.81,2,2
COUNTRY_COLOMBIA,Colombia,2026,ALL,ALL,34736,33990.76996424314,2,2
COUNTRY_COMOROS,Comoros,2021,ALL,ALL,17344.32,20112.551864406778,1,1
COUNTRY_COSTA_RICA,Costa Rica,2017,ALL,ALL,16226.72,20432.725644171776,1,1
COUNTRY_COSTA_RICA,Costa Rica,2023,ALL,ALL,14813.89,15483.391075747932,1,1
COUNTRY_CROATIA,Croatia,2017,ALL,ALL,1227692.07,1545912.867285276,12,4
COUNTRY_CROATIA,Croatia,2018,ALL,ALL,111209.2,136885.68695652173,5,2
COUNTRY_CROATIA,Croatia,2019,ALL,ALL,163221.03999999998,197065.40270588233,3,2
COUNTRY_CROATIA,Croatia,2022,ALL,ALL,318995.24,346422.0794179895,16,2
COUNTRY_CROATIA,Croatia,2023,ALL,ALL,666156.53,696262.9040483768,20,3
COUNTRY_CROATIA,Croatia,2024,ALL,ALL,473910.83999999997,483630.57755127404,5,3
COUNTRY_CROATIA,Croatia,2025,ALL,ALL,892260.51,892260.51,4,1
COUNTRY_CUBA,Cuba,2017,ALL,ALL,12508.13,15750.267990797543,1,1
COUNTRY_CYPRUS,Cyprus,2018,ALL,ALL,189629.9,233412.51559220388,5,1
COUNTRY_CYPRUS,Cyprus,2019,ALL,ALL,264986.18,319931.8437941176,12,4
COUNTRY_CZECHIA,Czechia,2017,ALL,ALL,738656.19,930117.6871012269,20,4
COUNTRY_CZECHIA,Czechia,2018,ALL,ALL,2363718.17,2909464.194257871,20,4
COUNTRY_CZECHIA,Czechia,2019,ALL,ALL,10161.23,12268.190926470586,1,1
COUNTRY_CZECHIA,Czechia,2020,ALL,ALL,27167.37,32561.183605839415,2,2
COUNTRY_CZECHIA,Czechia,2022,ALL,ALL,74390.34,80786.33484126985,3,2
COUNTRY_CZECHIA,Czechia,2023,ALL,ALL,19643.24,20530.999414385744,1,1
COUNTRY_CZECHIA,Czechia,2024,ALL,ALL,45530.57,46464.385295214415,1,1
COUNTRY_CZECHIA,Czechia,2025,ALL,ALL,18408.75,18408.75,1,1
COUNTRY_DEMOCRATIC_PEOPLE_S_REPUBLIC_OF_KOREA,Democratic People's Republic of Korea,2017,ALL,ALL,93201.51,117359.57010736194,2,1
COUNTRY_DEMOCRATIC_PEOPLE_S_REPUBLIC_OF_KOREA,Democratic People's Republic of Korea,2019,ALL,ALL,741643.17,895425.0626029411,4,3
COUNTRY_DENMARK,Denmark,2016,ALL,ALL,18277.26,23373.256168224296,1,1
COUNTRY_DENMARK,Denmark,2018,ALL,ALL,1927664.49,2372732.4532083957,16,4
COUNTRY_DENMARK,Denmark,2020,ALL,ALL,27574.7,33049.38496350365,1,1
COUNTRY_DENMARK,Denmark,2021,ALL,ALL,1372965.23,1592096.686200565,18,4
COUNTRY_DENMARK,Denmark,2022,ALL,ALL,418955.61,454976.9256746032,12,1
COUNTRY_DENMARK,Denmark,2023,ALL,ALL,3938429.57,4116423.52255888,10,7
COUNTRY_DENMARK,Denmark,2024,ALL,ALL,326517.89999999997,333214.66239900555,5,5
COUNTRY_DENMARK,Denmark,2025,ALL,ALL,982407.31,982407.31,8,4
COUNTRY_DENMARK,Denmark,2026,ALL,ALL,88228.16,86335.303170441,2,2
COUNTRY_DJIBOUTI,Djibouti,2023,ALL,ALL,894057.04,934463.1824824953,4,1
COUNTRY_DOMINICA,Dominica,2024,ALL,ALL,100243.65,102299.61050341825,1,1
COUNTRY_DOMINICAN_REPUBLIC,Dominican Republic,2022,ALL,ALL,128966.22,140054.5854761905,2,2
COUNTRY_DOMINICAN_REPUBLIC,Dominican Republic,2023,ALL,ALL,128267.68,134064.62798217696,3,2
COUNTRY_DOMINICAN_REPUBLIC,Dominican Republic,2024,ALL,ALL,192384.35,196330.08247358608,3,1
COUNTRY_ECUADOR,Ecuador,2018,ALL,ALL,135198.37,166413.58586206898,3,3
COUNTRY_ECUADOR,Ecuador,2019,ALL,ALL,53100,64110.44117647059,2,2
COUNTRY_ECUADOR,Ecuador,2021,ALL,ALL,47323.1,54876.08064971751,1,1
COUNTRY_ECUADOR,Ecuador,2022,ALL,ALL,108412.92,117734.13666666667,5,5
COUNTRY_ECUADOR,Ecuador,2023,ALL,ALL,153270.59,160197.52309357098,4,3
COUNTRY_EGYPT,Egypt,2017,ALL,ALL,43679.89,55001.824677914105,3,3
COUNTRY_EGYPT,Egypt,2018,ALL,ALL,124282.84,152977.82854572713,4,3
COUNTRY_EGYPT,Egypt,2020,ALL,ALL,88560.35,106143.13481751824,3,2
COUNTRY_EGYPT,Egypt,2021,ALL,ALL,101170.4,117317.65310734464,4,2
COUNTRY_EGYPT,Egypt,2022,ALL,ALL,37064.34,40251.08880952381,1,1
COUNTRY_EGYPT,Egypt,2023,ALL,ALL,347221.88,362914.2755951623,8,3
COUNTRY_EGYPT,Egypt,2024,ALL,ALL,24365.69,24865.421367308885,2,2
COUNTRY_EGYPT,Egypt,2025,ALL,ALL,766978.6,766978.6,4,3
COUNTRY_EL_SALVADOR,El Salvador,2019,ALL,ALL,83975.70999999999,101388.32045588235,2,2
COUNTRY_EL_SALVADOR,El Salvador,2022,ALL,ALL,49936.17,54229.62376984127,2,1
COUNTRY_ESTONIA,Estonia,2016,ALL,ALL,19540.91,24989.232258566975,1,1
COUNTRY_ESTONIA,Estonia,2018,ALL,ALL,131316.99,161636.05515742127,5,2
COUNTRY_ESTONIA,Estonia,2019,ALL,ALL,41845.79,50522.63763235294,3,3
COUNTRY_ESTONIA,Estonia,2022,ALL,ALL,69737.56,75733.51423280424,1,1
COUNTRY_ESWATINI,Eswatini,2019,ALL,ALL,26462.67,31949.78245588235,1,1
COUNTRY_ETHIOPIA,Ethiopia,2017,ALL,ALL,23844.01,30024.435904907972,1,1
COUNTRY_ETHIOPIA,Ethiopia,2021,ALL,ALL,12417.47,14399.35433615819,1,1
COUNTRY_FIJI,Fiji,2017,ALL,ALL,10355.55,13039.733972392636,1,1
COUNTRY_FIJI,Fiji,2018,ALL,ALL,1130805.48,1391891.0031184407,14,4
COUNTRY_FIJI,Fiji,2019,ALL,ALL,54202.81,65441.92207352941,1,1
COUNTRY_FIJI,Fiji,2024,ALL,ALL,125866.08,128447.54714729646,1,1
COUNTRY_FIJI,Fiji,2025,ALL,ALL,538576.9,538576.9,1,1
COUNTRY_FINLAND,Finland,2017,ALL,ALL,659237.31,830113.2385122699,5,4
COUNTRY_FINLAND,Finland,2018,ALL,ALL,233973.48,287994.3434482759,2,2
COUNTRY_FINLAND,Finland,2019,ALL,ALL,455160.93,549539.8875441176,12,7
COUNTRY_FINLAND,Finland,2020,ALL,ALL,15599.1,18696.147591240875,1,1
COUNTRY_FINLAND,Finland,2021,ALL,ALL,166434.55,192998.25642655368,2,2
COUNTRY_FINLAND,Finland,2022,ALL,ALL,443767.3,481921.8958994709,15,2
COUNTRY_FINLAND,Finland,2023,ALL,ALL,752069.46,786058.5953660089,19,3
COUNTRY_FINLAND,Finland,2024,ALL,ALL,1676980.68,1711374.9388191423,8,4
COUNTRY_FINLAND,Finland,2025,ALL,ALL,2880392.82,2880392.82,8,4
COUNTRY_FINLAND,Finland,2026,ALL,ALL,58426.21,57172.72754469606,3,3
COUNTRY_FRANCE,France,2016,ALL,ALL,659091.48,842856.861495327,18,6
COUNTRY_FRANCE,France,2017,ALL,ALL,5898496.14,7427400.814325153,69,15
COUNTRY_FRANCE,France,2018,ALL,ALL,2467802.04,3037579.4225487257,26,12
COUNTRY_FRANCE,France,2019,ALL,ALL,14344155.31,17318458.102220587,50,15
COUNTRY_FRANCE,France,2020,ALL,ALL,1573400.37,1885783.5091532848,47,15
COUNTRY_FRANCE,France,2021,ALL,ALL,2325226.09,2696342.6834604517,28,10
COUNTRY_FRANCE,France,2022,ALL,ALL,2159416.36,2345080.465026455,21,8
COUNTRY_FRANCE,France,2023,ALL,ALL,3773481.4899999998,3944020.7553023556,44,9
COUNTRY_FRANCE,France,2024,ALL,ALL,1030522.92,1051658.5672094468,12,9
COUNTRY_FRANCE,France,2025,ALL,ALL,1768748.7,1768748.7,15,6
COUNTRY_FRANCE,France,2026,ALL,ALL,53400.6,52254.93754469606,3,2
COUNTRY_GEORGIA,Georgia,2016,ALL,ALL,39005.73,49881.15939252336,1,1
COUNTRY_GEORGIA,Georgia,2017,ALL,ALL,24629.26,31013.224631901838,1,1
COUNTRY_GEORGIA,Georgia,2020,ALL,ALL,159993.4,191758.51299270074,1,1
COUNTRY_GEORGIA,Georgia,2021,ALL,ALL,80196.87,92996.6529237288,3,3
COUNTRY_GEORGIA,Georgia,2022,ALL,ALL,68995.08,74927.19666666667,2,2
COUNTRY_GEORGIA,Georgia,2023,ALL,ALL,168504.31,176119.71802673457,4,4
COUNTRY_GEORGIA,Georgia,2026,ALL,ALL,13484.75,13195.446662693681,1,1
COUNTRY_GERMANY,Germany,2016,ALL,ALL,9401041.19,12022203.76478193,49,12
COUNTRY_GERMANY,Germany,2017,ALL,ALL,89151857.54,112260237.79193251,144,50
COUNTRY_GERMANY,Germany,2018,ALL,ALL,118565747.16,145940747.25391304,130,47
COUNTRY_GERMANY,Germany,2019,ALL,ALL,31354559.11,37856019.16075,99,38
COUNTRY_GERMANY,Germany,2020,ALL,ALL,29895843.59,35831368.74071533,62,29
COUNTRY_GERMANY,Germany,2021,ALL,ALL,38050217.62,44123204.33053672,66,26
COUNTRY_GERMANY,Germany,2022,ALL,ALL,173123338.29,188008281.39694446,62,24
COUNTRY_GERMANY,Germany,2023,ALL,ALL,32190602.14,33645428.84397199,61,22
COUNTRY_GERMANY,Germany,2024,ALL,ALL,2455971518.28,2506342593.5461526,51,25
COUNTRY_GERMANY,Germany,2025,ALL,ALL,3703126.49,3703126.49,62,34
COUNTRY_GERMANY,Germany,2026,ALL,ALL,35069144.05,34316766.70446961,24,19
COUNTRY_GHANA,Ghana,2017,ALL,ALL,26655.510000000002,33564.68360429448,2,2
COUNTRY_GHANA,Ghana,2018,ALL,ALL,414250.29,509894.2849925037,7,5
COUNTRY_GHANA,Ghana,2019,ALL,ALL,105281.74,127112.21844117646,3,2
COUNTRY_GHANA,Ghana,2020,ALL,ALL,499254.44,598376.4894014598,9,3
COUNTRY_GHANA,Ghana,2021,ALL,ALL,82370.93,95517.7027259887,4,2
COUNTRY_GHANA,Ghana,2022,ALL,ALL,72478.98,78710.63833333334,1,1
COUNTRY_GHANA,Ghana,2023,ALL,ALL,537445.33,561734.7115595163,10,3
COUNTRY_GHANA,Ghana,2024,ALL,ALL,100567.73,102630.33726538222,2,2
COUNTRY_GHANA,Ghana,2025,ALL,ALL,10919.49,10919.49,1,1
COUNTRY_GIBRALTAR,Gibraltar,2018,ALL,ALL,228750.91,281565.9626836582,3,3
COUNTRY_GIBRALTAR,Gibraltar,2022,ALL,ALL,29772.3,32332.0876984127,1,1
COUNTRY_GIBRALTAR,Gibraltar,2023,ALL,ALL,36997,38669.04774029281,1,1
COUNTRY_GIBRALTAR,Gibraltar,2024,ALL,ALL,24892.94,25403.485071472962,1,1
COUNTRY_GREECE,Greece,2016,ALL,ALL,172542.72,220650.42542056073,8,3
COUNTRY_GREECE,Greece,2017,ALL,ALL,2721262.61,3426620.5564570553,19,6
COUNTRY_GREECE,Greece,2018,ALL,ALL,3269817.11,4024767.387271364,25,5
COUNTRY_GREECE,Greece,2019,ALL,ALL,2264122.65,2733595.1406617644,31,10
COUNTRY_GREECE,Greece,2020,ALL,ALL,4431832.74,5311729.459182482,18,5
COUNTRY_GREECE,Greece,2021,ALL,ALL,850446.3,986181.3733050846,21,2
COUNTRY_GREECE,Greece,2022,ALL,ALL,504005.58999999997,547339.4039550265,11,4
COUNTRY_GREECE,Greece,2023,ALL,ALL,1465738.64,1531981.4429535328,38,8
COUNTRY_GREECE,Greece,2024,ALL,ALL,18040081.64,18410077.099366065,10,6
COUNTRY_GREECE,Greece,2025,ALL,ALL,794094.51,794094.51,5,2
COUNTRY_GREENLAND,Greenland,2017,ALL,ALL,755245.37,951006.8232668712,10,6
COUNTRY_GREENLAND,Greenland,2018,ALL,ALL,834491.57,1027162.7870614692,6,3
COUNTRY_GREENLAND,Greenland,2019,ALL,ALL,648819.48,783354.1074705882,9,5
COUNTRY_GREENLAND,Greenland,2020,ALL,ALL,18177.09,21785.972102189782,1,1
COUNTRY_GREENLAND,Greenland,2021,ALL,ALL,244479.82,283499.9042655367,5,2
COUNTRY_GREENLAND,Greenland,2022,ALL,ALL,1152958.03,1252088.019351852,5,3
COUNTRY_GREENLAND,Greenland,2023,ALL,ALL,652175.94,681650.4732527053,2,1
COUNTRY_GREENLAND,Greenland,2024,ALL,ALL,1246734.49,1272304.5572280919,6,3
COUNTRY_GREENLAND,Greenland,2025,ALL,ALL,10033.82,10033.82,1,1
COUNTRY_GUAM,Guam,2017,ALL,ALL,355746.88,447957.34429447853,2,1
COUNTRY_GUAM,Guam,2018,ALL,ALL,339015.46,417288.8945427286,6,3
COUNTRY_GUAM,Guam,2019,ALL,ALL,72256.31,87238.86839705882,3,2
COUNTRY_GUAM,Guam,2021,ALL,ALL,355226.01,411921.6867372881,5,2
COUNTRY_GUAM,Guam,2022,ALL,ALL,203293.99,220772.97062169312,2,1
COUNTRY_GUAM,Guam,2025,ALL,ALL,1718122.75,1718122.75,8,4
COUNTRY_GUATEMALA,Guatemala,2017,ALL,ALL,141148.31,177734.29832822084,3,1
COUNTRY_GUATEMALA,Guatemala,2018,ALL,ALL,879504.4500000001,1082568.4459520238,14,6
COUNTRY_GUATEMALA,Guatemala,2019,ALL,ALL,703942.51,849907.059867647,10,7
COUNTRY_GUATEMALA,Guatemala,2020,ALL,ALL,84865.46,101714.66081751825,3,3
COUNTRY_GUATEMALA,Guatemala,2021,ALL,ALL,267401.59,310080.09235875704,5,2
COUNTRY_GUATEMALA,Guatemala,2023,ALL,ALL,47609.37,49761.034716740935,2,2
COUNTRY_HUNGARY,Hungary,2017,ALL,ALL,53660.03999999999,67568.85404907975,2,1
COUNTRY_HUNGARY,Hungary,2018,ALL,ALL,37509.67,46170.073568215885,1,1
COUNTRY_HUNGARY,Hungary,2021,ALL,ALL,281484,326410.1186440678,15,3
COUNTRY_HUNGARY,Hungary,2022,ALL,ALL,155641.29,169023.14694444445,7,3
COUNTRY_HUNGARY,Hungary,2023,ALL,ALL,133608.94999999998,139647.29210693826,4,4
COUNTRY_HUNGARY,Hungary,2024,ALL,ALL,184960.18,188753.64546923552,5,4
COUNTRY_HUNGARY,Hungary,2025,ALL,ALL,20734.51,20734.51,1,1
COUNTRY_ICELAND,Iceland,2016,ALL,ALL,43532.05,55669.49073208722,3,1
COUNTRY_ICELAND,Iceland,2017,ALL,ALL,1493914.6199999999,1881140.955552147,27,8
COUNTRY_ICELAND,Iceland,2018,ALL,ALL,1741633.06,2143749.2387706144,40,7
COUNTRY_ICELAND,Iceland,2019,ALL,ALL,244489.77,295185.4428970588,13,3
COUNTRY_ICELAND,Iceland,2020,ALL,ALL,789774.49,946576.432540146,15,10
COUNTRY_ICELAND,Iceland,2021,ALL,ALL,645517.68,748545.2193220339,29,5
COUNTRY_ICELAND,Iceland,2022,ALL,ALL,471708.55,512265.50205026456,19,4
COUNTRY_ICELAND,Iceland,2023,ALL,ALL,102070,106682.96626352642,4,3
COUNTRY_ICELAND,Iceland,2024,ALL,ALL,474658.87,484393.9493722809,12,6
COUNTRY_ICELAND,Iceland,2025,ALL,ALL,1608347.8599999999,1608347.8599999999,31,4
COUNTRY_ICELAND,Iceland,2026,ALL,ALL,16591.12,16235.172252681761,1,1
COUNTRY_INDIA,India,2017,ALL,ALL,451501.72000000003,568532.0738036811,2,1
COUNTRY_INDIA,India,2018,ALL,ALL,312673.77999999997,384865.3274062968,5,2
COUNTRY_INDIA,India,2021,ALL,ALL,77567.03,89947.07857344631,2,2
COUNTRY_INDIA,India,2022,ALL,ALL,64400,69937.03703703704,1,1
COUNTRY_INDIA,India,2023,ALL,ALL,121410.09,126897.1150732018,2,1
COUNTRY_INDONESIA,Indonesia,2018,ALL,ALL,98244.36,120927.4656071964,7,1
COUNTRY_INDONESIA,Indonesia,2021,ALL,ALL,67869.76,78702.0804519774,1,1
COUNTRY_INDONESIA,Indonesia,2023,ALL,ALL,908336.78,949388.2831063018,5,3
COUNTRY_INDONESIA,Indonesia,2025,ALL,ALL,1606265.69,1606265.69,5,2
COUNTRY_IRELAND,Ireland,2017,ALL,ALL,246236.82,310062.00800613494,5,4
COUNTRY_IRELAND,Ireland,2018,ALL,ALL,966982.66,1190244.023778111,12,5
COUNTRY_IRELAND,Ireland,2019,ALL,ALL,224542.09,271101.5527794117,8,5
COUNTRY_IRELAND,Ireland,2020,ALL,ALL,400062.04000000004,479490.41582481755,13,4
COUNTRY_IRELAND,Ireland,2022,ALL,ALL,629030.33,683113.625568783,2,2
COUNTRY_IRELAND,Ireland,2023,ALL,ALL,56154.3,58692.14551241248,2,1
COUNTRY_IRELAND,Ireland,2024,ALL,ALL,270179,275720.2722187694,6,4
COUNTRY_IRELAND,Ireland,2025,ALL,ALL,1410240,1410240,1,1
COUNTRY_ISRAEL,Israel,2017,ALL,ALL,1144978.39,1441759.59845092,12,10
COUNTRY_ISRAEL,Israel,2018,ALL,ALL,349587.08999999997,430301.35065967013,11,11
COUNTRY_ISRAEL,Israel,2019,ALL,ALL,588113.55,710060.6243382352,14,12
COUNTRY_ISRAEL,Israel,2020,ALL,ALL,1272171.1700000002,1524748.219810219,12,9
COUNTRY_ISRAEL,Israel,2021,ALL,ALL,2905036.14,3368693.038050847,8,5
COUNTRY_ISRAEL,Israel,2022,ALL,ALL,3616061.76,3926966.540952381,6,4
COUNTRY_ISRAEL,Israel,2023,ALL,ALL,51999218.75,54349278.92266073,10,6
COUNTRY_ISRAEL,Israel,2024,ALL,ALL,8456038.42,8629468.667271597,4,3
COUNTRY_ISRAEL,Israel,2025,ALL,ALL,538682.72,538682.72,6,6
COUNTRY_ITALY,Italy,2016,ALL,ALL,101528.43000000001,129836.2009813084,4,2
COUNTRY_ITALY,Italy,2017,ALL,ALL,2680790.12,3375657.497730061,28,10
COUNTRY_ITALY,Italy,2018,ALL,ALL,2653880.79,3266620.8824437778,28,13
COUNTRY_ITALY,Italy,2019,ALL,ALL,18782180.4,22676720.74764706,41,18
COUNTRY_ITALY,Italy,2020,ALL,ALL,1358533.1500000001,1628256.5199270074,8,4
COUNTRY_ITALY,Italy,2021,ALL,ALL,112431.76,130376.37706214689,2,2
COUNTRY_ITALY,Italy,2022,ALL,ALL,42700,46371.2962962963,2,2
COUNTRY_ITALY,Italy,2023,ALL,ALL,1141947.74,1193557.0904392106,13,10
COUNTRY_ITALY,Italy,2024,ALL,ALL,398583.63,406758.4340957116,6,3
COUNTRY_ITALY,Italy,2025,ALL,ALL,639529.34,639529.34,6,5
COUNTRY_IVORY_COAST,Ivory Coast,2017,ALL,ALL,58198,73283.0644171779,2,1
COUNTRY_IVORY_COAST,Ivory Coast,2018,ALL,ALL,130476.94,160602.05058470764,3,2
COUNTRY_IVORY_COAST,Ivory Coast,2019,ALL,ALL,175725.68,212162.9165882353,4,3
COUNTRY_IVORY_COAST,Ivory Coast,2022,ALL,ALL,1119042.78,1215256.7756349207,22,3
COUNTRY_IVORY_COAST,Ivory Coast,2023,ALL,ALL,310661.47,324701.54916613625,2,1
COUNTRY_IVORY_COAST,Ivory Coast,2025,ALL,ALL,130831.84,130831.84,4,1
COUNTRY_JAMAICA,Jamaica,2016,ALL,ALL,93931.19,120120.72739875388,3,1
COUNTRY_JAMAICA,Jamaica,2017,ALL,ALL,132147.01,166399.8392791411,7,5
COUNTRY_JAMAICA,Jamaica,2018,ALL,ALL,1784546.36,2196570.557061469,21,6
COUNTRY_JAMAICA,Jamaica,2019,ALL,ALL,736332.66,889013.4027352941,22,7
COUNTRY_JAMAICA,Jamaica,2020,ALL,ALL,406139.82,486774.87915328465,11,4
COUNTRY_JAMAICA,Jamaica,2021,ALL,ALL,31350294.87,36353943.6275,19,6
COUNTRY_JAMAICA,Jamaica,2022,ALL,ALL,327455.18,355609.3952116402,6,6
COUNTRY_JAMAICA,Jamaica,2023,ALL,ALL,507552.31,530490.7021133036,6,2
COUNTRY_JAMAICA,Jamaica,2024,ALL,ALL,356584.52,363897.9377501554,3,2
COUNTRY_JAMAICA,Jamaica,2025,ALL,ALL,212114.65,212114.65,3,3
COUNTRY_JAMAICA,Jamaica,2026,ALL,ALL,63484.55,62122.54535160906,1,1
COUNTRY_JAPAN,Japan,2016,ALL,ALL,279500,357429.12772585667,2,1
COUNTRY_JAPAN,Japan,2017,ALL,ALL,3116959.67,3924883.2654447854,23,6
COUNTRY_JAPAN,Japan,2018,ALL,ALL,787496.09,969316.7764467765,4,4
COUNTRY_JAPAN,Japan,2019,ALL,ALL,8209010.49,9911172.95925,14,11
COUNTRY_JAPAN,Japan,2020,ALL,ALL,1237006.52,1482601.9750656935,7,3
COUNTRY_JAPAN,Japan,2021,ALL,ALL,834119.98,967249.298841808,4,4
COUNTRY_JAPAN,Japan,2022,ALL,ALL,1803009.75,1958030.4295634923,8,6
COUNTRY_JAPAN,Japan,2023,ALL,ALL,1780506.45,1860974.9146403566,12,9
COUNTRY_JAPAN,Japan,2024,ALL,ALL,3054363.79,3117007.6713362336,10,2
COUNTRY_JAPAN,Japan,2025,ALL,ALL,4533952.93,4533952.93,3,3
COUNTRY_JORDAN,Jordan,2020,ALL,ALL,133093.38,159517.75909489053,1,1
COUNTRY_KENYA,Kenya,2017,ALL,ALL,12271.61,15452.441426380368,1,1
COUNTRY_KENYA,Kenya,2019,ALL,ALL,33185.74,40066.900794117646,3,2
COUNTRY_KIRIBATI,Kiribati,2018,ALL,ALL,72178.35,88843.2164167916,3,2
COUNTRY_KIRIBATI,Kiribati,2025,ALL,ALL,74113.91,74113.91,1,1
COUNTRY_KOSOVO,Kosovo,2022,ALL,ALL,67457.69,73257.62366402117,3,1
COUNTRY_KOSOVO,Kosovo,2024,ALL,ALL,129121.04,131769.26518334367,1,1
COUNTRY_KOSOVO,Kosovo,2025,ALL,ALL,20308.39,20308.39,1,1
COUNTRY_LATVIA,Latvia,2016,ALL,ALL,83450,106717.21183800622,1,1
COUNTRY_LATVIA,Latvia,2017,ALL,ALL,1948596.9,2453677.9983128835,28,14
COUNTRY_LATVIA,Latvia,2018,ALL,ALL,74283.2,91434.04377811094,2,2
COUNTRY_LATVIA,Latvia,2019,ALL,ALL,246292.87,297362.4209852941,11,2
COUNTRY_LIBERIA,Liberia,2016,ALL,ALL,115601.53,147833.10923676012,3,2
COUNTRY_LIBERIA,Liberia,2017,ALL,ALL,142564.16,179517.14012269938,1,1
COUNTRY_LIBERIA,Liberia,2018,ALL,ALL,124770.1,153577.58935532236,2,1
COUNTRY_LITHUANIA,Lithuania,2016,ALL,ALL,92682.51,118523.89518691586,1,1
COUNTRY_LITHUANIA,Lithuania,2018,ALL,ALL,202115.11,248780.3677811094,4,2
COUNTRY_LITHUANIA,Lithuania,2019,ALL,ALL,16544.52,19975.07488235294,1,1
COUNTRY_LITHUANIA,Lithuania,2021,ALL,ALL,91043.35,105574.28015536722,3,2
COUNTRY_LITHUANIA,Lithuania,2023,ALL,ALL,444350.98,464433.0421133036,4,3
COUNTRY_LUXEMBOURG,Luxembourg,2019,ALL,ALL,1483879.9,1791566.761617647,2,1
COUNTRY_LUXEMBOURG,Luxembourg,2021,ALL,ALL,15177.71,17600.141115819206,1,1
COUNTRY_LUXEMBOURG,Luxembourg,2023,ALL,ALL,11000,11497.135582431572,1,1
COUNTRY_LUXEMBOURG,Luxembourg,2024,ALL,ALL,10658.19,10876.785568676196,2,2
COUNTRY_MADAGASCAR,Madagascar,2016,ALL,ALL,98709.09,126230.783317757,2,2
COUNTRY_MALAYSIA,Malaysia,2017,ALL,ALL,1000769.45,1260171.3473159508,6,1
COUNTRY_MALAYSIA,Malaysia,2018,ALL,ALL,614080.4,755862.0815592204,2,2
COUNTRY_MALAYSIA,Malaysia,2021,ALL,ALL,89764.83,104091.70258474576,4,1
COUNTRY_MALAYSIA,Malaysia,2022,ALL,ALL,178652.64,194012.98603174606,5,2
COUNTRY_MALAYSIA,Malaysia,2023,ALL,ALL,307103.68,320982.96789306175,4,3
COUNTRY_MALAYSIA,Malaysia,2024,ALL,ALL,28596,29182.49347420758,2,2
COUNTRY_MALAYSIA,Malaysia,2025,ALL,ALL,436523.72000000003,436523.72000000003,3,2
COUNTRY_MALDIVES,Maldives,2022,ALL,ALL,39464.19,42857.27511904763,1,1
COUNTRY_MALDIVES,Maldives,2023,ALL,ALL,41181.44,43042.59992361553,1,1
COUNTRY_MALI,Mali,2018,ALL,ALL,609660.31,750421.4610344827,4,3
COUNTRY_MALI,Mali,2019,ALL,ALL,241783,291917.4161764706,2,1
COUNTRY_MALI,Mali,2020,ALL,ALL,171219.84,205213.8520291971,1,1
COUNTRY_MALI,Mali,2021,ALL,ALL,231996.3,269023.9580508474,1,1
COUNTRY_MALTA,Malta,2023,ALL,ALL,548078.14,572848.0623042649,3,2
COUNTRY_MALTA,Malta,2024,ALL,ALL,27066.79,27621.919937849594,1,1
COUNTRY_MARSHALL_ISLANDS,Marshall Islands,2018,ALL,ALL,24123.52,29693.26824587706,1,1
COUNTRY_MEXICO,Mexico,2016,ALL,ALL,510263.58999999997,652533.3448442366,9,4
COUNTRY_MEXICO,Mexico,2017,ALL,ALL,150010.26,188893.2875153374,5,4
COUNTRY_MEXICO,Mexico,2018,ALL,ALL,499250.93,614520.2601649174,7,5
COUNTRY_MEXICO,Mexico,2019,ALL,ALL,368109.76,444438.4014117647,7,5
COUNTRY_MEXICO,Mexico,2020,ALL,ALL,21234.65,25450.58051094891,1,1
COUNTRY_MEXICO,Mexico,2021,ALL,ALL,3169671.38,3675565.2584463274,2,2
COUNTRY_MEXICO,Mexico,2022,ALL,ALL,1053796.0999999999,1144400.262037037,5,3
COUNTRY_MEXICO,Mexico,2023,ALL,ALL,70999.64,74208.40794398473,1,1
COUNTRY_MEXICO,Mexico,2024,ALL,ALL,141203.43,144099.46057178368,4,3
COUNTRY_MEXICO,Mexico,2025,ALL,ALL,732822.88,732822.88,8,4
COUNTRY_MEXICO,Mexico,2026,ALL,ALL,161001.38,157547.23835518473,2,2
COUNTRY_MONGOLIA,Mongolia,2018,ALL,ALL,25000,30772.113943028486,1,1
COUNTRY_MONGOLIA,Mongolia,2019,ALL,ALL,12935,15617.110294117647,1,1
COUNTRY_MONGOLIA,Mongolia,2023,ALL,ALL,52478.08,54849.78189688097,1,1
COUNTRY_MONTENEGRO,Montenegro,2018,ALL,ALL,45620.66,56153.76590704648,1,1
COUNTRY_MOROCCO,Morocco,2018,ALL,ALL,27181.58,33457.38707646177,1,1
COUNTRY_MOROCCO,Morocco,2019,ALL,ALL,285847.19,345118.4455735294,6,2
COUNTRY_MOROCCO,Morocco,2022,ALL,ALL,25691.84,27900.794497354498,1,1
COUNTRY_MOROCCO,Morocco,2024,ALL,ALL,141480.65,144382.36625233063,3,1
COUNTRY_MOROCCO,Morocco,2025,ALL,ALL,29488.39,29488.39,1,1
COUNTRY_NAMIBIA,Namibia,2022,ALL,ALL,35518.01,38571.80715608466,1,1
COUNTRY_NEPAL,Nepal,2021,ALL,ALL,20152.37,23368.77933615819,1,1
COUNTRY_NETHERLANDS,Netherlands,2016,ALL,ALL,252211.38999999998,322532.0111993769,5,4
COUNTRY_NETHERLANDS,Netherlands,2017,ALL,ALL,2896841.25,3647709.6108128834,15,12
COUNTRY_NETHERLANDS,Netherlands,2018,ALL,ALL,1061546.25,1306640.8864317841,7,7
COUNTRY_NETHERLANDS,Netherlands,2019,ALL,ALL,828955.89,1000842.3318970588,4,4
COUNTRY_NETHERLANDS,Netherlands,2020,ALL,ALL,522934,626757.3927007299,2,2
COUNTRY_NETHERLANDS,Netherlands,2021,ALL,ALL,495500.18,574584.2482768361,12,6
COUNTRY_NETHERLANDS,Netherlands,2022,ALL,ALL,1362326.61,1479457.8661507936,13,6
COUNTRY_NETHERLANDS,Netherlands,2023,ALL,ALL,1127887.32,1178861.221795035,5,4
COUNTRY_NETHERLANDS,Netherlands,2024,ALL,ALL,241904.84,246866.21956494715,2,2
COUNTRY_NETHERLANDS,Netherlands,2025,ALL,ALL,11274884.67,11274884.67,7,5
COUNTRY_NETHERLANDS,Netherlands,2026,ALL,ALL,14532.49,14220.70833134684,1,1
COUNTRY_NEW_CALEDONIA,New Caledonia,2016,ALL,ALL,173690.26,222117.91816199373,3,1
COUNTRY_NEW_CALEDONIA,New Caledonia,2023,ALL,ALL,485640.25,507588.3453214513,3,1
COUNTRY_NEW_CALEDONIA,New Caledonia,2025,ALL,ALL,291815.1,291815.1,1,1
COUNTRY_NEW_ZEALAND,New Zealand,2016,ALL,ALL,92229.88,117945.06461059189,3,1
COUNTRY_NEW_ZEALAND,New Zealand,2017,ALL,ALL,47423,59715.15797546012,1,1
COUNTRY_NEW_ZEALAND,New Zealand,2018,ALL,ALL,78808.64,97004.33799100449,2,2
COUNTRY_NEW_ZEALAND,New Zealand,2020,ALL,ALL,101710.73,121904.39318248176,3,1
COUNTRY_NEW_ZEALAND,New Zealand,2021,ALL,ALL,289948.16,336225.19683615817,3,2
COUNTRY_NIGER,Niger,2017,ALL,ALL,97065.59,122225.22912576687,5,4
COUNTRY_NIGER,Niger,2018,ALL,ALL,212183.14,261172.9504347826,11,2
COUNTRY_NIGER,Niger,2019,ALL,ALL,85134.89,102787.8598382353,3,3
COUNTRY_NIGER,Niger,2020,ALL,ALL,44193.880000000005,52968.139386861316,2,2
COUNTRY_NIGER,Niger,2021,ALL,ALL,79004.38,91613.83612994349,4,2
COUNTRY_NIGERIA,Nigeria,2018,ALL,ALL,151177.61,186082.1856221889,6,4
COUNTRY_NIGERIA,Nigeria,2022,ALL,ALL,156424.85,169874.07652116404,3,3
COUNTRY_NORTHERN_MARIANA_ISLANDS,Northern Mariana Islands,2023,ALL,ALL,41353.25,43222.17472947168,3,1
COUNTRY_NORTH_MACEDONIA,North Macedonia,2018,ALL,ALL,90067.09,110862.19023988006,3,3
COUNTRY_NORTH_MACEDONIA,North Macedonia,2021,ALL,ALL,10934.42,12679.602853107344,1,1
COUNTRY_NORTH_MACEDONIA,North Macedonia,2022,ALL,ALL,118977.84,129207.4161904762,6,2
COUNTRY_NORTH_MACEDONIA,North Macedonia,2023,ALL,ALL,325084.18,339776.08119669004,11,4
COUNTRY_NORTH_MACEDONIA,North Macedonia,2024,ALL,ALL,242040.51,247004.67210689868,4,4
COUNTRY_NORWAY,Norway,2017,ALL,ALL,4406506.56,5548683.873865031,11,9
COUNTRY_NORWAY,Norway,2018,ALL,ALL,2760013.13,3397257.5408245875,29,14
COUNTRY_NORWAY,Norway,2019,ALL,ALL,25946971.79,31327152.70527941,8,4
COUNTRY_NORWAY,Norway,2020,ALL,ALL,339653.56,407088.4273868613,3,3
COUNTRY_NORWAY,Norway,2021,ALL,ALL,1429528.6400000001,1657687.8720903955,10,7
COUNTRY_NORWAY,Norway,2022,ALL,ALL,273895.43,297444.64025132277,3,3
COUNTRY_NORWAY,Norway,2023,ALL,ALL,41958637.03,43854921.70799491,5,5
COUNTRY_NORWAY,Norway,2024,ALL,ALL,300257.21,306415.3752765693,4,3
COUNTRY_NORWAY,Norway,2025,ALL,ALL,9412604.24,9412604.24,11,10
COUNTRY_NORWAY,Norway,2026,ALL,ALL,485201.66000000003,474792.0892252681,4,4
COUNTRY_OMAN,Oman,2021,ALL,ALL,541012.52,627360.5634463276,6,1
COUNTRY_OMAN,Oman,2023,ALL,ALL,635676.29,664405.1356970083,4,3
COUNTRY_OMAN,Oman,2025,ALL,ALL,236295.58,236295.58,3,2
COUNTRY_PAKISTAN,Pakistan,2021,ALL,ALL,35025.46,40615.68172316384,1,1
COUNTRY_PAKISTAN,Pakistan,2022,ALL,ALL,182450.06,198136.9037830688,1,1
COUNTRY_PANAMA,Panama,2017,ALL,ALL,212162.62,267155.6917484662,4,4
COUNTRY_PANAMA,Panama,2018,ALL,ALL,20317.38,25008.349295352324,1,1
COUNTRY_PANAMA,Panama,2019,ALL,ALL,82540.70000000001,99655.7569117647,4,3
COUNTRY_PANAMA,Panama,2021,ALL,ALL,67456,78222.28248587571,1,1
COUNTRY_PANAMA,Panama,2024,ALL,ALL,427501.84,436269.74597886886,1,1
COUNTRY_PANAMA,Panama,2025,ALL,ALL,868974.11,868974.11,13,4
COUNTRY_PAPUA_NEW_GUINEA,Papua New Guinea,2018,ALL,ALL,42013.38,51713.62065967016,1,1
COUNTRY_PERU,Peru,2016,ALL,ALL,67392.03,86182.0196728972,3,2
COUNTRY_PERU,Peru,2018,ALL,ALL,47551.86,58530.85016491753,2,2
COUNTRY_PERU,Peru,2019,ALL,ALL,45439.96,54862.06935294117,1,1
COUNTRY_PERU,Peru,2022,ALL,ALL,61938.630000000005,67264.04130952382,3,3
COUNTRY_PERU,Peru,2024,ALL,ALL,94278.19,96211.80110627718,3,3
COUNTRY_PERU,Peru,2025,ALL,ALL,314348.93,314348.93,5,3
COUNTRY_PERU,Peru,2026,ALL,ALL,43174.47,42248.200083432654,2,2
COUNTRY_PHILIPPINES,Philippines,2017,ALL,ALL,42670.979999999996,53731.40273006135,2,2
COUNTRY_PHILIPPINES,Philippines,2019,ALL,ALL,30354,36647.99117647058,1,1
COUNTRY_PHILIPPINES,Philippines,2021,ALL,ALL,206363.81,239300.4067937853,1,1
COUNTRY_PHILIPPINES,Philippines,2022,ALL,ALL,271324.62,294652.79500000004,2,2
COUNTRY_PHILIPPINES,Philippines,2023,ALL,ALL,237887.15,248638.25607893063,3,3
COUNTRY_PHILIPPINES,Philippines,2024,ALL,ALL,184012.29,187786.31459291483,6,5
COUNTRY_PHILIPPINES,Philippines,2025,ALL,ALL,998527.72,998527.72,8,3
COUNTRY_POLAND,Poland,2016,ALL,ALL,645908.1799999999,825997.843894081,10,9
COUNTRY_POLAND,Poland,2017,ALL,ALL,636704.44,801739.7933128834,21,15
COUNTRY_POLAND,Poland,2018,ALL,ALL,476159.88,586097.8432983508,5,3
COUNTRY_POLAND,Poland,2021,ALL,ALL,661300.45,766846.9907485875,16,2
COUNTRY_POLAND,Poland,2022,ALL,ALL,6375152.0200000005,6923280.169867725,77,8
COUNTRY_POLAND,Poland,2023,ALL,ALL,2121747.09,2217637.6332145133,66,4
COUNTRY_POLAND,Poland,2024,ALL,ALL,1239142.39,1264556.7460410192,22,6
COUNTRY_POLAND,Poland,2025,ALL,ALL,3624178.75,3624178.75,18,6
COUNTRY_PORTUGAL,Portugal,2016,ALL,ALL,45916.32,58718.5338317757,1,1
COUNTRY_PORTUGAL,Portugal,2017,ALL,ALL,507216.43,638688.1733588957,10,6
COUNTRY_PORTUGAL,Portugal,2018,ALL,ALL,1344947.52,1655475.1333133432,23,10
COUNTRY_PORTUGAL,Portugal,2019,ALL,ALL,744095.35,898385.7093382352,19,8
COUNTRY_PORTUGAL,Portugal,2020,ALL,ALL,413659.27,495787.24185401463,5,3
COUNTRY_PORTUGAL,Portugal,2021,ALL,ALL,502395.41,582579.9881497175,24,4
COUNTRY_PORTUGAL,Portugal,2022,ALL,ALL,1005546.4199999999,1092002.1307142857,24,5
COUNTRY_PORTUGAL,Portugal,2023,ALL,ALL,9960583.4,10410743.439083386,19,8
COUNTRY_PORTUGAL,Portugal,2024,ALL,ALL,1126930.69,1150043.6252206338,12,3
COUNTRY_PORTUGAL,Portugal,2025,ALL,ALL,485582.64,485582.64,10,5
COUNTRY_PUERTO_RICO,Puerto Rico,2016,ALL,ALL,41477.94,53042.66158878504,1,1
COUNTRY_PUERTO_RICO,Puerto Rico,2018,ALL,ALL,41272.16,50801.2644077961,1,1
COUNTRY_PUERTO_RICO,Puerto Rico,2021,ALL,ALL,97781.81,113388.2288276836,2,1
COUNTRY_PUERTO_RICO,Puerto Rico,2022,ALL,ALL,53598.48,58206.814920634926,1,1
COUNTRY_PUERTO_RICO,Puerto Rico,2023,ALL,ALL,162921.02,170284.0960152769,4,1
COUNTRY_PUERTO_RICO,Puerto Rico,2024,ALL,ALL,89852.71,91695.55613424488,1,1
COUNTRY_PUERTO_RICO,Puerto Rico,2025,ALL,ALL,147393.35,147393.35,2,1
COUNTRY_REPUBLIC_OF_KOREA,Republic of Korea,2017,ALL,ALL,1441066.64,1814594.6494478527,7,3
COUNTRY_REPUBLIC_OF_KOREA,Republic of Korea,2019,ALL,ALL,640514.13,773326.6187205882,4,2
COUNTRY_REPUBLIC_OF_KOREA,Republic of Korea,2021,ALL,ALL,399000,462682.2033898305,1,1
COUNTRY_REPUBLIC_OF_KOREA,Republic of Korea,2022,ALL,ALL,91825.53,99720.58218253969,1,1
COUNTRY_REPUBLIC_OF_KOREA,Republic of Korea,2024,ALL,ALL,1090694.83,1113064.5810192665,5,2
COUNTRY_REPUBLIC_OF_KOREA,Republic of Korea,2025,ALL,ALL,2938832.91,2938832.91,4,3
COUNTRY_REPUBLIC_OF_KOREA,Republic of Korea,2026,ALL,ALL,23000,22506.55542312276,1,1
COUNTRY_ROMANIA,Romania,2016,ALL,ALL,2044054.79,2613970.3778660432,8,4
COUNTRY_ROMANIA,Romania,2017,ALL,ALL,4562623.08,5745266.178957055,33,8
COUNTRY_ROMANIA,Romania,2018,ALL,ALL,1074969.6,1323163.48065967,29,3
COUNTRY_ROMANIA,Romania,2019,ALL,ALL,7231053.56,8730433.783470588,47,8
COUNTRY_ROMANIA,Romania,2020,ALL,ALL,990002.15,1186557.3213868614,9,6
COUNTRY_ROMANIA,Romania,2022,ALL,ALL,793299.56,861506.5327513228,1,1
COUNTRY_RWANDA,Rwanda,2021,ALL,ALL,16603.34,19253.308107344634,1,1
COUNTRY_RWANDA,Rwanda,2022,ALL,ALL,137767.81,149612.92593915344,3,2
COUNTRY_SAINT_LUCIA,Saint Lucia,2018,ALL,ALL,53552.520000000004,65916.96989505248,2,1
COUNTRY_SAINT_VINCENT_AND_THE_GRENADINES,Saint Vincent and the Grenadines,2019,ALL,ALL,105215.96,127032.79876470588,3,1
COUNTRY_SAINT_VINCENT_AND_THE_GRENADINES,Saint Vincent and the Grenadines,2025,ALL,ALL,324341.75,324341.75,1,1
COUNTRY_SAMOA,Samoa,2021,ALL,ALL,20445.11,23708.241963276836,1,1
COUNTRY_SAUDI_ARABIA,Saudi Arabia,2017,ALL,ALL,10398.22,13093.464141104294,1,1
COUNTRY_SENEGAL,Senegal,2017,ALL,ALL,868089.55,1093100.4916411042,19,8
COUNTRY_SENEGAL,Senegal,2018,ALL,ALL,10569255.81,13009533.763133433,185,11
COUNTRY_SENEGAL,Senegal,2019,ALL,ALL,1467043.17,1771238.8861323528,39,13
COUNTRY_SENEGAL,Senegal,2020,ALL,ALL,293415.16,351669.8487007299,9,4
COUNTRY_SENEGAL,Senegal,2021,ALL,ALL,2463695.57,2856912.5183192086,34,4
COUNTRY_SENEGAL,Senegal,2022,ALL,ALL,1061669.55,1152950.6621031747,16,3
COUNTRY_SENEGAL,Senegal,2023,ALL,ALL,992295.86,1037141.821845958,14,4
COUNTRY_SENEGAL,Senegal,2024,ALL,ALL,308592.86,314921.98640149157,5,3
COUNTRY_SENEGAL,Senegal,2025,ALL,ALL,304712.01,304712.01,2,1
COUNTRY_SEYCHELLES,Seychelles,2019,ALL,ALL,71041.73,85772.4416617647,1,1
COUNTRY_SIERRA_LEONE,Sierra Leone,2017,ALL,ALL,68980.72,86860.69190184049,2,1
COUNTRY_SIERRA_LEONE,Sierra Leone,2020,ALL,ALL,43517.14,52157.03932846715,1,1
COUNTRY_SIERRA_LEONE,Sierra Leone,2022,ALL,ALL,32877.59,35704.36691798941,1,1
COUNTRY_SINGAPORE,Singapore,2016,ALL,ALL,282643.71,361449.355,2,1
COUNTRY_SINGAPORE,Singapore,2017,ALL,ALL,1267395.03,1595906.9319478527,7,2
COUNTRY_SINGAPORE,Singapore,2018,ALL,ALL,670995,825917.3838080958,6,3
COUNTRY_SINGAPORE,Singapore,2019,ALL,ALL,314738.41,380000.34501470585,7,3
COUNTRY_SINGAPORE,Singapore,2021,ALL,ALL,183274.21000000002,212525.6022740113,3,1
COUNTRY_SINGAPORE,Singapore,2023,ALL,ALL,1743089.56,1821867.0003309993,14,6
COUNTRY_SINGAPORE,Singapore,2025,ALL,ALL,1278054.15,1278054.15,10,4
COUNTRY_SINGAPORE,Singapore,2026,ALL,ALL,258832.17,253279.15562574493,1,1
COUNTRY_SLOVENIA,Slovenia,2019,ALL,ALL,59250.94,71536.79667647059,1,1
COUNTRY_SLOVENIA,Slovenia,2022,ALL,ALL,84656.35,91935.00443121695,2,1
COUNTRY_SLOVENIA,Slovenia,2025,ALL,ALL,310570.33,310570.33,3,2
COUNTRY_SOUTH_AFRICA,South Africa,2017,ALL,ALL,103636.11,130498.84403374232,2,2
COUNTRY_SOUTH_AFRICA,South Africa,2020,ALL,ALL,512346.1,614067.369489051,12,3
COUNTRY_SOUTH_AFRICA,South Africa,2022,ALL,ALL,280973.2,305130.9486772487,1,1
COUNTRY_SOUTH_AFRICA,South Africa,2023,ALL,ALL,95377.51,99688.0149077021,1,1
COUNTRY_SOUTH_AFRICA,South Africa,2025,ALL,ALL,126713.24,126713.24,1,1
COUNTRY_SPAIN,Spain,2016,ALL,ALL,2900107500,3708704450.934579,1,1
COUNTRY_SPAIN,Spain,2017,ALL,ALL,517763.99000000005,651969.6867944786,7,4
COUNTRY_SPAIN,Spain,2018,ALL,ALL,1763674.12,2170879.2391604194,28,10
COUNTRY_SPAIN,Spain,2019,ALL,ALL,563668.9,680547.3042647059,18,10
COUNTRY_SPAIN,Spain,2020,ALL,ALL,94087.09,112767.15458394162,2,2
COUNTRY_SPAIN,Spain,2021,ALL,ALL,410341.56,475833.9276271186,11,2
COUNTRY_SPAIN,Spain,2022,ALL,ALL,2880387.92,3128040.3205291005,28,8
COUNTRY_SPAIN,Spain,2023,ALL,ALL,3922396577.94,4099665933.1492558,7,5
COUNTRY_SPAIN,Spain,2024,ALL,ALL,13537994.9,13815654.211187072,8,4
COUNTRY_SPAIN,Spain,2025,ALL,ALL,1926517.3599999999,1926517.3599999999,14,8
COUNTRY_SPAIN,Spain,2026,ALL,ALL,399141870.05,390578635.65083426,2,2
COUNTRY_SRI_LANKA,Sri Lanka,2017,ALL,ALL,349404.85,439971.4445552147,2,1
COUNTRY_SRI_LANKA,Sri Lanka,2021,ALL,ALL,50302.48,58330.98316384181,1,1
COUNTRY_SWEDEN,Sweden,2017,ALL,ALL,4706359.07,5926258.8902914105,12,9
COUNTRY_SWEDEN,Sweden,2018,ALL,ALL,93274562.78,114810218.95409295,17,10
COUNTRY_SWEDEN,Sweden,2019,ALL,ALL,5523774.16,6669144.978470588,5,4
COUNTRY_SWEDEN,Sweden,2021,ALL,ALL,22593364.25,26199367.301200565,5,5
COUNTRY_SWEDEN,Sweden,2022,ALL,ALL,341631.05,371004.09001322754,4,4
COUNTRY_SWEDEN,Sweden,2023,ALL,ALL,2748305.65,2872512.9709102483,4,4
COUNTRY_SWEDEN,Sweden,2024,ALL,ALL,259333560.69,264652396.92540705,9,8
COUNTRY_SWEDEN,Sweden,2025,ALL,ALL,8104054.52,8104054.52,5,4
COUNTRY_SWEDEN,Sweden,2026,ALL,ALL,222004.25,217241.34594755658,3,3
COUNTRY_SWITZERLAND,Switzerland,2017,ALL,ALL,110421.13,139042.55786809817,2,2
COUNTRY_SWITZERLAND,Switzerland,2018,ALL,ALL,88591.86,109046.3524137931,4,3
COUNTRY_SWITZERLAND,Switzerland,2019,ALL,ALL,12917.17,15595.583191176469,1,1
COUNTRY_SWITZERLAND,Switzerland,2021,ALL,ALL,1411676.25,1636986.159957627,3,3
COUNTRY_SWITZERLAND,Switzerland,2022,ALL,ALL,3086898.99,3352306.9719444443,4,4
COUNTRY_SWITZERLAND,Switzerland,2023,ALL,ALL,3614532.34,3777888.0345512414,6,5
COUNTRY_SWITZERLAND,Switzerland,2024,ALL,ALL,14545.91,14844.24128029832,1,1
COUNTRY_SWITZERLAND,Switzerland,2025,ALL,ALL,298965.12,298965.12,7,4
COUNTRY_SWITZERLAND,Switzerland,2026,ALL,ALL,511418.78,500446.74419547076,5,2
COUNTRY_TAIWAN,Taiwan,2017,ALL,ALL,167687.92,211153.04036809815,3,3
COUNTRY_THAILAND,Thailand,2019,ALL,ALL,981571.63,1185103.3944558823,2,2
COUNTRY_THAILAND,Thailand,2022,ALL,ALL,252171.19,273852.5753835979,2,2
COUNTRY_THAILAND,Thailand,2023,ALL,ALL,185593.66999999998,193981.41702100576,2,2
COUNTRY_THAILAND,Thailand,2025,ALL,ALL,1229734.15,1229734.15,2,2
COUNTRY_THAILAND,Thailand,2026,ALL,ALL,56940,55718.40286054827,2,2
COUNTRY_TOGO,Togo,2019,ALL,ALL,46625.08,56292.92747058823,2,1
COUNTRY_TRINIDAD_AND_TOBAGO,Trinidad and Tobago,2016,ALL,ALL,18075.44,23115.16548286604,1,1
COUNTRY_TRINIDAD_AND_TOBAGO,Trinidad and Tobago,2017,ALL,ALL,85849.68,108102.12773006134,3,2
COUNTRY_TRINIDAD_AND_TOBAGO,Trinidad and Tobago,2018,ALL,ALL,89971.72,110744.80077961019,1,1
COUNTRY_TRINIDAD_AND_TOBAGO,Trinidad and Tobago,2023,ALL,ALL,90138.88,94212.62950986632,2,2
COUNTRY_TUNISIA,Tunisia,2017,ALL,ALL,30649.36,38593.749325153374,1,1
COUNTRY_TUNISIA,Tunisia,2018,ALL,ALL,193497.57,238173.17086956522,3,3
COUNTRY_TUNISIA,Tunisia,2020,ALL,ALL,236080.6,282952.0767883212,2,2
COUNTRY_TUNISIA,Tunisia,2021,ALL,ALL,141889.13,164535.27645480225,3,1
COUNTRY_TUNISIA,Tunisia,2022,ALL,ALL,152193.18,165278.57246031746,5,5
COUNTRY_TUNISIA,Tunisia,2023,ALL,ALL,35166,36755.29726288988,1,1
COUNTRY_TUNISIA,Tunisia,2025,ALL,ALL,59226.12,59226.12,1,1
COUNTRY_TURKEY,Turkey,2017,ALL,ALL,500062.72,629680.2041717791,2,1
COUNTRY_TURKEY,Turkey,2018,ALL,ALL,466939.24,574748.2999100449,2,2
COUNTRY_TURKEY,Turkey,2019,ALL,ALL,1025857.76,1238572.3837647059,7,2
COUNTRY_TURKEY,Turkey,2023,ALL,ALL,8504,8888.330999363463,1,1
COUNTRY_TURKEY,Turkey,2024,ALL,ALL,1042002,1063373.078931013,1,1
COUNTRY_TURKEY,Turkey,2025,ALL,ALL,343454.01,343454.01,3,2
COUNTRY_TURKS_AND_CAICOS_ISLANDS,Turks and Caicos Islands,2025,ALL,ALL,72183.12,72183.12,1,1
COUNTRY_UGANDA,Uganda,2016,ALL,ALL,58250,74491.04361370715,2,2
COUNTRY_UGANDA,Uganda,2017,ALL,ALL,73011,91935.63036809815,6,3
COUNTRY_UGANDA,Uganda,2018,ALL,ALL,32155.090000000004,39579.20373313343,2,1
COUNTRY_UGANDA,Uganda,2021,ALL,ALL,88775.18,102944.0999717514,5,2
COUNTRY_UGANDA,Uganda,2022,ALL,ALL,64173.79,69691.37776455027,3,1
COUNTRY_UGANDA,Uganda,2023,ALL,ALL,220540.08,230507.20010184596,5,4
COUNTRY_UGANDA,Uganda,2024,ALL,ALL,96665.35,98647.92088253573,2,2
COUNTRY_UGANDA,Uganda,2025,ALL,ALL,180096.66,180096.66,4,1
COUNTRY_UKRAINE,Ukraine,2016,ALL,ALL,66150.66,84594.53560747663,3,2
COUNTRY_UKRAINE,Ukraine,2017,ALL,ALL,21988.1,27687.469478527604,2,1
COUNTRY_UKRAINE,Ukraine,2019,ALL,ALL,283578.7,342379.5775,7,3
COUNTRY_UNITED_ARAB_EMIRATES,United Arab Emirates,2019,ALL,ALL,620245.7,748855.4701470587,1,1
COUNTRY_UNITED_KINGDOM_OF_GREAT_BRITAIN_AND_NORTHERN_IRELAND,United Kingdom of Great Britain and Northern Ireland,2016,ALL,ALL,1126372.25,1440423.0798286602,56,8
COUNTRY_UNITED_KINGDOM_OF_GREAT_BRITAIN_AND_NORTHERN_IRELAND,United Kingdom of Great Britain and Northern Ireland,2017,ALL,ALL,26505798.81,33376166.90645705,166,57
COUNTRY_UNITED_KINGDOM_OF_GREAT_BRITAIN_AND_NORTHERN_IRELAND,United Kingdom of Great Britain and Northern Ireland,2018,ALL,ALL,26299012.99,32371048.972698648,211,62
COUNTRY_UNITED_KINGDOM_OF_GREAT_BRITAIN_AND_NORTHERN_IRELAND,United Kingdom of Great Britain and Northern Ireland,2019,ALL,ALL,9773717.25,11800326.268014705,126,38
COUNTRY_UNITED_KINGDOM_OF_GREAT_BRITAIN_AND_NORTHERN_IRELAND,United Kingdom of Great Britain and Northern Ireland,2020,ALL,ALL,51630116.92,61880767.87054015,159,50
COUNTRY_UNITED_KINGDOM_OF_GREAT_BRITAIN_AND_NORTHERN_IRELAND,United Kingdom of Great Britain and Northern Ireland,2021,ALL,ALL,28806542.32,33404196.673333332,186,43
COUNTRY_UNITED_KINGDOM_OF_GREAT_BRITAIN_AND_NORTHERN_IRELAND,United Kingdom of Great Britain and Northern Ireland,2022,ALL,ALL,57349777.54,62280644.656534396,489,53
COUNTRY_UNITED_KINGDOM_OF_GREAT_BRITAIN_AND_NORTHERN_IRELAND,United Kingdom of Great Britain and Northern Ireland,2023,ALL,ALL,28158335.63,29430927.501247615,302,39
COUNTRY_UNITED_KINGDOM_OF_GREAT_BRITAIN_AND_NORTHERN_IRELAND,United Kingdom of Great Britain and Northern Ireland,2024,ALL,ALL,127694139.56,130313099.53854568,118,48
COUNTRY_UNITED_KINGDOM_OF_GREAT_BRITAIN_AND_NORTHERN_IRELAND,United Kingdom of Great Britain and Northern Ireland,2025,ALL,ALL,95556182.96,95556182.96,92,41
COUNTRY_UNITED_KINGDOM_OF_GREAT_BRITAIN_AND_NORTHERN_IRELAND,United Kingdom of Great Britain and Northern Ireland,2026,ALL,ALL,6368210.32,6231586.022312276,27,20
COUNTRY_UNITED_REPUBLIC_OF_TANZANIA,United Republic of Tanzania,2019,ALL,ALL,86980.79,105016.51263235294,2,2
COUNTRY_UNITED_REPUBLIC_OF_TANZANIA,United Republic of Tanzania,2023,ALL,ALL,23338.78,24393.556180776577,1,1
COUNTRY_UNITED_STATES_MINOR_OUTLYING_ISLANDS,United States Minor Outlying Islands,2016,ALL,ALL,155813.33000000002,199256.61048286603,2,1
COUNTRY_UNITED_STATES_MINOR_OUTLYING_ISLANDS,United States Minor Outlying Islands,2017,ALL,ALL,165290.6,208134.3291411043,1,1
COUNTRY_UNITED_STATES_MINOR_OUTLYING_ISLANDS,United States Minor Outlying Islands,2018,ALL,ALL,2165114.71,2665006.262233883,3,3
COUNTRY_UNITED_STATES_MINOR_OUTLYING_ISLANDS,United States Minor Outlying Islands,2021,ALL,ALL,13147.31,15245.680098870054,1,1
COUNTRY_UNITED_STATES_MINOR_OUTLYING_ISLANDS,United States Minor Outlying Islands,2024,ALL,ALL,0,0,1,1
COUNTRY_UNITED_STATES_MINOR_OUTLYING_ISLANDS,United States Minor Outlying Islands,2025,ALL,ALL,42497.99,42497.99,1,1
COUNTRY_UNITED_STATES_OF_AMERICA,United States of America,2016,ALL,ALL,18361736.76,23481286.417383175,82,51
COUNTRY_UNITED_STATES_OF_AMERICA,United States of America,2017,ALL,ALL,289296095.67,364282353.5967331,609,327
COUNTRY_UNITED_STATES_OF_AMERICA,United States of America,2018,ALL,ALL,453593137.47,558320788.4001049,728,358
COUNTRY_UNITED_STATES_OF_AMERICA,United States of America,2019,ALL,ALL,180694422.62,218161942.60444117,574,276
COUNTRY_UNITED_STATES_OF_AMERICA,United States of America,2020,ALL,ALL,297212848.89,356221531.2973577,829,281
COUNTRY_UNITED_STATES_OF_AMERICA,United States of America,2021,ALL,ALL,480122601.66,556752338.9305933,366,229
COUNTRY_UNITED_STATES_OF_AMERICA,United States of America,2022,ALL,ALL,167251957.71,181632086.34908733,434,180
COUNTRY_UNITED_STATES_OF_AMERICA,United States of America,2023,ALL,ALL,1957494277.65,2045961555.634182,477,253
COUNTRY_UNITED_STATES_OF_AMERICA,United States of America,2024,ALL,ALL,162972368.63,166314872.15068987,407,211
COUNTRY_UNITED_STATES_OF_AMERICA,United States of America,2025,ALL,ALL,606354399.73,606354399.73,548,300
COUNTRY_UNITED_STATES_OF_AMERICA,United States of America,2026,ALL,ALL,73033301.95,71466437.30744934,179,131
COUNTRY_URUGUAY,Uruguay,2025,ALL,ALL,228990.97,228990.97,2,1
COUNTRY_UZBEKISTAN,Uzbekistan,2018,ALL,ALL,53204.69,65488.83131934033,1,1
COUNTRY_VIET_NAM,Viet Nam,2016,ALL,ALL,267721.66,342366.7957320872,3,2
COUNTRY_VIET_NAM,Viet Nam,2017,ALL,ALL,19659.1,24754.78696319018,1,1
COUNTRY_VIET_NAM,Viet Nam,2018,ALL,ALL,380481.91,468329.3075112443,2,1
COUNTRY_VIET_NAM,Viet Nam,2019,ALL,ALL,82157.11,99192.62839705883,2,2
COUNTRY_VIET_NAM,Viet Nam,2021,ALL,ALL,135782.5,157454.0007062147,1,1
COUNTRY_VIET_NAM,Viet Nam,2023,ALL,ALL,6512471.76,6806797.345588798,4,3
COUNTRY_VIET_NAM,Viet Nam,2024,ALL,ALL,160164.75,163449.6702921069,2,1
COUNTRY_VIET_NAM,Viet Nam,2025,ALL,ALL,139383.78,139383.78,3,2
COUNTRY_WESTERN_SAHARA,Western Sahara,2025,ALL,ALL,123121.16,123121.16,1,1
COUNTRY__,-,2016,ALL,ALL,5413129950.09,6922398269.507616,12963,5016
COUNTRY_ALBANIA,Albania,2019,General Government Support,ALL,288133.38,347878.68379411765,1,1
COUNTRY_ALBANIA,Albania,2019,Industrial and Technical Support,ALL,17425.61,21038.861485294117,1,1
COUNTRY_ALBANIA,Albania,2023,Industrial and Technical Support,ALL,127107.29000000001,132851.79514958628,2,1
COUNTRY_AMERICAN_SAMOA,American Samoa,2017,Industrial and Technical Support,ALL,19449.11,24490.3670398773,1,1
COUNTRY_ANGOLA,Angola,2025,Industrial and Technical Support,ALL,178732.26,178732.26,3,1
COUNTRY_ANTIGUA_AND_BARBUDA,Antigua and Barbuda,2018,General Government Support,ALL,123295.06,151761.98539730132,2,1
COUNTRY_ANTIGUA_AND_BARBUDA,Antigua and Barbuda,2019,Industrial and Technical Support,ALL,36322.84,43854.48770588235,1,1
COUNTRY_ANTIGUA_AND_BARBUDA,Antigua and Barbuda,2023,Industrial and Technical Support,ALL,54450.78,56911.6363844685,1,1
COUNTRY_ARGENTINA,Argentina,2016,General Government Support,ALL,16935.29,21657.123193146417,1,1
COUNTRY_ARGENTINA,Argentina,2016,Industrial and Technical Support,ALL,29032.48,37127.205732087226,1,1
COUNTRY_ARGENTINA,Argentina,2018,Industrial and Technical Support,ALL,210641.42,259275.27109445276,3,1
COUNTRY_ARGENTINA,Argentina,2025,General Government Support,ALL,45114.26,45114.26,1,1
COUNTRY_ARGENTINA,Argentina,2025,Industrial and Technical Support,ALL,147333.62,147333.62,1,1
COUNTRY_ARMENIA,Armenia,2018,General Government Support,ALL,12724.49,15662.37824587706,1,1
COUNTRY_ARUBA,Aruba,2018,General Government Support,ALL,70642.61,86952.89776611693,1,1
COUNTRY_ARUBA,Aruba,2018,Industrial and Technical Support,ALL,60758.92,74787.21637181408,2,2
COUNTRY_AUSTRALIA,Australia,2016,General Government Support,ALL,29915.35,38256.234190031144,1,1
COUNTRY_AUSTRALIA,Australia,2016,Industrial and Technical Support,ALL,1735939.9000000001,2219948.0652647973,15,5
COUNTRY_AUSTRALIA,Australia,2017,General Government Support,ALL,19540,24604.815950920245,1,1
COUNTRY_AUSTRALIA,Australia,2017,Industrial and Technical Support,ALL,119381.56,150325.55331288342,3,2
COUNTRY_AUSTRALIA,Australia,2018,General Government Support,ALL,4854529.399999999,5975365.273463268,8,7
COUNTRY_AUSTRALIA,Australia,2018,Industrial and Technical Support,ALL,583469.55,718183.6589955022,11,8
COUNTRY_AUSTRALIA,Australia,2019,General Government Support,ALL,70089.75,84623.06580882352,2,2
COUNTRY_AUSTRALIA,Australia,2019,Industrial and Technical Support,ALL,309389.1,373541.83985294116,2,2
COUNTRY_AUSTRALIA,Australia,2020,Industrial and Technical Support,ALL,434866.92000000004,521205.4617810219,4,3
COUNTRY_AUSTRALIA,Australia,2021,General Government Support,ALL,149320.93,173153.22532485874,2,1
COUNTRY_AUSTRALIA,Australia,2021,Industrial and Technical Support,ALL,141479.36,164060.10531073445,2,1
COUNTRY_AUSTRALIA,Australia,2023,General Government Support,ALL,1970994.79,2060072.2120814768,7,3
COUNTRY_AUSTRALIA,Australia,2023,Industrial and Technical Support,ALL,1508248.19,1576412.175671547,12,4
COUNTRY_AUSTRALIA,Australia,2024,General Government Support,ALL,11160.71,11389.61206960845,1,1
COUNTRY_AUSTRALIA,Australia,2024,Industrial and Technical Support,ALL,93404.92,95320.62065879427,2,2
COUNTRY_AUSTRALIA,Australia,2025,Core Defence Industrial Complex,ALL,10855.92,10855.92,1,1
COUNTRY_AUSTRALIA,Australia,2025,General Government Support,ALL,353839.72000000003,353839.72000000003,4,2
COUNTRY_AUSTRALIA,Australia,2025,Industrial and Technical Support,ALL,1645544.81,1645544.81,8,2
COUNTRY_AUSTRALIA,Australia,2026,General Government Support,ALL,10079.75,9863.49791418355,1,1
COUNTRY_AUSTRIA,Austria,2018,Industrial and Technical Support,ALL,46109.26,56755.17610194902,1,1
COUNTRY_AUSTRIA,Austria,2021,General Government Support,ALL,403633.66,468055.41646892653,1,1
COUNTRY_AUSTRIA,Austria,2025,Industrial and Technical Support,ALL,254145.82,254145.82,2,2
COUNTRY_BAHAMAS,Bahamas,2017,Industrial and Technical Support,ALL,61637.6,77614.2171779141,3,2
COUNTRY_BAHAMAS,Bahamas,2018,General Government Support,ALL,315940.44,388886.20875562215,1,1
COUNTRY_BAHAMAS,Bahamas,2018,Industrial and Technical Support,ALL,61782.619999999995,76047.27289355322,2,2
COUNTRY_BAHAMAS,Bahamas,2022,Industrial and Technical Support,ALL,407406.61,442434.95609788364,2,2
COUNTRY_BAHAMAS,Bahamas,2023,General Government Support,ALL,591240.25,617960.8469127945,2,2
COUNTRY_BAHAMAS,Bahamas,2024,Industrial and Technical Support,ALL,104857.20000000001,107007.7827221877,2,1
COUNTRY_BAHAMAS,Bahamas,2025,Industrial and Technical Support,ALL,14588.9,14588.9,1,1
COUNTRY_BAHRAIN,Bahrain,2017,General Government Support,ALL,42402.15,53392.89133435582,3,1
COUNTRY_BAHRAIN,Bahrain,2017,Industrial and Technical Support,ALL,355768.92,447985.0971165644,8,3
COUNTRY_BAHRAIN,Bahrain,2018,General Government Support,ALL,49114.23,60453.94727136432,4,1
COUNTRY_BANGLADESH,Bangladesh,2021,Industrial and Technical Support,ALL,37323.91,43280.974731638424,1,1
COUNTRY_BARBADOS,Barbados,2016,Industrial and Technical Support,ALL,28711.49,36716.71852024922,1,1
COUNTRY_BARBADOS,Barbados,2017,General Government Support,ALL,335808,422850.25766871165,2,2
COUNTRY_BARBADOS,Barbados,2017,Industrial and Technical Support,ALL,427059.25,537754.0555981594,19,8
COUNTRY_BARBADOS,Barbados,2018,General Government Support,ALL,82443.27,101478.14793103449,1,1
COUNTRY_BARBADOS,Barbados,2018,Industrial and Technical Support,ALL,48398.880000000005,59573.4340029985,2,2
COUNTRY_BARBADOS,Barbados,2019,General Government Support,ALL,110913,133911.13676470588,1,1
COUNTRY_BARBADOS,Barbados,2019,Industrial and Technical Support,ALL,14763.07,17824.235985294115,1,1
COUNTRY_BARBADOS,Barbados,2021,Industrial and Technical Support,ALL,134091.45,155493.05148305086,2,1
COUNTRY_BARBADOS,Barbados,2023,Industrial and Technical Support,ALL,137067.01,143261.63616804584,2,1
COUNTRY_BARBADOS,Barbados,2024,General Government Support,ALL,216409.19,220847.66313238034,1,1
COUNTRY_BARBADOS,Barbados,2024,Industrial and Technical Support,ALL,152650.8,155781.61193287757,3,2
COUNTRY_BARBADOS,Barbados,2025,General Government Support,ALL,321504.56999999995,321504.56999999995,2,1
COUNTRY_BARBADOS,Barbados,2025,Industrial and Technical Support,ALL,70957.03,70957.03,1,1
COUNTRY_BELGIUM,Belgium,2016,General Government Support,ALL,25167.739999999998,32184.913613707162,2,1
COUNTRY_BELGIUM,Belgium,2016,Industrial and Technical Support,ALL,143628.45,183674.38855140185,3,1
COUNTRY_BELGIUM,Belgium,2017,Core Defence Industrial Complex,ALL,3441068.6,4333002.025460122,3,1
COUNTRY_BELGIUM,Belgium,2017,General Government Support,ALL,320883.45,404057.22768404905,3,3
COUNTRY_BELGIUM,Belgium,2017,Industrial and Technical Support,ALL,352107.02,443374.0236503067,3,3
COUNTRY_BELGIUM,Belgium,2018,Core Defence Industrial Complex,ALL,2324284.4000000004,2860925.7757121436,2,2
COUNTRY_BELGIUM,Belgium,2018,General Government Support,ALL,137675.34,169462.44998500746,3,3
COUNTRY_BELGIUM,Belgium,2018,Industrial and Technical Support,ALL,604534.54,744112.2298950524,15,6
COUNTRY_BELGIUM,Belgium,2019,Core Defence Industrial Complex,ALL,1769247.98,2136106.752323529,4,3
COUNTRY_BELGIUM,Belgium,2019,General Government Support,ALL,12062.51,14563.706926470588,1,1
COUNTRY_BELGIUM,Belgium,2019,Industrial and Technical Support,ALL,492529.2,594656.5782352941,14,7
COUNTRY_BELGIUM,Belgium,2020,Core Defence Industrial Complex,ALL,2257499.57,2705703.8641897812,3,1
COUNTRY_BELGIUM,Belgium,2020,General Government Support,ALL,854484.4,1024133.8575182483,2,1
COUNTRY_BELGIUM,Belgium,2020,Industrial and Technical Support,ALL,59283.93000000001,71054.17011678833,3,3
COUNTRY_BELGIUM,Belgium,2021,General Government Support,ALL,16729.88,19400.044463276838,1,1
COUNTRY_BELGIUM,Belgium,2021,Industrial and Technical Support,ALL,249242.89,289023.1817655367,2,2
COUNTRY_BELGIUM,Belgium,2022,Core Defence Industrial Complex,ALL,42562.2,46221.648412698414,3,1
COUNTRY_BELGIUM,Belgium,2022,General Government Support,ALL,43614.3,47364.20674603175,2,2
COUNTRY_BELGIUM,Belgium,2022,Industrial and Technical Support,ALL,390810.23,424411.6386640212,8,2
COUNTRY_BELGIUM,Belgium,2023,General Government Support,ALL,61920.2,64718.63042647995,1,1
COUNTRY_BELGIUM,Belgium,2024,Core Defence Industrial Complex,ALL,70264.39,71705.48687383467,2,1
COUNTRY_BELGIUM,Belgium,2024,General Government Support,ALL,69663.08,71091.84422622746,3,3
COUNTRY_BELGIUM,Belgium,2025,Core Defence Industrial Complex,ALL,0,0,1,1
COUNTRY_BELGIUM,Belgium,2025,General Government Support,ALL,409205.73,409205.73,2,2
COUNTRY_BELGIUM,Belgium,2025,Industrial and Technical Support,ALL,484559.09,484559.09,3,2
COUNTRY_BELGIUM,Belgium,2026,Core Defence Industrial Complex,ALL,3332633.88,3261135.179356376,2,1
COUNTRY_BELIZE,Belize,2016,General Government Support,ALL,401151.73,512999.33073208714,6,2
COUNTRY_BELIZE,Belize,2016,Industrial and Technical Support,ALL,65339.11,83556.71232087226,2,1
COUNTRY_BELIZE,Belize,2017,Industrial and Technical Support,ALL,238890.68,300811.73049079755,8,4
COUNTRY_BELIZE,Belize,2018,General Government Support,ALL,485771,597928.0224887556,5,2
COUNTRY_BELIZE,Belize,2018,Industrial and Technical Support,ALL,173092.11,213056.4052623688,8,3
COUNTRY_BELIZE,Belize,2021,General Government Support,ALL,430466.34,499170.7134745763,3,3
COUNTRY_BELIZE,Belize,2021,Industrial and Technical Support,ALL,249976.24000000002,289873.577740113,13,1
COUNTRY_BELIZE,Belize,2022,Industrial and Technical Support,ALL,109623.34,119048.62716931218,4,2
COUNTRY_BELIZE,Belize,2024,Industrial and Technical Support,ALL,32858.86,33532.7831696706,1,1
COUNTRY_BENIN,Benin,2019,General Government Support,ALL,166199.36,200661.28611764708,2,1
COUNTRY_BENIN,Benin,2019,Industrial and Technical Support,ALL,176669.91,213302.93545588234,3,2
COUNTRY_BERMUDA,Bermuda,2017,General Government Support,ALL,63586.4,80068.1509202454,1,1
COUNTRY_BERMUDA,Bermuda,2017,Industrial and Technical Support,ALL,31073.01,39127.210444785276,2,2
COUNTRY_BERMUDA,Bermuda,2018,Industrial and Technical Support,ALL,103840.13,127815.21248875561,3,2
COUNTRY_BERMUDA,Bermuda,2019,General Government Support,ALL,65314.770000000004,78857.9796617647,2,1
COUNTRY_BERMUDA,Bermuda,2019,Industrial and Technical Support,ALL,103951.76000000001,125506.46317647058,4,3
COUNTRY_BERMUDA,Bermuda,2021,Industrial and Technical Support,ALL,10995.79,12750.767782485877,1,1
COUNTRY_BERMUDA,Bermuda,2023,General Government Support,ALL,83197.44,86957.47707192872,2,1
COUNTRY_BERMUDA,Bermuda,2023,Industrial and Technical Support,ALL,20569.45,21499.06868236792,1,1
COUNTRY_BERMUDA,Bermuda,2024,General Government Support,ALL,467316.22,476900.704313238,1,1
COUNTRY_BERMUDA,Bermuda,2024,Industrial and Technical Support,ALL,248346.36,253439.85277812305,3,3
COUNTRY_BOSNIA_AND_HERZEGOVINA,Bosnia and Herzegovina,2022,General Government Support,ALL,15429,16755.567460317463,1,1
COUNTRY_BOSNIA_AND_HERZEGOVINA,Bosnia and Herzegovina,2025,General Government Support,ALL,72395.82,72395.82,2,2
COUNTRY_BOTSWANA,Botswana,2018,General Government Support,ALL,18321.42,22551.552953523234,1,1
COUNTRY_BOTSWANA,Botswana,2019,General Government Support,ALL,68600,82824.41176470587,1,1
COUNTRY_BRAZIL,Brazil,2018,Industrial and Technical Support,ALL,243959.71,300286.23974512744,14,2
COUNTRY_BRAZIL,Brazil,2019,Industrial and Technical Support,ALL,103202.43,124601.7573970588,2,2
COUNTRY_BRAZIL,Brazil,2022,Industrial and Technical Support,ALL,438084.74,475750.756005291,11,1
COUNTRY_BRAZIL,Brazil,2024,Industrial and Technical Support,ALL,49579.2,50596.05121193287,1,1
COUNTRY_BRAZIL,Brazil,2025,General Government Support,ALL,408615.50999999995,408615.50999999995,2,1
COUNTRY_BRAZIL,Brazil,2025,Industrial and Technical Support,ALL,315446.78,315446.78,1,1
COUNTRY_BRITISH_INDIAN_OCEAN_TERRITORY,British Indian Ocean Territory,2021,General Government Support,ALL,83462,96782.91242937853,1,1
COUNTRY_BRITISH_INDIAN_OCEAN_TERRITORY,British Indian Ocean Territory,2021,Industrial and Technical Support,ALL,101353.23,117529.6636016949,1,1
COUNTRY_BRITISH_INDIAN_OCEAN_TERRITORY,British Indian Ocean Territory,2024,Industrial and Technical Support,ALL,49402.14,50415.35977625854,1,1
COUNTRY_BRITISH_VIRGIN_ISLANDS,British Virgin Islands,2019,Industrial and Technical Support,ALL,57502.06,69425.28126470587,1,1
COUNTRY_BRUNEI_DARUSSALAM,Brunei Darussalam,2016,Industrial and Technical Support,ALL,65164.65,83333.61004672897,1,1
COUNTRY_BRUNEI_DARUSSALAM,Brunei Darussalam,2021,General Government Support,ALL,10519.41,12198.355381355932,1,1
COUNTRY_BRUNEI_DARUSSALAM,Brunei Darussalam,2021,Industrial and Technical Support,ALL,78898.61,91491.18475988701,1,1
COUNTRY_BULGARIA,Bulgaria,2016,Industrial and Technical Support,ALL,36994.33,47308.94848909657,1,1
COUNTRY_BULGARIA,Bulgaria,2017,General Government Support,ALL,92125.72,116004.9326993865,1,1
COUNTRY_BULGARIA,Bulgaria,2019,Core Defence Industrial Complex,ALL,26875835,32448618.433823526,2,2
COUNTRY_BULGARIA,Bulgaria,2019,General Government Support,ALL,312747.62,377596.7588529411,5,4
COUNTRY_BULGARIA,Bulgaria,2019,Industrial and Technical Support,ALL,1005511.41,1214007.1582499999,21,7
COUNTRY_BULGARIA,Bulgaria,2022,Industrial and Technical Support,ALL,46467.49,50462.7107010582,2,1
COUNTRY_BURKINA_FASO,Burkina Faso,2018,General Government Support,ALL,72352.46,89057.52572713642,5,1
COUNTRY_BURKINA_FASO,Burkina Faso,2022,Industrial and Technical Support,ALL,74045.36,80411.69386243387,1,1
COUNTRY_CABO_VERDE,Cabo Verde,2016,Industrial and Technical Support,ALL,79536,101711.92523364486,1,1
COUNTRY_CABO_VERDE,Cabo Verde,2017,General Government Support,ALL,13747.62,17311.036840490797,1,1
COUNTRY_CABO_VERDE,Cabo Verde,2017,Industrial and Technical Support,ALL,351583.9,442715.30966257665,7,3
COUNTRY_CABO_VERDE,Cabo Verde,2018,General Government Support,ALL,296210.05,364600.37638680654,12,5
COUNTRY_CABO_VERDE,Cabo Verde,2018,Industrial and Technical Support,ALL,581402.86,715639.8021889055,13,4
COUNTRY_CABO_VERDE,Cabo Verde,2019,Industrial and Technical Support,ALL,46586.2,56245.985588235286,1,1
COUNTRY_CABO_VERDE,Cabo Verde,2020,General Government Support,ALL,359849.01,431293.4849781022,7,3
COUNTRY_CABO_VERDE,Cabo Verde,2020,Industrial and Technical Support,ALL,163536.71,196005.31227737226,5,4
COUNTRY_CABO_VERDE,Cabo Verde,2021,General Government Support,ALL,419946,486971.2796610169,2,2
COUNTRY_CABO_VERDE,Cabo Verde,2021,Industrial and Technical Support,ALL,23391.61,27125.01668079096,1,1
COUNTRY_CABO_VERDE,Cabo Verde,2022,Industrial and Technical Support,ALL,220129.53,239056.01075396826,2,1
COUNTRY_CABO_VERDE,Cabo Verde,2023,General Government Support,ALL,3684955.2399999998,3851493.637224698,8,5
COUNTRY_CABO_VERDE,Cabo Verde,2023,Industrial and Technical Support,ALL,785900.12,821418.2030808402,11,7
COUNTRY_CABO_VERDE,Cabo Verde,2024,General Government Support,ALL,29291.57,29892.32935985084,2,2
COUNTRY_CABO_VERDE,Cabo Verde,2024,Industrial and Technical Support,ALL,1245354.21,1270895.9681914232,4,4
COUNTRY_CABO_VERDE,Cabo Verde,2025,Core Defence Industrial Complex,ALL,18454.74,18454.74,1,1
COUNTRY_CABO_VERDE,Cabo Verde,2025,General Government Support,ALL,156493.57,156493.57,2,2
COUNTRY_CABO_VERDE,Cabo Verde,2025,Industrial and Technical Support,ALL,125847.7,125847.7,6,5
COUNTRY_CABO_VERDE,Cabo Verde,2026,General Government Support,ALL,92532.34,90547.14081048867,6,6
COUNTRY_CABO_VERDE,Cabo Verde,2026,Industrial and Technical Support,ALL,49140,48085.744934445764,1,1
COUNTRY_CAMBODIA,Cambodia,2021,Industrial and Technical Support,ALL,16347.25,18956.344985875705,1,1
COUNTRY_CAMBODIA,Cambodia,2022,Industrial and Technical Support,ALL,77126.48,83757.72497354497,1,1
COUNTRY_CAMBODIA,Cambodia,2023,General Government Support,ALL,36206.83,37843.166683641,2,2
COUNTRY_CAMBODIA,Cambodia,2023,Industrial and Technical Support,ALL,71755.82,74998.76285168683,1,1
COUNTRY_CAMBODIA,Cambodia,2024,General Government Support,ALL,101114.47,103188.29070229956,3,3
COUNTRY_CAMBODIA,Cambodia,2025,General Government Support,ALL,55160.520000000004,55160.520000000004,3,3
COUNTRY_CAMBODIA,Cambodia,2025,Industrial and Technical Support,ALL,1110882.18,1110882.18,3,2
COUNTRY_CAMEROON,Cameroon,2019,General Government Support,ALL,31993.5,38627.44632352941,1,1
COUNTRY_CAMEROON,Cameroon,2020,Industrial and Technical Support,ALL,30767.12,36875.628496350364,2,2
COUNTRY_CAMEROON,Cameroon,2021,General Government Support,ALL,333744.65,387011.8045903955,3,3
COUNTRY_CAMEROON,Cameroon,2023,General Government Support,ALL,19200.06,20067.790273711016,1,1
COUNTRY_CAMEROON,Cameroon,2023,Industrial and Technical Support,ALL,1229028.79,1284573.6939401655,2,2
COUNTRY_CAMEROON,Cameroon,2024,General Government Support,ALL,12140.53,12389.52781852082,1,1
COUNTRY_CAMEROON,Cameroon,2025,General Government Support,ALL,72102.23999999999,72102.23999999999,4,4
COUNTRY_CAMEROON,Cameroon,2025,Industrial and Technical Support,ALL,91064.48,91064.48,1,1
COUNTRY_CANADA,Canada,2016,Core Defence Industrial Complex,ALL,30164179.05,38574440.810046725,74,45
COUNTRY_CANADA,Canada,2016,General Government Support,ALL,335995318.6,429676256.3404984,890,482
COUNTRY_CANADA,Canada,2016,Industrial and Technical Support,ALL,282209710.82,360894349.8180997,596,276
COUNTRY_CANADA,Canada,2017,Core Defence Industrial Complex,ALL,1741903390.47,2193409023.889371,568,221
COUNTRY_CANADA,Canada,2017,General Government Support,ALL,3244857930.39,4085933068.788635,6504,2698
COUNTRY_CANADA,Canada,2017,Industrial and Technical Support,ALL,2014865603.41,2537123712.2693405,5373,1681
COUNTRY_CANADA,Canada,2018,Core Defence Industrial Complex,ALL,529203180.8,651388023.1436281,668,282
COUNTRY_CANADA,Canada,2018,General Government Support,ALL,1322710046.18,1628103370.1855772,7967,3232
COUNTRY_CANADA,Canada,2018,Industrial and Technical Support,ALL,2158659301.77,2657060399.92979,7537,2158
COUNTRY_CANADA,Canada,2019,Core Defence Industrial Complex,ALL,4513231699.88,5449063567.061,514,236
COUNTRY_CANADA,Canada,2019,General Government Support,ALL,828121717.76,999835191.589647,7049,2889
COUNTRY_CANADA,Canada,2019,Industrial and Technical Support,ALL,3931167121.92,4746306186.906353,6752,1854
COUNTRY_CANADA,Canada,2020,Core Defence Industrial Complex,ALL,406633205.5,487366221.4824818,496,200
COUNTRY_CANADA,Canada,2020,General Government Support,ALL,1210339066.84,1450639961.8622482,7069,2805
COUNTRY_CANADA,Canada,2020,Industrial and Technical Support,ALL,2264050440.71,2713555345.726876,4978,1658
COUNTRY_CANADA,Canada,2021,Core Defence Industrial Complex,ALL,368432033.74,427235451.554435,427,213
COUNTRY_CANADA,Canada,2021,General Government Support,ALL,1049607825.07,1217129977.9413416,7893,2978
COUNTRY_CANADA,Canada,2021,Industrial and Technical Support,ALL,2581201796.29,2993173269.4266806,6380,1833
COUNTRY_CANADA,Canada,2022,Core Defence Industrial Complex,ALL,2962063356.21,3216738115.6725,485,213
COUNTRY_CANADA,Canada,2022,General Government Support,ALL,3812293075.26,4140069596.281032,8316,3178
COUNTRY_CANADA,Canada,2022,Industrial and Technical Support,ALL,6998554744.29,7600282334.738215,6469,1948
COUNTRY_CANADA,Canada,2023,Core Defence Industrial Complex,ALL,3312683957.81,3462397873.1534185,473,248
COUNTRY_CANADA,Canada,2023,General Government Support,ALL,1728352997.11,1806464431.097785,9182,3419
COUNTRY_CANADA,Canada,2023,Industrial and Technical Support,ALL,4086576607.94,4271265939.04359,6699,2036
COUNTRY_CANADA,Canada,2024,Core Defence Industrial Complex,ALL,9177050185.69,9365268119.88998,483,273
COUNTRY_CANADA,Canada,2024,General Government Support,ALL,12374849866.23,12628653499.285057,8568,3082
COUNTRY_CANADA,Canada,2024,Industrial and Technical Support,ALL,2112730937.04,2156062273.846911,6071,1907
COUNTRY_CANADA,Canada,2025,Core Defence Industrial Complex,ALL,12225442517.17,12225442517.17,1609,570
COUNTRY_CANADA,Canada,2025,General Government Support,ALL,1883310728.37,1883310728.37,12071,3929
COUNTRY_CANADA,Canada,2025,Industrial and Technical Support,ALL,2230610359.54,2230610359.54,7031,2262
COUNTRY_CANADA,Canada,2026,Core Defence Industrial Complex,ALL,1339896289.22,1311150004.1115851,712,304
COUNTRY_CANADA,Canada,2026,General Government Support,ALL,304619711.33,298084365.9141001,2941,1495
COUNTRY_CANADA,Canada,2026,Industrial and Technical Support,ALL,1457316385.12,1426050956.1186173,1899,875
COUNTRY_CAYMAN_ISLANDS,Cayman Islands,2018,Industrial and Technical Support,ALL,48788.84,60053.429745127425,1,1
COUNTRY_CAYMAN_ISLANDS,Cayman Islands,2019,Industrial and Technical Support,ALL,450626.78,544065.5682058823,2,2
COUNTRY_CAYMAN_ISLANDS,Cayman Islands,2020,Industrial and Technical Support,ALL,13797,16536.258394160584,1,1
COUNTRY_CAYMAN_ISLANDS,Cayman Islands,2021,General Government Support,ALL,184199.89,213599.0249858757,1,1
COUNTRY_CAYMAN_ISLANDS,Cayman Islands,2022,Industrial and Technical Support,ALL,17870.9,19407.419179894183,1,1
COUNTRY_CAYMAN_ISLANDS,Cayman Islands,2023,General Government Support,ALL,14141.93,14781.062418841504,1,1
COUNTRY_CAYMAN_ISLANDS,Cayman Islands,2024,Core Defence Industrial Complex,ALL,35995.6,36733.85655686761,2,2
COUNTRY_CAYMAN_ISLANDS,Cayman Islands,2025,General Government Support,ALL,385025.27999999997,385025.27999999997,2,2
COUNTRY_CAYMAN_ISLANDS,Cayman Islands,2025,Industrial and Technical Support,ALL,390556.58999999997,390556.58999999997,2,2
COUNTRY_CAYMAN_ISLANDS,Cayman Islands,2026,General Government Support,ALL,403333.07,394679.9171275327,5,5
COUNTRY_CENTRAL_AFRICAN_REPUBLIC,Central African Republic,2020,General Government Support,ALL,21850,26188.102189781024,1,1
COUNTRY_CENTRAL_AFRICAN_REPUBLIC,Central African Republic,2021,General Government Support,ALL,10446.07,12113.309985875705,1,1
COUNTRY_CENTRAL_AFRICAN_REPUBLIC,Central African Republic,2024,Industrial and Technical Support,ALL,28214.16,28792.82207582349,1,1
COUNTRY_CHAD,Chad,2017,General Government Support,ALL,14480.39,18233.742622699385,1,1
COUNTRY_CHAD,Chad,2018,General Government Support,ALL,26543.86,32672.427376311844,1,1
COUNTRY_CHILE,Chile,2017,Industrial and Technical Support,ALL,40148,50554.460122699384,2,1
COUNTRY_CHILE,Chile,2018,General Government Support,ALL,73392.39,90337.55950524737,1,1
COUNTRY_CHILE,Chile,2018,Industrial and Technical Support,ALL,203164.82,250072.43961019488,3,2
COUNTRY_CHILE,Chile,2019,General Government Support,ALL,32980.5,39819.103676470586,1,1
COUNTRY_CHILE,Chile,2020,General Government Support,ALL,96982.04000000001,116236.86837956205,2,2
COUNTRY_CHILE,Chile,2025,General Government Support,ALL,1206631.68,1206631.68,6,1
COUNTRY_CHILE,Chile,2025,Industrial and Technical Support,ALL,734228.86,734228.86,3,1
COUNTRY_CHINA,China,2016,General Government Support,ALL,166526.77000000002,212957.131105919,2,2
COUNTRY_CHINA,China,2017,General Government Support,ALL,627184.58,789752.3622392637,8,5
COUNTRY_CHINA,China,2017,Industrial and Technical Support,ALL,392835.93,494659.9670705521,9,5
COUNTRY_CHINA,China,2018,General Government Support,ALL,944389.4400000001,1162434.3781709145,5,5
COUNTRY_CHINA,China,2018,Industrial and Technical Support,ALL,579846.42,713724.0042278861,5,4
COUNTRY_CHINA,China,2019,Industrial and Technical Support,ALL,18864.28,22775.843941176467,1,1
COUNTRY_CHINA,China,2020,Industrial and Technical Support,ALL,218616.47999999998,262020.62785401457,4,4
COUNTRY_CHINA__HONG_KONG_SPECIAL_ADMINISTRATIVE_REGION,"China, Hong Kong Special Administrative Region",2016,Industrial and Technical Support,ALL,75467.96,96509.64978193147,1,1
COUNTRY_COLOMBIA,Colombia,2018,General Government Support,ALL,171062.16,210557.77115442278,6,2
COUNTRY_COLOMBIA,Colombia,2018,Industrial and Technical Support,ALL,11790,14512.128935532233,1,1
COUNTRY_COLOMBIA,Colombia,2019,Core Defence Industrial Complex,ALL,16165.87,19517.910691176472,1,1
COUNTRY_COLOMBIA,Colombia,2019,General Government Support,ALL,89013.15,107470.28845588234,5,5
COUNTRY_COLOMBIA,Colombia,2020,General Government Support,ALL,61166.42,73310.40995620437,3,3
COUNTRY_COLOMBIA,Colombia,2021,General Government Support,ALL,11635.14,13492.16093220339,1,1
COUNTRY_COLOMBIA,Colombia,2021,Industrial and Technical Support,ALL,74809.42,86749.34155367232,5,1
COUNTRY_COLOMBIA,Colombia,2022,General Government Support,ALL,29889.13,32458.96260582011,2,2
COUNTRY_COLOMBIA,Colombia,2022,Industrial and Technical Support,ALL,65276.71,70889.12554232804,2,1
COUNTRY_COLOMBIA,Colombia,2023,General Government Support,ALL,33669,35190.641629535334,2,2
COUNTRY_COLOMBIA,Colombia,2024,General Government Support,ALL,2058820.89,2101046.551510255,5,5
COUNTRY_COLOMBIA,Colombia,2024,Industrial and Technical Support,ALL,103718.6,105845.83045369794,1,1
COUNTRY_COLOMBIA,Colombia,2025,General Government Support,ALL,38166.81,38166.81,2,2
COUNTRY_COLOMBIA,Colombia,2026,General Government Support,ALL,34736,33990.76996424314,2,2
COUNTRY_COMOROS,Comoros,2021,General Government Support,ALL,17344.32,20112.551864406778,1,1
COUNTRY_COSTA_RICA,Costa Rica,2017,Industrial and Technical Support,ALL,16226.72,20432.725644171776,1,1
COUNTRY_COSTA_RICA,Costa Rica,2023,Industrial and Technical Support,ALL,14813.89,15483.391075747932,1,1
COUNTRY_CROATIA,Croatia,2017,General Government Support,ALL,288820.98,363684.0867791411,2,2
COUNTRY_CROATIA,Croatia,2017,Industrial and Technical Support,ALL,938871.0900000001,1182228.780506135,10,3
COUNTRY_CROATIA,Croatia,2018,General Government Support,ALL,23288.18,28665.061139430283,2,1
COUNTRY_CROATIA,Croatia,2018,Industrial and Technical Support,ALL,87921.01999999999,108220.62581709145,3,2
COUNTRY_CROATIA,Croatia,2019,Industrial and Technical Support,ALL,163221.03999999998,197065.40270588233,3,2
COUNTRY_CROATIA,Croatia,2022,Industrial and Technical Support,ALL,318995.24,346422.0794179895,16,2
COUNTRY_CROATIA,Croatia,2023,General Government Support,ALL,185009.66999999998,193371.023640993,2,1
COUNTRY_CROATIA,Croatia,2023,Industrial and Technical Support,ALL,481146.86,502891.88040738384,18,2
COUNTRY_CROATIA,Croatia,2024,General Government Support,ALL,170418.31,173913.5270478558,1,1
COUNTRY_CROATIA,Croatia,2024,Industrial and Technical Support,ALL,303492.52999999997,309717.05050341826,4,2
COUNTRY_CROATIA,Croatia,2025,Industrial and Technical Support,ALL,892260.51,892260.51,4,1
COUNTRY_CUBA,Cuba,2017,Industrial and Technical Support,ALL,12508.13,15750.267990797543,1,1
COUNTRY_CYPRUS,Cyprus,2018,Industrial and Technical Support,ALL,189629.9,233412.51559220388,5,1
COUNTRY_CYPRUS,Cyprus,2019,Industrial and Technical Support,ALL,264986.18,319931.8437941176,12,4
COUNTRY_CZECHIA,Czechia,2017,General Government Support,ALL,11192,14092.993865030674,1,1
COUNTRY_CZECHIA,Czechia,2017,Industrial and Technical Support,ALL,727464.19,916024.6932361963,19,3
COUNTRY_CZECHIA,Czechia,2018,General Government Support,ALL,1268783.01,1561725.414107946,4,3
COUNTRY_CZECHIA,Czechia,2018,Industrial and Technical Support,ALL,1094935.16,1347738.780149925,16,2
COUNTRY_CZECHIA,Czechia,2019,Industrial and Technical Support,ALL,10161.23,12268.190926470586,1,1
COUNTRY_CZECHIA,Czechia,2020,General Government Support,ALL,27167.37,32561.183605839415,2,2
COUNTRY_CZECHIA,Czechia,2022,Industrial and Technical Support,ALL,74390.34,80786.33484126985,3,2
COUNTRY_CZECHIA,Czechia,2023,Industrial and Technical Support,ALL,19643.24,20530.999414385744,1,1
COUNTRY_CZECHIA,Czechia,2024,Industrial and Technical Support,ALL,45530.57,46464.385295214415,1,1
COUNTRY_CZECHIA,Czechia,2025,Industrial and Technical Support,ALL,18408.75,18408.75,1,1
COUNTRY_DEMOCRATIC_PEOPLE_S_REPUBLIC_OF_KOREA,Democratic People's Republic of Korea,2017,Industrial and Technical Support,ALL,93201.51,117359.57010736194,2,1
COUNTRY_DEMOCRATIC_PEOPLE_S_REPUBLIC_OF_KOREA,Democratic People's Republic of Korea,2019,General Government Support,ALL,64572.8,77962.16,1,1
COUNTRY_DEMOCRATIC_PEOPLE_S_REPUBLIC_OF_KOREA,Democratic People's Republic of Korea,2019,Industrial and Technical Support,ALL,677070.37,817462.902602941,3,2
COUNTRY_DENMARK,Denmark,2016,Industrial and Technical Support,ALL,18277.26,23373.256168224296,1,1
COUNTRY_DENMARK,Denmark,2018,General Government Support,ALL,1247587.03,1535635.6096401797,8,2
COUNTRY_DENMARK,Denmark,2018,Industrial and Technical Support,ALL,680077.46,837096.8435682158,8,3
COUNTRY_DENMARK,Denmark,2020,General Government Support,ALL,27574.7,33049.38496350365,1,1
COUNTRY_DENMARK,Denmark,2021,General Government Support,ALL,559689.37,649018.323121469,2,2
COUNTRY_DENMARK,Denmark,2021,Industrial and Technical Support,ALL,813275.86,943078.363079096,16,3
COUNTRY_DENMARK,Denmark,2022,Industrial and Technical Support,ALL,418955.61,454976.9256746032,12,1
COUNTRY_DENMARK,Denmark,2023,Core Defence Industrial Complex,ALL,2669767.8,2790425.670019096,1,1
COUNTRY_DENMARK,Denmark,2023,General Government Support,ALL,390722.47,408380.8375175048,2,2
COUNTRY_DENMARK,Denmark,2023,Industrial and Technical Support,ALL,877939.2999999999,917617.0150222788,7,4
COUNTRY_DENMARK,Denmark,2024,General Government Support,ALL,259060.27999999997,264373.5113486637,2,2
COUNTRY_DENMARK,Denmark,2024,Industrial and Technical Support,ALL,67457.62,68841.15105034182,3,3
COUNTRY_DENMARK,Denmark,2025,General Government Support,ALL,64331.37,64331.37,2,2
COUNTRY_DENMARK,Denmark,2025,Industrial and Technical Support,ALL,918075.9400000001,918075.9400000001,6,2
COUNTRY_DENMARK,Denmark,2026,Core Defence Industrial Complex,ALL,88228.16,86335.303170441,2,2
COUNTRY_DJIBOUTI,Djibouti,2023,Industrial and Technical Support,ALL,894057.04,934463.1824824953,4,1
COUNTRY_DOMINICA,Dominica,2024,Industrial and Technical Support,ALL,100243.65,102299.61050341825,1,1
COUNTRY_DOMINICAN_REPUBLIC,Dominican Republic,2022,Industrial and Technical Support,ALL,128966.22,140054.5854761905,2,2
COUNTRY_DOMINICAN_REPUBLIC,Dominican Republic,2023,Industrial and Technical Support,ALL,128267.68,134064.62798217696,3,2
COUNTRY_DOMINICAN_REPUBLIC,Dominican Republic,2024,Industrial and Technical Support,ALL,192384.35,196330.08247358608,3,1
COUNTRY_ECUADOR,Ecuador,2018,General Government Support,ALL,135198.37,166413.58586206898,3,3
COUNTRY_ECUADOR,Ecuador,2019,General Government Support,ALL,53100,64110.44117647059,2,2
COUNTRY_ECUADOR,Ecuador,2021,Industrial and Technical Support,ALL,47323.1,54876.08064971751,1,1
COUNTRY_ECUADOR,Ecuador,2022,General Government Support,ALL,108412.92,117734.13666666667,5,5
COUNTRY_ECUADOR,Ecuador,2023,General Government Support,ALL,46078.619999999995,48161.1037810312,2,2
COUNTRY_ECUADOR,Ecuador,2023,Industrial and Technical Support,ALL,107191.97,112036.4193125398,2,1
COUNTRY_EGYPT,Egypt,2017,Industrial and Technical Support,ALL,43679.89,55001.824677914105,3,3
COUNTRY_EGYPT,Egypt,2018,General Government Support,ALL,38333.33,47183.90394302848,2,1
COUNTRY_EGYPT,Egypt,2018,Industrial and Technical Support,ALL,85949.51,105793.92460269865,2,2
COUNTRY_EGYPT,Egypt,2020,General Government Support,ALL,12400,14861.897810218978,1,1
COUNTRY_EGYPT,Egypt,2020,Industrial and Technical Support,ALL,76160.35,91281.23700729926,2,1
COUNTRY_EGYPT,Egypt,2021,Industrial and Technical Support,ALL,101170.4,117317.65310734464,4,2
COUNTRY_EGYPT,Egypt,2022,Industrial and Technical Support,ALL,37064.34,40251.08880952381,1,1
COUNTRY_EGYPT,Egypt,2023,Industrial and Technical Support,ALL,347221.88,362914.2755951623,8,3
COUNTRY_EGYPT,Egypt,2024,Industrial and Technical Support,ALL,24365.69,24865.421367308885,2,2
COUNTRY_EGYPT,Egypt,2025,General Government Support,ALL,320867.6,320867.6,1,1
COUNTRY_EGYPT,Egypt,2025,Industrial and Technical Support,ALL,446111,446111,3,3
COUNTRY_EL_SALVADOR,El Salvador,2019,General Government Support,ALL,73688.95,88968.57051470588,1,1
COUNTRY_EL_SALVADOR,El Salvador,2019,Industrial and Technical Support,ALL,10286.76,12419.74994117647,1,1
COUNTRY_EL_SALVADOR,El Salvador,2022,Industrial and Technical Support,ALL,49936.17,54229.62376984127,2,1
COUNTRY_ESTONIA,Estonia,2016,Industrial and Technical Support,ALL,19540.91,24989.232258566975,1,1
COUNTRY_ESTONIA,Estonia,2018,Industrial and Technical Support,ALL,131316.99,161636.05515742127,5,2
COUNTRY_ESTONIA,Estonia,2019,General Government Support,ALL,17556.53,21196.92813235294,1,1
COUNTRY_ESTONIA,Estonia,2019,Industrial and Technical Support,ALL,24289.260000000002,29325.709499999997,2,2
COUNTRY_ESTONIA,Estonia,2022,Industrial and Technical Support,ALL,69737.56,75733.51423280424,1,1
COUNTRY_ESWATINI,Eswatini,2019,Industrial and Technical Support,ALL,26462.67,31949.78245588235,1,1
COUNTRY_ETHIOPIA,Ethiopia,2017,Industrial and Technical Support,ALL,23844.01,30024.435904907972,1,1
COUNTRY_ETHIOPIA,Ethiopia,2021,Industrial and Technical Support,ALL,12417.47,14399.35433615819,1,1
COUNTRY_FIJI,Fiji,2017,General Government Support,ALL,10355.55,13039.733972392636,1,1
COUNTRY_FIJI,Fiji,2018,General Government Support,ALL,361749.12,445271.40557721135,1,1
COUNTRY_FIJI,Fiji,2018,Industrial and Technical Support,ALL,769056.36,946619.5975412293,13,4
COUNTRY_FIJI,Fiji,2019,Industrial and Technical Support,ALL,54202.81,65441.92207352941,1,1
COUNTRY_FIJI,Fiji,2024,Industrial and Technical Support,ALL,125866.08,128447.54714729646,1,1
COUNTRY_FIJI,Fiji,2025,Industrial and Technical Support,ALL,538576.9,538576.9,1,1
COUNTRY_FINLAND,Finland,2017,General Government Support,ALL,491152.5,618460.4332822085,1,1
COUNTRY_FINLAND,Finland,2017,Industrial and Technical Support,ALL,168084.81,211652.80523006135,4,3
COUNTRY_FINLAND,Finland,2018,General Government Support,ALL,211701.17,260579.70100449777,1,1
COUNTRY_FINLAND,Finland,2018,Industrial and Technical Support,ALL,22272.31,27414.64244377811,1,1
COUNTRY_FINLAND,Finland,2019,General Government Support,ALL,221047.96,266882.9046470588,4,2
COUNTRY_FINLAND,Finland,2019,Industrial and Technical Support,ALL,234112.97,282656.9828970588,8,5
COUNTRY_FINLAND,Finland,2020,General Government Support,ALL,15599.1,18696.147591240875,1,1
COUNTRY_FINLAND,Finland,2021,General Government Support,ALL,121497.6,140889.16610169492,1,1
COUNTRY_FINLAND,Finland,2021,Industrial and Technical Support,ALL,44936.95,52109.09032485875,1,1
COUNTRY_FINLAND,Finland,2022,Industrial and Technical Support,ALL,443767.3,481921.8958994709,15,2
COUNTRY_FINLAND,Finland,2023,General Government Support,ALL,21525,22497.803946530872,1,1
COUNTRY_FINLAND,Finland,2023,Industrial and Technical Support,ALL,730544.46,763560.791419478,18,2
COUNTRY_FINLAND,Finland,2024,Core Defence Industrial Complex,ALL,41597.96,42451.118906152886,1,1
COUNTRY_FINLAND,Finland,2024,General Government Support,ALL,1182815.6600000001,1207074.7754630204,2,1
COUNTRY_FINLAND,Finland,2024,Industrial and Technical Support,ALL,452567.06,461849.0444499689,5,2
COUNTRY_FINLAND,Finland,2025,General Government Support,ALL,392964.5,392964.5,2,2
COUNTRY_FINLAND,Finland,2025,Industrial and Technical Support,ALL,2487428.32,2487428.32,6,2
COUNTRY_FINLAND,Finland,2026,Industrial and Technical Support,ALL,58426.21,57172.72754469606,3,3
COUNTRY_FRANCE,France,2016,General Government Support,ALL,39629.13,50678.37341121495,2,1
COUNTRY_FRANCE,France,2016,Industrial and Technical Support,ALL,619462.35,792178.4880841121,16,5
COUNTRY_FRANCE,France,2017,General Government Support,ALL,4404282.07,5545882.790598159,20,6
COUNTRY_FRANCE,France,2017,Industrial and Technical Support,ALL,1494214.07,1881518.0237269937,49,10
COUNTRY_FRANCE,France,2018,General Government Support,ALL,760960.0800000001,936654.0115142429,9,6
COUNTRY_FRANCE,France,2018,Industrial and Technical Support,ALL,1706841.9600000002,2100925.4110344825,17,7
COUNTRY_FRANCE,France,2019,General Government Support,ALL,12603835.7,15217278.1025,11,6
COUNTRY_FRANCE,France,2019,Industrial and Technical Support,ALL,1740319.61,2101179.9997205883,39,10
COUNTRY_FRANCE,France,2020,General Government Support,ALL,43650.55,52316.936569343074,1,1
COUNTRY_FRANCE,France,2020,Industrial and Technical Support,ALL,1529749.82,1833466.5725839417,46,14
COUNTRY_FRANCE,France,2021,General Government Support,ALL,965154.32,1119197.3117514122,6,6
COUNTRY_FRANCE,France,2021,Industrial and Technical Support,ALL,1360071.77,1577145.3717090394,22,4
COUNTRY_FRANCE,France,2022,General Government Support,ALL,71248.4,77374.2544973545,3,2
COUNTRY_FRANCE,France,2022,Industrial and Technical Support,ALL,2088167.96,2267706.2105291006,18,7
COUNTRY_FRANCE,France,2023,General Government Support,ALL,1061509.25,1109483.2517504774,7,6
COUNTRY_FRANCE,France,2023,Industrial and Technical Support,ALL,2711972.2399999998,2834537.503551878,37,4
COUNTRY_FRANCE,France,2024,General Government Support,ALL,131021.72,133708.9274331883,3,3
COUNTRY_FRANCE,France,2024,Industrial and Technical Support,ALL,899501.2,917949.6397762585,9,6
COUNTRY_FRANCE,France,2025,General Government Support,ALL,672888.33,672888.33,3,3
COUNTRY_FRANCE,France,2025,Industrial and Technical Support,ALL,1095860.37,1095860.37,12,3
COUNTRY_FRANCE,France,2026,General Government Support,ALL,40273.36,39409.33082240763,2,1
COUNTRY_FRANCE,France,2026,Industrial and Technical Support,ALL,13127.24,12845.606722288438,1,1
COUNTRY_GEORGIA,Georgia,2016,Industrial and Technical Support,ALL,39005.73,49881.15939252336,1,1
COUNTRY_GEORGIA,Georgia,2017,Industrial and Technical Support,ALL,24629.26,31013.224631901838,1,1
COUNTRY_GEORGIA,Georgia,2020,General Government Support,ALL,159993.4,191758.51299270074,1,1
COUNTRY_GEORGIA,Georgia,2021,General Government Support,ALL,80196.87,92996.6529237288,3,3
COUNTRY_GEORGIA,Georgia,2022,General Government Support,ALL,68995.08,74927.19666666667,2,2
COUNTRY_GEORGIA,Georgia,2023,General Government Support,ALL,168504.31,176119.71802673457,4,4
COUNTRY_GEORGIA,Georgia,2026,Core Defence Industrial Complex,ALL,13484.75,13195.446662693681,1,1
COUNTRY_GERMANY,Germany,2016,Core Defence Industrial Complex,ALL,3500000,4475856.697819314,1,1
COUNTRY_GERMANY,Germany,2016,General Government Support,ALL,268340.67,343158.3957476635,9,7
COUNTRY_GERMANY,Germany,2016,Industrial and Technical Support,ALL,5632700.52,7203188.671214952,39,5
COUNTRY_GERMANY,Germany,2017,Core Defence Industrial Complex,ALL,26139765.93,32915257.405720856,18,8
COUNTRY_GERMANY,Germany,2017,General Government Support,ALL,6457632.75,8131467.005751533,42,28
COUNTRY_GERMANY,Germany,2017,Industrial and Technical Support,ALL,56554458.86,71213513.38046011,84,23
COUNTRY_GERMANY,Germany,2018,Core Defence Industrial Complex,ALL,81072052.61,99790337.6204048,9,8
COUNTRY_GERMANY,Germany,2018,General Government Support,ALL,12962423.21,15955246.55983508,36,20
COUNTRY_GERMANY,Germany,2018,Industrial and Technical Support,ALL,24531271.34,30195163.073673163,85,22
COUNTRY_GERMANY,Germany,2019,Core Defence Industrial Complex,ALL,1951198.16,2355784.8372941175,4,4
COUNTRY_GERMANY,Germany,2019,General Government Support,ALL,1140050.15,1376442.9016911765,27,15
COUNTRY_GERMANY,Germany,2019,Industrial and Technical Support,ALL,28263310.8,34123791.4217647,68,20
COUNTRY_GERMANY,Germany,2020,General Government Support,ALL,2605363.38,3122632.605810219,20,13
COUNTRY_GERMANY,Germany,2020,Industrial and Technical Support,ALL,27290480.21,32708736.13490511,42,17
COUNTRY_GERMANY,Germany,2021,Core Defence Industrial Complex,ALL,506282.67,587087.6724152542,2,2
COUNTRY_GERMANY,Germany,2021,General Government Support,ALL,21898094.66,25393129.54217514,21,9
COUNTRY_GERMANY,Germany,2021,Industrial and Technical Support,ALL,15645840.29,18142987.115946326,43,18
COUNTRY_GERMANY,Germany,2022,Core Defence Industrial Complex,ALL,83344020,90509841.82539684,1,1
COUNTRY_GERMANY,Germany,2022,General Government Support,ALL,502858.24,546093.4061375662,25,10
COUNTRY_GERMANY,Germany,2022,Industrial and Technical Support,ALL,89276460.05,96952346.16541006,36,14
COUNTRY_GERMANY,Germany,2023,Core Defence Industrial Complex,ALL,1736904.9,1815402.8299172502,1,1
COUNTRY_GERMANY,Germany,2023,General Government Support,ALL,14084174.69,14720696.907052834,20,9
COUNTRY_GERMANY,Germany,2023,Industrial and Technical Support,ALL,16369522.549999999,17109329.107001908,40,13
COUNTRY_GERMANY,Germany,2024,Core Defence Industrial Complex,ALL,1451694687.2,1481468412.9163456,5,4
COUNTRY_GERMANY,Germany,2024,General Government Support,ALL,990368828,1010680929.5065258,18,9
COUNTRY_GERMANY,Germany,2024,Industrial and Technical Support,ALL,13908003.08,14193251.12328154,28,15
COUNTRY_GERMANY,Germany,2025,Core Defence Industrial Complex,ALL,168673.16999999998,168673.16999999998,4,4
COUNTRY_GERMANY,Germany,2025,General Government Support,ALL,2854466.65,2854466.65,39,21
COUNTRY_GERMANY,Germany,2025,Industrial and Technical Support,ALL,679986.67,679986.67,19,11
COUNTRY_GERMANY,Germany,2026,Core Defence Industrial Complex,ALL,33444407.1,32726887.043027412,3,3
COUNTRY_GERMANY,Germany,2026,General Government Support,ALL,1017339.05,995512.9440405243,14,11
COUNTRY_GERMANY,Germany,2026,Industrial and Technical Support,ALL,607397.9,594366.7174016685,7,6
COUNTRY_GHANA,Ghana,2017,Industrial and Technical Support,ALL,26655.510000000002,33564.68360429448,2,2
COUNTRY_GHANA,Ghana,2018,General Government Support,ALL,128667.94,158375.38041979008,3,2
COUNTRY_GHANA,Ghana,2018,Industrial and Technical Support,ALL,285582.35,351518.90457271365,4,3
COUNTRY_GHANA,Ghana,2019,Industrial and Technical Support,ALL,105281.74,127112.21844117646,3,2
COUNTRY_GHANA,Ghana,2020,General Government Support,ALL,320686.71,384355.8962189781,4,1
COUNTRY_GHANA,Ghana,2020,Industrial and Technical Support,ALL,178567.72999999998,214020.59318248174,5,3
COUNTRY_GHANA,Ghana,2021,Industrial and Technical Support,ALL,82370.93,95517.7027259887,4,2
COUNTRY_GHANA,Ghana,2022,Industrial and Technical Support,ALL,72478.98,78710.63833333334,1,1
COUNTRY_GHANA,Ghana,2023,General Government Support,ALL,265050.49,277029.21997453854,2,1
COUNTRY_GHANA,Ghana,2023,Industrial and Technical Support,ALL,272394.84,284705.4915849777,8,3
COUNTRY_GHANA,Ghana,2024,Industrial and Technical Support,ALL,100567.73,102630.33726538222,2,2
COUNTRY_GHANA,Ghana,2025,Industrial and Technical Support,ALL,10919.49,10919.49,1,1
COUNTRY_GIBRALTAR,Gibraltar,2018,Core Defence Industrial Complex,ALL,228750.91,281565.9626836582,3,3
COUNTRY_GIBRALTAR,Gibraltar,2022,Industrial and Technical Support,ALL,29772.3,32332.0876984127,1,1
COUNTRY_GIBRALTAR,Gibraltar,2023,Industrial and Technical Support,ALL,36997,38669.04774029281,1,1
COUNTRY_GIBRALTAR,Gibraltar,2024,Industrial and Technical Support,ALL,24892.94,25403.485071472962,1,1
COUNTRY_GREECE,Greece,2016,Industrial and Technical Support,ALL,172542.72,220650.42542056073,8,3
COUNTRY_GREECE,Greece,2017,General Government Support,ALL,400407.1,504193.6029141104,4,4
COUNTRY_GREECE,Greece,2017,Industrial and Technical Support,ALL,2320855.5100000002,2922426.9535429445,15,4
COUNTRY_GREECE,Greece,2018,General Government Support,ALL,475978.97000000003,585875.1639730135,5,3
COUNTRY_GREECE,Greece,2018,Industrial and Technical Support,ALL,2793838.14,3438892.223298351,20,5
COUNTRY_GREECE,Greece,2019,General Government Support,ALL,542054.38,654450.9499705881,2,1
COUNTRY_GREECE,Greece,2019,Industrial and Technical Support,ALL,1722068.27,2079144.1906911763,29,9
COUNTRY_GREECE,Greece,2020,Core Defence Industrial Complex,ALL,2898129.2,3473524.194452555,1,1
COUNTRY_GREECE,Greece,2020,General Government Support,ALL,510858.20999999996,612284.0735912409,2,1
COUNTRY_GREECE,Greece,2020,Industrial and Technical Support,ALL,1022845.3300000001,1225921.1911386861,15,4
COUNTRY_GREECE,Greece,2021,Industrial and Technical Support,ALL,850446.3,986181.3733050846,21,2
COUNTRY_GREECE,Greece,2022,General Government Support,ALL,123617.59,134246.086494709,1,1
COUNTRY_GREECE,Greece,2022,Industrial and Technical Support,ALL,380388,413093.3174603175,10,3
COUNTRY_GREECE,Greece,2023,General Government Support,ALL,334457.48,349572.99946530873,4,4
COUNTRY_GREECE,Greece,2023,Industrial and Technical Support,ALL,1131281.16,1182408.4434882242,34,5
COUNTRY_GREECE,Greece,2024,General Government Support,ALL,2608382.82,2661879.7951771286,4,3
COUNTRY_GREECE,Greece,2024,Industrial and Technical Support,ALL,15431698.82,15748197.304188935,6,4
COUNTRY_GREECE,Greece,2025,General Government Support,ALL,113765.24,113765.24,1,1
COUNTRY_GREECE,Greece,2025,Industrial and Technical Support,ALL,680329.27,680329.27,4,2
COUNTRY_GREENLAND,Greenland,2017,General Government Support,ALL,682829.95,859821.1486963191,6,4
COUNTRY_GREENLAND,Greenland,2017,Industrial and Technical Support,ALL,72415.42,91185.67457055215,4,2
COUNTRY_GREENLAND,Greenland,2018,Core Defence Industrial Complex,ALL,58504.05,72011.73170914542,2,1
COUNTRY_GREENLAND,Greenland,2018,General Government Support,ALL,755694.72,930172.9611994001,3,2
COUNTRY_GREENLAND,Greenland,2018,Industrial and Technical Support,ALL,20292.8,24978.094152923535,1,1
COUNTRY_GREENLAND,Greenland,2019,General Government Support,ALL,264530,319381.0735294118,5,3
COUNTRY_GREENLAND,Greenland,2019,Industrial and Technical Support,ALL,384289.48,463973.0339411764,4,3
COUNTRY_GREENLAND,Greenland,2020,General Government Support,ALL,18177.09,21785.972102189782,1,1
COUNTRY_GREENLAND,Greenland,2021,General Government Support,ALL,168075.90000000002,194901.57330508475,2,1
COUNTRY_GREENLAND,Greenland,2021,Industrial and Technical Support,ALL,76403.92,88598.33096045197,3,1
COUNTRY_GREENLAND,Greenland,2022,General Government Support,ALL,1030248.2,1118827.741005291,2,1
COUNTRY_GREENLAND,Greenland,2022,Industrial and Technical Support,ALL,122709.83,133260.27834656084,3,2
COUNTRY_GREENLAND,Greenland,2023,Industrial and Technical Support,ALL,652175.94,681650.4732527053,2,1
COUNTRY_GREENLAND,Greenland,2024,General Government Support,ALL,1007706.27,1028373.9560845245,4,2
COUNTRY_GREENLAND,Greenland,2024,Industrial and Technical Support,ALL,239028.22,243930.60114356742,2,2
COUNTRY_GREENLAND,Greenland,2025,General Government Support,ALL,10033.82,10033.82,1,1
COUNTRY_GUAM,Guam,2017,Industrial and Technical Support,ALL,355746.88,447957.34429447853,2,1
COUNTRY_GUAM,Guam,2018,General Government Support,ALL,86167.93,106062.7744077961,2,1
COUNTRY_GUAM,Guam,2018,Industrial and Technical Support,ALL,252847.53,311226.1201349325,4,3
COUNTRY_GUAM,Guam,2019,Industrial and Technical Support,ALL,72256.31,87238.86839705882,3,2
COUNTRY_GUAM,Guam,2021,General Government Support,ALL,113734.72,131887.29536723162,1,1
COUNTRY_GUAM,Guam,2021,Industrial and Technical Support,ALL,241491.29,280034.3913700565,4,2
COUNTRY_GUAM,Guam,2022,Industrial and Technical Support,ALL,203293.99,220772.97062169312,2,1
COUNTRY_GUAM,Guam,2025,General Government Support,ALL,375911.27,375911.27,2,2
COUNTRY_GUAM,Guam,2025,Industrial and Technical Support,ALL,1342211.48,1342211.48,6,3
COUNTRY_GUATEMALA,Guatemala,2017,Industrial and Technical Support,ALL,141148.31,177734.29832822084,3,1
COUNTRY_GUATEMALA,Guatemala,2018,General Government Support,ALL,470582.54000000004,579232.7816191904,7,4
COUNTRY_GUATEMALA,Guatemala,2018,Industrial and Technical Support,ALL,408921.91000000003,503335.66433283355,7,2
COUNTRY_GUATEMALA,Guatemala,2019,General Government Support,ALL,567852.44,685598.3135882353,5,4
COUNTRY_GUATEMALA,Guatemala,2019,Industrial and Technical Support,ALL,136090.07,164308.74627941175,5,3
COUNTRY_GUATEMALA,Guatemala,2020,General Government Support,ALL,84865.46,101714.66081751825,3,3
COUNTRY_GUATEMALA,Guatemala,2021,General Government Support,ALL,201021.28,233105.18485875707,2,1
COUNTRY_GUATEMALA,Guatemala,2021,Industrial and Technical Support,ALL,66380.31,76974.9075,3,1
COUNTRY_GUATEMALA,Guatemala,2023,General Government Support,ALL,47609.37,49761.034716740935,2,2
COUNTRY_HUNGARY,Hungary,2017,Industrial and Technical Support,ALL,53660.03999999999,67568.85404907975,2,1
COUNTRY_HUNGARY,Hungary,2018,Industrial and Technical Support,ALL,37509.67,46170.073568215885,1,1
COUNTRY_HUNGARY,Hungary,2021,Industrial and Technical Support,ALL,281484,326410.1186440678,15,3
COUNTRY_HUNGARY,Hungary,2022,Industrial and Technical Support,ALL,155641.29,169023.14694444445,7,3
COUNTRY_HUNGARY,Hungary,2023,General Government Support,ALL,68891.18,72004.65789942711,1,1
COUNTRY_HUNGARY,Hungary,2023,Industrial and Technical Support,ALL,64717.770000000004,67642.63420751115,3,3
COUNTRY_HUNGARY,Hungary,2024,General Government Support,ALL,46002.11,46945.596407706646,2,2
COUNTRY_HUNGARY,Hungary,2024,Industrial and Technical Support,ALL,138958.07,141808.04906152887,3,2
COUNTRY_HUNGARY,Hungary,2025,Industrial and Technical Support,ALL,20734.51,20734.51,1,1
COUNTRY_ICELAND,Iceland,2016,Industrial and Technical Support,ALL,43532.05,55669.49073208722,3,1
COUNTRY_ICELAND,Iceland,2017,General Government Support,ALL,482160.76,607138.0122085889,5,3
COUNTRY_ICELAND,Iceland,2017,Industrial and Technical Support,ALL,1011753.86,1274002.943343558,22,5
COUNTRY_ICELAND,Iceland,2018,General Government Support,ALL,650921.12,801208.7549025486,4,2
COUNTRY_ICELAND,Iceland,2018,Industrial and Technical Support,ALL,1090711.94,1342540.483868066,36,6
COUNTRY_ICELAND,Iceland,2019,Industrial and Technical Support,ALL,244489.77,295185.4428970588,13,3
COUNTRY_ICELAND,Iceland,2020,Core Defence Industrial Complex,ALL,16126.09,19327.766262773723,1,1
COUNTRY_ICELAND,Iceland,2020,General Government Support,ALL,518908.56,621932.7412554745,4,3
COUNTRY_ICELAND,Iceland,2020,Industrial and Technical Support,ALL,254739.84,305315.9250218978,10,6
COUNTRY_ICELAND,Iceland,2021,Industrial and Technical Support,ALL,645517.68,748545.2193220339,29,5
COUNTRY_ICELAND,Iceland,2022,General Government Support,ALL,14304.55,15534.438558201058,1,1
COUNTRY_ICELAND,Iceland,2022,Industrial and Technical Support,ALL,457404,496731.06349206355,18,4
COUNTRY_ICELAND,Iceland,2023,General Government Support,ALL,16678.99,17432.7826734564,1,1
COUNTRY_ICELAND,Iceland,2023,Industrial and Technical Support,ALL,85391.01,89250.18359007002,3,2
COUNTRY_ICELAND,Iceland,2024,General Government Support,ALL,57920.94,59108.87724052205,2,1
COUNTRY_ICELAND,Iceland,2024,Industrial and Technical Support,ALL,416737.93,425285.07213175885,10,5
COUNTRY_ICELAND,Iceland,2025,General Government Support,ALL,234760.3,234760.3,2,2
COUNTRY_ICELAND,Iceland,2025,Industrial and Technical Support,ALL,1373587.56,1373587.56,29,2
COUNTRY_ICELAND,Iceland,2026,Industrial and Technical Support,ALL,16591.12,16235.172252681761,1,1
COUNTRY_INDIA,India,2017,General Government Support,ALL,310386.03,390838.85065950925,1,1
COUNTRY_INDIA,India,2017,Industrial and Technical Support,ALL,141115.69,177693.2231441718,1,1
COUNTRY_INDIA,India,2018,General Government Support,ALL,77958.53,95957.95071964017,3,1
COUNTRY_INDIA,India,2018,Industrial and Technical Support,ALL,234715.25,288907.3766866567,2,1
COUNTRY_INDIA,India,2021,Industrial and Technical Support,ALL,77567.03,89947.07857344631,2,2
COUNTRY_INDIA,India,2022,General Government Support,ALL,64400,69937.03703703704,1,1
COUNTRY_INDIA,India,2023,Industrial and Technical Support,ALL,121410.09,126897.1150732018,2,1
COUNTRY_INDONESIA,Indonesia,2018,Industrial and Technical Support,ALL,98244.36,120927.4656071964,7,1
COUNTRY_INDONESIA,Indonesia,2021,Industrial and Technical Support,ALL,67869.76,78702.0804519774,1,1
COUNTRY_INDONESIA,Indonesia,2023,General Government Support,ALL,877960.78,917639.4657924889,4,2
COUNTRY_INDONESIA,Indonesia,2023,Industrial and Technical Support,ALL,30376,31748.81731381286,1,1
COUNTRY_INDONESIA,Indonesia,2025,General Government Support,ALL,109098.07,109098.07,1,1
COUNTRY_INDONESIA,Indonesia,2025,Industrial and Technical Support,ALL,1497167.62,1497167.62,4,2
COUNTRY_IRELAND,Ireland,2017,General Government Support,ALL,13988.35,17614.164647239264,1,1
COUNTRY_IRELAND,Ireland,2017,Industrial and Technical Support,ALL,232248.47,292447.8433588957,4,4
COUNTRY_IRELAND,Ireland,2018,General Government Support,ALL,589202.99,725240.8617541229,4,2
COUNTRY_IRELAND,Ireland,2018,Industrial and Technical Support,ALL,377779.67000000004,465003.16202398797,8,4
COUNTRY_IRELAND,Ireland,2019,General Government Support,ALL,24000,28976.470588235294,1,1
COUNTRY_IRELAND,Ireland,2019,Industrial and Technical Support,ALL,200542.09,242125.08219117645,7,4
COUNTRY_IRELAND,Ireland,2020,Industrial and Technical Support,ALL,400062.04000000004,479490.41582481755,13,4
COUNTRY_IRELAND,Ireland,2022,General Government Support,ALL,566405.75,615104.6570767196,1,1
COUNTRY_IRELAND,Ireland,2022,Industrial and Technical Support,ALL,62624.58,68008.9684920635,1,1
COUNTRY_IRELAND,Ireland,2023,Industrial and Technical Support,ALL,56154.3,58692.14551241248,2,1
COUNTRY_IRELAND,Ireland,2024,Industrial and Technical Support,ALL,270179,275720.2722187694,6,4
COUNTRY_IRELAND,Ireland,2025,Industrial and Technical Support,ALL,1410240,1410240,1,1
COUNTRY_ISRAEL,Israel,2017,Core Defence Industrial Complex,ALL,14759.13,18584.732714723923,1,1
COUNTRY_ISRAEL,Israel,2017,General Government Support,ALL,977713.25,1231138.9236963189,9,7
COUNTRY_ISRAEL,Israel,2017,Industrial and Technical Support,ALL,152506.01,192035.9420398773,2,2
COUNTRY_ISRAEL,Israel,2018,Core Defence Industrial Complex,ALL,103114.81,126922.42730134932,2,2
COUNTRY_ISRAEL,Israel,2018,General Government Support,ALL,201362.38999999998,247853.85635682158,7,7
COUNTRY_ISRAEL,Israel,2018,Industrial and Technical Support,ALL,45109.89,55525.06700149924,2,2
COUNTRY_ISRAEL,Israel,2019,Core Defence Industrial Complex,ALL,122169.97,147502.27260294114,2,2
COUNTRY_ISRAEL,Israel,2019,General Government Support,ALL,299786.78,361948.45055882353,8,7
COUNTRY_ISRAEL,Israel,2019,Industrial and Technical Support,ALL,166156.8,200609.90117647056,4,3
COUNTRY_ISRAEL,Israel,2020,Core Defence Industrial Complex,ALL,37850.27,45365.068131386855,1,1
COUNTRY_ISRAEL,Israel,2020,General Government Support,ALL,1134377.19,1359596.6029051095,8,6
COUNTRY_ISRAEL,Israel,2020,Industrial and Technical Support,ALL,99943.71,119786.54877372264,3,3
COUNTRY_ISRAEL,Israel,2021,General Government Support,ALL,2663562,3088678.5338983047,2,2
COUNTRY_ISRAEL,Israel,2021,Industrial and Technical Support,ALL,241474.13999999998,280014.50415254233,6,3
COUNTRY_ISRAEL,Israel,2022,General Government Support,ALL,24999,27148.384920634922,1,1
COUNTRY_ISRAEL,Israel,2022,Industrial and Technical Support,ALL,3591062.76,3899818.1560317464,5,3
COUNTRY_ISRAEL,Israel,2023,Core Defence Industrial Complex,ALL,47230860,49365418.281349465,1,1
COUNTRY_ISRAEL,Israel,2023,General Government Support,ALL,4548820,4754400.025461489,2,2
COUNTRY_ISRAEL,Israel,2023,Industrial and Technical Support,ALL,219538.75,229460.6158497772,7,4
COUNTRY_ISRAEL,Israel,2024,General Government Support,ALL,6050865.14,6174966.165245494,2,2
COUNTRY_ISRAEL,Israel,2024,Industrial and Technical Support,ALL,2405173.2800000003,2454502.502026103,2,1
COUNTRY_ISRAEL,Israel,2025,Industrial and Technical Support,ALL,538682.72,538682.72,6,6
COUNTRY_ITALY,Italy,2016,General Government Support,ALL,12328.34,15765.68090342679,1,1
COUNTRY_ITALY,Italy,2016,Industrial and Technical Support,ALL,89200.09,114070.5200778816,3,1
COUNTRY_ITALY,Italy,2017,Core Defence Industrial Complex,ALL,121415.75,152887.01035276073,1,1
COUNTRY_ITALY,Italy,2017,General Government Support,ALL,734294.05,924624.8697085889,10,5
COUNTRY_ITALY,Italy,2017,Industrial and Technical Support,ALL,1825080.32,2298145.6176687116,17,6
COUNTRY_ITALY,Italy,2018,General Government Support,ALL,811501.79,998865.021874063,12,9
COUNTRY_ITALY,Italy,2018,Industrial and Technical Support,ALL,1842379,2267755.860569715,16,5
COUNTRY_ITALY,Italy,2019,Core Defence Industrial Complex,ALL,12054.21,14553.685897058822,1,1
COUNTRY_ITALY,Italy,2019,General Government Support,ALL,1364832.24,1647834.2191764705,13,8
COUNTRY_ITALY,Italy,2019,Industrial and Technical Support,ALL,17405293.95,21014332.842573527,27,9
COUNTRY_ITALY,Italy,2020,General Government Support,ALL,752096.83,901418.2444233577,5,4
COUNTRY_ITALY,Italy,2020,Industrial and Technical Support,ALL,606436.3200000001,726838.2755036497,3,1
COUNTRY_ITALY,Italy,2021,General Government Support,ALL,88004,102049.83615819209,1,1
COUNTRY_ITALY,Italy,2021,Industrial and Technical Support,ALL,24427.76,28326.5409039548,1,1
COUNTRY_ITALY,Italy,2022,General Government Support,ALL,11778.48,12791.18,1,1
COUNTRY_ITALY,Italy,2022,Industrial and Technical Support,ALL,30921.52,33580.1162962963,1,1
COUNTRY_ITALY,Italy,2023,General Government Support,ALL,730857.49,763887.9685423297,8,6
COUNTRY_ITALY,Italy,2023,Industrial and Technical Support,ALL,411090.25,429669.121896881,5,4
COUNTRY_ITALY,Italy,2024,General Government Support,ALL,275287.4,280933.4436295836,1,1
COUNTRY_ITALY,Italy,2024,Industrial and Technical Support,ALL,123296.23,125824.99046612802,5,2
COUNTRY_ITALY,Italy,2025,General Government Support,ALL,406578.89999999997,406578.89999999997,2,2
COUNTRY_ITALY,Italy,2025,Industrial and Technical Support,ALL,232950.44,232950.44,4,3
COUNTRY_IVORY_COAST,Ivory Coast,2017,Industrial and Technical Support,ALL,58198,73283.0644171779,2,1
COUNTRY_IVORY_COAST,Ivory Coast,2018,General Government Support,ALL,27099.46,33356.30683658171,1,1
COUNTRY_IVORY_COAST,Ivory Coast,2018,Industrial and Technical Support,ALL,103377.48,127245.74374812593,2,1
COUNTRY_IVORY_COAST,Ivory Coast,2019,General Government Support,ALL,46472.69,56108.93895588235,1,1
COUNTRY_IVORY_COAST,Ivory Coast,2019,Industrial and Technical Support,ALL,129252.99,156053.97763235294,3,2
COUNTRY_IVORY_COAST,Ivory Coast,2022,Industrial and Technical Support,ALL,1119042.78,1215256.7756349207,22,3
COUNTRY_IVORY_COAST,Ivory Coast,2023,Industrial and Technical Support,ALL,310661.47,324701.54916613625,2,1
COUNTRY_IVORY_COAST,Ivory Coast,2025,Industrial and Technical Support,ALL,130831.84,130831.84,4,1
COUNTRY_JAMAICA,Jamaica,2016,Industrial and Technical Support,ALL,93931.19,120120.72739875388,3,1
COUNTRY_JAMAICA,Jamaica,2017,Industrial and Technical Support,ALL,132147.01,166399.8392791411,7,5
COUNTRY_JAMAICA,Jamaica,2018,General Government Support,ALL,126275.97,155431.14148425788,3,1
COUNTRY_JAMAICA,Jamaica,2018,Industrial and Technical Support,ALL,1658270.3900000001,2041139.4155772114,18,6
COUNTRY_JAMAICA,Jamaica,2019,General Government Support,ALL,43815.05,52900.22948529411,2,2
COUNTRY_JAMAICA,Jamaica,2019,Industrial and Technical Support,ALL,692517.61,836113.1732499999,20,5
COUNTRY_JAMAICA,Jamaica,2020,General Government Support,ALL,223389.87,267741.7274014598,5,1
COUNTRY_JAMAICA,Jamaica,2020,Industrial and Technical Support,ALL,182749.94999999998,219033.1517518248,6,4
COUNTRY_JAMAICA,Jamaica,2021,General Government Support,ALL,943588.45,1094189.4314265538,4,2
COUNTRY_JAMAICA,Jamaica,2021,Industrial and Technical Support,ALL,30406706.42,35259754.19607344,15,5
COUNTRY_JAMAICA,Jamaica,2022,General Government Support,ALL,180499.15,196018.25681216933,3,3
COUNTRY_JAMAICA,Jamaica,2022,Industrial and Technical Support,ALL,146956.03,159591.1383994709,3,3
COUNTRY_JAMAICA,Jamaica,2023,General Government Support,ALL,202162,211298.5385105029,2,1
COUNTRY_JAMAICA,Jamaica,2023,Industrial and Technical Support,ALL,305390.31,319192.16360280075,4,2
COUNTRY_JAMAICA,Jamaica,2024,Industrial and Technical Support,ALL,356584.52,363897.9377501554,3,2
COUNTRY_JAMAICA,Jamaica,2025,Industrial and Technical Support,ALL,212114.65,212114.65,3,3
COUNTRY_JAMAICA,Jamaica,2026,General Government Support,ALL,63484.55,62122.54535160906,1,1
COUNTRY_JAPAN,Japan,2016,Industrial and Technical Support,ALL,279500,357429.12772585667,2,1
COUNTRY_JAPAN,Japan,2017,General Government Support,ALL,1502981.4100000001,1892557.8797699385,10,3
COUNTRY_JAPAN,Japan,2017,Industrial and Technical Support,ALL,1613978.26,2032325.3856748466,13,5
COUNTRY_JAPAN,Japan,2018,General Government Support,ALL,280049.22,344708.26029985,1,1
COUNTRY_JAPAN,Japan,2018,Industrial and Technical Support,ALL,507446.87,624608.5161469264,3,3
COUNTRY_JAPAN,Japan,2019,General Government Support,ALL,7430511.98,8971250.4935,7,7
COUNTRY_JAPAN,Japan,2019,Industrial and Technical Support,ALL,778498.51,939922.46575,7,5
COUNTRY_JAPAN,Japan,2020,General Government Support,ALL,673348.25,807034.9098540146,4,3
COUNTRY_JAPAN,Japan,2020,Industrial and Technical Support,ALL,563658.27,675567.0652116789,3,1
COUNTRY_JAPAN,Japan,2021,General Government Support,ALL,167129.90000000002,193804.58742937853,2,2
COUNTRY_JAPAN,Japan,2021,Industrial and Technical Support,ALL,666990.0800000001,773444.7114124293,2,2
COUNTRY_JAPAN,Japan,2022,General Government Support,ALL,525751.51,570955.0128439154,5,5
COUNTRY_JAPAN,Japan,2022,Industrial and Technical Support,ALL,1277258.24,1387075.4167195768,3,1
COUNTRY_JAPAN,Japan,2023,General Government Support,ALL,1019571.4,1065650.0565245068,5,3
COUNTRY_JAPAN,Japan,2023,Industrial and Technical Support,ALL,760935.05,795324.8581158498,7,6
COUNTRY_JAPAN,Japan,2024,General Government Support,ALL,570639.8099999999,582343.4232566811,4,2
COUNTRY_JAPAN,Japan,2024,Industrial and Technical Support,ALL,2483723.98,2534664.2480795523,6,1
COUNTRY_JAPAN,Japan,2025,Industrial and Technical Support,ALL,4533952.93,4533952.93,3,3
COUNTRY_JORDAN,Jordan,2020,Industrial and Technical Support,ALL,133093.38,159517.75909489053,1,1
COUNTRY_KENYA,Kenya,2017,Industrial and Technical Support,ALL,12271.61,15452.441426380368,1,1
COUNTRY_KENYA,Kenya,2019,Industrial and Technical Support,ALL,33185.74,40066.900794117646,3,2
COUNTRY_KIRIBATI,Kiribati,2018,Industrial and Technical Support,ALL,72178.35,88843.2164167916,3,2
COUNTRY_KIRIBATI,Kiribati,2025,Industrial and Technical Support,ALL,74113.91,74113.91,1,1
COUNTRY_KOSOVO,Kosovo,2022,Industrial and Technical Support,ALL,67457.69,73257.62366402117,3,1
COUNTRY_KOSOVO,Kosovo,2024,Industrial and Technical Support,ALL,129121.04,131769.26518334367,1,1
COUNTRY_KOSOVO,Kosovo,2025,Industrial and Technical Support,ALL,20308.39,20308.39,1,1
COUNTRY_LATVIA,Latvia,2016,General Government Support,ALL,83450,106717.21183800622,1,1
COUNTRY_LATVIA,Latvia,2017,General Government Support,ALL,1368410.84,1723106.287791411,10,9
COUNTRY_LATVIA,Latvia,2017,Industrial and Technical Support,ALL,580186.0599999999,730571.7105214724,18,5
COUNTRY_LATVIA,Latvia,2018,Industrial and Technical Support,ALL,74283.2,91434.04377811094,2,2
COUNTRY_LATVIA,Latvia,2019,Industrial and Technical Support,ALL,246292.87,297362.4209852941,11,2
COUNTRY_LIBERIA,Liberia,2016,General Government Support,ALL,32647.53,41750.190233644855,1,1
COUNTRY_LIBERIA,Liberia,2016,Industrial and Technical Support,ALL,82954,106082.91900311525,2,1
COUNTRY_LIBERIA,Liberia,2017,Industrial and Technical Support,ALL,142564.16,179517.14012269938,1,1
COUNTRY_LIBERIA,Liberia,2018,Industrial and Technical Support,ALL,124770.1,153577.58935532236,2,1
COUNTRY_LITHUANIA,Lithuania,2016,Industrial and Technical Support,ALL,92682.51,118523.89518691586,1,1
COUNTRY_LITHUANIA,Lithuania,2018,Industrial and Technical Support,ALL,202115.11,248780.3677811094,4,2
COUNTRY_LITHUANIA,Lithuania,2019,Industrial and Technical Support,ALL,16544.52,19975.07488235294,1,1
COUNTRY_LITHUANIA,Lithuania,2021,General Government Support,ALL,40095,46494.34322033898,1,1
COUNTRY_LITHUANIA,Lithuania,2021,Industrial and Technical Support,ALL,50948.35,59079.93693502824,2,2
COUNTRY_LITHUANIA,Lithuania,2023,Industrial and Technical Support,ALL,444350.98,464433.0421133036,4,3
COUNTRY_LUXEMBOURG,Luxembourg,2019,Core Defence Industrial Complex,ALL,1483879.9,1791566.761617647,2,1
COUNTRY_LUXEMBOURG,Luxembourg,2021,General Government Support,ALL,15177.71,17600.141115819206,1,1
COUNTRY_LUXEMBOURG,Luxembourg,2023,General Government Support,ALL,11000,11497.135582431572,1,1
COUNTRY_LUXEMBOURG,Luxembourg,2024,General Government Support,ALL,10658.19,10876.785568676196,2,2
COUNTRY_MADAGASCAR,Madagascar,2016,General Government Support,ALL,15420.81,19720.381635514015,1,1
COUNTRY_MADAGASCAR,Madagascar,2016,Industrial and Technical Support,ALL,83288.28,106510.40168224298,1,1
COUNTRY_MALAYSIA,Malaysia,2017,General Government Support,ALL,460670.25,580077.1092791411,3,1
COUNTRY_MALAYSIA,Malaysia,2017,Industrial and Technical Support,ALL,540099.2,680094.2380368097,3,1
COUNTRY_MALAYSIA,Malaysia,2018,General Government Support,ALL,500080.4,615541.2419790105,1,1
COUNTRY_MALAYSIA,Malaysia,2018,Industrial and Technical Support,ALL,114000,140320.8395802099,1,1
COUNTRY_MALAYSIA,Malaysia,2021,Industrial and Technical Support,ALL,89764.83,104091.70258474576,4,1
COUNTRY_MALAYSIA,Malaysia,2022,Industrial and Technical Support,ALL,178652.64,194012.98603174606,5,2
COUNTRY_MALAYSIA,Malaysia,2023,Industrial and Technical Support,ALL,307103.68,320982.96789306175,4,3
COUNTRY_MALAYSIA,Malaysia,2024,Industrial and Technical Support,ALL,28596,29182.49347420758,2,2
COUNTRY_MALAYSIA,Malaysia,2025,General Government Support,ALL,134364.14,134364.14,1,1
COUNTRY_MALAYSIA,Malaysia,2025,Industrial and Technical Support,ALL,302159.58,302159.58,2,2
COUNTRY_MALDIVES,Maldives,2022,Industrial and Technical Support,ALL,39464.19,42857.27511904763,1,1
COUNTRY_MALDIVES,Maldives,2023,Industrial and Technical Support,ALL,41181.44,43042.59992361553,1,1
COUNTRY_MALI,Mali,2018,General Government Support,ALL,609660.31,750421.4610344827,4,3
COUNTRY_MALI,Mali,2019,General Government Support,ALL,241783,291917.4161764706,2,1
COUNTRY_MALI,Mali,2020,General Government Support,ALL,171219.84,205213.8520291971,1,1
COUNTRY_MALI,Mali,2021,General Government Support,ALL,231996.3,269023.9580508474,1,1
COUNTRY_MALTA,Malta,2023,General Government Support,ALL,351509.06,367395.211024825,2,2
COUNTRY_MALTA,Malta,2023,Industrial and Technical Support,ALL,196569.08,205452.85127943984,1,1
COUNTRY_MALTA,Malta,2024,Industrial and Technical Support,ALL,27066.79,27621.919937849594,1,1
COUNTRY_MARSHALL_ISLANDS,Marshall Islands,2018,Industrial and Technical Support,ALL,24123.52,29693.26824587706,1,1
COUNTRY_MEXICO,Mexico,2016,General Government Support,ALL,349332.12,446731.57401869155,4,1
COUNTRY_MEXICO,Mexico,2016,Industrial and Technical Support,ALL,160931.47,205801.77082554513,5,3
COUNTRY_MEXICO,Mexico,2017,General Government Support,ALL,40868.51,51461.72808282208,1,1
COUNTRY_MEXICO,Mexico,2017,Industrial and Technical Support,ALL,109141.75,137431.55943251532,4,4
COUNTRY_MEXICO,Mexico,2018,General Government Support,ALL,250429.45,308249.7428035982,3,3
COUNTRY_MEXICO,Mexico,2018,Industrial and Technical Support,ALL,248821.47999999998,306270.51736131933,4,2
COUNTRY_MEXICO,Mexico,2019,General Government Support,ALL,214336.19,258779.42939705885,3,2
COUNTRY_MEXICO,Mexico,2019,Industrial and Technical Support,ALL,153773.57,185658.97201470585,4,4
COUNTRY_MEXICO,Mexico,2020,Industrial and Technical Support,ALL,21234.65,25450.58051094891,1,1
COUNTRY_MEXICO,Mexico,2021,General Government Support,ALL,301136.38,349199.10731638415,1,1
COUNTRY_MEXICO,Mexico,2021,Industrial and Technical Support,ALL,2868535,3326366.1511299433,1,1
COUNTRY_MEXICO,Mexico,2022,General Government Support,ALL,354780.58999999997,385284.21215608466,3,2
COUNTRY_MEXICO,Mexico,2022,Industrial and Technical Support,ALL,699015.51,759116.0498809523,2,1
COUNTRY_MEXICO,Mexico,2023,General Government Support,ALL,70999.64,74208.40794398473,1,1
COUNTRY_MEXICO,Mexico,2024,General Government Support,ALL,32500,33166.56308266003,1,1
COUNTRY_MEXICO,Mexico,2024,Industrial and Technical Support,ALL,108703.43,110932.89748912366,3,2
COUNTRY_MEXICO,Mexico,2025,General Government Support,ALL,221244.72999999998,221244.72999999998,3,2
COUNTRY_MEXICO,Mexico,2025,Industrial and Technical Support,ALL,511578.14999999997,511578.14999999997,5,4
COUNTRY_MEXICO,Mexico,2026,General Government Support,ALL,161001.38,157547.23835518473,2,2
COUNTRY_MONGOLIA,Mongolia,2018,General Government Support,ALL,25000,30772.113943028486,1,1
COUNTRY_MONGOLIA,Mongolia,2019,General Government Support,ALL,12935,15617.110294117647,1,1
COUNTRY_MONGOLIA,Mongolia,2023,General Government Support,ALL,52478.08,54849.78189688097,1,1
COUNTRY_MONTENEGRO,Montenegro,2018,General Government Support,ALL,45620.66,56153.76590704648,1,1
COUNTRY_MOROCCO,Morocco,2018,General Government Support,ALL,27181.58,33457.38707646177,1,1
COUNTRY_MOROCCO,Morocco,2019,General Government Support,ALL,229359.92,276918.374,4,1
COUNTRY_MOROCCO,Morocco,2019,Industrial and Technical Support,ALL,56487.270000000004,68200.07157352942,2,1
COUNTRY_MOROCCO,Morocco,2022,General Government Support,ALL,25691.84,27900.794497354498,1,1
COUNTRY_MOROCCO,Morocco,2024,Industrial and Technical Support,ALL,141480.65,144382.36625233063,3,1
COUNTRY_MOROCCO,Morocco,2025,General Government Support,ALL,29488.39,29488.39,1,1
COUNTRY_NAMIBIA,Namibia,2022,Industrial and Technical Support,ALL,35518.01,38571.80715608466,1,1
COUNTRY_NEPAL,Nepal,2021,Industrial and Technical Support,ALL,20152.37,23368.77933615819,1,1
COUNTRY_NETHERLANDS,Netherlands,2016,General Government Support,ALL,77593.45,99227.76082554516,1,1
COUNTRY_NETHERLANDS,Netherlands,2016,Industrial and Technical Support,ALL,174617.94,223304.25037383175,4,3
COUNTRY_NETHERLANDS,Netherlands,2017,General Government Support,ALL,2673911.55,3366995.985506135,10,7
COUNTRY_NETHERLANDS,Netherlands,2017,Industrial and Technical Support,ALL,222929.7,280713.62530674844,5,5
COUNTRY_NETHERLANDS,Netherlands,2018,General Government Support,ALL,836865.97,1030085.3993553224,4,4
COUNTRY_NETHERLANDS,Netherlands,2018,Industrial and Technical Support,ALL,224680.28,276555.4870764618,3,3
COUNTRY_NETHERLANDS,Netherlands,2019,Core Defence Industrial Complex,ALL,432960.6,522736.25382352935,1,1
COUNTRY_NETHERLANDS,Netherlands,2019,General Government Support,ALL,335537.27,405111.90980882355,2,2
COUNTRY_NETHERLANDS,Netherlands,2019,Industrial and Technical Support,ALL,60458.02,72994.16826470588,1,1
COUNTRY_NETHERLANDS,Netherlands,2020,Core Defence Industrial Complex,ALL,432934,518888.7795620438,1,1
COUNTRY_NETHERLANDS,Netherlands,2020,General Government Support,ALL,90000,107868.61313868614,1,1
COUNTRY_NETHERLANDS,Netherlands,2021,General Government Support,ALL,258509.71000000002,299769.0281214689,7,3
COUNTRY_NETHERLANDS,Netherlands,2021,Industrial and Technical Support,ALL,236990.47,274815.2201553672,5,4
COUNTRY_NETHERLANDS,Netherlands,2022,General Government Support,ALL,73573.65000000001,79899.42678571428,2,2
COUNTRY_NETHERLANDS,Netherlands,2022,Industrial and Technical Support,ALL,1288752.96,1399558.4393650794,11,4
COUNTRY_NETHERLANDS,Netherlands,2023,General Government Support,ALL,928544.36,970509.127383832,2,2
COUNTRY_NETHERLANDS,Netherlands,2023,Industrial and Technical Support,ALL,199342.96000000002,208352.09441120308,3,2
COUNTRY_NETHERLANDS,Netherlands,2024,General Government Support,ALL,12374,12627.786202610316,1,1
COUNTRY_NETHERLANDS,Netherlands,2024,Industrial and Technical Support,ALL,229530.84,234238.43336233683,1,1
COUNTRY_NETHERLANDS,Netherlands,2025,Core Defence Industrial Complex,ALL,10462291,10462291,1,1
COUNTRY_NETHERLANDS,Netherlands,2025,General Government Support,ALL,697540.6699999999,697540.6699999999,4,3
COUNTRY_NETHERLANDS,Netherlands,2025,Industrial and Technical Support,ALL,115053,115053,2,2
COUNTRY_NETHERLANDS,Netherlands,2026,Core Defence Industrial Complex,ALL,14532.49,14220.70833134684,1,1
COUNTRY_NEW_CALEDONIA,New Caledonia,2016,Industrial and Technical Support,ALL,173690.26,222117.91816199373,3,1
COUNTRY_NEW_CALEDONIA,New Caledonia,2023,Industrial and Technical Support,ALL,485640.25,507588.3453214513,3,1
COUNTRY_NEW_CALEDONIA,New Caledonia,2025,Industrial and Technical Support,ALL,291815.1,291815.1,1,1
COUNTRY_NEW_ZEALAND,New Zealand,2016,General Government Support,ALL,26726.42,34178.17884735202,1,1
COUNTRY_NEW_ZEALAND,New Zealand,2016,Industrial and Technical Support,ALL,65503.46000000001,83766.88576323987,2,1
COUNTRY_NEW_ZEALAND,New Zealand,2017,Industrial and Technical Support,ALL,47423,59715.15797546012,1,1
COUNTRY_NEW_ZEALAND,New Zealand,2018,Industrial and Technical Support,ALL,78808.64,97004.33799100449,2,2
COUNTRY_NEW_ZEALAND,New Zealand,2020,Industrial and Technical Support,ALL,101710.73,121904.39318248176,3,1
COUNTRY_NEW_ZEALAND,New Zealand,2021,Industrial and Technical Support,ALL,289948.16,336225.19683615817,3,2
COUNTRY_NIGER,Niger,2017,General Government Support,ALL,19467,24512.89417177914,1,1
COUNTRY_NIGER,Niger,2017,Industrial and Technical Support,ALL,77598.59,97712.33495398772,4,4
COUNTRY_NIGER,Niger,2018,General Government Support,ALL,170758.23,210183.6684107946,9,1
COUNTRY_NIGER,Niger,2018,Industrial and Technical Support,ALL,41424.91,50989.28202398801,2,2
COUNTRY_NIGER,Niger,2019,General Government Support,ALL,18204.12,21978.79782352941,1,1
COUNTRY_NIGER,Niger,2019,Industrial and Technical Support,ALL,66930.77,80809.06201470588,2,2
COUNTRY_NIGER,Niger,2020,Industrial and Technical Support,ALL,44193.880000000005,52968.139386861316,2,2
COUNTRY_NIGER,Niger,2021,Industrial and Technical Support,ALL,79004.38,91613.83612994349,4,2
COUNTRY_NIGERIA,Nigeria,2018,General Government Support,ALL,70171.65,86373.20037481259,3,2
COUNTRY_NIGERIA,Nigeria,2018,Industrial and Technical Support,ALL,81005.95999999999,99708.9852473763,3,2
COUNTRY_NIGERIA,Nigeria,2022,Industrial and Technical Support,ALL,156424.85,169874.07652116404,3,3
COUNTRY_NORTHERN_MARIANA_ISLANDS,Northern Mariana Islands,2023,Industrial and Technical Support,ALL,41353.25,43222.17472947168,3,1
COUNTRY_NORTH_MACEDONIA,North Macedonia,2018,General Government Support,ALL,90067.09,110862.19023988006,3,3
COUNTRY_NORTH_MACEDONIA,North Macedonia,2021,Industrial and Technical Support,ALL,10934.42,12679.602853107344,1,1
COUNTRY_NORTH_MACEDONIA,North Macedonia,2022,Industrial and Technical Support,ALL,118977.84,129207.4161904762,6,2
COUNTRY_NORTH_MACEDONIA,North Macedonia,2023,General Government Support,ALL,92588,96772.43539147041,1,1
COUNTRY_NORTH_MACEDONIA,North Macedonia,2023,Industrial and Technical Support,ALL,232496.18,243003.6458052196,10,3
COUNTRY_NORTH_MACEDONIA,North Macedonia,2024,General Government Support,ALL,105681,107848.47855811063,2,2
COUNTRY_NORTH_MACEDONIA,North Macedonia,2024,Industrial and Technical Support,ALL,136359.51,139156.19354878805,2,2
COUNTRY_NORWAY,Norway,2017,Core Defence Industrial Complex,ALL,371639,467968.740797546,1,1
COUNTRY_NORWAY,Norway,2017,General Government Support,ALL,3327249.42,4189680.6346932515,7,6
COUNTRY_NORWAY,Norway,2017,Industrial and Technical Support,ALL,707618.1399999999,891034.498374233,3,2
COUNTRY_NORWAY,Norway,2018,General Government Support,ALL,574168.64,706735.3125037481,6,4
COUNTRY_NORWAY,Norway,2018,Industrial and Technical Support,ALL,2185844.4899999998,2690522.2283208393,23,10
COUNTRY_NORWAY,Norway,2019,Core Defence Industrial Complex,ALL,25640974,30957705.373529408,1,1
COUNTRY_NORWAY,Norway,2019,Industrial and Technical Support,ALL,305997.79000000004,369447.33175,7,3
COUNTRY_NORWAY,Norway,2020,Core Defence Industrial Complex,ALL,310161.6,371741.12934306567,1,1
COUNTRY_NORWAY,Norway,2020,Industrial and Technical Support,ALL,29491.96,35347.29804379562,2,2
COUNTRY_NORWAY,Norway,2021,General Government Support,ALL,722389.43,837686.0480649717,5,4
COUNTRY_NORWAY,Norway,2021,Industrial and Technical Support,ALL,707139.21,820001.8240254237,5,3
COUNTRY_NORWAY,Norway,2022,General Government Support,ALL,24749.8,26877.758994708995,1,1
COUNTRY_NORWAY,Norway,2022,Industrial and Technical Support,ALL,249145.63,270566.8812566138,2,2
COUNTRY_NORWAY,Norway,2023,Core Defence Industrial Complex,ALL,40382236,42207276.58306811,1,1
COUNTRY_NORWAY,Norway,2023,General Government Support,ALL,97765.15,102183.56225334182,1,1
COUNTRY_NORWAY,Norway,2023,Industrial and Technical Support,ALL,1478635.88,1545461.5626734565,3,3
COUNTRY_NORWAY,Norway,2024,General Government Support,ALL,45273.73,46202.27760099441,1,1
COUNTRY_NORWAY,Norway,2024,Industrial and Technical Support,ALL,254983.48,260213.09767557489,3,2
COUNTRY_NORWAY,Norway,2025,Core Defence Industrial Complex,ALL,2589484.26,2589484.26,8,7
COUNTRY_NORWAY,Norway,2025,General Government Support,ALL,16895.48,16895.48,1,1
COUNTRY_NORWAY,Norway,2025,Industrial and Technical Support,ALL,6806224.5,6806224.5,2,2
COUNTRY_NORWAY,Norway,2026,Core Defence Industrial Complex,ALL,485201.66000000003,474792.0892252681,4,4
COUNTRY_OMAN,Oman,2021,General Government Support,ALL,206699.96,239690.2078531073,3,1
COUNTRY_OMAN,Oman,2021,Industrial and Technical Support,ALL,334312.56,387670.35559322033,3,1
COUNTRY_OMAN,Oman,2023,General Government Support,ALL,451973.31,472399.8567918524,2,2
COUNTRY_OMAN,Oman,2023,Industrial and Technical Support,ALL,183702.97999999998,192005.27890515595,2,2
COUNTRY_OMAN,Oman,2025,General Government Support,ALL,25904.15,25904.15,1,1
COUNTRY_OMAN,Oman,2025,Industrial and Technical Support,ALL,210391.43,210391.43,2,2
COUNTRY_PAKISTAN,Pakistan,2021,Industrial and Technical Support,ALL,35025.46,40615.68172316384,1,1
COUNTRY_PAKISTAN,Pakistan,2022,General Government Support,ALL,182450.06,198136.9037830688,1,1
COUNTRY_PANAMA,Panama,2017,Industrial and Technical Support,ALL,212162.62,267155.6917484662,4,4
COUNTRY_PANAMA,Panama,2018,Industrial and Technical Support,ALL,20317.38,25008.349295352324,1,1
COUNTRY_PANAMA,Panama,2019,Industrial and Technical Support,ALL,82540.70000000001,99655.7569117647,4,3
COUNTRY_PANAMA,Panama,2021,Industrial and Technical Support,ALL,67456,78222.28248587571,1,1
COUNTRY_PANAMA,Panama,2024,Industrial and Technical Support,ALL,427501.84,436269.74597886886,1,1
COUNTRY_PANAMA,Panama,2025,General Government Support,ALL,119389.45999999999,119389.45999999999,3,2
COUNTRY_PANAMA,Panama,2025,Industrial and Technical Support,ALL,749584.65,749584.65,10,4
COUNTRY_PAPUA_NEW_GUINEA,Papua New Guinea,2018,Industrial and Technical Support,ALL,42013.38,51713.62065967016,1,1
COUNTRY_PERU,Peru,2016,General Government Support,ALL,11255.11,14393.216993769469,1,1
COUNTRY_PERU,Peru,2016,Industrial and Technical Support,ALL,56136.92,71788.80267912772,2,1
COUNTRY_PERU,Peru,2018,General Government Support,ALL,13931.02,17147.477391304346,1,1
COUNTRY_PERU,Peru,2018,Industrial and Technical Support,ALL,33620.84,41383.372773613184,1,1
COUNTRY_PERU,Peru,2019,Industrial and Technical Support,ALL,45439.96,54862.06935294117,1,1
COUNTRY_PERU,Peru,2022,General Government Support,ALL,61938.630000000005,67264.04130952382,3,3
COUNTRY_PERU,Peru,2024,General Government Support,ALL,94278.19,96211.80110627718,3,3
COUNTRY_PERU,Peru,2025,General Government Support,ALL,182939.13,182939.13,4,3
COUNTRY_PERU,Peru,2025,Industrial and Technical Support,ALL,131409.8,131409.8,1,1
COUNTRY_PERU,Peru,2026,General Government Support,ALL,43174.47,42248.200083432654,2,2
COUNTRY_PHILIPPINES,Philippines,2017,Industrial and Technical Support,ALL,42670.979999999996,53731.40273006135,2,2
COUNTRY_PHILIPPINES,Philippines,2019,General Government Support,ALL,30354,36647.99117647058,1,1
COUNTRY_PHILIPPINES,Philippines,2021,Industrial and Technical Support,ALL,206363.81,239300.4067937853,1,1
COUNTRY_PHILIPPINES,Philippines,2022,Industrial and Technical Support,ALL,271324.62,294652.79500000004,2,2
COUNTRY_PHILIPPINES,Philippines,2023,General Government Support,ALL,98974.4,103447.46327180142,2,2
COUNTRY_PHILIPPINES,Philippines,2023,Industrial and Technical Support,ALL,138912.75,145190.7928071292,1,1
COUNTRY_PHILIPPINES,Philippines,2024,Core Defence Industrial Complex,ALL,15189.36,15500.888203853325,1,1
COUNTRY_PHILIPPINES,Philippines,2024,General Government Support,ALL,85700.27,87457.95111249223,1,1
COUNTRY_PHILIPPINES,Philippines,2024,Industrial and Technical Support,ALL,83122.66,84827.47527656928,4,3
COUNTRY_PHILIPPINES,Philippines,2025,General Government Support,ALL,359920.03,359920.03,5,3
COUNTRY_PHILIPPINES,Philippines,2025,Industrial and Technical Support,ALL,638607.69,638607.69,3,2
COUNTRY_POLAND,Poland,2016,General Government Support,ALL,541443.2999999999,692406.463084112,6,6
COUNTRY_POLAND,Poland,2016,Industrial and Technical Support,ALL,104464.88,133591.38080996883,4,3
COUNTRY_POLAND,Poland,2017,General Government Support,ALL,404987.48,509961.2286503067,15,12
COUNTRY_POLAND,Poland,2017,Industrial and Technical Support,ALL,231716.96,291778.56466257665,6,4
COUNTRY_POLAND,Poland,2018,General Government Support,ALL,342868.11,422031.061934033,3,3
COUNTRY_POLAND,Poland,2018,Industrial and Technical Support,ALL,133291.77,164066.7813643178,2,1
COUNTRY_POLAND,Poland,2021,General Government Support,ALL,182739.3,211905.31822033896,1,1
COUNTRY_POLAND,Poland,2021,Industrial and Technical Support,ALL,478561.15,554941.6725282485,15,1
COUNTRY_POLAND,Poland,2022,General Government Support,ALL,3915185.79,4251808.90686508,4,4
COUNTRY_POLAND,Poland,2022,Industrial and Technical Support,ALL,2459966.23,2671471.2630026457,73,4
COUNTRY_POLAND,Poland,2023,General Government Support,ALL,156495.28,163567.95019732654,2,2
COUNTRY_POLAND,Poland,2023,Industrial and Technical Support,ALL,1965251.81,2054069.6830171866,64,3
COUNTRY_POLAND,Poland,2024,General Government Support,ALL,256378.67,261636.90251087633,4,3
COUNTRY_POLAND,Poland,2024,Industrial and Technical Support,ALL,982763.72,1002919.8435301428,18,3
COUNTRY_POLAND,Poland,2025,Core Defence Industrial Complex,ALL,13337.4,13337.4,1,1
COUNTRY_POLAND,Poland,2025,General Government Support,ALL,141599.06,141599.06,3,3
COUNTRY_POLAND,Poland,2025,Industrial and Technical Support,ALL,3469242.29,3469242.29,14,2
COUNTRY_PORTUGAL,Portugal,2016,Industrial and Technical Support,ALL,45916.32,58718.5338317757,1,1
COUNTRY_PORTUGAL,Portugal,2017,General Government Support,ALL,308522.12,388491.8106134969,3,2
COUNTRY_PORTUGAL,Portugal,2017,Industrial and Technical Support,ALL,198694.31,250196.36274539877,7,5
COUNTRY_PORTUGAL,Portugal,2018,General Government Support,ALL,798340.55,982665.0547976012,9,5
COUNTRY_PORTUGAL,Portugal,2018,Industrial and Technical Support,ALL,546606.97,672810.0785157421,14,5
COUNTRY_PORTUGAL,Portugal,2019,General Government Support,ALL,388016.44,468472.79005882354,3,2
COUNTRY_PORTUGAL,Portugal,2019,Industrial and Technical Support,ALL,356078.91,429912.9192794117,16,6
COUNTRY_PORTUGAL,Portugal,2020,Core Defence Industrial Complex,ALL,124078.98,148713.6388029197,1,1
COUNTRY_PORTUGAL,Portugal,2020,General Government Support,ALL,191719.24,229783.20589781023,2,2
COUNTRY_PORTUGAL,Portugal,2020,Industrial and Technical Support,ALL,97861.05,117290.39715328468,2,2
COUNTRY_PORTUGAL,Portugal,2021,General Government Support,ALL,56683.22,65730.11810734464,1,1
COUNTRY_PORTUGAL,Portugal,2021,Industrial and Technical Support,ALL,445712.19,516849.87004237284,23,3
COUNTRY_PORTUGAL,Portugal,2022,General Government Support,ALL,384149.39,417178.1073941799,4,2
COUNTRY_PORTUGAL,Portugal,2022,Industrial and Technical Support,ALL,621397.03,674824.0233201059,20,4
COUNTRY_PORTUGAL,Portugal,2023,General Government Support,ALL,9351166.38,9773784.338612348,3,3
COUNTRY_PORTUGAL,Portugal,2023,Industrial and Technical Support,ALL,609417.02,636959.1004710376,16,6
COUNTRY_PORTUGAL,Portugal,2024,General Government Support,ALL,344656.72,351725.50294592907,1,1
COUNTRY_PORTUGAL,Portugal,2024,Industrial and Technical Support,ALL,782273.97,798318.1222747047,11,2
COUNTRY_PORTUGAL,Portugal,2025,General Government Support,ALL,116330.61,116330.61,3,3
COUNTRY_PORTUGAL,Portugal,2025,Industrial and Technical Support,ALL,369252.03,369252.03,7,2
COUNTRY_PUERTO_RICO,Puerto Rico,2016,Industrial and Technical Support,ALL,41477.94,53042.66158878504,1,1
COUNTRY_PUERTO_RICO,Puerto Rico,2018,Industrial and Technical Support,ALL,41272.16,50801.2644077961,1,1
COUNTRY_PUERTO_RICO,Puerto Rico,2021,Industrial and Technical Support,ALL,97781.81,113388.2288276836,2,1
COUNTRY_PUERTO_RICO,Puerto Rico,2022,Industrial and Technical Support,ALL,53598.48,58206.814920634926,1,1
COUNTRY_PUERTO_RICO,Puerto Rico,2023,Industrial and Technical Support,ALL,162921.02,170284.0960152769,4,1
COUNTRY_PUERTO_RICO,Puerto Rico,2024,Industrial and Technical Support,ALL,89852.71,91695.55613424488,1,1
COUNTRY_PUERTO_RICO,Puerto Rico,2025,Industrial and Technical Support,ALL,147393.35,147393.35,2,1
COUNTRY_REPUBLIC_OF_KOREA,Republic of Korea,2017,General Government Support,ALL,317957.16,400372.4361349693,1,1
COUNTRY_REPUBLIC_OF_KOREA,Republic of Korea,2017,Industrial and Technical Support,ALL,1123109.48,1414222.2133128834,6,3
COUNTRY_REPUBLIC_OF_KOREA,Republic of Korea,2019,General Government Support,ALL,388640.53,469226.28695588233,2,1
COUNTRY_REPUBLIC_OF_KOREA,Republic of Korea,2019,Industrial and Technical Support,ALL,251873.6,304100.3317647059,2,1
COUNTRY_REPUBLIC_OF_KOREA,Republic of Korea,2021,Industrial and Technical Support,ALL,399000,462682.2033898305,1,1
COUNTRY_REPUBLIC_OF_KOREA,Republic of Korea,2022,General Government Support,ALL,91825.53,99720.58218253969,1,1
COUNTRY_REPUBLIC_OF_KOREA,Republic of Korea,2024,General Government Support,ALL,57951.77,59140.339552517085,1,1
COUNTRY_REPUBLIC_OF_KOREA,Republic of Korea,2024,Industrial and Technical Support,ALL,1032743.0599999999,1053924.2414667495,4,2
COUNTRY_REPUBLIC_OF_KOREA,Republic of Korea,2025,Industrial and Technical Support,ALL,2938832.91,2938832.91,4,3
COUNTRY_REPUBLIC_OF_KOREA,Republic of Korea,2026,General Government Support,ALL,23000,22506.55542312276,1,1
COUNTRY_ROMANIA,Romania,2016,Industrial and Technical Support,ALL,2044054.79,2613970.3778660432,8,4
COUNTRY_ROMANIA,Romania,2017,General Government Support,ALL,396075.14,498738.78825153376,8,6
COUNTRY_ROMANIA,Romania,2017,Industrial and Technical Support,ALL,4166547.94,5246527.390705521,25,3
COUNTRY_ROMANIA,Romania,2018,General Government Support,ALL,108297.5,133301.7203898051,8,1
COUNTRY_ROMANIA,Romania,2018,Industrial and Technical Support,ALL,966672.1,1189861.760269865,21,3
COUNTRY_ROMANIA,Romania,2019,General Government Support,ALL,819345.68,989239.4165882353,6,2
COUNTRY_ROMANIA,Romania,2019,Industrial and Technical Support,ALL,6411707.88,7741194.366882352,41,6
COUNTRY_ROMANIA,Romania,2020,General Government Support,ALL,288334.11,345580.0062919708,2,2
COUNTRY_ROMANIA,Romania,2020,Industrial and Technical Support,ALL,701668.04,840977.3150948905,7,4
COUNTRY_ROMANIA,Romania,2022,General Government Support,ALL,793299.56,861506.5327513228,1,1
COUNTRY_RWANDA,Rwanda,2021,General Government Support,ALL,16603.34,19253.308107344634,1,1
COUNTRY_RWANDA,Rwanda,2022,General Government Support,ALL,17775,19303.27380952381,1,1
COUNTRY_RWANDA,Rwanda,2022,Industrial and Technical Support,ALL,119992.81,130309.65212962964,2,1
COUNTRY_SAINT_LUCIA,Saint Lucia,2018,Industrial and Technical Support,ALL,53552.520000000004,65916.96989505248,2,1
COUNTRY_SAINT_VINCENT_AND_THE_GRENADINES,Saint Vincent and the Grenadines,2019,General Government Support,ALL,105215.96,127032.79876470588,3,1
COUNTRY_SAINT_VINCENT_AND_THE_GRENADINES,Saint Vincent and the Grenadines,2025,Industrial and Technical Support,ALL,324341.75,324341.75,1,1
COUNTRY_SAMOA,Samoa,2021,Industrial and Technical Support,ALL,20445.11,23708.241963276836,1,1
COUNTRY_SAUDI_ARABIA,Saudi Arabia,2017,Industrial and Technical Support,ALL,10398.22,13093.464141104294,1,1
COUNTRY_SENEGAL,Senegal,2017,Industrial and Technical Support,ALL,868089.55,1093100.4916411042,19,8
COUNTRY_SENEGAL,Senegal,2018,General Government Support,ALL,1724249.03,2122351.5046926537,25,6
COUNTRY_SENEGAL,Senegal,2018,Industrial and Technical Support,ALL,8845006.78,10887182.25844078,160,6
COUNTRY_SENEGAL,Senegal,2019,General Government Support,ALL,301696.16,364253.74611764704,7,5
COUNTRY_SENEGAL,Senegal,2019,Industrial and Technical Support,ALL,1165347.01,1406985.1400147057,32,9
COUNTRY_SENEGAL,Senegal,2020,General Government Support,ALL,41681.69,49957.178817518245,2,2
COUNTRY_SENEGAL,Senegal,2020,Industrial and Technical Support,ALL,251733.47,301712.66988321167,7,2
COUNTRY_SENEGAL,Senegal,2021,General Government Support,ALL,212784.87,246746.2969915254,5,2
COUNTRY_SENEGAL,Senegal,2021,Industrial and Technical Support,ALL,2250910.7,2610166.2213276834,29,3
COUNTRY_SENEGAL,Senegal,2022,General Government Support,ALL,80945.95000000001,87905.58855820107,3,1
COUNTRY_SENEGAL,Senegal,2022,Industrial and Technical Support,ALL,980723.6,1065045.0735449735,13,2
COUNTRY_SENEGAL,Senegal,2023,General Government Support,ALL,36634.53,38290.19621896881,2,2
COUNTRY_SENEGAL,Senegal,2023,Industrial and Technical Support,ALL,955661.33,998851.6256269892,12,3
COUNTRY_SENEGAL,Senegal,2024,Industrial and Technical Support,ALL,308592.86,314921.98640149157,5,3
COUNTRY_SENEGAL,Senegal,2025,Industrial and Technical Support,ALL,304712.01,304712.01,2,1
COUNTRY_SEYCHELLES,Seychelles,2019,Industrial and Technical Support,ALL,71041.73,85772.4416617647,1,1
COUNTRY_SIERRA_LEONE,Sierra Leone,2017,Industrial and Technical Support,ALL,68980.72,86860.69190184049,2,1
COUNTRY_SIERRA_LEONE,Sierra Leone,2020,Industrial and Technical Support,ALL,43517.14,52157.03932846715,1,1
COUNTRY_SIERRA_LEONE,Sierra Leone,2022,General Government Support,ALL,32877.59,35704.36691798941,1,1
COUNTRY_SINGAPORE,Singapore,2016,General Government Support,ALL,242687.97,310353.3074299065,1,1
COUNTRY_SINGAPORE,Singapore,2016,Industrial and Technical Support,ALL,39955.74,51096.04757009345,1,1
COUNTRY_SINGAPORE,Singapore,2017,General Government Support,ALL,227933.4,287014.29662576684,1,1
COUNTRY_SINGAPORE,Singapore,2017,Industrial and Technical Support,ALL,1039461.63,1308892.6353220858,6,2
COUNTRY_SINGAPORE,Singapore,2018,General Government Support,ALL,320592.41000000003,394612.2467916042,2,2
COUNTRY_SINGAPORE,Singapore,2018,Industrial and Technical Support,ALL,350402.58999999997,431305.1370164917,4,2
COUNTRY_SINGAPORE,Singapore,2019,General Government Support,ALL,82859.74,100040.95079411764,2,2
COUNTRY_SINGAPORE,Singapore,2019,Industrial and Technical Support,ALL,231878.66999999998,279959.3942205882,5,2
COUNTRY_SINGAPORE,Singapore,2021,General Government Support,ALL,28470.06,33014.01025423729,1,1
COUNTRY_SINGAPORE,Singapore,2021,Industrial and Technical Support,ALL,154804.15000000002,179511.59201977402,2,1
COUNTRY_SINGAPORE,Singapore,2023,General Government Support,ALL,340677.92,356074.56692552514,3,1
COUNTRY_SINGAPORE,Singapore,2023,Industrial and Technical Support,ALL,1402411.64,1465792.4334054743,11,6
COUNTRY_SINGAPORE,Singapore,2025,Core Defence Industrial Complex,ALL,251756.23,251756.23,4,1
COUNTRY_SINGAPORE,Singapore,2025,General Government Support,ALL,39609.22,39609.22,1,1
COUNTRY_SINGAPORE,Singapore,2025,Industrial and Technical Support,ALL,986688.7,986688.7,5,3
COUNTRY_SINGAPORE,Singapore,2026,Core Defence Industrial Complex,ALL,258832.17,253279.15562574493,1,1
COUNTRY_SLOVENIA,Slovenia,2019,Industrial and Technical Support,ALL,59250.94,71536.79667647059,1,1
COUNTRY_SLOVENIA,Slovenia,2022,Industrial and Technical Support,ALL,84656.35,91935.00443121695,2,1
COUNTRY_SLOVENIA,Slovenia,2025,General Government Support,ALL,15745.62,15745.62,1,1
COUNTRY_SLOVENIA,Slovenia,2025,Industrial and Technical Support,ALL,294824.70999999996,294824.70999999996,2,1
COUNTRY_SOUTH_AFRICA,South Africa,2017,Industrial and Technical Support,ALL,103636.11,130498.84403374232,2,2
COUNTRY_SOUTH_AFRICA,South Africa,2020,Industrial and Technical Support,ALL,512346.1,614067.369489051,12,3
COUNTRY_SOUTH_AFRICA,South Africa,2022,General Government Support,ALL,280973.2,305130.9486772487,1,1
COUNTRY_SOUTH_AFRICA,South Africa,2023,Core Defence Industrial Complex,ALL,95377.51,99688.0149077021,1,1
COUNTRY_SOUTH_AFRICA,South Africa,2025,Industrial and Technical Support,ALL,126713.24,126713.24,1,1
COUNTRY_SPAIN,Spain,2016,General Government Support,ALL,2900107500,3708704450.934579,1,1
COUNTRY_SPAIN,Spain,2017,General Government Support,ALL,171801.15000000002,216332.4296779141,3,2
COUNTRY_SPAIN,Spain,2017,Industrial and Technical Support,ALL,345962.84,435637.25711656443,4,2
COUNTRY_SPAIN,Spain,2018,General Government Support,ALL,305998.28,376648.55754122935,2,2
COUNTRY_SPAIN,Spain,2018,Industrial and Technical Support,ALL,1457675.84,1794230.6816191904,26,9
COUNTRY_SPAIN,Spain,2019,General Government Support,ALL,146253.45,176579.53301470587,2,2
COUNTRY_SPAIN,Spain,2019,Industrial and Technical Support,ALL,417415.45,503967.77125,16,8
COUNTRY_SPAIN,Spain,2020,General Government Support,ALL,61098.9,73229.48452554745,1,1
COUNTRY_SPAIN,Spain,2020,Industrial and Technical Support,ALL,32988.19,39537.670058394164,1,1
COUNTRY_SPAIN,Spain,2021,Industrial and Technical Support,ALL,410341.56,475833.9276271186,11,2
COUNTRY_SPAIN,Spain,2022,General Government Support,ALL,66924.01999999999,72678.06933862434,3,3
COUNTRY_SPAIN,Spain,2022,Industrial and Technical Support,ALL,2813463.9,3055362.251190476,25,7
COUNTRY_SPAIN,Spain,2023,Core Defence Industrial Complex,ALL,3922137600,4099395250.9229794,2,2
COUNTRY_SPAIN,Spain,2023,General Government Support,ALL,33458.61,34970.743233609166,1,1
COUNTRY_SPAIN,Spain,2023,Industrial and Technical Support,ALL,225519.33000000002,235711.483042648,4,2
COUNTRY_SPAIN,Spain,2024,General Government Support,ALL,1223873.4,1248974.594655065,1,1
COUNTRY_SPAIN,Spain,2024,Industrial and Technical Support,ALL,12314121.5,12566679.616532007,7,3
COUNTRY_SPAIN,Spain,2025,Core Defence Industrial Complex,ALL,226322.12,226322.12,1,1
COUNTRY_SPAIN,Spain,2025,General Government Support,ALL,1330682.5499999998,1330682.5499999998,9,6
COUNTRY_SPAIN,Spain,2025,Industrial and Technical Support,ALL,369512.68999999994,369512.68999999994,4,3
COUNTRY_SPAIN,Spain,2026,General Government Support,ALL,14570.05,14257.462514898687,1,1
COUNTRY_SPAIN,Spain,2026,Industrial and Technical Support,ALL,399127300,390564378.1883194,1,1
COUNTRY_SRI_LANKA,Sri Lanka,2017,Industrial and Technical Support,ALL,349404.85,439971.4445552147,2,1
COUNTRY_SRI_LANKA,Sri Lanka,2021,Industrial and Technical Support,ALL,50302.48,58330.98316384181,1,1
COUNTRY_SWEDEN,Sweden,2017,Core Defence Industrial Complex,ALL,709188.95,893012.4661809816,4,3
COUNTRY_SWEDEN,Sweden,2017,General Government Support,ALL,3894929.78,4904505.1370858885,4,2
COUNTRY_SWEDEN,Sweden,2017,Industrial and Technical Support,ALL,102240.34,128741.28702453987,4,4
COUNTRY_SWEDEN,Sweden,2018,Core Defence Industrial Complex,ALL,88421604.2,108836787.17871064,7,4
COUNTRY_SWEDEN,Sweden,2018,General Government Support,ALL,4644481.54,5716820.606206896,6,3
COUNTRY_SWEDEN,Sweden,2018,Industrial and Technical Support,ALL,208477.04,256611.16917541227,4,4
COUNTRY_SWEDEN,Sweden,2019,General Government Support,ALL,4617913.0600000005,5575450.915088235,4,3
COUNTRY_SWEDEN,Sweden,2019,Industrial and Technical Support,ALL,905861.1,1093694.063382353,1,1
COUNTRY_SWEDEN,Sweden,2021,Core Defence Industrial Complex,ALL,22025686,25541085.036723163,1,1
COUNTRY_SWEDEN,Sweden,2021,General Government Support,ALL,366981.9,425553.86991525424,2,2
COUNTRY_SWEDEN,Sweden,2021,Industrial and Technical Support,ALL,200696.35,232728.39456214686,2,2
COUNTRY_SWEDEN,Sweden,2022,Core Defence Industrial Complex,ALL,200842.52,218110.72608465608,1,1
COUNTRY_SWEDEN,Sweden,2022,General Government Support,ALL,12235.03,13286.98363756614,1,1
COUNTRY_SWEDEN,Sweden,2022,Industrial and Technical Support,ALL,128553.5,139606.3802910053,2,2
COUNTRY_SWEDEN,Sweden,2023,Core Defence Industrial Complex,ALL,1089798.9,1139051.4282622533,1,1
COUNTRY_SWEDEN,Sweden,2023,General Government Support,ALL,20857,21799.614258434118,1,1
COUNTRY_SWEDEN,Sweden,2023,Industrial and Technical Support,ALL,1637649.75,1711661.9283895607,2,2
COUNTRY_SWEDEN,Sweden,2024,Core Defence Industrial Complex,ALL,254597920,259819629.98135483,4,3
COUNTRY_SWEDEN,Sweden,2024,General Government Support,ALL,4681521.86,4777538.156693598,3,3
COUNTRY_SWEDEN,Sweden,2024,Industrial and Technical Support,ALL,54118.83,55228.78735860783,2,2
COUNTRY_SWEDEN,Sweden,2025,Core Defence Industrial Complex,ALL,7726320,7726320,1,1
COUNTRY_SWEDEN,Sweden,2025,Industrial and Technical Support,ALL,377734.52,377734.52,4,3
COUNTRY_SWEDEN,Sweden,2026,Core Defence Industrial Complex,ALL,205372.07,200965.99460071512,2,2
COUNTRY_SWEDEN,Sweden,2026,Industrial and Technical Support,ALL,16632.18,16275.351346841477,1,1
COUNTRY_SWITZERLAND,Switzerland,2017,General Government Support,ALL,30000,37776.0736196319,1,1
COUNTRY_SWITZERLAND,Switzerland,2017,Industrial and Technical Support,ALL,80421.13,101266.48424846627,1,1
COUNTRY_SWITZERLAND,Switzerland,2018,Core Defence Industrial Complex,ALL,14174.72,17447.443958020987,1,1
COUNTRY_SWITZERLAND,Switzerland,2018,General Government Support,ALL,20610.77,25369.47851574213,1,1
COUNTRY_SWITZERLAND,Switzerland,2018,Industrial and Technical Support,ALL,53806.369999999995,66229.42994002998,2,1
COUNTRY_SWITZERLAND,Switzerland,2019,Industrial and Technical Support,ALL,12917.17,15595.583191176469,1,1
COUNTRY_SWITZERLAND,Switzerland,2021,General Government Support,ALL,1398875.25,1622142.0625,2,2
COUNTRY_SWITZERLAND,Switzerland,2021,Industrial and Technical Support,ALL,12801,14844.097457627118,1,1
COUNTRY_SWITZERLAND,Switzerland,2022,Core Defence Industrial Complex,ALL,365175,396572.3214285715,1,1
COUNTRY_SWITZERLAND,Switzerland,2022,Industrial and Technical Support,ALL,2721723.99,2955734.650515873,3,3
COUNTRY_SWITZERLAND,Switzerland,2023,Core Defence Industrial Complex,ALL,2025103.37,2116626.1830299175,3,3
COUNTRY_SWITZERLAND,Switzerland,2023,General Government Support,ALL,12730.45,13305.791788669638,1,1
COUNTRY_SWITZERLAND,Switzerland,2023,Industrial and Technical Support,ALL,1576698.52,1647956.0597326544,2,2
COUNTRY_SWITZERLAND,Switzerland,2024,Industrial and Technical Support,ALL,14545.91,14844.24128029832,1,1
COUNTRY_SWITZERLAND,Switzerland,2025,Industrial and Technical Support,ALL,298965.12,298965.12,7,4
COUNTRY_SWITZERLAND,Switzerland,2026,Industrial and Technical Support,ALL,511418.78,500446.74419547076,5,2
COUNTRY_TAIWAN,Taiwan,2017,General Government Support,ALL,24507.16,30859.476012269937,1,1
COUNTRY_TAIWAN,Taiwan,2017,Industrial and Technical Support,ALL,143180.76,180293.56435582822,2,2
COUNTRY_THAILAND,Thailand,2019,General Government Support,ALL,698525.6,843366.9376470587,1,1
COUNTRY_THAILAND,Thailand,2019,Industrial and Technical Support,ALL,283046.03,341736.45680882357,1,1
COUNTRY_THAILAND,Thailand,2022,General Government Support,ALL,19178.99,20827.97723544974,1,1
COUNTRY_THAILAND,Thailand,2022,Industrial and Technical Support,ALL,232992.2,253024.5981481482,1,1
COUNTRY_THAILAND,Thailand,2023,General Government Support,ALL,27938.89,29201.564213876514,1,1
COUNTRY_THAILAND,Thailand,2023,Industrial and Technical Support,ALL,157654.78,164779.85280712924,1,1
COUNTRY_THAILAND,Thailand,2025,General Government Support,ALL,1229734.15,1229734.15,2,2
COUNTRY_THAILAND,Thailand,2026,General Government Support,ALL,56940,55718.40286054827,2,2
COUNTRY_TOGO,Togo,2019,Industrial and Technical Support,ALL,46625.08,56292.92747058823,2,1
COUNTRY_TRINIDAD_AND_TOBAGO,Trinidad and Tobago,2016,Industrial and Technical Support,ALL,18075.44,23115.16548286604,1,1
COUNTRY_TRINIDAD_AND_TOBAGO,Trinidad and Tobago,2017,General Government Support,ALL,60838.68,76608.21515337423,2,1
COUNTRY_TRINIDAD_AND_TOBAGO,Trinidad and Tobago,2017,Industrial and Technical Support,ALL,25011,31493.912576687115,1,1
COUNTRY_TRINIDAD_AND_TOBAGO,Trinidad and Tobago,2018,Industrial and Technical Support,ALL,89971.72,110744.80077961019,1,1
COUNTRY_TRINIDAD_AND_TOBAGO,Trinidad and Tobago,2023,General Government Support,ALL,90138.88,94212.62950986632,2,2
COUNTRY_TUNISIA,Tunisia,2017,Industrial and Technical Support,ALL,30649.36,38593.749325153374,1,1
COUNTRY_TUNISIA,Tunisia,2018,General Government Support,ALL,50443.57,62090.21134932533,2,2
COUNTRY_TUNISIA,Tunisia,2018,Industrial and Technical Support,ALL,143054,176082.95952023988,1,1
COUNTRY_TUNISIA,Tunisia,2020,General Government Support,ALL,153115.2,183514.71416058397,1,1
COUNTRY_TUNISIA,Tunisia,2020,Industrial and Technical Support,ALL,82965.4,99437.36262773722,1,1
COUNTRY_TUNISIA,Tunisia,2021,Industrial and Technical Support,ALL,141889.13,164535.27645480225,3,1
COUNTRY_TUNISIA,Tunisia,2022,General Government Support,ALL,96777.66,105098.49055555556,4,4
COUNTRY_TUNISIA,Tunisia,2022,Industrial and Technical Support,ALL,55415.52,60180.08190476191,1,1
COUNTRY_TUNISIA,Tunisia,2023,General Government Support,ALL,35166,36755.29726288988,1,1
COUNTRY_TUNISIA,Tunisia,2025,General Government Support,ALL,59226.12,59226.12,1,1
COUNTRY_TURKEY,Turkey,2017,Industrial and Technical Support,ALL,500062.72,629680.2041717791,2,1
COUNTRY_TURKEY,Turkey,2018,General Government Support,ALL,276787.47,340693.4225937031,1,1
COUNTRY_TURKEY,Turkey,2018,Industrial and Technical Support,ALL,190151.77,234054.8773163418,1,1
COUNTRY_TURKEY,Turkey,2019,General Government Support,ALL,701732.11,847238.3269264706,5,2
COUNTRY_TURKEY,Turkey,2019,Industrial and Technical Support,ALL,324125.65,391334.0568382353,2,1
COUNTRY_TURKEY,Turkey,2023,General Government Support,ALL,8504,8888.330999363463,1,1
COUNTRY_TURKEY,Turkey,2024,Core Defence Industrial Complex,ALL,1042002,1063373.078931013,1,1
COUNTRY_TURKEY,Turkey,2025,General Government Support,ALL,124708.81,124708.81,2,2
COUNTRY_TURKEY,Turkey,2025,Industrial and Technical Support,ALL,218745.2,218745.2,1,1
COUNTRY_TURKS_AND_CAICOS_ISLANDS,Turks and Caicos Islands,2025,Industrial and Technical Support,ALL,72183.12,72183.12,1,1
COUNTRY_UGANDA,Uganda,2016,Industrial and Technical Support,ALL,58250,74491.04361370715,2,2
COUNTRY_UGANDA,Uganda,2017,Industrial and Technical Support,ALL,73011,91935.63036809815,6,3
COUNTRY_UGANDA,Uganda,2018,Industrial and Technical Support,ALL,32155.090000000004,39579.20373313343,2,1
COUNTRY_UGANDA,Uganda,2021,Industrial and Technical Support,ALL,88775.18,102944.0999717514,5,2
COUNTRY_UGANDA,Uganda,2022,Industrial and Technical Support,ALL,64173.79,69691.37776455027,3,1
COUNTRY_UGANDA,Uganda,2023,General Government Support,ALL,96246.36,100596.13183959262,1,1
COUNTRY_UGANDA,Uganda,2023,Industrial and Technical Support,ALL,124293.72,129911.06826225333,4,3
COUNTRY_UGANDA,Uganda,2024,Industrial and Technical Support,ALL,96665.35,98647.92088253573,2,2
COUNTRY_UGANDA,Uganda,2025,Industrial and Technical Support,ALL,180096.66,180096.66,4,1
COUNTRY_UKRAINE,Ukraine,2016,General Government Support,ALL,10037.91,12836.641915887849,1,1
COUNTRY_UKRAINE,Ukraine,2016,Industrial and Technical Support,ALL,56112.75,71757.89369158878,2,1
COUNTRY_UKRAINE,Ukraine,2017,Industrial and Technical Support,ALL,21988.1,27687.469478527604,2,1
COUNTRY_UKRAINE,Ukraine,2019,Industrial and Technical Support,ALL,283578.7,342379.5775,7,3
COUNTRY_UNITED_ARAB_EMIRATES,United Arab Emirates,2019,Industrial and Technical Support,ALL,620245.7,748855.4701470587,1,1
COUNTRY_UNITED_KINGDOM_OF_GREAT_BRITAIN_AND_NORTHERN_IRELAND,United Kingdom of Great Britain and Northern Ireland,2016,General Government Support,ALL,68472.24,87563.40971962616,3,3
COUNTRY_UNITED_KINGDOM_OF_GREAT_BRITAIN_AND_NORTHERN_IRELAND,United Kingdom of Great Britain and Northern Ireland,2016,Industrial and Technical Support,ALL,1057900.01,1352859.670109034,53,5
COUNTRY_UNITED_KINGDOM_OF_GREAT_BRITAIN_AND_NORTHERN_IRELAND,United Kingdom of Great Britain and Northern Ireland,2017,Core Defence Industrial Complex,ALL,1156977.46,1456868.8568404908,11,9
COUNTRY_UNITED_KINGDOM_OF_GREAT_BRITAIN_AND_NORTHERN_IRELAND,United Kingdom of Great Britain and Northern Ireland,2017,General Government Support,ALL,19497651.43,24551490.527653374,47,32
COUNTRY_UNITED_KINGDOM_OF_GREAT_BRITAIN_AND_NORTHERN_IRELAND,United Kingdom of Great Britain and Northern Ireland,2017,Industrial and Technical Support,ALL,5851169.92,7367807.521963189,108,30
COUNTRY_UNITED_KINGDOM_OF_GREAT_BRITAIN_AND_NORTHERN_IRELAND,United Kingdom of Great Britain and Northern Ireland,2018,Core Defence Industrial Complex,ALL,6488093.85,7986094.529010494,14,10
COUNTRY_UNITED_KINGDOM_OF_GREAT_BRITAIN_AND_NORTHERN_IRELAND,United Kingdom of Great Britain and Northern Ireland,2018,General Government Support,ALL,8403654.68,10343928.774032982,61,40
COUNTRY_UNITED_KINGDOM_OF_GREAT_BRITAIN_AND_NORTHERN_IRELAND,United Kingdom of Great Britain and Northern Ireland,2018,Industrial and Technical Support,ALL,11407264.46,14041025.669655172,136,24
COUNTRY_UNITED_KINGDOM_OF_GREAT_BRITAIN_AND_NORTHERN_IRELAND,United Kingdom of Great Britain and Northern Ireland,2019,Core Defence Industrial Complex,ALL,300120.16000000003,362350.95788235293,5,4
COUNTRY_UNITED_KINGDOM_OF_GREAT_BRITAIN_AND_NORTHERN_IRELAND,United Kingdom of Great Britain and Northern Ireland,2019,General Government Support,ALL,4294999.17,5185579.880249999,30,17
COUNTRY_UNITED_KINGDOM_OF_GREAT_BRITAIN_AND_NORTHERN_IRELAND,United Kingdom of Great Britain and Northern Ireland,2019,Industrial and Technical Support,ALL,5178597.92,6252395.429882352,91,24
COUNTRY_UNITED_KINGDOM_OF_GREAT_BRITAIN_AND_NORTHERN_IRELAND,United Kingdom of Great Britain and Northern Ireland,2020,Core Defence Industrial Complex,ALL,489868.18,587126.679970803,3,3
COUNTRY_UNITED_KINGDOM_OF_GREAT_BRITAIN_AND_NORTHERN_IRELAND,United Kingdom of Great Britain and Northern Ireland,2020,General Government Support,ALL,15977732.6,19149953.96291971,47,24
COUNTRY_UNITED_KINGDOM_OF_GREAT_BRITAIN_AND_NORTHERN_IRELAND,United Kingdom of Great Britain and Northern Ireland,2020,Industrial and Technical Support,ALL,35162516.14,42143687.22764964,109,27
COUNTRY_UNITED_KINGDOM_OF_GREAT_BRITAIN_AND_NORTHERN_IRELAND,United Kingdom of Great Britain and Northern Ireland,2021,Core Defence Industrial Complex,ALL,607347.22,704282.5813841807,6,5
COUNTRY_UNITED_KINGDOM_OF_GREAT_BRITAIN_AND_NORTHERN_IRELAND,United Kingdom of Great Britain and Northern Ireland,2021,General Government Support,ALL,21905429.05,25401634.533968925,47,30
COUNTRY_UNITED_KINGDOM_OF_GREAT_BRITAIN_AND_NORTHERN_IRELAND,United Kingdom of Great Britain and Northern Ireland,2021,Industrial and Technical Support,ALL,6293766.05,7298279.557980225,133,16
COUNTRY_UNITED_KINGDOM_OF_GREAT_BRITAIN_AND_NORTHERN_IRELAND,United Kingdom of Great Britain and Northern Ireland,2022,Core Defence Industrial Complex,ALL,5714382.4,6205698.347089947,3,2
COUNTRY_UNITED_KINGDOM_OF_GREAT_BRITAIN_AND_NORTHERN_IRELAND,United Kingdom of Great Britain and Northern Ireland,2022,General Government Support,ALL,27196207.68,29534505.95936508,54,33
COUNTRY_UNITED_KINGDOM_OF_GREAT_BRITAIN_AND_NORTHERN_IRELAND,United Kingdom of Great Britain and Northern Ireland,2022,Industrial and Technical Support,ALL,24439187.46,26540440.350079365,432,24
COUNTRY_UNITED_KINGDOM_OF_GREAT_BRITAIN_AND_NORTHERN_IRELAND,United Kingdom of Great Britain and Northern Ireland,2023,Core Defence Industrial Complex,ALL,778026.34,813188.5743348186,5,5
COUNTRY_UNITED_KINGDOM_OF_GREAT_BRITAIN_AND_NORTHERN_IRELAND,United Kingdom of Great Britain and Northern Ireland,2023,General Government Support,ALL,12289240.89,12844642.610681096,33,24
COUNTRY_UNITED_KINGDOM_OF_GREAT_BRITAIN_AND_NORTHERN_IRELAND,United Kingdom of Great Britain and Northern Ireland,2023,Industrial and Technical Support,ALL,15091068.4,15773096.3162317,264,14
COUNTRY_UNITED_KINGDOM_OF_GREAT_BRITAIN_AND_NORTHERN_IRELAND,United Kingdom of Great Britain and Northern Ireland,2024,Core Defence Industrial Complex,ALL,44984588,45907205.40459913,1,1
COUNTRY_UNITED_KINGDOM_OF_GREAT_BRITAIN_AND_NORTHERN_IRELAND,United Kingdom of Great Britain and Northern Ireland,2024,General Government Support,ALL,17337168.45,17692747.41758856,43,32
COUNTRY_UNITED_KINGDOM_OF_GREAT_BRITAIN_AND_NORTHERN_IRELAND,United Kingdom of Great Britain and Northern Ireland,2024,Industrial and Technical Support,ALL,65372383.11,66713146.71635798,74,17
COUNTRY_UNITED_KINGDOM_OF_GREAT_BRITAIN_AND_NORTHERN_IRELAND,United Kingdom of Great Britain and Northern Ireland,2025,Core Defence Industrial Complex,ALL,13559757.51,13559757.51,5,3
COUNTRY_UNITED_KINGDOM_OF_GREAT_BRITAIN_AND_NORTHERN_IRELAND,United Kingdom of Great Britain and Northern Ireland,2025,General Government Support,ALL,38008966.95,38008966.95,37,28
COUNTRY_UNITED_KINGDOM_OF_GREAT_BRITAIN_AND_NORTHERN_IRELAND,United Kingdom of Great Britain and Northern Ireland,2025,Industrial and Technical Support,ALL,43987458.5,43987458.5,50,18
COUNTRY_UNITED_KINGDOM_OF_GREAT_BRITAIN_AND_NORTHERN_IRELAND,United Kingdom of Great Britain and Northern Ireland,2026,Core Defence Industrial Complex,ALL,2168566.81,2122042.1346960664,5,4
COUNTRY_UNITED_KINGDOM_OF_GREAT_BRITAIN_AND_NORTHERN_IRELAND,United Kingdom of Great Britain and Northern Ireland,2026,General Government Support,ALL,2278296.58,2229417.7499165675,10,8
COUNTRY_UNITED_KINGDOM_OF_GREAT_BRITAIN_AND_NORTHERN_IRELAND,United Kingdom of Great Britain and Northern Ireland,2026,Industrial and Technical Support,ALL,1921346.93,1880126.1376996425,12,9
COUNTRY_UNITED_REPUBLIC_OF_TANZANIA,United Republic of Tanzania,2019,General Government Support,ALL,86980.79,105016.51263235294,2,2
COUNTRY_UNITED_REPUBLIC_OF_TANZANIA,United Republic of Tanzania,2023,General Government Support,ALL,23338.78,24393.556180776577,1,1
COUNTRY_UNITED_STATES_MINOR_OUTLYING_ISLANDS,United States Minor Outlying Islands,2016,General Government Support,ALL,145631.38,186235.76788161992,1,1
COUNTRY_UNITED_STATES_MINOR_OUTLYING_ISLANDS,United States Minor Outlying Islands,2016,Industrial and Technical Support,ALL,10181.95,13020.842601246106,1,1
COUNTRY_UNITED_STATES_MINOR_OUTLYING_ISLANDS,United States Minor Outlying Islands,2017,Industrial and Technical Support,ALL,165290.6,208134.3291411043,1,1
COUNTRY_UNITED_STATES_MINOR_OUTLYING_ISLANDS,United States Minor Outlying Islands,2018,General Government Support,ALL,2165114.71,2665006.262233883,3,3
COUNTRY_UNITED_STATES_MINOR_OUTLYING_ISLANDS,United States Minor Outlying Islands,2021,Industrial and Technical Support,ALL,13147.31,15245.680098870054,1,1
COUNTRY_UNITED_STATES_MINOR_OUTLYING_ISLANDS,United States Minor Outlying Islands,2024,General Government Support,ALL,0,0,1,1
COUNTRY_UNITED_STATES_MINOR_OUTLYING_ISLANDS,United States Minor Outlying Islands,2025,Industrial and Technical Support,ALL,42497.99,42497.99,1,1
COUNTRY_UNITED_STATES_OF_AMERICA,United States of America,2016,Core Defence Industrial Complex,ALL,1204361.7,1540157.2518691588,6,6
COUNTRY_UNITED_STATES_OF_AMERICA,United States of America,2016,General Government Support,ALL,13234267.36,16924195.48685358,33,30
COUNTRY_UNITED_STATES_OF_AMERICA,United States of America,2016,Industrial and Technical Support,ALL,3923107.7,5016933.678660436,43,17
COUNTRY_UNITED_STATES_OF_AMERICA,United States of America,2017,Core Defence Industrial Complex,ALL,22552294.43,28397904.489309814,59,40
COUNTRY_UNITED_STATES_OF_AMERICA,United States of America,2017,General Government Support,ALL,148249772.2,186676476.95736197,277,164
COUNTRY_UNITED_STATES_OF_AMERICA,United States of America,2017,Industrial and Technical Support,ALL,118494029.04,149207972.15006134,273,150
COUNTRY_UNITED_STATES_OF_AMERICA,United States of America,2018,Core Defence Industrial Complex,ALL,46472111.89,57201804.89008995,50,39
COUNTRY_UNITED_STATES_OF_AMERICA,United States of America,2018,General Government Support,ALL,285374198.54,351262694.1549325,309,188
COUNTRY_UNITED_STATES_OF_AMERICA,United States of America,2018,Industrial and Technical Support,ALL,121746827.04,149856289.35508245,369,154
COUNTRY_UNITED_STATES_OF_AMERICA,United States of America,2019,Core Defence Industrial Complex,ALL,36737186.9,44354750.6542647,44,33
COUNTRY_UNITED_STATES_OF_AMERICA,United States of America,2019,General Government Support,ALL,65149815.37,78658821.20407352,238,149
COUNTRY_UNITED_STATES_OF_AMERICA,United States of America,2019,Industrial and Technical Support,ALL,78807420.35000001,95148370.74610294,292,119
COUNTRY_UNITED_STATES_OF_AMERICA,United States of America,2020,Core Defence Industrial Complex,ALL,43296927.54,51893105.854510956,14,10
COUNTRY_UNITED_STATES_OF_AMERICA,United States of America,2020,General Government Support,ALL,47650903.79,57111521.18480292,160,132
COUNTRY_UNITED_STATES_OF_AMERICA,United States of America,2020,Industrial and Technical Support,ALL,206265017.56,247216904.25804383,655,152
COUNTRY_UNITED_STATES_OF_AMERICA,United States of America,2021,Core Defence Industrial Complex,ALL,210528077.19,244129309.8488559,17,12
COUNTRY_UNITED_STATES_OF_AMERICA,United States of America,2021,General Government Support,ALL,49213933.410000004,57068699.61809322,122,107
COUNTRY_UNITED_STATES_OF_AMERICA,United States of America,2021,Industrial and Technical Support,ALL,220380591.06,255554329.46364406,227,119
COUNTRY_UNITED_STATES_OF_AMERICA,United States of America,2022,Core Defence Industrial Complex,ALL,81566965.48,88579998.2262963,19,14
COUNTRY_UNITED_STATES_OF_AMERICA,United States of America,2022,General Government Support,ALL,31609692.75,34327457.33829365,120,88
COUNTRY_UNITED_STATES_OF_AMERICA,United States of America,2022,Industrial and Technical Support,ALL,54075299.48,58724630.78449736,295,86
COUNTRY_UNITED_STATES_OF_AMERICA,United States of America,2023,Core Defence Industrial Complex,ALL,1862977509.62,1947173183.1928964,30,21
COUNTRY_UNITED_STATES_OF_AMERICA,United States of America,2023,General Government Support,ALL,22449307.66,23463884.899885423,154,117
COUNTRY_UNITED_STATES_OF_AMERICA,United States of America,2023,Industrial and Technical Support,ALL,72067460.37,75324487.54140039,293,125
COUNTRY_UNITED_STATES_OF_AMERICA,United States of America,2024,Core Defence Industrial Complex,ALL,21305458.23,21742425.365854565,31,26
COUNTRY_UNITED_STATES_OF_AMERICA,United States of America,2024,General Government Support,ALL,46833552.46,47794091.447681785,165,100
COUNTRY_UNITED_STATES_OF_AMERICA,United States of America,2024,Industrial and Technical Support,ALL,94833357.94,96778355.33715351,211,97
COUNTRY_UNITED_STATES_OF_AMERICA,United States of America,2025,Core Defence Industrial Complex,ALL,225318201.01,225318201.01,81,60
COUNTRY_UNITED_STATES_OF_AMERICA,United States of America,2025,General Government Support,ALL,207611199.63,207611199.63,206,140
COUNTRY_UNITED_STATES_OF_AMERICA,United States of America,2025,Industrial and Technical Support,ALL,173424999.09,173424999.09,261,119
COUNTRY_UNITED_STATES_OF_AMERICA,United States of America,2026,Core Defence Industrial Complex,ALL,40123874.92,39263052.81206197,42,30
COUNTRY_UNITED_STATES_OF_AMERICA,United States of America,2026,General Government Support,ALL,14670830.64,14356080.995756852,84,67
COUNTRY_UNITED_STATES_OF_AMERICA,United States of America,2026,Industrial and Technical Support,ALL,18238596.39,17847303.49963051,53,42
COUNTRY_URUGUAY,Uruguay,2025,General Government Support,ALL,102220.42,102220.42,1,1
COUNTRY_URUGUAY,Uruguay,2025,Industrial and Technical Support,ALL,126770.55,126770.55,1,1
COUNTRY_UZBEKISTAN,Uzbekistan,2018,Industrial and Technical Support,ALL,53204.69,65488.83131934033,1,1
COUNTRY_VIET_NAM,Viet Nam,2016,General Government Support,ALL,93596.88,119693.20635514018,1,1
COUNTRY_VIET_NAM,Viet Nam,2016,Industrial and Technical Support,ALL,174124.78,222673.58937694703,2,2
COUNTRY_VIET_NAM,Viet Nam,2017,Industrial and Technical Support,ALL,19659.1,24754.78696319018,1,1
COUNTRY_VIET_NAM,Viet Nam,2018,Industrial and Technical Support,ALL,380481.91,468329.3075112443,2,1
COUNTRY_VIET_NAM,Viet Nam,2019,General Government Support,ALL,82157.11,99192.62839705883,2,2
COUNTRY_VIET_NAM,Viet Nam,2021,Industrial and Technical Support,ALL,135782.5,157454.0007062147,1,1
COUNTRY_VIET_NAM,Viet Nam,2023,General Government Support,ALL,6512471.76,6806797.345588798,4,3
COUNTRY_VIET_NAM,Viet Nam,2024,General Government Support,ALL,160164.75,163449.6702921069,2,1
COUNTRY_VIET_NAM,Viet Nam,2025,General Government Support,ALL,125823.78,125823.78,2,1
COUNTRY_VIET_NAM,Viet Nam,2025,Industrial and Technical Support,ALL,13560,13560,1,1
COUNTRY_WESTERN_SAHARA,Western Sahara,2025,Industrial and Technical Support,ALL,123121.16,123121.16,1,1
COUNTRY__,-,2016,General Government Support,ALL,5413129950.09,6922398269.507616,12963,5016
COUNTRY_ALBANIA,Albania,2019,ALL,Aerospace & Space,17425.61,21038.861485294117,1,1
COUNTRY_ALBANIA,Albania,2019,ALL,"Resources, Fuel & Materials",288133.38,347878.68379411765,1,1
COUNTRY_ALBANIA,Albania,2023,ALL,"Resources, Fuel & Materials",127107.29000000001,132851.79514958628,2,1
COUNTRY_AMERICAN_SAMOA,American Samoa,2017,ALL,"Resources, Fuel & Materials",19449.11,24490.3670398773,1,1
COUNTRY_ANGOLA,Angola,2025,ALL,"Resources, Fuel & Materials",178732.26,178732.26,3,1
COUNTRY_ANTIGUA_AND_BARBUDA,Antigua and Barbuda,2018,ALL,"Resources, Fuel & Materials",123295.06,151761.98539730132,2,1
COUNTRY_ANTIGUA_AND_BARBUDA,Antigua and Barbuda,2019,ALL,Administrative,36322.84,43854.48770588235,1,1
COUNTRY_ANTIGUA_AND_BARBUDA,Antigua and Barbuda,2023,ALL,"Resources, Fuel & Materials",54450.78,56911.6363844685,1,1
COUNTRY_ARGENTINA,Argentina,2016,ALL,Administrative,16935.29,21657.123193146417,1,1
COUNTRY_ARGENTINA,Argentina,2016,ALL,"Resources, Fuel & Materials",29032.48,37127.205732087226,1,1
COUNTRY_ARGENTINA,Argentina,2018,ALL,"Resources, Fuel & Materials",210641.42,259275.27109445276,3,1
COUNTRY_ARGENTINA,Argentina,2025,ALL,Administrative,192447.88,192447.88,2,2
COUNTRY_ARMENIA,Armenia,2018,ALL,Administrative,12724.49,15662.37824587706,1,1
COUNTRY_ARUBA,Aruba,2018,ALL,Administrative,60758.92,74787.21637181408,2,2
COUNTRY_ARUBA,Aruba,2018,ALL,"Resources, Fuel & Materials",70642.61,86952.89776611693,1,1
COUNTRY_AUSTRALIA,Australia,2016,ALL,Administrative,847091.65,1083274.524376947,7,1
COUNTRY_AUSTRALIA,Australia,2016,ALL,"Resources, Fuel & Materials",918763.6,1174929.7750778815,9,5
COUNTRY_AUSTRALIA,Australia,2017,ALL,Administrative,19540,24604.815950920245,1,1
COUNTRY_AUSTRALIA,Australia,2017,ALL,"Resources, Fuel & Materials",119381.56,150325.55331288342,3,2
COUNTRY_AUSTRALIA,Australia,2018,ALL,Administrative,452683.57,557201.2158470764,8,6
COUNTRY_AUSTRALIA,Australia,2018,ALL,Construction & Infrastructure,46388.76,57099.20833583208,1,1
COUNTRY_AUSTRALIA,Australia,2018,ALL,"R&D, Engineering & Scientific Services",43500,53543.47826086956,3,3
COUNTRY_AUSTRALIA,Australia,2018,ALL,"Resources, Fuel & Materials",4895426.62,6025705.030014993,7,5
COUNTRY_AUSTRALIA,Australia,2019,ALL,Administrative,20000,24147.05882352941,1,1
COUNTRY_AUSTRALIA,Australia,2019,ALL,Aerospace & Space,261336.44,315525.31947058823,2,1
COUNTRY_AUSTRALIA,Australia,2019,ALL,"Resources, Fuel & Materials",98142.41,118492.52736764705,1,1
COUNTRY_AUSTRALIA,Australia,2020,ALL,"R&D, Engineering & Scientific Services",59100,70833.72262773722,1,1
COUNTRY_AUSTRALIA,Australia,2020,ALL,"Resources, Fuel & Materials",375766.92000000004,450371.7391532847,3,2
COUNTRY_AUSTRALIA,Australia,2021,ALL,Administrative,290800.29,337213.3306355932,4,1
COUNTRY_AUSTRALIA,Australia,2023,ALL,Administrative,2147654.58,2244715.990044558,9,3
COUNTRY_AUSTRALIA,Australia,2023,ALL,"Resources, Fuel & Materials",1331588.4,1391768.397708466,10,3
COUNTRY_AUSTRALIA,Australia,2024,ALL,Communications & Electronics,104565.63,106710.23272840273,3,3
COUNTRY_AUSTRALIA,Australia,2025,ALL,Administrative,1507938.67,1507938.67,7,1
COUNTRY_AUSTRALIA,Australia,2025,ALL,Industrial Equipment & Manufacturing,17172.49,17172.49,1,1
COUNTRY_AUSTRALIA,Australia,2025,ALL,Marine & Shipbuilding,10855.92,10855.92,1,1
COUNTRY_AUSTRALIA,Australia,2025,ALL,"Resources, Fuel & Materials",474273.37,474273.37,4,1
COUNTRY_AUSTRALIA,Australia,2026,ALL,Industrial Equipment & Manufacturing,10079.75,9863.49791418355,1,1
COUNTRY_AUSTRIA,Austria,2018,ALL,"Resources, Fuel & Materials",46109.26,56755.17610194902,1,1
COUNTRY_AUSTRIA,Austria,2021,ALL,Industrial Equipment & Manufacturing,403633.66,468055.41646892653,1,1
COUNTRY_AUSTRIA,Austria,2025,ALL,"R&D, Engineering & Scientific Services",36718.42,36718.42,1,1
COUNTRY_AUSTRIA,Austria,2025,ALL,"Resources, Fuel & Materials",217427.4,217427.4,1,1
COUNTRY_BAHAMAS,Bahamas,2017,ALL,"Resources, Fuel & Materials",61637.6,77614.2171779141,3,2
COUNTRY_BAHAMAS,Bahamas,2018,ALL,Administrative,51092.45,62888.907721139425,1,1
COUNTRY_BAHAMAS,Bahamas,2018,ALL,"Resources, Fuel & Materials",326630.61,402044.57392803597,2,2
COUNTRY_BAHAMAS,Bahamas,2022,ALL,Administrative,407406.61,442434.95609788364,2,2
COUNTRY_BAHAMAS,Bahamas,2023,ALL,Administrative,59015.85,61683.02081476767,1,1
COUNTRY_BAHAMAS,Bahamas,2023,ALL,"Resources, Fuel & Materials",532224.4,556277.8260980268,1,1
COUNTRY_BAHAMAS,Bahamas,2024,ALL,"Resources, Fuel & Materials",104857.20000000001,107007.7827221877,2,1
COUNTRY_BAHAMAS,Bahamas,2025,ALL,Administrative,14588.9,14588.9,1,1
COUNTRY_BAHRAIN,Bahrain,2017,ALL,Administrative,42402.15,53392.89133435582,3,1
COUNTRY_BAHRAIN,Bahrain,2017,ALL,"Resources, Fuel & Materials",355768.92,447985.0971165644,8,3
COUNTRY_BAHRAIN,Bahrain,2018,ALL,Administrative,49114.23,60453.94727136432,4,1
COUNTRY_BANGLADESH,Bangladesh,2021,ALL,"Resources, Fuel & Materials",37323.91,43280.974731638424,1,1
COUNTRY_BARBADOS,Barbados,2016,ALL,"Resources, Fuel & Materials",28711.49,36716.71852024922,1,1
COUNTRY_BARBADOS,Barbados,2017,ALL,Administrative,171301.66999999998,215703.4832361963,3,3
COUNTRY_BARBADOS,Barbados,2017,ALL,"Resources, Fuel & Materials",591565.58,744900.8300306748,18,7
COUNTRY_BARBADOS,Barbados,2018,ALL,Administrative,31127.57,38314.445232383805,1,1
COUNTRY_BARBADOS,Barbados,2018,ALL,"Resources, Fuel & Materials",99714.58,122737.13670164919,2,2
COUNTRY_BARBADOS,Barbados,2019,ALL,"Resources, Fuel & Materials",125676.07,151735.37274999998,2,2
COUNTRY_BARBADOS,Barbados,2021,ALL,"Resources, Fuel & Materials",134091.45,155493.05148305086,2,1
COUNTRY_BARBADOS,Barbados,2023,ALL,"Resources, Fuel & Materials",137067.01,143261.63616804584,2,1
COUNTRY_BARBADOS,Barbados,2024,ALL,Administrative,43320.57,44209.05900559353,2,1
COUNTRY_BARBADOS,Barbados,2024,ALL,"Resources, Fuel & Materials",325739.42,332420.2160596644,2,2
COUNTRY_BARBADOS,Barbados,2025,ALL,Administrative,84313.63,84313.63,2,1
COUNTRY_BARBADOS,Barbados,2025,ALL,"Resources, Fuel & Materials",308147.97,308147.97,1,1
COUNTRY_BELGIUM,Belgium,2016,ALL,Administrative,25167.739999999998,32184.913613707162,2,1
COUNTRY_BELGIUM,Belgium,2016,ALL,"Resources, Fuel & Materials",143628.45,183674.38855140185,3,1
COUNTRY_BELGIUM,Belgium,2017,ALL,Administrative,360811.68,454334.95288343553,3,3
COUNTRY_BELGIUM,Belgium,2017,ALL,Construction & Infrastructure,180610.95,227425.75145705522,1,1
COUNTRY_BELGIUM,Belgium,2017,ALL,"Resources, Fuel & Materials",131567.84,165670.54699386502,2,2
COUNTRY_BELGIUM,Belgium,2017,ALL,Weapons & Military Equipment,3441068.6,4333002.025460122,3,1
COUNTRY_BELGIUM,Belgium,2018,ALL,Administrative,206491.74000000002,254167.49406296853,3,3
COUNTRY_BELGIUM,Belgium,2018,ALL,Construction & Infrastructure,121051.95999999999,149000.98824587703,2,2
COUNTRY_BELGIUM,Belgium,2018,ALL,"R&D, Engineering & Scientific Services",14500,17847.82608695652,1,1
COUNTRY_BELGIUM,Belgium,2018,ALL,"Resources, Fuel & Materials",400166.18,492558.37148425786,12,3
COUNTRY_BELGIUM,Belgium,2018,ALL,Weapons & Military Equipment,2324284.4000000004,2860925.7757121436,2,2
COUNTRY_BELGIUM,Belgium,2019,ALL,Administrative,12062.51,14563.706926470588,1,1
COUNTRY_BELGIUM,Belgium,2019,ALL,Aerospace & Space,58238.5,70314.42426470589,1,1
COUNTRY_BELGIUM,Belgium,2019,ALL,Communications & Electronics,16307.5,19688.908088235294,1,1
COUNTRY_BELGIUM,Belgium,2019,ALL,Digital Systems & Software,21291.28,25706.08952941176,1,1
COUNTRY_BELGIUM,Belgium,2019,ALL,Land Systems & Vehicles,60813.52,73423.3822352941,1,1
COUNTRY_BELGIUM,Belgium,2019,ALL,"Resources, Fuel & Materials",454930.42,549261.580617647,12,5
COUNTRY_BELGIUM,Belgium,2019,ALL,Weapons & Military Equipment,1650195.96,1992368.9458235293,2,1
COUNTRY_BELGIUM,Belgium,2020,ALL,Communications & Electronics,16195.79,19411.304510948907,1,1
COUNTRY_BELGIUM,Belgium,2020,ALL,Digital Systems & Software,21963.74,26324.424145985406,1,1
COUNTRY_BELGIUM,Belgium,2020,ALL,Industrial Equipment & Manufacturing,854484.4,1024133.8575182483,2,1
COUNTRY_BELGIUM,Belgium,2020,ALL,"Resources, Fuel & Materials",21124.4,25318.441459854017,1,1
COUNTRY_BELGIUM,Belgium,2020,ALL,Weapons & Military Equipment,2257499.57,2705703.8641897812,3,1
COUNTRY_BELGIUM,Belgium,2021,ALL,Administrative,16729.88,19400.044463276838,1,1
COUNTRY_BELGIUM,Belgium,2021,ALL,"R&D, Engineering & Scientific Services",227602.25,263928.59781073447,1,1
COUNTRY_BELGIUM,Belgium,2021,ALL,"Resources, Fuel & Materials",21640.64,25094.58395480226,1,1
COUNTRY_BELGIUM,Belgium,2022,ALL,Administrative,22332.88,24253.03502645503,1,1
COUNTRY_BELGIUM,Belgium,2022,ALL,Aerospace & Space,15315.2,16631.98306878307,1,1
COUNTRY_BELGIUM,Belgium,2022,ALL,Construction & Infrastructure,21281.42,23111.17171957672,1,1
COUNTRY_BELGIUM,Belgium,2022,ALL,"Resources, Fuel & Materials",390810.23,424411.6386640212,8,2
COUNTRY_BELGIUM,Belgium,2022,ALL,Weapons & Military Equipment,27247,29589.665343915345,2,1
COUNTRY_BELGIUM,Belgium,2023,ALL,Administrative,61920.2,64718.63042647995,1,1
COUNTRY_BELGIUM,Belgium,2024,ALL,Administrative,52347.94,53421.57705407085,2,2
COUNTRY_BELGIUM,Belgium,2024,ALL,Industrial Equipment & Manufacturing,17315.14,17670.26717215662,1,1
COUNTRY_BELGIUM,Belgium,2024,ALL,Weapons & Military Equipment,70264.39,71705.48687383467,2,1
COUNTRY_BELGIUM,Belgium,2025,ALL,Administrative,71404.67,71404.67,2,2
COUNTRY_BELGIUM,Belgium,2025,ALL,Industrial Equipment & Manufacturing,351901.06,351901.06,1,1
COUNTRY_BELGIUM,Belgium,2025,ALL,Marine & Shipbuilding,0,0,1,1
COUNTRY_BELGIUM,Belgium,2025,ALL,"Resources, Fuel & Materials",470459.09,470459.09,2,1
COUNTRY_BELGIUM,Belgium,2026,ALL,Weapons & Military Equipment,3332633.88,3261135.179356376,2,1
COUNTRY_BELIZE,Belize,2016,ALL,Administrative,224917.88999999998,287628.6412616822,5,2
COUNTRY_BELIZE,Belize,2016,ALL,Communications & Electronics,10775.58,13779.986261682241,1,1
COUNTRY_BELIZE,Belize,2016,ALL,Industrial Equipment & Manufacturing,230797.37,295147.415529595,2,1
COUNTRY_BELIZE,Belize,2017,ALL,"Resources, Fuel & Materials",238890.68,300811.73049079755,8,4
COUNTRY_BELIZE,Belize,2018,ALL,Administrative,246609.49000000002,303547.81302848575,4,1
COUNTRY_BELIZE,Belize,2018,ALL,"Resources, Fuel & Materials",412253.62,507436.6147226386,9,4
COUNTRY_BELIZE,Belize,2021,ALL,Administrative,430466.34,499170.7134745763,3,3
COUNTRY_BELIZE,Belize,2021,ALL,"Resources, Fuel & Materials",249976.24000000002,289873.577740113,13,1
COUNTRY_BELIZE,Belize,2022,ALL,"Resources, Fuel & Materials",109623.34,119048.62716931218,4,2
COUNTRY_BELIZE,Belize,2024,ALL,"Resources, Fuel & Materials",32858.86,33532.7831696706,1,1
COUNTRY_BENIN,Benin,2019,ALL,Administrative,176669.91,213302.93545588234,3,2
COUNTRY_BENIN,Benin,2019,ALL,"Resources, Fuel & Materials",166199.36,200661.28611764708,2,1
COUNTRY_BERMUDA,Bermuda,2017,ALL,Administrative,20923.35,26346.73366564417,1,1
COUNTRY_BERMUDA,Bermuda,2017,ALL,"Resources, Fuel & Materials",73736.06,92848.6276993865,2,2
COUNTRY_BERMUDA,Bermuda,2018,ALL,"Resources, Fuel & Materials",103840.13,127815.21248875561,3,2
COUNTRY_BERMUDA,Bermuda,2019,ALL,Administrative,61657.880000000005,74442.82276470588,3,2
COUNTRY_BERMUDA,Bermuda,2019,ALL,"Resources, Fuel & Materials",107608.65,129921.6200735294,3,2
COUNTRY_BERMUDA,Bermuda,2021,ALL,"Resources, Fuel & Materials",10995.79,12750.767782485877,1,1
COUNTRY_BERMUDA,Bermuda,2023,ALL,"Resources, Fuel & Materials",103766.89,108456.54575429665,3,2
COUNTRY_BERMUDA,Bermuda,2024,ALL,Administrative,37371.13,38137.59817277812,1,1
COUNTRY_BERMUDA,Bermuda,2024,ALL,"Resources, Fuel & Materials",678291.45,692202.9589185829,3,3
COUNTRY_BOSNIA_AND_HERZEGOVINA,Bosnia and Herzegovina,2022,ALL,Administrative,15429,16755.567460317463,1,1
COUNTRY_BOSNIA_AND_HERZEGOVINA,Bosnia and Herzegovina,2025,ALL,Administrative,72395.82,72395.82,2,2
COUNTRY_BOTSWANA,Botswana,2018,ALL,Administrative,18321.42,22551.552953523234,1,1
COUNTRY_BOTSWANA,Botswana,2019,ALL,Administrative,68600,82824.41176470587,1,1
COUNTRY_BRAZIL,Brazil,2018,ALL,"Resources, Fuel & Materials",243959.71,300286.23974512744,14,2
COUNTRY_BRAZIL,Brazil,2019,ALL,"Resources, Fuel & Materials",103202.43,124601.7573970588,2,2
COUNTRY_BRAZIL,Brazil,2022,ALL,"Resources, Fuel & Materials",438084.74,475750.756005291,11,1
COUNTRY_BRAZIL,Brazil,2024,ALL,"Resources, Fuel & Materials",49579.2,50596.05121193287,1,1
COUNTRY_BRAZIL,Brazil,2025,ALL,Administrative,364616.82,364616.82,2,1
COUNTRY_BRAZIL,Brazil,2025,ALL,"Resources, Fuel & Materials",359445.47,359445.47,1,1
COUNTRY_BRITISH_INDIAN_OCEAN_TERRITORY,British Indian Ocean Territory,2021,ALL,Administrative,184815.22999999998,214312.57603107343,2,1
COUNTRY_BRITISH_INDIAN_OCEAN_TERRITORY,British Indian Ocean Territory,2024,ALL,"Resources, Fuel & Materials",49402.14,50415.35977625854,1,1
COUNTRY_BRITISH_VIRGIN_ISLANDS,British Virgin Islands,2019,ALL,Aerospace & Space,57502.06,69425.28126470587,1,1
COUNTRY_BRUNEI_DARUSSALAM,Brunei Darussalam,2016,ALL,"Resources, Fuel & Materials",65164.65,83333.61004672897,1,1
COUNTRY_BRUNEI_DARUSSALAM,Brunei Darussalam,2021,ALL,Administrative,89418.02,103689.54014124293,2,1
COUNTRY_BULGARIA,Bulgaria,2016,ALL,"Resources, Fuel & Materials",36994.33,47308.94848909657,1,1
COUNTRY_BULGARIA,Bulgaria,2017,ALL,"Resources, Fuel & Materials",92125.72,116004.9326993865,1,1
COUNTRY_BULGARIA,Bulgaria,2019,ALL,Administrative,208525.52,251763.89988235294,6,5
COUNTRY_BULGARIA,Bulgaria,2019,ALL,Aerospace & Space,267567.9,323048.89102941175,1,1
COUNTRY_BULGARIA,Bulgaria,2019,ALL,Marine & Shipbuilding,23000000,27769117.647058822,1,1
COUNTRY_BULGARIA,Bulgaria,2019,ALL,"R&D, Engineering & Scientific Services",15000,18110.29411764706,1,1
COUNTRY_BULGARIA,Bulgaria,2019,ALL,"Resources, Fuel & Materials",827165.61,998680.8320735294,18,5
COUNTRY_BULGARIA,Bulgaria,2019,ALL,Weapons & Military Equipment,3875835,4679500.786764706,1,1
COUNTRY_BULGARIA,Bulgaria,2022,ALL,"Resources, Fuel & Materials",46467.49,50462.7107010582,2,1
COUNTRY_BURKINA_FASO,Burkina Faso,2018,ALL,Administrative,72352.46,89057.52572713642,5,1
COUNTRY_BURKINA_FASO,Burkina Faso,2022,ALL,"Resources, Fuel & Materials",74045.36,80411.69386243387,1,1
COUNTRY_CABO_VERDE,Cabo Verde,2016,ALL,"Resources, Fuel & Materials",79536,101711.92523364486,1,1
COUNTRY_CABO_VERDE,Cabo Verde,2017,ALL,Administrative,13747.62,17311.036840490797,1,1
COUNTRY_CABO_VERDE,Cabo Verde,2017,ALL,"Resources, Fuel & Materials",351583.9,442715.30966257665,7,3
COUNTRY_CABO_VERDE,Cabo Verde,2018,ALL,Administrative,189286.28,232989.55904047974,11,4
COUNTRY_CABO_VERDE,Cabo Verde,2018,ALL,Industrial Equipment & Manufacturing,34141.32,42024.02356821588,2,2
COUNTRY_CABO_VERDE,Cabo Verde,2018,ALL,"R&D, Engineering & Scientific Services",38760.65,47709.88553223388,1,1
COUNTRY_CABO_VERDE,Cabo Verde,2018,ALL,"Resources, Fuel & Materials",615424.66,757516.7104347826,11,2
COUNTRY_CABO_VERDE,Cabo Verde,2019,ALL,"Resources, Fuel & Materials",46586.2,56245.985588235286,1,1
COUNTRY_CABO_VERDE,Cabo Verde,2020,ALL,Administrative,151523.08000000002,181606.49442335765,6,3
COUNTRY_CABO_VERDE,Cabo Verde,2020,ALL,"Resources, Fuel & Materials",371862.64,445692.30283211684,6,4
COUNTRY_CABO_VERDE,Cabo Verde,2021,ALL,Administrative,32544,37738.16949152542,1,1
COUNTRY_CABO_VERDE,Cabo Verde,2021,ALL,Construction & Infrastructure,387402,449233.1101694915,1,1
COUNTRY_CABO_VERDE,Cabo Verde,2021,ALL,"Resources, Fuel & Materials",23391.61,27125.01668079096,1,1
COUNTRY_CABO_VERDE,Cabo Verde,2022,ALL,"Resources, Fuel & Materials",220129.53,239056.01075396826,2,1
COUNTRY_CABO_VERDE,Cabo Verde,2023,ALL,Administrative,136462.22,142629.5132017823,5,2
COUNTRY_CABO_VERDE,Cabo Verde,2023,ALL,Communications & Electronics,335206.6,350355.9753023552,1,1
COUNTRY_CABO_VERDE,Cabo Verde,2023,ALL,Construction & Infrastructure,26160.65,27342.958179503505,1,1
COUNTRY_CABO_VERDE,Cabo Verde,2023,ALL,Industrial Equipment & Manufacturing,3268040.61,3415736.9074602164,3,3
COUNTRY_CABO_VERDE,Cabo Verde,2023,ALL,Land Systems & Vehicles,56574.58,59131.41970719288,1,1
COUNTRY_CABO_VERDE,Cabo Verde,2023,ALL,"Resources, Fuel & Materials",648410.7,677715.0664544876,8,4
COUNTRY_CABO_VERDE,Cabo Verde,2024,ALL,Communications & Electronics,423882.38,432576.0521814792,2,2
COUNTRY_CABO_VERDE,Cabo Verde,2024,ALL,Construction & Infrastructure,14262.57,14555.090080795524,1,1
COUNTRY_CABO_VERDE,Cabo Verde,2024,ALL,Digital Systems & Software,102871.42,104981.27510254816,1,1
COUNTRY_CABO_VERDE,Cabo Verde,2024,ALL,"Resources, Fuel & Materials",733629.41,748675.8801864512,2,2
COUNTRY_CABO_VERDE,Cabo Verde,2025,ALL,Digital Systems & Software,42332.7,42332.7,2,2
COUNTRY_CABO_VERDE,Cabo Verde,2025,ALL,Industrial Equipment & Manufacturing,77558.93,77558.93,1,1
COUNTRY_CABO_VERDE,Cabo Verde,2025,ALL,Marine & Shipbuilding,18454.74,18454.74,1,1
COUNTRY_CABO_VERDE,Cabo Verde,2025,ALL,"Resources, Fuel & Materials",162449.64,162449.64,5,4
COUNTRY_CABO_VERDE,Cabo Verde,2026,ALL,Administrative,95404.09,93357.27996424313,4,4
COUNTRY_CABO_VERDE,Cabo Verde,2026,ALL,Construction & Infrastructure,23914.54,23401.474779499404,2,2
COUNTRY_CABO_VERDE,Cabo Verde,2026,ALL,Industrial Equipment & Manufacturing,22353.71,21874.13100119189,1,1
COUNTRY_CAMBODIA,Cambodia,2021,ALL,"Resources, Fuel & Materials",16347.25,18956.344985875705,1,1
COUNTRY_CAMBODIA,Cambodia,2022,ALL,"Resources, Fuel & Materials",77126.48,83757.72497354497,1,1
COUNTRY_CAMBODIA,Cambodia,2023,ALL,Administrative,71755.82,74998.76285168683,1,1
COUNTRY_CAMBODIA,Cambodia,2023,ALL,Construction & Infrastructure,16100,16827.625716104394,1,1
COUNTRY_CAMBODIA,Cambodia,2023,ALL,Industrial Equipment & Manufacturing,20106.83,21015.540967536603,1,1
COUNTRY_CAMBODIA,Cambodia,2024,ALL,Administrative,11401.62,11635.463045369796,1,1
COUNTRY_CAMBODIA,Cambodia,2024,ALL,Construction & Infrastructure,60962.85,62213.17569919204,1,1
COUNTRY_CAMBODIA,Cambodia,2024,ALL,Industrial Equipment & Manufacturing,28750,29339.651957737722,1,1
COUNTRY_CAMBODIA,Cambodia,2025,ALL,Administrative,1108882.11,1108882.11,3,2
COUNTRY_CAMBODIA,Cambodia,2025,ALL,Construction & Infrastructure,21146.12,21146.12,1,1
COUNTRY_CAMBODIA,Cambodia,2025,ALL,Industrial Equipment & Manufacturing,36014.47,36014.47,2,2
COUNTRY_CAMEROON,Cameroon,2019,ALL,"R&D, Engineering & Scientific Services",31993.5,38627.44632352941,1,1
COUNTRY_CAMEROON,Cameroon,2020,ALL,"Resources, Fuel & Materials",30767.12,36875.628496350364,2,2
COUNTRY_CAMEROON,Cameroon,2021,ALL,Administrative,224163.75,259941.29766949153,1,1
COUNTRY_CAMEROON,Cameroon,2021,ALL,Construction & Infrastructure,97733,113331.62853107344,1,1
COUNTRY_CAMEROON,Cameroon,2021,ALL,Industrial Equipment & Manufacturing,11847.9,13738.878389830508,1,1
COUNTRY_CAMEROON,Cameroon,2023,ALL,Administrative,19200.06,20067.790273711016,1,1
COUNTRY_CAMEROON,Cameroon,2023,ALL,Communications & Electronics,1170470,1223368.3895607893,1,1
COUNTRY_CAMEROON,Cameroon,2023,ALL,Digital Systems & Software,58558.79,61205.3043793762,1,1
COUNTRY_CAMEROON,Cameroon,2024,ALL,Administrative,12140.53,12389.52781852082,1,1
COUNTRY_CAMEROON,Cameroon,2025,ALL,Administrative,56742.24,56742.24,3,3
COUNTRY_CAMEROON,Cameroon,2025,ALL,Digital Systems & Software,91064.48,91064.48,1,1
COUNTRY_CAMEROON,Cameroon,2025,ALL,Industrial Equipment & Manufacturing,15360,15360,1,1
COUNTRY_CANADA,Canada,2016,ALL,Administrative,268098191.95,342848310.8893302,532,322
COUNTRY_CANADA,Canada,2016,ALL,Aerospace & Space,5336311.22,6824161.233052959,16,13
COUNTRY_CANADA,Canada,2016,ALL,Communications & Electronics,194455845.39,248673285.148271,44,36
COUNTRY_CANADA,Canada,2016,ALL,Construction & Infrastructure,42589387.42,54463998.554236755,159,65
COUNTRY_CANADA,Canada,2016,ALL,Digital Systems & Software,15381190.77,19669715.922383178,52,42
COUNTRY_CANADA,Canada,2016,ALL,Industrial Equipment & Manufacturing,28272401.73,36155205.32761682,254,152
COUNTRY_CANADA,Canada,2016,ALL,Land Systems & Vehicles,35602783.31,45529416.0397352,83,44
COUNTRY_CANADA,Canada,2016,ALL,Marine & Shipbuilding,14315707.22,18307158.29847352,33,23
COUNTRY_CANADA,Canada,2016,ALL,"R&D, Engineering & Scientific Services",26310541.11,33646346.18584112,57,44
COUNTRY_CANADA,Canada,2016,ALL,"Resources, Fuel & Materials",9851686.85,12598496.734968847,327,89
COUNTRY_CANADA,Canada,2016,ALL,Weapons & Military Equipment,8155161.5,10428952.634735202,3,3
COUNTRY_CANADA,Canada,2017,ALL,Administrative,2494931545.58,3141623924.7257357,3830,1604
COUNTRY_CANADA,Canada,2017,ALL,Aerospace & Space,894383176.7,1126209490.9059815,399,77
COUNTRY_CANADA,Canada,2017,ALL,Communications & Electronics,245482973.22,309112762.2908282,328,206
COUNTRY_CANADA,Canada,2017,ALL,Construction & Infrastructure,397806660.15,500919122.6735429,1601,668
COUNTRY_CANADA,Canada,2017,ALL,Digital Systems & Software,158524223,199614090.61809814,822,335
COUNTRY_CANADA,Canada,2017,ALL,Industrial Equipment & Manufacturing,706084766.6,889103670.8260736,1765,936
COUNTRY_CANADA,Canada,2017,ALL,Land Systems & Vehicles,209417358.78,263698852.0834049,697,200
COUNTRY_CANADA,Canada,2017,ALL,Marine & Shipbuilding,1484638847.62,1869460880.2086196,237,113
COUNTRY_CANADA,Canada,2017,ALL,"R&D, Engineering & Scientific Services",226738828.75,285510089.57630366,661,369
COUNTRY_CANADA,Canada,2017,ALL,"Resources, Fuel & Materials",123582935.62,155615935.80371165,2020,379
COUNTRY_CANADA,Canada,2017,ALL,Weapons & Military Equipment,60035608.25,75596985.23504601,85,34
COUNTRY_CANADA,Canada,2018,ALL,Administrative,792083349.54,974963163.3768215,4557,1995
COUNTRY_CANADA,Canada,2018,ALL,Aerospace & Space,193685176.06,238404092.27175412,420,91
COUNTRY_CANADA,Canada,2018,ALL,Communications & Electronics,198875856.04,244793220.1032084,511,266
COUNTRY_CANADA,Canada,2018,ALL,Construction & Infrastructure,455853600.03,561103156.8585157,2061,777
COUNTRY_CANADA,Canada,2018,ALL,Digital Systems & Software,197476364.7,243070607.82413793,1152,377
COUNTRY_CANADA,Canada,2018,ALL,Industrial Equipment & Manufacturing,205647400.96,253128210.1771514,2323,1114
COUNTRY_CANADA,Canada,2018,ALL,Land Systems & Vehicles,132172633.98,162689254.11931035,821,245
COUNTRY_CANADA,Canada,2018,ALL,Marine & Shipbuilding,233584664.79,287515756.81047976,347,150
COUNTRY_CANADA,Canada,2018,ALL,"R&D, Engineering & Scientific Services",1148476450.96,1413641928.3930433,1095,544
COUNTRY_CANADA,Canada,2018,ALL,"Resources, Fuel & Materials",184908588.5,227601126.17466265,2763,457
COUNTRY_CANADA,Canada,2018,ALL,Weapons & Military Equipment,267808443.19,329641277.14991003,122,62
COUNTRY_CANADA,Canada,2019,ALL,Administrative,550074130.97,664133619.8917205,4243,1760
COUNTRY_CANADA,Canada,2019,ALL,Aerospace & Space,149965311.8,181061060.27617645,466,130
COUNTRY_CANADA,Canada,2019,ALL,Communications & Electronics,122601181.92,148022897.58282351,597,344
COUNTRY_CANADA,Canada,2019,ALL,Construction & Infrastructure,626589336.14,756514477.8984412,1457,660
COUNTRY_CANADA,Canada,2019,ALL,Digital Systems & Software,223610435.44,269976716.9062353,1135,406
COUNTRY_CANADA,Canada,2019,ALL,Industrial Equipment & Manufacturing,118354814.8,142896033.75117648,1673,874
COUNTRY_CANADA,Canada,2019,ALL,Land Systems & Vehicles,2357214625.09,2845990010.5866027,557,218
COUNTRY_CANADA,Canada,2019,ALL,Marine & Shipbuilding,4413088749.47,5328155681.345397,416,188
COUNTRY_CANADA,Canada,2019,ALL,"R&D, Engineering & Scientific Services",461852251.51,557618674.2495735,790,440
COUNTRY_CANADA,Canada,2019,ALL,"Resources, Fuel & Materials",177577018.64,214398135.74035293,2878,401
COUNTRY_CANADA,Canada,2019,ALL,Weapons & Military Equipment,71592683.78,86437637.32849999,103,62
COUNTRY_CANADA,Canada,2020,ALL,Administrative,731365569.71,876570996.6889197,3889,1657
COUNTRY_CANADA,Canada,2020,ALL,Aerospace & Space,145747399.75,174684109.77335766,131,40
COUNTRY_CANADA,Canada,2020,ALL,Communications & Electronics,237637077.88,284817578.0138394,422,222
COUNTRY_CANADA,Canada,2020,ALL,Construction & Infrastructure,588980796.18,705917129.4361752,1757,645
COUNTRY_CANADA,Canada,2020,ALL,Digital Systems & Software,137739622.99,165086467.84640875,897,305
COUNTRY_CANADA,Canada,2020,ALL,Industrial Equipment & Manufacturing,138728988.51,166272262.14118248,2019,965
COUNTRY_CANADA,Canada,2020,ALL,Land Systems & Vehicles,92428302.4,110779031.05167884,544,224
COUNTRY_CANADA,Canada,2020,ALL,Marine & Shipbuilding,56540367.86,67765900.7489927,215,84
COUNTRY_CANADA,Canada,2020,ALL,"R&D, Engineering & Scientific Services",1321557606.32,1583939846.4068906,705,395
COUNTRY_CANADA,Canada,2020,ALL,"Resources, Fuel & Materials",226399081.94,271348388.71932846,1881,411
COUNTRY_CANADA,Canada,2020,ALL,Weapons & Military Equipment,203897899.51,244379818.24483213,83,15
COUNTRY_CANADA,Canada,2021,ALL,Administrative,1427100988.44,1654872756.368983,4223,1763
COUNTRY_CANADA,Canada,2021,ALL,Aerospace & Space,121601355.79,141009481.78473163,148,57
COUNTRY_CANADA,Canada,2021,ALL,Communications & Electronics,274943274.26,318825463.5133616,482,286
COUNTRY_CANADA,Canada,2021,ALL,Construction & Infrastructure,310473409.07,360026368.4272175,2352,702
COUNTRY_CANADA,Canada,2021,ALL,Digital Systems & Software,447425323.28,518836427.1368362,1111,332
COUNTRY_CANADA,Canada,2021,ALL,Industrial Equipment & Manufacturing,138673762.71,160806722.01258475,2147,986
COUNTRY_CANADA,Canada,2021,ALL,Land Systems & Vehicles,107001249.44,124079132.4720904,434,188
COUNTRY_CANADA,Canada,2021,ALL,Marine & Shipbuilding,164505014.14,190760757.92223164,202,90
COUNTRY_CANADA,Canada,2021,ALL,"R&D, Engineering & Scientific Services",681082464.83,789786304.5556921,816,442
COUNTRY_CANADA,Canada,2021,ALL,"Resources, Fuel & Materials",157876448.06,183074242.73624292,2720,453
COUNTRY_CANADA,Canada,2021,ALL,Weapons & Military Equipment,168558365.08,195461041.99248585,65,28
COUNTRY_CANADA,Canada,2022,ALL,Administrative,1602960477.37,1740781153.334352,4726,1915
COUNTRY_CANADA,Canada,2022,ALL,Aerospace & Space,1333288563.07,1447923161.7466536,259,87
COUNTRY_CANADA,Canada,2022,ALL,Communications & Electronics,242189136.34,263012276.3692328,406,242
COUNTRY_CANADA,Canada,2022,ALL,Construction & Infrastructure,441944834.1,479942736.5027778,2417,793
COUNTRY_CANADA,Canada,2022,ALL,Digital Systems & Software,282232965.8,306499027.67433864,925,348
COUNTRY_CANADA,Canada,2022,ALL,Industrial Equipment & Manufacturing,1891495217.08,2054123774.104074,2219,1044
COUNTRY_CANADA,Canada,2022,ALL,Land Systems & Vehicles,112912639.82,122620737.15902117,558,247
COUNTRY_CANADA,Canada,2022,ALL,Marine & Shipbuilding,1329235008.36,1443521087.1211112,229,93
COUNTRY_CANADA,Canada,2022,ALL,"R&D, Engineering & Scientific Services",5958579603.74,6470891342.156799,740,447
COUNTRY_CANADA,Canada,2022,ALL,"Resources, Fuel & Materials",294176459.04,319469408.560635,2701,472
COUNTRY_CANADA,Canada,2022,ALL,Weapons & Military Equipment,283896271.04,308305341.9627513,90,38
COUNTRY_CANADA,Canada,2023,ALL,Administrative,1216993618.75,1271994603.4293444,5512,2157
COUNTRY_CANADA,Canada,2023,ALL,Aerospace & Space,2351261325.54,2457524568.1328325,268,90
COUNTRY_CANADA,Canada,2023,ALL,Communications & Electronics,161296745.8,168586414.1334182,472,241
COUNTRY_CANADA,Canada,2023,ALL,Construction & Infrastructure,684289526.14,715215405.424494,2640,870
COUNTRY_CANADA,Canada,2023,ALL,Digital Systems & Software,412891942.1,431552239.92883515,1126,388
COUNTRY_CANADA,Canada,2023,ALL,Industrial Equipment & Manufacturing,179440351.05,187550004.0891789,2213,1048
COUNTRY_CANADA,Canada,2023,ALL,Land Systems & Vehicles,88886934.66,92904103.57206875,513,279
COUNTRY_CANADA,Canada,2023,ALL,Marine & Shipbuilding,625925587.96,654213759.0263017,250,121
COUNTRY_CANADA,Canada,2023,ALL,"R&D, Engineering & Scientific Services",2776022944.51,2901482924.8156714,704,437
COUNTRY_CANADA,Canada,2023,ALL,"Resources, Fuel & Materials",265155676.29,277139160.0688606,2564,490
COUNTRY_CANADA,Canada,2023,ALL,Weapons & Military Equipment,365448910.06,381965060.6737874,92,42
COUNTRY_CANADA,Canada,2024,ALL,Administrative,11887168743.02,12130970215.064535,5154,1935
COUNTRY_CANADA,Canada,2024,ALL,Aerospace & Space,3598131289.68,3671927643.0419884,244,99
COUNTRY_CANADA,Canada,2024,ALL,Communications & Electronics,474019228.01,483741188.55961466,489,266
COUNTRY_CANADA,Canada,2024,ALL,Construction & Infrastructure,464270303.3,473792316.97862023,2091,697
COUNTRY_CANADA,Canada,2024,ALL,Digital Systems & Software,314342963.26,320790022.17086387,1014,368
COUNTRY_CANADA,Canada,2024,ALL,Industrial Equipment & Manufacturing,366592676.51,374111357.8803107,2312,1063
COUNTRY_CANADA,Canada,2024,ALL,Land Systems & Vehicles,160620045.06,163914303.28683653,612,339
COUNTRY_CANADA,Canada,2024,ALL,Marine & Shipbuilding,5084137287.3,5188411078.773523,197,109
COUNTRY_CANADA,Canada,2024,ALL,"R&D, Engineering & Scientific Services",655958542.89,669412012.0729522,633,354
COUNTRY_CANADA,Canada,2024,ALL,"Resources, Fuel & Materials",252040022.76,257209271.20691112,2304,424
COUNTRY_CANADA,Canada,2024,ALL,Weapons & Military Equipment,407349887.17,415704483.9857924,72,38
COUNTRY_CANADA,Canada,2025,ALL,Administrative,951821227.53,951821227.53,6804,2402
COUNTRY_CANADA,Canada,2025,ALL,Aerospace & Space,775562814.55,775562814.55,385,127
COUNTRY_CANADA,Canada,2025,ALL,Communications & Electronics,717139826.22,717139826.22,593,323
COUNTRY_CANADA,Canada,2025,ALL,Construction & Infrastructure,711059329.93,711059329.93,3037,877
COUNTRY_CANADA,Canada,2025,ALL,Digital Systems & Software,386494190.63,386494190.63,1356,441
COUNTRY_CANADA,Canada,2025,ALL,Industrial Equipment & Manufacturing,433658413.8,433658413.8,3334,1420
COUNTRY_CANADA,Canada,2025,ALL,Land Systems & Vehicles,154931780.94,154931780.94,591,303
COUNTRY_CANADA,Canada,2025,ALL,Marine & Shipbuilding,10979485649.22,10979485649.22,1194,394
COUNTRY_CANADA,Canada,2025,ALL,"R&D, Engineering & Scientific Services",529212318.72,529212318.72,909,441
COUNTRY_CANADA,Canada,2025,ALL,"Resources, Fuel & Materials",252245058.34,252245058.34,2437,539
COUNTRY_CANADA,Canada,2025,ALL,Weapons & Military Equipment,447752995.2,447752995.2,71,34
COUNTRY_CANADA,Canada,2026,ALL,Administrative,163925968.41,160409082.31777114,1667,889
COUNTRY_CANADA,Canada,2026,ALL,Aerospace & Space,386324275.74,378036031.4452205,62,30
COUNTRY_CANADA,Canada,2026,ALL,Communications & Electronics,59336169.24,58063164.41721096,155,112
COUNTRY_CANADA,Canada,2026,ALL,Construction & Infrastructure,62889612.67,61540371.87374254,506,268
COUNTRY_CANADA,Canada,2026,ALL,Digital Systems & Software,325293483.27,318314600.43464833,384,192
COUNTRY_CANADA,Canada,2026,ALL,Industrial Equipment & Manufacturing,100994091.89,98827353.32740167,1063,593
COUNTRY_CANADA,Canada,2026,ALL,Land Systems & Vehicles,18704798.71,18303503.86282479,133,96
COUNTRY_CANADA,Canada,2026,ALL,Marine & Shipbuilding,186613841.61,182610207.34423122,620,250
COUNTRY_CANADA,Canada,2026,ALL,"R&D, Engineering & Scientific Services",941942847.35,921734299.9694277,280,179
COUNTRY_CANADA,Canada,2026,ALL,"Resources, Fuel & Materials",74447986.28,72850770.84133491,637,191
COUNTRY_CANADA,Canada,2026,ALL,Weapons & Military Equipment,781359310.5,764595940.3104886,45,21
COUNTRY_CAYMAN_ISLANDS,Cayman Islands,2018,ALL,"Resources, Fuel & Materials",48788.84,60053.429745127425,1,1
COUNTRY_CAYMAN_ISLANDS,Cayman Islands,2019,ALL,Digital Systems & Software,16380,19776.441176470587,1,1
COUNTRY_CAYMAN_ISLANDS,Cayman Islands,2019,ALL,"R&D, Engineering & Scientific Services",434246.78,524289.1270294117,1,1
COUNTRY_CAYMAN_ISLANDS,Cayman Islands,2020,ALL,"R&D, Engineering & Scientific Services",13797,16536.258394160584,1,1
COUNTRY_CAYMAN_ISLANDS,Cayman Islands,2021,ALL,Administrative,184199.89,213599.0249858757,1,1
COUNTRY_CAYMAN_ISLANDS,Cayman Islands,2022,ALL,"R&D, Engineering & Scientific Services",17870.9,19407.419179894183,1,1
COUNTRY_CAYMAN_ISLANDS,Cayman Islands,2023,ALL,Administrative,14141.93,14781.062418841504,1,1
COUNTRY_CAYMAN_ISLANDS,Cayman Islands,2024,ALL,Aerospace & Space,17905.18,18272.408676196395,1,1
COUNTRY_CAYMAN_ISLANDS,Cayman Islands,2024,ALL,Marine & Shipbuilding,18090.42,18461.44788067122,1,1
COUNTRY_CAYMAN_ISLANDS,Cayman Islands,2025,ALL,Digital Systems & Software,315000,315000,1,1
COUNTRY_CAYMAN_ISLANDS,Cayman Islands,2025,ALL,Industrial Equipment & Manufacturing,385025.27999999997,385025.27999999997,2,2
COUNTRY_CAYMAN_ISLANDS,Cayman Islands,2025,ALL,"Resources, Fuel & Materials",75556.59,75556.59,1,1
COUNTRY_CAYMAN_ISLANDS,Cayman Islands,2026,ALL,Administrative,403333.07,394679.9171275327,5,5
COUNTRY_CENTRAL_AFRICAN_REPUBLIC,Central African Republic,2020,ALL,Industrial Equipment & Manufacturing,21850,26188.102189781024,1,1
COUNTRY_CENTRAL_AFRICAN_REPUBLIC,Central African Republic,2021,ALL,Administrative,10446.07,12113.309985875705,1,1
COUNTRY_CENTRAL_AFRICAN_REPUBLIC,Central African Republic,2024,ALL,"Resources, Fuel & Materials",28214.16,28792.82207582349,1,1
COUNTRY_CHAD,Chad,2017,ALL,Industrial Equipment & Manufacturing,14480.39,18233.742622699385,1,1
COUNTRY_CHAD,Chad,2018,ALL,Administrative,26543.86,32672.427376311844,1,1
COUNTRY_CHILE,Chile,2017,ALL,"Resources, Fuel & Materials",40148,50554.460122699384,2,1
COUNTRY_CHILE,Chile,2018,ALL,Administrative,73392.39,90337.55950524737,1,1
COUNTRY_CHILE,Chile,2018,ALL,"Resources, Fuel & Materials",203164.82,250072.43961019488,3,2
COUNTRY_CHILE,Chile,2019,ALL,Administrative,32980.5,39819.103676470586,1,1
COUNTRY_CHILE,Chile,2020,ALL,Administrative,96982.04000000001,116236.86837956205,2,2
COUNTRY_CHILE,Chile,2025,ALL,Administrative,801863.17,801863.17,6,1
COUNTRY_CHILE,Chile,2025,ALL,"Resources, Fuel & Materials",1138997.37,1138997.37,3,1
COUNTRY_CHINA,China,2016,ALL,Administrative,166526.77000000002,212957.131105919,2,2
COUNTRY_CHINA,China,2017,ALL,Administrative,506085.11,637263.6124386503,9,4
COUNTRY_CHINA,China,2017,ALL,Industrial Equipment & Manufacturing,22680,28558.711656441716,1,1
COUNTRY_CHINA,China,2017,ALL,"Resources, Fuel & Materials",491255.39999999997,618590.0052147239,7,4
COUNTRY_CHINA,China,2018,ALL,Administrative,491528.91000000003,605015.3449925038,4,3
COUNTRY_CHINA,China,2018,ALL,Digital Systems & Software,102799.81,126534.69866566715,2,2
COUNTRY_CHINA,China,2018,ALL,Industrial Equipment & Manufacturing,645244.92,794222.0079760121,3,3
COUNTRY_CHINA,China,2018,ALL,"Resources, Fuel & Materials",284662.22,350386.33076461765,1,1
COUNTRY_CHINA,China,2019,ALL,"Resources, Fuel & Materials",18864.28,22775.843941176467,1,1
COUNTRY_CHINA,China,2020,ALL,Digital Systems & Software,208431.47999999998,249813.49646715328,3,3
COUNTRY_CHINA,China,2020,ALL,Land Systems & Vehicles,10185,12207.131386861314,1,1
COUNTRY_CHINA__HONG_KONG_SPECIAL_ADMINISTRATIVE_REGION,"China, Hong Kong Special Administrative Region",2016,ALL,"Resources, Fuel & Materials",75467.96,96509.64978193147,1,1
COUNTRY_COLOMBIA,Colombia,2018,ALL,Administrative,182852.16,225069.90008995502,7,3
COUNTRY_COLOMBIA,Colombia,2019,ALL,Administrative,48692.58,58789.129676470584,4,4
COUNTRY_COLOMBIA,Colombia,2019,ALL,Construction & Infrastructure,40320.57,48681.15877941176,1,1
COUNTRY_COLOMBIA,Colombia,2019,ALL,Land Systems & Vehicles,16165.87,19517.910691176472,1,1
COUNTRY_COLOMBIA,Colombia,2020,ALL,Administrative,61166.42,73310.40995620437,3,3
COUNTRY_COLOMBIA,Colombia,2021,ALL,Administrative,11635.14,13492.16093220339,1,1
COUNTRY_COLOMBIA,Colombia,2021,ALL,"Resources, Fuel & Materials",74809.42,86749.34155367232,5,1
COUNTRY_COLOMBIA,Colombia,2022,ALL,Administrative,29889.13,32458.96260582011,2,2
COUNTRY_COLOMBIA,Colombia,2022,ALL,"Resources, Fuel & Materials",65276.71,70889.12554232804,2,1
COUNTRY_COLOMBIA,Colombia,2023,ALL,Administrative,33669,35190.641629535334,2,2
COUNTRY_COLOMBIA,Colombia,2024,ALL,Administrative,2058820.89,2101046.551510255,5,5
COUNTRY_COLOMBIA,Colombia,2024,ALL,"Resources, Fuel & Materials",103718.6,105845.83045369794,1,1
COUNTRY_COLOMBIA,Colombia,2025,ALL,Administrative,38166.81,38166.81,2,2
COUNTRY_COLOMBIA,Colombia,2026,ALL,Administrative,34736,33990.76996424314,2,2
COUNTRY_COMOROS,Comoros,2021,ALL,Industrial Equipment & Manufacturing,17344.32,20112.551864406778,1,1
COUNTRY_COSTA_RICA,Costa Rica,2017,ALL,Administrative,16226.72,20432.725644171776,1,1
COUNTRY_COSTA_RICA,Costa Rica,2023,ALL,"Resources, Fuel & Materials",14813.89,15483.391075747932,1,1
COUNTRY_CROATIA,Croatia,2017,ALL,Administrative,912247.48,1148704.2654601226,4,1
COUNTRY_CROATIA,Croatia,2017,ALL,"Resources, Fuel & Materials",315444.59,397208.60182515334,8,3
COUNTRY_CROATIA,Croatia,2018,ALL,Administrative,23288.18,28665.061139430283,2,1
COUNTRY_CROATIA,Croatia,2018,ALL,"Resources, Fuel & Materials",87921.01999999999,108220.62581709145,3,2
COUNTRY_CROATIA,Croatia,2019,ALL,Administrative,59756.24,72146.87211764706,1,1
COUNTRY_CROATIA,Croatia,2019,ALL,"Resources, Fuel & Materials",103464.79999999999,124918.53058823527,2,1
COUNTRY_CROATIA,Croatia,2022,ALL,"Resources, Fuel & Materials",318995.24,346422.0794179895,16,2
COUNTRY_CROATIA,Croatia,2023,ALL,"Resources, Fuel & Materials",666156.53,696262.9040483768,20,3
COUNTRY_CROATIA,Croatia,2024,ALL,Administrative,170418.31,173913.5270478558,1,1
COUNTRY_CROATIA,Croatia,2024,ALL,"Resources, Fuel & Materials",303492.52999999997,309717.05050341826,4,2
COUNTRY_CROATIA,Croatia,2025,ALL,"Resources, Fuel & Materials",892260.51,892260.51,4,1
COUNTRY_CUBA,Cuba,2017,ALL,"Resources, Fuel & Materials",12508.13,15750.267990797543,1,1
COUNTRY_CYPRUS,Cyprus,2018,ALL,"Resources, Fuel & Materials",189629.9,233412.51559220388,5,1
COUNTRY_CYPRUS,Cyprus,2019,ALL,Administrative,29537.75,35662.48933823529,1,1
COUNTRY_CYPRUS,Cyprus,2019,ALL,"Resources, Fuel & Materials",235448.43,284269.35445588233,11,3
COUNTRY_CZECHIA,Czechia,2017,ALL,Industrial Equipment & Manufacturing,11192,14092.993865030674,1,1
COUNTRY_CZECHIA,Czechia,2017,ALL,"Resources, Fuel & Materials",727464.19,916024.6932361963,19,3
COUNTRY_CZECHIA,Czechia,2018,ALL,Administrative,1046750.01,1288428.4231034482,3,2
COUNTRY_CZECHIA,Czechia,2018,ALL,Industrial Equipment & Manufacturing,222033,273296.99100449774,1,1
COUNTRY_CZECHIA,Czechia,2018,ALL,"Resources, Fuel & Materials",1094935.16,1347738.780149925,16,2
COUNTRY_CZECHIA,Czechia,2019,ALL,"Resources, Fuel & Materials",10161.23,12268.190926470586,1,1
COUNTRY_CZECHIA,Czechia,2020,ALL,Industrial Equipment & Manufacturing,27167.37,32561.183605839415,2,2
COUNTRY_CZECHIA,Czechia,2022,ALL,"Resources, Fuel & Materials",74390.34,80786.33484126985,3,2
COUNTRY_CZECHIA,Czechia,2023,ALL,"Resources, Fuel & Materials",19643.24,20530.999414385744,1,1
COUNTRY_CZECHIA,Czechia,2024,ALL,"Resources, Fuel & Materials",45530.57,46464.385295214415,1,1
COUNTRY_CZECHIA,Czechia,2025,ALL,"Resources, Fuel & Materials",18408.75,18408.75,1,1
COUNTRY_DEMOCRATIC_PEOPLE_S_REPUBLIC_OF_KOREA,Democratic People's Republic of Korea,2017,ALL,"Resources, Fuel & Materials",93201.51,117359.57010736194,2,1
COUNTRY_DEMOCRATIC_PEOPLE_S_REPUBLIC_OF_KOREA,Democratic People's Republic of Korea,2019,ALL,Administrative,262070.37,316411.43201470585,2,1
COUNTRY_DEMOCRATIC_PEOPLE_S_REPUBLIC_OF_KOREA,Democratic People's Republic of Korea,2019,ALL,Communications & Electronics,64572.8,77962.16,1,1
COUNTRY_DEMOCRATIC_PEOPLE_S_REPUBLIC_OF_KOREA,Democratic People's Republic of Korea,2019,ALL,"Resources, Fuel & Materials",415000,501051.47058823524,1,1
COUNTRY_DENMARK,Denmark,2016,ALL,Communications & Electronics,18277.26,23373.256168224296,1,1
COUNTRY_DENMARK,Denmark,2018,ALL,Administrative,1016401.3899999999,1251072.7753973012,6,1
COUNTRY_DENMARK,Denmark,2018,ALL,Communications & Electronics,77248.75,95084.29347826086,2,1
COUNTRY_DENMARK,Denmark,2018,ALL,"R&D, Engineering & Scientific Services",14500,17847.82608695652,1,1
COUNTRY_DENMARK,Denmark,2018,ALL,"Resources, Fuel & Materials",819514.35,1008727.5582458769,7,2
COUNTRY_DENMARK,Denmark,2020,ALL,Industrial Equipment & Manufacturing,27574.7,33049.38496350365,1,1
COUNTRY_DENMARK,Denmark,2021,ALL,Administrative,261513.84,303252.6308474576,2,2
COUNTRY_DENMARK,Denmark,2021,ALL,"Resources, Fuel & Materials",1111451.3900000001,1288844.0553531074,16,2
COUNTRY_DENMARK,Denmark,2022,ALL,"Resources, Fuel & Materials",418955.61,454976.9256746032,12,1
COUNTRY_DENMARK,Denmark,2023,ALL,Communications & Electronics,3359721.7699999996,3511561.5189942713,3,3
COUNTRY_DENMARK,Denmark,2023,ALL,Industrial Equipment & Manufacturing,390722.47,408380.8375175048,2,2
COUNTRY_DENMARK,Denmark,2023,ALL,"Resources, Fuel & Materials",187985.33,196481.16604710376,5,2
COUNTRY_DENMARK,Denmark,2024,ALL,Administrative,101240.48,103316.88512119328,1,1
COUNTRY_DENMARK,Denmark,2024,ALL,Communications & Electronics,182909.83,186661.243542573,2,2
COUNTRY_DENMARK,Denmark,2024,ALL,"Resources, Fuel & Materials",42367.59,43236.533735239274,2,2
COUNTRY_DENMARK,Denmark,2025,ALL,Administrative,20000,20000,1,1
COUNTRY_DENMARK,Denmark,2025,ALL,Digital Systems & Software,265039.53,265039.53,1,1
COUNTRY_DENMARK,Denmark,2025,ALL,Industrial Equipment & Manufacturing,44331.37,44331.37,1,1
COUNTRY_DENMARK,Denmark,2025,ALL,"Resources, Fuel & Materials",653036.41,653036.41,5,1
COUNTRY_DENMARK,Denmark,2026,ALL,Marine & Shipbuilding,88228.16,86335.303170441,2,2
COUNTRY_DJIBOUTI,Djibouti,2023,ALL,"Resources, Fuel & Materials",894057.04,934463.1824824953,4,1
COUNTRY_DOMINICA,Dominica,2024,ALL,"Resources, Fuel & Materials",100243.65,102299.61050341825,1,1
COUNTRY_DOMINICAN_REPUBLIC,Dominican Republic,2022,ALL,"Resources, Fuel & Materials",128966.22,140054.5854761905,2,2
COUNTRY_DOMINICAN_REPUBLIC,Dominican Republic,2023,ALL,"Resources, Fuel & Materials",128267.68,134064.62798217696,3,2
COUNTRY_DOMINICAN_REPUBLIC,Dominican Republic,2024,ALL,"Resources, Fuel & Materials",192384.35,196330.08247358608,3,1
COUNTRY_ECUADOR,Ecuador,2018,ALL,Administrative,135198.37,166413.58586206898,3,3
COUNTRY_ECUADOR,Ecuador,2019,ALL,Administrative,11100,13401.617647058823,1,1
COUNTRY_ECUADOR,Ecuador,2019,ALL,Construction & Infrastructure,42000,50708.82352941176,1,1
COUNTRY_ECUADOR,Ecuador,2021,ALL,"Resources, Fuel & Materials",47323.1,54876.08064971751,1,1
COUNTRY_ECUADOR,Ecuador,2022,ALL,Administrative,108412.92,117734.13666666667,5,5
COUNTRY_ECUADOR,Ecuador,2023,ALL,Administrative,46078.619999999995,48161.1037810312,2,2
COUNTRY_ECUADOR,Ecuador,2023,ALL,"Resources, Fuel & Materials",107191.97,112036.4193125398,2,1
COUNTRY_EGYPT,Egypt,2017,ALL,"Resources, Fuel & Materials",43679.89,55001.824677914105,3,3
COUNTRY_EGYPT,Egypt,2018,ALL,Administrative,38333.33,47183.90394302848,2,1
COUNTRY_EGYPT,Egypt,2018,ALL,"Resources, Fuel & Materials",85949.51,105793.92460269865,2,2
COUNTRY_EGYPT,Egypt,2020,ALL,Administrative,12400,14861.897810218978,1,1
COUNTRY_EGYPT,Egypt,2020,ALL,"Resources, Fuel & Materials",76160.35,91281.23700729926,2,1
COUNTRY_EGYPT,Egypt,2021,ALL,"Resources, Fuel & Materials",101170.4,117317.65310734464,4,2
COUNTRY_EGYPT,Egypt,2022,ALL,"Resources, Fuel & Materials",37064.34,40251.08880952381,1,1
COUNTRY_EGYPT,Egypt,2023,ALL,Administrative,203325.8,212514.93545512413,1,1
COUNTRY_EGYPT,Egypt,2023,ALL,"Resources, Fuel & Materials",143896.08,150399.3401400382,7,2
COUNTRY_EGYPT,Egypt,2024,ALL,"Resources, Fuel & Materials",24365.69,24865.421367308885,2,2
COUNTRY_EGYPT,Egypt,2025,ALL,Administrative,430429.07,430429.07,2,2
COUNTRY_EGYPT,Egypt,2025,ALL,"Resources, Fuel & Materials",336549.52999999997,336549.52999999997,2,2
COUNTRY_EL_SALVADOR,El Salvador,2019,ALL,Construction & Infrastructure,73688.95,88968.57051470588,1,1
COUNTRY_EL_SALVADOR,El Salvador,2019,ALL,"Resources, Fuel & Materials",10286.76,12419.74994117647,1,1
COUNTRY_EL_SALVADOR,El Salvador,2022,ALL,"Resources, Fuel & Materials",49936.17,54229.62376984127,2,1
COUNTRY_ESTONIA,Estonia,2016,ALL,"Resources, Fuel & Materials",19540.91,24989.232258566975,1,1
COUNTRY_ESTONIA,Estonia,2018,ALL,"Resources, Fuel & Materials",131316.99,161636.05515742127,5,2
COUNTRY_ESTONIA,Estonia,2019,ALL,Administrative,17556.53,21196.92813235294,1,1
COUNTRY_ESTONIA,Estonia,2019,ALL,"Resources, Fuel & Materials",24289.260000000002,29325.709499999997,2,2
COUNTRY_ESTONIA,Estonia,2022,ALL,Administrative,69737.56,75733.51423280424,1,1
COUNTRY_ESWATINI,Eswatini,2019,ALL,"Resources, Fuel & Materials",26462.67,31949.78245588235,1,1
COUNTRY_ETHIOPIA,Ethiopia,2017,ALL,"Resources, Fuel & Materials",23844.01,30024.435904907972,1,1
COUNTRY_ETHIOPIA,Ethiopia,2021,ALL,"Resources, Fuel & Materials",12417.47,14399.35433615819,1,1
COUNTRY_FIJI,Fiji,2017,ALL,Administrative,10355.55,13039.733972392636,1,1
COUNTRY_FIJI,Fiji,2018,ALL,Administrative,85857.6,105680.79400299849,2,1
COUNTRY_FIJI,Fiji,2018,ALL,Aerospace & Space,340015.84,418520.24683658173,1,1
COUNTRY_FIJI,Fiji,2018,ALL,"Resources, Fuel & Materials",704932.04,867689.9622788605,11,3
COUNTRY_FIJI,Fiji,2019,ALL,"Resources, Fuel & Materials",54202.81,65441.92207352941,1,1
COUNTRY_FIJI,Fiji,2024,ALL,"Resources, Fuel & Materials",125866.08,128447.54714729646,1,1
COUNTRY_FIJI,Fiji,2025,ALL,"Resources, Fuel & Materials",538576.9,538576.9,1,1
COUNTRY_FINLAND,Finland,2017,ALL,Administrative,101747.97,128121.29351226994,1,1
COUNTRY_FINLAND,Finland,2017,ALL,Industrial Equipment & Manufacturing,491152.5,618460.4332822085,1,1
COUNTRY_FINLAND,Finland,2017,ALL,"Resources, Fuel & Materials",66336.84,83531.5117177914,3,2
COUNTRY_FINLAND,Finland,2018,ALL,Industrial Equipment & Manufacturing,211701.17,260579.70100449777,1,1
COUNTRY_FINLAND,Finland,2018,ALL,"R&D, Engineering & Scientific Services",22272.31,27414.64244377811,1,1
COUNTRY_FINLAND,Finland,2019,ALL,Communications & Electronics,213098.4,257284.97999999998,3,2
COUNTRY_FINLAND,Finland,2019,ALL,Industrial Equipment & Manufacturing,15255,18418.16911764706,1,1
COUNTRY_FINLAND,Finland,2019,ALL,"R&D, Engineering & Scientific Services",24156.76,29165.735235294112,1,1
COUNTRY_FINLAND,Finland,2019,ALL,"Resources, Fuel & Materials",202650.77,244671.00319117645,7,4
COUNTRY_FINLAND,Finland,2020,ALL,Industrial Equipment & Manufacturing,15599.1,18696.147591240875,1,1
COUNTRY_FINLAND,Finland,2021,ALL,Digital Systems & Software,44936.95,52109.09032485875,1,1
COUNTRY_FINLAND,Finland,2021,ALL,Industrial Equipment & Manufacturing,121497.6,140889.16610169492,1,1
COUNTRY_FINLAND,Finland,2022,ALL,"Resources, Fuel & Materials",443767.3,481921.8958994709,15,2
COUNTRY_FINLAND,Finland,2023,ALL,Administrative,21525,22497.803946530872,1,1
COUNTRY_FINLAND,Finland,2023,ALL,"Resources, Fuel & Materials",730544.46,763560.791419478,18,2
COUNTRY_FINLAND,Finland,2024,ALL,Industrial Equipment & Manufacturing,1182815.6600000001,1207074.7754630204,2,1
COUNTRY_FINLAND,Finland,2024,ALL,Land Systems & Vehicles,41597.96,42451.118906152886,1,1
COUNTRY_FINLAND,Finland,2024,ALL,"Resources, Fuel & Materials",452567.06,461849.0444499689,5,2
COUNTRY_FINLAND,Finland,2025,ALL,Administrative,24916.5,24916.5,1,1
COUNTRY_FINLAND,Finland,2025,ALL,Industrial Equipment & Manufacturing,368048,368048,1,1
COUNTRY_FINLAND,Finland,2025,ALL,"R&D, Engineering & Scientific Services",2229730.8,2229730.8,1,1
COUNTRY_FINLAND,Finland,2025,ALL,"Resources, Fuel & Materials",257697.52,257697.52,5,1
COUNTRY_FINLAND,Finland,2026,ALL,Administrative,10798.6,10566.925625744934,1,1
COUNTRY_FINLAND,Finland,2026,ALL,Digital Systems & Software,32185.82,31495.30181168057,1,1
COUNTRY_FINLAND,Finland,2026,ALL,"R&D, Engineering & Scientific Services",15441.79,15110.50010727056,1,1
COUNTRY_FRANCE,France,2016,ALL,Administrative,222846.89,284980.21291277255,1,1
COUNTRY_FRANCE,France,2016,ALL,Industrial Equipment & Manufacturing,39629.13,50678.37341121495,2,1
COUNTRY_FRANCE,France,2016,ALL,"R&D, Engineering & Scientific Services",24000,30691.588785046726,1,1
COUNTRY_FRANCE,France,2016,ALL,"Resources, Fuel & Materials",372615.46,476506.6863862928,14,3
COUNTRY_FRANCE,France,2017,ALL,Administrative,530534.0599999999,668049.7902760735,14,4
COUNTRY_FRANCE,France,2017,ALL,Industrial Equipment & Manufacturing,4229179.62,5325393.355858895,10,4
COUNTRY_FRANCE,France,2017,ALL,"Resources, Fuel & Materials",1138782.46,1433957.668190184,45,8
COUNTRY_FRANCE,France,2018,ALL,Administrative,79543.9,97909.35817091452,3,1
COUNTRY_FRANCE,France,2018,ALL,Communications & Electronics,1151007.6,1416757.4806596702,1,1
COUNTRY_FRANCE,France,2018,ALL,Industrial Equipment & Manufacturing,681416.18,838744.6533433283,6,5
COUNTRY_FRANCE,France,2018,ALL,"Resources, Fuel & Materials",555834.36,684167.9303748126,16,6
COUNTRY_FRANCE,France,2019,ALL,Administrative,332346.85,401259.94683823525,6,4
COUNTRY_FRANCE,France,2019,ALL,Communications & Electronics,1897129.4,2290504.7608823525,1,1
COUNTRY_FRANCE,France,2019,ALL,Digital Systems & Software,75000,90551.47058823529,1,1
COUNTRY_FRANCE,France,2019,ALL,Industrial Equipment & Manufacturing,10428815.29,12591260.813367646,4,3
COUNTRY_FRANCE,France,2019,ALL,"Resources, Fuel & Materials",1610863.77,1944881.1105441176,38,9
COUNTRY_FRANCE,France,2020,ALL,Communications & Electronics,78231.53,93763.62938686131,1,1
COUNTRY_FRANCE,France,2020,ALL,Industrial Equipment & Manufacturing,43650.55,52316.936569343074,1,1
COUNTRY_FRANCE,France,2020,ALL,"R&D, Engineering & Scientific Services",22580.870000000003,27064.079226277376,2,2
COUNTRY_FRANCE,France,2020,ALL,"Resources, Fuel & Materials",1428937.42,1712638.863970803,43,11
COUNTRY_FRANCE,France,2021,ALL,Administrative,674937.09,782660.1001271186,3,3
COUNTRY_FRANCE,France,2021,ALL,Construction & Infrastructure,18483.25,21433.26024011299,1,1
COUNTRY_FRANCE,France,2021,ALL,Industrial Equipment & Manufacturing,271733.98,315103.95138418075,2,2
COUNTRY_FRANCE,France,2021,ALL,"Resources, Fuel & Materials",1360071.77,1577145.3717090394,22,4
COUNTRY_FRANCE,France,2022,ALL,Administrative,105559.45,114635.32863756614,5,2
COUNTRY_FRANCE,France,2022,ALL,Industrial Equipment & Manufacturing,19561.48,21243.353280423282,1,1
COUNTRY_FRANCE,France,2022,ALL,"R&D, Engineering & Scientific Services",945000,1026250.0000000001,1,1
COUNTRY_FRANCE,France,2022,ALL,"Resources, Fuel & Materials",1089295.43,1182951.7831084656,14,4
COUNTRY_FRANCE,France,2023,ALL,Administrative,44791.62,46815.9389178867,3,2
COUNTRY_FRANCE,France,2023,ALL,Digital Systems & Software,1060805.9,1108748.1144493953,1,1
COUNTRY_FRANCE,France,2023,ALL,Industrial Equipment & Manufacturing,1016717.6299999999,1062667.3128325907,4,4
COUNTRY_FRANCE,France,2023,ALL,"Resources, Fuel & Materials",1651166.34,1725789.3891024827,36,3
COUNTRY_FRANCE,France,2024,ALL,Administrative,184014.91999999998,187788.99853325047,3,3
COUNTRY_FRANCE,France,2024,ALL,Industrial Equipment & Manufacturing,15099.07,15408.746389061527,1,1
COUNTRY_FRANCE,France,2024,ALL,Land Systems & Vehicles,20726.53,21151.623530142944,1,1
COUNTRY_FRANCE,France,2024,ALL,"R&D, Engineering & Scientific Services",22410,22869.620882535735,1,1
COUNTRY_FRANCE,France,2024,ALL,"Resources, Fuel & Materials",788272.4,804439.5778744562,6,3
COUNTRY_FRANCE,France,2025,ALL,Administrative,339090,339090,1,1
COUNTRY_FRANCE,France,2025,ALL,Digital Systems & Software,117618.75,117618.75,1,1
COUNTRY_FRANCE,France,2025,ALL,Industrial Equipment & Manufacturing,333798.33,333798.33,2,2
COUNTRY_FRANCE,France,2025,ALL,Land Systems & Vehicles,374820.28,374820.28,1,1
COUNTRY_FRANCE,France,2025,ALL,"Resources, Fuel & Materials",603421.34,603421.34,10,1
COUNTRY_FRANCE,France,2026,ALL,Administrative,20564.29,20123.101418355185,1,1
COUNTRY_FRANCE,France,2026,ALL,Industrial Equipment & Manufacturing,19709.07,19286.229404052443,1,1
COUNTRY_FRANCE,France,2026,ALL,"R&D, Engineering & Scientific Services",13127.24,12845.606722288438,1,1
COUNTRY_GEORGIA,Georgia,2016,ALL,"Resources, Fuel & Materials",39005.73,49881.15939252336,1,1
COUNTRY_GEORGIA,Georgia,2017,ALL,"Resources, Fuel & Materials",24629.26,31013.224631901838,1,1
COUNTRY_GEORGIA,Georgia,2020,ALL,Administrative,159993.4,191758.51299270074,1,1
COUNTRY_GEORGIA,Georgia,2021,ALL,Administrative,80196.87,92996.6529237288,3,3
COUNTRY_GEORGIA,Georgia,2022,ALL,Administrative,68995.08,74927.19666666667,2,2
COUNTRY_GEORGIA,Georgia,2023,ALL,Administrative,168504.31,176119.71802673457,4,4
COUNTRY_GEORGIA,Georgia,2026,ALL,Marine & Shipbuilding,13484.75,13195.446662693681,1,1
COUNTRY_GERMANY,Germany,2016,ALL,Administrative,93200.21,119185.93833333332,4,3
COUNTRY_GERMANY,Germany,2016,ALL,Construction & Infrastructure,146938.35,187907.1422897196,4,3
COUNTRY_GERMANY,Germany,2016,ALL,Industrial Equipment & Manufacturing,28202.11,36065.31512461059,1,1
COUNTRY_GERMANY,Germany,2016,ALL,Land Systems & Vehicles,6558086.36,8386587.074080995,7,3
COUNTRY_GERMANY,Germany,2016,ALL,"Resources, Fuel & Materials",2574614.16,3292458.294953271,33,2
COUNTRY_GERMANY,Germany,2017,ALL,Administrative,763283.32,961128.2296319018,27,12
COUNTRY_GERMANY,Germany,2017,ALL,Construction & Infrastructure,64902.93,81725.92872699386,5,3
COUNTRY_GERMANY,Germany,2017,ALL,Digital Systems & Software,38907.3,48992.16763803681,3,3
COUNTRY_GERMANY,Germany,2017,ALL,Industrial Equipment & Manufacturing,6046276.19,7613485.815935582,16,15
COUNTRY_GERMANY,Germany,2017,ALL,Land Systems & Vehicles,78124389.77,98374423.31467791,44,9
COUNTRY_GERMANY,Germany,2017,ALL,Marine & Shipbuilding,125231.5,157691.81211656443,5,4
COUNTRY_GERMANY,Germany,2017,ALL,"Resources, Fuel & Materials",2276690.93,2866814.806027607,43,8
COUNTRY_GERMANY,Germany,2017,ALL,Weapons & Military Equipment,1712175.6,2155975.717177914,1,1
COUNTRY_GERMANY,Germany,2018,ALL,Administrative,1087844.34,1339010.7993103447,29,13
COUNTRY_GERMANY,Germany,2018,ALL,Construction & Infrastructure,142598.12,175521.82386806596,5,4
COUNTRY_GERMANY,Germany,2018,ALL,Industrial Equipment & Manufacturing,11864792.94,14604190.410404796,6,5
COUNTRY_GERMANY,Germany,2018,ALL,Land Systems & Vehicles,72236679.47,88915013.26067466,41,11
COUNTRY_GERMANY,Germany,2018,ALL,Marine & Shipbuilding,86603.95,106599.46469265365,3,3
COUNTRY_GERMANY,Germany,2018,ALL,"R&D, Engineering & Scientific Services",3801702.03,4679456.321784108,6,6
COUNTRY_GERMANY,Germany,2018,ALL,"Resources, Fuel & Materials",1496155.91,1841595.2055622188,35,6
COUNTRY_GERMANY,Germany,2018,ALL,Weapons & Military Equipment,27849370.4,34279359.96761619,5,3
COUNTRY_GERMANY,Germany,2019,ALL,Administrative,792152.27,956407.3730441176,20,11
COUNTRY_GERMANY,Germany,2019,ALL,Communications & Electronics,21798.48,26318.45894117647,2,2
COUNTRY_GERMANY,Germany,2019,ALL,Construction & Infrastructure,277168.94,334640.7349117647,5,3
COUNTRY_GERMANY,Germany,2019,ALL,Digital Systems & Software,22841.84,27578.16270588235,1,1
COUNTRY_GERMANY,Germany,2019,ALL,Industrial Equipment & Manufacturing,76087.48999999999,91864.45483823528,2,2
COUNTRY_GERMANY,Germany,2019,ALL,Land Systems & Vehicles,26202521.22,31635691.061205883,16,10
COUNTRY_GERMANY,Germany,2019,ALL,Marine & Shipbuilding,15871.47,19162.465985294115,1,1
COUNTRY_GERMANY,Germany,2019,ALL,"R&D, Engineering & Scientific Services",76145.08,91933.98629411764,1,1
COUNTRY_GERMANY,Germany,2019,ALL,"Resources, Fuel & Materials",1914379.18,2311331.3334999997,47,7
COUNTRY_GERMANY,Germany,2019,ALL,Weapons & Military Equipment,1955593.14,2361091.129323529,4,3
COUNTRY_GERMANY,Germany,2020,ALL,Administrative,309500.87,370949.21791240876,13,6
COUNTRY_GERMANY,Germany,2020,ALL,Construction & Infrastructure,112047.51000000001,134293.43899270074,2,2
COUNTRY_GERMANY,Germany,2020,ALL,Industrial Equipment & Manufacturing,2183815,2617389.9489051094,5,5
COUNTRY_GERMANY,Germany,2020,ALL,Land Systems & Vehicles,23503824.93,28170277.762817517,34,12
COUNTRY_GERMANY,Germany,2020,ALL,"R&D, Engineering & Scientific Services",3563236.5,4270681.994890511,1,1
COUNTRY_GERMANY,Germany,2020,ALL,"Resources, Fuel & Materials",223418.78,267776.3771970803,7,5
COUNTRY_GERMANY,Germany,2021,ALL,Administrative,4066992.23,4716102.571793785,17,4
COUNTRY_GERMANY,Germany,2021,ALL,Construction & Infrastructure,32110.82,37235.852005649715,2,2
COUNTRY_GERMANY,Germany,2021,ALL,Industrial Equipment & Manufacturing,18051908.64,20933074.849491525,4,4
COUNTRY_GERMANY,Germany,2021,ALL,Land Systems & Vehicles,14653390.04,16992137.32039548,22,11
COUNTRY_GERMANY,Germany,2021,ALL,"R&D, Engineering & Scientific Services",34686.79,40222.95846045198,2,2
COUNTRY_GERMANY,Germany,2021,ALL,"Resources, Fuel & Materials",704846.43,817343.1059745762,17,3
COUNTRY_GERMANY,Germany,2021,ALL,Weapons & Military Equipment,506282.67,587087.6724152542,2,2
COUNTRY_GERMANY,Germany,2022,ALL,Administrative,410485.66000000003,445778.7392328043,19,6
COUNTRY_GERMANY,Germany,2022,ALL,Communications & Electronics,143985.65,156365.3685846561,2,2
COUNTRY_GERMANY,Germany,2022,ALL,Construction & Infrastructure,53394.3,57985.079761904766,3,3
COUNTRY_GERMANY,Germany,2022,ALL,Digital Systems & Software,492412.5,534749.5535714286,1,1
COUNTRY_GERMANY,Germany,2022,ALL,Industrial Equipment & Manufacturing,111208.95999999999,120770.57693121693,2,2
COUNTRY_GERMANY,Germany,2022,ALL,Land Systems & Vehicles,171449071.78,186190063.40129632,23,7
COUNTRY_GERMANY,Germany,2022,ALL,"R&D, Engineering & Scientific Services",49335.4,53577.200264550265,2,2
COUNTRY_GERMANY,Germany,2022,ALL,"Resources, Fuel & Materials",413444.04000000004,448991.47730158735,10,3
COUNTRY_GERMANY,Germany,2023,ALL,Administrative,2411328.67,2520306.604799491,17,6
COUNTRY_GERMANY,Germany,2023,ALL,Communications & Electronics,57720.48,60329.10767663909,4,2
COUNTRY_GERMANY,Germany,2023,ALL,Construction & Infrastructure,20929.77,21875.673036282624,1,1
COUNTRY_GERMANY,Germany,2023,ALL,Digital Systems & Software,53210.88,55615.700165499686,4,2
COUNTRY_GERMANY,Germany,2023,ALL,Industrial Equipment & Manufacturing,11651916.25,12178514.62921706,2,2
COUNTRY_GERMANY,Germany,2023,ALL,Land Systems & Vehicles,17790542.43,18594570.76388288,27,8
COUNTRY_GERMANY,Germany,2023,ALL,"R&D, Engineering & Scientific Services",48682.13,50882.27718650541,1,1
COUNTRY_GERMANY,Germany,2023,ALL,"Resources, Fuel & Materials",156271.53,163334.08800763846,5,2
COUNTRY_GERMANY,Germany,2024,ALL,Administrative,4730163.2,4827177.112740832,14,5
COUNTRY_GERMANY,Germany,2024,ALL,Communications & Electronics,60150.490000000005,61384.154493474205,3,2
COUNTRY_GERMANY,Germany,2024,ALL,Construction & Infrastructure,13714.2,13995.473213175885,1,1
COUNTRY_GERMANY,Germany,2024,ALL,Digital Systems & Software,804229.71,820724.1664512119,3,3
COUNTRY_GERMANY,Germany,2024,ALL,Industrial Equipment & Manufacturing,985653969.62,1005869371.110031,4,4
COUNTRY_GERMANY,Germany,2024,ALL,Land Systems & Vehicles,1462665232.04,1492663959.6082535,23,11
COUNTRY_GERMANY,Germany,2024,ALL,"Resources, Fuel & Materials",47046.82,48011.733026724665,2,1
COUNTRY_GERMANY,Germany,2024,ALL,Weapons & Military Equipment,1997012.2,2037970.1879428215,1,1
COUNTRY_GERMANY,Germany,2025,ALL,Administrative,553192.51,553192.51,25,9
COUNTRY_GERMANY,Germany,2025,ALL,Communications & Electronics,131142.98,131142.98,3,3
COUNTRY_GERMANY,Germany,2025,ALL,Construction & Infrastructure,233382.37,233382.37,10,8
COUNTRY_GERMANY,Germany,2025,ALL,Digital Systems & Software,39008.07,39008.07,3,2
COUNTRY_GERMANY,Germany,2025,ALL,Industrial Equipment & Manufacturing,2186285.04,2186285.04,9,6
COUNTRY_GERMANY,Germany,2025,ALL,Marine & Shipbuilding,136761.37,136761.37,3,3
COUNTRY_GERMANY,Germany,2025,ALL,"Resources, Fuel & Materials",391442.35,391442.35,8,4
COUNTRY_GERMANY,Germany,2025,ALL,Weapons & Military Equipment,31911.8,31911.8,1,1
COUNTRY_GERMANY,Germany,2026,ALL,Administrative,208799.8,204320.18569725862,5,4
COUNTRY_GERMANY,Germany,2026,ALL,Communications & Electronics,49739.16,48672.05048867699,1,1
COUNTRY_GERMANY,Germany,2026,ALL,Construction & Infrastructure,250726.46000000002,245347.3464362336,5,3
COUNTRY_GERMANY,Germany,2026,ALL,Digital Systems & Software,461364.62,451466.45175208576,3,3
COUNTRY_GERMANY,Germany,2026,ALL,Industrial Equipment & Manufacturing,581269.29,568798.6735280094,5,5
COUNTRY_GERMANY,Germany,2026,ALL,Marine & Shipbuilding,36961.1,36168.13241954707,2,2
COUNTRY_GERMANY,Germany,2026,ALL,"R&D, Engineering & Scientific Services",72837.62,71274.95353992848,2,1
COUNTRY_GERMANY,Germany,2026,ALL,Weapons & Military Equipment,33407446,32690718.910607863,1,1
COUNTRY_GHANA,Ghana,2017,ALL,"Resources, Fuel & Materials",26655.510000000002,33564.68360429448,2,2
COUNTRY_GHANA,Ghana,2018,ALL,Administrative,132026.79,162509.73701649177,2,1
COUNTRY_GHANA,Ghana,2018,ALL,Construction & Infrastructure,15360,18906.3868065967,1,1
COUNTRY_GHANA,Ghana,2018,ALL,"Resources, Fuel & Materials",266863.5,328478.1611694153,4,3
COUNTRY_GHANA,Ghana,2019,ALL,Administrative,66778.48,80625.19423529411,2,1
COUNTRY_GHANA,Ghana,2019,ALL,"Resources, Fuel & Materials",38503.26,46487.02420588235,1,1
COUNTRY_GHANA,Ghana,2020,ALL,Administrative,141567.72999999998,169674.60778102188,3,1
COUNTRY_GHANA,Ghana,2020,ALL,"R&D, Engineering & Scientific Services",37000,44345.98540145985,2,2
COUNTRY_GHANA,Ghana,2020,ALL,"Resources, Fuel & Materials",320686.71,384355.8962189781,4,1
COUNTRY_GHANA,Ghana,2021,ALL,"Resources, Fuel & Materials",82370.93,95517.7027259887,4,2
COUNTRY_GHANA,Ghana,2022,ALL,Administrative,72478.98,78710.63833333334,1,1
COUNTRY_GHANA,Ghana,2023,ALL,Administrative,151233.06,158067.90866963717,2,1
COUNTRY_GHANA,Ghana,2023,ALL,"Resources, Fuel & Materials",386212.26999999996,403666.8028898791,8,3
COUNTRY_GHANA,Ghana,2024,ALL,"Resources, Fuel & Materials",100567.73,102630.33726538222,2,2
COUNTRY_GHANA,Ghana,2025,ALL,"Resources, Fuel & Materials",10919.49,10919.49,1,1
COUNTRY_GIBRALTAR,Gibraltar,2018,ALL,Marine & Shipbuilding,228750.91,281565.9626836582,3,3
COUNTRY_GIBRALTAR,Gibraltar,2022,ALL,"Resources, Fuel & Materials",29772.3,32332.0876984127,1,1
COUNTRY_GIBRALTAR,Gibraltar,2023,ALL,"Resources, Fuel & Materials",36997,38669.04774029281,1,1
COUNTRY_GIBRALTAR,Gibraltar,2024,ALL,"Resources, Fuel & Materials",24892.94,25403.485071472962,1,1
COUNTRY_GREECE,Greece,2016,ALL,"Resources, Fuel & Materials",172542.72,220650.42542056073,8,3
COUNTRY_GREECE,Greece,2017,ALL,Administrative,2385030.0300000003,3003235.6666104295,11,2
COUNTRY_GREECE,Greece,2017,ALL,"Resources, Fuel & Materials",336232.58,423384.88984662574,8,5
COUNTRY_GREECE,Greece,2018,ALL,Administrative,2485336.12,3059161.8508545724,12,2
COUNTRY_GREECE,Greece,2018,ALL,"Resources, Fuel & Materials",784480.99,965605.5364167916,13,4
COUNTRY_GREECE,Greece,2019,ALL,Administrative,337461.26,407434.8447941176,3,1
COUNTRY_GREECE,Greece,2019,ALL,Aerospace & Space,644527.97,778172.7402499999,3,1
COUNTRY_GREECE,Greece,2019,ALL,"Resources, Fuel & Materials",1282133.42,1547987.555617647,25,9
COUNTRY_GREECE,Greece,2020,ALL,Administrative,818565.1699999999,981083.218350365,4,1
COUNTRY_GREECE,Greece,2020,ALL,"Resources, Fuel & Materials",715138.37,857122.0463795621,13,3
COUNTRY_GREECE,Greece,2020,ALL,Weapons & Military Equipment,2898129.2,3473524.194452555,1,1
COUNTRY_GREECE,Greece,2021,ALL,"Resources, Fuel & Materials",850446.3,986181.3733050846,21,2
COUNTRY_GREECE,Greece,2022,ALL,Administrative,123617.59,134246.086494709,1,1
COUNTRY_GREECE,Greece,2022,ALL,"Resources, Fuel & Materials",380388,413093.3174603175,10,3
COUNTRY_GREECE,Greece,2023,ALL,Administrative,563254.7,588710.5139401655,6,5
COUNTRY_GREECE,Greece,2023,ALL,Construction & Infrastructure,16003.8,16727.07803946531,1,1
COUNTRY_GREECE,Greece,2023,ALL,"Resources, Fuel & Materials",886480.14,926543.850973902,31,2
COUNTRY_GREECE,Greece,2024,ALL,Administrative,28977.72,29572.042411435676,2,1
COUNTRY_GREECE,Greece,2024,ALL,Communications & Electronics,15304978,15618877.486637661,1,1
COUNTRY_GREECE,Greece,2024,ALL,Industrial Equipment & Manufacturing,2473000,2523720.3231821004,1,1
COUNTRY_GREECE,Greece,2024,ALL,"Resources, Fuel & Materials",233125.92,237907.24713486637,6,4
COUNTRY_GREECE,Greece,2025,ALL,Administrative,716897.52,716897.52,3,1
COUNTRY_GREECE,Greece,2025,ALL,"Resources, Fuel & Materials",77196.98999999999,77196.98999999999,2,1
COUNTRY_GREENLAND,Greenland,2017,ALL,Administrative,72415.42,91185.67457055215,4,2
COUNTRY_GREENLAND,Greenland,2017,ALL,"Resources, Fuel & Materials",682829.95,859821.1486963191,6,4
COUNTRY_GREENLAND,Greenland,2018,ALL,Administrative,20292.8,24978.094152923535,1,1
COUNTRY_GREENLAND,Greenland,2018,ALL,Marine & Shipbuilding,58504.05,72011.73170914542,2,1
COUNTRY_GREENLAND,Greenland,2018,ALL,"Resources, Fuel & Materials",755694.72,930172.9611994001,3,2
COUNTRY_GREENLAND,Greenland,2019,ALL,Administrative,351417.01,424284.36060294113,2,2
COUNTRY_GREENLAND,Greenland,2019,ALL,Aerospace & Space,52081.450000000004,62880.691838235296,3,3
COUNTRY_GREENLAND,Greenland,2019,ALL,Industrial Equipment & Manufacturing,24333.98,29379.70232352941,2,1
COUNTRY_GREENLAND,Greenland,2019,ALL,Marine & Shipbuilding,205665.7,248311.08779411766,1,1
COUNTRY_GREENLAND,Greenland,2019,ALL,"Resources, Fuel & Materials",15321.34,18498.264911764705,1,1
COUNTRY_GREENLAND,Greenland,2020,ALL,Industrial Equipment & Manufacturing,18177.09,21785.972102189782,1,1
COUNTRY_GREENLAND,Greenland,2021,ALL,Administrative,76403.92,88598.33096045197,3,1
COUNTRY_GREENLAND,Greenland,2021,ALL,"Resources, Fuel & Materials",168075.90000000002,194901.57330508475,2,1
COUNTRY_GREENLAND,Greenland,2022,ALL,Administrative,99074.28,107592.57126984127,2,1
COUNTRY_GREENLAND,Greenland,2022,ALL,"Resources, Fuel & Materials",1053883.75,1144495.4480820105,3,2
COUNTRY_GREENLAND,Greenland,2023,ALL,Administrative,652175.94,681650.4732527053,2,1
COUNTRY_GREENLAND,Greenland,2024,ALL,Administrative,329199.39,335951.14877563703,3,3
COUNTRY_GREENLAND,Greenland,2024,ALL,Industrial Equipment & Manufacturing,12126.57,12375.281504039775,1,1
COUNTRY_GREENLAND,Greenland,2024,ALL,"Resources, Fuel & Materials",905408.53,923978.1269484152,2,1
COUNTRY_GREENLAND,Greenland,2025,ALL,Industrial Equipment & Manufacturing,10033.82,10033.82,1,1
COUNTRY_GUAM,Guam,2017,ALL,Administrative,355746.88,447957.34429447853,2,1
COUNTRY_GUAM,Guam,2018,ALL,Administrative,285923.24,351938.5008095952,4,1
COUNTRY_GUAM,Guam,2018,ALL,"Resources, Fuel & Materials",53092.22,65350.39373313343,2,2
COUNTRY_GUAM,Guam,2019,ALL,Administrative,11995,14482.198529411764,1,1
COUNTRY_GUAM,Guam,2019,ALL,"Resources, Fuel & Materials",60261.31,72756.66986764706,2,1
COUNTRY_GUAM,Guam,2021,ALL,Administrative,282164.38,327199.09036723163,2,1
COUNTRY_GUAM,Guam,2021,ALL,"Resources, Fuel & Materials",73061.63,84722.59637005649,3,1
COUNTRY_GUAM,Guam,2022,ALL,"Resources, Fuel & Materials",203293.99,220772.97062169312,2,1
COUNTRY_GUAM,Guam,2025,ALL,Administrative,1063631.53,1063631.53,5,3
COUNTRY_GUAM,Guam,2025,ALL,"Resources, Fuel & Materials",654491.22,654491.22,3,1
COUNTRY_GUATEMALA,Guatemala,2017,ALL,Administrative,141148.31,177734.29832822084,3,1
COUNTRY_GUATEMALA,Guatemala,2018,ALL,Administrative,459649.3,565775.2253373313,9,4
COUNTRY_GUATEMALA,Guatemala,2018,ALL,"Resources, Fuel & Materials",419855.15,516793.22061469266,5,2
COUNTRY_GUATEMALA,Guatemala,2019,ALL,Aerospace & Space,125775.45999999999,151855.3715588235,4,2
COUNTRY_GUATEMALA,Guatemala,2019,ALL,"Resources, Fuel & Materials",578167.05,698051.6883088235,6,5
COUNTRY_GUATEMALA,Guatemala,2020,ALL,Administrative,84865.46,101714.66081751825,3,3
COUNTRY_GUATEMALA,Guatemala,2021,ALL,"Resources, Fuel & Materials",267401.59,310080.09235875704,5,2
COUNTRY_GUATEMALA,Guatemala,2023,ALL,Administrative,47609.37,49761.034716740935,2,2
COUNTRY_HUNGARY,Hungary,2017,ALL,"Resources, Fuel & Materials",53660.03999999999,67568.85404907975,2,1
COUNTRY_HUNGARY,Hungary,2018,ALL,"Resources, Fuel & Materials",37509.67,46170.073568215885,1,1
COUNTRY_HUNGARY,Hungary,2021,ALL,"R&D, Engineering & Scientific Services",10181.04,11805.98,1,1
COUNTRY_HUNGARY,Hungary,2021,ALL,"Resources, Fuel & Materials",271302.96,314604.1386440678,14,2
COUNTRY_HUNGARY,Hungary,2022,ALL,"Resources, Fuel & Materials",155641.29,169023.14694444445,7,3
COUNTRY_HUNGARY,Hungary,2023,ALL,Industrial Equipment & Manufacturing,68891.18,72004.65789942711,1,1
COUNTRY_HUNGARY,Hungary,2023,ALL,"Resources, Fuel & Materials",64717.770000000004,67642.63420751115,3,3
COUNTRY_HUNGARY,Hungary,2024,ALL,Administrative,46002.11,46945.596407706646,2,2
COUNTRY_HUNGARY,Hungary,2024,ALL,"Resources, Fuel & Materials",138958.07,141808.04906152887,3,2
COUNTRY_HUNGARY,Hungary,2025,ALL,"Resources, Fuel & Materials",20734.51,20734.51,1,1
COUNTRY_ICELAND,Iceland,2016,ALL,"Resources, Fuel & Materials",43532.05,55669.49073208722,3,1
COUNTRY_ICELAND,Iceland,2017,ALL,Administrative,862110.5499999999,1085571.7201687116,4,3
COUNTRY_ICELAND,Iceland,2017,ALL,"Resources, Fuel & Materials",631804.07,795569.2353834355,23,5
COUNTRY_ICELAND,Iceland,2018,ALL,Administrative,219922.24,270698.88911544223,4,2
COUNTRY_ICELAND,Iceland,2018,ALL,"Resources, Fuel & Materials",1521710.82,1873050.3496551723,36,6
COUNTRY_ICELAND,Iceland,2019,ALL,"Resources, Fuel & Materials",244489.77,295185.4428970588,13,3
COUNTRY_ICELAND,Iceland,2020,ALL,Administrative,201103.69,241030.84597080294,1,1
COUNTRY_ICELAND,Iceland,2020,ALL,Construction & Infrastructure,317804.87,380901.89528467157,3,2
COUNTRY_ICELAND,Iceland,2020,ALL,Marine & Shipbuilding,16126.09,19327.766262773723,1,1
COUNTRY_ICELAND,Iceland,2020,ALL,"Resources, Fuel & Materials",254739.84,305315.9250218978,10,6
COUNTRY_ICELAND,Iceland,2021,ALL,Administrative,190938.72,221413.4027118644,2,2
COUNTRY_ICELAND,Iceland,2021,ALL,"Resources, Fuel & Materials",454578.96,527131.8166101695,27,3
COUNTRY_ICELAND,Iceland,2022,ALL,Administrative,105123.75,114162.16765873016,1,1
COUNTRY_ICELAND,Iceland,2022,ALL,Industrial Equipment & Manufacturing,14304.55,15534.438558201058,1,1
COUNTRY_ICELAND,Iceland,2022,ALL,"Resources, Fuel & Materials",352280.25,382568.8958333334,17,3
COUNTRY_ICELAND,Iceland,2023,ALL,Administrative,16678.99,17432.7826734564,1,1
COUNTRY_ICELAND,Iceland,2023,ALL,"Resources, Fuel & Materials",85391.01,89250.18359007002,3,2
COUNTRY_ICELAND,Iceland,2024,ALL,Administrative,71619.61,73088.50193909259,3,2
COUNTRY_ICELAND,Iceland,2024,ALL,"Resources, Fuel & Materials",403039.26,411305.4474331883,9,4
COUNTRY_ICELAND,Iceland,2025,ALL,Construction & Infrastructure,234760.3,234760.3,2,2
COUNTRY_ICELAND,Iceland,2025,ALL,"Resources, Fuel & Materials",1373587.56,1373587.56,29,2
COUNTRY_ICELAND,Iceland,2026,ALL,Administrative,16591.12,16235.172252681761,1,1
COUNTRY_INDIA,India,2017,ALL,Administrative,141115.69,177693.2231441718,1,1
COUNTRY_INDIA,India,2017,ALL,"Resources, Fuel & Materials",310386.03,390838.85065950925,1,1
COUNTRY_INDIA,India,2018,ALL,Administrative,77958.53,95957.95071964017,3,1
COUNTRY_INDIA,India,2018,ALL,"Resources, Fuel & Materials",234715.25,288907.3766866567,2,1
COUNTRY_INDIA,India,2021,ALL,"Resources, Fuel & Materials",77567.03,89947.07857344631,2,2
COUNTRY_INDIA,India,2022,ALL,Industrial Equipment & Manufacturing,64400,69937.03703703704,1,1
COUNTRY_INDIA,India,2023,ALL,"Resources, Fuel & Materials",121410.09,126897.1150732018,2,1
COUNTRY_INDONESIA,Indonesia,2018,ALL,"Resources, Fuel & Materials",98244.36,120927.4656071964,7,1
COUNTRY_INDONESIA,Indonesia,2021,ALL,Administrative,67869.76,78702.0804519774,1,1
COUNTRY_INDONESIA,Indonesia,2023,ALL,Administrative,272020.77999999997,284314.5262635264,3,2
COUNTRY_INDONESIA,Indonesia,2023,ALL,"Resources, Fuel & Materials",636316,665073.7568427754,2,2
COUNTRY_INDONESIA,Indonesia,2025,ALL,Administrative,1591934.22,1591934.22,4,1
COUNTRY_INDONESIA,Indonesia,2025,ALL,"Resources, Fuel & Materials",14331.47,14331.47,1,1
COUNTRY_IRELAND,Ireland,2017,ALL,Administrative,150264.97,189214.01897239263,2,2
COUNTRY_IRELAND,Ireland,2017,ALL,Communications & Electronics,42805.14,53900.33733128834,1,1
COUNTRY_IRELAND,Ireland,2017,ALL,"Resources, Fuel & Materials",53166.71,66947.651702454,2,2
COUNTRY_IRELAND,Ireland,2018,ALL,Administrative,341188.32,419963.43436281855,6,2
COUNTRY_IRELAND,Ireland,2018,ALL,"Resources, Fuel & Materials",625794.34,770280.5894152924,6,4
COUNTRY_IRELAND,Ireland,2019,ALL,"Resources, Fuel & Materials",224542.09,271101.5527794117,8,5
COUNTRY_IRELAND,Ireland,2020,ALL,Digital Systems & Software,12864.06,15418.092350364963,1,1
COUNTRY_IRELAND,Ireland,2020,ALL,"Resources, Fuel & Materials",387197.98,464072.3234744526,12,3
COUNTRY_IRELAND,Ireland,2022,ALL,Administrative,62624.58,68008.9684920635,1,1
COUNTRY_IRELAND,Ireland,2022,ALL,"Resources, Fuel & Materials",566405.75,615104.6570767196,1,1
COUNTRY_IRELAND,Ireland,2023,ALL,"Resources, Fuel & Materials",56154.3,58692.14551241248,2,1
COUNTRY_IRELAND,Ireland,2024,ALL,Digital Systems & Software,68027,69422.20882535736,1,1
COUNTRY_IRELAND,Ireland,2024,ALL,"Resources, Fuel & Materials",202152,206298.06339341204,5,3
COUNTRY_IRELAND,Ireland,2025,ALL,Land Systems & Vehicles,1410240,1410240,1,1
COUNTRY_ISRAEL,Israel,2017,ALL,Administrative,119376.02,150318.57733128834,5,5
COUNTRY_ISRAEL,Israel,2017,ALL,Aerospace & Space,519356.66,653975.1807668711,1,1
COUNTRY_ISRAEL,Israel,2017,ALL,Construction & Infrastructure,228844.58,288161.6567177914,3,1
COUNTRY_ISRAEL,Israel,2017,ALL,Industrial Equipment & Manufacturing,137964,173724.6073619632,1,1
COUNTRY_ISRAEL,Israel,2017,ALL,Land Systems & Vehicles,139437.13,175579.57627300613,2,2
COUNTRY_ISRAEL,Israel,2018,ALL,Administrative,69539.66,85595.2936431784,4,4
COUNTRY_ISRAEL,Israel,2018,ALL,Industrial Equipment & Manufacturing,131822.72999999998,162258.56271364316,3,3
COUNTRY_ISRAEL,Israel,2018,ALL,Land Systems & Vehicles,53824.7,66251.99205397301,2,2
COUNTRY_ISRAEL,Israel,2018,ALL,"R&D, Engineering & Scientific Services",14500,17847.82608695652,1,1
COUNTRY_ISRAEL,Israel,2018,ALL,Weapons & Military Equipment,79900,98347.67616191904,1,1
COUNTRY_ISRAEL,Israel,2019,ALL,Administrative,194527.42,234863.25267647058,5,5
COUNTRY_ISRAEL,Israel,2019,ALL,Aerospace & Space,24810.84,29955.440647058822,1,1
COUNTRY_ISRAEL,Israel,2019,ALL,Communications & Electronics,70640.17,85287.61701470587,1,1
COUNTRY_ISRAEL,Israel,2019,ALL,Industrial Equipment & Manufacturing,80448.52,97129.75723529412,2,2
COUNTRY_ISRAEL,Israel,2019,ALL,Land Systems & Vehicles,45843.57,55349.36907352941,1,1
COUNTRY_ISRAEL,Israel,2019,ALL,Marine & Shipbuilding,76326.4,92152.90352941175,1,1
COUNTRY_ISRAEL,Israel,2019,ALL,"R&D, Engineering & Scientific Services",30873.7,37275.4525,2,1
COUNTRY_ISRAEL,Israel,2019,ALL,"Resources, Fuel & Materials",64642.93,78046.8316617647,1,1
COUNTRY_ISRAEL,Israel,2020,ALL,Administrative,339047.79,406362.3877226277,4,4
COUNTRY_ISRAEL,Israel,2020,ALL,Communications & Electronics,749948.9600000001,898843.9360000001,3,2
COUNTRY_ISRAEL,Israel,2020,ALL,Digital Systems & Software,31935.81,38276.35037956205,1,1
COUNTRY_ISRAEL,Israel,2020,ALL,Industrial Equipment & Manufacturing,66927.66,80215.48738686132,2,1
COUNTRY_ISRAEL,Israel,2020,ALL,Land Systems & Vehicles,46460.68,55684.99018978103,1,1
COUNTRY_ISRAEL,Israel,2020,ALL,Marine & Shipbuilding,37850.27,45365.068131386855,1,1
COUNTRY_ISRAEL,Israel,2021,ALL,Administrative,2663562,3088678.5338983047,2,2
COUNTRY_ISRAEL,Israel,2021,ALL,"R&D, Engineering & Scientific Services",19413.91,22512.457782485875,1,1
COUNTRY_ISRAEL,Israel,2021,ALL,"Resources, Fuel & Materials",222060.22999999998,257502.0463700565,5,2
COUNTRY_ISRAEL,Israel,2022,ALL,Communications & Electronics,3296409.5,3579830.951719577,1,1
COUNTRY_ISRAEL,Israel,2022,ALL,Industrial Equipment & Manufacturing,24999,27148.384920634922,1,1
COUNTRY_ISRAEL,Israel,2022,ALL,"Resources, Fuel & Materials",294653.26,319987.20431216934,4,2
COUNTRY_ISRAEL,Israel,2023,ALL,Administrative,4105671,4291223.28580522,1,1
COUNTRY_ISRAEL,Israel,2023,ALL,Communications & Electronics,443149,463176.7396562699,1,1
COUNTRY_ISRAEL,Israel,2023,ALL,Digital Systems & Software,95839.2,100170.57059197963,1,1
COUNTRY_ISRAEL,Israel,2023,ALL,"Resources, Fuel & Materials",123699.55,129290.0452577976,6,3
COUNTRY_ISRAEL,Israel,2023,ALL,Weapons & Military Equipment,47230860,49365418.281349465,1,1
COUNTRY_ISRAEL,Israel,2024,ALL,Administrative,5839683,5959452.75699192,1,1
COUNTRY_ISRAEL,Israel,2024,ALL,Industrial Equipment & Manufacturing,211182.14,215513.40825357364,1,1
COUNTRY_ISRAEL,Israel,2024,ALL,"R&D, Engineering & Scientific Services",2405173.2800000003,2454502.502026103,2,1
COUNTRY_ISRAEL,Israel,2025,ALL,Administrative,35137.66,35137.66,2,2
COUNTRY_ISRAEL,Israel,2025,ALL,Communications & Electronics,43603.05,43603.05,1,1
COUNTRY_ISRAEL,Israel,2025,ALL,Digital Systems & Software,388200.45,388200.45,2,2
COUNTRY_ISRAEL,Israel,2025,ALL,"R&D, Engineering & Scientific Services",71741.56,71741.56,1,1
COUNTRY_ITALY,Italy,2016,ALL,Administrative,12328.34,15765.68090342679,1,1
COUNTRY_ITALY,Italy,2016,ALL,"Resources, Fuel & Materials",89200.09,114070.5200778816,3,1
COUNTRY_ITALY,Italy,2017,ALL,Administrative,2066287.35,2601874.1017638035,17,5
COUNTRY_ITALY,Italy,2017,ALL,Land Systems & Vehicles,121415.75,152887.01035276073,1,1
COUNTRY_ITALY,Italy,2017,ALL,"Resources, Fuel & Materials",493087.02,620896.3856134969,10,5
COUNTRY_ITALY,Italy,2018,ALL,Administrative,1642542.44,2021780.124797601,12,6
COUNTRY_ITALY,Italy,2018,ALL,Industrial Equipment & Manufacturing,58978.240000000005,72595.40485757121,3,3
COUNTRY_ITALY,Italy,2018,ALL,"R&D, Engineering & Scientific Services",14500,17847.82608695652,1,1
COUNTRY_ITALY,Italy,2018,ALL,"Resources, Fuel & Materials",937860.11,1154397.5267016492,12,3
COUNTRY_ITALY,Italy,2019,ALL,Administrative,1434960.58,1732503.876735294,19,8
COUNTRY_ITALY,Italy,2019,ALL,Aerospace & Space,571140.41,689568.0538382352,6,2
COUNTRY_ITALY,Italy,2019,ALL,Communications & Electronics,24300,29338.676470588234,1,1
COUNTRY_ITALY,Italy,2019,ALL,Industrial Equipment & Manufacturing,1465225,1769043.713235294,1,1
COUNTRY_ITALY,Italy,2019,ALL,Land Systems & Vehicles,8974762,10835705.297058823,1,1
COUNTRY_ITALY,Italy,2019,ALL,"R&D, Engineering & Scientific Services",5233650,6318862.720588235,1,1
COUNTRY_ITALY,Italy,2019,ALL,"Resources, Fuel & Materials",1078142.41,1301698.4097205882,12,5
COUNTRY_ITALY,Italy,2020,ALL,Administrative,872437.15,1045650.9491240877,6,2
COUNTRY_ITALY,Italy,2020,ALL,"Resources, Fuel & Materials",486096,582605.5708029197,2,2
COUNTRY_ITALY,Italy,2021,ALL,Industrial Equipment & Manufacturing,88004,102049.83615819209,1,1
COUNTRY_ITALY,Italy,2021,ALL,"Resources, Fuel & Materials",24427.76,28326.5409039548,1,1
COUNTRY_ITALY,Italy,2022,ALL,Administrative,11778.48,12791.18,1,1
COUNTRY_ITALY,Italy,2022,ALL,"Resources, Fuel & Materials",30921.52,33580.1162962963,1,1
COUNTRY_ITALY,Italy,2023,ALL,Administrative,402938.60000000003,421149.0650541057,3,3
COUNTRY_ITALY,Italy,2023,ALL,Industrial Equipment & Manufacturing,645656.72,674836.6226861872,7,5
COUNTRY_ITALY,Italy,2023,ALL,"Resources, Fuel & Materials",93352.42,97571.4026989179,3,2
COUNTRY_ITALY,Italy,2024,ALL,Industrial Equipment & Manufacturing,275287.4,280933.4436295836,1,1
COUNTRY_ITALY,Italy,2024,ALL,"Resources, Fuel & Materials",123296.23,125824.99046612802,5,2
COUNTRY_ITALY,Italy,2025,ALL,Administrative,31195.769999999997,31195.769999999997,2,2
COUNTRY_ITALY,Italy,2025,ALL,Industrial Equipment & Manufacturing,406578.89999999997,406578.89999999997,2,2
COUNTRY_ITALY,Italy,2025,ALL,"Resources, Fuel & Materials",201754.67,201754.67,2,1
COUNTRY_IVORY_COAST,Ivory Coast,2017,ALL,Administrative,58198,73283.0644171779,2,1
COUNTRY_IVORY_COAST,Ivory Coast,2018,ALL,Administrative,130476.94,160602.05058470764,3,2
COUNTRY_IVORY_COAST,Ivory Coast,2019,ALL,Administrative,129252.99,156053.97763235294,3,2
COUNTRY_IVORY_COAST,Ivory Coast,2019,ALL,"Resources, Fuel & Materials",46472.69,56108.93895588235,1,1
COUNTRY_IVORY_COAST,Ivory Coast,2022,ALL,Administrative,47429.25,51507.16170634921,1,1
COUNTRY_IVORY_COAST,Ivory Coast,2022,ALL,"Resources, Fuel & Materials",1071613.53,1163749.6139285713,21,2
COUNTRY_IVORY_COAST,Ivory Coast,2023,ALL,"Resources, Fuel & Materials",310661.47,324701.54916613625,2,1
COUNTRY_IVORY_COAST,Ivory Coast,2025,ALL,"Resources, Fuel & Materials",130831.84,130831.84,4,1
COUNTRY_JAMAICA,Jamaica,2016,ALL,"Resources, Fuel & Materials",93931.19,120120.72739875388,3,1
COUNTRY_JAMAICA,Jamaica,2017,ALL,Administrative,17547.22,22095.50248466258,1,1
COUNTRY_JAMAICA,Jamaica,2017,ALL,"Resources, Fuel & Materials",114599.79000000001,144304.33679447853,6,4
COUNTRY_JAMAICA,Jamaica,2018,ALL,Administrative,675590.68,831574.1353523238,9,2
COUNTRY_JAMAICA,Jamaica,2018,ALL,Industrial Equipment & Manufacturing,32995.86,40614.094542728635,1,1
COUNTRY_JAMAICA,Jamaica,2018,ALL,"R&D, Engineering & Scientific Services",1025758.49,1262590.285292354,9,3
COUNTRY_JAMAICA,Jamaica,2018,ALL,"Resources, Fuel & Materials",50201.33,61792.04187406297,2,2
COUNTRY_JAMAICA,Jamaica,2019,ALL,Administrative,397374.29,479771.01777941175,8,3
COUNTRY_JAMAICA,Jamaica,2019,ALL,Construction & Infrastructure,96925.4,117023.16676470586,1,1
COUNTRY_JAMAICA,Jamaica,2019,ALL,"Resources, Fuel & Materials",242032.97,292219.2181911765,13,4
COUNTRY_JAMAICA,Jamaica,2020,ALL,Administrative,206674.9,247708.16481751823,5,1
COUNTRY_JAMAICA,Jamaica,2020,ALL,Industrial Equipment & Manufacturing,89320.12,107053.74966423358,1,1
COUNTRY_JAMAICA,Jamaica,2020,ALL,"Resources, Fuel & Materials",110144.8,132012.96467153286,5,3
COUNTRY_JAMAICA,Jamaica,2021,ALL,Administrative,30513426.28,35383507.02807909,7,3
COUNTRY_JAMAICA,Jamaica,2021,ALL,Construction & Infrastructure,228447.12,264908.31288135593,1,1
COUNTRY_JAMAICA,Jamaica,2021,ALL,Industrial Equipment & Manufacturing,233244.73,270471.64312146895,2,1
COUNTRY_JAMAICA,Jamaica,2021,ALL,"Resources, Fuel & Materials",375176.74,435056.64341807907,9,2
COUNTRY_JAMAICA,Jamaica,2022,ALL,Administrative,143046.28,155345.23264550266,2,2
COUNTRY_JAMAICA,Jamaica,2022,ALL,Communications & Electronics,98883.9,107385.82261904761,1,1
COUNTRY_JAMAICA,Jamaica,2022,ALL,Industrial Equipment & Manufacturing,37452.87,40673.02416666667,1,1
COUNTRY_JAMAICA,Jamaica,2022,ALL,"Resources, Fuel & Materials",48072.130000000005,52205.31578042328,2,2
COUNTRY_JAMAICA,Jamaica,2023,ALL,Administrative,260320.54,272085.50393380015,3,1
COUNTRY_JAMAICA,Jamaica,2023,ALL,"Resources, Fuel & Materials",247231.77,258405.19817950352,3,2
COUNTRY_JAMAICA,Jamaica,2024,ALL,"Resources, Fuel & Materials",356584.52,363897.9377501554,3,2
COUNTRY_JAMAICA,Jamaica,2025,ALL,Administrative,147804.4,147804.4,1,1
COUNTRY_JAMAICA,Jamaica,2025,ALL,Communications & Electronics,31181.21,31181.21,1,1
COUNTRY_JAMAICA,Jamaica,2025,ALL,"Resources, Fuel & Materials",33129.04,33129.04,1,1
COUNTRY_JAMAICA,Jamaica,2026,ALL,"Resources, Fuel & Materials",63484.55,62122.54535160906,1,1
COUNTRY_JAPAN,Japan,2016,ALL,"Resources, Fuel & Materials",279500,357429.12772585667,2,1
COUNTRY_JAPAN,Japan,2017,ALL,Administrative,1533586.12,1931095.4057055213,13,2
COUNTRY_JAPAN,Japan,2017,ALL,Industrial Equipment & Manufacturing,11510.16,14493.62171779141,1,1
COUNTRY_JAPAN,Japan,2017,ALL,"Resources, Fuel & Materials",1571863.3900000001,1979294.2380214725,9,4
COUNTRY_JAPAN,Japan,2018,ALL,Administrative,773762.32,952412.0910344827,3,3
COUNTRY_JAPAN,Japan,2018,ALL,Industrial Equipment & Manufacturing,13733.77,16904.685412293853,1,1
COUNTRY_JAPAN,Japan,2019,ALL,Administrative,755599.58,912275.3752647059,5,3
COUNTRY_JAPAN,Japan,2019,ALL,Aerospace & Space,217973.71000000002,263171.199867647,2,1
COUNTRY_JAPAN,Japan,2019,ALL,Communications & Electronics,29777.38,35951.807323529414,1,1
COUNTRY_JAPAN,Japan,2019,ALL,Industrial Equipment & Manufacturing,10898.61,13158.468838235294,1,1
COUNTRY_JAPAN,Japan,2019,ALL,Marine & Shipbuilding,7142650.8,8623700.45117647,3,3
COUNTRY_JAPAN,Japan,2019,ALL,"Resources, Fuel & Materials",52110.409999999996,62915.65677941176,2,2
COUNTRY_JAPAN,Japan,2020,ALL,Administrative,770371.12,923320.7146277373,6,2
COUNTRY_JAPAN,Japan,2020,ALL,Construction & Infrastructure,466635.4,559281.2604379562,1,1
COUNTRY_JAPAN,Japan,2021,ALL,Administrative,834119.98,967249.298841808,4,4
COUNTRY_JAPAN,Japan,2022,ALL,Administrative,1374799.58,1493003.2475925926,6,4
COUNTRY_JAPAN,Japan,2022,ALL,Construction & Infrastructure,417300.25,453179.2397486773,1,1
COUNTRY_JAPAN,Japan,2022,ALL,Industrial Equipment & Manufacturing,10909.92,11847.942222222224,1,1
COUNTRY_JAPAN,Japan,2023,ALL,Administrative,1303090.2,1361982.2459579885,6,4
COUNTRY_JAPAN,Japan,2023,ALL,Construction & Infrastructure,157858.06,164992.31987269255,1,1
COUNTRY_JAPAN,Japan,2023,ALL,Digital Systems & Software,13613.04,14228.269688096756,1,1
COUNTRY_JAPAN,Japan,2023,ALL,"Resources, Fuel & Materials",305945.15,319772.0791215786,4,3
COUNTRY_JAPAN,Japan,2024,ALL,Administrative,3054363.79,3117007.6713362336,10,2
COUNTRY_JAPAN,Japan,2025,ALL,Digital Systems & Software,4341312.5,4341312.5,1,1
COUNTRY_JAPAN,Japan,2025,ALL,"R&D, Engineering & Scientific Services",27183.07,27183.07,1,1
COUNTRY_JAPAN,Japan,2025,ALL,"Resources, Fuel & Materials",165457.36,165457.36,1,1
COUNTRY_JORDAN,Jordan,2020,ALL,Land Systems & Vehicles,133093.38,159517.75909489053,1,1
COUNTRY_KENYA,Kenya,2017,ALL,"Resources, Fuel & Materials",12271.61,15452.441426380368,1,1
COUNTRY_KENYA,Kenya,2019,ALL,"Resources, Fuel & Materials",33185.74,40066.900794117646,3,2
COUNTRY_KIRIBATI,Kiribati,2018,ALL,"Resources, Fuel & Materials",72178.35,88843.2164167916,3,2
COUNTRY_KIRIBATI,Kiribati,2025,ALL,"Resources, Fuel & Materials",74113.91,74113.91,1,1
COUNTRY_KOSOVO,Kosovo,2022,ALL,"Resources, Fuel & Materials",67457.69,73257.62366402117,3,1
COUNTRY_KOSOVO,Kosovo,2024,ALL,"Resources, Fuel & Materials",129121.04,131769.26518334367,1,1
COUNTRY_KOSOVO,Kosovo,2025,ALL,"Resources, Fuel & Materials",20308.39,20308.39,1,1
COUNTRY_LATVIA,Latvia,2016,ALL,Construction & Infrastructure,83450,106717.21183800622,1,1
COUNTRY_LATVIA,Latvia,2017,ALL,Administrative,969083.22,1220271.9687423313,9,9
COUNTRY_LATVIA,Latvia,2017,ALL,Construction & Infrastructure,567456.5,714542.6173312883,2,2
COUNTRY_LATVIA,Latvia,2017,ALL,Industrial Equipment & Manufacturing,30318.4,38177.003680981594,2,1
COUNTRY_LATVIA,Latvia,2017,ALL,"R&D, Engineering & Scientific Services",96200,121135.27607361962,1,1
COUNTRY_LATVIA,Latvia,2017,ALL,"Resources, Fuel & Materials",285538.77999999997,359551.1324846626,14,1
COUNTRY_LATVIA,Latvia,2018,ALL,"Resources, Fuel & Materials",74283.2,91434.04377811094,2,2
COUNTRY_LATVIA,Latvia,2019,ALL,"Resources, Fuel & Materials",246292.87,297362.4209852941,11,2
COUNTRY_LIBERIA,Liberia,2016,ALL,Administrative,32647.53,41750.190233644855,1,1
COUNTRY_LIBERIA,Liberia,2016,ALL,"Resources, Fuel & Materials",82954,106082.91900311525,2,1
COUNTRY_LIBERIA,Liberia,2017,ALL,Administrative,142564.16,179517.14012269938,1,1
COUNTRY_LIBERIA,Liberia,2018,ALL,Administrative,124770.1,153577.58935532236,2,1
COUNTRY_LITHUANIA,Lithuania,2016,ALL,"Resources, Fuel & Materials",92682.51,118523.89518691586,1,1
COUNTRY_LITHUANIA,Lithuania,2018,ALL,Administrative,18719.14,23041.100359820088,1,1
COUNTRY_LITHUANIA,Lithuania,2018,ALL,"Resources, Fuel & Materials",183395.97,225739.26742128935,3,1
COUNTRY_LITHUANIA,Lithuania,2019,ALL,"Resources, Fuel & Materials",16544.52,19975.07488235294,1,1
COUNTRY_LITHUANIA,Lithuania,2021,ALL,Administrative,19143.35,22198.715183615815,1,1
COUNTRY_LITHUANIA,Lithuania,2021,ALL,"Resources, Fuel & Materials",71900,83375.56497175142,2,1
COUNTRY_LITHUANIA,Lithuania,2023,ALL,Administrative,351370.5,367250.38892425207,1,1
COUNTRY_LITHUANIA,Lithuania,2023,ALL,"Resources, Fuel & Materials",92980.48,97182.65318905156,3,2
COUNTRY_LUXEMBOURG,Luxembourg,2019,ALL,Land Systems & Vehicles,1470660,1775605.6764705882,1,1
COUNTRY_LUXEMBOURG,Luxembourg,2019,ALL,Weapons & Military Equipment,13219.9,15961.085147058822,1,1
COUNTRY_LUXEMBOURG,Luxembourg,2021,ALL,Communications & Electronics,15177.71,17600.141115819206,1,1
COUNTRY_LUXEMBOURG,Luxembourg,2023,ALL,Communications & Electronics,11000,11497.135582431572,1,1
COUNTRY_LUXEMBOURG,Luxembourg,2024,ALL,Communications & Electronics,10658.19,10876.785568676196,1,1
COUNTRY_LUXEMBOURG,Luxembourg,2024,ALL,Industrial Equipment & Manufacturing,0,0,1,1
COUNTRY_MADAGASCAR,Madagascar,2016,ALL,Administrative,15420.81,19720.381635514015,1,1
COUNTRY_MADAGASCAR,Madagascar,2016,ALL,"Resources, Fuel & Materials",83288.28,106510.40168224298,1,1
COUNTRY_MALAYSIA,Malaysia,2017,ALL,Administrative,569705.05,717373.9970092024,4,1
COUNTRY_MALAYSIA,Malaysia,2017,ALL,"Resources, Fuel & Materials",431064.4,542797.3503067484,2,1
COUNTRY_MALAYSIA,Malaysia,2018,ALL,Communications & Electronics,114000,140320.8395802099,1,1
COUNTRY_MALAYSIA,Malaysia,2018,ALL,Industrial Equipment & Manufacturing,500080.4,615541.2419790105,1,1
COUNTRY_MALAYSIA,Malaysia,2021,ALL,"Resources, Fuel & Materials",89764.83,104091.70258474576,4,1
COUNTRY_MALAYSIA,Malaysia,2022,ALL,"Resources, Fuel & Materials",178652.64,194012.98603174606,5,2
COUNTRY_MALAYSIA,Malaysia,2023,ALL,Administrative,141285.77,147671.05941438573,1,1
COUNTRY_MALAYSIA,Malaysia,2023,ALL,"Resources, Fuel & Materials",165817.91,173311.90847867602,3,2
COUNTRY_MALAYSIA,Malaysia,2024,ALL,"Resources, Fuel & Materials",28596,29182.49347420758,2,2
COUNTRY_MALAYSIA,Malaysia,2025,ALL,Administrative,425323.2,425323.2,2,1
COUNTRY_MALAYSIA,Malaysia,2025,ALL,"Resources, Fuel & Materials",11200.52,11200.52,1,1
COUNTRY_MALDIVES,Maldives,2022,ALL,"Resources, Fuel & Materials",39464.19,42857.27511904763,1,1
COUNTRY_MALDIVES,Maldives,2023,ALL,"Resources, Fuel & Materials",41181.44,43042.59992361553,1,1
COUNTRY_MALI,Mali,2018,ALL,Administrative,214660.31,264222.06073463266,3,2
COUNTRY_MALI,Mali,2018,ALL,Construction & Infrastructure,395000,486199.40029985004,1,1
COUNTRY_MALI,Mali,2019,ALL,Administrative,241783,291917.4161764706,2,1
COUNTRY_MALI,Mali,2020,ALL,Administrative,171219.84,205213.8520291971,1,1
COUNTRY_MALI,Mali,2021,ALL,Administrative,231996.3,269023.9580508474,1,1
COUNTRY_MALTA,Malta,2023,ALL,Administrative,235004.13999999998,245624.95091024824,2,1
COUNTRY_MALTA,Malta,2023,ALL,"Resources, Fuel & Materials",313074,327223.1113940166,1,1
COUNTRY_MALTA,Malta,2024,ALL,"Resources, Fuel & Materials",27066.79,27621.919937849594,1,1
COUNTRY_MARSHALL_ISLANDS,Marshall Islands,2018,ALL,"Resources, Fuel & Materials",24123.52,29693.26824587706,1,1
COUNTRY_MEXICO,Mexico,2016,ALL,Administrative,160931.47,205801.77082554513,5,3
COUNTRY_MEXICO,Mexico,2016,ALL,"Resources, Fuel & Materials",349332.12,446731.57401869155,4,1
COUNTRY_MEXICO,Mexico,2017,ALL,Administrative,65633.21,82645.49909509203,2,2
COUNTRY_MEXICO,Mexico,2017,ALL,"Resources, Fuel & Materials",84377.05,106247.78842024539,3,3
COUNTRY_MEXICO,Mexico,2018,ALL,Administrative,383345.07,471853.5269415292,6,4
COUNTRY_MEXICO,Mexico,2018,ALL,"Resources, Fuel & Materials",115905.86,142666.7332233883,1,1
COUNTRY_MEXICO,Mexico,2019,ALL,Administrative,12431.47,15009.171867647057,1,1
COUNTRY_MEXICO,Mexico,2019,ALL,Aerospace & Space,174744.99000000002,210978.87763235296,2,2
COUNTRY_MEXICO,Mexico,2019,ALL,Marine & Shipbuilding,79315.38,95761.65732352942,2,1
COUNTRY_MEXICO,Mexico,2019,ALL,"Resources, Fuel & Materials",101617.92,122688.69458823529,2,2
COUNTRY_MEXICO,Mexico,2020,ALL,Administrative,21234.65,25450.58051094891,1,1
COUNTRY_MEXICO,Mexico,2021,ALL,Land Systems & Vehicles,2868535,3326366.1511299433,1,1
COUNTRY_MEXICO,Mexico,2021,ALL,"Resources, Fuel & Materials",301136.38,349199.10731638415,1,1
COUNTRY_MEXICO,Mexico,2022,ALL,Administrative,109321.68000000001,118721.0307936508,3,2
COUNTRY_MEXICO,Mexico,2022,ALL,"Resources, Fuel & Materials",944474.4199999999,1025679.2312433862,2,2
COUNTRY_MEXICO,Mexico,2023,ALL,Administrative,70999.64,74208.40794398473,1,1
COUNTRY_MEXICO,Mexico,2024,ALL,Administrative,71896.03,73370.59121193287,3,2
COUNTRY_MEXICO,Mexico,2024,ALL,"Resources, Fuel & Materials",69307.4,70728.86935985083,1,1
COUNTRY_MEXICO,Mexico,2025,ALL,Administrative,534919.75,534919.75,5,3
COUNTRY_MEXICO,Mexico,2025,ALL,"Resources, Fuel & Materials",197903.13,197903.13,3,2
COUNTRY_MEXICO,Mexico,2026,ALL,Administrative,10962,10726.820023837901,1,1
COUNTRY_MEXICO,Mexico,2026,ALL,"Resources, Fuel & Materials",150039.38,146820.41833134682,1,1
COUNTRY_MONGOLIA,Mongolia,2018,ALL,Administrative,25000,30772.113943028486,1,1
COUNTRY_MONGOLIA,Mongolia,2019,ALL,Administrative,12935,15617.110294117647,1,1
COUNTRY_MONGOLIA,Mongolia,2023,ALL,Administrative,52478.08,54849.78189688097,1,1
COUNTRY_MONTENEGRO,Montenegro,2018,ALL,Administrative,45620.66,56153.76590704648,1,1
COUNTRY_MOROCCO,Morocco,2018,ALL,Construction & Infrastructure,27181.58,33457.38707646177,1,1
COUNTRY_MOROCCO,Morocco,2019,ALL,Administrative,56487.270000000004,68200.07157352942,2,1
COUNTRY_MOROCCO,Morocco,2019,ALL,"Resources, Fuel & Materials",229359.92,276918.374,4,1
COUNTRY_MOROCCO,Morocco,2022,ALL,Administrative,25691.84,27900.794497354498,1,1
COUNTRY_MOROCCO,Morocco,2024,ALL,"Resources, Fuel & Materials",141480.65,144382.36625233063,3,1
COUNTRY_MOROCCO,Morocco,2025,ALL,Administrative,29488.39,29488.39,1,1
COUNTRY_NAMIBIA,Namibia,2022,ALL,"Resources, Fuel & Materials",35518.01,38571.80715608466,1,1
COUNTRY_NEPAL,Nepal,2021,ALL,"Resources, Fuel & Materials",20152.37,23368.77933615819,1,1
COUNTRY_NETHERLANDS,Netherlands,2016,ALL,Administrative,53665.84,68628.74554517133,1,1
COUNTRY_NETHERLANDS,Netherlands,2016,ALL,"Resources, Fuel & Materials",198545.55,253903.26565420558,4,3
COUNTRY_NETHERLANDS,Netherlands,2017,ALL,Administrative,134681.57,169591.36345092024,2,2
COUNTRY_NETHERLANDS,Netherlands,2017,ALL,Communications & Electronics,110152.8,138704.67607361963,1,1
COUNTRY_NETHERLANDS,Netherlands,2017,ALL,Digital Systems & Software,16203.56,20403.56251533742,1,1
COUNTRY_NETHERLANDS,Netherlands,2017,ALL,Industrial Equipment & Manufacturing,2539229.98,3197404.6220552144,8,5
COUNTRY_NETHERLANDS,Netherlands,2017,ALL,"Resources, Fuel & Materials",96573.34,121605.3867177914,3,3
COUNTRY_NETHERLANDS,Netherlands,2018,ALL,Administrative,187270.95,230508.9204647676,2,2
COUNTRY_NETHERLANDS,Netherlands,2018,ALL,Communications & Electronics,89430.28,110078.35064467766,1,1
COUNTRY_NETHERLANDS,Netherlands,2018,ALL,Industrial Equipment & Manufacturing,131919.52,162377.700029985,1,1
COUNTRY_NETHERLANDS,Netherlands,2018,ALL,Marine & Shipbuilding,517675.5,637198.7788605697,1,1
COUNTRY_NETHERLANDS,Netherlands,2018,ALL,"R&D, Engineering & Scientific Services",135250,166477.1364317841,2,2
COUNTRY_NETHERLANDS,Netherlands,2019,ALL,Administrative,19497.77,23540.689955882353,1,1
COUNTRY_NETHERLANDS,Netherlands,2019,ALL,Aerospace & Space,60458.02,72994.16826470588,1,1
COUNTRY_NETHERLANDS,Netherlands,2019,ALL,Industrial Equipment & Manufacturing,316039.5,381571.21985294117,1,1
COUNTRY_NETHERLANDS,Netherlands,2019,ALL,Marine & Shipbuilding,432960.6,522736.25382352935,1,1
COUNTRY_NETHERLANDS,Netherlands,2020,ALL,Industrial Equipment & Manufacturing,90000,107868.61313868614,1,1
COUNTRY_NETHERLANDS,Netherlands,2020,ALL,Marine & Shipbuilding,432934,518888.7795620438,1,1
COUNTRY_NETHERLANDS,Netherlands,2021,ALL,Administrative,374251.83,433984.11360169493,7,2
COUNTRY_NETHERLANDS,Netherlands,2021,ALL,Communications & Electronics,13794.7,15996.396468926554,1,1
COUNTRY_NETHERLANDS,Netherlands,2021,ALL,Industrial Equipment & Manufacturing,12575.3,14582.374717514123,1,1
COUNTRY_NETHERLANDS,Netherlands,2021,ALL,"Resources, Fuel & Materials",94878.35,110021.36348870056,3,2
COUNTRY_NETHERLANDS,Netherlands,2022,ALL,Administrative,10918.99,11857.79205026455,1,1
COUNTRY_NETHERLANDS,Netherlands,2022,ALL,Communications & Electronics,356964.74,387656.1528306878,2,2
COUNTRY_NETHERLANDS,Netherlands,2022,ALL,Industrial Equipment & Manufacturing,62654.66,68041.63473544974,1,1
COUNTRY_NETHERLANDS,Netherlands,2022,ALL,"Resources, Fuel & Materials",931788.22,1011902.2865343916,9,2
COUNTRY_NETHERLANDS,Netherlands,2023,ALL,Communications & Electronics,125980.35,131673.9240611076,1,1
COUNTRY_NETHERLANDS,Netherlands,2023,ALL,Industrial Equipment & Manufacturing,928544.36,970509.127383832,2,2
COUNTRY_NETHERLANDS,Netherlands,2023,ALL,"Resources, Fuel & Materials",73362.61,76678.17035009549,2,1
COUNTRY_NETHERLANDS,Netherlands,2024,ALL,Digital Systems & Software,229530.84,234238.43336233683,1,1
COUNTRY_NETHERLANDS,Netherlands,2024,ALL,Industrial Equipment & Manufacturing,12374,12627.786202610316,1,1
COUNTRY_NETHERLANDS,Netherlands,2025,ALL,Administrative,144632.88,144632.88,3,2
COUNTRY_NETHERLANDS,Netherlands,2025,ALL,Communications & Electronics,384219.97,384219.97,1,1
COUNTRY_NETHERLANDS,Netherlands,2025,ALL,Industrial Equipment & Manufacturing,11829.1,11829.1,1,1
COUNTRY_NETHERLANDS,Netherlands,2025,ALL,"Resources, Fuel & Materials",271911.72,271911.72,1,1
COUNTRY_NETHERLANDS,Netherlands,2025,ALL,Weapons & Military Equipment,10462291,10462291,1,1
COUNTRY_NETHERLANDS,Netherlands,2026,ALL,Marine & Shipbuilding,14532.49,14220.70833134684,1,1
COUNTRY_NEW_CALEDONIA,New Caledonia,2016,ALL,"Resources, Fuel & Materials",173690.26,222117.91816199373,3,1
COUNTRY_NEW_CALEDONIA,New Caledonia,2023,ALL,"Resources, Fuel & Materials",485640.25,507588.3453214513,3,1
COUNTRY_NEW_CALEDONIA,New Caledonia,2025,ALL,"Resources, Fuel & Materials",291815.1,291815.1,1,1
COUNTRY_NEW_ZEALAND,New Zealand,2016,ALL,Administrative,92229.88,117945.06461059189,3,1
COUNTRY_NEW_ZEALAND,New Zealand,2017,ALL,"Resources, Fuel & Materials",47423,59715.15797546012,1,1
COUNTRY_NEW_ZEALAND,New Zealand,2018,ALL,Industrial Equipment & Manufacturing,17425.33,21448.569610194903,1,1
COUNTRY_NEW_ZEALAND,New Zealand,2018,ALL,"Resources, Fuel & Materials",61383.31,75555.76838080959,1,1
COUNTRY_NEW_ZEALAND,New Zealand,2020,ALL,"Resources, Fuel & Materials",101710.73,121904.39318248176,3,1
COUNTRY_NEW_ZEALAND,New Zealand,2021,ALL,Administrative,268800.72,311702.52983050846,2,1
COUNTRY_NEW_ZEALAND,New Zealand,2021,ALL,"Resources, Fuel & Materials",21147.44,24522.667005649713,1,1
COUNTRY_NIGER,Niger,2017,ALL,Administrative,19467,24512.89417177914,1,1
COUNTRY_NIGER,Niger,2017,ALL,"Resources, Fuel & Materials",77598.59,97712.33495398772,4,4
COUNTRY_NIGER,Niger,2018,ALL,Administrative,170758.23,210183.6684107946,9,1
COUNTRY_NIGER,Niger,2018,ALL,"Resources, Fuel & Materials",41424.91,50989.28202398801,2,2
COUNTRY_NIGER,Niger,2019,ALL,Administrative,18204.12,21978.79782352941,1,1
COUNTRY_NIGER,Niger,2019,ALL,"Resources, Fuel & Materials",66930.77,80809.06201470588,2,2
COUNTRY_NIGER,Niger,2020,ALL,"Resources, Fuel & Materials",44193.880000000005,52968.139386861316,2,2
COUNTRY_NIGER,Niger,2021,ALL,"Resources, Fuel & Materials",79004.38,91613.83612994349,4,2
COUNTRY_NIGERIA,Nigeria,2018,ALL,Administrative,115060.09,141625.6879910045,5,3
COUNTRY_NIGERIA,Nigeria,2018,ALL,"Resources, Fuel & Materials",36117.52,44456.4976311844,1,1
COUNTRY_NIGERIA,Nigeria,2022,ALL,Administrative,127223.13,138161.62662698413,2,2
COUNTRY_NIGERIA,Nigeria,2022,ALL,"Resources, Fuel & Materials",29201.72,31712.449894179896,1,1
COUNTRY_NORTHERN_MARIANA_ISLANDS,Northern Mariana Islands,2023,ALL,"Resources, Fuel & Materials",41353.25,43222.17472947168,3,1
COUNTRY_NORTH_MACEDONIA,North Macedonia,2018,ALL,Administrative,90067.09,110862.19023988006,3,3
COUNTRY_NORTH_MACEDONIA,North Macedonia,2021,ALL,"Resources, Fuel & Materials",10934.42,12679.602853107344,1,1
COUNTRY_NORTH_MACEDONIA,North Macedonia,2022,ALL,"Resources, Fuel & Materials",118977.84,129207.4161904762,6,2
COUNTRY_NORTH_MACEDONIA,North Macedonia,2023,ALL,Administrative,92588,96772.43539147041,1,1
COUNTRY_NORTH_MACEDONIA,North Macedonia,2023,ALL,"Resources, Fuel & Materials",232496.18,243003.6458052196,10,3
COUNTRY_NORTH_MACEDONIA,North Macedonia,2024,ALL,Administrative,105681,107848.47855811063,2,2
COUNTRY_NORTH_MACEDONIA,North Macedonia,2024,ALL,"Resources, Fuel & Materials",136359.51,139156.19354878805,2,2
COUNTRY_NORWAY,Norway,2017,ALL,Administrative,244197.19,307493.70090490795,4,3
COUNTRY_NORWAY,Norway,2017,ALL,Aerospace & Space,371639,467968.740797546,1,1
COUNTRY_NORWAY,Norway,2017,ALL,Communications & Electronics,547230.94,689074.5425460122,1,1
COUNTRY_NORWAY,Norway,2017,ALL,Industrial Equipment & Manufacturing,3011349.43,3791898.592070552,3,3
COUNTRY_NORWAY,Norway,2017,ALL,"Resources, Fuel & Materials",232090,292248.29754601227,2,1
COUNTRY_NORWAY,Norway,2018,ALL,Administrative,771301.76,949383.4257271363,7,4
COUNTRY_NORWAY,Norway,2018,ALL,Digital Systems & Software,158734.6,195383.96791604196,1,1
COUNTRY_NORWAY,Norway,2018,ALL,Land Systems & Vehicles,765515.77,942261.5399850075,2,1
COUNTRY_NORWAY,Norway,2018,ALL,"R&D, Engineering & Scientific Services",18822,23167.709145427285,1,1
COUNTRY_NORWAY,Norway,2018,ALL,"Resources, Fuel & Materials",1045639,1287060.8980509746,18,7
COUNTRY_NORWAY,Norway,2019,ALL,Marine & Shipbuilding,25640974,30957705.373529408,1,1
COUNTRY_NORWAY,Norway,2019,ALL,"Resources, Fuel & Materials",305997.79000000004,369447.33175,7,3
COUNTRY_NORWAY,Norway,2020,ALL,Land Systems & Vehicles,19353.95,23196.486058394163,1,1
COUNTRY_NORWAY,Norway,2020,ALL,"Resources, Fuel & Materials",10138.01,12150.81198540146,1,1
COUNTRY_NORWAY,Norway,2020,ALL,Weapons & Military Equipment,310161.6,371741.12934306567,1,1
COUNTRY_NORWAY,Norway,2021,ALL,Administrative,605959.06,702672.8647740113,3,2
COUNTRY_NORWAY,Norway,2021,ALL,Industrial Equipment & Manufacturing,196775.62,228181.89833333332,2,2
COUNTRY_NORWAY,Norway,2021,ALL,"Resources, Fuel & Materials",626793.96,726833.1089830509,5,4
COUNTRY_NORWAY,Norway,2022,ALL,Administrative,201393.95,218709.56739417993,1,1
COUNTRY_NORWAY,Norway,2022,ALL,Industrial Equipment & Manufacturing,24749.8,26877.758994708995,1,1
COUNTRY_NORWAY,Norway,2022,ALL,"Resources, Fuel & Materials",47751.68,51857.31386243387,1,1
COUNTRY_NORWAY,Norway,2023,ALL,Construction & Infrastructure,97765.15,102183.56225334182,1,1
COUNTRY_NORWAY,Norway,2023,ALL,"R&D, Engineering & Scientific Services",1442500,1507692.552514322,2,2
COUNTRY_NORWAY,Norway,2023,ALL,"Resources, Fuel & Materials",36135.88,37769.01015913431,1,1
COUNTRY_NORWAY,Norway,2023,ALL,Weapons & Military Equipment,40382236,42207276.58306811,1,1
COUNTRY_NORWAY,Norway,2024,ALL,Administrative,45273.73,46202.27760099441,1,1
COUNTRY_NORWAY,Norway,2024,ALL,"R&D, Engineering & Scientific Services",25000,25512.740832815412,1,1
COUNTRY_NORWAY,Norway,2024,ALL,"Resources, Fuel & Materials",229983.48,234700.35684275947,2,1
COUNTRY_NORWAY,Norway,2025,ALL,Construction & Infrastructure,16895.48,16895.48,1,1
COUNTRY_NORWAY,Norway,2025,ALL,Marine & Shipbuilding,2589484.26,2589484.26,8,7
COUNTRY_NORWAY,Norway,2025,ALL,"R&D, Engineering & Scientific Services",6806224.5,6806224.5,2,2
COUNTRY_NORWAY,Norway,2026,ALL,Marine & Shipbuilding,485201.66000000003,474792.0892252681,4,4
COUNTRY_OMAN,Oman,2021,ALL,Administrative,541012.52,627360.5634463276,6,1
COUNTRY_OMAN,Oman,2023,ALL,Administrative,242359.03999999998,253312.24931890517,3,3
COUNTRY_OMAN,Oman,2023,ALL,"Resources, Fuel & Materials",393317.25,411092.88637810317,1,1
COUNTRY_OMAN,Oman,2025,ALL,Administrative,165108.27,165108.27,2,1
COUNTRY_OMAN,Oman,2025,ALL,"Resources, Fuel & Materials",71187.31,71187.31,1,1
COUNTRY_PAKISTAN,Pakistan,2021,ALL,"Resources, Fuel & Materials",35025.46,40615.68172316384,1,1
COUNTRY_PAKISTAN,Pakistan,2022,ALL,Administrative,182450.06,198136.9037830688,1,1
COUNTRY_PANAMA,Panama,2017,ALL,Administrative,174624.11000000002,219887.1078374233,3,3
COUNTRY_PANAMA,Panama,2017,ALL,"Resources, Fuel & Materials",37538.51,47268.583911042944,1,1
COUNTRY_PANAMA,Panama,2018,ALL,"Resources, Fuel & Materials",20317.38,25008.349295352324,1,1
COUNTRY_PANAMA,Panama,2019,ALL,"Resources, Fuel & Materials",82540.70000000001,99655.7569117647,4,3
COUNTRY_PANAMA,Panama,2021,ALL,Administrative,67456,78222.28248587571,1,1
COUNTRY_PANAMA,Panama,2024,ALL,Administrative,427501.84,436269.74597886886,1,1
COUNTRY_PANAMA,Panama,2025,ALL,Administrative,667321.82,667321.82,9,3
COUNTRY_PANAMA,Panama,2025,ALL,"Resources, Fuel & Materials",201652.29,201652.29,4,2
COUNTRY_PAPUA_NEW_GUINEA,Papua New Guinea,2018,ALL,"Resources, Fuel & Materials",42013.38,51713.62065967016,1,1
COUNTRY_PERU,Peru,2016,ALL,Administrative,11255.11,14393.216993769469,1,1
COUNTRY_PERU,Peru,2016,ALL,"Resources, Fuel & Materials",56136.92,71788.80267912772,2,1
COUNTRY_PERU,Peru,2018,ALL,Administrative,13931.02,17147.477391304346,1,1
COUNTRY_PERU,Peru,2018,ALL,"Resources, Fuel & Materials",33620.84,41383.372773613184,1,1
COUNTRY_PERU,Peru,2019,ALL,"Resources, Fuel & Materials",45439.96,54862.06935294117,1,1
COUNTRY_PERU,Peru,2022,ALL,Administrative,61938.630000000005,67264.04130952382,3,3
COUNTRY_PERU,Peru,2024,ALL,Administrative,94278.19,96211.80110627718,3,3
COUNTRY_PERU,Peru,2025,ALL,Administrative,195249.4,195249.4,4,3
COUNTRY_PERU,Peru,2025,ALL,"Resources, Fuel & Materials",119099.53,119099.53,1,1
COUNTRY_PERU,Peru,2026,ALL,Administrative,43174.47,42248.200083432654,2,2
COUNTRY_PHILIPPINES,Philippines,2017,ALL,Administrative,29180.23,36743.81722392638,1,1
COUNTRY_PHILIPPINES,Philippines,2017,ALL,"Resources, Fuel & Materials",13490.75,16987.58550613497,1,1
COUNTRY_PHILIPPINES,Philippines,2019,ALL,Administrative,30354,36647.99117647058,1,1
COUNTRY_PHILIPPINES,Philippines,2021,ALL,Administrative,206363.81,239300.4067937853,1,1
COUNTRY_PHILIPPINES,Philippines,2022,ALL,Administrative,244184.48,265179.17735449737,1,1
COUNTRY_PHILIPPINES,Philippines,2022,ALL,"Resources, Fuel & Materials",27140.14,29473.617645502647,1,1
COUNTRY_PHILIPPINES,Philippines,2023,ALL,Administrative,237887.15,248638.25607893063,3,3
COUNTRY_PHILIPPINES,Philippines,2024,ALL,Administrative,98533.48000000001,100554.36554381603,2,2
COUNTRY_PHILIPPINES,Philippines,2024,ALL,Marine & Shipbuilding,15189.36,15500.888203853325,1,1
COUNTRY_PHILIPPINES,Philippines,2024,ALL,"Resources, Fuel & Materials",70289.45,71731.06084524549,3,2
COUNTRY_PHILIPPINES,Philippines,2025,ALL,Administrative,998527.72,998527.72,8,3
COUNTRY_POLAND,Poland,2016,ALL,Administrative,497699.95,636466.7584890965,4,4
COUNTRY_POLAND,Poland,2016,ALL,Industrial Equipment & Manufacturing,43743.35,55939.704595015566,2,2
COUNTRY_POLAND,Poland,2016,ALL,"Resources, Fuel & Materials",104464.88,133591.38080996883,4,3
COUNTRY_POLAND,Poland,2017,ALL,Administrative,203609.55,256385.64501533742,9,6
COUNTRY_POLAND,Poland,2017,ALL,Aerospace & Space,89250,112383.8190184049,1,1
COUNTRY_POLAND,Poland,2017,ALL,Construction & Infrastructure,124895.86,157269.17340490798,5,5
COUNTRY_POLAND,Poland,2017,ALL,Industrial Equipment & Manufacturing,131869.24,166050.0706134969,2,2
COUNTRY_POLAND,Poland,2017,ALL,"Resources, Fuel & Materials",87079.79000000001,109651.08526073619,4,2
COUNTRY_POLAND,Poland,2018,ALL,Administrative,143636.02,176799.3589505247,3,1
COUNTRY_POLAND,Poland,2018,ALL,"Resources, Fuel & Materials",332523.86,409298.4843478261,2,2
COUNTRY_POLAND,Poland,2021,ALL,Administrative,182739.3,211905.31822033896,1,1
COUNTRY_POLAND,Poland,2021,ALL,"Resources, Fuel & Materials",478561.15,554941.6725282485,15,1
COUNTRY_POLAND,Poland,2022,ALL,Administrative,279679.13,303725.61604497355,2,2
COUNTRY_POLAND,Poland,2022,ALL,Construction & Infrastructure,3751957.1,4074546.0041005295,3,3
COUNTRY_POLAND,Poland,2022,ALL,"Resources, Fuel & Materials",2343515.79,2545008.549722222,72,3
COUNTRY_POLAND,Poland,2023,ALL,Administrative,156495.28,163567.95019732654,2,2
COUNTRY_POLAND,Poland,2023,ALL,"Resources, Fuel & Materials",1965251.81,2054069.6830171866,64,3
COUNTRY_POLAND,Poland,2024,ALL,Administrative,245993.79,251039.0324300808,3,2
COUNTRY_POLAND,Poland,2024,ALL,Industrial Equipment & Manufacturing,10384.88,10597.870080795523,1,1
COUNTRY_POLAND,Poland,2024,ALL,"Resources, Fuel & Materials",982763.72,1002919.8435301428,18,3
COUNTRY_POLAND,Poland,2025,ALL,Administrative,204443.9,204443.9,4,4
COUNTRY_POLAND,Poland,2025,ALL,Marine & Shipbuilding,13337.4,13337.4,1,1
COUNTRY_POLAND,Poland,2025,ALL,"Resources, Fuel & Materials",3406397.4499999997,3406397.4499999997,13,1
COUNTRY_PORTUGAL,Portugal,2016,ALL,"Resources, Fuel & Materials",45916.32,58718.5338317757,1,1
COUNTRY_PORTUGAL,Portugal,2017,ALL,Administrative,134897.63999999998,169863.43932515336,4,2
COUNTRY_PORTUGAL,Portugal,2017,ALL,"Resources, Fuel & Materials",372318.79,468824.73403374234,6,5
COUNTRY_PORTUGAL,Portugal,2018,ALL,Administrative,359529.91,442539.814257871,8,2
COUNTRY_PORTUGAL,Portugal,2018,ALL,"Resources, Fuel & Materials",985417.61,1212935.3190554723,15,8
COUNTRY_PORTUGAL,Portugal,2019,ALL,Administrative,70156.92,84704.16370588235,3,2
COUNTRY_PORTUGAL,Portugal,2019,ALL,"Resources, Fuel & Materials",673938.43,813681.5456323529,16,6
COUNTRY_PORTUGAL,Portugal,2020,ALL,Administrative,136040.92,163050.50411678833,2,1
COUNTRY_PORTUGAL,Portugal,2020,ALL,Marine & Shipbuilding,124078.98,148713.6388029197,1,1
COUNTRY_PORTUGAL,Portugal,2020,ALL,"Resources, Fuel & Materials",153539.37,184023.0989343066,2,2
COUNTRY_PORTUGAL,Portugal,2021,ALL,Administrative,116845.67,135494.7670480226,1,1
COUNTRY_PORTUGAL,Portugal,2021,ALL,"Resources, Fuel & Materials",385549.74,447085.2211016949,23,3
COUNTRY_PORTUGAL,Portugal,2022,ALL,Administrative,260396.5,282785.087962963,5,2
COUNTRY_PORTUGAL,Portugal,2022,ALL,"Resources, Fuel & Materials",745149.9199999999,809217.0427513227,19,3
COUNTRY_PORTUGAL,Portugal,2023,ALL,Administrative,394226.86,412043.60542329727,6,4
COUNTRY_PORTUGAL,Portugal,2023,ALL,"Resources, Fuel & Materials",9566356.54,9998699.833660088,13,4
COUNTRY_PORTUGAL,Portugal,2024,ALL,Administrative,62601.99,63885.93385954008,1,1
COUNTRY_PORTUGAL,Portugal,2024,ALL,"Resources, Fuel & Materials",1064328.7,1086157.6913610937,11,2
COUNTRY_PORTUGAL,Portugal,2025,ALL,Construction & Infrastructure,116330.61,116330.61,3,3
COUNTRY_PORTUGAL,Portugal,2025,ALL,"Resources, Fuel & Materials",369252.03,369252.03,7,2
COUNTRY_PUERTO_RICO,Puerto Rico,2016,ALL,Administrative,41477.94,53042.66158878504,1,1
COUNTRY_PUERTO_RICO,Puerto Rico,2018,ALL,"Resources, Fuel & Materials",41272.16,50801.2644077961,1,1
COUNTRY_PUERTO_RICO,Puerto Rico,2021,ALL,"Resources, Fuel & Materials",97781.81,113388.2288276836,2,1
COUNTRY_PUERTO_RICO,Puerto Rico,2022,ALL,"Resources, Fuel & Materials",53598.48,58206.814920634926,1,1
COUNTRY_PUERTO_RICO,Puerto Rico,2023,ALL,Administrative,162921.02,170284.0960152769,4,1
COUNTRY_PUERTO_RICO,Puerto Rico,2024,ALL,Administrative,89852.71,91695.55613424488,1,1
COUNTRY_PUERTO_RICO,Puerto Rico,2025,ALL,Administrative,147393.35,147393.35,2,1
COUNTRY_REPUBLIC_OF_KOREA,Republic of Korea,2017,ALL,Administrative,1123109.48,1414222.2133128834,6,3
COUNTRY_REPUBLIC_OF_KOREA,Republic of Korea,2017,ALL,"Resources, Fuel & Materials",317957.16,400372.4361349693,1,1
COUNTRY_REPUBLIC_OF_KOREA,Republic of Korea,2019,ALL,Administrative,251873.6,304100.3317647059,2,1
COUNTRY_REPUBLIC_OF_KOREA,Republic of Korea,2019,ALL,Marine & Shipbuilding,388640.53,469226.28695588233,2,1
COUNTRY_REPUBLIC_OF_KOREA,Republic of Korea,2021,ALL,Administrative,399000,462682.2033898305,1,1
COUNTRY_REPUBLIC_OF_KOREA,Republic of Korea,2022,ALL,Administrative,91825.53,99720.58218253969,1,1
COUNTRY_REPUBLIC_OF_KOREA,Republic of Korea,2024,ALL,Administrative,1090694.83,1113064.5810192665,5,2
COUNTRY_REPUBLIC_OF_KOREA,Republic of Korea,2025,ALL,Administrative,15797.26,15797.26,1,1
COUNTRY_REPUBLIC_OF_KOREA,Republic of Korea,2025,ALL,"R&D, Engineering & Scientific Services",2614233,2614233,1,1
COUNTRY_REPUBLIC_OF_KOREA,Republic of Korea,2025,ALL,"Resources, Fuel & Materials",308802.65,308802.65,2,1
COUNTRY_REPUBLIC_OF_KOREA,Republic of Korea,2026,ALL,Administrative,23000,22506.55542312276,1,1
COUNTRY_ROMANIA,Romania,2016,ALL,"Resources, Fuel & Materials",2044054.79,2613970.3778660432,8,4
COUNTRY_ROMANIA,Romania,2017,ALL,Administrative,189234.66,238284.74825153375,5,3
COUNTRY_ROMANIA,Romania,2017,ALL,Construction & Infrastructure,36855,46407.90644171779,1,1
COUNTRY_ROMANIA,Romania,2017,ALL,Industrial Equipment & Manufacturing,12700,15991.871165644172,1,1
COUNTRY_ROMANIA,Romania,2017,ALL,"Resources, Fuel & Materials",4323833.42,5444581.6530981595,26,4
COUNTRY_ROMANIA,Romania,2018,ALL,Administrative,108297.5,133301.7203898051,8,1
COUNTRY_ROMANIA,Romania,2018,ALL,"Resources, Fuel & Materials",966672.1,1189861.760269865,21,3
COUNTRY_ROMANIA,Romania,2019,ALL,Administrative,539177.64,650977.7094705882,5,2
COUNTRY_ROMANIA,Romania,2019,ALL,Aerospace & Space,112587.09,135932.35424999997,1,1
COUNTRY_ROMANIA,Romania,2019,ALL,"Resources, Fuel & Materials",6579288.83,7943523.719749999,41,6
COUNTRY_ROMANIA,Romania,2020,ALL,Administrative,188314.84000000003,225702.89582481753,2,2
COUNTRY_ROMANIA,Romania,2020,ALL,"Resources, Fuel & Materials",801687.31,960854.4255620438,7,4
COUNTRY_ROMANIA,Romania,2022,ALL,Construction & Infrastructure,793299.56,861506.5327513228,1,1
COUNTRY_RWANDA,Rwanda,2021,ALL,Construction & Infrastructure,16603.34,19253.308107344634,1,1
COUNTRY_RWANDA,Rwanda,2022,ALL,Administrative,17775,19303.27380952381,1,1
COUNTRY_RWANDA,Rwanda,2022,ALL,"Resources, Fuel & Materials",119992.81,130309.65212962964,2,1
COUNTRY_SAINT_LUCIA,Saint Lucia,2018,ALL,"Resources, Fuel & Materials",53552.520000000004,65916.96989505248,2,1
COUNTRY_SAINT_VINCENT_AND_THE_GRENADINES,Saint Vincent and the Grenadines,2019,ALL,Administrative,49021.979999999996,59186.831735294116,2,1
COUNTRY_SAINT_VINCENT_AND_THE_GRENADINES,Saint Vincent and the Grenadines,2019,ALL,Construction & Infrastructure,56193.98,67845.96702941177,1,1
COUNTRY_SAINT_VINCENT_AND_THE_GRENADINES,Saint Vincent and the Grenadines,2025,ALL,"Resources, Fuel & Materials",324341.75,324341.75,1,1
COUNTRY_SAMOA,Samoa,2021,ALL,"Resources, Fuel & Materials",20445.11,23708.241963276836,1,1
COUNTRY_SAUDI_ARABIA,Saudi Arabia,2017,ALL,"Resources, Fuel & Materials",10398.22,13093.464141104294,1,1
COUNTRY_SENEGAL,Senegal,2017,ALL,Administrative,69113.91,87028.40507668711,4,1
COUNTRY_SENEGAL,Senegal,2017,ALL,"Resources, Fuel & Materials",798975.64,1006072.0865644171,15,7
COUNTRY_SENEGAL,Senegal,2018,ALL,Administrative,1574184.48,1937639.3674362819,25,7
COUNTRY_SENEGAL,Senegal,2018,ALL,Construction & Infrastructure,209893.94,258355.2095052474,3,1
COUNTRY_SENEGAL,Senegal,2018,ALL,Industrial Equipment & Manufacturing,11711.67,14415.713748125936,1,1
COUNTRY_SENEGAL,Senegal,2018,ALL,"Resources, Fuel & Materials",8773465.72,10799123.472443778,156,5
COUNTRY_SENEGAL,Senegal,2019,ALL,Administrative,341722.63,412579.82239705883,11,8
COUNTRY_SENEGAL,Senegal,2019,ALL,Communications & Electronics,25500,30787.5,1,1
COUNTRY_SENEGAL,Senegal,2019,ALL,"R&D, Engineering & Scientific Services",40000,48294.11764705882,1,1
COUNTRY_SENEGAL,Senegal,2019,ALL,"Resources, Fuel & Materials",1059820.54,1279577.4460882351,26,3
COUNTRY_SENEGAL,Senegal,2020,ALL,Communications & Electronics,41681.69,49957.178817518245,2,2
COUNTRY_SENEGAL,Senegal,2020,ALL,"Resources, Fuel & Materials",251733.47,301712.66988321167,7,2
COUNTRY_SENEGAL,Senegal,2021,ALL,Administrative,191372.66,221916.6014971751,5,2
COUNTRY_SENEGAL,Senegal,2021,ALL,Industrial Equipment & Manufacturing,37027.45,42937.19837570621,1,1
COUNTRY_SENEGAL,Senegal,2021,ALL,"Resources, Fuel & Materials",2235295.46,2592058.7184463274,28,2
COUNTRY_SENEGAL,Senegal,2022,ALL,Administrative,50573.12,54921.337989417996,2,1
COUNTRY_SENEGAL,Senegal,2022,ALL,Industrial Equipment & Manufacturing,30372.83,32984.25056878307,1,1
COUNTRY_SENEGAL,Senegal,2022,ALL,"Resources, Fuel & Materials",980723.6,1065045.0735449735,13,2
COUNTRY_SENEGAL,Senegal,2023,ALL,Administrative,43201.19,45153.630795671554,2,1
COUNTRY_SENEGAL,Senegal,2023,ALL,"Resources, Fuel & Materials",949094.6699999999,991988.1910502865,12,3
COUNTRY_SENEGAL,Senegal,2024,ALL,"Resources, Fuel & Materials",308592.86,314921.98640149157,5,3
COUNTRY_SENEGAL,Senegal,2025,ALL,"Resources, Fuel & Materials",304712.01,304712.01,2,1
COUNTRY_SEYCHELLES,Seychelles,2019,ALL,Administrative,71041.73,85772.4416617647,1,1
COUNTRY_SIERRA_LEONE,Sierra Leone,2017,ALL,Administrative,68980.72,86860.69190184049,2,1
COUNTRY_SIERRA_LEONE,Sierra Leone,2020,ALL,Administrative,43517.14,52157.03932846715,1,1
COUNTRY_SIERRA_LEONE,Sierra Leone,2022,ALL,"Resources, Fuel & Materials",32877.59,35704.36691798941,1,1
COUNTRY_SINGAPORE,Singapore,2016,ALL,Administrative,39955.74,51096.04757009345,1,1
COUNTRY_SINGAPORE,Singapore,2016,ALL,"Resources, Fuel & Materials",242687.97,310353.3074299065,1,1
COUNTRY_SINGAPORE,Singapore,2017,ALL,Administrative,1039461.63,1308892.6353220858,6,2
COUNTRY_SINGAPORE,Singapore,2017,ALL,"Resources, Fuel & Materials",227933.4,287014.29662576684,1,1
COUNTRY_SINGAPORE,Singapore,2018,ALL,Administrative,361410.23,444854.2711094452,3,2
COUNTRY_SINGAPORE,Singapore,2018,ALL,"Resources, Fuel & Materials",309584.77,381063.1126986507,3,2
COUNTRY_SINGAPORE,Singapore,2019,ALL,Administrative,30566.74,36904.84344117647,1,1
COUNTRY_SINGAPORE,Singapore,2019,ALL,Construction & Infrastructure,52293,63136.10735294117,1,1
COUNTRY_SINGAPORE,Singapore,2019,ALL,"Resources, Fuel & Materials",231878.66999999998,279959.3942205882,5,2
COUNTRY_SINGAPORE,Singapore,2021,ALL,Administrative,183274.21000000002,212525.6022740113,3,1
COUNTRY_SINGAPORE,Singapore,2023,ALL,Administrative,1491737.8,1559155.6127307448,8,2
COUNTRY_SINGAPORE,Singapore,2023,ALL,"Resources, Fuel & Materials",251351.75999999998,262711.3876002546,6,4
COUNTRY_SINGAPORE,Singapore,2025,ALL,Administrative,858706.09,858706.09,4,2
COUNTRY_SINGAPORE,Singapore,2025,ALL,Marine & Shipbuilding,251756.23,251756.23,4,1
COUNTRY_SINGAPORE,Singapore,2025,ALL,"Resources, Fuel & Materials",167591.83000000002,167591.83000000002,2,1
COUNTRY_SINGAPORE,Singapore,2026,ALL,Marine & Shipbuilding,258832.17,253279.15562574493,1,1
COUNTRY_SLOVENIA,Slovenia,2019,ALL,"Resources, Fuel & Materials",59250.94,71536.79667647059,1,1
COUNTRY_SLOVENIA,Slovenia,2022,ALL,"Resources, Fuel & Materials",84656.35,91935.00443121695,2,1
COUNTRY_SLOVENIA,Slovenia,2025,ALL,Industrial Equipment & Manufacturing,15745.62,15745.62,1,1
COUNTRY_SLOVENIA,Slovenia,2025,ALL,"Resources, Fuel & Materials",294824.70999999996,294824.70999999996,2,1
COUNTRY_SOUTH_AFRICA,South Africa,2017,ALL,Communications & Electronics,14983.51,18867.27256134969,1,1
COUNTRY_SOUTH_AFRICA,South Africa,2017,ALL,"Resources, Fuel & Materials",88652.6,111631.57147239264,1,1
COUNTRY_SOUTH_AFRICA,South Africa,2020,ALL,"Resources, Fuel & Materials",512346.1,614067.369489051,12,3
COUNTRY_SOUTH_AFRICA,South Africa,2022,ALL,Communications & Electronics,280973.2,305130.9486772487,1,1
COUNTRY_SOUTH_AFRICA,South Africa,2023,ALL,Marine & Shipbuilding,95377.51,99688.0149077021,1,1
COUNTRY_SOUTH_AFRICA,South Africa,2025,ALL,"Resources, Fuel & Materials",126713.24,126713.24,1,1
COUNTRY_SPAIN,Spain,2016,ALL,Industrial Equipment & Manufacturing,2900107500,3708704450.934579,1,1
COUNTRY_SPAIN,Spain,2017,ALL,Administrative,311719.21,392517.59418711654,3,1
COUNTRY_SPAIN,Spain,2017,ALL,"Resources, Fuel & Materials",206044.78,259452.09260736196,4,3
COUNTRY_SPAIN,Spain,2018,ALL,Administrative,904315.76,1113108.304287856,9,4
COUNTRY_SPAIN,Spain,2018,ALL,Digital Systems & Software,326303.1,401641.4469265367,1,1
COUNTRY_SPAIN,Spain,2018,ALL,"Resources, Fuel & Materials",533055.26,656129.487946027,18,6
COUNTRY_SPAIN,Spain,2019,ALL,Administrative,186636.11000000002,225335.6563382353,4,3
COUNTRY_SPAIN,Spain,2019,ALL,Construction & Infrastructure,105324.48,127163.82070588235,1,1
COUNTRY_SPAIN,Spain,2019,ALL,"Resources, Fuel & Materials",271708.31,328047.8272205882,13,6
COUNTRY_SPAIN,Spain,2020,ALL,Administrative,61098.9,73229.48452554745,1,1
COUNTRY_SPAIN,Spain,2020,ALL,"Resources, Fuel & Materials",32988.19,39537.670058394164,1,1
COUNTRY_SPAIN,Spain,2021,ALL,"Resources, Fuel & Materials",410341.56,475833.9276271186,11,2
COUNTRY_SPAIN,Spain,2022,ALL,Administrative,109953.23,119406.88072751323,4,2
COUNTRY_SPAIN,Spain,2022,ALL,"R&D, Engineering & Scientific Services",1500000,1628968.253968254,1,1
COUNTRY_SPAIN,Spain,2022,ALL,"Resources, Fuel & Materials",1270434.69,1379665.1858333335,23,5
COUNTRY_SPAIN,Spain,2023,ALL,Aerospace & Space,3922137600,4099395250.9229794,2,2
COUNTRY_SPAIN,Spain,2023,ALL,Industrial Equipment & Manufacturing,33458.61,34970.743233609166,1,1
COUNTRY_SPAIN,Spain,2023,ALL,"Resources, Fuel & Materials",225519.33000000002,235711.483042648,4,2
COUNTRY_SPAIN,Spain,2024,ALL,Industrial Equipment & Manufacturing,1223873.4,1248974.594655065,1,1
COUNTRY_SPAIN,Spain,2024,ALL,"R&D, Engineering & Scientific Services",12000000,12246115.599751398,1,1
COUNTRY_SPAIN,Spain,2024,ALL,"Resources, Fuel & Materials",314121.5,320564.01678060903,6,2
COUNTRY_SPAIN,Spain,2025,ALL,Administrative,40351.07,40351.07,2,1
COUNTRY_SPAIN,Spain,2025,ALL,Industrial Equipment & Manufacturing,1306788.7,1306788.7,8,5
COUNTRY_SPAIN,Spain,2025,ALL,Marine & Shipbuilding,226322.12,226322.12,1,1
COUNTRY_SPAIN,Spain,2025,ALL,"Resources, Fuel & Materials",353055.47,353055.47,3,2
COUNTRY_SPAIN,Spain,2026,ALL,Administrative,14570.05,14257.462514898687,1,1
COUNTRY_SPAIN,Spain,2026,ALL,"R&D, Engineering & Scientific Services",399127300,390564378.1883194,1,1
COUNTRY_SRI_LANKA,Sri Lanka,2017,ALL,Administrative,349404.85,439971.4445552147,2,1
COUNTRY_SRI_LANKA,Sri Lanka,2021,ALL,Administrative,50302.48,58330.98316384181,1,1
COUNTRY_SWEDEN,Sweden,2017,ALL,Administrative,11346.64,14287.716932515335,1,1
COUNTRY_SWEDEN,Sweden,2017,ALL,Industrial Equipment & Manufacturing,3934785.63,4954691.721211656,5,3
COUNTRY_SWEDEN,Sweden,2017,ALL,"Resources, Fuel & Materials",51037.850000000006,64266.98596625767,2,2
COUNTRY_SWEDEN,Sweden,2017,ALL,Weapons & Military Equipment,709188.95,893012.4661809816,4,3
COUNTRY_SWEDEN,Sweden,2018,ALL,Administrative,189166.09,232841.61902548722,4,4
COUNTRY_SWEDEN,Sweden,2018,ALL,Communications & Electronics,87400830,107580331.9790105,1,1
COUNTRY_SWEDEN,Sweden,2018,ALL,Industrial Equipment & Manufacturing,4575009.45,5631308.483433283,4,1
COUNTRY_SWEDEN,Sweden,2018,ALL,Land Systems & Vehicles,18500,22771.36431784108,1,1
COUNTRY_SWEDEN,Sweden,2018,ALL,"Resources, Fuel & Materials",88783.04000000001,109281.67292353822,2,2
COUNTRY_SWEDEN,Sweden,2018,ALL,Weapons & Military Equipment,1002274.2,1233683.8353823086,5,2
COUNTRY_SWEDEN,Sweden,2019,ALL,Administrative,186153.19,224752.60145588234,1,1
COUNTRY_SWEDEN,Sweden,2019,ALL,Communications & Electronics,1813612.4,2189670.2652941174,1,1
COUNTRY_SWEDEN,Sweden,2019,ALL,Digital Systems & Software,905861.1,1093694.063382353,1,1
COUNTRY_SWEDEN,Sweden,2019,ALL,Industrial Equipment & Manufacturing,2618147.47,3161028.0483382354,2,2
COUNTRY_SWEDEN,Sweden,2021,ALL,Administrative,148019.92,171644.56824858757,1,1
COUNTRY_SWEDEN,Sweden,2021,ALL,Communications & Electronics,22025686,25541085.036723163,1,1
COUNTRY_SWEDEN,Sweden,2021,ALL,"Resources, Fuel & Materials",419658.33,486637.69622881355,3,3
COUNTRY_SWEDEN,Sweden,2022,ALL,Administrative,114777.15,124645.55575396826,2,2
COUNTRY_SWEDEN,Sweden,2022,ALL,"Resources, Fuel & Materials",26011.38,28247.80817460318,1,1
COUNTRY_SWEDEN,Sweden,2022,ALL,Weapons & Military Equipment,200842.52,218110.72608465608,1,1
COUNTRY_SWEDEN,Sweden,2023,ALL,Digital Systems & Software,1637649.75,1711661.9283895607,2,2
COUNTRY_SWEDEN,Sweden,2023,ALL,Industrial Equipment & Manufacturing,20857,21799.614258434118,1,1
COUNTRY_SWEDEN,Sweden,2023,ALL,Marine & Shipbuilding,1089798.9,1139051.4282622533,1,1
COUNTRY_SWEDEN,Sweden,2024,ALL,Administrative,4665983.65,4761681.263704164,2,2
COUNTRY_SWEDEN,Sweden,2024,ALL,Industrial Equipment & Manufacturing,15538.21,15856.89298943443,1,1
COUNTRY_SWEDEN,Sweden,2024,ALL,Marine & Shipbuilding,93500,95417.65071472964,1,1
COUNTRY_SWEDEN,Sweden,2024,ALL,"Resources, Fuel & Materials",54118.83,55228.78735860783,2,2
COUNTRY_SWEDEN,Sweden,2024,ALL,Weapons & Military Equipment,254504420,259724212.3306401,3,2
COUNTRY_SWEDEN,Sweden,2025,ALL,"R&D, Engineering & Scientific Services",111642.29000000001,111642.29000000001,2,2
COUNTRY_SWEDEN,Sweden,2025,ALL,"Resources, Fuel & Materials",266092.23,266092.23,2,1
COUNTRY_SWEDEN,Sweden,2025,ALL,Weapons & Military Equipment,7726320,7726320,1,1
COUNTRY_SWEDEN,Sweden,2026,ALL,Administrative,16632.18,16275.351346841477,1,1
COUNTRY_SWEDEN,Sweden,2026,ALL,Marine & Shipbuilding,205372.07,200965.99460071512,2,2
COUNTRY_SWITZERLAND,Switzerland,2017,ALL,Digital Systems & Software,80421.13,101266.48424846627,1,1
COUNTRY_SWITZERLAND,Switzerland,2017,ALL,Industrial Equipment & Manufacturing,30000,37776.0736196319,1,1
COUNTRY_SWITZERLAND,Switzerland,2018,ALL,Administrative,20610.77,25369.47851574213,1,1
COUNTRY_SWITZERLAND,Switzerland,2018,ALL,"Resources, Fuel & Materials",53806.369999999995,66229.42994002998,2,1
COUNTRY_SWITZERLAND,Switzerland,2018,ALL,Weapons & Military Equipment,14174.72,17447.443958020987,1,1
COUNTRY_SWITZERLAND,Switzerland,2019,ALL,"Resources, Fuel & Materials",12917.17,15595.583191176469,1,1
COUNTRY_SWITZERLAND,Switzerland,2021,ALL,Digital Systems & Software,12801,14844.097457627118,1,1
COUNTRY_SWITZERLAND,Switzerland,2021,ALL,Industrial Equipment & Manufacturing,1398875.25,1622142.0625,2,2
COUNTRY_SWITZERLAND,Switzerland,2022,ALL,Digital Systems & Software,59868.99,65016.456071428576,2,2
COUNTRY_SWITZERLAND,Switzerland,2022,ALL,"R&D, Engineering & Scientific Services",2661855,2890718.1944444445,1,1
COUNTRY_SWITZERLAND,Switzerland,2022,ALL,Weapons & Military Equipment,365175,396572.3214285715,1,1
COUNTRY_SWITZERLAND,Switzerland,2023,ALL,Administrative,12730.45,13305.791788669638,1,1
COUNTRY_SWITZERLAND,Switzerland,2023,ALL,Communications & Electronics,1221063.8,1276248.7330362827,1,1
COUNTRY_SWITZERLAND,Switzerland,2023,ALL,Marine & Shipbuilding,29691.17,31033.037008274983,1,1
COUNTRY_SWITZERLAND,Switzerland,2023,ALL,"R&D, Engineering & Scientific Services",355634.72,371707.3266963717,1,1
COUNTRY_SWITZERLAND,Switzerland,2023,ALL,Weapons & Military Equipment,1995412.2,2085593.1460216425,2,2
COUNTRY_SWITZERLAND,Switzerland,2024,ALL,"R&D, Engineering & Scientific Services",14545.91,14844.24128029832,1,1
COUNTRY_SWITZERLAND,Switzerland,2025,ALL,Land Systems & Vehicles,109238.12,109238.12,6,3
COUNTRY_SWITZERLAND,Switzerland,2025,ALL,"R&D, Engineering & Scientific Services",189727,189727,1,1
COUNTRY_SWITZERLAND,Switzerland,2026,ALL,Land Systems & Vehicles,54590.08,53418.898307508935,3,1
COUNTRY_SWITZERLAND,Switzerland,2026,ALL,"R&D, Engineering & Scientific Services",456828.7,447027.84588796186,2,1
COUNTRY_TAIWAN,Taiwan,2017,ALL,Digital Systems & Software,24960.02,31429.71843558282,1,1
COUNTRY_TAIWAN,Taiwan,2017,ALL,Industrial Equipment & Manufacturing,142727.9,179723.32193251533,2,2
COUNTRY_THAILAND,Thailand,2019,ALL,Administrative,283046.03,341736.45680882357,1,1
COUNTRY_THAILAND,Thailand,2019,ALL,Marine & Shipbuilding,698525.6,843366.9376470587,1,1
COUNTRY_THAILAND,Thailand,2022,ALL,Administrative,252171.19,273852.5753835979,2,2
COUNTRY_THAILAND,Thailand,2023,ALL,Administrative,185593.66999999998,193981.41702100576,2,2
COUNTRY_THAILAND,Thailand,2025,ALL,Industrial Equipment & Manufacturing,1229734.15,1229734.15,2,2
COUNTRY_THAILAND,Thailand,2026,ALL,Administrative,56940,55718.40286054827,2,2
COUNTRY_TOGO,Togo,2019,ALL,Administrative,46625.08,56292.92747058823,2,1
COUNTRY_TRINIDAD_AND_TOBAGO,Trinidad and Tobago,2016,ALL,"Resources, Fuel & Materials",18075.44,23115.16548286604,1,1
COUNTRY_TRINIDAD_AND_TOBAGO,Trinidad and Tobago,2017,ALL,Administrative,25011,31493.912576687115,1,1
COUNTRY_TRINIDAD_AND_TOBAGO,Trinidad and Tobago,2017,ALL,"Resources, Fuel & Materials",60838.68,76608.21515337423,2,1
COUNTRY_TRINIDAD_AND_TOBAGO,Trinidad and Tobago,2018,ALL,"Resources, Fuel & Materials",89971.72,110744.80077961019,1,1
COUNTRY_TRINIDAD_AND_TOBAGO,Trinidad and Tobago,2023,ALL,Administrative,90138.88,94212.62950986632,2,2
COUNTRY_TUNISIA,Tunisia,2017,ALL,Administrative,30649.36,38593.749325153374,1,1
COUNTRY_TUNISIA,Tunisia,2018,ALL,Administrative,50443.57,62090.21134932533,2,2
COUNTRY_TUNISIA,Tunisia,2018,ALL,"Resources, Fuel & Materials",143054,176082.95952023988,1,1
COUNTRY_TUNISIA,Tunisia,2020,ALL,Administrative,82965.4,99437.36262773722,1,1
COUNTRY_TUNISIA,Tunisia,2020,ALL,"Resources, Fuel & Materials",153115.2,183514.71416058397,1,1
COUNTRY_TUNISIA,Tunisia,2021,ALL,"Resources, Fuel & Materials",141889.13,164535.27645480225,3,1
COUNTRY_TUNISIA,Tunisia,2022,ALL,Administrative,96777.66,105098.49055555556,4,4
COUNTRY_TUNISIA,Tunisia,2022,ALL,"Resources, Fuel & Materials",55415.52,60180.08190476191,1,1
COUNTRY_TUNISIA,Tunisia,2023,ALL,Administrative,35166,36755.29726288988,1,1
COUNTRY_TUNISIA,Tunisia,2025,ALL,Administrative,59226.12,59226.12,1,1
COUNTRY_TURKEY,Turkey,2017,ALL,Administrative,500062.72,629680.2041717791,2,1
COUNTRY_TURKEY,Turkey,2018,ALL,Administrative,190151.77,234054.8773163418,1,1
COUNTRY_TURKEY,Turkey,2018,ALL,"Resources, Fuel & Materials",276787.47,340693.4225937031,1,1
COUNTRY_TURKEY,Turkey,2019,ALL,Aerospace & Space,423008.39,510720.4238088235,3,1
COUNTRY_TURKEY,Turkey,2019,ALL,"Resources, Fuel & Materials",602849.37,727851.9599558823,4,2
COUNTRY_TURKEY,Turkey,2023,ALL,Industrial Equipment & Manufacturing,8504,8888.330999363463,1,1
COUNTRY_TURKEY,Turkey,2024,ALL,Weapons & Military Equipment,1042002,1063373.078931013,1,1
COUNTRY_TURKEY,Turkey,2025,ALL,Administrative,333012.01,333012.01,2,1
COUNTRY_TURKEY,Turkey,2025,ALL,Industrial Equipment & Manufacturing,10442,10442,1,1
COUNTRY_TURKS_AND_CAICOS_ISLANDS,Turks and Caicos Islands,2025,ALL,"Resources, Fuel & Materials",72183.12,72183.12,1,1
COUNTRY_UGANDA,Uganda,2016,ALL,"Resources, Fuel & Materials",58250,74491.04361370715,2,2
COUNTRY_UGANDA,Uganda,2017,ALL,"Resources, Fuel & Materials",73011,91935.63036809815,6,3
COUNTRY_UGANDA,Uganda,2018,ALL,"Resources, Fuel & Materials",32155.090000000004,39579.20373313343,2,1
COUNTRY_UGANDA,Uganda,2021,ALL,"Resources, Fuel & Materials",88775.18,102944.0999717514,5,2
COUNTRY_UGANDA,Uganda,2022,ALL,"Resources, Fuel & Materials",64173.79,69691.37776455027,3,1
COUNTRY_UGANDA,Uganda,2023,ALL,Construction & Infrastructure,96246.36,100596.13183959262,1,1
COUNTRY_UGANDA,Uganda,2023,ALL,"Resources, Fuel & Materials",124293.72,129911.06826225333,4,3
COUNTRY_UGANDA,Uganda,2024,ALL,"Resources, Fuel & Materials",96665.35,98647.92088253573,2,2
COUNTRY_UGANDA,Uganda,2025,ALL,"Resources, Fuel & Materials",180096.66,180096.66,4,1
COUNTRY_UKRAINE,Ukraine,2016,ALL,Administrative,10037.91,12836.641915887849,1,1
COUNTRY_UKRAINE,Ukraine,2016,ALL,"Resources, Fuel & Materials",56112.75,71757.89369158878,2,1
COUNTRY_UKRAINE,Ukraine,2017,ALL,"Resources, Fuel & Materials",21988.1,27687.469478527604,2,1
COUNTRY_UKRAINE,Ukraine,2019,ALL,Aerospace & Space,94174.85,113702.28213235294,1,1
COUNTRY_UKRAINE,Ukraine,2019,ALL,"Resources, Fuel & Materials",189403.85,228677.29536764705,6,2
COUNTRY_UNITED_ARAB_EMIRATES,United Arab Emirates,2019,ALL,Land Systems & Vehicles,620245.7,748855.4701470587,1,1
COUNTRY_UNITED_KINGDOM_OF_GREAT_BRITAIN_AND_NORTHERN_IRELAND,United Kingdom of Great Britain and Northern Ireland,2016,ALL,Administrative,32386.6,41416.50872274143,2,2
COUNTRY_UNITED_KINGDOM_OF_GREAT_BRITAIN_AND_NORTHERN_IRELAND,United Kingdom of Great Britain and Northern Ireland,2016,ALL,Communications & Electronics,36085.64,46146.90099688473,1,1
COUNTRY_UNITED_KINGDOM_OF_GREAT_BRITAIN_AND_NORTHERN_IRELAND,United Kingdom of Great Britain and Northern Ireland,2016,ALL,"Resources, Fuel & Materials",1057900.01,1352859.670109034,53,5
COUNTRY_UNITED_KINGDOM_OF_GREAT_BRITAIN_AND_NORTHERN_IRELAND,United Kingdom of Great Britain and Northern Ireland,2017,ALL,Administrative,2884877.46,3632644.7770858896,26,17
COUNTRY_UNITED_KINGDOM_OF_GREAT_BRITAIN_AND_NORTHERN_IRELAND,United Kingdom of Great Britain and Northern Ireland,2017,ALL,Communications & Electronics,1017685.11,1281471.587898773,5,5
COUNTRY_UNITED_KINGDOM_OF_GREAT_BRITAIN_AND_NORTHERN_IRELAND,United Kingdom of Great Britain and Northern Ireland,2017,ALL,Construction & Infrastructure,152001.28,191400.38478527605,3,2
COUNTRY_UNITED_KINGDOM_OF_GREAT_BRITAIN_AND_NORTHERN_IRELAND,United Kingdom of Great Britain and Northern Ireland,2017,ALL,Digital Systems & Software,253173.22,318796.33990797546,2,1
COUNTRY_UNITED_KINGDOM_OF_GREAT_BRITAIN_AND_NORTHERN_IRELAND,United Kingdom of Great Britain and Northern Ireland,2017,ALL,Industrial Equipment & Manufacturing,16960331.31,21356490.805996932,21,14
COUNTRY_UNITED_KINGDOM_OF_GREAT_BRITAIN_AND_NORTHERN_IRELAND,United Kingdom of Great Britain and Northern Ireland,2017,ALL,Land Systems & Vehicles,132325.44,166624.51877300613,1,1
COUNTRY_UNITED_KINGDOM_OF_GREAT_BRITAIN_AND_NORTHERN_IRELAND,United Kingdom of Great Britain and Northern Ireland,2017,ALL,Marine & Shipbuilding,615736.48,775336.8866257669,6,5
COUNTRY_UNITED_KINGDOM_OF_GREAT_BRITAIN_AND_NORTHERN_IRELAND,United Kingdom of Great Britain and Northern Ireland,2017,ALL,"R&D, Engineering & Scientific Services",1953369.42,2459687.567208589,4,2
COUNTRY_UNITED_KINGDOM_OF_GREAT_BRITAIN_AND_NORTHERN_IRELAND,United Kingdom of Great Britain and Northern Ireland,2017,ALL,"Resources, Fuel & Materials",2298183.73,2893878.5925306748,93,20
COUNTRY_UNITED_KINGDOM_OF_GREAT_BRITAIN_AND_NORTHERN_IRELAND,United Kingdom of Great Britain and Northern Ireland,2017,ALL,Weapons & Military Equipment,238115.36000000002,299835.4456441718,5,4
COUNTRY_UNITED_KINGDOM_OF_GREAT_BRITAIN_AND_NORTHERN_IRELAND,United Kingdom of Great Britain and Northern Ireland,2018,ALL,Administrative,8835800.85,10875850.821364317,56,30
COUNTRY_UNITED_KINGDOM_OF_GREAT_BRITAIN_AND_NORTHERN_IRELAND,United Kingdom of Great Britain and Northern Ireland,2018,ALL,Communications & Electronics,417410.43000000005,513784.05251874065,5,5
COUNTRY_UNITED_KINGDOM_OF_GREAT_BRITAIN_AND_NORTHERN_IRELAND,United Kingdom of Great Britain and Northern Ireland,2018,ALL,Industrial Equipment & Manufacturing,2905954.54,3576894.568725637,17,12
COUNTRY_UNITED_KINGDOM_OF_GREAT_BRITAIN_AND_NORTHERN_IRELAND,United Kingdom of Great Britain and Northern Ireland,2018,ALL,Land Systems & Vehicles,20050,24679.235382308845,1,1
COUNTRY_UNITED_KINGDOM_OF_GREAT_BRITAIN_AND_NORTHERN_IRELAND,United Kingdom of Great Britain and Northern Ireland,2018,ALL,Marine & Shipbuilding,3752217.83,4618546.984152923,11,9
COUNTRY_UNITED_KINGDOM_OF_GREAT_BRITAIN_AND_NORTHERN_IRELAND,United Kingdom of Great Britain and Northern Ireland,2018,ALL,"R&D, Engineering & Scientific Services",638399.44,785796.012353823,4,4
COUNTRY_UNITED_KINGDOM_OF_GREAT_BRITAIN_AND_NORTHERN_IRELAND,United Kingdom of Great Britain and Northern Ireland,2018,ALL,"Resources, Fuel & Materials",6993303.88,8607949.753343329,114,15
COUNTRY_UNITED_KINGDOM_OF_GREAT_BRITAIN_AND_NORTHERN_IRELAND,United Kingdom of Great Britain and Northern Ireland,2018,ALL,Weapons & Military Equipment,2735876.02,3367547.544857571,3,3
COUNTRY_UNITED_KINGDOM_OF_GREAT_BRITAIN_AND_NORTHERN_IRELAND,United Kingdom of Great Britain and Northern Ireland,2019,ALL,Administrative,2865353.79,3459493.325867647,22,11
COUNTRY_UNITED_KINGDOM_OF_GREAT_BRITAIN_AND_NORTHERN_IRELAND,United Kingdom of Great Britain and Northern Ireland,2019,ALL,Aerospace & Space,58710.95,70884.8381617647,2,2
COUNTRY_UNITED_KINGDOM_OF_GREAT_BRITAIN_AND_NORTHERN_IRELAND,United Kingdom of Great Britain and Northern Ireland,2019,ALL,Communications & Electronics,1220862.6,1474012.050882353,4,4
COUNTRY_UNITED_KINGDOM_OF_GREAT_BRITAIN_AND_NORTHERN_IRELAND,United Kingdom of Great Britain and Northern Ireland,2019,ALL,Construction & Infrastructure,232882.62,281171.5162058823,2,2
COUNTRY_UNITED_KINGDOM_OF_GREAT_BRITAIN_AND_NORTHERN_IRELAND,United Kingdom of Great Britain and Northern Ireland,2019,ALL,Digital Systems & Software,536680.46,647962.7318529411,3,3
COUNTRY_UNITED_KINGDOM_OF_GREAT_BRITAIN_AND_NORTHERN_IRELAND,United Kingdom of Great Britain and Northern Ireland,2019,ALL,Industrial Equipment & Manufacturing,1334799.99,1611574.6938088234,5,4
COUNTRY_UNITED_KINGDOM_OF_GREAT_BRITAIN_AND_NORTHERN_IRELAND,United Kingdom of Great Britain and Northern Ireland,2019,ALL,Marine & Shipbuilding,241409.21,291466.1197205882,3,3
COUNTRY_UNITED_KINGDOM_OF_GREAT_BRITAIN_AND_NORTHERN_IRELAND,United Kingdom of Great Britain and Northern Ireland,2019,ALL,"Resources, Fuel & Materials",3283017.63,3963760.9915147056,85,17
COUNTRY_UNITED_KINGDOM_OF_GREAT_BRITAIN_AND_NORTHERN_IRELAND,United Kingdom of Great Britain and Northern Ireland,2020,ALL,Administrative,4578854.0200000005,5487940.365576643,47,19
COUNTRY_UNITED_KINGDOM_OF_GREAT_BRITAIN_AND_NORTHERN_IRELAND,United Kingdom of Great Britain and Northern Ireland,2020,ALL,Aerospace & Space,57458.23,68865.99537226278,1,1
COUNTRY_UNITED_KINGDOM_OF_GREAT_BRITAIN_AND_NORTHERN_IRELAND,United Kingdom of Great Britain and Northern Ireland,2020,ALL,Communications & Electronics,106160.31,127237.39344525547,5,5
COUNTRY_UNITED_KINGDOM_OF_GREAT_BRITAIN_AND_NORTHERN_IRELAND,United Kingdom of Great Britain and Northern Ireland,2020,ALL,Construction & Infrastructure,151042.52,181030.5239708029,1,1
COUNTRY_UNITED_KINGDOM_OF_GREAT_BRITAIN_AND_NORTHERN_IRELAND,United Kingdom of Great Britain and Northern Ireland,2020,ALL,Digital Systems & Software,29706305.77,35604200.05426277,6,4
COUNTRY_UNITED_KINGDOM_OF_GREAT_BRITAIN_AND_NORTHERN_IRELAND,United Kingdom of Great Britain and Northern Ireland,2020,ALL,Industrial Equipment & Manufacturing,11778633.84,14117165.52210219,4,4
COUNTRY_UNITED_KINGDOM_OF_GREAT_BRITAIN_AND_NORTHERN_IRELAND,United Kingdom of Great Britain and Northern Ireland,2020,ALL,Land Systems & Vehicles,287311.3,344354.12744525546,1,1
COUNTRY_UNITED_KINGDOM_OF_GREAT_BRITAIN_AND_NORTHERN_IRELAND,United Kingdom of Great Britain and Northern Ireland,2020,ALL,Marine & Shipbuilding,432409.95,518260.68459854013,2,2
COUNTRY_UNITED_KINGDOM_OF_GREAT_BRITAIN_AND_NORTHERN_IRELAND,United Kingdom of Great Britain and Northern Ireland,2020,ALL,"R&D, Engineering & Scientific Services",58070.2,69599.46598540146,2,2
COUNTRY_UNITED_KINGDOM_OF_GREAT_BRITAIN_AND_NORTHERN_IRELAND,United Kingdom of Great Britain and Northern Ireland,2020,ALL,"Resources, Fuel & Materials",4473870.78,5362113.737781022,90,16
COUNTRY_UNITED_KINGDOM_OF_GREAT_BRITAIN_AND_NORTHERN_IRELAND,United Kingdom of Great Britain and Northern Ireland,2021,ALL,Administrative,20215053.32,23441467.19734463,24,15
COUNTRY_UNITED_KINGDOM_OF_GREAT_BRITAIN_AND_NORTHERN_IRELAND,United Kingdom of Great Britain and Northern Ireland,2021,ALL,Communications & Electronics,38242.82,44346.54692090395,1,1
COUNTRY_UNITED_KINGDOM_OF_GREAT_BRITAIN_AND_NORTHERN_IRELAND,United Kingdom of Great Britain and Northern Ireland,2021,ALL,Digital Systems & Software,167758.01,194532.94662429378,4,4
COUNTRY_UNITED_KINGDOM_OF_GREAT_BRITAIN_AND_NORTHERN_IRELAND,United Kingdom of Great Britain and Northern Ireland,2021,ALL,Industrial Equipment & Manufacturing,1805093.4300000002,2093194.5000423728,26,17
COUNTRY_UNITED_KINGDOM_OF_GREAT_BRITAIN_AND_NORTHERN_IRELAND,United Kingdom of Great Britain and Northern Ireland,2021,ALL,Marine & Shipbuilding,590580.36,684839.6547457627,5,5
COUNTRY_UNITED_KINGDOM_OF_GREAT_BRITAIN_AND_NORTHERN_IRELAND,United Kingdom of Great Britain and Northern Ireland,2021,ALL,"Resources, Fuel & Materials",5973047.52,6926372.901016949,125,10
COUNTRY_UNITED_KINGDOM_OF_GREAT_BRITAIN_AND_NORTHERN_IRELAND,United Kingdom of Great Britain and Northern Ireland,2021,ALL,Weapons & Military Equipment,16766.86,19442.926638418077,1,1
COUNTRY_UNITED_KINGDOM_OF_GREAT_BRITAIN_AND_NORTHERN_IRELAND,United Kingdom of Great Britain and Northern Ireland,2022,ALL,Administrative,13703903.99,14882149.703425927,38,23
COUNTRY_UNITED_KINGDOM_OF_GREAT_BRITAIN_AND_NORTHERN_IRELAND,United Kingdom of Great Britain and Northern Ireland,2022,ALL,Communications & Electronics,3904877.34,4240614.148333333,7,6
COUNTRY_UNITED_KINGDOM_OF_GREAT_BRITAIN_AND_NORTHERN_IRELAND,United Kingdom of Great Britain and Northern Ireland,2022,ALL,Construction & Infrastructure,232596,252594.33333333334,1,1
COUNTRY_UNITED_KINGDOM_OF_GREAT_BRITAIN_AND_NORTHERN_IRELAND,United Kingdom of Great Britain and Northern Ireland,2022,ALL,Digital Systems & Software,252234.08,273920.8725925926,4,4
COUNTRY_UNITED_KINGDOM_OF_GREAT_BRITAIN_AND_NORTHERN_IRELAND,United Kingdom of Great Britain and Northern Ireland,2022,ALL,Industrial Equipment & Manufacturing,10515557.19,11419672.556865081,15,11
COUNTRY_UNITED_KINGDOM_OF_GREAT_BRITAIN_AND_NORTHERN_IRELAND,United Kingdom of Great Britain and Northern Ireland,2022,ALL,Land Systems & Vehicles,22694.95,24646.235383597887,1,1
COUNTRY_UNITED_KINGDOM_OF_GREAT_BRITAIN_AND_NORTHERN_IRELAND,United Kingdom of Great Britain and Northern Ireland,2022,ALL,Marine & Shipbuilding,10775,11701.421957671959,1,1
COUNTRY_UNITED_KINGDOM_OF_GREAT_BRITAIN_AND_NORTHERN_IRELAND,United Kingdom of Great Britain and Northern Ireland,2022,ALL,"R&D, Engineering & Scientific Services",12500,13574.73544973545,1,1
COUNTRY_UNITED_KINGDOM_OF_GREAT_BRITAIN_AND_NORTHERN_IRELAND,United Kingdom of Great Britain and Northern Ireland,2022,ALL,"Resources, Fuel & Materials",22980256.59,24956072.302103177,418,13
COUNTRY_UNITED_KINGDOM_OF_GREAT_BRITAIN_AND_NORTHERN_IRELAND,United Kingdom of Great Britain and Northern Ireland,2022,ALL,Weapons & Military Equipment,5714382.4,6205698.347089947,3,2
COUNTRY_UNITED_KINGDOM_OF_GREAT_BRITAIN_AND_NORTHERN_IRELAND,United Kingdom of Great Britain and Northern Ireland,2023,ALL,Administrative,2841052.7399999998,2969451.686238065,15,12
COUNTRY_UNITED_KINGDOM_OF_GREAT_BRITAIN_AND_NORTHERN_IRELAND,United Kingdom of Great Britain and Northern Ireland,2023,ALL,Communications & Electronics,3707810.69,3875382.019719924,7,6
COUNTRY_UNITED_KINGDOM_OF_GREAT_BRITAIN_AND_NORTHERN_IRELAND,United Kingdom of Great Britain and Northern Ireland,2023,ALL,Construction & Infrastructure,736257.6,769532.1318905156,1,1
COUNTRY_UNITED_KINGDOM_OF_GREAT_BRITAIN_AND_NORTHERN_IRELAND,United Kingdom of Great Britain and Northern Ireland,2023,ALL,Digital Systems & Software,241679.78,252602.29074474855,4,4
COUNTRY_UNITED_KINGDOM_OF_GREAT_BRITAIN_AND_NORTHERN_IRELAND,United Kingdom of Great Britain and Northern Ireland,2023,ALL,Industrial Equipment & Manufacturing,5141535.15,5373902.429217059,12,10
COUNTRY_UNITED_KINGDOM_OF_GREAT_BRITAIN_AND_NORTHERN_IRELAND,United Kingdom of Great Britain and Northern Ireland,2023,ALL,"Resources, Fuel & Materials",14711973.33,15376868.369102484,258,9
COUNTRY_UNITED_KINGDOM_OF_GREAT_BRITAIN_AND_NORTHERN_IRELAND,United Kingdom of Great Britain and Northern Ireland,2023,ALL,Weapons & Military Equipment,778026.34,813188.5743348186,5,5
COUNTRY_UNITED_KINGDOM_OF_GREAT_BRITAIN_AND_NORTHERN_IRELAND,United Kingdom of Great Britain and Northern Ireland,2024,ALL,Administrative,8981008.85,9165206.048290864,22,17
COUNTRY_UNITED_KINGDOM_OF_GREAT_BRITAIN_AND_NORTHERN_IRELAND,United Kingdom of Great Britain and Northern Ireland,2024,ALL,Communications & Electronics,21722784.46,22168310.803803604,8,6
COUNTRY_UNITED_KINGDOM_OF_GREAT_BRITAIN_AND_NORTHERN_IRELAND,United Kingdom of Great Britain and Northern Ireland,2024,ALL,Construction & Infrastructure,91182.05,93052.16041019266,2,2
COUNTRY_UNITED_KINGDOM_OF_GREAT_BRITAIN_AND_NORTHERN_IRELAND,United Kingdom of Great Britain and Northern Ireland,2024,ALL,Digital Systems & Software,2718933.28,2774697.6045742696,4,4
COUNTRY_UNITED_KINGDOM_OF_GREAT_BRITAIN_AND_NORTHERN_IRELAND,United Kingdom of Great Britain and Northern Ireland,2024,ALL,Industrial Equipment & Manufacturing,8958182.46,9141911.497402113,18,14
COUNTRY_UNITED_KINGDOM_OF_GREAT_BRITAIN_AND_NORTHERN_IRELAND,United Kingdom of Great Britain and Northern Ireland,2024,ALL,"R&D, Engineering & Scientific Services",33959663.21,34656163.449857056,2,2
COUNTRY_UNITED_KINGDOM_OF_GREAT_BRITAIN_AND_NORTHERN_IRELAND,United Kingdom of Great Britain and Northern Ireland,2024,ALL,"Resources, Fuel & Materials",6277797.25,6406552.569608452,61,6
COUNTRY_UNITED_KINGDOM_OF_GREAT_BRITAIN_AND_NORTHERN_IRELAND,United Kingdom of Great Britain and Northern Ireland,2024,ALL,Weapons & Military Equipment,44984588,45907205.40459913,1,1
COUNTRY_UNITED_KINGDOM_OF_GREAT_BRITAIN_AND_NORTHERN_IRELAND,United Kingdom of Great Britain and Northern Ireland,2025,ALL,Administrative,9181974.379999999,9181974.379999999,21,13
COUNTRY_UNITED_KINGDOM_OF_GREAT_BRITAIN_AND_NORTHERN_IRELAND,United Kingdom of Great Britain and Northern Ireland,2025,ALL,Communications & Electronics,5105866.23,5105866.23,9,8
COUNTRY_UNITED_KINGDOM_OF_GREAT_BRITAIN_AND_NORTHERN_IRELAND,United Kingdom of Great Britain and Northern Ireland,2025,ALL,Digital Systems & Software,1569853.1099999999,1569853.1099999999,11,4
COUNTRY_UNITED_KINGDOM_OF_GREAT_BRITAIN_AND_NORTHERN_IRELAND,United Kingdom of Great Britain and Northern Ireland,2025,ALL,Industrial Equipment & Manufacturing,18594191.65,18594191.65,14,13
COUNTRY_UNITED_KINGDOM_OF_GREAT_BRITAIN_AND_NORTHERN_IRELAND,United Kingdom of Great Britain and Northern Ireland,2025,ALL,Marine & Shipbuilding,174261.63,174261.63,3,1
COUNTRY_UNITED_KINGDOM_OF_GREAT_BRITAIN_AND_NORTHERN_IRELAND,United Kingdom of Great Britain and Northern Ireland,2025,ALL,"R&D, Engineering & Scientific Services",32187119.06,32187119.06,7,6
COUNTRY_UNITED_KINGDOM_OF_GREAT_BRITAIN_AND_NORTHERN_IRELAND,United Kingdom of Great Britain and Northern Ireland,2025,ALL,"Resources, Fuel & Materials",15403056.9,15403056.9,26,6
COUNTRY_UNITED_KINGDOM_OF_GREAT_BRITAIN_AND_NORTHERN_IRELAND,United Kingdom of Great Britain and Northern Ireland,2025,ALL,Weapons & Military Equipment,13339860,13339860,1,1
COUNTRY_UNITED_KINGDOM_OF_GREAT_BRITAIN_AND_NORTHERN_IRELAND,United Kingdom of Great Britain and Northern Ireland,2026,ALL,Administrative,304901.93,298360.5298331347,7,5
COUNTRY_UNITED_KINGDOM_OF_GREAT_BRITAIN_AND_NORTHERN_IRELAND,United Kingdom of Great Britain and Northern Ireland,2026,ALL,Communications & Electronics,738599.4,722753.4057210966,2,2
COUNTRY_UNITED_KINGDOM_OF_GREAT_BRITAIN_AND_NORTHERN_IRELAND,United Kingdom of Great Britain and Northern Ireland,2026,ALL,Digital Systems & Software,490237.38999999996,479719.7821096543,2,2
COUNTRY_UNITED_KINGDOM_OF_GREAT_BRITAIN_AND_NORTHERN_IRELAND,United Kingdom of Great Britain and Northern Ireland,2026,ALL,Industrial Equipment & Manufacturing,2195220.91,2148124.394648391,8,6
COUNTRY_UNITED_KINGDOM_OF_GREAT_BRITAIN_AND_NORTHERN_IRELAND,United Kingdom of Great Britain and Northern Ireland,2026,ALL,Marine & Shipbuilding,968694.8099999999,947912.3230154945,4,3
COUNTRY_UNITED_KINGDOM_OF_GREAT_BRITAIN_AND_NORTHERN_IRELAND,United Kingdom of Great Britain and Northern Ireland,2026,ALL,"R&D, Engineering & Scientific Services",30000,29356.376638855778,1,1
COUNTRY_UNITED_KINGDOM_OF_GREAT_BRITAIN_AND_NORTHERN_IRELAND,United Kingdom of Great Britain and Northern Ireland,2026,ALL,"Resources, Fuel & Materials",440683.88,431229.39866507746,2,2
COUNTRY_UNITED_KINGDOM_OF_GREAT_BRITAIN_AND_NORTHERN_IRELAND,United Kingdom of Great Britain and Northern Ireland,2026,ALL,Weapons & Military Equipment,1199872,1174129.811680572,1,1
COUNTRY_UNITED_REPUBLIC_OF_TANZANIA,United Republic of Tanzania,2019,ALL,Administrative,86980.79,105016.51263235294,2,2
COUNTRY_UNITED_REPUBLIC_OF_TANZANIA,United Republic of Tanzania,2023,ALL,Industrial Equipment & Manufacturing,23338.78,24393.556180776577,1,1
COUNTRY_UNITED_STATES_MINOR_OUTLYING_ISLANDS,United States Minor Outlying Islands,2016,ALL,Administrative,10181.95,13020.842601246106,1,1
COUNTRY_UNITED_STATES_MINOR_OUTLYING_ISLANDS,United States Minor Outlying Islands,2016,ALL,"Resources, Fuel & Materials",145631.38,186235.76788161992,1,1
COUNTRY_UNITED_STATES_MINOR_OUTLYING_ISLANDS,United States Minor Outlying Islands,2017,ALL,Administrative,165290.6,208134.3291411043,1,1
COUNTRY_UNITED_STATES_MINOR_OUTLYING_ISLANDS,United States Minor Outlying Islands,2018,ALL,Administrative,326263.91,401593.2085607196,2,2
COUNTRY_UNITED_STATES_MINOR_OUTLYING_ISLANDS,United States Minor Outlying Islands,2018,ALL,Construction & Infrastructure,1838850.8,2263413.0536731635,1,1
COUNTRY_UNITED_STATES_MINOR_OUTLYING_ISLANDS,United States Minor Outlying Islands,2021,ALL,"R&D, Engineering & Scientific Services",13147.31,15245.680098870054,1,1
COUNTRY_UNITED_STATES_MINOR_OUTLYING_ISLANDS,United States Minor Outlying Islands,2024,ALL,Administrative,0,0,1,1
COUNTRY_UNITED_STATES_MINOR_OUTLYING_ISLANDS,United States Minor Outlying Islands,2025,ALL,"Resources, Fuel & Materials",42497.99,42497.99,1,1
COUNTRY_UNITED_STATES_OF_AMERICA,United States of America,2016,ALL,Administrative,3754881.8200000003,4801803.698161993,34,21
COUNTRY_UNITED_STATES_OF_AMERICA,United States of America,2016,ALL,Aerospace & Space,1131652.82,1447175.9582866044,3,3
COUNTRY_UNITED_STATES_OF_AMERICA,United States of America,2016,ALL,Communications & Electronics,210950.43,269766.8271495327,9,8
COUNTRY_UNITED_STATES_OF_AMERICA,United States of America,2016,ALL,Digital Systems & Software,45829.44,58607.430280373825,2,2
COUNTRY_UNITED_STATES_OF_AMERICA,United States of America,2016,ALL,Industrial Equipment & Manufacturing,10352428.54,13238853.319844235,8,8
COUNTRY_UNITED_STATES_OF_AMERICA,United States of America,2016,ALL,Land Systems & Vehicles,1546410.8,1977575.181931464,1,1
COUNTRY_UNITED_STATES_OF_AMERICA,United States of America,2016,ALL,Marine & Shipbuilding,72708.88,92981.2935825545,3,3
COUNTRY_UNITED_STATES_OF_AMERICA,United States of America,2016,ALL,"R&D, Engineering & Scientific Services",299548.1,383066.9627725856,1,1
COUNTRY_UNITED_STATES_OF_AMERICA,United States of America,2016,ALL,"Resources, Fuel & Materials",947325.93,1211455.7453738316,21,4
COUNTRY_UNITED_STATES_OF_AMERICA,United States of America,2017,ALL,Administrative,35703377.49,44957780.55105828,219,102
COUNTRY_UNITED_STATES_OF_AMERICA,United States of America,2017,ALL,Aerospace & Space,10639098.74,13396779.241625767,22,16
COUNTRY_UNITED_STATES_OF_AMERICA,United States of America,2017,ALL,Communications & Electronics,16719195.06,21052851.448251534,50,38
COUNTRY_UNITED_STATES_OF_AMERICA,United States of America,2017,ALL,Construction & Infrastructure,2499662.07,3147580.6126840487,7,6
COUNTRY_UNITED_STATES_OF_AMERICA,United States of America,2017,ALL,Digital Systems & Software,7914483.66,9965937.24671779,52,48
COUNTRY_UNITED_STATES_OF_AMERICA,United States of America,2017,ALL,Industrial Equipment & Manufacturing,113135057.72,142459942.3130675,103,77
COUNTRY_UNITED_STATES_OF_AMERICA,United States of America,2017,ALL,Land Systems & Vehicles,9443529.34,11891315.319233129,9,6
COUNTRY_UNITED_STATES_OF_AMERICA,United States of America,2017,ALL,Marine & Shipbuilding,2980687.17,3753288.5990337417,19,16
COUNTRY_UNITED_STATES_OF_AMERICA,United States of America,2017,ALL,"R&D, Engineering & Scientific Services",79173996.56,99696090.7603681,37,32
COUNTRY_UNITED_STATES_OF_AMERICA,United States of America,2017,ALL,"Resources, Fuel & Materials",2794225.02,3518495.002177914,76,19
COUNTRY_UNITED_STATES_OF_AMERICA,United States of America,2017,ALL,Weapons & Military Equipment,8292782.84,10442292.502515336,15,11
COUNTRY_UNITED_STATES_OF_AMERICA,United States of America,2018,ALL,Administrative,22897638.3,28184349.39175412,212,114
COUNTRY_UNITED_STATES_OF_AMERICA,United States of America,2018,ALL,Aerospace & Space,14443250.67,17777974.212998502,10,10
COUNTRY_UNITED_STATES_OF_AMERICA,United States of America,2018,ALL,Communications & Electronics,24932570.57,30689116.098905545,47,34
COUNTRY_UNITED_STATES_OF_AMERICA,United States of America,2018,ALL,Construction & Infrastructure,4256796.42,5239624.97874063,11,10
COUNTRY_UNITED_STATES_OF_AMERICA,United States of America,2018,ALL,Digital Systems & Software,19468134.61,23963026.259085454,64,52
COUNTRY_UNITED_STATES_OF_AMERICA,United States of America,2018,ALL,Industrial Equipment & Manufacturing,265152542.79,326372170.3607046,139,85
COUNTRY_UNITED_STATES_OF_AMERICA,United States of America,2018,ALL,Land Systems & Vehicles,1226914.95,1510190.6655922038,5,5
COUNTRY_UNITED_STATES_OF_AMERICA,United States of America,2018,ALL,Marine & Shipbuilding,21349815.64,26279158.381469265,23,19
COUNTRY_UNITED_STATES_OF_AMERICA,United States of America,2018,ALL,"R&D, Engineering & Scientific Services",61846408.96,76125789.7393703,28,25
COUNTRY_UNITED_STATES_OF_AMERICA,United States of America,2018,ALL,"Resources, Fuel & Materials",7328018.98,9019945.401169416,171,20
COUNTRY_UNITED_STATES_OF_AMERICA,United States of America,2018,ALL,Weapons & Military Equipment,10691045.58,13159442.910314841,18,15
COUNTRY_UNITED_STATES_OF_AMERICA,United States of America,2019,ALL,Administrative,16255467.45,19626086.435955882,149,88
COUNTRY_UNITED_STATES_OF_AMERICA,United States of America,2019,ALL,Aerospace & Space,18604264.1,22461912.97955882,22,14
COUNTRY_UNITED_STATES_OF_AMERICA,United States of America,2019,ALL,Communications & Electronics,48438352.300000004,58482187.11514706,57,37
COUNTRY_UNITED_STATES_OF_AMERICA,United States of America,2019,ALL,Construction & Infrastructure,187250.75,226077.74375,4,4
COUNTRY_UNITED_STATES_OF_AMERICA,United States of America,2019,ALL,Digital Systems & Software,25844871.63,31203881.776808824,54,43
COUNTRY_UNITED_STATES_OF_AMERICA,United States of America,2019,ALL,Industrial Equipment & Manufacturing,46197659.91,55776880.56780882,90,62
COUNTRY_UNITED_STATES_OF_AMERICA,United States of America,2019,ALL,Land Systems & Vehicles,1579679.3699999999,1907230.5334852939,6,6
COUNTRY_UNITED_STATES_OF_AMERICA,United States of America,2019,ALL,Marine & Shipbuilding,11176945.02,13494517.443264704,33,24
COUNTRY_UNITED_STATES_OF_AMERICA,United States of America,2019,ALL,"R&D, Engineering & Scientific Services",1792090.1,2163685.2530882354,10,10
COUNTRY_UNITED_STATES_OF_AMERICA,United States of America,2019,ALL,"Resources, Fuel & Materials",6040746.54,7293313.101970588,139,22
COUNTRY_UNITED_STATES_OF_AMERICA,United States of America,2019,ALL,Weapons & Military Equipment,4577095.45,5526169.653602941,10,8
COUNTRY_UNITED_STATES_OF_AMERICA,United States of America,2020,ALL,Administrative,29321139.8,35142563.17635037,97,66
COUNTRY_UNITED_STATES_OF_AMERICA,United States of America,2020,ALL,Aerospace & Space,40683165.78,48760407.453109495,8,4
COUNTRY_UNITED_STATES_OF_AMERICA,United States of America,2020,ALL,Communications & Electronics,9137733.53,10951940.479021898,35,29
COUNTRY_UNITED_STATES_OF_AMERICA,United States of America,2020,ALL,Construction & Infrastructure,11829.57,14178.214554744525,1,1
COUNTRY_UNITED_STATES_OF_AMERICA,United States of America,2020,ALL,Digital Systems & Software,22690716.15,27195734.246934306,94,61
COUNTRY_UNITED_STATES_OF_AMERICA,United States of America,2020,ALL,Industrial Equipment & Manufacturing,22395850.89,26842326.395167883,63,60
COUNTRY_UNITED_STATES_OF_AMERICA,United States of America,2020,ALL,Land Systems & Vehicles,4056323.28,4861666.296175183,6,5
COUNTRY_UNITED_STATES_OF_AMERICA,United States of America,2020,ALL,Marine & Shipbuilding,2444756.45,2930138.752481752,5,5
COUNTRY_UNITED_STATES_OF_AMERICA,United States of America,2020,ALL,"R&D, Engineering & Scientific Services",151460467.42,181531450.73258397,33,32
COUNTRY_UNITED_STATES_OF_AMERICA,United States of America,2020,ALL,"Resources, Fuel & Materials",14785551.86,17721077.484759126,485,30
COUNTRY_UNITED_STATES_OF_AMERICA,United States of America,2020,ALL,Weapons & Military Equipment,225314.16,270048.0662189781,2,2
COUNTRY_UNITED_STATES_OF_AMERICA,United States of America,2021,ALL,Administrative,67013984.96,77709719.84768361,79,54
COUNTRY_UNITED_STATES_OF_AMERICA,United States of America,2021,ALL,Aerospace & Space,17399978,20177093.13276836,3,3
COUNTRY_UNITED_STATES_OF_AMERICA,United States of America,2021,ALL,Communications & Electronics,200242271.89,232201843.53346044,34,24
COUNTRY_UNITED_STATES_OF_AMERICA,United States of America,2021,ALL,Construction & Infrastructure,132933.35,154150.11348870053,2,2
COUNTRY_UNITED_STATES_OF_AMERICA,United States of America,2021,ALL,Digital Systems & Software,2729705.03,3165378.290437853,39,36
COUNTRY_UNITED_STATES_OF_AMERICA,United States of America,2021,ALL,Industrial Equipment & Manufacturing,43626860.9,50589905.08319209,64,62
COUNTRY_UNITED_STATES_OF_AMERICA,United States of America,2021,ALL,Land Systems & Vehicles,3467641.64,4021092.9187005647,21,10
COUNTRY_UNITED_STATES_OF_AMERICA,United States of America,2021,ALL,Marine & Shipbuilding,137148.92,159038.5075141243,5,5
COUNTRY_UNITED_STATES_OF_AMERICA,United States of America,2021,ALL,"R&D, Engineering & Scientific Services",137160718.58,159052189.2008192,41,29
COUNTRY_UNITED_STATES_OF_AMERICA,United States of America,2021,ALL,"Resources, Fuel & Materials",3747287.36,4345371.359548022,75,15
COUNTRY_UNITED_STATES_OF_AMERICA,United States of America,2021,ALL,Weapons & Military Equipment,4464071.03,5176556.942980226,3,2
COUNTRY_UNITED_STATES_OF_AMERICA,United States of America,2022,ALL,Administrative,11101743.01,12056257.95133598,96,56
COUNTRY_UNITED_STATES_OF_AMERICA,United States of America,2022,ALL,Aerospace & Space,48117436.35,52254517.51765873,5,5
COUNTRY_UNITED_STATES_OF_AMERICA,United States of America,2022,ALL,Communications & Electronics,18049242.74,19601095.621084657,18,14
COUNTRY_UNITED_STATES_OF_AMERICA,United States of America,2022,ALL,Construction & Infrastructure,5908413.67,6416412.199828043,18,12
COUNTRY_UNITED_STATES_OF_AMERICA,United States of America,2022,ALL,Digital Systems & Software,3842260.09,4172613.1400661375,27,26
COUNTRY_UNITED_STATES_OF_AMERICA,United States of America,2022,ALL,Industrial Equipment & Manufacturing,20114089.89,21843475.925515875,38,34
COUNTRY_UNITED_STATES_OF_AMERICA,United States of America,2022,ALL,Land Systems & Vehicles,4213994.45,4576308.787632275,8,8
COUNTRY_UNITED_STATES_OF_AMERICA,United States of America,2022,ALL,Marine & Shipbuilding,1611219.82,1749750.6246296298,3,3
COUNTRY_UNITED_STATES_OF_AMERICA,United States of America,2022,ALL,"R&D, Engineering & Scientific Services",11606556.91,12604475.162843917,12,12
COUNTRY_UNITED_STATES_OF_AMERICA,United States of America,2022,ALL,"Resources, Fuel & Materials",9375569.23,10181669.759034391,199,14
COUNTRY_UNITED_STATES_OF_AMERICA,United States of America,2022,ALL,Weapons & Military Equipment,33311431.55,36175509.659457676,10,5
COUNTRY_UNITED_STATES_OF_AMERICA,United States of America,2023,ALL,Administrative,13912116.44,14540862.631750477,110,67
COUNTRY_UNITED_STATES_OF_AMERICA,United States of America,2023,ALL,Aerospace & Space,1813376520.3,1895330519.6260982,10,9
COUNTRY_UNITED_STATES_OF_AMERICA,United States of America,2023,ALL,Communications & Electronics,28256491.46,29533519.399949078,50,39
COUNTRY_UNITED_STATES_OF_AMERICA,United States of America,2023,ALL,Construction & Infrastructure,89346.79000000001,93384.7416804583,4,4
COUNTRY_UNITED_STATES_OF_AMERICA,United States of America,2023,ALL,Digital Systems & Software,15152336.41,15837133.281489497,43,41
COUNTRY_UNITED_STATES_OF_AMERICA,United States of America,2023,ALL,Industrial Equipment & Manufacturing,14895535.33,15568726.29653724,67,55
COUNTRY_UNITED_STATES_OF_AMERICA,United States of America,2023,ALL,Land Systems & Vehicles,7828979.350000001,8182803.369000637,7,7
COUNTRY_UNITED_STATES_OF_AMERICA,United States of America,2023,ALL,Marine & Shipbuilding,1544497.53,1614299.7735582432,5,5
COUNTRY_UNITED_STATES_OF_AMERICA,United States of America,2023,ALL,"R&D, Engineering & Scientific Services",6647285.21,6947703.574042012,23,20
COUNTRY_UNITED_STATES_OF_AMERICA,United States of America,2023,ALL,"Resources, Fuel & Materials",8323030.1,8699182.319669,143,14
COUNTRY_UNITED_STATES_OF_AMERICA,United States of America,2023,ALL,Weapons & Military Equipment,47468138.73,49613420.62040739,15,7
COUNTRY_UNITED_STATES_OF_AMERICA,United States of America,2024,ALL,Administrative,37590994.35,38361971.85997514,123,52
COUNTRY_UNITED_STATES_OF_AMERICA,United States of America,2024,ALL,Aerospace & Space,16102315.2,16432567.780236172,19,17
COUNTRY_UNITED_STATES_OF_AMERICA,United States of America,2024,ALL,Communications & Electronics,44829017.88,45748444.598483525,24,21
COUNTRY_UNITED_STATES_OF_AMERICA,United States of America,2024,ALL,Construction & Infrastructure,4243913.09,4330954.191286513,7,7
COUNTRY_UNITED_STATES_OF_AMERICA,United States of America,2024,ALL,Digital Systems & Software,13922322.63,14207864.36200124,32,31
COUNTRY_UNITED_STATES_OF_AMERICA,United States of America,2024,ALL,Industrial Equipment & Manufacturing,20516049.56,20936826.213499065,69,56
COUNTRY_UNITED_STATES_OF_AMERICA,United States of America,2024,ALL,Land Systems & Vehicles,2609737.88,2663262.646960845,4,4
COUNTRY_UNITED_STATES_OF_AMERICA,United States of America,2024,ALL,Marine & Shipbuilding,2855151.1,2913709.2021131134,2,2
COUNTRY_UNITED_STATES_OF_AMERICA,United States of America,2024,ALL,"R&D, Engineering & Scientific Services",8420209.99,8592905.40931013,26,22
COUNTRY_UNITED_STATES_OF_AMERICA,United States of America,2024,ALL,"Resources, Fuel & Materials",9534665.02,9730217.503318831,91,10
COUNTRY_UNITED_STATES_OF_AMERICA,United States of America,2024,ALL,Weapons & Military Equipment,2347991.9299999997,2396148.3835052825,10,7
COUNTRY_UNITED_STATES_OF_AMERICA,United States of America,2025,ALL,Administrative,22768393.31,22768393.31,133,63
COUNTRY_UNITED_STATES_OF_AMERICA,United States of America,2025,ALL,Aerospace & Space,77576460.08,77576460.08,24,22
COUNTRY_UNITED_STATES_OF_AMERICA,United States of America,2025,ALL,Communications & Electronics,122823574.16,122823574.16,52,36
COUNTRY_UNITED_STATES_OF_AMERICA,United States of America,2025,ALL,Construction & Infrastructure,153668.88,153668.88,3,3
COUNTRY_UNITED_STATES_OF_AMERICA,United States of America,2025,ALL,Digital Systems & Software,11948401.77,11948401.77,37,34
COUNTRY_UNITED_STATES_OF_AMERICA,United States of America,2025,ALL,Industrial Equipment & Manufacturing,183624333.62,183624333.62,118,75
COUNTRY_UNITED_STATES_OF_AMERICA,United States of America,2025,ALL,Land Systems & Vehicles,8475026.27,8475026.27,6,6
COUNTRY_UNITED_STATES_OF_AMERICA,United States of America,2025,ALL,Marine & Shipbuilding,7062206.65,7062206.65,50,35
COUNTRY_UNITED_STATES_OF_AMERICA,United States of America,2025,ALL,"R&D, Engineering & Scientific Services",21312281.11,21312281.11,36,34
COUNTRY_UNITED_STATES_OF_AMERICA,United States of America,2025,ALL,"Resources, Fuel & Materials",10544225.28,10544225.28,83,12
COUNTRY_UNITED_STATES_OF_AMERICA,United States of America,2025,ALL,Weapons & Military Equipment,140065828.6,140065828.6,6,5
COUNTRY_UNITED_STATES_OF_AMERICA,United States of America,2026,ALL,Administrative,3211331.7,3142435.429916567,53,38
COUNTRY_UNITED_STATES_OF_AMERICA,United States of America,2026,ALL,Aerospace & Space,9737356.31,9528449.976769963,12,10
COUNTRY_UNITED_STATES_OF_AMERICA,United States of America,2026,ALL,Communications & Electronics,4580069.84,4481808.50851013,7,7
COUNTRY_UNITED_STATES_OF_AMERICA,United States of America,2026,ALL,Construction & Infrastructure,534752.21,523279.57617401663,3,3
COUNTRY_UNITED_STATES_OF_AMERICA,United States of America,2026,ALL,Digital Systems & Software,6619034.29,6477028.786758045,22,17
COUNTRY_UNITED_STATES_OF_AMERICA,United States of America,2026,ALL,Industrial Equipment & Manufacturing,10886474.16,10652914.523671037,36,32
COUNTRY_UNITED_STATES_OF_AMERICA,United States of America,2026,ALL,Land Systems & Vehicles,26264033.45,25700561.933790226,3,3
COUNTRY_UNITED_STATES_OF_AMERICA,United States of America,2026,ALL,Marine & Shipbuilding,855283.01,836933.6724791417,25,16
COUNTRY_UNITED_STATES_OF_AMERICA,United States of America,2026,ALL,"R&D, Engineering & Scientific Services",8952324.69,8760260.513098927,12,9
COUNTRY_UNITED_STATES_OF_AMERICA,United States of America,2026,ALL,"Resources, Fuel & Materials",76405.69,74766.47376638855,1,1
COUNTRY_UNITED_STATES_OF_AMERICA,United States of America,2026,ALL,Weapons & Military Equipment,1316236.6,1287997.9125148985,5,4
COUNTRY_URUGUAY,Uruguay,2025,ALL,Administrative,126770.55,126770.55,1,1
COUNTRY_URUGUAY,Uruguay,2025,ALL,"Resources, Fuel & Materials",102220.42,102220.42,1,1
COUNTRY_UZBEKISTAN,Uzbekistan,2018,ALL,Digital Systems & Software,53204.69,65488.83131934033,1,1
COUNTRY_VIET_NAM,Viet Nam,2016,ALL,Administrative,174124.78,222673.58937694703,2,2
COUNTRY_VIET_NAM,Viet Nam,2016,ALL,"Resources, Fuel & Materials",93596.88,119693.20635514018,1,1
COUNTRY_VIET_NAM,Viet Nam,2017,ALL,"Resources, Fuel & Materials",19659.1,24754.78696319018,1,1
COUNTRY_VIET_NAM,Viet Nam,2018,ALL,Administrative,380481.91,468329.3075112443,2,1
COUNTRY_VIET_NAM,Viet Nam,2019,ALL,Administrative,82157.11,99192.62839705883,2,2
COUNTRY_VIET_NAM,Viet Nam,2021,ALL,Administrative,135782.5,157454.0007062147,1,1
COUNTRY_VIET_NAM,Viet Nam,2023,ALL,Administrative,6280781.24,6564635.770897518,3,3
COUNTRY_VIET_NAM,Viet Nam,2023,ALL,"Resources, Fuel & Materials",231690.52,242161.57469127944,1,1
COUNTRY_VIET_NAM,Viet Nam,2024,ALL,Administrative,160164.75,163449.6702921069,2,1
COUNTRY_VIET_NAM,Viet Nam,2025,ALL,Administrative,125823.78,125823.78,2,1
COUNTRY_VIET_NAM,Viet Nam,2025,ALL,Digital Systems & Software,13560,13560,1,1
COUNTRY_WESTERN_SAHARA,Western Sahara,2025,ALL,"Resources, Fuel & Materials",123121.16,123121.16,1,1
COUNTRY__,-,2016,ALL,Administrative,2750300865.79,3517129300.3326945,8798,3857
COUNTRY__,-,2016,ALL,Aerospace & Space,313221941.45,400553292.7265576,419,180
COUNTRY__,-,2016,ALL,Communications & Electronics,385983059.99,493601389.8002959,711,370
COUNTRY__,-,2016,ALL,Construction & Infrastructure,443678163.05,567382822.2181463,493,306
COUNTRY__,-,2016,ALL,Digital Systems & Software,50886209.08,65074108.49638629,358,238
COUNTRY__,-,2016,ALL,Industrial Equipment & Manufacturing,15082263.61,19287443.027741432,136,88
COUNTRY__,-,2016,ALL,Land Systems & Vehicles,762880440.42,975583865.3969158,18,16
COUNTRY__,-,2016,ALL,Marine & Shipbuilding,264275979.63,337960403.857056,409,176
COUNTRY__,-,2016,ALL,"R&D, Engineering & Scientific Services",73483689.88,93972133.00853582,420,228
COUNTRY__,-,2016,ALL,"Resources, Fuel & Materials",74411106.85,95158128.8533489,995,124
COUNTRY__,-,2016,ALL,Weapons & Military Equipment,278926230.34,356695381.7899377,206,92
COUNTRY_ALBANIA,Albania,2019,General Government Support,"Resources, Fuel & Materials",288133.38,347878.68379411765,1,1
COUNTRY_ALBANIA,Albania,2019,Industrial and Technical Support,Aerospace & Space,17425.61,21038.861485294117,1,1
COUNTRY_ALBANIA,Albania,2023,Industrial and Technical Support,"Resources, Fuel & Materials",127107.29000000001,132851.79514958628,2,1
COUNTRY_AMERICAN_SAMOA,American Samoa,2017,Industrial and Technical Support,"Resources, Fuel & Materials",19449.11,24490.3670398773,1,1
COUNTRY_ANGOLA,Angola,2025,Industrial and Technical Support,"Resources, Fuel & Materials",178732.26,178732.26,3,1
COUNTRY_ANTIGUA_AND_BARBUDA,Antigua and Barbuda,2018,General Government Support,"Resources, Fuel & Materials",123295.06,151761.98539730132,2,1
COUNTRY_ANTIGUA_AND_BARBUDA,Antigua and Barbuda,2019,Industrial and Technical Support,Administrative,36322.84,43854.48770588235,1,1
COUNTRY_ANTIGUA_AND_BARBUDA,Antigua and Barbuda,2023,Industrial and Technical Support,"Resources, Fuel & Materials",54450.78,56911.6363844685,1,1
COUNTRY_ARGENTINA,Argentina,2016,General Government Support,Administrative,16935.29,21657.123193146417,1,1
COUNTRY_ARGENTINA,Argentina,2016,Industrial and Technical Support,"Resources, Fuel & Materials",29032.48,37127.205732087226,1,1
COUNTRY_ARGENTINA,Argentina,2018,Industrial and Technical Support,"Resources, Fuel & Materials",210641.42,259275.27109445276,3,1
COUNTRY_ARGENTINA,Argentina,2025,General Government Support,Administrative,45114.26,45114.26,1,1
COUNTRY_ARGENTINA,Argentina,2025,Industrial and Technical Support,Administrative,147333.62,147333.62,1,1
COUNTRY_ARMENIA,Armenia,2018,General Government Support,Administrative,12724.49,15662.37824587706,1,1
COUNTRY_ARUBA,Aruba,2018,General Government Support,"Resources, Fuel & Materials",70642.61,86952.89776611693,1,1
COUNTRY_ARUBA,Aruba,2018,Industrial and Technical Support,Administrative,60758.92,74787.21637181408,2,2
COUNTRY_AUSTRALIA,Australia,2016,General Government Support,"Resources, Fuel & Materials",29915.35,38256.234190031144,1,1
COUNTRY_AUSTRALIA,Australia,2016,Industrial and Technical Support,Administrative,847091.65,1083274.524376947,7,1
COUNTRY_AUSTRALIA,Australia,2016,Industrial and Technical Support,"Resources, Fuel & Materials",888848.25,1136673.5408878503,8,5
COUNTRY_AUSTRALIA,Australia,2017,General Government Support,Administrative,19540,24604.815950920245,1,1
COUNTRY_AUSTRALIA,Australia,2017,Industrial and Technical Support,"Resources, Fuel & Materials",119381.56,150325.55331288342,3,2
COUNTRY_AUSTRALIA,Australia,2018,General Government Support,Administrative,75926.03,93456.17785607195,4,4
COUNTRY_AUSTRALIA,Australia,2018,General Government Support,Construction & Infrastructure,46388.76,57099.20833583208,1,1
COUNTRY_AUSTRALIA,Australia,2018,General Government Support,"Resources, Fuel & Materials",4732214.609999999,5824809.887271364,3,2
COUNTRY_AUSTRALIA,Australia,2018,Industrial and Technical Support,Administrative,376757.54000000004,463745.0379910045,4,2
COUNTRY_AUSTRALIA,Australia,2018,Industrial and Technical Support,"R&D, Engineering & Scientific Services",43500,53543.47826086956,3,3
COUNTRY_AUSTRALIA,Australia,2018,Industrial and Technical Support,"Resources, Fuel & Materials",163212.01,200895.14274362818,4,3
COUNTRY_AUSTRALIA,Australia,2019,General Government Support,Administrative,20000,24147.05882352941,1,1
COUNTRY_AUSTRALIA,Australia,2019,General Government Support,Aerospace & Space,50089.75,60476.006985294116,1,1
COUNTRY_AUSTRALIA,Australia,2019,Industrial and Technical Support,Aerospace & Space,211246.69,255049.3124852941,1,1
COUNTRY_AUSTRALIA,Australia,2019,Industrial and Technical Support,"Resources, Fuel & Materials",98142.41,118492.52736764705,1,1
COUNTRY_AUSTRALIA,Australia,2020,Industrial and Technical Support,"R&D, Engineering & Scientific Services",59100,70833.72262773722,1,1
COUNTRY_AUSTRALIA,Australia,2020,Industrial and Technical Support,"Resources, Fuel & Materials",375766.92000000004,450371.7391532847,3,2
COUNTRY_AUSTRALIA,Australia,2021,General Government Support,Administrative,149320.93,173153.22532485874,2,1
COUNTRY_AUSTRALIA,Australia,2021,Industrial and Technical Support,Administrative,141479.36,164060.10531073445,2,1
COUNTRY_AUSTRALIA,Australia,2023,General Government Support,Administrative,928479.09,970440.9075620625,5,3
COUNTRY_AUSTRALIA,Australia,2023,General Government Support,"Resources, Fuel & Materials",1042515.7,1089631.3045194144,2,1
COUNTRY_AUSTRALIA,Australia,2023,Industrial and Technical Support,Administrative,1219175.49,1274275.0824824953,4,2
COUNTRY_AUSTRALIA,Australia,2023,Industrial and Technical Support,"Resources, Fuel & Materials",289072.7,302137.09318905155,8,2
COUNTRY_AUSTRALIA,Australia,2024,General Government Support,Communications & Electronics,11160.71,11389.61206960845,1,1
COUNTRY_AUSTRALIA,Australia,2024,Industrial and Technical Support,Communications & Electronics,93404.92,95320.62065879427,2,2
COUNTRY_AUSTRALIA,Australia,2025,Core Defence Industrial Complex,Marine & Shipbuilding,10855.92,10855.92,1,1
COUNTRY_AUSTRALIA,Australia,2025,General Government Support,Administrative,336667.23,336667.23,3,1
COUNTRY_AUSTRALIA,Australia,2025,General Government Support,Industrial Equipment & Manufacturing,17172.49,17172.49,1,1
COUNTRY_AUSTRALIA,Australia,2025,Industrial and Technical Support,Administrative,1171271.44,1171271.44,4,1
COUNTRY_AUSTRALIA,Australia,2025,Industrial and Technical Support,"Resources, Fuel & Materials",474273.37,474273.37,4,1
COUNTRY_AUSTRALIA,Australia,2026,General Government Support,Industrial Equipment & Manufacturing,10079.75,9863.49791418355,1,1
COUNTRY_AUSTRIA,Austria,2018,Industrial and Technical Support,"Resources, Fuel & Materials",46109.26,56755.17610194902,1,1
COUNTRY_AUSTRIA,Austria,2021,General Government Support,Industrial Equipment & Manufacturing,403633.66,468055.41646892653,1,1
COUNTRY_AUSTRIA,Austria,2025,Industrial and Technical Support,"R&D, Engineering & Scientific Services",36718.42,36718.42,1,1
COUNTRY_AUSTRIA,Austria,2025,Industrial and Technical Support,"Resources, Fuel & Materials",217427.4,217427.4,1,1
COUNTRY_BAHAMAS,Bahamas,2017,Industrial and Technical Support,"Resources, Fuel & Materials",61637.6,77614.2171779141,3,2
COUNTRY_BAHAMAS,Bahamas,2018,General Government Support,"Resources, Fuel & Materials",315940.44,388886.20875562215,1,1
COUNTRY_BAHAMAS,Bahamas,2018,Industrial and Technical Support,Administrative,51092.45,62888.907721139425,1,1
COUNTRY_BAHAMAS,Bahamas,2018,Industrial and Technical Support,"Resources, Fuel & Materials",10690.17,13158.365172413793,1,1
COUNTRY_BAHAMAS,Bahamas,2022,Industrial and Technical Support,Administrative,407406.61,442434.95609788364,2,2
COUNTRY_BAHAMAS,Bahamas,2023,General Government Support,Administrative,59015.85,61683.02081476767,1,1
COUNTRY_BAHAMAS,Bahamas,2023,General Government Support,"Resources, Fuel & Materials",532224.4,556277.8260980268,1,1
COUNTRY_BAHAMAS,Bahamas,2024,Industrial and Technical Support,"Resources, Fuel & Materials",104857.20000000001,107007.7827221877,2,1
COUNTRY_BAHAMAS,Bahamas,2025,Industrial and Technical Support,Administrative,14588.9,14588.9,1,1
COUNTRY_BAHRAIN,Bahrain,2017,General Government Support,Administrative,42402.15,53392.89133435582,3,1
COUNTRY_BAHRAIN,Bahrain,2017,Industrial and Technical Support,"Resources, Fuel & Materials",355768.92,447985.0971165644,8,3
COUNTRY_BAHRAIN,Bahrain,2018,General Government Support,Administrative,49114.23,60453.94727136432,4,1
COUNTRY_BANGLADESH,Bangladesh,2021,Industrial and Technical Support,"Resources, Fuel & Materials",37323.91,43280.974731638424,1,1
COUNTRY_BARBADOS,Barbados,2016,Industrial and Technical Support,"Resources, Fuel & Materials",28711.49,36716.71852024922,1,1
COUNTRY_BARBADOS,Barbados,2017,General Government Support,"Resources, Fuel & Materials",335808,422850.25766871165,2,2
COUNTRY_BARBADOS,Barbados,2017,Industrial and Technical Support,Administrative,171301.66999999998,215703.4832361963,3,3
COUNTRY_BARBADOS,Barbados,2017,Industrial and Technical Support,"Resources, Fuel & Materials",255757.58,322050.57236196316,16,5
COUNTRY_BARBADOS,Barbados,2018,General Government Support,"Resources, Fuel & Materials",82443.27,101478.14793103449,1,1
COUNTRY_BARBADOS,Barbados,2018,Industrial and Technical Support,Administrative,31127.57,38314.445232383805,1,1
COUNTRY_BARBADOS,Barbados,2018,Industrial and Technical Support,"Resources, Fuel & Materials",17271.31,21258.988770614695,1,1
COUNTRY_BARBADOS,Barbados,2019,General Government Support,"Resources, Fuel & Materials",110913,133911.13676470588,1,1
COUNTRY_BARBADOS,Barbados,2019,Industrial and Technical Support,"Resources, Fuel & Materials",14763.07,17824.235985294115,1,1
COUNTRY_BARBADOS,Barbados,2021,Industrial and Technical Support,"Resources, Fuel & Materials",134091.45,155493.05148305086,2,1
COUNTRY_BARBADOS,Barbados,2023,Industrial and Technical Support,"Resources, Fuel & Materials",137067.01,143261.63616804584,2,1
COUNTRY_BARBADOS,Barbados,2024,General Government Support,"Resources, Fuel & Materials",216409.19,220847.66313238034,1,1
COUNTRY_BARBADOS,Barbados,2024,Industrial and Technical Support,Administrative,43320.57,44209.05900559353,2,1
COUNTRY_BARBADOS,Barbados,2024,Industrial and Technical Support,"Resources, Fuel & Materials",109330.23,111572.55292728402,1,1
COUNTRY_BARBADOS,Barbados,2025,General Government Support,Administrative,13356.6,13356.6,1,1
COUNTRY_BARBADOS,Barbados,2025,General Government Support,"Resources, Fuel & Materials",308147.97,308147.97,1,1
COUNTRY_BARBADOS,Barbados,2025,Industrial and Technical Support,Administrative,70957.03,70957.03,1,1
COUNTRY_BELGIUM,Belgium,2016,General Government Support,Administrative,25167.739999999998,32184.913613707162,2,1
COUNTRY_BELGIUM,Belgium,2016,Industrial and Technical Support,"Resources, Fuel & Materials",143628.45,183674.38855140185,3,1
COUNTRY_BELGIUM,Belgium,2017,Core Defence Industrial Complex,Weapons & Military Equipment,3441068.6,4333002.025460122,3,1
COUNTRY_BELGIUM,Belgium,2017,General Government Support,Administrative,24112.5,30362.51917177914,1,1
COUNTRY_BELGIUM,Belgium,2017,General Government Support,Construction & Infrastructure,180610.95,227425.75145705522,1,1
COUNTRY_BELGIUM,Belgium,2017,General Government Support,"Resources, Fuel & Materials",116160,146268.9570552147,1,1
COUNTRY_BELGIUM,Belgium,2017,Industrial and Technical Support,Administrative,336699.18,423972.43371165637,2,2
COUNTRY_BELGIUM,Belgium,2017,Industrial and Technical Support,"Resources, Fuel & Materials",15407.84,19401.589938650308,1,1
COUNTRY_BELGIUM,Belgium,2018,Core Defence Industrial Complex,Weapons & Military Equipment,2324284.4000000004,2860925.7757121436,2,2
COUNTRY_BELGIUM,Belgium,2018,General Government Support,Administrative,16623.38,20461.461739130435,1,1
COUNTRY_BELGIUM,Belgium,2018,General Government Support,Construction & Infrastructure,121051.95999999999,149000.98824587703,2,2
COUNTRY_BELGIUM,Belgium,2018,Industrial and Technical Support,Administrative,189868.36000000002,233706.0323238381,2,2
COUNTRY_BELGIUM,Belgium,2018,Industrial and Technical Support,"R&D, Engineering & Scientific Services",14500,17847.82608695652,1,1
COUNTRY_BELGIUM,Belgium,2018,Industrial and Technical Support,"Resources, Fuel & Materials",400166.18,492558.37148425786,12,3
COUNTRY_BELGIUM,Belgium,2019,Core Defence Industrial Complex,Aerospace & Space,58238.5,70314.42426470589,1,1
COUNTRY_BELGIUM,Belgium,2019,Core Defence Industrial Complex,Land Systems & Vehicles,60813.52,73423.3822352941,1,1
COUNTRY_BELGIUM,Belgium,2019,Core Defence Industrial Complex,Weapons & Military Equipment,1650195.96,1992368.9458235293,2,1
COUNTRY_BELGIUM,Belgium,2019,General Government Support,Administrative,12062.51,14563.706926470588,1,1
COUNTRY_BELGIUM,Belgium,2019,Industrial and Technical Support,Communications & Electronics,16307.5,19688.908088235294,1,1
COUNTRY_BELGIUM,Belgium,2019,Industrial and Technical Support,Digital Systems & Software,21291.28,25706.08952941176,1,1
COUNTRY_BELGIUM,Belgium,2019,Industrial and Technical Support,"Resources, Fuel & Materials",454930.42,549261.580617647,12,5
COUNTRY_BELGIUM,Belgium,2020,Core Defence Industrial Complex,Weapons & Military Equipment,2257499.57,2705703.8641897812,3,1
COUNTRY_BELGIUM,Belgium,2020,General Government Support,Industrial Equipment & Manufacturing,854484.4,1024133.8575182483,2,1
COUNTRY_BELGIUM,Belgium,2020,Industrial and Technical Support,Communications & Electronics,16195.79,19411.304510948907,1,1
COUNTRY_BELGIUM,Belgium,2020,Industrial and Technical Support,Digital Systems & Software,21963.74,26324.424145985406,1,1
COUNTRY_BELGIUM,Belgium,2020,Industrial and Technical Support,"Resources, Fuel & Materials",21124.4,25318.441459854017,1,1
COUNTRY_BELGIUM,Belgium,2021,General Government Support,Administrative,16729.88,19400.044463276838,1,1
COUNTRY_BELGIUM,Belgium,2021,Industrial and Technical Support,"R&D, Engineering & Scientific Services",227602.25,263928.59781073447,1,1
COUNTRY_BELGIUM,Belgium,2021,Industrial and Technical Support,"Resources, Fuel & Materials",21640.64,25094.58395480226,1,1
COUNTRY_BELGIUM,Belgium,2022,Core Defence Industrial Complex,Aerospace & Space,15315.2,16631.98306878307,1,1
COUNTRY_BELGIUM,Belgium,2022,Core Defence Industrial Complex,Weapons & Military Equipment,27247,29589.665343915345,2,1
COUNTRY_BELGIUM,Belgium,2022,General Government Support,Administrative,22332.88,24253.03502645503,1,1
COUNTRY_BELGIUM,Belgium,2022,General Government Support,Construction & Infrastructure,21281.42,23111.17171957672,1,1
COUNTRY_BELGIUM,Belgium,2022,Industrial and Technical Support,"Resources, Fuel & Materials",390810.23,424411.6386640212,8,2
COUNTRY_BELGIUM,Belgium,2023,General Government Support,Administrative,61920.2,64718.63042647995,1,1
COUNTRY_BELGIUM,Belgium,2024,Core Defence Industrial Complex,Weapons & Military Equipment,70264.39,71705.48687383467,2,1
COUNTRY_BELGIUM,Belgium,2024,General Government Support,Administrative,52347.94,53421.57705407085,2,2
COUNTRY_BELGIUM,Belgium,2024,General Government Support,Industrial Equipment & Manufacturing,17315.14,17670.26717215662,1,1
COUNTRY_BELGIUM,Belgium,2025,Core Defence Industrial Complex,Marine & Shipbuilding,0,0,1,1
COUNTRY_BELGIUM,Belgium,2025,General Government Support,Administrative,57304.67,57304.67,1,1
COUNTRY_BELGIUM,Belgium,2025,General Government Support,Industrial Equipment & Manufacturing,351901.06,351901.06,1,1
COUNTRY_BELGIUM,Belgium,2025,Industrial and Technical Support,Administrative,14100,14100,1,1
COUNTRY_BELGIUM,Belgium,2025,Industrial and Technical Support,"Resources, Fuel & Materials",470459.09,470459.09,2,1
COUNTRY_BELGIUM,Belgium,2026,Core Defence Industrial Complex,Weapons & Military Equipment,3332633.88,3261135.179356376,2,1
COUNTRY_BELIZE,Belize,2016,General Government Support,Administrative,159578.78,204071.92894080997,3,2
COUNTRY_BELIZE,Belize,2016,General Government Support,Communications & Electronics,10775.58,13779.986261682241,1,1
COUNTRY_BELIZE,Belize,2016,General Government Support,Industrial Equipment & Manufacturing,230797.37,295147.415529595,2,1
COUNTRY_BELIZE,Belize,2016,Industrial and Technical Support,Administrative,65339.11,83556.71232087226,2,1
COUNTRY_BELIZE,Belize,2017,Industrial and Technical Support,"Resources, Fuel & Materials",238890.68,300811.73049079755,8,4
COUNTRY_BELIZE,Belize,2018,General Government Support,Administrative,168414.2,207298.43808095952,1,1
COUNTRY_BELIZE,Belize,2018,General Government Support,"Resources, Fuel & Materials",317356.8,390629.58440779604,4,2
COUNTRY_BELIZE,Belize,2018,Industrial and Technical Support,Administrative,78195.29,96249.37494752623,3,1
COUNTRY_BELIZE,Belize,2018,Industrial and Technical Support,"Resources, Fuel & Materials",94896.82,116807.03031484257,5,2
COUNTRY_BELIZE,Belize,2021,General Government Support,Administrative,430466.34,499170.7134745763,3,3
COUNTRY_BELIZE,Belize,2021,Industrial and Technical Support,"Resources, Fuel & Materials",249976.24000000002,289873.577740113,13,1
COUNTRY_BELIZE,Belize,2022,Industrial and Technical Support,"Resources, Fuel & Materials",109623.34,119048.62716931218,4,2
COUNTRY_BELIZE,Belize,2024,Industrial and Technical Support,"Resources, Fuel & Materials",32858.86,33532.7831696706,1,1
COUNTRY_BENIN,Benin,2019,General Government Support,"Resources, Fuel & Materials",166199.36,200661.28611764708,2,1
COUNTRY_BENIN,Benin,2019,Industrial and Technical Support,Administrative,176669.91,213302.93545588234,3,2
COUNTRY_BERMUDA,Bermuda,2017,General Government Support,"Resources, Fuel & Materials",63586.4,80068.1509202454,1,1
COUNTRY_BERMUDA,Bermuda,2017,Industrial and Technical Support,Administrative,20923.35,26346.73366564417,1,1
COUNTRY_BERMUDA,Bermuda,2017,Industrial and Technical Support,"Resources, Fuel & Materials",10149.66,12780.476779141103,1,1
COUNTRY_BERMUDA,Bermuda,2018,Industrial and Technical Support,"Resources, Fuel & Materials",103840.13,127815.21248875561,3,2
COUNTRY_BERMUDA,Bermuda,2019,General Government Support,"Resources, Fuel & Materials",65314.770000000004,78857.9796617647,2,1
COUNTRY_BERMUDA,Bermuda,2019,Industrial and Technical Support,Administrative,61657.880000000005,74442.82276470588,3,2
COUNTRY_BERMUDA,Bermuda,2019,Industrial and Technical Support,"Resources, Fuel & Materials",42293.88,51063.640411764696,1,1
COUNTRY_BERMUDA,Bermuda,2021,Industrial and Technical Support,"Resources, Fuel & Materials",10995.79,12750.767782485877,1,1
COUNTRY_BERMUDA,Bermuda,2023,General Government Support,"Resources, Fuel & Materials",83197.44,86957.47707192872,2,1
COUNTRY_BERMUDA,Bermuda,2023,Industrial and Technical Support,"Resources, Fuel & Materials",20569.45,21499.06868236792,1,1
COUNTRY_BERMUDA,Bermuda,2024,General Government Support,"Resources, Fuel & Materials",467316.22,476900.704313238,1,1
COUNTRY_BERMUDA,Bermuda,2024,Industrial and Technical Support,Administrative,37371.13,38137.59817277812,1,1
COUNTRY_BERMUDA,Bermuda,2024,Industrial and Technical Support,"Resources, Fuel & Materials",210975.22999999998,215302.2546053449,2,2
COUNTRY_BOSNIA_AND_HERZEGOVINA,Bosnia and Herzegovina,2022,General Government Support,Administrative,15429,16755.567460317463,1,1
COUNTRY_BOSNIA_AND_HERZEGOVINA,Bosnia and Herzegovina,2025,General Government Support,Administrative,72395.82,72395.82,2,2
COUNTRY_BOTSWANA,Botswana,2018,General Government Support,Administrative,18321.42,22551.552953523234,1,1
COUNTRY_BOTSWANA,Botswana,2019,General Government Support,Administrative,68600,82824.41176470587,1,1
COUNTRY_BRAZIL,Brazil,2018,Industrial and Technical Support,"Resources, Fuel & Materials",243959.71,300286.23974512744,14,2
COUNTRY_BRAZIL,Brazil,2019,Industrial and Technical Support,"Resources, Fuel & Materials",103202.43,124601.7573970588,2,2
COUNTRY_BRAZIL,Brazil,2022,Industrial and Technical Support,"Resources, Fuel & Materials",438084.74,475750.756005291,11,1
COUNTRY_BRAZIL,Brazil,2024,Industrial and Technical Support,"Resources, Fuel & Materials",49579.2,50596.05121193287,1,1
COUNTRY_BRAZIL,Brazil,2025,General Government Support,Administrative,49170.04,49170.04,1,1
COUNTRY_BRAZIL,Brazil,2025,General Government Support,"Resources, Fuel & Materials",359445.47,359445.47,1,1
COUNTRY_BRAZIL,Brazil,2025,Industrial and Technical Support,Administrative,315446.78,315446.78,1,1
COUNTRY_BRITISH_INDIAN_OCEAN_TERRITORY,British Indian Ocean Territory,2021,General Government Support,Administrative,83462,96782.91242937853,1,1
COUNTRY_BRITISH_INDIAN_OCEAN_TERRITORY,British Indian Ocean Territory,2021,Industrial and Technical Support,Administrative,101353.23,117529.6636016949,1,1
COUNTRY_BRITISH_INDIAN_OCEAN_TERRITORY,British Indian Ocean Territory,2024,Industrial and Technical Support,"Resources, Fuel & Materials",49402.14,50415.35977625854,1,1
COUNTRY_BRITISH_VIRGIN_ISLANDS,British Virgin Islands,2019,Industrial and Technical Support,Aerospace & Space,57502.06,69425.28126470587,1,1
COUNTRY_BRUNEI_DARUSSALAM,Brunei Darussalam,2016,Industrial and Technical Support,"Resources, Fuel & Materials",65164.65,83333.61004672897,1,1
COUNTRY_BRUNEI_DARUSSALAM,Brunei Darussalam,2021,General Government Support,Administrative,10519.41,12198.355381355932,1,1
COUNTRY_BRUNEI_DARUSSALAM,Brunei Darussalam,2021,Industrial and Technical Support,Administrative,78898.61,91491.18475988701,1,1
COUNTRY_BULGARIA,Bulgaria,2016,Industrial and Technical Support,"Resources, Fuel & Materials",36994.33,47308.94848909657,1,1
COUNTRY_BULGARIA,Bulgaria,2017,General Government Support,"Resources, Fuel & Materials",92125.72,116004.9326993865,1,1
COUNTRY_BULGARIA,Bulgaria,2019,Core Defence Industrial Complex,Marine & Shipbuilding,23000000,27769117.647058822,1,1
COUNTRY_BULGARIA,Bulgaria,2019,Core Defence Industrial Complex,Weapons & Military Equipment,3875835,4679500.786764706,1,1
COUNTRY_BULGARIA,Bulgaria,2019,General Government Support,Administrative,109420.81999999999,132109.54885294117,3,3
COUNTRY_BULGARIA,Bulgaria,2019,General Government Support,"Resources, Fuel & Materials",203326.8,245487.20999999996,2,1
COUNTRY_BULGARIA,Bulgaria,2019,Industrial and Technical Support,Administrative,99104.70000000001,119654.35102941176,3,2
COUNTRY_BULGARIA,Bulgaria,2019,Industrial and Technical Support,Aerospace & Space,267567.9,323048.89102941175,1,1
COUNTRY_BULGARIA,Bulgaria,2019,Industrial and Technical Support,"R&D, Engineering & Scientific Services",15000,18110.29411764706,1,1
COUNTRY_BULGARIA,Bulgaria,2019,Industrial and Technical Support,"Resources, Fuel & Materials",623838.81,753193.6220735294,16,4
COUNTRY_BULGARIA,Bulgaria,2022,Industrial and Technical Support,"Resources, Fuel & Materials",46467.49,50462.7107010582,2,1
COUNTRY_BURKINA_FASO,Burkina Faso,2018,General Government Support,Administrative,72352.46,89057.52572713642,5,1
COUNTRY_BURKINA_FASO,Burkina Faso,2022,Industrial and Technical Support,"Resources, Fuel & Materials",74045.36,80411.69386243387,1,1
COUNTRY_CABO_VERDE,Cabo Verde,2016,Industrial and Technical Support,"Resources, Fuel & Materials",79536,101711.92523364486,1,1
COUNTRY_CABO_VERDE,Cabo Verde,2017,General Government Support,Administrative,13747.62,17311.036840490797,1,1
COUNTRY_CABO_VERDE,Cabo Verde,2017,Industrial and Technical Support,"Resources, Fuel & Materials",351583.9,442715.30966257665,7,3
COUNTRY_CABO_VERDE,Cabo Verde,2018,General Government Support,Administrative,126489.57,155694.0584257871,8,2
COUNTRY_CABO_VERDE,Cabo Verde,2018,General Government Support,Industrial Equipment & Manufacturing,34141.32,42024.02356821588,2,2
COUNTRY_CABO_VERDE,Cabo Verde,2018,General Government Support,"Resources, Fuel & Materials",135579.16,166882.29439280357,2,1
COUNTRY_CABO_VERDE,Cabo Verde,2018,Industrial and Technical Support,Administrative,62796.71,77295.50061469265,3,2
COUNTRY_CABO_VERDE,Cabo Verde,2018,Industrial and Technical Support,"R&D, Engineering & Scientific Services",38760.65,47709.88553223388,1,1
COUNTRY_CABO_VERDE,Cabo Verde,2018,Industrial and Technical Support,"Resources, Fuel & Materials",479845.5,590634.416041979,9,1
COUNTRY_CABO_VERDE,Cabo Verde,2019,Industrial and Technical Support,"Resources, Fuel & Materials",46586.2,56245.985588235286,1,1
COUNTRY_CABO_VERDE,Cabo Verde,2020,General Government Support,Administrative,35589.35,42655.26474452554,3,2
COUNTRY_CABO_VERDE,Cabo Verde,2020,General Government Support,"Resources, Fuel & Materials",324259.66000000003,388638.22023357666,4,2
COUNTRY_CABO_VERDE,Cabo Verde,2020,Industrial and Technical Support,Administrative,115933.73000000001,138951.2296788321,3,2
COUNTRY_CABO_VERDE,Cabo Verde,2020,Industrial and Technical Support,"Resources, Fuel & Materials",47602.98,57054.082598540146,2,2
COUNTRY_CABO_VERDE,Cabo Verde,2021,General Government Support,Administrative,32544,37738.16949152542,1,1
COUNTRY_CABO_VERDE,Cabo Verde,2021,General Government Support,Construction & Infrastructure,387402,449233.1101694915,1,1
COUNTRY_CABO_VERDE,Cabo Verde,2021,Industrial and Technical Support,"Resources, Fuel & Materials",23391.61,27125.01668079096,1,1
COUNTRY_CABO_VERDE,Cabo Verde,2022,Industrial and Technical Support,"Resources, Fuel & Materials",220129.53,239056.01075396826,2,1
COUNTRY_CABO_VERDE,Cabo Verde,2023,General Government Support,Communications & Electronics,335206.6,350355.9753023552,1,1
COUNTRY_CABO_VERDE,Cabo Verde,2023,General Government Support,Construction & Infrastructure,26160.65,27342.958179503505,1,1
COUNTRY_CABO_VERDE,Cabo Verde,2023,General Government Support,Industrial Equipment & Manufacturing,2963965.51,3097919.3936473588,2,2
COUNTRY_CABO_VERDE,Cabo Verde,2023,General Government Support,"Resources, Fuel & Materials",359622.48,375875.3100954806,4,1
COUNTRY_CABO_VERDE,Cabo Verde,2023,Industrial and Technical Support,Administrative,136462.22,142629.5132017823,5,2
COUNTRY_CABO_VERDE,Cabo Verde,2023,Industrial and Technical Support,Industrial Equipment & Manufacturing,304075.1,317817.51381285803,1,1
COUNTRY_CABO_VERDE,Cabo Verde,2023,Industrial and Technical Support,Land Systems & Vehicles,56574.58,59131.41970719288,1,1
COUNTRY_CABO_VERDE,Cabo Verde,2023,Industrial and Technical Support,"Resources, Fuel & Materials",288788.22,301839.756359007,4,3
COUNTRY_CABO_VERDE,Cabo Verde,2024,General Government Support,Communications & Electronics,15029,15337.239279055313,1,1
COUNTRY_CABO_VERDE,Cabo Verde,2024,General Government Support,Construction & Infrastructure,14262.57,14555.090080795524,1,1
COUNTRY_CABO_VERDE,Cabo Verde,2024,Industrial and Technical Support,Communications & Electronics,408853.38,417238.81290242384,1,1
COUNTRY_CABO_VERDE,Cabo Verde,2024,Industrial and Technical Support,Digital Systems & Software,102871.42,104981.27510254816,1,1
COUNTRY_CABO_VERDE,Cabo Verde,2024,Industrial and Technical Support,"Resources, Fuel & Materials",733629.41,748675.8801864512,2,2
COUNTRY_CABO_VERDE,Cabo Verde,2025,Core Defence Industrial Complex,Marine & Shipbuilding,18454.74,18454.74,1,1
COUNTRY_CABO_VERDE,Cabo Verde,2025,General Government Support,Industrial Equipment & Manufacturing,77558.93,77558.93,1,1
COUNTRY_CABO_VERDE,Cabo Verde,2025,General Government Support,"Resources, Fuel & Materials",78934.64,78934.64,1,1
COUNTRY_CABO_VERDE,Cabo Verde,2025,Industrial and Technical Support,Digital Systems & Software,42332.7,42332.7,2,2
COUNTRY_CABO_VERDE,Cabo Verde,2025,Industrial and Technical Support,"Resources, Fuel & Materials",83515,83515,4,3
COUNTRY_CABO_VERDE,Cabo Verde,2026,General Government Support,Administrative,46264.09,45271.53502979738,3,3
COUNTRY_CABO_VERDE,Cabo Verde,2026,General Government Support,Construction & Infrastructure,23914.54,23401.474779499404,2,2
COUNTRY_CABO_VERDE,Cabo Verde,2026,General Government Support,Industrial Equipment & Manufacturing,22353.71,21874.13100119189,1,1
COUNTRY_CABO_VERDE,Cabo Verde,2026,Industrial and Technical Support,Administrative,49140,48085.744934445764,1,1
COUNTRY_CAMBODIA,Cambodia,2021,Industrial and Technical Support,"Resources, Fuel & Materials",16347.25,18956.344985875705,1,1
COUNTRY_CAMBODIA,Cambodia,2022,Industrial and Technical Support,"Resources, Fuel & Materials",77126.48,83757.72497354497,1,1
COUNTRY_CAMBODIA,Cambodia,2023,General Government Support,Construction & Infrastructure,16100,16827.625716104394,1,1
COUNTRY_CAMBODIA,Cambodia,2023,General Government Support,Industrial Equipment & Manufacturing,20106.83,21015.540967536603,1,1
COUNTRY_CAMBODIA,Cambodia,2023,Industrial and Technical Support,Administrative,71755.82,74998.76285168683,1,1
COUNTRY_CAMBODIA,Cambodia,2024,General Government Support,Administrative,11401.62,11635.463045369796,1,1
COUNTRY_CAMBODIA,Cambodia,2024,General Government Support,Construction & Infrastructure,60962.85,62213.17569919204,1,1
COUNTRY_CAMBODIA,Cambodia,2024,General Government Support,Industrial Equipment & Manufacturing,28750,29339.651957737722,1,1
COUNTRY_CAMBODIA,Cambodia,2025,General Government Support,Administrative,22574.04,22574.04,1,1
COUNTRY_CAMBODIA,Cambodia,2025,General Government Support,Construction & Infrastructure,21146.12,21146.12,1,1
COUNTRY_CAMBODIA,Cambodia,2025,General Government Support,Industrial Equipment & Manufacturing,11440.36,11440.36,1,1
COUNTRY_CAMBODIA,Cambodia,2025,Industrial and Technical Support,Administrative,1086308.07,1086308.07,2,1
COUNTRY_CAMBODIA,Cambodia,2025,Industrial and Technical Support,Industrial Equipment & Manufacturing,24574.11,24574.11,1,1
COUNTRY_CAMEROON,Cameroon,2019,General Government Support,"R&D, Engineering & Scientific Services",31993.5,38627.44632352941,1,1
COUNTRY_CAMEROON,Cameroon,2020,Industrial and Technical Support,"Resources, Fuel & Materials",30767.12,36875.628496350364,2,2
COUNTRY_CAMEROON,Cameroon,2021,General Government Support,Administrative,224163.75,259941.29766949153,1,1
COUNTRY_CAMEROON,Cameroon,2021,General Government Support,Construction & Infrastructure,97733,113331.62853107344,1,1
COUNTRY_CAMEROON,Cameroon,2021,General Government Support,Industrial Equipment & Manufacturing,11847.9,13738.878389830508,1,1
COUNTRY_CAMEROON,Cameroon,2023,General Government Support,Administrative,19200.06,20067.790273711016,1,1
COUNTRY_CAMEROON,Cameroon,2023,Industrial and Technical Support,Communications & Electronics,1170470,1223368.3895607893,1,1
COUNTRY_CAMEROON,Cameroon,2023,Industrial and Technical Support,Digital Systems & Software,58558.79,61205.3043793762,1,1
COUNTRY_CAMEROON,Cameroon,2024,General Government Support,Administrative,12140.53,12389.52781852082,1,1
COUNTRY_CAMEROON,Cameroon,2025,General Government Support,Administrative,56742.24,56742.24,3,3
COUNTRY_CAMEROON,Cameroon,2025,General Government Support,Industrial Equipment & Manufacturing,15360,15360,1,1
COUNTRY_CAMEROON,Cameroon,2025,Industrial and Technical Support,Digital Systems & Software,91064.48,91064.48,1,1
COUNTRY_CANADA,Canada,2016,Core Defence Industrial Complex,Aerospace & Space,5221691.93,6677584.228239875,11,8
COUNTRY_CANADA,Canada,2016,Core Defence Industrial Complex,Land Systems & Vehicles,3819595.5,4884560.600467289,32,17
COUNTRY_CANADA,Canada,2016,Core Defence Industrial Complex,Marine & Shipbuilding,14231345.92,18199275.70143302,29,19
COUNTRY_CANADA,Canada,2016,Core Defence Industrial Complex,Weapons & Military Equipment,6891545.7,8813020.279906541,2,2
COUNTRY_CANADA,Canada,2016,General Government Support,Administrative,261532724.7,334452285.01355135,462,280
COUNTRY_CANADA,Canada,2016,General Government Support,Communications & Electronics,546698.18,699126.488753894,5,5
COUNTRY_CANADA,Canada,2016,General Government Support,Construction & Infrastructure,41667858.59,53285532.55823987,138,56
COUNTRY_CANADA,Canada,2016,General Government Support,Digital Systems & Software,885437.3300000001,1132311.6011370716,3,2
COUNTRY_CANADA,Canada,2016,General Government Support,Industrial Equipment & Manufacturing,28019466.19,35831747.26166666,239,143
COUNTRY_CANADA,Canada,2016,General Government Support,Marine & Shipbuilding,84361.3,107882.59704049843,4,4
COUNTRY_CANADA,Canada,2016,General Government Support,"R&D, Engineering & Scientific Services",38249.5,48914.08021806853,3,3
COUNTRY_CANADA,Canada,2016,General Government Support,"Resources, Fuel & Materials",3220522.81,4118456.739890965,36,20
COUNTRY_CANADA,Canada,2016,Industrial and Technical Support,Administrative,6565467.25,8396025.875778815,70,44
COUNTRY_CANADA,Canada,2016,Industrial and Technical Support,Aerospace & Space,114619.29000000001,146577.00481308412,5,5
COUNTRY_CANADA,Canada,2016,Industrial and Technical Support,Communications & Electronics,193909147.21,247974158.6595171,39,31
COUNTRY_CANADA,Canada,2016,Industrial and Technical Support,Construction & Infrastructure,921528.8300000001,1178465.9959968848,21,12
COUNTRY_CANADA,Canada,2016,Industrial and Technical Support,Digital Systems & Software,14495753.44,18537404.321246106,49,40
COUNTRY_CANADA,Canada,2016,Industrial and Technical Support,Industrial Equipment & Manufacturing,252935.54,323458.0659501557,15,13
COUNTRY_CANADA,Canada,2016,Industrial and Technical Support,Land Systems & Vehicles,31783187.81,40644855.43926791,51,27
COUNTRY_CANADA,Canada,2016,Industrial and Technical Support,"R&D, Engineering & Scientific Services",26272291.61,33597432.10562305,54,41
COUNTRY_CANADA,Canada,2016,Industrial and Technical Support,"Resources, Fuel & Materials",6631164.04,8480039.99507788,291,72
COUNTRY_CANADA,Canada,2016,Industrial and Technical Support,Weapons & Military Equipment,1263615.8,1615932.3548286604,1,1
COUNTRY_CANADA,Canada,2017,Core Defence Industrial Complex,Aerospace & Space,88026124.45,110842711.92246932,144,49
COUNTRY_CANADA,Canada,2017,Core Defence Industrial Complex,Communications & Electronics,1802237.63,2269382.0463650306,3,3
COUNTRY_CANADA,Canada,2017,Core Defence Industrial Complex,Construction & Infrastructure,641682.1,808007.6749999999,3,3
COUNTRY_CANADA,Canada,2017,Core Defence Industrial Complex,Digital Systems & Software,494273.88,622390.8826380367,1,1
COUNTRY_CANADA,Canada,2017,Core Defence Industrial Complex,Land Systems & Vehicles,109418563.38,137780123.51990798,117,56
COUNTRY_CANADA,Canada,2017,Core Defence Industrial Complex,Marine & Shipbuilding,1482242753.38,1866443712.4616256,217,95
COUNTRY_CANADA,Canada,2017,Core Defence Industrial Complex,Weapons & Military Equipment,59277755.65,74642695.38136503,83,33
COUNTRY_CANADA,Canada,2017,General Government Support,Administrative,2254607847.52,2839007734.3771777,2863,1300
COUNTRY_CANADA,Canada,2017,General Government Support,Communications & Electronics,6845009.53,8619252.7977454,23,18
COUNTRY_CANADA,Canada,2017,General Government Support,Construction & Infrastructure,241931377.41,304640584.13130367,1484,613
COUNTRY_CANADA,Canada,2017,General Government Support,Digital Systems & Software,167826.47,211327.50286809815,3,3
COUNTRY_CANADA,Canada,2017,General Government Support,Industrial Equipment & Manufacturing,703458443.07,885796597.7921319,1698,896
COUNTRY_CANADA,Canada,2017,General Government Support,Marine & Shipbuilding,489532.08999999997,616420.0090337422,13,13
COUNTRY_CANADA,Canada,2017,General Government Support,"R&D, Engineering & Scientific Services",460841.39,580292.6091871165,18,6
COUNTRY_CANADA,Canada,2017,General Government Support,"Resources, Fuel & Materials",36139200.31,45506569.71550614,400,124
COUNTRY_CANADA,Canada,2017,General Government Support,Weapons & Military Equipment,757852.6,954289.8536809816,2,1
COUNTRY_CANADA,Canada,2017,Industrial and Technical Support,Administrative,240323698.06,302616190.34855825,967,337
COUNTRY_CANADA,Canada,2017,Industrial and Technical Support,Aerospace & Space,806357052.25,1015366778.9835122,255,28
COUNTRY_CANADA,Canada,2017,Industrial and Technical Support,Communications & Electronics,236835726.06,298224127.4467178,302,187
COUNTRY_CANADA,Canada,2017,Industrial and Technical Support,Construction & Infrastructure,155233600.64,195470530.86723924,114,94
COUNTRY_CANADA,Canada,2017,Industrial and Technical Support,Digital Systems & Software,157862122.65,198780372.23259202,818,331
COUNTRY_CANADA,Canada,2017,Industrial and Technical Support,Industrial Equipment & Manufacturing,2626323.53,3307073.033941718,67,58
COUNTRY_CANADA,Canada,2017,Industrial and Technical Support,Land Systems & Vehicles,99998795.4,125918728.56349693,580,157
COUNTRY_CANADA,Canada,2017,Industrial and Technical Support,Marine & Shipbuilding,1906562.15,2400747.7379601225,7,7
COUNTRY_CANADA,Canada,2017,Industrial and Technical Support,"R&D, Engineering & Scientific Services",226277987.36,284929796.96711653,643,363
COUNTRY_CANADA,Canada,2017,Industrial and Technical Support,"Resources, Fuel & Materials",87443735.31,110109366.08820552,1620,281
COUNTRY_CANADA,Canada,2018,Core Defence Industrial Complex,Administrative,15638.49,19249.17584707646,1,1
COUNTRY_CANADA,Canada,2018,Core Defence Industrial Complex,Aerospace & Space,8806623.92,10839937.388785606,93,49
COUNTRY_CANADA,Canada,2018,Core Defence Industrial Complex,Communications & Electronics,1057820.5699999998,1302055.0044527736,6,6
COUNTRY_CANADA,Canada,2018,Core Defence Industrial Complex,Construction & Infrastructure,256260.62,315427.23991004494,2,2
COUNTRY_CANADA,Canada,2018,Core Defence Industrial Complex,Digital Systems & Software,55958.22,68878.1088755622,2,1
COUNTRY_CANADA,Canada,2018,Core Defence Industrial Complex,Land Systems & Vehicles,21809478.27,26844950.01449775,124,73
COUNTRY_CANADA,Canada,2018,Core Defence Industrial Complex,Marine & Shipbuilding,231721310.11,285222182.3093103,322,129
COUNTRY_CANADA,Canada,2018,Core Defence Industrial Complex,Weapons & Military Equipment,265480090.6,326775343.90194905,118,58
COUNTRY_CANADA,Canada,2018,General Government Support,Administrative,682334541.75,839875050.6398051,3442,1627
COUNTRY_CANADA,Canada,2018,General Government Support,Aerospace & Space,13453.32,16559.48383808096,1,1
COUNTRY_CANADA,Canada,2018,General Government Support,Communications & Electronics,2954528.58,3636683.604467766,39,34
COUNTRY_CANADA,Canada,2018,General Government Support,Construction & Infrastructure,388640826.53,478371991.8757571,1828,684
COUNTRY_CANADA,Canada,2018,General Government Support,Digital Systems & Software,103868.9,127850.62503748125,1,1
COUNTRY_CANADA,Canada,2018,General Government Support,Industrial Equipment & Manufacturing,193528073.94,238210717.69826087,2198,1032
COUNTRY_CANADA,Canada,2018,General Government Support,Marine & Shipbuilding,1684088.96,2072919.0946926535,20,19
COUNTRY_CANADA,Canada,2018,General Government Support,"R&D, Engineering & Scientific Services",1148470.52,1413634.6280659668,14,11
COUNTRY_CANADA,Canada,2018,General Government Support,"Resources, Fuel & Materials",52301813.05,64377494.02406296,423,143
COUNTRY_CANADA,Canada,2018,General Government Support,Weapons & Military Equipment,380.63,468.5115892053973,1,1
COUNTRY_CANADA,Canada,2018,Industrial and Technical Support,Administrative,109733169.3,135068863.56116942,1114,410
COUNTRY_CANADA,Canada,2018,Industrial and Technical Support,Aerospace & Space,184865098.82,227547595.39913043,326,42
COUNTRY_CANADA,Canada,2018,Industrial and Technical Support,Communications & Electronics,194863506.89,239854481.49428785,466,236
COUNTRY_CANADA,Canada,2018,Industrial and Technical Support,Construction & Infrastructure,66956512.88,82415737.74284858,231,160
COUNTRY_CANADA,Canada,2018,Industrial and Technical Support,Digital Systems & Software,197316537.58,242873879.09022486,1149,376
COUNTRY_CANADA,Canada,2018,Industrial and Technical Support,Industrial Equipment & Manufacturing,12119327.02,14917492.478890555,125,109
COUNTRY_CANADA,Canada,2018,Industrial and Technical Support,Land Systems & Vehicles,110363155.71,135844304.1048126,697,186
COUNTRY_CANADA,Canada,2018,Industrial and Technical Support,Marine & Shipbuilding,179265.72,220655.4064767616,5,4
COUNTRY_CANADA,Canada,2018,Industrial and Technical Support,"R&D, Engineering & Scientific Services",1147327980.44,1412228293.7649775,1081,537
COUNTRY_CANADA,Canada,2018,Industrial and Technical Support,"Resources, Fuel & Materials",132606775.45,163223632.1505997,2340,346
COUNTRY_CANADA,Canada,2018,Industrial and Technical Support,Weapons & Military Equipment,2327971.96,2865464.736371814,3,3
COUNTRY_CANADA,Canada,2019,Core Defence Industrial Complex,Administrative,66207.14,79935.38520588235,2,2
COUNTRY_CANADA,Canada,2019,Core Defence Industrial Complex,Aerospace & Space,15155957.2,18298589.501764707,104,43
COUNTRY_CANADA,Canada,2019,Core Defence Industrial Complex,Communications & Electronics,11716264.93,14145666.922838233,8,8
COUNTRY_CANADA,Canada,2019,Core Defence Industrial Complex,Construction & Infrastructure,783754.2,946267.9385294116,5,3
COUNTRY_CANADA,Canada,2019,Core Defence Industrial Complex,Digital Systems & Software,666679.3,804917.2136764704,2,2
COUNTRY_CANADA,Canada,2019,Core Defence Industrial Complex,Industrial Equipment & Manufacturing,10828.82,13074.207676470587,1,1
COUNTRY_CANADA,Canada,2019,Core Defence Industrial Complex,Land Systems & Vehicles,18168773.12,21936121.663999997,97,55
COUNTRY_CANADA,Canada,2019,Core Defence Industrial Complex,Marine & Shipbuilding,4402719302.93,5315636099.566956,231,105
COUNTRY_CANADA,Canada,2019,Core Defence Industrial Complex,"Resources, Fuel & Materials",48838.72,58965.572235294116,2,2
COUNTRY_CANADA,Canada,2019,Core Defence Industrial Complex,Weapons & Military Equipment,63895093.52,77143929.08811764,62,33
COUNTRY_CANADA,Canada,2019,General Government Support,Administrative,453467268.6,547495040.4714706,3409,1448
COUNTRY_CANADA,Canada,2019,General Government Support,Aerospace & Space,5113162.37,6173391.626132352,53,42
COUNTRY_CANADA,Canada,2019,General Government Support,Communications & Electronics,18962418.89,22894332.218661763,124,105
COUNTRY_CANADA,Canada,2019,General Government Support,Construction & Infrastructure,175281468.84,211626596.93770587,1303,586
COUNTRY_CANADA,Canada,2019,General Government Support,Digital Systems & Software,16084096.13,19419180.768720586,16,16
COUNTRY_CANADA,Canada,2019,General Government Support,Industrial Equipment & Manufacturing,110959355.41,133967104.10530882,1519,779
COUNTRY_CANADA,Canada,2019,General Government Support,Land Systems & Vehicles,506952.32,612070.3745882353,33,6
COUNTRY_CANADA,Canada,2019,General Government Support,Marine & Shipbuilding,8865998.52,10704389.389588235,172,76
COUNTRY_CANADA,Canada,2019,General Government Support,"R&D, Engineering & Scientific Services",6692002.26,8079608.6109705875,85,69
COUNTRY_CANADA,Canada,2019,General Government Support,"Resources, Fuel & Materials",31195889.23,37664448.61445588,321,168
COUNTRY_CANADA,Canada,2019,General Government Support,Weapons & Military Equipment,993105.19,1199028.4720441175,14,12
COUNTRY_CANADA,Canada,2019,Industrial and Technical Support,Administrative,96540655.23,116558644.03504412,832,359
COUNTRY_CANADA,Canada,2019,Industrial and Technical Support,Aerospace & Space,129696192.23,156589079.1482794,309,47
COUNTRY_CANADA,Canada,2019,Industrial and Technical Support,Communications & Electronics,91922498.1,110982898.44132352,465,258
COUNTRY_CANADA,Canada,2019,Industrial and Technical Support,Construction & Infrastructure,450524113.1,543941613.0222058,149,106
COUNTRY_CANADA,Canada,2019,Industrial and Technical Support,Digital Systems & Software,206859660.01,249752618.92383823,1117,388
COUNTRY_CANADA,Canada,2019,Industrial and Technical Support,Industrial Equipment & Manufacturing,7384630.57,8915855.438191175,153,126
COUNTRY_CANADA,Canada,2019,Industrial and Technical Support,Land Systems & Vehicles,2338538899.65,2823441818.5480146,427,165
COUNTRY_CANADA,Canada,2019,Industrial and Technical Support,Marine & Shipbuilding,1503448.02,1815192.388852941,13,13
COUNTRY_CANADA,Canada,2019,Industrial and Technical Support,"R&D, Engineering & Scientific Services",455160249.25,549539065.6386029,705,378
COUNTRY_CANADA,Canada,2019,Industrial and Technical Support,"Resources, Fuel & Materials",146332290.69,176674721.55366176,2555,259
COUNTRY_CANADA,Canada,2019,Industrial and Technical Support,Weapons & Military Equipment,6704485.07,8094679.768338235,27,18
COUNTRY_CANADA,Canada,2020,Core Defence Industrial Complex,Aerospace & Space,126199564.18,151255244.07559124,75,25
COUNTRY_CANADA,Canada,2020,Core Defence Industrial Complex,Construction & Infrastructure,4753662.92,5697455.85010219,5,5
COUNTRY_CANADA,Canada,2020,Core Defence Industrial Complex,Land Systems & Vehicles,15533617.34,18617663.994364966,126,85
COUNTRY_CANADA,Canada,2020,Core Defence Industrial Complex,Marine & Shipbuilding,56248461.55,67416039.31759124,207,77
COUNTRY_CANADA,Canada,2020,Core Defence Industrial Complex,Weapons & Military Equipment,203897899.51,244379818.24483213,83,15
COUNTRY_CANADA,Canada,2020,General Government Support,Administrative,500624628.11,600018714.8588468,3159,1397
COUNTRY_CANADA,Canada,2020,General Government Support,Communications & Electronics,20624492.15,24719281.832335766,57,42
COUNTRY_CANADA,Canada,2020,General Government Support,Construction & Infrastructure,515887979.73,618312454.537708,1615,600
COUNTRY_CANADA,Canada,2020,General Government Support,Industrial Equipment & Manufacturing,130891579.78,156878813.13778102,1916,901
COUNTRY_CANADA,Canada,2020,General Government Support,Marine & Shipbuilding,85681.66,102692.90928467154,6,5
COUNTRY_CANADA,Canada,2020,General Government Support,"R&D, Engineering & Scientific Services",1888667.61,2263643.9530072995,14,9
COUNTRY_CANADA,Canada,2020,General Government Support,"Resources, Fuel & Materials",40336037.8,48344360.63328467,302,127
COUNTRY_CANADA,Canada,2020,Industrial and Technical Support,Administrative,230740941.6,276552281.830073,730,302
COUNTRY_CANADA,Canada,2020,Industrial and Technical Support,Aerospace & Space,19547835.57,23428865.697766423,56,15
COUNTRY_CANADA,Canada,2020,Industrial and Technical Support,Communications & Electronics,217012585.73,260098296.18150365,365,184
COUNTRY_CANADA,Canada,2020,Industrial and Technical Support,Construction & Infrastructure,68339153.53,81907219.04836497,137,97
COUNTRY_CANADA,Canada,2020,Industrial and Technical Support,Digital Systems & Software,137739622.99,165086467.84640875,897,305
COUNTRY_CANADA,Canada,2020,Industrial and Technical Support,Industrial Equipment & Manufacturing,7837408.7299999995,9393449.00340146,103,92
COUNTRY_CANADA,Canada,2020,Industrial and Technical Support,Land Systems & Vehicles,76894685.06,92161367.05731387,418,148
COUNTRY_CANADA,Canada,2020,Industrial and Technical Support,Marine & Shipbuilding,206224.65,247168.5221167883,2,2
COUNTRY_CANADA,Canada,2020,Industrial and Technical Support,"R&D, Engineering & Scientific Services",1319668938.71,1581676202.4538832,691,387
COUNTRY_CANADA,Canada,2020,Industrial and Technical Support,"Resources, Fuel & Materials",186063044.14,223004028.0860438,1579,311
COUNTRY_CANADA,Canada,2021,Core Defence Industrial Complex,Aerospace & Space,103094504.49,119548853.37046608,65,34
COUNTRY_CANADA,Canada,2021,Core Defence Industrial Complex,Communications & Electronics,575161.9,666960.3388418079,4,4
COUNTRY_CANADA,Canada,2021,Core Defence Industrial Complex,Construction & Infrastructure,2174069.35,2521060.6445621466,7,4
COUNTRY_CANADA,Canada,2021,Core Defence Industrial Complex,Land Systems & Vehicles,58070327.28,67338613.97864406,96,74
COUNTRY_CANADA,Canada,2021,Core Defence Industrial Complex,Marine & Shipbuilding,35959605.64,41698921.22943503,190,78
COUNTRY_CANADA,Canada,2021,Core Defence Industrial Complex,Weapons & Military Equipment,168558365.08,195461041.99248585,65,28
COUNTRY_CANADA,Canada,2021,General Government Support,Administrative,585201075.61,678601812.253969,3252,1444
COUNTRY_CANADA,Canada,2021,General Government Support,Communications & Electronics,33971580.6,39393598.40762712,82,58
COUNTRY_CANADA,Canada,2021,General Government Support,Construction & Infrastructure,267930688.25,310693637.08086157,2137,647
COUNTRY_CANADA,Canada,2021,General Government Support,Industrial Equipment & Manufacturing,128418794.91,148915015.00156778,2042,940
COUNTRY_CANADA,Canada,2021,General Government Support,Marine & Shipbuilding,83289,96582.30084745762,5,5
COUNTRY_CANADA,Canada,2021,General Government Support,"R&D, Engineering & Scientific Services",811408.85,940913.3698446328,24,10
COUNTRY_CANADA,Canada,2021,General Government Support,"Resources, Fuel & Materials",33190987.85,38488419.52662429,351,156
COUNTRY_CANADA,Canada,2021,Industrial and Technical Support,Administrative,841899912.83,976270944.1150141,971,379
COUNTRY_CANADA,Canada,2021,Industrial and Technical Support,Aerospace & Space,18506851.3,21460628.414265536,83,26
COUNTRY_CANADA,Canada,2021,Industrial and Technical Support,Communications & Electronics,240396531.76,278764904.7668926,396,233
COUNTRY_CANADA,Canada,2021,Industrial and Technical Support,Construction & Infrastructure,40368651.47,46811670.70179378,208,110
COUNTRY_CANADA,Canada,2021,Industrial and Technical Support,Digital Systems & Software,447425323.28,518836427.1368362,1111,332
COUNTRY_CANADA,Canada,2021,Industrial and Technical Support,Industrial Equipment & Manufacturing,10254967.8,11891707.011016948,105,79
COUNTRY_CANADA,Canada,2021,Industrial and Technical Support,Land Systems & Vehicles,48930922.16,56740518.49344633,338,121
COUNTRY_CANADA,Canada,2021,Industrial and Technical Support,Marine & Shipbuilding,128462119.5,148965254.39194915,7,7
COUNTRY_CANADA,Canada,2021,Industrial and Technical Support,"R&D, Engineering & Scientific Services",680271055.98,788845391.1858474,792,433
COUNTRY_CANADA,Canada,2021,Industrial and Technical Support,"Resources, Fuel & Materials",124685460.21,144585823.20961863,2369,332
COUNTRY_CANADA,Canada,2022,Core Defence Industrial Complex,Aerospace & Space,1316064785.95,1429218504.318717,110,48
COUNTRY_CANADA,Canada,2022,Core Defence Industrial Complex,Communications & Electronics,3144759.33,3415142.0766269844,2,2
COUNTRY_CANADA,Canada,2022,Core Defence Industrial Complex,Construction & Infrastructure,14873581.04,16152394.224656086,5,4
COUNTRY_CANADA,Canada,2022,Core Defence Industrial Complex,Land Systems & Vehicles,15221526.58,16530255.717169315,63,55
COUNTRY_CANADA,Canada,2022,Core Defence Industrial Complex,Marine & Shipbuilding,1328862432.27,1443116477.3725796,215,80
COUNTRY_CANADA,Canada,2022,Core Defence Industrial Complex,Weapons & Military Equipment,283896271.04,308305341.9627513,90,38
COUNTRY_CANADA,Canada,2022,General Government Support,Administrative,1472030497.16,1598593965.8311641,3529,1570
COUNTRY_CANADA,Canada,2022,General Government Support,Communications & Electronics,3453039.62,3749927.9471164024,34,32
COUNTRY_CANADA,Canada,2022,General Government Support,Construction & Infrastructure,377094576.43,409516729.16538364,2186,730
COUNTRY_CANADA,Canada,2022,General Government Support,Industrial Equipment & Manufacturing,1884942176.25,2047007310.4513888,2140,1000
COUNTRY_CANADA,Canada,2022,General Government Support,Marine & Shipbuilding,285532.59,310082.34972222225,12,11
COUNTRY_CANADA,Canada,2022,General Government Support,"R&D, Engineering & Scientific Services",992192.96,1077500.5557671958,30,11
COUNTRY_CANADA,Canada,2022,General Government Support,"Resources, Fuel & Materials",73495060.25,79814079.98048942,385,160
COUNTRY_CANADA,Canada,2022,Industrial and Technical Support,Administrative,130929980.21,142187187.50318784,1197,393
COUNTRY_CANADA,Canada,2022,Industrial and Technical Support,Aerospace & Space,17223777.12,18704657.42793651,149,40
COUNTRY_CANADA,Canada,2022,Industrial and Technical Support,Communications & Electronics,235591337.39,255847206.34548944,370,213
COUNTRY_CANADA,Canada,2022,Industrial and Technical Support,Construction & Infrastructure,49976676.63,54273613.112738095,226,117
COUNTRY_CANADA,Canada,2022,Industrial and Technical Support,Digital Systems & Software,282232965.8,306499027.67433864,925,348
COUNTRY_CANADA,Canada,2022,Industrial and Technical Support,Industrial Equipment & Manufacturing,6553040.83,7116463.652685186,79,63
COUNTRY_CANADA,Canada,2022,Industrial and Technical Support,Land Systems & Vehicles,97691113.24,106090481.44185185,495,196
COUNTRY_CANADA,Canada,2022,Industrial and Technical Support,Marine & Shipbuilding,87043.5,94527.39880952382,2,2
COUNTRY_CANADA,Canada,2022,Industrial and Technical Support,"R&D, Engineering & Scientific Services",5957587410.78,6469813841.601032,710,437
COUNTRY_CANADA,Canada,2022,Industrial and Technical Support,"Resources, Fuel & Materials",220681398.79,239655328.5801455,2316,342
COUNTRY_CANADA,Canada,2023,Core Defence Industrial Complex,Aerospace & Space,2317955370.39,2422713378.854475,76,48
COUNTRY_CANADA,Canada,2023,Core Defence Industrial Complex,Communications & Electronics,321724.19,336264.2393252705,5,5
COUNTRY_CANADA,Canada,2023,Core Defence Industrial Complex,Construction & Infrastructure,586250,612745.06683641,1,1
COUNTRY_CANADA,Canada,2023,Core Defence Industrial Complex,Land Systems & Vehicles,4258916.6,4451394.689497136,68,62
COUNTRY_CANADA,Canada,2023,Core Defence Industrial Complex,Marine & Shipbuilding,624112786.57,652319029.6294972,231,104
COUNTRY_CANADA,Canada,2023,Core Defence Industrial Complex,Weapons & Military Equipment,365448910.06,381965060.6737874,92,42
COUNTRY_CANADA,Canada,2023,General Government Support,Administrative,1031325957.8,1077935851.5007002,4055,1738
COUNTRY_CANADA,Canada,2023,General Government Support,Communications & Electronics,2922360.01,3054433.5686950986,30,26
COUNTRY_CANADA,Canada,2023,General Government Support,Construction & Infrastructure,433801094.28,453406363.3403947,2461,808
COUNTRY_CANADA,Canada,2023,General Government Support,Industrial Equipment & Manufacturing,172929988.29,180745411.0580395,2124,1006
COUNTRY_CANADA,Canada,2023,General Government Support,Marine & Shipbuilding,340064.49,355433.41348185873,18,17
COUNTRY_CANADA,Canada,2023,General Government Support,"R&D, Engineering & Scientific Services",802332.55,838593.2826861872,33,8
COUNTRY_CANADA,Canada,2023,General Government Support,"Resources, Fuel & Materials",86231199.69,90128344.9337874,461,187
COUNTRY_CANADA,Canada,2023,Industrial and Technical Support,Administrative,185667660.95,194058751.92864418,1457,481
COUNTRY_CANADA,Canada,2023,Industrial and Technical Support,Aerospace & Space,33305955.15,34811189.27835774,192,43
COUNTRY_CANADA,Canada,2023,Industrial and Technical Support,Communications & Electronics,158052661.6,165195716.32539785,437,214
COUNTRY_CANADA,Canada,2023,Industrial and Technical Support,Construction & Infrastructure,249902181.86,261196297.0172629,178,115
COUNTRY_CANADA,Canada,2023,Industrial and Technical Support,Digital Systems & Software,412891942.1,431552239.92883515,1126,388
COUNTRY_CANADA,Canada,2023,Industrial and Technical Support,Industrial Equipment & Manufacturing,6510362.76,6804593.031139402,89,71
COUNTRY_CANADA,Canada,2023,Industrial and Technical Support,Land Systems & Vehicles,84628018.06,88452708.88257161,445,224
COUNTRY_CANADA,Canada,2023,Industrial and Technical Support,Marine & Shipbuilding,1472736.9,1539295.9833227245,1,1
COUNTRY_CANADA,Canada,2023,Industrial and Technical Support,"R&D, Engineering & Scientific Services",2775220611.96,2900644331.532985,671,431
COUNTRY_CANADA,Canada,2023,Industrial and Technical Support,"Resources, Fuel & Materials",178924476.6,187010815.1350732,2103,344
COUNTRY_CANADA,Canada,2024,Core Defence Industrial Complex,Aerospace & Space,3579873774.98,3653295673.4102917,89,52
COUNTRY_CANADA,Canada,2024,Core Defence Industrial Complex,Communications & Electronics,1690455.2000000002,1725125.8162834058,3,3
COUNTRY_CANADA,Canada,2024,Core Defence Industrial Complex,Construction & Infrastructure,73154114.44,74654478.50247358,10,9
COUNTRY_CANADA,Canada,2024,Core Defence Industrial Complex,Land Systems & Vehicles,31323620.13,31966056.092889994,123,91
COUNTRY_CANADA,Canada,2024,Core Defence Industrial Complex,Marine & Shipbuilding,5083658333.77,5187922302.08225,186,98
COUNTRY_CANADA,Canada,2024,Core Defence Industrial Complex,Weapons & Military Equipment,407349887.17,415704483.9857924,72,38
COUNTRY_CANADA,Canada,2024,General Government Support,Administrative,11723342205.7,11963783655.537226,3949,1567
COUNTRY_CANADA,Canada,2024,General Government Support,Communications & Electronics,4858829.78,4958482.597116221,39,37
COUNTRY_CANADA,Canada,2024,General Government Support,Construction & Infrastructure,224407282.66,229009793.74003726,1964,635
COUNTRY_CANADA,Canada,2024,General Government Support,Industrial Equipment & Manufacturing,358458347.21,365810196.46912366,2220,1011
COUNTRY_CANADA,Canada,2024,General Government Support,Marine & Shipbuilding,162942.15,166284.03374766934,9,9
COUNTRY_CANADA,Canada,2024,General Government Support,"R&D, Engineering & Scientific Services",1600891.46,1633725.1568178993,6,6
COUNTRY_CANADA,Canada,2024,General Government Support,"Resources, Fuel & Materials",62019367.27,63291361.750988185,381,145
COUNTRY_CANADA,Canada,2024,Industrial and Technical Support,Administrative,163826537.32,167186559.52730888,1205,427
COUNTRY_CANADA,Canada,2024,Industrial and Technical Support,Aerospace & Space,18257514.7,18631969.631696705,155,47
COUNTRY_CANADA,Canada,2024,Industrial and Technical Support,Communications & Electronics,467469943.03,477057580.146215,447,230
COUNTRY_CANADA,Canada,2024,Industrial and Technical Support,Construction & Infrastructure,166708906.2,170128044.73610938,117,84
COUNTRY_CANADA,Canada,2024,Industrial and Technical Support,Digital Systems & Software,314342963.26,320790022.17086387,1014,368
COUNTRY_CANADA,Canada,2024,Industrial and Technical Support,Industrial Equipment & Manufacturing,8134329.3,8301161.411187072,92,82
COUNTRY_CANADA,Canada,2024,Industrial and Technical Support,Land Systems & Vehicles,129296424.92999999,131948247.19394654,489,258
COUNTRY_CANADA,Canada,2024,Industrial and Technical Support,Marine & Shipbuilding,316011.38,322492.6575264139,2,2
COUNTRY_CANADA,Canada,2024,Industrial and Technical Support,"R&D, Engineering & Scientific Services",654357651.43,667778286.9161342,627,351
COUNTRY_CANADA,Canada,2024,Industrial and Technical Support,"Resources, Fuel & Materials",190020655.49,193917909.45592293,1923,310
COUNTRY_CANADA,Canada,2025,Core Defence Industrial Complex,Aerospace & Space,741795164.57,741795164.57,202,80
COUNTRY_CANADA,Canada,2025,Core Defence Industrial Complex,Communications & Electronics,4467496.83,4467496.83,3,3
COUNTRY_CANADA,Canada,2025,Core Defence Industrial Complex,Construction & Infrastructure,19322830.71,19322830.71,6,6
COUNTRY_CANADA,Canada,2025,Core Defence Industrial Complex,Land Systems & Vehicles,34341894.51,34341894.51,149,103
COUNTRY_CANADA,Canada,2025,Core Defence Industrial Complex,Marine & Shipbuilding,10977762135.35,10977762135.35,1178,379
COUNTRY_CANADA,Canada,2025,Core Defence Industrial Complex,Weapons & Military Equipment,447752995.2,447752995.2,71,34
COUNTRY_CANADA,Canada,2025,General Government Support,Administrative,788155699.64,788155699.64,5672,1999
COUNTRY_CANADA,Canada,2025,General Government Support,Communications & Electronics,10784925.26,10784925.26,41,38
COUNTRY_CANADA,Canada,2025,General Government Support,Construction & Infrastructure,611207487.12,611207487.12,2831,820
COUNTRY_CANADA,Canada,2025,General Government Support,Industrial Equipment & Manufacturing,415141567.56,415141567.56,3165,1340
COUNTRY_CANADA,Canada,2025,General Government Support,Marine & Shipbuilding,1473088.85,1473088.85,14,13
COUNTRY_CANADA,Canada,2025,General Government Support,"R&D, Engineering & Scientific Services",200539.4,200539.4,2,2
COUNTRY_CANADA,Canada,2025,General Government Support,"Resources, Fuel & Materials",56347420.54,56347420.54,346,144
COUNTRY_CANADA,Canada,2025,Industrial and Technical Support,Administrative,163665527.89000002,163665527.89000002,1132,460
COUNTRY_CANADA,Canada,2025,Industrial and Technical Support,Aerospace & Space,33767649.98,33767649.98,183,47
COUNTRY_CANADA,Canada,2025,Industrial and Technical Support,Communications & Electronics,701887404.13,701887404.13,549,287
COUNTRY_CANADA,Canada,2025,Industrial and Technical Support,Construction & Infrastructure,80529012.1,80529012.1,200,104
COUNTRY_CANADA,Canada,2025,Industrial and Technical Support,Digital Systems & Software,386494190.63,386494190.63,1356,441
COUNTRY_CANADA,Canada,2025,Industrial and Technical Support,Industrial Equipment & Manufacturing,18516846.24,18516846.24,169,127
COUNTRY_CANADA,Canada,2025,Industrial and Technical Support,Land Systems & Vehicles,120589886.43,120589886.43,442,209
COUNTRY_CANADA,Canada,2025,Industrial and Technical Support,Marine & Shipbuilding,250425.02000000002,250425.02000000002,2,2
COUNTRY_CANADA,Canada,2025,Industrial and Technical Support,"R&D, Engineering & Scientific Services",529011779.32,529011779.32,907,439
COUNTRY_CANADA,Canada,2025,Industrial and Technical Support,"Resources, Fuel & Materials",195897637.8,195897637.8,2091,440
COUNTRY_CANADA,Canada,2026,Core Defence Industrial Complex,Aerospace & Space,368611667.18,360703431.1737544,18,13
COUNTRY_CANADA,Canada,2026,Core Defence Industrial Complex,Communications & Electronics,2326780.67,2276861.6568176397,4,4
COUNTRY_CANADA,Canada,2026,Core Defence Industrial Complex,Land Systems & Vehicles,984689.26,963563.6262932061,25,23
COUNTRY_CANADA,Canada,2026,Core Defence Industrial Complex,Marine & Shipbuilding,186613841.61,182610207.34423122,620,250
COUNTRY_CANADA,Canada,2026,Core Defence Industrial Complex,Weapons & Military Equipment,781359310.5,764595940.3104886,45,21
COUNTRY_CANADA,Canada,2026,General Government Support,Administrative,135434117.75,132528499.01400475,1365,737
COUNTRY_CANADA,Canada,2026,General Government Support,Communications & Electronics,898085.32,878817.6969249105,12,11
COUNTRY_CANADA,Canada,2026,General Government Support,Construction & Infrastructure,51891935.36,50778639.964910604,484,251
COUNTRY_CANADA,Canada,2026,General Government Support,Industrial Equipment & Manufacturing,98732773.33,96614549.34914182,986,546
COUNTRY_CANADA,Canada,2026,General Government Support,"R&D, Engineering & Scientific Services",583702.5,571179.6811680571,3,3
COUNTRY_CANADA,Canada,2026,General Government Support,"Resources, Fuel & Materials",17079097.07,16712680.20794994,91,57
COUNTRY_CANADA,Canada,2026,Industrial and Technical Support,Administrative,28491850.66,27880583.303766385,302,169
COUNTRY_CANADA,Canada,2026,Industrial and Technical Support,Aerospace & Space,17712608.56,17332600.271466028,44,17
COUNTRY_CANADA,Canada,2026,Industrial and Technical Support,Communications & Electronics,56111303.25,54907485.06346841,139,99
COUNTRY_CANADA,Canada,2026,Industrial and Technical Support,Construction & Infrastructure,10997677.31,10761731.908831941,22,20
COUNTRY_CANADA,Canada,2026,Industrial and Technical Support,Digital Systems & Software,325293483.27,318314600.43464833,384,192
COUNTRY_CANADA,Canada,2026,Industrial and Technical Support,Industrial Equipment & Manufacturing,2261318.56,2212803.978259833,77,69
COUNTRY_CANADA,Canada,2026,Industrial and Technical Support,Land Systems & Vehicles,17720109.45,17339940.23653158,108,75
COUNTRY_CANADA,Canada,2026,Industrial and Technical Support,"R&D, Engineering & Scientific Services",941359144.85,921163120.2882597,277,176
COUNTRY_CANADA,Canada,2026,Industrial and Technical Support,"Resources, Fuel & Materials",57368889.21,56138090.63338497,546,144
COUNTRY_CAYMAN_ISLANDS,Cayman Islands,2018,Industrial and Technical Support,"Resources, Fuel & Materials",48788.84,60053.429745127425,1,1
COUNTRY_CAYMAN_ISLANDS,Cayman Islands,2019,Industrial and Technical Support,Digital Systems & Software,16380,19776.441176470587,1,1
COUNTRY_CAYMAN_ISLANDS,Cayman Islands,2019,Industrial and Technical Support,"R&D, Engineering & Scientific Services",434246.78,524289.1270294117,1,1
COUNTRY_CAYMAN_ISLANDS,Cayman Islands,2020,Industrial and Technical Support,"R&D, Engineering & Scientific Services",13797,16536.258394160584,1,1
COUNTRY_CAYMAN_ISLANDS,Cayman Islands,2021,General Government Support,Administrative,184199.89,213599.0249858757,1,1
COUNTRY_CAYMAN_ISLANDS,Cayman Islands,2022,Industrial and Technical Support,"R&D, Engineering & Scientific Services",17870.9,19407.419179894183,1,1
COUNTRY_CAYMAN_ISLANDS,Cayman Islands,2023,General Government Support,Administrative,14141.93,14781.062418841504,1,1
COUNTRY_CAYMAN_ISLANDS,Cayman Islands,2024,Core Defence Industrial Complex,Aerospace & Space,17905.18,18272.408676196395,1,1
COUNTRY_CAYMAN_ISLANDS,Cayman Islands,2024,Core Defence Industrial Complex,Marine & Shipbuilding,18090.42,18461.44788067122,1,1
COUNTRY_CAYMAN_ISLANDS,Cayman Islands,2025,General Government Support,Industrial Equipment & Manufacturing,385025.27999999997,385025.27999999997,2,2
COUNTRY_CAYMAN_ISLANDS,Cayman Islands,2025,Industrial and Technical Support,Digital Systems & Software,315000,315000,1,1
COUNTRY_CAYMAN_ISLANDS,Cayman Islands,2025,Industrial and Technical Support,"Resources, Fuel & Materials",75556.59,75556.59,1,1
COUNTRY_CAYMAN_ISLANDS,Cayman Islands,2026,General Government Support,Administrative,403333.07,394679.9171275327,5,5
COUNTRY_CENTRAL_AFRICAN_REPUBLIC,Central African Republic,2020,General Government Support,Industrial Equipment & Manufacturing,21850,26188.102189781024,1,1
COUNTRY_CENTRAL_AFRICAN_REPUBLIC,Central African Republic,2021,General Government Support,Administrative,10446.07,12113.309985875705,1,1
COUNTRY_CENTRAL_AFRICAN_REPUBLIC,Central African Republic,2024,Industrial and Technical Support,"Resources, Fuel & Materials",28214.16,28792.82207582349,1,1
COUNTRY_CHAD,Chad,2017,General Government Support,Industrial Equipment & Manufacturing,14480.39,18233.742622699385,1,1
COUNTRY_CHAD,Chad,2018,General Government Support,Administrative,26543.86,32672.427376311844,1,1
COUNTRY_CHILE,Chile,2017,Industrial and Technical Support,"Resources, Fuel & Materials",40148,50554.460122699384,2,1
COUNTRY_CHILE,Chile,2018,General Government Support,Administrative,73392.39,90337.55950524737,1,1
COUNTRY_CHILE,Chile,2018,Industrial and Technical Support,"Resources, Fuel & Materials",203164.82,250072.43961019488,3,2
COUNTRY_CHILE,Chile,2019,General Government Support,Administrative,32980.5,39819.103676470586,1,1
COUNTRY_CHILE,Chile,2020,General Government Support,Administrative,96982.04000000001,116236.86837956205,2,2
COUNTRY_CHILE,Chile,2025,General Government Support,Administrative,67634.31,67634.31,3,1
COUNTRY_CHILE,Chile,2025,General Government Support,"Resources, Fuel & Materials",1138997.37,1138997.37,3,1
COUNTRY_CHILE,Chile,2025,Industrial and Technical Support,Administrative,734228.86,734228.86,3,1
COUNTRY_CHINA,China,2016,General Government Support,Administrative,166526.77000000002,212957.131105919,2,2
COUNTRY_CHINA,China,2017,General Government Support,Administrative,226302.98,284961.26776073617,6,3
COUNTRY_CHINA,China,2017,General Government Support,Industrial Equipment & Manufacturing,22680,28558.711656441716,1,1
COUNTRY_CHINA,China,2017,General Government Support,"Resources, Fuel & Materials",378201.6,476232.3828220858,1,1
COUNTRY_CHINA,China,2017,Industrial and Technical Support,Administrative,279782.13,352302.3446779141,3,2
COUNTRY_CHINA,China,2017,Industrial and Technical Support,"Resources, Fuel & Materials",113053.8,142357.62239263803,6,3
COUNTRY_CHINA,China,2018,General Government Support,Administrative,14482.3,17826.039430284854,1,1
COUNTRY_CHINA,China,2018,General Government Support,Industrial Equipment & Manufacturing,645244.92,794222.0079760121,3,3
COUNTRY_CHINA,China,2018,General Government Support,"Resources, Fuel & Materials",284662.22,350386.33076461765,1,1
COUNTRY_CHINA,China,2018,Industrial and Technical Support,Administrative,477046.61000000004,587189.3055622189,3,2
COUNTRY_CHINA,China,2018,Industrial and Technical Support,Digital Systems & Software,102799.81,126534.69866566715,2,2
COUNTRY_CHINA,China,2019,Industrial and Technical Support,"Resources, Fuel & Materials",18864.28,22775.843941176467,1,1
COUNTRY_CHINA,China,2020,Industrial and Technical Support,Digital Systems & Software,208431.47999999998,249813.49646715328,3,3
COUNTRY_CHINA,China,2020,Industrial and Technical Support,Land Systems & Vehicles,10185,12207.131386861314,1,1
COUNTRY_CHINA__HONG_KONG_SPECIAL_ADMINISTRATIVE_REGION,"China, Hong Kong Special Administrative Region",2016,Industrial and Technical Support,"Resources, Fuel & Materials",75467.96,96509.64978193147,1,1
COUNTRY_COLOMBIA,Colombia,2018,General Government Support,Administrative,171062.16,210557.77115442278,6,2
COUNTRY_COLOMBIA,Colombia,2018,Industrial and Technical Support,Administrative,11790,14512.128935532233,1,1
COUNTRY_COLOMBIA,Colombia,2019,Core Defence Industrial Complex,Land Systems & Vehicles,16165.87,19517.910691176472,1,1
COUNTRY_COLOMBIA,Colombia,2019,General Government Support,Administrative,48692.58,58789.129676470584,4,4
COUNTRY_COLOMBIA,Colombia,2019,General Government Support,Construction & Infrastructure,40320.57,48681.15877941176,1,1
COUNTRY_COLOMBIA,Colombia,2020,General Government Support,Administrative,61166.42,73310.40995620437,3,3
COUNTRY_COLOMBIA,Colombia,2021,General Government Support,Administrative,11635.14,13492.16093220339,1,1
COUNTRY_COLOMBIA,Colombia,2021,Industrial and Technical Support,"Resources, Fuel & Materials",74809.42,86749.34155367232,5,1
COUNTRY_COLOMBIA,Colombia,2022,General Government Support,Administrative,29889.13,32458.96260582011,2,2
COUNTRY_COLOMBIA,Colombia,2022,Industrial and Technical Support,"Resources, Fuel & Materials",65276.71,70889.12554232804,2,1
COUNTRY_COLOMBIA,Colombia,2023,General Government Support,Administrative,33669,35190.641629535334,2,2
COUNTRY_COLOMBIA,Colombia,2024,General Government Support,Administrative,2058820.89,2101046.551510255,5,5
COUNTRY_COLOMBIA,Colombia,2024,Industrial and Technical Support,"Resources, Fuel & Materials",103718.6,105845.83045369794,1,1
COUNTRY_COLOMBIA,Colombia,2025,General Government Support,Administrative,38166.81,38166.81,2,2
COUNTRY_COLOMBIA,Colombia,2026,General Government Support,Administrative,34736,33990.76996424314,2,2
COUNTRY_COMOROS,Comoros,2021,General Government Support,Industrial Equipment & Manufacturing,17344.32,20112.551864406778,1,1
COUNTRY_COSTA_RICA,Costa Rica,2017,Industrial and Technical Support,Administrative,16226.72,20432.725644171776,1,1
COUNTRY_COSTA_RICA,Costa Rica,2023,Industrial and Technical Support,"Resources, Fuel & Materials",14813.89,15483.391075747932,1,1
COUNTRY_CROATIA,Croatia,2017,General Government Support,Administrative,145985.64,183825.47613496933,1,1
COUNTRY_CROATIA,Croatia,2017,General Government Support,"Resources, Fuel & Materials",142835.34,179858.61064417177,1,1
COUNTRY_CROATIA,Croatia,2017,Industrial and Technical Support,Administrative,766261.8400000001,964878.7893251533,3,1
COUNTRY_CROATIA,Croatia,2017,Industrial and Technical Support,"Resources, Fuel & Materials",172609.25,217349.9911809816,7,2
COUNTRY_CROATIA,Croatia,2018,General Government Support,Administrative,23288.18,28665.061139430283,2,1
COUNTRY_CROATIA,Croatia,2018,Industrial and Technical Support,"Resources, Fuel & Materials",87921.01999999999,108220.62581709145,3,2
COUNTRY_CROATIA,Croatia,2019,Industrial and Technical Support,Administrative,59756.24,72146.87211764706,1,1
COUNTRY_CROATIA,Croatia,2019,Industrial and Technical Support,"Resources, Fuel & Materials",103464.79999999999,124918.53058823527,2,1
COUNTRY_CROATIA,Croatia,2022,Industrial and Technical Support,"Resources, Fuel & Materials",318995.24,346422.0794179895,16,2
COUNTRY_CROATIA,Croatia,2023,General Government Support,"Resources, Fuel & Materials",185009.66999999998,193371.023640993,2,1
COUNTRY_CROATIA,Croatia,2023,Industrial and Technical Support,"Resources, Fuel & Materials",481146.86,502891.88040738384,18,2
COUNTRY_CROATIA,Croatia,2024,General Government Support,Administrative,170418.31,173913.5270478558,1,1
COUNTRY_CROATIA,Croatia,2024,Industrial and Technical Support,"Resources, Fuel & Materials",303492.52999999997,309717.05050341826,4,2
COUNTRY_CROATIA,Croatia,2025,Industrial and Technical Support,"Resources, Fuel & Materials",892260.51,892260.51,4,1
COUNTRY_CUBA,Cuba,2017,Industrial and Technical Support,"Resources, Fuel & Materials",12508.13,15750.267990797543,1,1
COUNTRY_CYPRUS,Cyprus,2018,Industrial and Technical Support,"Resources, Fuel & Materials",189629.9,233412.51559220388,5,1
COUNTRY_CYPRUS,Cyprus,2019,Industrial and Technical Support,Administrative,29537.75,35662.48933823529,1,1
COUNTRY_CYPRUS,Cyprus,2019,Industrial and Technical Support,"Resources, Fuel & Materials",235448.43,284269.35445588233,11,3
COUNTRY_CZECHIA,Czechia,2017,General Government Support,Industrial Equipment & Manufacturing,11192,14092.993865030674,1,1
COUNTRY_CZECHIA,Czechia,2017,Industrial and Technical Support,"Resources, Fuel & Materials",727464.19,916024.6932361963,19,3
COUNTRY_CZECHIA,Czechia,2018,General Government Support,Administrative,1046750.01,1288428.4231034482,3,2
COUNTRY_CZECHIA,Czechia,2018,General Government Support,Industrial Equipment & Manufacturing,222033,273296.99100449774,1,1
COUNTRY_CZECHIA,Czechia,2018,Industrial and Technical Support,"Resources, Fuel & Materials",1094935.16,1347738.780149925,16,2
COUNTRY_CZECHIA,Czechia,2019,Industrial and Technical Support,"Resources, Fuel & Materials",10161.23,12268.190926470586,1,1
COUNTRY_CZECHIA,Czechia,2020,General Government Support,Industrial Equipment & Manufacturing,27167.37,32561.183605839415,2,2
COUNTRY_CZECHIA,Czechia,2022,Industrial and Technical Support,"Resources, Fuel & Materials",74390.34,80786.33484126985,3,2
COUNTRY_CZECHIA,Czechia,2023,Industrial and Technical Support,"Resources, Fuel & Materials",19643.24,20530.999414385744,1,1
COUNTRY_CZECHIA,Czechia,2024,Industrial and Technical Support,"Resources, Fuel & Materials",45530.57,46464.385295214415,1,1
COUNTRY_CZECHIA,Czechia,2025,Industrial and Technical Support,"Resources, Fuel & Materials",18408.75,18408.75,1,1
COUNTRY_DEMOCRATIC_PEOPLE_S_REPUBLIC_OF_KOREA,Democratic People's Republic of Korea,2017,Industrial and Technical Support,"Resources, Fuel & Materials",93201.51,117359.57010736194,2,1
COUNTRY_DEMOCRATIC_PEOPLE_S_REPUBLIC_OF_KOREA,Democratic People's Republic of Korea,2019,General Government Support,Communications & Electronics,64572.8,77962.16,1,1
COUNTRY_DEMOCRATIC_PEOPLE_S_REPUBLIC_OF_KOREA,Democratic People's Republic of Korea,2019,Industrial and Technical Support,Administrative,262070.37,316411.43201470585,2,1
COUNTRY_DEMOCRATIC_PEOPLE_S_REPUBLIC_OF_KOREA,Democratic People's Republic of Korea,2019,Industrial and Technical Support,"Resources, Fuel & Materials",415000,501051.47058823524,1,1
COUNTRY_DENMARK,Denmark,2016,Industrial and Technical Support,Communications & Electronics,18277.26,23373.256168224296,1,1
COUNTRY_DENMARK,Denmark,2018,General Government Support,Administrative,556045.91,684428.3240029984,3,1
COUNTRY_DENMARK,Denmark,2018,General Government Support,Communications & Electronics,77248.75,95084.29347826086,2,1
COUNTRY_DENMARK,Denmark,2018,General Government Support,"Resources, Fuel & Materials",614292.37,756122.9921589205,3,1
COUNTRY_DENMARK,Denmark,2018,Industrial and Technical Support,Administrative,460355.48,566644.4513943028,3,1
COUNTRY_DENMARK,Denmark,2018,Industrial and Technical Support,"R&D, Engineering & Scientific Services",14500,17847.82608695652,1,1
COUNTRY_DENMARK,Denmark,2018,Industrial and Technical Support,"Resources, Fuel & Materials",205221.97999999998,252604.5660869565,4,1
COUNTRY_DENMARK,Denmark,2020,General Government Support,Industrial Equipment & Manufacturing,27574.7,33049.38496350365,1,1
COUNTRY_DENMARK,Denmark,2021,General Government Support,Administrative,234695.34,272153.7770338983,1,1
COUNTRY_DENMARK,Denmark,2021,General Government Support,"Resources, Fuel & Materials",324994.03,376864.54608757066,1,1
COUNTRY_DENMARK,Denmark,2021,Industrial and Technical Support,Administrative,26818.5,31098.85381355932,1,1
COUNTRY_DENMARK,Denmark,2021,Industrial and Technical Support,"Resources, Fuel & Materials",786457.36,911979.5092655367,15,2
COUNTRY_DENMARK,Denmark,2022,Industrial and Technical Support,"Resources, Fuel & Materials",418955.61,454976.9256746032,12,1
COUNTRY_DENMARK,Denmark,2023,Core Defence Industrial Complex,Communications & Electronics,2669767.8,2790425.670019096,1,1
COUNTRY_DENMARK,Denmark,2023,General Government Support,Industrial Equipment & Manufacturing,390722.47,408380.8375175048,2,2
COUNTRY_DENMARK,Denmark,2023,Industrial and Technical Support,Communications & Electronics,689953.97,721135.8489751751,2,2
COUNTRY_DENMARK,Denmark,2023,Industrial and Technical Support,"Resources, Fuel & Materials",187985.33,196481.16604710376,5,2
COUNTRY_DENMARK,Denmark,2024,General Government Support,Administrative,101240.48,103316.88512119328,1,1
COUNTRY_DENMARK,Denmark,2024,General Government Support,Communications & Electronics,157819.8,161056.62622747046,1,1
COUNTRY_DENMARK,Denmark,2024,Industrial and Technical Support,Communications & Electronics,25090.03,25604.617315102547,1,1
COUNTRY_DENMARK,Denmark,2024,Industrial and Technical Support,"Resources, Fuel & Materials",42367.59,43236.533735239274,2,2
COUNTRY_DENMARK,Denmark,2025,General Government Support,Administrative,20000,20000,1,1
COUNTRY_DENMARK,Denmark,2025,General Government Support,Industrial Equipment & Manufacturing,44331.37,44331.37,1,1
COUNTRY_DENMARK,Denmark,2025,Industrial and Technical Support,Digital Systems & Software,265039.53,265039.53,1,1
COUNTRY_DENMARK,Denmark,2025,Industrial and Technical Support,"Resources, Fuel & Materials",653036.41,653036.41,5,1
COUNTRY_DENMARK,Denmark,2026,Core Defence Industrial Complex,Marine & Shipbuilding,88228.16,86335.303170441,2,2
COUNTRY_DJIBOUTI,Djibouti,2023,Industrial and Technical Support,"Resources, Fuel & Materials",894057.04,934463.1824824953,4,1
COUNTRY_DOMINICA,Dominica,2024,Industrial and Technical Support,"Resources, Fuel & Materials",100243.65,102299.61050341825,1,1
COUNTRY_DOMINICAN_REPUBLIC,Dominican Republic,2022,Industrial and Technical Support,"Resources, Fuel & Materials",128966.22,140054.5854761905,2,2
COUNTRY_DOMINICAN_REPUBLIC,Dominican Republic,2023,Industrial and Technical Support,"Resources, Fuel & Materials",128267.68,134064.62798217696,3,2
COUNTRY_DOMINICAN_REPUBLIC,Dominican Republic,2024,Industrial and Technical Support,"Resources, Fuel & Materials",192384.35,196330.08247358608,3,1
COUNTRY_ECUADOR,Ecuador,2018,General Government Support,Administrative,135198.37,166413.58586206898,3,3
COUNTRY_ECUADOR,Ecuador,2019,General Government Support,Administrative,11100,13401.617647058823,1,1
COUNTRY_ECUADOR,Ecuador,2019,General Government Support,Construction & Infrastructure,42000,50708.82352941176,1,1
COUNTRY_ECUADOR,Ecuador,2021,Industrial and Technical Support,"Resources, Fuel & Materials",47323.1,54876.08064971751,1,1
COUNTRY_ECUADOR,Ecuador,2022,General Government Support,Administrative,108412.92,117734.13666666667,5,5
COUNTRY_ECUADOR,Ecuador,2023,General Government Support,Administrative,46078.619999999995,48161.1037810312,2,2
COUNTRY_ECUADOR,Ecuador,2023,Industrial and Technical Support,"Resources, Fuel & Materials",107191.97,112036.4193125398,2,1
COUNTRY_EGYPT,Egypt,2017,Industrial and Technical Support,"Resources, Fuel & Materials",43679.89,55001.824677914105,3,3
COUNTRY_EGYPT,Egypt,2018,General Government Support,Administrative,38333.33,47183.90394302848,2,1
COUNTRY_EGYPT,Egypt,2018,Industrial and Technical Support,"Resources, Fuel & Materials",85949.51,105793.92460269865,2,2
COUNTRY_EGYPT,Egypt,2020,General Government Support,Administrative,12400,14861.897810218978,1,1
COUNTRY_EGYPT,Egypt,2020,Industrial and Technical Support,"Resources, Fuel & Materials",76160.35,91281.23700729926,2,1
COUNTRY_EGYPT,Egypt,2021,Industrial and Technical Support,"Resources, Fuel & Materials",101170.4,117317.65310734464,4,2
COUNTRY_EGYPT,Egypt,2022,Industrial and Technical Support,"Resources, Fuel & Materials",37064.34,40251.08880952381,1,1
COUNTRY_EGYPT,Egypt,2023,Industrial and Technical Support,Administrative,203325.8,212514.93545512413,1,1
COUNTRY_EGYPT,Egypt,2023,Industrial and Technical Support,"Resources, Fuel & Materials",143896.08,150399.3401400382,7,2
COUNTRY_EGYPT,Egypt,2024,Industrial and Technical Support,"Resources, Fuel & Materials",24365.69,24865.421367308885,2,2
COUNTRY_EGYPT,Egypt,2025,General Government Support,"Resources, Fuel & Materials",320867.6,320867.6,1,1
COUNTRY_EGYPT,Egypt,2025,Industrial and Technical Support,Administrative,430429.07,430429.07,2,2
COUNTRY_EGYPT,Egypt,2025,Industrial and Technical Support,"Resources, Fuel & Materials",15681.93,15681.93,1,1
COUNTRY_EL_SALVADOR,El Salvador,2019,General Government Support,Construction & Infrastructure,73688.95,88968.57051470588,1,1
COUNTRY_EL_SALVADOR,El Salvador,2019,Industrial and Technical Support,"Resources, Fuel & Materials",10286.76,12419.74994117647,1,1
COUNTRY_EL_SALVADOR,El Salvador,2022,Industrial and Technical Support,"Resources, Fuel & Materials",49936.17,54229.62376984127,2,1
COUNTRY_ESTONIA,Estonia,2016,Industrial and Technical Support,"Resources, Fuel & Materials",19540.91,24989.232258566975,1,1
COUNTRY_ESTONIA,Estonia,2018,Industrial and Technical Support,"Resources, Fuel & Materials",131316.99,161636.05515742127,5,2
COUNTRY_ESTONIA,Estonia,2019,General Government Support,Administrative,17556.53,21196.92813235294,1,1
COUNTRY_ESTONIA,Estonia,2019,Industrial and Technical Support,"Resources, Fuel & Materials",24289.260000000002,29325.709499999997,2,2
COUNTRY_ESTONIA,Estonia,2022,Industrial and Technical Support,Administrative,69737.56,75733.51423280424,1,1
COUNTRY_ESWATINI,Eswatini,2019,Industrial and Technical Support,"Resources, Fuel & Materials",26462.67,31949.78245588235,1,1
COUNTRY_ETHIOPIA,Ethiopia,2017,Industrial and Technical Support,"Resources, Fuel & Materials",23844.01,30024.435904907972,1,1
COUNTRY_ETHIOPIA,Ethiopia,2021,Industrial and Technical Support,"Resources, Fuel & Materials",12417.47,14399.35433615819,1,1
COUNTRY_FIJI,Fiji,2017,General Government Support,Administrative,10355.55,13039.733972392636,1,1
COUNTRY_FIJI,Fiji,2018,General Government Support,"Resources, Fuel & Materials",361749.12,445271.40557721135,1,1
COUNTRY_FIJI,Fiji,2018,Industrial and Technical Support,Administrative,85857.6,105680.79400299849,2,1
COUNTRY_FIJI,Fiji,2018,Industrial and Technical Support,Aerospace & Space,340015.84,418520.24683658173,1,1
COUNTRY_FIJI,Fiji,2018,Industrial and Technical Support,"Resources, Fuel & Materials",343182.92,422418.55670164916,10,2
COUNTRY_FIJI,Fiji,2019,Industrial and Technical Support,"Resources, Fuel & Materials",54202.81,65441.92207352941,1,1
COUNTRY_FIJI,Fiji,2024,Industrial and Technical Support,"Resources, Fuel & Materials",125866.08,128447.54714729646,1,1
COUNTRY_FIJI,Fiji,2025,Industrial and Technical Support,"Resources, Fuel & Materials",538576.9,538576.9,1,1
COUNTRY_FINLAND,Finland,2017,General Government Support,Industrial Equipment & Manufacturing,491152.5,618460.4332822085,1,1
COUNTRY_FINLAND,Finland,2017,Industrial and Technical Support,Administrative,101747.97,128121.29351226994,1,1
COUNTRY_FINLAND,Finland,2017,Industrial and Technical Support,"Resources, Fuel & Materials",66336.84,83531.5117177914,3,2
COUNTRY_FINLAND,Finland,2018,General Government Support,Industrial Equipment & Manufacturing,211701.17,260579.70100449777,1,1
COUNTRY_FINLAND,Finland,2018,Industrial and Technical Support,"R&D, Engineering & Scientific Services",22272.31,27414.64244377811,1,1
COUNTRY_FINLAND,Finland,2019,General Government Support,Communications & Electronics,181636.2,219299.00029411764,2,1
COUNTRY_FINLAND,Finland,2019,General Government Support,Industrial Equipment & Manufacturing,15255,18418.16911764706,1,1
COUNTRY_FINLAND,Finland,2019,General Government Support,"R&D, Engineering & Scientific Services",24156.76,29165.735235294112,1,1
COUNTRY_FINLAND,Finland,2019,Industrial and Technical Support,Communications & Electronics,31462.2,37985.97970588235,1,1
COUNTRY_FINLAND,Finland,2019,Industrial and Technical Support,"Resources, Fuel & Materials",202650.77,244671.00319117645,7,4
COUNTRY_FINLAND,Finland,2020,General Government Support,Industrial Equipment & Manufacturing,15599.1,18696.147591240875,1,1
COUNTRY_FINLAND,Finland,2021,General Government Support,Industrial Equipment & Manufacturing,121497.6,140889.16610169492,1,1
COUNTRY_FINLAND,Finland,2021,Industrial and Technical Support,Digital Systems & Software,44936.95,52109.09032485875,1,1
COUNTRY_FINLAND,Finland,2022,Industrial and Technical Support,"Resources, Fuel & Materials",443767.3,481921.8958994709,15,2
COUNTRY_FINLAND,Finland,2023,General Government Support,Administrative,21525,22497.803946530872,1,1
COUNTRY_FINLAND,Finland,2023,Industrial and Technical Support,"Resources, Fuel & Materials",730544.46,763560.791419478,18,2
COUNTRY_FINLAND,Finland,2024,Core Defence Industrial Complex,Land Systems & Vehicles,41597.96,42451.118906152886,1,1
COUNTRY_FINLAND,Finland,2024,General Government Support,Industrial Equipment & Manufacturing,1182815.6600000001,1207074.7754630204,2,1
COUNTRY_FINLAND,Finland,2024,Industrial and Technical Support,"Resources, Fuel & Materials",452567.06,461849.0444499689,5,2
COUNTRY_FINLAND,Finland,2025,General Government Support,Administrative,24916.5,24916.5,1,1
COUNTRY_FINLAND,Finland,2025,General Government Support,Industrial Equipment & Manufacturing,368048,368048,1,1
COUNTRY_FINLAND,Finland,2025,Industrial and Technical Support,"R&D, Engineering & Scientific Services",2229730.8,2229730.8,1,1
COUNTRY_FINLAND,Finland,2025,Industrial and Technical Support,"Resources, Fuel & Materials",257697.52,257697.52,5,1
COUNTRY_FINLAND,Finland,2026,Industrial and Technical Support,Administrative,10798.6,10566.925625744934,1,1
COUNTRY_FINLAND,Finland,2026,Industrial and Technical Support,Digital Systems & Software,32185.82,31495.30181168057,1,1
COUNTRY_FINLAND,Finland,2026,Industrial and Technical Support,"R&D, Engineering & Scientific Services",15441.79,15110.50010727056,1,1
COUNTRY_FRANCE,France,2016,General Government Support,Industrial Equipment & Manufacturing,39629.13,50678.37341121495,2,1
COUNTRY_FRANCE,France,2016,Industrial and Technical Support,Administrative,222846.89,284980.21291277255,1,1
COUNTRY_FRANCE,France,2016,Industrial and Technical Support,"R&D, Engineering & Scientific Services",24000,30691.588785046726,1,1
COUNTRY_FRANCE,France,2016,Industrial and Technical Support,"Resources, Fuel & Materials",372615.46,476506.6863862928,14,3
COUNTRY_FRANCE,France,2017,General Government Support,Administrative,175102.45,220489.4347392638,10,2
COUNTRY_FRANCE,France,2017,General Government Support,Industrial Equipment & Manufacturing,4229179.62,5325393.355858895,10,4
COUNTRY_FRANCE,France,2017,Industrial and Technical Support,Administrative,355431.61,447560.3555368098,4,2
COUNTRY_FRANCE,France,2017,Industrial and Technical Support,"Resources, Fuel & Materials",1138782.46,1433957.668190184,45,8
COUNTRY_FRANCE,France,2018,General Government Support,Administrative,79543.9,97909.35817091452,3,1
COUNTRY_FRANCE,France,2018,General Government Support,Industrial Equipment & Manufacturing,681416.18,838744.6533433283,6,5
COUNTRY_FRANCE,France,2018,Industrial and Technical Support,Communications & Electronics,1151007.6,1416757.4806596702,1,1
COUNTRY_FRANCE,France,2018,Industrial and Technical Support,"Resources, Fuel & Materials",555834.36,684167.9303748126,16,6
COUNTRY_FRANCE,France,2019,General Government Support,Administrative,188949.01,228128.14295588236,5,3
COUNTRY_FRANCE,France,2019,General Government Support,Communications & Electronics,1897129.4,2290504.7608823525,1,1
COUNTRY_FRANCE,France,2019,General Government Support,Industrial Equipment & Manufacturing,10428815.29,12591260.813367646,4,3
COUNTRY_FRANCE,France,2019,General Government Support,"Resources, Fuel & Materials",88942,107384.38529411764,1,1
COUNTRY_FRANCE,France,2019,Industrial and Technical Support,Administrative,143397.84,173131.80388235292,1,1
COUNTRY_FRANCE,France,2019,Industrial and Technical Support,Digital Systems & Software,75000,90551.47058823529,1,1
COUNTRY_FRANCE,France,2019,Industrial and Technical Support,"Resources, Fuel & Materials",1521921.77,1837496.72525,37,8
COUNTRY_FRANCE,France,2020,General Government Support,Industrial Equipment & Manufacturing,43650.55,52316.936569343074,1,1
COUNTRY_FRANCE,France,2020,Industrial and Technical Support,Communications & Electronics,78231.53,93763.62938686131,1,1
COUNTRY_FRANCE,France,2020,Industrial and Technical Support,"R&D, Engineering & Scientific Services",22580.870000000003,27064.079226277376,2,2
COUNTRY_FRANCE,France,2020,Industrial and Technical Support,"Resources, Fuel & Materials",1428937.42,1712638.863970803,43,11
COUNTRY_FRANCE,France,2021,General Government Support,Administrative,674937.09,782660.1001271186,3,3
COUNTRY_FRANCE,France,2021,General Government Support,Construction & Infrastructure,18483.25,21433.26024011299,1,1
COUNTRY_FRANCE,France,2021,General Government Support,Industrial Equipment & Manufacturing,271733.98,315103.95138418075,2,2
COUNTRY_FRANCE,France,2021,Industrial and Technical Support,"Resources, Fuel & Materials",1360071.77,1577145.3717090394,22,4
COUNTRY_FRANCE,France,2022,General Government Support,Administrative,51686.92,56130.90121693122,2,1
COUNTRY_FRANCE,France,2022,General Government Support,Industrial Equipment & Manufacturing,19561.48,21243.353280423282,1,1
COUNTRY_FRANCE,France,2022,Industrial and Technical Support,Administrative,53872.53,58504.42742063492,3,2
COUNTRY_FRANCE,France,2022,Industrial and Technical Support,"R&D, Engineering & Scientific Services",945000,1026250.0000000001,1,1
COUNTRY_FRANCE,France,2022,Industrial and Technical Support,"Resources, Fuel & Materials",1089295.43,1182951.7831084656,14,4
COUNTRY_FRANCE,France,2023,General Government Support,Administrative,44791.62,46815.9389178867,3,2
COUNTRY_FRANCE,France,2023,General Government Support,Industrial Equipment & Manufacturing,1016717.6299999999,1062667.3128325907,4,4
COUNTRY_FRANCE,France,2023,Industrial and Technical Support,Digital Systems & Software,1060805.9,1108748.1144493953,1,1
COUNTRY_FRANCE,France,2023,Industrial and Technical Support,"Resources, Fuel & Materials",1651166.34,1725789.3891024827,36,3
COUNTRY_FRANCE,France,2024,General Government Support,Administrative,115922.65,118300.18104412677,2,2
COUNTRY_FRANCE,France,2024,General Government Support,Industrial Equipment & Manufacturing,15099.07,15408.746389061527,1,1
COUNTRY_FRANCE,France,2024,Industrial and Technical Support,Administrative,68092.27,69488.81748912368,1,1
COUNTRY_FRANCE,France,2024,Industrial and Technical Support,Land Systems & Vehicles,20726.53,21151.623530142944,1,1
COUNTRY_FRANCE,France,2024,Industrial and Technical Support,"R&D, Engineering & Scientific Services",22410,22869.620882535735,1,1
COUNTRY_FRANCE,France,2024,Industrial and Technical Support,"Resources, Fuel & Materials",788272.4,804439.5778744562,6,3
COUNTRY_FRANCE,France,2025,General Government Support,Administrative,339090,339090,1,1
COUNTRY_FRANCE,France,2025,General Government Support,Industrial Equipment & Manufacturing,333798.33,333798.33,2,2
COUNTRY_FRANCE,France,2025,Industrial and Technical Support,Digital Systems & Software,117618.75,117618.75,1,1
COUNTRY_FRANCE,France,2025,Industrial and Technical Support,Land Systems & Vehicles,374820.28,374820.28,1,1
COUNTRY_FRANCE,France,2025,Industrial and Technical Support,"Resources, Fuel & Materials",603421.34,603421.34,10,1
COUNTRY_FRANCE,France,2026,General Government Support,Administrative,20564.29,20123.101418355185,1,1
COUNTRY_FRANCE,France,2026,General Government Support,Industrial Equipment & Manufacturing,19709.07,19286.229404052443,1,1
COUNTRY_FRANCE,France,2026,Industrial and Technical Support,"R&D, Engineering & Scientific Services",13127.24,12845.606722288438,1,1
COUNTRY_GEORGIA,Georgia,2016,Industrial and Technical Support,"Resources, Fuel & Materials",39005.73,49881.15939252336,1,1
COUNTRY_GEORGIA,Georgia,2017,Industrial and Technical Support,"Resources, Fuel & Materials",24629.26,31013.224631901838,1,1
COUNTRY_GEORGIA,Georgia,2020,General Government Support,Administrative,159993.4,191758.51299270074,1,1
COUNTRY_GEORGIA,Georgia,2021,General Government Support,Administrative,80196.87,92996.6529237288,3,3
COUNTRY_GEORGIA,Georgia,2022,General Government Support,Administrative,68995.08,74927.19666666667,2,2
COUNTRY_GEORGIA,Georgia,2023,General Government Support,Administrative,168504.31,176119.71802673457,4,4
COUNTRY_GEORGIA,Georgia,2026,Core Defence Industrial Complex,Marine & Shipbuilding,13484.75,13195.446662693681,1,1
COUNTRY_GERMANY,Germany,2016,Core Defence Industrial Complex,Land Systems & Vehicles,3500000,4475856.697819314,1,1
COUNTRY_GERMANY,Germany,2016,General Government Support,Administrative,93200.21,119185.93833333332,4,3
COUNTRY_GERMANY,Germany,2016,General Government Support,Construction & Infrastructure,146938.35,187907.1422897196,4,3
COUNTRY_GERMANY,Germany,2016,General Government Support,Industrial Equipment & Manufacturing,28202.11,36065.31512461059,1,1
COUNTRY_GERMANY,Germany,2016,Industrial and Technical Support,Land Systems & Vehicles,3058086.36,3910730.376261682,6,3
COUNTRY_GERMANY,Germany,2016,Industrial and Technical Support,"Resources, Fuel & Materials",2574614.16,3292458.294953271,33,2
COUNTRY_GERMANY,Germany,2017,Core Defence Industrial Complex,Land Systems & Vehicles,24302358.830000002,30601589.87642638,12,3
COUNTRY_GERMANY,Germany,2017,Core Defence Industrial Complex,Marine & Shipbuilding,125231.5,157691.81211656443,5,4
COUNTRY_GERMANY,Germany,2017,Core Defence Industrial Complex,Weapons & Military Equipment,1712175.6,2155975.717177914,1,1
COUNTRY_GERMANY,Germany,2017,General Government Support,Administrative,346453.63,436255.261088957,21,10
COUNTRY_GERMANY,Germany,2017,General Government Support,Construction & Infrastructure,64902.93,81725.92872699386,5,3
COUNTRY_GERMANY,Germany,2017,General Government Support,Industrial Equipment & Manufacturing,6046276.19,7613485.815935582,16,15
COUNTRY_GERMANY,Germany,2017,Industrial and Technical Support,Administrative,416829.69,524872.9685429448,6,5
COUNTRY_GERMANY,Germany,2017,Industrial and Technical Support,Digital Systems & Software,38907.3,48992.16763803681,3,3
COUNTRY_GERMANY,Germany,2017,Industrial and Technical Support,Land Systems & Vehicles,53822030.94,67772833.43825153,32,7
COUNTRY_GERMANY,Germany,2017,Industrial and Technical Support,"Resources, Fuel & Materials",2276690.93,2866814.806027607,43,8
COUNTRY_GERMANY,Germany,2018,Core Defence Industrial Complex,Land Systems & Vehicles,56974955.16,70129592.48329835,3,3
COUNTRY_GERMANY,Germany,2018,Core Defence Industrial Complex,Marine & Shipbuilding,86603.95,106599.46469265365,3,3
COUNTRY_GERMANY,Germany,2018,Core Defence Industrial Complex,Weapons & Military Equipment,24010493.5,29554145.672413792,3,2
COUNTRY_GERMANY,Germany,2018,General Government Support,Administrative,832893.09,1025195.2427136431,24,10
COUNTRY_GERMANY,Germany,2018,General Government Support,Construction & Infrastructure,142598.12,175521.82386806596,5,4
COUNTRY_GERMANY,Germany,2018,General Government Support,Industrial Equipment & Manufacturing,11835852.31,14568567.835847074,5,4
COUNTRY_GERMANY,Germany,2018,General Government Support,"Resources, Fuel & Materials",151079.69,185961.65740629684,2,2
COUNTRY_GERMANY,Germany,2018,Industrial and Technical Support,Administrative,254951.25,313815.5565967016,5,3
COUNTRY_GERMANY,Germany,2018,Industrial and Technical Support,Industrial Equipment & Manufacturing,28940.63,35622.57455772114,1,1
COUNTRY_GERMANY,Germany,2018,Industrial and Technical Support,Land Systems & Vehicles,15261724.31,18785420.77737631,38,8
COUNTRY_GERMANY,Germany,2018,Industrial and Technical Support,"R&D, Engineering & Scientific Services",3801702.03,4679456.321784108,6,6
COUNTRY_GERMANY,Germany,2018,Industrial and Technical Support,"Resources, Fuel & Materials",1345076.22,1655633.548155922,33,4
COUNTRY_GERMANY,Germany,2018,Industrial and Technical Support,Weapons & Military Equipment,3838876.9,4725214.295202399,2,2
COUNTRY_GERMANY,Germany,2019,Core Defence Industrial Complex,Land Systems & Vehicles,1910333.18,2306446.3835,2,2
COUNTRY_GERMANY,Germany,2019,Core Defence Industrial Complex,Marine & Shipbuilding,15871.47,19162.465985294115,1,1
COUNTRY_GERMANY,Germany,2019,Core Defence Industrial Complex,Weapons & Military Equipment,24993.51,30175.987808823527,1,1
COUNTRY_GERMANY,Germany,2019,General Government Support,Administrative,775465.34,936260.3590294117,19,10
COUNTRY_GERMANY,Germany,2019,General Government Support,Communications & Electronics,11328.38,13677.352911764705,1,1
COUNTRY_GERMANY,Germany,2019,General Government Support,Construction & Infrastructure,277168.94,334640.7349117647,5,3
COUNTRY_GERMANY,Germany,2019,General Government Support,Industrial Equipment & Manufacturing,76087.48999999999,91864.45483823528,2,2
COUNTRY_GERMANY,Germany,2019,Industrial and Technical Support,Administrative,16686.93,20147.01401470588,1,1
COUNTRY_GERMANY,Germany,2019,Industrial and Technical Support,Communications & Electronics,10470.1,12641.106029411765,1,1
COUNTRY_GERMANY,Germany,2019,Industrial and Technical Support,Digital Systems & Software,22841.84,27578.16270588235,1,1
COUNTRY_GERMANY,Germany,2019,Industrial and Technical Support,Land Systems & Vehicles,24292188.04,29329244.67770588,14,9
COUNTRY_GERMANY,Germany,2019,Industrial and Technical Support,"R&D, Engineering & Scientific Services",76145.08,91933.98629411764,1,1
COUNTRY_GERMANY,Germany,2019,Industrial and Technical Support,"Resources, Fuel & Materials",1914379.18,2311331.3334999997,47,7
COUNTRY_GERMANY,Germany,2019,Industrial and Technical Support,Weapons & Military Equipment,1930599.63,2330915.141514706,3,2
COUNTRY_GERMANY,Germany,2020,General Government Support,Administrative,309500.87,370949.21791240876,13,6
COUNTRY_GERMANY,Germany,2020,General Government Support,Construction & Infrastructure,112047.51000000001,134293.43899270074,2,2
COUNTRY_GERMANY,Germany,2020,General Government Support,Industrial Equipment & Manufacturing,2183815,2617389.9489051094,5,5
COUNTRY_GERMANY,Germany,2020,Industrial and Technical Support,Land Systems & Vehicles,23503824.93,28170277.762817517,34,12
COUNTRY_GERMANY,Germany,2020,Industrial and Technical Support,"R&D, Engineering & Scientific Services",3563236.5,4270681.994890511,1,1
COUNTRY_GERMANY,Germany,2020,Industrial and Technical Support,"Resources, Fuel & Materials",223418.78,267776.3771970803,7,5
COUNTRY_GERMANY,Germany,2021,Core Defence Industrial Complex,Weapons & Military Equipment,506282.67,587087.6724152542,2,2
COUNTRY_GERMANY,Germany,2021,General Government Support,Administrative,3814075.2,4422818.840677965,15,3
COUNTRY_GERMANY,Germany,2021,General Government Support,Construction & Infrastructure,32110.82,37235.852005649715,2,2
COUNTRY_GERMANY,Germany,2021,General Government Support,Industrial Equipment & Manufacturing,18051908.64,20933074.849491525,4,4
COUNTRY_GERMANY,Germany,2021,Industrial and Technical Support,Administrative,252917.03,293283.7311158192,2,2
COUNTRY_GERMANY,Germany,2021,Industrial and Technical Support,Land Systems & Vehicles,14653390.04,16992137.32039548,22,11
COUNTRY_GERMANY,Germany,2021,Industrial and Technical Support,"R&D, Engineering & Scientific Services",34686.79,40222.95846045198,2,2
COUNTRY_GERMANY,Germany,2021,Industrial and Technical Support,"Resources, Fuel & Materials",704846.43,817343.1059745762,17,3
COUNTRY_GERMANY,Germany,2022,Core Defence Industrial Complex,Land Systems & Vehicles,83344020,90509841.82539684,1,1
COUNTRY_GERMANY,Germany,2022,General Government Support,Administrative,316275.33,343468.3147222223,18,5
COUNTRY_GERMANY,Germany,2022,General Government Support,Construction & Infrastructure,53394.3,57985.079761904766,3,3
COUNTRY_GERMANY,Germany,2022,General Government Support,Industrial Equipment & Manufacturing,111208.95999999999,120770.57693121693,2,2
COUNTRY_GERMANY,Germany,2022,General Government Support,"Resources, Fuel & Materials",21979.65,23869.434722222224,2,1
COUNTRY_GERMANY,Germany,2022,Industrial and Technical Support,Administrative,94210.33,102310.42451058202,1,1
COUNTRY_GERMANY,Germany,2022,Industrial and Technical Support,Communications & Electronics,143985.65,156365.3685846561,2,2
COUNTRY_GERMANY,Germany,2022,Industrial and Technical Support,Digital Systems & Software,492412.5,534749.5535714286,1,1
COUNTRY_GERMANY,Germany,2022,Industrial and Technical Support,Land Systems & Vehicles,88105051.78,95680221.57589947,22,7
COUNTRY_GERMANY,Germany,2022,Industrial and Technical Support,"R&D, Engineering & Scientific Services",49335.4,53577.200264550265,2,2
COUNTRY_GERMANY,Germany,2022,Industrial and Technical Support,"Resources, Fuel & Materials",391464.39,425122.04257936514,8,2
COUNTRY_GERMANY,Germany,2023,Core Defence Industrial Complex,Land Systems & Vehicles,1736904.9,1815402.8299172502,1,1
COUNTRY_GERMANY,Germany,2023,General Government Support,Administrative,2411328.67,2520306.604799491,17,6
COUNTRY_GERMANY,Germany,2023,General Government Support,Construction & Infrastructure,20929.77,21875.673036282624,1,1
COUNTRY_GERMANY,Germany,2023,General Government Support,Industrial Equipment & Manufacturing,11651916.25,12178514.62921706,2,2
COUNTRY_GERMANY,Germany,2023,Industrial and Technical Support,Communications & Electronics,57720.48,60329.10767663909,4,2
COUNTRY_GERMANY,Germany,2023,Industrial and Technical Support,Digital Systems & Software,53210.88,55615.700165499686,4,2
COUNTRY_GERMANY,Germany,2023,Industrial and Technical Support,Land Systems & Vehicles,16053637.53,16779167.933965627,26,7
COUNTRY_GERMANY,Germany,2023,Industrial and Technical Support,"R&D, Engineering & Scientific Services",48682.13,50882.27718650541,1,1
COUNTRY_GERMANY,Germany,2023,Industrial and Technical Support,"Resources, Fuel & Materials",156271.53,163334.08800763846,5,2
COUNTRY_GERMANY,Germany,2024,Core Defence Industrial Complex,Land Systems & Vehicles,1449697675,1479430442.7284026,4,3
COUNTRY_GERMANY,Germany,2024,Core Defence Industrial Complex,Weapons & Military Equipment,1997012.2,2037970.1879428215,1,1
COUNTRY_GERMANY,Germany,2024,General Government Support,Administrative,4701144.18,4797562.923281541,13,4
COUNTRY_GERMANY,Germany,2024,General Government Support,Construction & Infrastructure,13714.2,13995.473213175885,1,1
COUNTRY_GERMANY,Germany,2024,General Government Support,Industrial Equipment & Manufacturing,985653969.62,1005869371.110031,4,4
COUNTRY_GERMANY,Germany,2024,Industrial and Technical Support,Administrative,29019.02,29614.189459291483,1,1
COUNTRY_GERMANY,Germany,2024,Industrial and Technical Support,Communications & Electronics,60150.490000000005,61384.154493474205,3,2
COUNTRY_GERMANY,Germany,2024,Industrial and Technical Support,Digital Systems & Software,804229.71,820724.1664512119,3,3
COUNTRY_GERMANY,Germany,2024,Industrial and Technical Support,Land Systems & Vehicles,12967557.040000001,13233516.879850838,19,9
COUNTRY_GERMANY,Germany,2024,Industrial and Technical Support,"Resources, Fuel & Materials",47046.82,48011.733026724665,2,1
COUNTRY_GERMANY,Germany,2025,Core Defence Industrial Complex,Marine & Shipbuilding,136761.37,136761.37,3,3
COUNTRY_GERMANY,Germany,2025,Core Defence Industrial Complex,Weapons & Military Equipment,31911.8,31911.8,1,1
COUNTRY_GERMANY,Germany,2025,General Government Support,Administrative,434799.24,434799.24,20,7
COUNTRY_GERMANY,Germany,2025,General Government Support,Construction & Infrastructure,233382.37,233382.37,10,8
COUNTRY_GERMANY,Germany,2025,General Government Support,Industrial Equipment & Manufacturing,2186285.04,2186285.04,9,6
COUNTRY_GERMANY,Germany,2025,Industrial and Technical Support,Administrative,118393.27,118393.27,5,2
COUNTRY_GERMANY,Germany,2025,Industrial and Technical Support,Communications & Electronics,131142.98,131142.98,3,3
COUNTRY_GERMANY,Germany,2025,Industrial and Technical Support,Digital Systems & Software,39008.07,39008.07,3,2
COUNTRY_GERMANY,Germany,2025,Industrial and Technical Support,"Resources, Fuel & Materials",391442.35,391442.35,8,4
COUNTRY_GERMANY,Germany,2026,Core Defence Industrial Complex,Marine & Shipbuilding,36961.1,36168.13241954707,2,2
COUNTRY_GERMANY,Germany,2026,Core Defence Industrial Complex,Weapons & Military Equipment,33407446,32690718.910607863,1,1
COUNTRY_GERMANY,Germany,2026,General Government Support,Administrative,185343.3,181366.92407628126,4,3
COUNTRY_GERMANY,Germany,2026,General Government Support,Construction & Infrastructure,250726.46000000002,245347.3464362336,5,3
COUNTRY_GERMANY,Germany,2026,General Government Support,Industrial Equipment & Manufacturing,581269.29,568798.6735280094,5,5
COUNTRY_GERMANY,Germany,2026,Industrial and Technical Support,Administrative,23456.5,22953.26162097735,1,1
COUNTRY_GERMANY,Germany,2026,Industrial and Technical Support,Communications & Electronics,49739.16,48672.05048867699,1,1
COUNTRY_GERMANY,Germany,2026,Industrial and Technical Support,Digital Systems & Software,461364.62,451466.45175208576,3,3
COUNTRY_GERMANY,Germany,2026,Industrial and Technical Support,"R&D, Engineering & Scientific Services",72837.62,71274.95353992848,2,1
COUNTRY_GHANA,Ghana,2017,Industrial and Technical Support,"Resources, Fuel & Materials",26655.510000000002,33564.68360429448,2,2
COUNTRY_GHANA,Ghana,2018,General Government Support,Construction & Infrastructure,15360,18906.3868065967,1,1
COUNTRY_GHANA,Ghana,2018,General Government Support,"Resources, Fuel & Materials",113307.94,139468.9936131934,2,1
COUNTRY_GHANA,Ghana,2018,Industrial and Technical Support,Administrative,132026.79,162509.73701649177,2,1
COUNTRY_GHANA,Ghana,2018,Industrial and Technical Support,"Resources, Fuel & Materials",153555.56,189009.1675562219,2,2
COUNTRY_GHANA,Ghana,2019,Industrial and Technical Support,Administrative,66778.48,80625.19423529411,2,1
COUNTRY_GHANA,Ghana,2019,Industrial and Technical Support,"Resources, Fuel & Materials",38503.26,46487.02420588235,1,1
COUNTRY_GHANA,Ghana,2020,General Government Support,"Resources, Fuel & Materials",320686.71,384355.8962189781,4,1
COUNTRY_GHANA,Ghana,2020,Industrial and Technical Support,Administrative,141567.72999999998,169674.60778102188,3,1
COUNTRY_GHANA,Ghana,2020,Industrial and Technical Support,"R&D, Engineering & Scientific Services",37000,44345.98540145985,2,2
COUNTRY_GHANA,Ghana,2021,Industrial and Technical Support,"Resources, Fuel & Materials",82370.93,95517.7027259887,4,2
COUNTRY_GHANA,Ghana,2022,Industrial and Technical Support,Administrative,72478.98,78710.63833333334,1,1
COUNTRY_GHANA,Ghana,2023,General Government Support,"Resources, Fuel & Materials",265050.49,277029.21997453854,2,1
COUNTRY_GHANA,Ghana,2023,Industrial and Technical Support,Administrative,151233.06,158067.90866963717,2,1
COUNTRY_GHANA,Ghana,2023,Industrial and Technical Support,"Resources, Fuel & Materials",121161.78,126637.58291534055,6,2
COUNTRY_GHANA,Ghana,2024,Industrial and Technical Support,"Resources, Fuel & Materials",100567.73,102630.33726538222,2,2
COUNTRY_GHANA,Ghana,2025,Industrial and Technical Support,"Resources, Fuel & Materials",10919.49,10919.49,1,1
COUNTRY_GIBRALTAR,Gibraltar,2018,Core Defence Industrial Complex,Marine & Shipbuilding,228750.91,281565.9626836582,3,3
COUNTRY_GIBRALTAR,Gibraltar,2022,Industrial and Technical Support,"Resources, Fuel & Materials",29772.3,32332.0876984127,1,1
COUNTRY_GIBRALTAR,Gibraltar,2023,Industrial and Technical Support,"Resources, Fuel & Materials",36997,38669.04774029281,1,1
COUNTRY_GIBRALTAR,Gibraltar,2024,Industrial and Technical Support,"Resources, Fuel & Materials",24892.94,25403.485071472962,1,1
COUNTRY_GREECE,Greece,2016,Industrial and Technical Support,"Resources, Fuel & Materials",172542.72,220650.42542056073,8,3
COUNTRY_GREECE,Greece,2017,General Government Support,Administrative,218244.1,274813.5062883436,2,2
COUNTRY_GREECE,Greece,2017,General Government Support,"Resources, Fuel & Materials",182163,229380.0966257669,2,2
COUNTRY_GREECE,Greece,2017,Industrial and Technical Support,Administrative,2166785.93,2728422.160322086,9,1
COUNTRY_GREECE,Greece,2017,Industrial and Technical Support,"Resources, Fuel & Materials",154069.58,194004.79322085888,6,3
COUNTRY_GREECE,Greece,2018,General Government Support,Administrative,160202.26,197190.487946027,3,2
COUNTRY_GREECE,Greece,2018,General Government Support,"Resources, Fuel & Materials",315776.71,388684.6760269865,2,1
COUNTRY_GREECE,Greece,2018,Industrial and Technical Support,Administrative,2325133.86,2861971.3629085454,9,1
COUNTRY_GREECE,Greece,2018,Industrial and Technical Support,"Resources, Fuel & Materials",468704.28,576920.860389805,11,4
COUNTRY_GREECE,Greece,2019,General Government Support,"Resources, Fuel & Materials",542054.38,654450.9499705881,2,1
COUNTRY_GREECE,Greece,2019,Industrial and Technical Support,Administrative,337461.26,407434.8447941176,3,1
COUNTRY_GREECE,Greece,2019,Industrial and Technical Support,Aerospace & Space,644527.97,778172.7402499999,3,1
COUNTRY_GREECE,Greece,2019,Industrial and Technical Support,"Resources, Fuel & Materials",740079.04,893536.6056470588,23,8
COUNTRY_GREECE,Greece,2020,Core Defence Industrial Complex,Weapons & Military Equipment,2898129.2,3473524.194452555,1,1
COUNTRY_GREECE,Greece,2020,General Government Support,Administrative,510858.20999999996,612284.0735912409,2,1
COUNTRY_GREECE,Greece,2020,Industrial and Technical Support,Administrative,307706.96,368799.1447591241,2,1
COUNTRY_GREECE,Greece,2020,Industrial and Technical Support,"Resources, Fuel & Materials",715138.37,857122.0463795621,13,3
COUNTRY_GREECE,Greece,2021,Industrial and Technical Support,"Resources, Fuel & Materials",850446.3,986181.3733050846,21,2
COUNTRY_GREECE,Greece,2022,General Government Support,Administrative,123617.59,134246.086494709,1,1
COUNTRY_GREECE,Greece,2022,Industrial and Technical Support,"Resources, Fuel & Materials",380388,413093.3174603175,10,3
COUNTRY_GREECE,Greece,2023,General Government Support,Administrative,318453.68,332845.92142584344,3,3
COUNTRY_GREECE,Greece,2023,General Government Support,Construction & Infrastructure,16003.8,16727.07803946531,1,1
COUNTRY_GREECE,Greece,2023,Industrial and Technical Support,Administrative,244801.02000000002,255864.5925143221,3,3
COUNTRY_GREECE,Greece,2023,Industrial and Technical Support,"Resources, Fuel & Materials",886480.14,926543.850973902,31,2
COUNTRY_GREECE,Greece,2024,General Government Support,Administrative,28977.72,29572.042411435676,2,1
COUNTRY_GREECE,Greece,2024,General Government Support,Industrial Equipment & Manufacturing,2473000,2523720.3231821004,1,1
COUNTRY_GREECE,Greece,2024,General Government Support,"Resources, Fuel & Materials",106405.1,108587.4295835923,1,1
COUNTRY_GREECE,Greece,2024,Industrial and Technical Support,Communications & Electronics,15304978,15618877.486637661,1,1
COUNTRY_GREECE,Greece,2024,Industrial and Technical Support,"Resources, Fuel & Materials",126720.81999999999,129319.81755127407,5,3
COUNTRY_GREECE,Greece,2025,General Government Support,Administrative,113765.24,113765.24,1,1
COUNTRY_GREECE,Greece,2025,Industrial and Technical Support,Administrative,603132.28,603132.28,2,1
COUNTRY_GREECE,Greece,2025,Industrial and Technical Support,"Resources, Fuel & Materials",77196.98999999999,77196.98999999999,2,1
COUNTRY_GREENLAND,Greenland,2017,General Government Support,"Resources, Fuel & Materials",682829.95,859821.1486963191,6,4
COUNTRY_GREENLAND,Greenland,2017,Industrial and Technical Support,Administrative,72415.42,91185.67457055215,4,2
COUNTRY_GREENLAND,Greenland,2018,Core Defence Industrial Complex,Marine & Shipbuilding,58504.05,72011.73170914542,2,1
COUNTRY_GREENLAND,Greenland,2018,General Government Support,"Resources, Fuel & Materials",755694.72,930172.9611994001,3,2
COUNTRY_GREENLAND,Greenland,2018,Industrial and Technical Support,Administrative,20292.8,24978.094152923535,1,1
COUNTRY_GREENLAND,Greenland,2019,General Government Support,Aerospace & Space,34530.32,41690.28341176471,2,2
COUNTRY_GREENLAND,Greenland,2019,General Government Support,Industrial Equipment & Manufacturing,24333.98,29379.70232352941,2,1
COUNTRY_GREENLAND,Greenland,2019,General Government Support,Marine & Shipbuilding,205665.7,248311.08779411766,1,1
COUNTRY_GREENLAND,Greenland,2019,Industrial and Technical Support,Administrative,351417.01,424284.36060294113,2,2
COUNTRY_GREENLAND,Greenland,2019,Industrial and Technical Support,Aerospace & Space,17551.13,21190.40842647059,1,1
COUNTRY_GREENLAND,Greenland,2019,Industrial and Technical Support,"Resources, Fuel & Materials",15321.34,18498.264911764705,1,1
COUNTRY_GREENLAND,Greenland,2020,General Government Support,Industrial Equipment & Manufacturing,18177.09,21785.972102189782,1,1
COUNTRY_GREENLAND,Greenland,2021,General Government Support,"Resources, Fuel & Materials",168075.90000000002,194901.57330508475,2,1
COUNTRY_GREENLAND,Greenland,2021,Industrial and Technical Support,Administrative,76403.92,88598.33096045197,3,1
COUNTRY_GREENLAND,Greenland,2022,General Government Support,"Resources, Fuel & Materials",1030248.2,1118827.741005291,2,1
COUNTRY_GREENLAND,Greenland,2022,Industrial and Technical Support,Administrative,99074.28,107592.57126984127,2,1
COUNTRY_GREENLAND,Greenland,2022,Industrial and Technical Support,"Resources, Fuel & Materials",23635.55,25667.707076719576,1,1
COUNTRY_GREENLAND,Greenland,2023,Industrial and Technical Support,Administrative,652175.94,681650.4732527053,2,1
COUNTRY_GREENLAND,Greenland,2024,General Government Support,Administrative,90171.17,92020.5476320696,1,1
COUNTRY_GREENLAND,Greenland,2024,General Government Support,Industrial Equipment & Manufacturing,12126.57,12375.281504039775,1,1
COUNTRY_GREENLAND,Greenland,2024,General Government Support,"Resources, Fuel & Materials",905408.53,923978.1269484152,2,1
COUNTRY_GREENLAND,Greenland,2024,Industrial and Technical Support,Administrative,239028.22,243930.60114356742,2,2
COUNTRY_GREENLAND,Greenland,2025,General Government Support,Industrial Equipment & Manufacturing,10033.82,10033.82,1,1
COUNTRY_GUAM,Guam,2017,Industrial and Technical Support,Administrative,355746.88,447957.34429447853,2,1
COUNTRY_GUAM,Guam,2018,General Government Support,Administrative,86167.93,106062.7744077961,2,1
COUNTRY_GUAM,Guam,2018,Industrial and Technical Support,Administrative,199755.31,245875.7264017991,2,1
COUNTRY_GUAM,Guam,2018,Industrial and Technical Support,"Resources, Fuel & Materials",53092.22,65350.39373313343,2,2
COUNTRY_GUAM,Guam,2019,Industrial and Technical Support,Administrative,11995,14482.198529411764,1,1
COUNTRY_GUAM,Guam,2019,Industrial and Technical Support,"Resources, Fuel & Materials",60261.31,72756.66986764706,2,1
COUNTRY_GUAM,Guam,2021,General Government Support,Administrative,113734.72,131887.29536723162,1,1
COUNTRY_GUAM,Guam,2021,Industrial and Technical Support,Administrative,168429.66,195311.79499999998,1,1
COUNTRY_GUAM,Guam,2021,Industrial and Technical Support,"Resources, Fuel & Materials",73061.63,84722.59637005649,3,1
COUNTRY_GUAM,Guam,2022,Industrial and Technical Support,"Resources, Fuel & Materials",203293.99,220772.97062169312,2,1
COUNTRY_GUAM,Guam,2025,General Government Support,Administrative,375911.27,375911.27,2,2
COUNTRY_GUAM,Guam,2025,Industrial and Technical Support,Administrative,687720.26,687720.26,3,2
COUNTRY_GUAM,Guam,2025,Industrial and Technical Support,"Resources, Fuel & Materials",654491.22,654491.22,3,1
COUNTRY_GUATEMALA,Guatemala,2017,Industrial and Technical Support,Administrative,141148.31,177734.29832822084,3,1
COUNTRY_GUATEMALA,Guatemala,2018,General Government Support,Administrative,50727.39,62439.561004497744,2,2
COUNTRY_GUATEMALA,Guatemala,2018,General Government Support,"Resources, Fuel & Materials",419855.15,516793.22061469266,5,2
COUNTRY_GUATEMALA,Guatemala,2018,Industrial and Technical Support,Administrative,408921.91000000003,503335.66433283355,7,2
COUNTRY_GUATEMALA,Guatemala,2019,General Government Support,"Resources, Fuel & Materials",567852.44,685598.3135882353,5,4
COUNTRY_GUATEMALA,Guatemala,2019,Industrial and Technical Support,Aerospace & Space,125775.45999999999,151855.3715588235,4,2
COUNTRY_GUATEMALA,Guatemala,2019,Industrial and Technical Support,"Resources, Fuel & Materials",10314.61,12453.374720588236,1,1
COUNTRY_GUATEMALA,Guatemala,2020,General Government Support,Administrative,84865.46,101714.66081751825,3,3
COUNTRY_GUATEMALA,Guatemala,2021,General Government Support,"Resources, Fuel & Materials",201021.28,233105.18485875707,2,1
COUNTRY_GUATEMALA,Guatemala,2021,Industrial and Technical Support,"Resources, Fuel & Materials",66380.31,76974.9075,3,1
COUNTRY_GUATEMALA,Guatemala,2023,General Government Support,Administrative,47609.37,49761.034716740935,2,2
COUNTRY_HUNGARY,Hungary,2017,Industrial and Technical Support,"Resources, Fuel & Materials",53660.03999999999,67568.85404907975,2,1
COUNTRY_HUNGARY,Hungary,2018,Industrial and Technical Support,"Resources, Fuel & Materials",37509.67,46170.073568215885,1,1
COUNTRY_HUNGARY,Hungary,2021,Industrial and Technical Support,"R&D, Engineering & Scientific Services",10181.04,11805.98,1,1
COUNTRY_HUNGARY,Hungary,2021,Industrial and Technical Support,"Resources, Fuel & Materials",271302.96,314604.1386440678,14,2
COUNTRY_HUNGARY,Hungary,2022,Industrial and Technical Support,"Resources, Fuel & Materials",155641.29,169023.14694444445,7,3
COUNTRY_HUNGARY,Hungary,2023,General Government Support,Industrial Equipment & Manufacturing,68891.18,72004.65789942711,1,1
COUNTRY_HUNGARY,Hungary,2023,Industrial and Technical Support,"Resources, Fuel & Materials",64717.770000000004,67642.63420751115,3,3
COUNTRY_HUNGARY,Hungary,2024,General Government Support,Administrative,46002.11,46945.596407706646,2,2
COUNTRY_HUNGARY,Hungary,2024,Industrial and Technical Support,"Resources, Fuel & Materials",138958.07,141808.04906152887,3,2
COUNTRY_HUNGARY,Hungary,2025,Industrial and Technical Support,"Resources, Fuel & Materials",20734.51,20734.51,1,1
COUNTRY_ICELAND,Iceland,2016,Industrial and Technical Support,"Resources, Fuel & Materials",43532.05,55669.49073208722,3,1
COUNTRY_ICELAND,Iceland,2017,General Government Support,Administrative,224609.55,282828.89654907974,3,2
COUNTRY_ICELAND,Iceland,2017,General Government Support,"Resources, Fuel & Materials",257551.21,324309.1156595092,2,1
COUNTRY_ICELAND,Iceland,2017,Industrial and Technical Support,Administrative,637501,802742.8236196318,1,1
COUNTRY_ICELAND,Iceland,2017,Industrial and Technical Support,"Resources, Fuel & Materials",374252.86,471260.11972392636,21,4
COUNTRY_ICELAND,Iceland,2018,General Government Support,Administrative,17571.72,21628.7588005997,1,1
COUNTRY_ICELAND,Iceland,2018,General Government Support,"Resources, Fuel & Materials",633349.4,779579.9961019489,3,1
COUNTRY_ICELAND,Iceland,2018,Industrial and Technical Support,Administrative,202350.52,249070.13031484256,3,1
COUNTRY_ICELAND,Iceland,2018,Industrial and Technical Support,"Resources, Fuel & Materials",888361.42,1093470.3535532234,33,5
COUNTRY_ICELAND,Iceland,2019,Industrial and Technical Support,"Resources, Fuel & Materials",244489.77,295185.4428970588,13,3
COUNTRY_ICELAND,Iceland,2020,Core Defence Industrial Complex,Marine & Shipbuilding,16126.09,19327.766262773723,1,1
COUNTRY_ICELAND,Iceland,2020,General Government Support,Administrative,201103.69,241030.84597080294,1,1
COUNTRY_ICELAND,Iceland,2020,General Government Support,Construction & Infrastructure,317804.87,380901.89528467157,3,2
COUNTRY_ICELAND,Iceland,2020,Industrial and Technical Support,"Resources, Fuel & Materials",254739.84,305315.9250218978,10,6
COUNTRY_ICELAND,Iceland,2021,Industrial and Technical Support,Administrative,190938.72,221413.4027118644,2,2
COUNTRY_ICELAND,Iceland,2021,Industrial and Technical Support,"Resources, Fuel & Materials",454578.96,527131.8166101695,27,3
COUNTRY_ICELAND,Iceland,2022,General Government Support,Industrial Equipment & Manufacturing,14304.55,15534.438558201058,1,1
COUNTRY_ICELAND,Iceland,2022,Industrial and Technical Support,Administrative,105123.75,114162.16765873016,1,1
COUNTRY_ICELAND,Iceland,2022,Industrial and Technical Support,"Resources, Fuel & Materials",352280.25,382568.8958333334,17,3
COUNTRY_ICELAND,Iceland,2023,General Government Support,Administrative,16678.99,17432.7826734564,1,1
COUNTRY_ICELAND,Iceland,2023,Industrial and Technical Support,"Resources, Fuel & Materials",85391.01,89250.18359007002,3,2
COUNTRY_ICELAND,Iceland,2024,General Government Support,Administrative,57920.94,59108.87724052205,2,1
COUNTRY_ICELAND,Iceland,2024,Industrial and Technical Support,Administrative,13698.67,13979.62469857054,1,1
COUNTRY_ICELAND,Iceland,2024,Industrial and Technical Support,"Resources, Fuel & Materials",403039.26,411305.4474331883,9,4
COUNTRY_ICELAND,Iceland,2025,General Government Support,Construction & Infrastructure,234760.3,234760.3,2,2
COUNTRY_ICELAND,Iceland,2025,Industrial and Technical Support,"Resources, Fuel & Materials",1373587.56,1373587.56,29,2
COUNTRY_ICELAND,Iceland,2026,Industrial and Technical Support,Administrative,16591.12,16235.172252681761,1,1
COUNTRY_INDIA,India,2017,General Government Support,"Resources, Fuel & Materials",310386.03,390838.85065950925,1,1
COUNTRY_INDIA,India,2017,Industrial and Technical Support,Administrative,141115.69,177693.2231441718,1,1
COUNTRY_INDIA,India,2018,General Government Support,Administrative,77958.53,95957.95071964017,3,1
COUNTRY_INDIA,India,2018,Industrial and Technical Support,"Resources, Fuel & Materials",234715.25,288907.3766866567,2,1
COUNTRY_INDIA,India,2021,Industrial and Technical Support,"Resources, Fuel & Materials",77567.03,89947.07857344631,2,2
COUNTRY_INDIA,India,2022,General Government Support,Industrial Equipment & Manufacturing,64400,69937.03703703704,1,1
COUNTRY_INDIA,India,2023,Industrial and Technical Support,"Resources, Fuel & Materials",121410.09,126897.1150732018,2,1
COUNTRY_INDONESIA,Indonesia,2018,Industrial and Technical Support,"Resources, Fuel & Materials",98244.36,120927.4656071964,7,1
COUNTRY_INDONESIA,Indonesia,2021,Industrial and Technical Support,Administrative,67869.76,78702.0804519774,1,1
COUNTRY_INDONESIA,Indonesia,2023,General Government Support,Administrative,272020.77999999997,284314.5262635264,3,2
COUNTRY_INDONESIA,Indonesia,2023,General Government Support,"Resources, Fuel & Materials",605940,633324.9395289625,1,1
COUNTRY_INDONESIA,Indonesia,2023,Industrial and Technical Support,"Resources, Fuel & Materials",30376,31748.81731381286,1,1
COUNTRY_INDONESIA,Indonesia,2025,General Government Support,Administrative,109098.07,109098.07,1,1
COUNTRY_INDONESIA,Indonesia,2025,Industrial and Technical Support,Administrative,1482836.15,1482836.15,3,1
COUNTRY_INDONESIA,Indonesia,2025,Industrial and Technical Support,"Resources, Fuel & Materials",14331.47,14331.47,1,1
COUNTRY_IRELAND,Ireland,2017,General Government Support,Administrative,13988.35,17614.164647239264,1,1
COUNTRY_IRELAND,Ireland,2017,Industrial and Technical Support,Administrative,136276.62,171599.85432515337,1,1
COUNTRY_IRELAND,Ireland,2017,Industrial and Technical Support,Communications & Electronics,42805.14,53900.33733128834,1,1
COUNTRY_IRELAND,Ireland,2017,Industrial and Technical Support,"Resources, Fuel & Materials",53166.71,66947.651702454,2,2
COUNTRY_IRELAND,Ireland,2018,General Government Support,Administrative,32593.22,40118.491184407794,1,1
COUNTRY_IRELAND,Ireland,2018,General Government Support,"Resources, Fuel & Materials",556609.77,685122.3705697152,3,1
COUNTRY_IRELAND,Ireland,2018,Industrial and Technical Support,Administrative,308595.10000000003,379844.94317841076,5,1
COUNTRY_IRELAND,Ireland,2018,Industrial and Technical Support,"Resources, Fuel & Materials",69184.57,85158.21884557721,3,3
COUNTRY_IRELAND,Ireland,2019,General Government Support,"Resources, Fuel & Materials",24000,28976.470588235294,1,1
COUNTRY_IRELAND,Ireland,2019,Industrial and Technical Support,"Resources, Fuel & Materials",200542.09,242125.08219117645,7,4
COUNTRY_IRELAND,Ireland,2020,Industrial and Technical Support,Digital Systems & Software,12864.06,15418.092350364963,1,1
COUNTRY_IRELAND,Ireland,2020,Industrial and Technical Support,"Resources, Fuel & Materials",387197.98,464072.3234744526,12,3
COUNTRY_IRELAND,Ireland,2022,General Government Support,"Resources, Fuel & Materials",566405.75,615104.6570767196,1,1
COUNTRY_IRELAND,Ireland,2022,Industrial and Technical Support,Administrative,62624.58,68008.9684920635,1,1
COUNTRY_IRELAND,Ireland,2023,Industrial and Technical Support,"Resources, Fuel & Materials",56154.3,58692.14551241248,2,1
COUNTRY_IRELAND,Ireland,2024,Industrial and Technical Support,Digital Systems & Software,68027,69422.20882535736,1,1
COUNTRY_IRELAND,Ireland,2024,Industrial and Technical Support,"Resources, Fuel & Materials",202152,206298.06339341204,5,3
COUNTRY_IRELAND,Ireland,2025,Industrial and Technical Support,Land Systems & Vehicles,1410240,1410240,1,1
COUNTRY_ISRAEL,Israel,2017,Core Defence Industrial Complex,Land Systems & Vehicles,14759.13,18584.732714723923,1,1
COUNTRY_ISRAEL,Israel,2017,General Government Support,Administrative,91548.01,115277.47884969325,4,4
COUNTRY_ISRAEL,Israel,2017,General Government Support,Aerospace & Space,519356.66,653975.1807668711,1,1
COUNTRY_ISRAEL,Israel,2017,General Government Support,Construction & Infrastructure,228844.58,288161.6567177914,3,1
COUNTRY_ISRAEL,Israel,2017,General Government Support,Industrial Equipment & Manufacturing,137964,173724.6073619632,1,1
COUNTRY_ISRAEL,Israel,2017,Industrial and Technical Support,Administrative,27828.01,35041.09848159509,1,1
COUNTRY_ISRAEL,Israel,2017,Industrial and Technical Support,Land Systems & Vehicles,124678,156994.8435582822,1,1
COUNTRY_ISRAEL,Israel,2018,Core Defence Industrial Complex,Land Systems & Vehicles,23214.81,28574.751139430286,1,1
COUNTRY_ISRAEL,Israel,2018,Core Defence Industrial Complex,Weapons & Military Equipment,79900,98347.67616191904,1,1
COUNTRY_ISRAEL,Israel,2018,General Government Support,Administrative,69539.66,85595.2936431784,4,4
COUNTRY_ISRAEL,Israel,2018,General Government Support,Industrial Equipment & Manufacturing,131822.72999999998,162258.56271364316,3,3
COUNTRY_ISRAEL,Israel,2018,Industrial and Technical Support,Land Systems & Vehicles,30609.89,37677.24091454272,1,1
COUNTRY_ISRAEL,Israel,2018,Industrial and Technical Support,"R&D, Engineering & Scientific Services",14500,17847.82608695652,1,1
COUNTRY_ISRAEL,Israel,2019,Core Defence Industrial Complex,Land Systems & Vehicles,45843.57,55349.36907352941,1,1
COUNTRY_ISRAEL,Israel,2019,Core Defence Industrial Complex,Marine & Shipbuilding,76326.4,92152.90352941175,1,1
COUNTRY_ISRAEL,Israel,2019,General Government Support,Administrative,194527.42,234863.25267647058,5,5
COUNTRY_ISRAEL,Israel,2019,General Government Support,Aerospace & Space,24810.84,29955.440647058822,1,1
COUNTRY_ISRAEL,Israel,2019,General Government Support,Industrial Equipment & Manufacturing,80448.52,97129.75723529412,2,2
COUNTRY_ISRAEL,Israel,2019,Industrial and Technical Support,Communications & Electronics,70640.17,85287.61701470587,1,1
COUNTRY_ISRAEL,Israel,2019,Industrial and Technical Support,"R&D, Engineering & Scientific Services",30873.7,37275.4525,2,1
COUNTRY_ISRAEL,Israel,2019,Industrial and Technical Support,"Resources, Fuel & Materials",64642.93,78046.8316617647,1,1
COUNTRY_ISRAEL,Israel,2020,Core Defence Industrial Complex,Marine & Shipbuilding,37850.27,45365.068131386855,1,1
COUNTRY_ISRAEL,Israel,2020,General Government Support,Administrative,339047.79,406362.3877226277,4,4
COUNTRY_ISRAEL,Israel,2020,General Government Support,Communications & Electronics,728401.74,873018.7277956204,2,2
COUNTRY_ISRAEL,Israel,2020,General Government Support,Industrial Equipment & Manufacturing,66927.66,80215.48738686132,2,1
COUNTRY_ISRAEL,Israel,2020,Industrial and Technical Support,Communications & Electronics,21547.22,25825.208204379564,1,1
COUNTRY_ISRAEL,Israel,2020,Industrial and Technical Support,Digital Systems & Software,31935.81,38276.35037956205,1,1
COUNTRY_ISRAEL,Israel,2020,Industrial and Technical Support,Land Systems & Vehicles,46460.68,55684.99018978103,1,1
COUNTRY_ISRAEL,Israel,2021,General Government Support,Administrative,2663562,3088678.5338983047,2,2
COUNTRY_ISRAEL,Israel,2021,Industrial and Technical Support,"R&D, Engineering & Scientific Services",19413.91,22512.457782485875,1,1
COUNTRY_ISRAEL,Israel,2021,Industrial and Technical Support,"Resources, Fuel & Materials",222060.22999999998,257502.0463700565,5,2
COUNTRY_ISRAEL,Israel,2022,General Government Support,Industrial Equipment & Manufacturing,24999,27148.384920634922,1,1
COUNTRY_ISRAEL,Israel,2022,Industrial and Technical Support,Communications & Electronics,3296409.5,3579830.951719577,1,1
COUNTRY_ISRAEL,Israel,2022,Industrial and Technical Support,"Resources, Fuel & Materials",294653.26,319987.20431216934,4,2
COUNTRY_ISRAEL,Israel,2023,Core Defence Industrial Complex,Weapons & Military Equipment,47230860,49365418.281349465,1,1
COUNTRY_ISRAEL,Israel,2023,General Government Support,Administrative,4105671,4291223.28580522,1,1
COUNTRY_ISRAEL,Israel,2023,General Government Support,Communications & Electronics,443149,463176.7396562699,1,1
COUNTRY_ISRAEL,Israel,2023,Industrial and Technical Support,Digital Systems & Software,95839.2,100170.57059197963,1,1
COUNTRY_ISRAEL,Israel,2023,Industrial and Technical Support,"Resources, Fuel & Materials",123699.55,129290.0452577976,6,3
COUNTRY_ISRAEL,Israel,2024,General Government Support,Administrative,5839683,5959452.75699192,1,1
COUNTRY_ISRAEL,Israel,2024,General Government Support,Industrial Equipment & Manufacturing,211182.14,215513.40825357364,1,1
COUNTRY_ISRAEL,Israel,2024,Industrial and Technical Support,"R&D, Engineering & Scientific Services",2405173.2800000003,2454502.502026103,2,1
COUNTRY_ISRAEL,Israel,2025,Industrial and Technical Support,Administrative,35137.66,35137.66,2,2
COUNTRY_ISRAEL,Israel,2025,Industrial and Technical Support,Communications & Electronics,43603.05,43603.05,1,1
COUNTRY_ISRAEL,Israel,2025,Industrial and Technical Support,Digital Systems & Software,388200.45,388200.45,2,2
COUNTRY_ISRAEL,Israel,2025,Industrial and Technical Support,"R&D, Engineering & Scientific Services",71741.56,71741.56,1,1
COUNTRY_ITALY,Italy,2016,General Government Support,Administrative,12328.34,15765.68090342679,1,1
COUNTRY_ITALY,Italy,2016,Industrial and Technical Support,"Resources, Fuel & Materials",89200.09,114070.5200778816,3,1
COUNTRY_ITALY,Italy,2017,Core Defence Industrial Complex,Land Systems & Vehicles,121415.75,152887.01035276073,1,1
COUNTRY_ITALY,Italy,2017,General Government Support,Administrative,590910.28,744075.6746625766,9,4
COUNTRY_ITALY,Italy,2017,General Government Support,"Resources, Fuel & Materials",143383.77,180549.19504601226,1,1
COUNTRY_ITALY,Italy,2017,Industrial and Technical Support,Administrative,1475377.07,1857798.4271012268,8,2
COUNTRY_ITALY,Italy,2017,Industrial and Technical Support,"Resources, Fuel & Materials",349703.25,440347.19056748465,9,4
COUNTRY_ITALY,Italy,2018,General Government Support,Administrative,395312.13,486583.5962968515,7,5
COUNTRY_ITALY,Italy,2018,General Government Support,Industrial Equipment & Manufacturing,58978.240000000005,72595.40485757121,3,3
COUNTRY_ITALY,Italy,2018,General Government Support,"Resources, Fuel & Materials",357211.42000000004,439686.0207196402,2,1
COUNTRY_ITALY,Italy,2018,Industrial and Technical Support,Administrative,1247230.31,1535196.5285007495,5,1
COUNTRY_ITALY,Italy,2018,Industrial and Technical Support,"R&D, Engineering & Scientific Services",14500,17847.82608695652,1,1
COUNTRY_ITALY,Italy,2018,Industrial and Technical Support,"Resources, Fuel & Materials",580648.6900000001,714711.505982009,10,3
COUNTRY_ITALY,Italy,2019,Core Defence Industrial Complex,Aerospace & Space,12054.21,14553.685897058822,1,1
COUNTRY_ITALY,Italy,2019,General Government Support,Administrative,393604.5,475219.5507352941,7,6
COUNTRY_ITALY,Italy,2019,General Government Support,"Resources, Fuel & Materials",971227.74,1172614.6684411764,6,2
COUNTRY_ITALY,Italy,2019,Industrial and Technical Support,Administrative,1041356.08,1257284.326,12,2
COUNTRY_ITALY,Italy,2019,Industrial and Technical Support,Aerospace & Space,559086.2,675014.3679411764,5,1
COUNTRY_ITALY,Italy,2019,Industrial and Technical Support,Communications & Electronics,24300,29338.676470588234,1,1
COUNTRY_ITALY,Italy,2019,Industrial and Technical Support,Industrial Equipment & Manufacturing,1465225,1769043.713235294,1,1
COUNTRY_ITALY,Italy,2019,Industrial and Technical Support,Land Systems & Vehicles,8974762,10835705.297058823,1,1
COUNTRY_ITALY,Italy,2019,Industrial and Technical Support,"R&D, Engineering & Scientific Services",5233650,6318862.720588235,1,1
COUNTRY_ITALY,Italy,2019,Industrial and Technical Support,"Resources, Fuel & Materials",106914.67,129083.74127941176,6,3
COUNTRY_ITALY,Italy,2020,General Government Support,Administrative,266000.83,318812.67362043797,3,2
COUNTRY_ITALY,Italy,2020,General Government Support,"Resources, Fuel & Materials",486096,582605.5708029197,2,2
COUNTRY_ITALY,Italy,2020,Industrial and Technical Support,Administrative,606436.3200000001,726838.2755036497,3,1
COUNTRY_ITALY,Italy,2021,General Government Support,Industrial Equipment & Manufacturing,88004,102049.83615819209,1,1
COUNTRY_ITALY,Italy,2021,Industrial and Technical Support,"Resources, Fuel & Materials",24427.76,28326.5409039548,1,1
COUNTRY_ITALY,Italy,2022,General Government Support,Administrative,11778.48,12791.18,1,1
COUNTRY_ITALY,Italy,2022,Industrial and Technical Support,"Resources, Fuel & Materials",30921.52,33580.1162962963,1,1
COUNTRY_ITALY,Italy,2023,General Government Support,Administrative,85200.77,89051.3458561426,1,1
COUNTRY_ITALY,Italy,2023,General Government Support,Industrial Equipment & Manufacturing,645656.72,674836.6226861872,7,5
COUNTRY_ITALY,Italy,2023,Industrial and Technical Support,Administrative,317737.83,332097.71919796313,2,2
COUNTRY_ITALY,Italy,2023,Industrial and Technical Support,"Resources, Fuel & Materials",93352.42,97571.4026989179,3,2
COUNTRY_ITALY,Italy,2024,General Government Support,Industrial Equipment & Manufacturing,275287.4,280933.4436295836,1,1
COUNTRY_ITALY,Italy,2024,Industrial and Technical Support,"Resources, Fuel & Materials",123296.23,125824.99046612802,5,2
COUNTRY_ITALY,Italy,2025,General Government Support,Industrial Equipment & Manufacturing,406578.89999999997,406578.89999999997,2,2
COUNTRY_ITALY,Italy,2025,Industrial and Technical Support,Administrative,31195.769999999997,31195.769999999997,2,2
COUNTRY_ITALY,Italy,2025,Industrial and Technical Support,"Resources, Fuel & Materials",201754.67,201754.67,2,1
COUNTRY_IVORY_COAST,Ivory Coast,2017,Industrial and Technical Support,Administrative,58198,73283.0644171779,2,1
COUNTRY_IVORY_COAST,Ivory Coast,2018,General Government Support,Administrative,27099.46,33356.30683658171,1,1
COUNTRY_IVORY_COAST,Ivory Coast,2018,Industrial and Technical Support,Administrative,103377.48,127245.74374812593,2,1
COUNTRY_IVORY_COAST,Ivory Coast,2019,General Government Support,"Resources, Fuel & Materials",46472.69,56108.93895588235,1,1
COUNTRY_IVORY_COAST,Ivory Coast,2019,Industrial and Technical Support,Administrative,129252.99,156053.97763235294,3,2
COUNTRY_IVORY_COAST,Ivory Coast,2022,Industrial and Technical Support,Administrative,47429.25,51507.16170634921,1,1
COUNTRY_IVORY_COAST,Ivory Coast,2022,Industrial and Technical Support,"Resources, Fuel & Materials",1071613.53,1163749.6139285713,21,2
COUNTRY_IVORY_COAST,Ivory Coast,2023,Industrial and Technical Support,"Resources, Fuel & Materials",310661.47,324701.54916613625,2,1
COUNTRY_IVORY_COAST,Ivory Coast,2025,Industrial and Technical Support,"Resources, Fuel & Materials",130831.84,130831.84,4,1
COUNTRY_JAMAICA,Jamaica,2016,Industrial and Technical Support,"Resources, Fuel & Materials",93931.19,120120.72739875388,3,1
COUNTRY_JAMAICA,Jamaica,2017,Industrial and Technical Support,Administrative,17547.22,22095.50248466258,1,1
COUNTRY_JAMAICA,Jamaica,2017,Industrial and Technical Support,"Resources, Fuel & Materials",114599.79000000001,144304.33679447853,6,4
COUNTRY_JAMAICA,Jamaica,2018,General Government Support,Administrative,93280.11,114817.04694152923,2,1
COUNTRY_JAMAICA,Jamaica,2018,General Government Support,Industrial Equipment & Manufacturing,32995.86,40614.094542728635,1,1
COUNTRY_JAMAICA,Jamaica,2018,Industrial and Technical Support,Administrative,582310.5700000001,716757.0884107946,7,2
COUNTRY_JAMAICA,Jamaica,2018,Industrial and Technical Support,"R&D, Engineering & Scientific Services",1025758.49,1262590.285292354,9,3
COUNTRY_JAMAICA,Jamaica,2018,Industrial and Technical Support,"Resources, Fuel & Materials",50201.33,61792.04187406297,2,2
COUNTRY_JAMAICA,Jamaica,2019,General Government Support,Administrative,43815.05,52900.22948529411,2,2
COUNTRY_JAMAICA,Jamaica,2019,Industrial and Technical Support,Administrative,353559.24,426870.7882941176,6,1
COUNTRY_JAMAICA,Jamaica,2019,Industrial and Technical Support,Construction & Infrastructure,96925.4,117023.16676470586,1,1
COUNTRY_JAMAICA,Jamaica,2019,Industrial and Technical Support,"Resources, Fuel & Materials",242032.97,292219.2181911765,13,4
COUNTRY_JAMAICA,Jamaica,2020,General Government Support,Administrative,134069.75,160687.97773722626,4,1
COUNTRY_JAMAICA,Jamaica,2020,General Government Support,Industrial Equipment & Manufacturing,89320.12,107053.74966423358,1,1
COUNTRY_JAMAICA,Jamaica,2020,Industrial and Technical Support,Administrative,72605.15,87020.18708029196,1,1
COUNTRY_JAMAICA,Jamaica,2020,Industrial and Technical Support,"Resources, Fuel & Materials",110144.8,132012.96467153286,5,3
COUNTRY_JAMAICA,Jamaica,2021,General Government Support,Administrative,481896.6,558809.4754237288,1,1
COUNTRY_JAMAICA,Jamaica,2021,General Government Support,Construction & Infrastructure,228447.12,264908.31288135593,1,1
COUNTRY_JAMAICA,Jamaica,2021,General Government Support,Industrial Equipment & Manufacturing,233244.73,270471.64312146895,2,1
COUNTRY_JAMAICA,Jamaica,2021,Industrial and Technical Support,Administrative,30031529.68,34824697.55265536,6,3
COUNTRY_JAMAICA,Jamaica,2021,Industrial and Technical Support,"Resources, Fuel & Materials",375176.74,435056.64341807907,9,2
COUNTRY_JAMAICA,Jamaica,2022,General Government Support,Administrative,143046.28,155345.23264550266,2,2
COUNTRY_JAMAICA,Jamaica,2022,General Government Support,Industrial Equipment & Manufacturing,37452.87,40673.02416666667,1,1
COUNTRY_JAMAICA,Jamaica,2022,Industrial and Technical Support,Communications & Electronics,98883.9,107385.82261904761,1,1
COUNTRY_JAMAICA,Jamaica,2022,Industrial and Technical Support,"Resources, Fuel & Materials",48072.130000000005,52205.31578042328,2,2
COUNTRY_JAMAICA,Jamaica,2023,General Government Support,"Resources, Fuel & Materials",202162,211298.5385105029,2,1
COUNTRY_JAMAICA,Jamaica,2023,Industrial and Technical Support,Administrative,260320.54,272085.50393380015,3,1
COUNTRY_JAMAICA,Jamaica,2023,Industrial and Technical Support,"Resources, Fuel & Materials",45069.77,47106.65966900063,1,1
COUNTRY_JAMAICA,Jamaica,2024,Industrial and Technical Support,"Resources, Fuel & Materials",356584.52,363897.9377501554,3,2
COUNTRY_JAMAICA,Jamaica,2025,Industrial and Technical Support,Administrative,147804.4,147804.4,1,1
COUNTRY_JAMAICA,Jamaica,2025,Industrial and Technical Support,Communications & Electronics,31181.21,31181.21,1,1
COUNTRY_JAMAICA,Jamaica,2025,Industrial and Technical Support,"Resources, Fuel & Materials",33129.04,33129.04,1,1
COUNTRY_JAMAICA,Jamaica,2026,General Government Support,"Resources, Fuel & Materials",63484.55,62122.54535160906,1,1
COUNTRY_JAPAN,Japan,2016,Industrial and Technical Support,"Resources, Fuel & Materials",279500,357429.12772585667,2,1
COUNTRY_JAPAN,Japan,2017,General Government Support,Administrative,224320,282464.2944785276,4,1
COUNTRY_JAPAN,Japan,2017,General Government Support,Industrial Equipment & Manufacturing,11510.16,14493.62171779141,1,1
COUNTRY_JAPAN,Japan,2017,General Government Support,"Resources, Fuel & Materials",1267151.25,1595599.9635736197,5,1
COUNTRY_JAPAN,Japan,2017,Industrial and Technical Support,Administrative,1309266.12,1648631.1112269938,9,2
COUNTRY_JAPAN,Japan,2017,Industrial and Technical Support,"Resources, Fuel & Materials",304712.14,383694.27444785275,4,3
COUNTRY_JAPAN,Japan,2018,General Government Support,Administrative,280049.22,344708.26029985,1,1
COUNTRY_JAPAN,Japan,2018,Industrial and Technical Support,Administrative,493713.1,607703.8307346327,2,2
COUNTRY_JAPAN,Japan,2018,Industrial and Technical Support,Industrial Equipment & Manufacturing,13733.77,16904.685412293853,1,1
COUNTRY_JAPAN,Japan,2019,General Government Support,Administrative,208003.46000000002,251133.58920588234,2,2
COUNTRY_JAPAN,Japan,2019,General Government Support,Aerospace & Space,68959.11,83257.98427941176,1,1
COUNTRY_JAPAN,Japan,2019,General Government Support,Industrial Equipment & Manufacturing,10898.61,13158.468838235294,1,1
COUNTRY_JAPAN,Japan,2019,General Government Support,Marine & Shipbuilding,7142650.8,8623700.45117647,3,3
COUNTRY_JAPAN,Japan,2019,Industrial and Technical Support,Administrative,547596.12,661141.7860588235,3,1
COUNTRY_JAPAN,Japan,2019,Industrial and Technical Support,Aerospace & Space,149014.6,179913.2155882353,1,1
COUNTRY_JAPAN,Japan,2019,Industrial and Technical Support,Communications & Electronics,29777.38,35951.807323529414,1,1
COUNTRY_JAPAN,Japan,2019,Industrial and Technical Support,"Resources, Fuel & Materials",52110.409999999996,62915.65677941176,2,2
COUNTRY_JAPAN,Japan,2020,General Government Support,Administrative,206712.85,247753.6494160584,3,2
COUNTRY_JAPAN,Japan,2020,General Government Support,Construction & Infrastructure,466635.4,559281.2604379562,1,1
COUNTRY_JAPAN,Japan,2020,Industrial and Technical Support,Administrative,563658.27,675567.0652116789,3,1
COUNTRY_JAPAN,Japan,2021,General Government Support,Administrative,167129.90000000002,193804.58742937853,2,2
COUNTRY_JAPAN,Japan,2021,Industrial and Technical Support,Administrative,666990.0800000001,773444.7114124293,2,2
COUNTRY_JAPAN,Japan,2022,General Government Support,Administrative,97541.34,105927.83087301588,3,3
COUNTRY_JAPAN,Japan,2022,General Government Support,Construction & Infrastructure,417300.25,453179.2397486773,1,1
COUNTRY_JAPAN,Japan,2022,General Government Support,Industrial Equipment & Manufacturing,10909.92,11847.942222222224,1,1
COUNTRY_JAPAN,Japan,2022,Industrial and Technical Support,Administrative,1277258.24,1387075.4167195768,3,1
COUNTRY_JAPAN,Japan,2023,General Government Support,Administrative,861713.34,900657.7366518142,4,2
COUNTRY_JAPAN,Japan,2023,General Government Support,Construction & Infrastructure,157858.06,164992.31987269255,1,1
COUNTRY_JAPAN,Japan,2023,Industrial and Technical Support,Administrative,441376.86,461324.5093061744,2,2
COUNTRY_JAPAN,Japan,2023,Industrial and Technical Support,Digital Systems & Software,13613.04,14228.269688096756,1,1
COUNTRY_JAPAN,Japan,2023,Industrial and Technical Support,"Resources, Fuel & Materials",305945.15,319772.0791215786,4,3
COUNTRY_JAPAN,Japan,2024,General Government Support,Administrative,570639.8099999999,582343.4232566811,4,2
COUNTRY_JAPAN,Japan,2024,Industrial and Technical Support,Administrative,2483723.98,2534664.2480795523,6,1
COUNTRY_JAPAN,Japan,2025,Industrial and Technical Support,Digital Systems & Software,4341312.5,4341312.5,1,1
COUNTRY_JAPAN,Japan,2025,Industrial and Technical Support,"R&D, Engineering & Scientific Services",27183.07,27183.07,1,1
COUNTRY_JAPAN,Japan,2025,Industrial and Technical Support,"Resources, Fuel & Materials",165457.36,165457.36,1,1
COUNTRY_JORDAN,Jordan,2020,Industrial and Technical Support,Land Systems & Vehicles,133093.38,159517.75909489053,1,1
COUNTRY_KENYA,Kenya,2017,Industrial and Technical Support,"Resources, Fuel & Materials",12271.61,15452.441426380368,1,1
COUNTRY_KENYA,Kenya,2019,Industrial and Technical Support,"Resources, Fuel & Materials",33185.74,40066.900794117646,3,2
COUNTRY_KIRIBATI,Kiribati,2018,Industrial and Technical Support,"Resources, Fuel & Materials",72178.35,88843.2164167916,3,2
COUNTRY_KIRIBATI,Kiribati,2025,Industrial and Technical Support,"Resources, Fuel & Materials",74113.91,74113.91,1,1
COUNTRY_KOSOVO,Kosovo,2022,Industrial and Technical Support,"Resources, Fuel & Materials",67457.69,73257.62366402117,3,1
COUNTRY_KOSOVO,Kosovo,2024,Industrial and Technical Support,"Resources, Fuel & Materials",129121.04,131769.26518334367,1,1
COUNTRY_KOSOVO,Kosovo,2025,Industrial and Technical Support,"Resources, Fuel & Materials",20308.39,20308.39,1,1
COUNTRY_LATVIA,Latvia,2016,General Government Support,Construction & Infrastructure,83450,106717.21183800622,1,1
COUNTRY_LATVIA,Latvia,2017,General Government Support,Administrative,674435.94,849251.3907055215,5,5
COUNTRY_LATVIA,Latvia,2017,General Government Support,Construction & Infrastructure,567456.5,714542.6173312883,2,2
COUNTRY_LATVIA,Latvia,2017,General Government Support,Industrial Equipment & Manufacturing,30318.4,38177.003680981594,2,1
COUNTRY_LATVIA,Latvia,2017,General Government Support,"R&D, Engineering & Scientific Services",96200,121135.27607361962,1,1
COUNTRY_LATVIA,Latvia,2017,Industrial and Technical Support,Administrative,294647.28,371020.5780368098,4,4
COUNTRY_LATVIA,Latvia,2017,Industrial and Technical Support,"Resources, Fuel & Materials",285538.77999999997,359551.1324846626,14,1
COUNTRY_LATVIA,Latvia,2018,Industrial and Technical Support,"Resources, Fuel & Materials",74283.2,91434.04377811094,2,2
COUNTRY_LATVIA,Latvia,2019,Industrial and Technical Support,"Resources, Fuel & Materials",246292.87,297362.4209852941,11,2
COUNTRY_LIBERIA,Liberia,2016,General Government Support,Administrative,32647.53,41750.190233644855,1,1
COUNTRY_LIBERIA,Liberia,2016,Industrial and Technical Support,"Resources, Fuel & Materials",82954,106082.91900311525,2,1
COUNTRY_LIBERIA,Liberia,2017,Industrial and Technical Support,Administrative,142564.16,179517.14012269938,1,1
COUNTRY_LIBERIA,Liberia,2018,Industrial and Technical Support,Administrative,124770.1,153577.58935532236,2,1
COUNTRY_LITHUANIA,Lithuania,2016,Industrial and Technical Support,"Resources, Fuel & Materials",92682.51,118523.89518691586,1,1
COUNTRY_LITHUANIA,Lithuania,2018,Industrial and Technical Support,Administrative,18719.14,23041.100359820088,1,1
COUNTRY_LITHUANIA,Lithuania,2018,Industrial and Technical Support,"Resources, Fuel & Materials",183395.97,225739.26742128935,3,1
COUNTRY_LITHUANIA,Lithuania,2019,Industrial and Technical Support,"Resources, Fuel & Materials",16544.52,19975.07488235294,1,1
COUNTRY_LITHUANIA,Lithuania,2021,General Government Support,"Resources, Fuel & Materials",40095,46494.34322033898,1,1
COUNTRY_LITHUANIA,Lithuania,2021,Industrial and Technical Support,Administrative,19143.35,22198.715183615815,1,1
COUNTRY_LITHUANIA,Lithuania,2021,Industrial and Technical Support,"Resources, Fuel & Materials",31805,36881.22175141243,1,1
COUNTRY_LITHUANIA,Lithuania,2023,Industrial and Technical Support,Administrative,351370.5,367250.38892425207,1,1
COUNTRY_LITHUANIA,Lithuania,2023,Industrial and Technical Support,"Resources, Fuel & Materials",92980.48,97182.65318905156,3,2
COUNTRY_LUXEMBOURG,Luxembourg,2019,Core Defence Industrial Complex,Land Systems & Vehicles,1470660,1775605.6764705882,1,1
COUNTRY_LUXEMBOURG,Luxembourg,2019,Core Defence Industrial Complex,Weapons & Military Equipment,13219.9,15961.085147058822,1,1
COUNTRY_LUXEMBOURG,Luxembourg,2021,General Government Support,Communications & Electronics,15177.71,17600.141115819206,1,1
COUNTRY_LUXEMBOURG,Luxembourg,2023,General Government Support,Communications & Electronics,11000,11497.135582431572,1,1
COUNTRY_LUXEMBOURG,Luxembourg,2024,General Government Support,Communications & Electronics,10658.19,10876.785568676196,1,1
COUNTRY_LUXEMBOURG,Luxembourg,2024,General Government Support,Industrial Equipment & Manufacturing,0,0,1,1
COUNTRY_MADAGASCAR,Madagascar,2016,General Government Support,Administrative,15420.81,19720.381635514015,1,1
COUNTRY_MADAGASCAR,Madagascar,2016,Industrial and Technical Support,"Resources, Fuel & Materials",83288.28,106510.40168224298,1,1
COUNTRY_MALAYSIA,Malaysia,2017,General Government Support,Administrative,29605.85,37279.758972392636,1,1
COUNTRY_MALAYSIA,Malaysia,2017,General Government Support,"Resources, Fuel & Materials",431064.4,542797.3503067484,2,1
COUNTRY_MALAYSIA,Malaysia,2017,Industrial and Technical Support,Administrative,540099.2,680094.2380368097,3,1
COUNTRY_MALAYSIA,Malaysia,2018,General Government Support,Industrial Equipment & Manufacturing,500080.4,615541.2419790105,1,1
COUNTRY_MALAYSIA,Malaysia,2018,Industrial and Technical Support,Communications & Electronics,114000,140320.8395802099,1,1
COUNTRY_MALAYSIA,Malaysia,2021,Industrial and Technical Support,"Resources, Fuel & Materials",89764.83,104091.70258474576,4,1
COUNTRY_MALAYSIA,Malaysia,2022,Industrial and Technical Support,"Resources, Fuel & Materials",178652.64,194012.98603174606,5,2
COUNTRY_MALAYSIA,Malaysia,2023,Industrial and Technical Support,Administrative,141285.77,147671.05941438573,1,1
COUNTRY_MALAYSIA,Malaysia,2023,Industrial and Technical Support,"Resources, Fuel & Materials",165817.91,173311.90847867602,3,2
COUNTRY_MALAYSIA,Malaysia,2024,Industrial and Technical Support,"Resources, Fuel & Materials",28596,29182.49347420758,2,2
COUNTRY_MALAYSIA,Malaysia,2025,General Government Support,Administrative,134364.14,134364.14,1,1
COUNTRY_MALAYSIA,Malaysia,2025,Industrial and Technical Support,Administrative,290959.06,290959.06,1,1
COUNTRY_MALAYSIA,Malaysia,2025,Industrial and Technical Support,"Resources, Fuel & Materials",11200.52,11200.52,1,1
COUNTRY_MALDIVES,Maldives,2022,Industrial and Technical Support,"Resources, Fuel & Materials",39464.19,42857.27511904763,1,1
COUNTRY_MALDIVES,Maldives,2023,Industrial and Technical Support,"Resources, Fuel & Materials",41181.44,43042.59992361553,1,1
COUNTRY_MALI,Mali,2018,General Government Support,Administrative,214660.31,264222.06073463266,3,2
COUNTRY_MALI,Mali,2018,General Government Support,Construction & Infrastructure,395000,486199.40029985004,1,1
COUNTRY_MALI,Mali,2019,General Government Support,Administrative,241783,291917.4161764706,2,1
COUNTRY_MALI,Mali,2020,General Government Support,Administrative,171219.84,205213.8520291971,1,1
COUNTRY_MALI,Mali,2021,General Government Support,Administrative,231996.3,269023.9580508474,1,1
COUNTRY_MALTA,Malta,2023,General Government Support,Administrative,38435.06,40172.0996308084,1,1
COUNTRY_MALTA,Malta,2023,General Government Support,"Resources, Fuel & Materials",313074,327223.1113940166,1,1
COUNTRY_MALTA,Malta,2023,Industrial and Technical Support,Administrative,196569.08,205452.85127943984,1,1
COUNTRY_MALTA,Malta,2024,Industrial and Technical Support,"Resources, Fuel & Materials",27066.79,27621.919937849594,1,1
COUNTRY_MARSHALL_ISLANDS,Marshall Islands,2018,Industrial and Technical Support,"Resources, Fuel & Materials",24123.52,29693.26824587706,1,1
COUNTRY_MEXICO,Mexico,2016,General Government Support,"Resources, Fuel & Materials",349332.12,446731.57401869155,4,1
COUNTRY_MEXICO,Mexico,2016,Industrial and Technical Support,Administrative,160931.47,205801.77082554513,5,3
COUNTRY_MEXICO,Mexico,2017,General Government Support,"Resources, Fuel & Materials",40868.51,51461.72808282208,1,1
COUNTRY_MEXICO,Mexico,2017,Industrial and Technical Support,Administrative,65633.21,82645.49909509203,2,2
COUNTRY_MEXICO,Mexico,2017,Industrial and Technical Support,"Resources, Fuel & Materials",43508.54,54786.0603374233,2,2
COUNTRY_MEXICO,Mexico,2018,General Government Support,Administrative,134523.59,165583.0095802099,2,2
COUNTRY_MEXICO,Mexico,2018,General Government Support,"Resources, Fuel & Materials",115905.86,142666.7332233883,1,1
COUNTRY_MEXICO,Mexico,2018,Industrial and Technical Support,Administrative,248821.47999999998,306270.51736131933,4,2
COUNTRY_MEXICO,Mexico,2019,General Government Support,Administrative,12431.47,15009.171867647057,1,1
COUNTRY_MEXICO,Mexico,2019,General Government Support,Aerospace & Space,162020.64,195616.09623529413,1,1
COUNTRY_MEXICO,Mexico,2019,General Government Support,Marine & Shipbuilding,39884.08,48154.16129411765,1,1
COUNTRY_MEXICO,Mexico,2019,Industrial and Technical Support,Aerospace & Space,12724.35,15362.781397058823,1,1
COUNTRY_MEXICO,Mexico,2019,Industrial and Technical Support,Marine & Shipbuilding,39431.3,47607.49602941176,1,1
COUNTRY_MEXICO,Mexico,2019,Industrial and Technical Support,"Resources, Fuel & Materials",101617.92,122688.69458823529,2,2
COUNTRY_MEXICO,Mexico,2020,Industrial and Technical Support,Administrative,21234.65,25450.58051094891,1,1
COUNTRY_MEXICO,Mexico,2021,General Government Support,"Resources, Fuel & Materials",301136.38,349199.10731638415,1,1
COUNTRY_MEXICO,Mexico,2021,Industrial and Technical Support,Land Systems & Vehicles,2868535,3326366.1511299433,1,1
COUNTRY_MEXICO,Mexico,2022,General Government Support,Administrative,88353.87,95950.4328968254,2,1
COUNTRY_MEXICO,Mexico,2022,General Government Support,"Resources, Fuel & Materials",266426.72,289333.77925925923,1,1
COUNTRY_MEXICO,Mexico,2022,Industrial and Technical Support,Administrative,20967.81,22770.5978968254,1,1
COUNTRY_MEXICO,Mexico,2022,Industrial and Technical Support,"Resources, Fuel & Materials",678047.7,736345.4519841269,1,1
COUNTRY_MEXICO,Mexico,2023,General Government Support,Administrative,70999.64,74208.40794398473,1,1
COUNTRY_MEXICO,Mexico,2024,General Government Support,Administrative,32500,33166.56308266003,1,1
COUNTRY_MEXICO,Mexico,2024,Industrial and Technical Support,Administrative,39396.03,40204.02812927284,2,1
COUNTRY_MEXICO,Mexico,2024,Industrial and Technical Support,"Resources, Fuel & Materials",69307.4,70728.86935985083,1,1
COUNTRY_MEXICO,Mexico,2025,General Government Support,Administrative,79808.73,79808.73,1,1
COUNTRY_MEXICO,Mexico,2025,General Government Support,"Resources, Fuel & Materials",141436,141436,2,1
COUNTRY_MEXICO,Mexico,2025,Industrial and Technical Support,Administrative,455111.01999999996,455111.01999999996,4,3
COUNTRY_MEXICO,Mexico,2025,Industrial and Technical Support,"Resources, Fuel & Materials",56467.13,56467.13,1,1
COUNTRY_MEXICO,Mexico,2026,General Government Support,Administrative,10962,10726.820023837901,1,1
COUNTRY_MEXICO,Mexico,2026,General Government Support,"Resources, Fuel & Materials",150039.38,146820.41833134682,1,1
COUNTRY_MONGOLIA,Mongolia,2018,General Government Support,Administrative,25000,30772.113943028486,1,1
COUNTRY_MONGOLIA,Mongolia,2019,General Government Support,Administrative,12935,15617.110294117647,1,1
COUNTRY_MONGOLIA,Mongolia,2023,General Government Support,Administrative,52478.08,54849.78189688097,1,1
COUNTRY_MONTENEGRO,Montenegro,2018,General Government Support,Administrative,45620.66,56153.76590704648,1,1
COUNTRY_MOROCCO,Morocco,2018,General Government Support,Construction & Infrastructure,27181.58,33457.38707646177,1,1
COUNTRY_MOROCCO,Morocco,2019,General Government Support,"Resources, Fuel & Materials",229359.92,276918.374,4,1
COUNTRY_MOROCCO,Morocco,2019,Industrial and Technical Support,Administrative,56487.270000000004,68200.07157352942,2,1
COUNTRY_MOROCCO,Morocco,2022,General Government Support,Administrative,25691.84,27900.794497354498,1,1
COUNTRY_MOROCCO,Morocco,2024,Industrial and Technical Support,"Resources, Fuel & Materials",141480.65,144382.36625233063,3,1
COUNTRY_MOROCCO,Morocco,2025,General Government Support,Administrative,29488.39,29488.39,1,1
COUNTRY_NAMIBIA,Namibia,2022,Industrial and Technical Support,"Resources, Fuel & Materials",35518.01,38571.80715608466,1,1
COUNTRY_NEPAL,Nepal,2021,Industrial and Technical Support,"Resources, Fuel & Materials",20152.37,23368.77933615819,1,1
COUNTRY_NETHERLANDS,Netherlands,2016,General Government Support,"Resources, Fuel & Materials",77593.45,99227.76082554516,1,1
COUNTRY_NETHERLANDS,Netherlands,2016,Industrial and Technical Support,Administrative,53665.84,68628.74554517133,1,1
COUNTRY_NETHERLANDS,Netherlands,2016,Industrial and Technical Support,"Resources, Fuel & Materials",120952.1,154675.50482866043,3,2
COUNTRY_NETHERLANDS,Netherlands,2017,General Government Support,Administrative,134681.57,169591.36345092024,2,2
COUNTRY_NETHERLANDS,Netherlands,2017,General Government Support,Industrial Equipment & Manufacturing,2539229.98,3197404.6220552144,8,5
COUNTRY_NETHERLANDS,Netherlands,2017,Industrial and Technical Support,Communications & Electronics,110152.8,138704.67607361963,1,1
COUNTRY_NETHERLANDS,Netherlands,2017,Industrial and Technical Support,Digital Systems & Software,16203.56,20403.56251533742,1,1
COUNTRY_NETHERLANDS,Netherlands,2017,Industrial and Technical Support,"Resources, Fuel & Materials",96573.34,121605.3867177914,3,3
COUNTRY_NETHERLANDS,Netherlands,2018,General Government Support,Administrative,187270.95,230508.9204647676,2,2
COUNTRY_NETHERLANDS,Netherlands,2018,General Government Support,Industrial Equipment & Manufacturing,131919.52,162377.700029985,1,1
COUNTRY_NETHERLANDS,Netherlands,2018,General Government Support,Marine & Shipbuilding,517675.5,637198.7788605697,1,1
COUNTRY_NETHERLANDS,Netherlands,2018,Industrial and Technical Support,Communications & Electronics,89430.28,110078.35064467766,1,1
COUNTRY_NETHERLANDS,Netherlands,2018,Industrial and Technical Support,"R&D, Engineering & Scientific Services",135250,166477.1364317841,2,2
COUNTRY_NETHERLANDS,Netherlands,2019,Core Defence Industrial Complex,Marine & Shipbuilding,432960.6,522736.25382352935,1,1
COUNTRY_NETHERLANDS,Netherlands,2019,General Government Support,Administrative,19497.77,23540.689955882353,1,1
COUNTRY_NETHERLANDS,Netherlands,2019,General Government Support,Industrial Equipment & Manufacturing,316039.5,381571.21985294117,1,1
COUNTRY_NETHERLANDS,Netherlands,2019,Industrial and Technical Support,Aerospace & Space,60458.02,72994.16826470588,1,1
COUNTRY_NETHERLANDS,Netherlands,2020,Core Defence Industrial Complex,Marine & Shipbuilding,432934,518888.7795620438,1,1
COUNTRY_NETHERLANDS,Netherlands,2020,General Government Support,Industrial Equipment & Manufacturing,90000,107868.61313868614,1,1
COUNTRY_NETHERLANDS,Netherlands,2021,General Government Support,Administrative,245934.41,285186.6534039548,6,2
COUNTRY_NETHERLANDS,Netherlands,2021,General Government Support,Industrial Equipment & Manufacturing,12575.3,14582.374717514123,1,1
COUNTRY_NETHERLANDS,Netherlands,2021,Industrial and Technical Support,Administrative,128317.42,148797.46019774012,1,1
COUNTRY_NETHERLANDS,Netherlands,2021,Industrial and Technical Support,Communications & Electronics,13794.7,15996.396468926554,1,1
COUNTRY_NETHERLANDS,Netherlands,2021,Industrial and Technical Support,"Resources, Fuel & Materials",94878.35,110021.36348870056,3,2
COUNTRY_NETHERLANDS,Netherlands,2022,General Government Support,Administrative,10918.99,11857.79205026455,1,1
COUNTRY_NETHERLANDS,Netherlands,2022,General Government Support,Industrial Equipment & Manufacturing,62654.66,68041.63473544974,1,1
COUNTRY_NETHERLANDS,Netherlands,2022,Industrial and Technical Support,Communications & Electronics,356964.74,387656.1528306878,2,2
COUNTRY_NETHERLANDS,Netherlands,2022,Industrial and Technical Support,"Resources, Fuel & Materials",931788.22,1011902.2865343916,9,2
COUNTRY_NETHERLANDS,Netherlands,2023,General Government Support,Industrial Equipment & Manufacturing,928544.36,970509.127383832,2,2
COUNTRY_NETHERLANDS,Netherlands,2023,Industrial and Technical Support,Communications & Electronics,125980.35,131673.9240611076,1,1
COUNTRY_NETHERLANDS,Netherlands,2023,Industrial and Technical Support,"Resources, Fuel & Materials",73362.61,76678.17035009549,2,1
COUNTRY_NETHERLANDS,Netherlands,2024,General Government Support,Industrial Equipment & Manufacturing,12374,12627.786202610316,1,1
COUNTRY_NETHERLANDS,Netherlands,2024,Industrial and Technical Support,Digital Systems & Software,229530.84,234238.43336233683,1,1
COUNTRY_NETHERLANDS,Netherlands,2025,Core Defence Industrial Complex,Weapons & Military Equipment,10462291,10462291,1,1
COUNTRY_NETHERLANDS,Netherlands,2025,General Government Support,Administrative,29579.88,29579.88,1,1
COUNTRY_NETHERLANDS,Netherlands,2025,General Government Support,Communications & Electronics,384219.97,384219.97,1,1
COUNTRY_NETHERLANDS,Netherlands,2025,General Government Support,Industrial Equipment & Manufacturing,11829.1,11829.1,1,1
COUNTRY_NETHERLANDS,Netherlands,2025,General Government Support,"Resources, Fuel & Materials",271911.72,271911.72,1,1
COUNTRY_NETHERLANDS,Netherlands,2025,Industrial and Technical Support,Administrative,115053,115053,2,2
COUNTRY_NETHERLANDS,Netherlands,2026,Core Defence Industrial Complex,Marine & Shipbuilding,14532.49,14220.70833134684,1,1
COUNTRY_NEW_CALEDONIA,New Caledonia,2016,Industrial and Technical Support,"Resources, Fuel & Materials",173690.26,222117.91816199373,3,1
COUNTRY_NEW_CALEDONIA,New Caledonia,2023,Industrial and Technical Support,"Resources, Fuel & Materials",485640.25,507588.3453214513,3,1
COUNTRY_NEW_CALEDONIA,New Caledonia,2025,Industrial and Technical Support,"Resources, Fuel & Materials",291815.1,291815.1,1,1
COUNTRY_NEW_ZEALAND,New Zealand,2016,General Government Support,Administrative,26726.42,34178.17884735202,1,1
COUNTRY_NEW_ZEALAND,New Zealand,2016,Industrial and Technical Support,Administrative,65503.46000000001,83766.88576323987,2,1
COUNTRY_NEW_ZEALAND,New Zealand,2017,Industrial and Technical Support,"Resources, Fuel & Materials",47423,59715.15797546012,1,1
COUNTRY_NEW_ZEALAND,New Zealand,2018,Industrial and Technical Support,Industrial Equipment & Manufacturing,17425.33,21448.569610194903,1,1
COUNTRY_NEW_ZEALAND,New Zealand,2018,Industrial and Technical Support,"Resources, Fuel & Materials",61383.31,75555.76838080959,1,1
COUNTRY_NEW_ZEALAND,New Zealand,2020,Industrial and Technical Support,"Resources, Fuel & Materials",101710.73,121904.39318248176,3,1
COUNTRY_NEW_ZEALAND,New Zealand,2021,Industrial and Technical Support,Administrative,268800.72,311702.52983050846,2,1
COUNTRY_NEW_ZEALAND,New Zealand,2021,Industrial and Technical Support,"Resources, Fuel & Materials",21147.44,24522.667005649713,1,1
COUNTRY_NIGER,Niger,2017,General Government Support,Administrative,19467,24512.89417177914,1,1
COUNTRY_NIGER,Niger,2017,Industrial and Technical Support,"Resources, Fuel & Materials",77598.59,97712.33495398772,4,4
COUNTRY_NIGER,Niger,2018,General Government Support,Administrative,170758.23,210183.6684107946,9,1
COUNTRY_NIGER,Niger,2018,Industrial and Technical Support,"Resources, Fuel & Materials",41424.91,50989.28202398801,2,2
COUNTRY_NIGER,Niger,2019,General Government Support,Administrative,18204.12,21978.79782352941,1,1
COUNTRY_NIGER,Niger,2019,Industrial and Technical Support,"Resources, Fuel & Materials",66930.77,80809.06201470588,2,2
COUNTRY_NIGER,Niger,2020,Industrial and Technical Support,"Resources, Fuel & Materials",44193.880000000005,52968.139386861316,2,2
COUNTRY_NIGER,Niger,2021,Industrial and Technical Support,"Resources, Fuel & Materials",79004.38,91613.83612994349,4,2
COUNTRY_NIGERIA,Nigeria,2018,General Government Support,Administrative,70171.65,86373.20037481259,3,2
COUNTRY_NIGERIA,Nigeria,2018,Industrial and Technical Support,Administrative,44888.44,55252.48761619191,2,1
COUNTRY_NIGERIA,Nigeria,2018,Industrial and Technical Support,"Resources, Fuel & Materials",36117.52,44456.4976311844,1,1
COUNTRY_NIGERIA,Nigeria,2022,Industrial and Technical Support,Administrative,127223.13,138161.62662698413,2,2
COUNTRY_NIGERIA,Nigeria,2022,Industrial and Technical Support,"Resources, Fuel & Materials",29201.72,31712.449894179896,1,1
COUNTRY_NORTHERN_MARIANA_ISLANDS,Northern Mariana Islands,2023,Industrial and Technical Support,"Resources, Fuel & Materials",41353.25,43222.17472947168,3,1
COUNTRY_NORTH_MACEDONIA,North Macedonia,2018,General Government Support,Administrative,90067.09,110862.19023988006,3,3
COUNTRY_NORTH_MACEDONIA,North Macedonia,2021,Industrial and Technical Support,"Resources, Fuel & Materials",10934.42,12679.602853107344,1,1
COUNTRY_NORTH_MACEDONIA,North Macedonia,2022,Industrial and Technical Support,"Resources, Fuel & Materials",118977.84,129207.4161904762,6,2
COUNTRY_NORTH_MACEDONIA,North Macedonia,2023,General Government Support,Administrative,92588,96772.43539147041,1,1
COUNTRY_NORTH_MACEDONIA,North Macedonia,2023,Industrial and Technical Support,"Resources, Fuel & Materials",232496.18,243003.6458052196,10,3
COUNTRY_NORTH_MACEDONIA,North Macedonia,2024,General Government Support,Administrative,105681,107848.47855811063,2,2
COUNTRY_NORTH_MACEDONIA,North Macedonia,2024,Industrial and Technical Support,"Resources, Fuel & Materials",136359.51,139156.19354878805,2,2
COUNTRY_NORWAY,Norway,2017,Core Defence Industrial Complex,Aerospace & Space,371639,467968.740797546,1,1
COUNTRY_NORWAY,Norway,2017,General Government Support,Administrative,83809.98999999999,105533.7450766871,2,2
COUNTRY_NORWAY,Norway,2017,General Government Support,Industrial Equipment & Manufacturing,3011349.43,3791898.592070552,3,3
COUNTRY_NORWAY,Norway,2017,General Government Support,"Resources, Fuel & Materials",232090,292248.29754601227,2,1
COUNTRY_NORWAY,Norway,2017,Industrial and Technical Support,Administrative,160387.2,201959.95582822085,2,1
COUNTRY_NORWAY,Norway,2017,Industrial and Technical Support,Communications & Electronics,547230.94,689074.5425460122,1,1
COUNTRY_NORWAY,Norway,2018,General Government Support,Administrative,122596.47,150902.10175412294,3,3
COUNTRY_NORWAY,Norway,2018,General Government Support,"Resources, Fuel & Materials",451572.17000000004,555833.2107496252,3,1
COUNTRY_NORWAY,Norway,2018,Industrial and Technical Support,Administrative,648705.2899999999,798481.3239730134,4,1
COUNTRY_NORWAY,Norway,2018,Industrial and Technical Support,Digital Systems & Software,158734.6,195383.96791604196,1,1
COUNTRY_NORWAY,Norway,2018,Industrial and Technical Support,Land Systems & Vehicles,765515.77,942261.5399850075,2,1
COUNTRY_NORWAY,Norway,2018,Industrial and Technical Support,"R&D, Engineering & Scientific Services",18822,23167.709145427285,1,1
COUNTRY_NORWAY,Norway,2018,Industrial and Technical Support,"Resources, Fuel & Materials",594066.83,731227.6873013492,15,6
COUNTRY_NORWAY,Norway,2019,Core Defence Industrial Complex,Marine & Shipbuilding,25640974,30957705.373529408,1,1
COUNTRY_NORWAY,Norway,2019,Industrial and Technical Support,"Resources, Fuel & Materials",305997.79000000004,369447.33175,7,3
COUNTRY_NORWAY,Norway,2020,Core Defence Industrial Complex,Weapons & Military Equipment,310161.6,371741.12934306567,1,1
COUNTRY_NORWAY,Norway,2020,Industrial and Technical Support,Land Systems & Vehicles,19353.95,23196.486058394163,1,1
COUNTRY_NORWAY,Norway,2020,Industrial and Technical Support,"Resources, Fuel & Materials",10138.01,12150.81198540146,1,1
COUNTRY_NORWAY,Norway,2021,General Government Support,Administrative,187045.67,216899.0043361582,1,1
COUNTRY_NORWAY,Norway,2021,General Government Support,Industrial Equipment & Manufacturing,196775.62,228181.89833333332,2,2
COUNTRY_NORWAY,Norway,2021,General Government Support,"Resources, Fuel & Materials",338568.14,392605.1453954802,2,2
COUNTRY_NORWAY,Norway,2021,Industrial and Technical Support,Administrative,418913.39,485773.86043785315,2,1
COUNTRY_NORWAY,Norway,2021,Industrial and Technical Support,"Resources, Fuel & Materials",288225.82,334227.96358757064,3,2
COUNTRY_NORWAY,Norway,2022,General Government Support,Industrial Equipment & Manufacturing,24749.8,26877.758994708995,1,1
COUNTRY_NORWAY,Norway,2022,Industrial and Technical Support,Administrative,201393.95,218709.56739417993,1,1
COUNTRY_NORWAY,Norway,2022,Industrial and Technical Support,"Resources, Fuel & Materials",47751.68,51857.31386243387,1,1
COUNTRY_NORWAY,Norway,2023,Core Defence Industrial Complex,Weapons & Military Equipment,40382236,42207276.58306811,1,1
COUNTRY_NORWAY,Norway,2023,General Government Support,Construction & Infrastructure,97765.15,102183.56225334182,1,1
COUNTRY_NORWAY,Norway,2023,Industrial and Technical Support,"R&D, Engineering & Scientific Services",1442500,1507692.552514322,2,2
COUNTRY_NORWAY,Norway,2023,Industrial and Technical Support,"Resources, Fuel & Materials",36135.88,37769.01015913431,1,1
COUNTRY_NORWAY,Norway,2024,General Government Support,Administrative,45273.73,46202.27760099441,1,1
COUNTRY_NORWAY,Norway,2024,Industrial and Technical Support,"R&D, Engineering & Scientific Services",25000,25512.740832815412,1,1
COUNTRY_NORWAY,Norway,2024,Industrial and Technical Support,"Resources, Fuel & Materials",229983.48,234700.35684275947,2,1
COUNTRY_NORWAY,Norway,2025,Core Defence Industrial Complex,Marine & Shipbuilding,2589484.26,2589484.26,8,7
COUNTRY_NORWAY,Norway,2025,General Government Support,Construction & Infrastructure,16895.48,16895.48,1,1
COUNTRY_NORWAY,Norway,2025,Industrial and Technical Support,"R&D, Engineering & Scientific Services",6806224.5,6806224.5,2,2
COUNTRY_NORWAY,Norway,2026,Core Defence Industrial Complex,Marine & Shipbuilding,485201.66000000003,474792.0892252681,4,4
COUNTRY_OMAN,Oman,2021,General Government Support,Administrative,206699.96,239690.2078531073,3,1
COUNTRY_OMAN,Oman,2021,Industrial and Technical Support,Administrative,334312.56,387670.35559322033,3,1
COUNTRY_OMAN,Oman,2023,General Government Support,Administrative,58656.06,61306.97041374921,1,1
COUNTRY_OMAN,Oman,2023,General Government Support,"Resources, Fuel & Materials",393317.25,411092.88637810317,1,1
COUNTRY_OMAN,Oman,2023,Industrial and Technical Support,Administrative,183702.97999999998,192005.27890515595,2,2
COUNTRY_OMAN,Oman,2025,General Government Support,Administrative,25904.15,25904.15,1,1
COUNTRY_OMAN,Oman,2025,Industrial and Technical Support,Administrative,139204.12,139204.12,1,1
COUNTRY_OMAN,Oman,2025,Industrial and Technical Support,"Resources, Fuel & Materials",71187.31,71187.31,1,1
COUNTRY_PAKISTAN,Pakistan,2021,Industrial and Technical Support,"Resources, Fuel & Materials",35025.46,40615.68172316384,1,1
COUNTRY_PAKISTAN,Pakistan,2022,General Government Support,Administrative,182450.06,198136.9037830688,1,1
COUNTRY_PANAMA,Panama,2017,Industrial and Technical Support,Administrative,174624.11000000002,219887.1078374233,3,3
COUNTRY_PANAMA,Panama,2017,Industrial and Technical Support,"Resources, Fuel & Materials",37538.51,47268.583911042944,1,1
COUNTRY_PANAMA,Panama,2018,Industrial and Technical Support,"Resources, Fuel & Materials",20317.38,25008.349295352324,1,1
COUNTRY_PANAMA,Panama,2019,Industrial and Technical Support,"Resources, Fuel & Materials",82540.70000000001,99655.7569117647,4,3
COUNTRY_PANAMA,Panama,2021,Industrial and Technical Support,Administrative,67456,78222.28248587571,1,1
COUNTRY_PANAMA,Panama,2024,Industrial and Technical Support,Administrative,427501.84,436269.74597886886,1,1
COUNTRY_PANAMA,Panama,2025,General Government Support,Administrative,40020.06,40020.06,1,1
COUNTRY_PANAMA,Panama,2025,General Government Support,"Resources, Fuel & Materials",79369.4,79369.4,2,1
COUNTRY_PANAMA,Panama,2025,Industrial and Technical Support,Administrative,627301.76,627301.76,8,3
COUNTRY_PANAMA,Panama,2025,Industrial and Technical Support,"Resources, Fuel & Materials",122282.89,122282.89,2,2
COUNTRY_PAPUA_NEW_GUINEA,Papua New Guinea,2018,Industrial and Technical Support,"Resources, Fuel & Materials",42013.38,51713.62065967016,1,1
COUNTRY_PERU,Peru,2016,General Government Support,Administrative,11255.11,14393.216993769469,1,1
COUNTRY_PERU,Peru,2016,Industrial and Technical Support,"Resources, Fuel & Materials",56136.92,71788.80267912772,2,1
COUNTRY_PERU,Peru,2018,General Government Support,Administrative,13931.02,17147.477391304346,1,1
COUNTRY_PERU,Peru,2018,Industrial and Technical Support,"Resources, Fuel & Materials",33620.84,41383.372773613184,1,1
COUNTRY_PERU,Peru,2019,Industrial and Technical Support,"Resources, Fuel & Materials",45439.96,54862.06935294117,1,1
COUNTRY_PERU,Peru,2022,General Government Support,Administrative,61938.630000000005,67264.04130952382,3,3
COUNTRY_PERU,Peru,2024,General Government Support,Administrative,94278.19,96211.80110627718,3,3
COUNTRY_PERU,Peru,2025,General Government Support,Administrative,63839.6,63839.6,3,3
COUNTRY_PERU,Peru,2025,General Government Support,"Resources, Fuel & Materials",119099.53,119099.53,1,1
COUNTRY_PERU,Peru,2025,Industrial and Technical Support,Administrative,131409.8,131409.8,1,1
COUNTRY_PERU,Peru,2026,General Government Support,Administrative,43174.47,42248.200083432654,2,2
COUNTRY_PHILIPPINES,Philippines,2017,Industrial and Technical Support,Administrative,29180.23,36743.81722392638,1,1
COUNTRY_PHILIPPINES,Philippines,2017,Industrial and Technical Support,"Resources, Fuel & Materials",13490.75,16987.58550613497,1,1
COUNTRY_PHILIPPINES,Philippines,2019,General Government Support,Administrative,30354,36647.99117647058,1,1
COUNTRY_PHILIPPINES,Philippines,2021,Industrial and Technical Support,Administrative,206363.81,239300.4067937853,1,1
COUNTRY_PHILIPPINES,Philippines,2022,Industrial and Technical Support,Administrative,244184.48,265179.17735449737,1,1
COUNTRY_PHILIPPINES,Philippines,2022,Industrial and Technical Support,"Resources, Fuel & Materials",27140.14,29473.617645502647,1,1
COUNTRY_PHILIPPINES,Philippines,2023,General Government Support,Administrative,98974.4,103447.46327180142,2,2
COUNTRY_PHILIPPINES,Philippines,2023,Industrial and Technical Support,Administrative,138912.75,145190.7928071292,1,1
COUNTRY_PHILIPPINES,Philippines,2024,Core Defence Industrial Complex,Marine & Shipbuilding,15189.36,15500.888203853325,1,1
COUNTRY_PHILIPPINES,Philippines,2024,General Government Support,Administrative,85700.27,87457.95111249223,1,1
COUNTRY_PHILIPPINES,Philippines,2024,Industrial and Technical Support,Administrative,12833.21,13096.414431323801,1,1
COUNTRY_PHILIPPINES,Philippines,2024,Industrial and Technical Support,"Resources, Fuel & Materials",70289.45,71731.06084524549,3,2
COUNTRY_PHILIPPINES,Philippines,2025,General Government Support,Administrative,359920.03,359920.03,5,3
COUNTRY_PHILIPPINES,Philippines,2025,Industrial and Technical Support,Administrative,638607.69,638607.69,3,2
COUNTRY_POLAND,Poland,2016,General Government Support,Administrative,497699.95,636466.7584890965,4,4
COUNTRY_POLAND,Poland,2016,General Government Support,Industrial Equipment & Manufacturing,43743.35,55939.704595015566,2,2
COUNTRY_POLAND,Poland,2016,Industrial and Technical Support,"Resources, Fuel & Materials",104464.88,133591.38080996883,4,3
COUNTRY_POLAND,Poland,2017,General Government Support,Administrative,148222.38,186641.98463190184,8,5
COUNTRY_POLAND,Poland,2017,General Government Support,Construction & Infrastructure,124895.86,157269.17340490798,5,5
COUNTRY_POLAND,Poland,2017,General Government Support,Industrial Equipment & Manufacturing,131869.24,166050.0706134969,2,2
COUNTRY_POLAND,Poland,2017,Industrial and Technical Support,Administrative,55387.17,69743.66038343558,1,1
COUNTRY_POLAND,Poland,2017,Industrial and Technical Support,Aerospace & Space,89250,112383.8190184049,1,1
COUNTRY_POLAND,Poland,2017,Industrial and Technical Support,"Resources, Fuel & Materials",87079.79000000001,109651.08526073619,4,2
COUNTRY_POLAND,Poland,2018,General Government Support,Administrative,10344.25,12732.577586206897,1,1
COUNTRY_POLAND,Poland,2018,General Government Support,"Resources, Fuel & Materials",332523.86,409298.4843478261,2,2
COUNTRY_POLAND,Poland,2018,Industrial and Technical Support,Administrative,133291.77,164066.7813643178,2,1
COUNTRY_POLAND,Poland,2021,General Government Support,Administrative,182739.3,211905.31822033896,1,1
COUNTRY_POLAND,Poland,2021,Industrial and Technical Support,"Resources, Fuel & Materials",478561.15,554941.6725282485,15,1
COUNTRY_POLAND,Poland,2022,General Government Support,Administrative,163228.69,177262.90276455026,1,1
COUNTRY_POLAND,Poland,2022,General Government Support,Construction & Infrastructure,3751957.1,4074546.0041005295,3,3
COUNTRY_POLAND,Poland,2022,Industrial and Technical Support,Administrative,116450.44,126462.7132804233,1,1
COUNTRY_POLAND,Poland,2022,Industrial and Technical Support,"Resources, Fuel & Materials",2343515.79,2545008.549722222,72,3
COUNTRY_POLAND,Poland,2023,General Government Support,Administrative,156495.28,163567.95019732654,2,2
COUNTRY_POLAND,Poland,2023,Industrial and Technical Support,"Resources, Fuel & Materials",1965251.81,2054069.6830171866,64,3
COUNTRY_POLAND,Poland,2024,General Government Support,Administrative,245993.79,251039.0324300808,3,2
COUNTRY_POLAND,Poland,2024,General Government Support,Industrial Equipment & Manufacturing,10384.88,10597.870080795523,1,1
COUNTRY_POLAND,Poland,2024,Industrial and Technical Support,"Resources, Fuel & Materials",982763.72,1002919.8435301428,18,3
COUNTRY_POLAND,Poland,2025,Core Defence Industrial Complex,Marine & Shipbuilding,13337.4,13337.4,1,1
COUNTRY_POLAND,Poland,2025,General Government Support,Administrative,141599.06,141599.06,3,3
COUNTRY_POLAND,Poland,2025,Industrial and Technical Support,Administrative,62844.84,62844.84,1,1
COUNTRY_POLAND,Poland,2025,Industrial and Technical Support,"Resources, Fuel & Materials",3406397.4499999997,3406397.4499999997,13,1
COUNTRY_PORTUGAL,Portugal,2016,Industrial and Technical Support,"Resources, Fuel & Materials",45916.32,58718.5338317757,1,1
COUNTRY_PORTUGAL,Portugal,2017,General Government Support,"Resources, Fuel & Materials",308522.12,388491.8106134969,3,2
COUNTRY_PORTUGAL,Portugal,2017,Industrial and Technical Support,Administrative,134897.63999999998,169863.43932515336,4,2
COUNTRY_PORTUGAL,Portugal,2017,Industrial and Technical Support,"Resources, Fuel & Materials",63796.67,80332.9234202454,3,3
COUNTRY_PORTUGAL,Portugal,2018,General Government Support,Administrative,10629.5,13083.68740629685,1,1
COUNTRY_PORTUGAL,Portugal,2018,General Government Support,"Resources, Fuel & Materials",787711.05,969581.3673913043,8,4
COUNTRY_PORTUGAL,Portugal,2018,Industrial and Technical Support,Administrative,348900.41,429456.12685157417,7,1
COUNTRY_PORTUGAL,Portugal,2018,Industrial and Technical Support,"Resources, Fuel & Materials",197706.56,243353.9516641679,7,4
COUNTRY_PORTUGAL,Portugal,2019,General Government Support,"Resources, Fuel & Materials",388016.44,468472.79005882354,3,2
COUNTRY_PORTUGAL,Portugal,2019,Industrial and Technical Support,Administrative,70156.92,84704.16370588235,3,2
COUNTRY_PORTUGAL,Portugal,2019,Industrial and Technical Support,"Resources, Fuel & Materials",285921.99,345208.7555735294,13,4
COUNTRY_PORTUGAL,Portugal,2020,Core Defence Industrial Complex,Marine & Shipbuilding,124078.98,148713.6388029197,1,1
COUNTRY_PORTUGAL,Portugal,2020,General Government Support,Administrative,59607.9,71442.46116788322,1,1
COUNTRY_PORTUGAL,Portugal,2020,General Government Support,"Resources, Fuel & Materials",132111.34,158340.744729927,1,1
COUNTRY_PORTUGAL,Portugal,2020,Industrial and Technical Support,Administrative,76433.02,91608.04294890512,1,1
COUNTRY_PORTUGAL,Portugal,2020,Industrial and Technical Support,"Resources, Fuel & Materials",21428.03,25682.35420437956,1,1
COUNTRY_PORTUGAL,Portugal,2021,General Government Support,"Resources, Fuel & Materials",56683.22,65730.11810734464,1,1
COUNTRY_PORTUGAL,Portugal,2021,Industrial and Technical Support,Administrative,116845.67,135494.7670480226,1,1
COUNTRY_PORTUGAL,Portugal,2021,Industrial and Technical Support,"Resources, Fuel & Materials",328866.52,381355.10299435025,22,2
COUNTRY_PORTUGAL,Portugal,2022,General Government Support,Administrative,50000,54298.9417989418,2,1
COUNTRY_PORTUGAL,Portugal,2022,General Government Support,"Resources, Fuel & Materials",334149.39,362879.1655952381,2,1
COUNTRY_PORTUGAL,Portugal,2022,Industrial and Technical Support,Administrative,210396.5,228486.14616402116,3,2
COUNTRY_PORTUGAL,Portugal,2022,Industrial and Technical Support,"Resources, Fuel & Materials",411000.52999999997,446337.8771560847,17,2
COUNTRY_PORTUGAL,Portugal,2023,General Government Support,Administrative,95286.38,99592.76636537237,2,2
COUNTRY_PORTUGAL,Portugal,2023,General Government Support,"Resources, Fuel & Materials",9255880,9674191.572246976,1,1
COUNTRY_PORTUGAL,Portugal,2023,Industrial and Technical Support,Administrative,298940.48,312450.8390579249,4,3
COUNTRY_PORTUGAL,Portugal,2023,Industrial and Technical Support,"Resources, Fuel & Materials",310476.54,324508.2614131127,12,3
COUNTRY_PORTUGAL,Portugal,2024,General Government Support,"Resources, Fuel & Materials",344656.72,351725.50294592907,1,1
COUNTRY_PORTUGAL,Portugal,2024,Industrial and Technical Support,Administrative,62601.99,63885.93385954008,1,1
COUNTRY_PORTUGAL,Portugal,2024,Industrial and Technical Support,"Resources, Fuel & Materials",719671.98,734432.1884151646,10,1
COUNTRY_PORTUGAL,Portugal,2025,General Government Support,Construction & Infrastructure,116330.61,116330.61,3,3
COUNTRY_PORTUGAL,Portugal,2025,Industrial and Technical Support,"Resources, Fuel & Materials",369252.03,369252.03,7,2
COUNTRY_PUERTO_RICO,Puerto Rico,2016,Industrial and Technical Support,Administrative,41477.94,53042.66158878504,1,1
COUNTRY_PUERTO_RICO,Puerto Rico,2018,Industrial and Technical Support,"Resources, Fuel & Materials",41272.16,50801.2644077961,1,1
COUNTRY_PUERTO_RICO,Puerto Rico,2021,Industrial and Technical Support,"Resources, Fuel & Materials",97781.81,113388.2288276836,2,1
COUNTRY_PUERTO_RICO,Puerto Rico,2022,Industrial and Technical Support,"Resources, Fuel & Materials",53598.48,58206.814920634926,1,1
COUNTRY_PUERTO_RICO,Puerto Rico,2023,Industrial and Technical Support,Administrative,162921.02,170284.0960152769,4,1
COUNTRY_PUERTO_RICO,Puerto Rico,2024,Industrial and Technical Support,Administrative,89852.71,91695.55613424488,1,1
COUNTRY_PUERTO_RICO,Puerto Rico,2025,Industrial and Technical Support,Administrative,147393.35,147393.35,2,1
COUNTRY_REPUBLIC_OF_KOREA,Republic of Korea,2017,General Government Support,"Resources, Fuel & Materials",317957.16,400372.4361349693,1,1
COUNTRY_REPUBLIC_OF_KOREA,Republic of Korea,2017,Industrial and Technical Support,Administrative,1123109.48,1414222.2133128834,6,3
COUNTRY_REPUBLIC_OF_KOREA,Republic of Korea,2019,General Government Support,Marine & Shipbuilding,388640.53,469226.28695588233,2,1
COUNTRY_REPUBLIC_OF_KOREA,Republic of Korea,2019,Industrial and Technical Support,Administrative,251873.6,304100.3317647059,2,1
COUNTRY_REPUBLIC_OF_KOREA,Republic of Korea,2021,Industrial and Technical Support,Administrative,399000,462682.2033898305,1,1
COUNTRY_REPUBLIC_OF_KOREA,Republic of Korea,2022,General Government Support,Administrative,91825.53,99720.58218253969,1,1
COUNTRY_REPUBLIC_OF_KOREA,Republic of Korea,2024,General Government Support,Administrative,57951.77,59140.339552517085,1,1
COUNTRY_REPUBLIC_OF_KOREA,Republic of Korea,2024,Industrial and Technical Support,Administrative,1032743.0599999999,1053924.2414667495,4,2
COUNTRY_REPUBLIC_OF_KOREA,Republic of Korea,2025,Industrial and Technical Support,Administrative,15797.26,15797.26,1,1
COUNTRY_REPUBLIC_OF_KOREA,Republic of Korea,2025,Industrial and Technical Support,"R&D, Engineering & Scientific Services",2614233,2614233,1,1
COUNTRY_REPUBLIC_OF_KOREA,Republic of Korea,2025,Industrial and Technical Support,"Resources, Fuel & Materials",308802.65,308802.65,2,1
COUNTRY_REPUBLIC_OF_KOREA,Republic of Korea,2026,General Government Support,Administrative,23000,22506.55542312276,1,1
COUNTRY_ROMANIA,Romania,2016,Industrial and Technical Support,"Resources, Fuel & Materials",2044054.79,2613970.3778660432,8,4
COUNTRY_ROMANIA,Romania,2017,General Government Support,Administrative,189234.66,238284.74825153375,5,3
COUNTRY_ROMANIA,Romania,2017,General Government Support,Construction & Infrastructure,36855,46407.90644171779,1,1
COUNTRY_ROMANIA,Romania,2017,General Government Support,Industrial Equipment & Manufacturing,12700,15991.871165644172,1,1
COUNTRY_ROMANIA,Romania,2017,General Government Support,"Resources, Fuel & Materials",157285.48,198054.26239263805,1,1
COUNTRY_ROMANIA,Romania,2017,Industrial and Technical Support,"Resources, Fuel & Materials",4166547.94,5246527.390705521,25,3
COUNTRY_ROMANIA,Romania,2018,General Government Support,Administrative,108297.5,133301.7203898051,8,1
COUNTRY_ROMANIA,Romania,2018,Industrial and Technical Support,"Resources, Fuel & Materials",966672.1,1189861.760269865,21,3
COUNTRY_ROMANIA,Romania,2019,General Government Support,Administrative,336483.11,406253.8725147059,3,1
COUNTRY_ROMANIA,Romania,2019,General Government Support,"Resources, Fuel & Materials",482862.57,582985.5440735294,3,1
COUNTRY_ROMANIA,Romania,2019,Industrial and Technical Support,Administrative,202694.53,244723.83695588232,2,1
COUNTRY_ROMANIA,Romania,2019,Industrial and Technical Support,Aerospace & Space,112587.09,135932.35424999997,1,1
COUNTRY_ROMANIA,Romania,2019,Industrial and Technical Support,"Resources, Fuel & Materials",6096426.26,7360538.17567647,38,5
COUNTRY_ROMANIA,Romania,2020,General Government Support,Administrative,20454.11,24515.07198540146,1,1
COUNTRY_ROMANIA,Romania,2020,General Government Support,"Resources, Fuel & Materials",267880,321064.93430656934,1,1
COUNTRY_ROMANIA,Romania,2020,Industrial and Technical Support,Administrative,167860.73,201187.8238394161,1,1
COUNTRY_ROMANIA,Romania,2020,Industrial and Technical Support,"Resources, Fuel & Materials",533807.31,639789.4912554745,6,3
COUNTRY_ROMANIA,Romania,2022,General Government Support,Construction & Infrastructure,793299.56,861506.5327513228,1,1
COUNTRY_RWANDA,Rwanda,2021,General Government Support,Construction & Infrastructure,16603.34,19253.308107344634,1,1
COUNTRY_RWANDA,Rwanda,2022,General Government Support,Administrative,17775,19303.27380952381,1,1
COUNTRY_RWANDA,Rwanda,2022,Industrial and Technical Support,"Resources, Fuel & Materials",119992.81,130309.65212962964,2,1
COUNTRY_SAINT_LUCIA,Saint Lucia,2018,Industrial and Technical Support,"Resources, Fuel & Materials",53552.520000000004,65916.96989505248,2,1
COUNTRY_SAINT_VINCENT_AND_THE_GRENADINES,Saint Vincent and the Grenadines,2019,General Government Support,Administrative,49021.979999999996,59186.831735294116,2,1
COUNTRY_SAINT_VINCENT_AND_THE_GRENADINES,Saint Vincent and the Grenadines,2019,General Government Support,Construction & Infrastructure,56193.98,67845.96702941177,1,1
COUNTRY_SAINT_VINCENT_AND_THE_GRENADINES,Saint Vincent and the Grenadines,2025,Industrial and Technical Support,"Resources, Fuel & Materials",324341.75,324341.75,1,1
COUNTRY_SAMOA,Samoa,2021,Industrial and Technical Support,"Resources, Fuel & Materials",20445.11,23708.241963276836,1,1
COUNTRY_SAUDI_ARABIA,Saudi Arabia,2017,Industrial and Technical Support,"Resources, Fuel & Materials",10398.22,13093.464141104294,1,1
COUNTRY_SENEGAL,Senegal,2017,Industrial and Technical Support,Administrative,69113.91,87028.40507668711,4,1
COUNTRY_SENEGAL,Senegal,2017,Industrial and Technical Support,"Resources, Fuel & Materials",798975.64,1006072.0865644171,15,7
COUNTRY_SENEGAL,Senegal,2018,General Government Support,Administrative,1502643.42,1849580.5814392802,21,6
COUNTRY_SENEGAL,Senegal,2018,General Government Support,Construction & Infrastructure,209893.94,258355.2095052474,3,1
COUNTRY_SENEGAL,Senegal,2018,General Government Support,Industrial Equipment & Manufacturing,11711.67,14415.713748125936,1,1
COUNTRY_SENEGAL,Senegal,2018,Industrial and Technical Support,Administrative,71541.06,88058.7859970015,4,1
COUNTRY_SENEGAL,Senegal,2018,Industrial and Technical Support,"Resources, Fuel & Materials",8773465.72,10799123.472443778,156,5
COUNTRY_SENEGAL,Senegal,2019,General Government Support,Administrative,159193.16,192202.32994117646,4,3
COUNTRY_SENEGAL,Senegal,2019,General Government Support,"R&D, Engineering & Scientific Services",40000,48294.11764705882,1,1
COUNTRY_SENEGAL,Senegal,2019,General Government Support,"Resources, Fuel & Materials",102503,123757.29852941175,2,1
COUNTRY_SENEGAL,Senegal,2019,Industrial and Technical Support,Administrative,182529.47,220377.49245588234,7,6
COUNTRY_SENEGAL,Senegal,2019,Industrial and Technical Support,Communications & Electronics,25500,30787.5,1,1
COUNTRY_SENEGAL,Senegal,2019,Industrial and Technical Support,"Resources, Fuel & Materials",957317.54,1155820.1475588235,24,2
COUNTRY_SENEGAL,Senegal,2020,General Government Support,Communications & Electronics,41681.69,49957.178817518245,2,2
COUNTRY_SENEGAL,Senegal,2020,Industrial and Technical Support,"Resources, Fuel & Materials",251733.47,301712.66988321167,7,2
COUNTRY_SENEGAL,Senegal,2021,General Government Support,Administrative,175757.41999999998,203809.09861581918,4,2
COUNTRY_SENEGAL,Senegal,2021,General Government Support,Industrial Equipment & Manufacturing,37027.45,42937.19837570621,1,1
COUNTRY_SENEGAL,Senegal,2021,Industrial and Technical Support,Administrative,15615.24,18107.50288135593,1,1
COUNTRY_SENEGAL,Senegal,2021,Industrial and Technical Support,"Resources, Fuel & Materials",2235295.46,2592058.7184463274,28,2
COUNTRY_SENEGAL,Senegal,2022,General Government Support,Administrative,50573.12,54921.337989417996,2,1
COUNTRY_SENEGAL,Senegal,2022,General Government Support,Industrial Equipment & Manufacturing,30372.83,32984.25056878307,1,1
COUNTRY_SENEGAL,Senegal,2022,Industrial and Technical Support,"Resources, Fuel & Materials",980723.6,1065045.0735449735,13,2
COUNTRY_SENEGAL,Senegal,2023,General Government Support,Administrative,10074.71,10530.027893061744,1,1
COUNTRY_SENEGAL,Senegal,2023,General Government Support,"Resources, Fuel & Materials",26559.82,27760.168325907067,1,1
COUNTRY_SENEGAL,Senegal,2023,Industrial and Technical Support,Administrative,33126.48,34623.60290260981,1,1
COUNTRY_SENEGAL,Senegal,2023,Industrial and Technical Support,"Resources, Fuel & Materials",922534.85,964228.0227243794,11,2
COUNTRY_SENEGAL,Senegal,2024,Industrial and Technical Support,"Resources, Fuel & Materials",308592.86,314921.98640149157,5,3
COUNTRY_SENEGAL,Senegal,2025,Industrial and Technical Support,"Resources, Fuel & Materials",304712.01,304712.01,2,1
COUNTRY_SEYCHELLES,Seychelles,2019,Industrial and Technical Support,Administrative,71041.73,85772.4416617647,1,1
COUNTRY_SIERRA_LEONE,Sierra Leone,2017,Industrial and Technical Support,Administrative,68980.72,86860.69190184049,2,1
COUNTRY_SIERRA_LEONE,Sierra Leone,2020,Industrial and Technical Support,Administrative,43517.14,52157.03932846715,1,1
COUNTRY_SIERRA_LEONE,Sierra Leone,2022,General Government Support,"Resources, Fuel & Materials",32877.59,35704.36691798941,1,1
COUNTRY_SINGAPORE,Singapore,2016,General Government Support,"Resources, Fuel & Materials",242687.97,310353.3074299065,1,1
COUNTRY_SINGAPORE,Singapore,2016,Industrial and Technical Support,Administrative,39955.74,51096.04757009345,1,1
COUNTRY_SINGAPORE,Singapore,2017,General Government Support,"Resources, Fuel & Materials",227933.4,287014.29662576684,1,1
COUNTRY_SINGAPORE,Singapore,2017,Industrial and Technical Support,Administrative,1039461.63,1308892.6353220858,6,2
COUNTRY_SINGAPORE,Singapore,2018,General Government Support,Administrative,50312.47,61928.84238380809,1,1
COUNTRY_SINGAPORE,Singapore,2018,General Government Support,"Resources, Fuel & Materials",270279.94,332683.4044077961,1,1
COUNTRY_SINGAPORE,Singapore,2018,Industrial and Technical Support,Administrative,311097.75999999995,382925.4287256371,2,1
COUNTRY_SINGAPORE,Singapore,2018,Industrial and Technical Support,"Resources, Fuel & Materials",39304.83,48379.70829085457,2,1
COUNTRY_SINGAPORE,Singapore,2019,General Government Support,Administrative,30566.74,36904.84344117647,1,1
COUNTRY_SINGAPORE,Singapore,2019,General Government Support,Construction & Infrastructure,52293,63136.10735294117,1,1
COUNTRY_SINGAPORE,Singapore,2019,Industrial and Technical Support,"Resources, Fuel & Materials",231878.66999999998,279959.3942205882,5,2
COUNTRY_SINGAPORE,Singapore,2021,General Government Support,Administrative,28470.06,33014.01025423729,1,1
COUNTRY_SINGAPORE,Singapore,2021,Industrial and Technical Support,Administrative,154804.15000000002,179511.59201977402,2,1
COUNTRY_SINGAPORE,Singapore,2023,General Government Support,Administrative,340677.92,356074.56692552514,3,1
COUNTRY_SINGAPORE,Singapore,2023,Industrial and Technical Support,Administrative,1151059.88,1203081.0458052196,5,2
COUNTRY_SINGAPORE,Singapore,2023,Industrial and Technical Support,"Resources, Fuel & Materials",251351.75999999998,262711.3876002546,6,4
COUNTRY_SINGAPORE,Singapore,2025,Core Defence Industrial Complex,Marine & Shipbuilding,251756.23,251756.23,4,1
COUNTRY_SINGAPORE,Singapore,2025,General Government Support,Administrative,39609.22,39609.22,1,1
COUNTRY_SINGAPORE,Singapore,2025,Industrial and Technical Support,Administrative,819096.87,819096.87,3,2
COUNTRY_SINGAPORE,Singapore,2025,Industrial and Technical Support,"Resources, Fuel & Materials",167591.83000000002,167591.83000000002,2,1
COUNTRY_SINGAPORE,Singapore,2026,Core Defence Industrial Complex,Marine & Shipbuilding,258832.17,253279.15562574493,1,1
COUNTRY_SLOVENIA,Slovenia,2019,Industrial and Technical Support,"Resources, Fuel & Materials",59250.94,71536.79667647059,1,1
COUNTRY_SLOVENIA,Slovenia,2022,Industrial and Technical Support,"Resources, Fuel & Materials",84656.35,91935.00443121695,2,1
COUNTRY_SLOVENIA,Slovenia,2025,General Government Support,Industrial Equipment & Manufacturing,15745.62,15745.62,1,1
COUNTRY_SLOVENIA,Slovenia,2025,Industrial and Technical Support,"Resources, Fuel & Materials",294824.70999999996,294824.70999999996,2,1
COUNTRY_SOUTH_AFRICA,South Africa,2017,Industrial and Technical Support,Communications & Electronics,14983.51,18867.27256134969,1,1
COUNTRY_SOUTH_AFRICA,South Africa,2017,Industrial and Technical Support,"Resources, Fuel & Materials",88652.6,111631.57147239264,1,1
COUNTRY_SOUTH_AFRICA,South Africa,2020,Industrial and Technical Support,"Resources, Fuel & Materials",512346.1,614067.369489051,12,3
COUNTRY_SOUTH_AFRICA,South Africa,2022,General Government Support,Communications & Electronics,280973.2,305130.9486772487,1,1
COUNTRY_SOUTH_AFRICA,South Africa,2023,Core Defence Industrial Complex,Marine & Shipbuilding,95377.51,99688.0149077021,1,1
COUNTRY_SOUTH_AFRICA,South Africa,2025,Industrial and Technical Support,"Resources, Fuel & Materials",126713.24,126713.24,1,1
COUNTRY_SPAIN,Spain,2016,General Government Support,Industrial Equipment & Manufacturing,2900107500,3708704450.934579,1,1
COUNTRY_SPAIN,Spain,2017,General Government Support,"Resources, Fuel & Materials",171801.15000000002,216332.4296779141,3,2
COUNTRY_SPAIN,Spain,2017,Industrial and Technical Support,Administrative,311719.21,392517.59418711654,3,1
COUNTRY_SPAIN,Spain,2017,Industrial and Technical Support,"Resources, Fuel & Materials",34243.63,43119.66292944785,1,1
COUNTRY_SPAIN,Spain,2018,General Government Support,Administrative,305998.28,376648.55754122935,2,2
COUNTRY_SPAIN,Spain,2018,Industrial and Technical Support,Administrative,598317.48,736459.7467466267,7,2
COUNTRY_SPAIN,Spain,2018,Industrial and Technical Support,Digital Systems & Software,326303.1,401641.4469265367,1,1
COUNTRY_SPAIN,Spain,2018,Industrial and Technical Support,"Resources, Fuel & Materials",533055.26,656129.487946027,18,6
COUNTRY_SPAIN,Spain,2019,General Government Support,Administrative,40928.97,49415.71230882353,1,1
COUNTRY_SPAIN,Spain,2019,General Government Support,Construction & Infrastructure,105324.48,127163.82070588235,1,1
COUNTRY_SPAIN,Spain,2019,Industrial and Technical Support,Administrative,145707.14,175919.94402941177,3,2
COUNTRY_SPAIN,Spain,2019,Industrial and Technical Support,"Resources, Fuel & Materials",271708.31,328047.8272205882,13,6
COUNTRY_SPAIN,Spain,2020,General Government Support,Administrative,61098.9,73229.48452554745,1,1
COUNTRY_SPAIN,Spain,2020,Industrial and Technical Support,"Resources, Fuel & Materials",32988.19,39537.670058394164,1,1
COUNTRY_SPAIN,Spain,2021,Industrial and Technical Support,"Resources, Fuel & Materials",410341.56,475833.9276271186,11,2
COUNTRY_SPAIN,Spain,2022,General Government Support,Administrative,37199.81,40398.20636243386,2,2
COUNTRY_SPAIN,Spain,2022,General Government Support,"Resources, Fuel & Materials",29724.21,32279.862976190478,1,1
COUNTRY_SPAIN,Spain,2022,Industrial and Technical Support,Administrative,72753.42,79008.67436507937,2,2
COUNTRY_SPAIN,Spain,2022,Industrial and Technical Support,"R&D, Engineering & Scientific Services",1500000,1628968.253968254,1,1
COUNTRY_SPAIN,Spain,2022,Industrial and Technical Support,"Resources, Fuel & Materials",1240710.48,1347385.322857143,22,4
COUNTRY_SPAIN,Spain,2023,Core Defence Industrial Complex,Aerospace & Space,3922137600,4099395250.9229794,2,2
COUNTRY_SPAIN,Spain,2023,General Government Support,Industrial Equipment & Manufacturing,33458.61,34970.743233609166,1,1
COUNTRY_SPAIN,Spain,2023,Industrial and Technical Support,"Resources, Fuel & Materials",225519.33000000002,235711.483042648,4,2
COUNTRY_SPAIN,Spain,2024,General Government Support,Industrial Equipment & Manufacturing,1223873.4,1248974.594655065,1,1
COUNTRY_SPAIN,Spain,2024,Industrial and Technical Support,"R&D, Engineering & Scientific Services",12000000,12246115.599751398,1,1
COUNTRY_SPAIN,Spain,2024,Industrial and Technical Support,"Resources, Fuel & Materials",314121.5,320564.01678060903,6,2
COUNTRY_SPAIN,Spain,2025,Core Defence Industrial Complex,Marine & Shipbuilding,226322.12,226322.12,1,1
COUNTRY_SPAIN,Spain,2025,General Government Support,Administrative,23893.85,23893.85,1,1
COUNTRY_SPAIN,Spain,2025,General Government Support,Industrial Equipment & Manufacturing,1306788.7,1306788.7,8,5
COUNTRY_SPAIN,Spain,2025,Industrial and Technical Support,Administrative,16457.22,16457.22,1,1
COUNTRY_SPAIN,Spain,2025,Industrial and Technical Support,"Resources, Fuel & Materials",353055.47,353055.47,3,2
COUNTRY_SPAIN,Spain,2026,General Government Support,Administrative,14570.05,14257.462514898687,1,1
COUNTRY_SPAIN,Spain,2026,Industrial and Technical Support,"R&D, Engineering & Scientific Services",399127300,390564378.1883194,1,1
COUNTRY_SRI_LANKA,Sri Lanka,2017,Industrial and Technical Support,Administrative,349404.85,439971.4445552147,2,1
COUNTRY_SRI_LANKA,Sri Lanka,2021,Industrial and Technical Support,Administrative,50302.48,58330.98316384181,1,1
COUNTRY_SWEDEN,Sweden,2017,Core Defence Industrial Complex,Weapons & Military Equipment,709188.95,893012.4661809816,4,3
COUNTRY_SWEDEN,Sweden,2017,General Government Support,Industrial Equipment & Manufacturing,3894929.78,4904505.1370858885,4,2
COUNTRY_SWEDEN,Sweden,2017,Industrial and Technical Support,Administrative,11346.64,14287.716932515335,1,1
COUNTRY_SWEDEN,Sweden,2017,Industrial and Technical Support,Industrial Equipment & Manufacturing,39855.85,50186.584125766865,1,1
COUNTRY_SWEDEN,Sweden,2017,Industrial and Technical Support,"Resources, Fuel & Materials",51037.850000000006,64266.98596625767,2,2
COUNTRY_SWEDEN,Sweden,2018,Core Defence Industrial Complex,Communications & Electronics,87400830,107580331.9790105,1,1
COUNTRY_SWEDEN,Sweden,2018,Core Defence Industrial Complex,Land Systems & Vehicles,18500,22771.36431784108,1,1
COUNTRY_SWEDEN,Sweden,2018,Core Defence Industrial Complex,Weapons & Military Equipment,1002274.2,1233683.8353823086,5,2
COUNTRY_SWEDEN,Sweden,2018,General Government Support,Administrative,15523.49,19107.62412293853,1,1
COUNTRY_SWEDEN,Sweden,2018,General Government Support,Industrial Equipment & Manufacturing,4575009.45,5631308.483433283,4,1
COUNTRY_SWEDEN,Sweden,2018,General Government Support,"Resources, Fuel & Materials",53948.6,66404.49865067465,1,1
COUNTRY_SWEDEN,Sweden,2018,Industrial and Technical Support,Administrative,173642.6,213733.9949025487,3,3
COUNTRY_SWEDEN,Sweden,2018,Industrial and Technical Support,"Resources, Fuel & Materials",34834.44,42877.174272863565,1,1
COUNTRY_SWEDEN,Sweden,2019,General Government Support,Administrative,186153.19,224752.60145588234,1,1
COUNTRY_SWEDEN,Sweden,2019,General Government Support,Communications & Electronics,1813612.4,2189670.2652941174,1,1
COUNTRY_SWEDEN,Sweden,2019,General Government Support,Industrial Equipment & Manufacturing,2618147.47,3161028.0483382354,2,2
COUNTRY_SWEDEN,Sweden,2019,Industrial and Technical Support,Digital Systems & Software,905861.1,1093694.063382353,1,1
COUNTRY_SWEDEN,Sweden,2021,Core Defence Industrial Complex,Communications & Electronics,22025686,25541085.036723163,1,1
COUNTRY_SWEDEN,Sweden,2021,General Government Support,Administrative,148019.92,171644.56824858757,1,1
COUNTRY_SWEDEN,Sweden,2021,General Government Support,"Resources, Fuel & Materials",218961.98,253909.30166666667,1,1
COUNTRY_SWEDEN,Sweden,2021,Industrial and Technical Support,"Resources, Fuel & Materials",200696.35,232728.39456214686,2,2
COUNTRY_SWEDEN,Sweden,2022,Core Defence Industrial Complex,Weapons & Military Equipment,200842.52,218110.72608465608,1,1
COUNTRY_SWEDEN,Sweden,2022,General Government Support,Administrative,12235.03,13286.98363756614,1,1
COUNTRY_SWEDEN,Sweden,2022,Industrial and Technical Support,Administrative,102542.12,111358.57211640212,1,1
COUNTRY_SWEDEN,Sweden,2022,Industrial and Technical Support,"Resources, Fuel & Materials",26011.38,28247.80817460318,1,1
COUNTRY_SWEDEN,Sweden,2023,Core Defence Industrial Complex,Marine & Shipbuilding,1089798.9,1139051.4282622533,1,1
COUNTRY_SWEDEN,Sweden,2023,General Government Support,Industrial Equipment & Manufacturing,20857,21799.614258434118,1,1
COUNTRY_SWEDEN,Sweden,2023,Industrial and Technical Support,Digital Systems & Software,1637649.75,1711661.9283895607,2,2
COUNTRY_SWEDEN,Sweden,2024,Core Defence Industrial Complex,Marine & Shipbuilding,93500,95417.65071472964,1,1
COUNTRY_SWEDEN,Sweden,2024,Core Defence Industrial Complex,Weapons & Military Equipment,254504420,259724212.3306401,3,2
COUNTRY_SWEDEN,Sweden,2024,General Government Support,Administrative,4665983.65,4761681.263704164,2,2
COUNTRY_SWEDEN,Sweden,2024,General Government Support,Industrial Equipment & Manufacturing,15538.21,15856.89298943443,1,1
COUNTRY_SWEDEN,Sweden,2024,Industrial and Technical Support,"Resources, Fuel & Materials",54118.83,55228.78735860783,2,2
COUNTRY_SWEDEN,Sweden,2025,Core Defence Industrial Complex,Weapons & Military Equipment,7726320,7726320,1,1
COUNTRY_SWEDEN,Sweden,2025,Industrial and Technical Support,"R&D, Engineering & Scientific Services",111642.29000000001,111642.29000000001,2,2
COUNTRY_SWEDEN,Sweden,2025,Industrial and Technical Support,"Resources, Fuel & Materials",266092.23,266092.23,2,1
COUNTRY_SWEDEN,Sweden,2026,Core Defence Industrial Complex,Marine & Shipbuilding,205372.07,200965.99460071512,2,2
COUNTRY_SWEDEN,Sweden,2026,Industrial and Technical Support,Administrative,16632.18,16275.351346841477,1,1
COUNTRY_SWITZERLAND,Switzerland,2017,General Government Support,Industrial Equipment & Manufacturing,30000,37776.0736196319,1,1
COUNTRY_SWITZERLAND,Switzerland,2017,Industrial and Technical Support,Digital Systems & Software,80421.13,101266.48424846627,1,1
COUNTRY_SWITZERLAND,Switzerland,2018,Core Defence Industrial Complex,Weapons & Military Equipment,14174.72,17447.443958020987,1,1
COUNTRY_SWITZERLAND,Switzerland,2018,General Government Support,Administrative,20610.77,25369.47851574213,1,1
COUNTRY_SWITZERLAND,Switzerland,2018,Industrial and Technical Support,"Resources, Fuel & Materials",53806.369999999995,66229.42994002998,2,1
COUNTRY_SWITZERLAND,Switzerland,2019,Industrial and Technical Support,"Resources, Fuel & Materials",12917.17,15595.583191176469,1,1
COUNTRY_SWITZERLAND,Switzerland,2021,General Government Support,Industrial Equipment & Manufacturing,1398875.25,1622142.0625,2,2
COUNTRY_SWITZERLAND,Switzerland,2021,Industrial and Technical Support,Digital Systems & Software,12801,14844.097457627118,1,1
COUNTRY_SWITZERLAND,Switzerland,2022,Core Defence Industrial Complex,Weapons & Military Equipment,365175,396572.3214285715,1,1
COUNTRY_SWITZERLAND,Switzerland,2022,Industrial and Technical Support,Digital Systems & Software,59868.99,65016.456071428576,2,2
COUNTRY_SWITZERLAND,Switzerland,2022,Industrial and Technical Support,"R&D, Engineering & Scientific Services",2661855,2890718.1944444445,1,1
COUNTRY_SWITZERLAND,Switzerland,2023,Core Defence Industrial Complex,Marine & Shipbuilding,29691.17,31033.037008274983,1,1
COUNTRY_SWITZERLAND,Switzerland,2023,Core Defence Industrial Complex,Weapons & Military Equipment,1995412.2,2085593.1460216425,2,2
COUNTRY_SWITZERLAND,Switzerland,2023,General Government Support,Administrative,12730.45,13305.791788669638,1,1
COUNTRY_SWITZERLAND,Switzerland,2023,Industrial and Technical Support,Communications & Electronics,1221063.8,1276248.7330362827,1,1
COUNTRY_SWITZERLAND,Switzerland,2023,Industrial and Technical Support,"R&D, Engineering & Scientific Services",355634.72,371707.3266963717,1,1
COUNTRY_SWITZERLAND,Switzerland,2024,Industrial and Technical Support,"R&D, Engineering & Scientific Services",14545.91,14844.24128029832,1,1
COUNTRY_SWITZERLAND,Switzerland,2025,Industrial and Technical Support,Land Systems & Vehicles,109238.12,109238.12,6,3
COUNTRY_SWITZERLAND,Switzerland,2025,Industrial and Technical Support,"R&D, Engineering & Scientific Services",189727,189727,1,1
COUNTRY_SWITZERLAND,Switzerland,2026,Industrial and Technical Support,Land Systems & Vehicles,54590.08,53418.898307508935,3,1
COUNTRY_SWITZERLAND,Switzerland,2026,Industrial and Technical Support,"R&D, Engineering & Scientific Services",456828.7,447027.84588796186,2,1
COUNTRY_TAIWAN,Taiwan,2017,General Government Support,Industrial Equipment & Manufacturing,24507.16,30859.476012269937,1,1
COUNTRY_TAIWAN,Taiwan,2017,Industrial and Technical Support,Digital Systems & Software,24960.02,31429.71843558282,1,1
COUNTRY_TAIWAN,Taiwan,2017,Industrial and Technical Support,Industrial Equipment & Manufacturing,118220.74,148863.8459202454,1,1
COUNTRY_THAILAND,Thailand,2019,General Government Support,Marine & Shipbuilding,698525.6,843366.9376470587,1,1
COUNTRY_THAILAND,Thailand,2019,Industrial and Technical Support,Administrative,283046.03,341736.45680882357,1,1
COUNTRY_THAILAND,Thailand,2022,General Government Support,Administrative,19178.99,20827.97723544974,1,1
COUNTRY_THAILAND,Thailand,2022,Industrial and Technical Support,Administrative,232992.2,253024.5981481482,1,1
COUNTRY_THAILAND,Thailand,2023,General Government Support,Administrative,27938.89,29201.564213876514,1,1
COUNTRY_THAILAND,Thailand,2023,Industrial and Technical Support,Administrative,157654.78,164779.85280712924,1,1
COUNTRY_THAILAND,Thailand,2025,General Government Support,Industrial Equipment & Manufacturing,1229734.15,1229734.15,2,2
COUNTRY_THAILAND,Thailand,2026,General Government Support,Administrative,56940,55718.40286054827,2,2
COUNTRY_TOGO,Togo,2019,Industrial and Technical Support,Administrative,46625.08,56292.92747058823,2,1
COUNTRY_TRINIDAD_AND_TOBAGO,Trinidad and Tobago,2016,Industrial and Technical Support,"Resources, Fuel & Materials",18075.44,23115.16548286604,1,1
COUNTRY_TRINIDAD_AND_TOBAGO,Trinidad and Tobago,2017,General Government Support,"Resources, Fuel & Materials",60838.68,76608.21515337423,2,1
COUNTRY_TRINIDAD_AND_TOBAGO,Trinidad and Tobago,2017,Industrial and Technical Support,Administrative,25011,31493.912576687115,1,1
COUNTRY_TRINIDAD_AND_TOBAGO,Trinidad and Tobago,2018,Industrial and Technical Support,"Resources, Fuel & Materials",89971.72,110744.80077961019,1,1
COUNTRY_TRINIDAD_AND_TOBAGO,Trinidad and Tobago,2023,General Government Support,Administrative,90138.88,94212.62950986632,2,2
COUNTRY_TUNISIA,Tunisia,2017,Industrial and Technical Support,Administrative,30649.36,38593.749325153374,1,1
COUNTRY_TUNISIA,Tunisia,2018,General Government Support,Administrative,50443.57,62090.21134932533,2,2
COUNTRY_TUNISIA,Tunisia,2018,Industrial and Technical Support,"Resources, Fuel & Materials",143054,176082.95952023988,1,1
COUNTRY_TUNISIA,Tunisia,2020,General Government Support,"Resources, Fuel & Materials",153115.2,183514.71416058397,1,1
COUNTRY_TUNISIA,Tunisia,2020,Industrial and Technical Support,Administrative,82965.4,99437.36262773722,1,1
COUNTRY_TUNISIA,Tunisia,2021,Industrial and Technical Support,"Resources, Fuel & Materials",141889.13,164535.27645480225,3,1
COUNTRY_TUNISIA,Tunisia,2022,General Government Support,Administrative,96777.66,105098.49055555556,4,4
COUNTRY_TUNISIA,Tunisia,2022,Industrial and Technical Support,"Resources, Fuel & Materials",55415.52,60180.08190476191,1,1
COUNTRY_TUNISIA,Tunisia,2023,General Government Support,Administrative,35166,36755.29726288988,1,1
COUNTRY_TUNISIA,Tunisia,2025,General Government Support,Administrative,59226.12,59226.12,1,1
COUNTRY_TURKEY,Turkey,2017,Industrial and Technical Support,Administrative,500062.72,629680.2041717791,2,1
COUNTRY_TURKEY,Turkey,2018,General Government Support,"Resources, Fuel & Materials",276787.47,340693.4225937031,1,1
COUNTRY_TURKEY,Turkey,2018,Industrial and Technical Support,Administrative,190151.77,234054.8773163418,1,1
COUNTRY_TURKEY,Turkey,2019,General Government Support,Aerospace & Space,98882.74,119386.36697058823,1,1
COUNTRY_TURKEY,Turkey,2019,General Government Support,"Resources, Fuel & Materials",602849.37,727851.9599558823,4,2
COUNTRY_TURKEY,Turkey,2019,Industrial and Technical Support,Aerospace & Space,324125.65,391334.0568382353,2,1
COUNTRY_TURKEY,Turkey,2023,General Government Support,Industrial Equipment & Manufacturing,8504,8888.330999363463,1,1
COUNTRY_TURKEY,Turkey,2024,Core Defence Industrial Complex,Weapons & Military Equipment,1042002,1063373.078931013,1,1
COUNTRY_TURKEY,Turkey,2025,General Government Support,Administrative,114266.81,114266.81,1,1
COUNTRY_TURKEY,Turkey,2025,General Government Support,Industrial Equipment & Manufacturing,10442,10442,1,1
COUNTRY_TURKEY,Turkey,2025,Industrial and Technical Support,Administrative,218745.2,218745.2,1,1
COUNTRY_TURKS_AND_CAICOS_ISLANDS,Turks and Caicos Islands,2025,Industrial and Technical Support,"Resources, Fuel & Materials",72183.12,72183.12,1,1
COUNTRY_UGANDA,Uganda,2016,Industrial and Technical Support,"Resources, Fuel & Materials",58250,74491.04361370715,2,2
COUNTRY_UGANDA,Uganda,2017,Industrial and Technical Support,"Resources, Fuel & Materials",73011,91935.63036809815,6,3
COUNTRY_UGANDA,Uganda,2018,Industrial and Technical Support,"Resources, Fuel & Materials",32155.090000000004,39579.20373313343,2,1
COUNTRY_UGANDA,Uganda,2021,Industrial and Technical Support,"Resources, Fuel & Materials",88775.18,102944.0999717514,5,2
COUNTRY_UGANDA,Uganda,2022,Industrial and Technical Support,"Resources, Fuel & Materials",64173.79,69691.37776455027,3,1
COUNTRY_UGANDA,Uganda,2023,General Government Support,Construction & Infrastructure,96246.36,100596.13183959262,1,1
COUNTRY_UGANDA,Uganda,2023,Industrial and Technical Support,"Resources, Fuel & Materials",124293.72,129911.06826225333,4,3
COUNTRY_UGANDA,Uganda,2024,Industrial and Technical Support,"Resources, Fuel & Materials",96665.35,98647.92088253573,2,2
COUNTRY_UGANDA,Uganda,2025,Industrial and Technical Support,"Resources, Fuel & Materials",180096.66,180096.66,4,1
COUNTRY_UKRAINE,Ukraine,2016,General Government Support,Administrative,10037.91,12836.641915887849,1,1
COUNTRY_UKRAINE,Ukraine,2016,Industrial and Technical Support,"Resources, Fuel & Materials",56112.75,71757.89369158878,2,1
COUNTRY_UKRAINE,Ukraine,2017,Industrial and Technical Support,"Resources, Fuel & Materials",21988.1,27687.469478527604,2,1
COUNTRY_UKRAINE,Ukraine,2019,Industrial and Technical Support,Aerospace & Space,94174.85,113702.28213235294,1,1
COUNTRY_UKRAINE,Ukraine,2019,Industrial and Technical Support,"Resources, Fuel & Materials",189403.85,228677.29536764705,6,2
COUNTRY_UNITED_ARAB_EMIRATES,United Arab Emirates,2019,Industrial and Technical Support,Land Systems & Vehicles,620245.7,748855.4701470587,1,1
COUNTRY_UNITED_KINGDOM_OF_GREAT_BRITAIN_AND_NORTHERN_IRELAND,United Kingdom of Great Britain and Northern Ireland,2016,General Government Support,Administrative,32386.6,41416.50872274143,2,2
COUNTRY_UNITED_KINGDOM_OF_GREAT_BRITAIN_AND_NORTHERN_IRELAND,United Kingdom of Great Britain and Northern Ireland,2016,General Government Support,Communications & Electronics,36085.64,46146.90099688473,1,1
COUNTRY_UNITED_KINGDOM_OF_GREAT_BRITAIN_AND_NORTHERN_IRELAND,United Kingdom of Great Britain and Northern Ireland,2016,Industrial and Technical Support,"Resources, Fuel & Materials",1057900.01,1352859.670109034,53,5
COUNTRY_UNITED_KINGDOM_OF_GREAT_BRITAIN_AND_NORTHERN_IRELAND,United Kingdom of Great Britain and Northern Ireland,2017,Core Defence Industrial Complex,Communications & Electronics,318125.62,400584.5613803681,1,1
COUNTRY_UNITED_KINGDOM_OF_GREAT_BRITAIN_AND_NORTHERN_IRELAND,United Kingdom of Great Britain and Northern Ireland,2017,Core Defence Industrial Complex,Marine & Shipbuilding,600736.48,756448.849815951,5,4
COUNTRY_UNITED_KINGDOM_OF_GREAT_BRITAIN_AND_NORTHERN_IRELAND,United Kingdom of Great Britain and Northern Ireland,2017,Core Defence Industrial Complex,Weapons & Military Equipment,238115.36000000002,299835.4456441718,5,4
COUNTRY_UNITED_KINGDOM_OF_GREAT_BRITAIN_AND_NORTHERN_IRELAND,United Kingdom of Great Britain and Northern Ireland,2017,General Government Support,Administrative,2222649.86,2798766.1580674844,20,14
COUNTRY_UNITED_KINGDOM_OF_GREAT_BRITAIN_AND_NORTHERN_IRELAND,United Kingdom of Great Britain and Northern Ireland,2017,General Government Support,Communications & Electronics,11180.62,14078.664141104295,1,1
COUNTRY_UNITED_KINGDOM_OF_GREAT_BRITAIN_AND_NORTHERN_IRELAND,United Kingdom of Great Britain and Northern Ireland,2017,General Government Support,Construction & Infrastructure,152001.28,191400.38478527605,3,2
COUNTRY_UNITED_KINGDOM_OF_GREAT_BRITAIN_AND_NORTHERN_IRELAND,United Kingdom of Great Britain and Northern Ireland,2017,General Government Support,Industrial Equipment & Manufacturing,16949866.54,21343313.541932512,20,14
COUNTRY_UNITED_KINGDOM_OF_GREAT_BRITAIN_AND_NORTHERN_IRELAND,United Kingdom of Great Britain and Northern Ireland,2017,General Government Support,Marine & Shipbuilding,15000,18888.03680981595,1,1
COUNTRY_UNITED_KINGDOM_OF_GREAT_BRITAIN_AND_NORTHERN_IRELAND,United Kingdom of Great Britain and Northern Ireland,2017,General Government Support,"Resources, Fuel & Materials",146953.13,185043.74191717792,2,2
COUNTRY_UNITED_KINGDOM_OF_GREAT_BRITAIN_AND_NORTHERN_IRELAND,United Kingdom of Great Britain and Northern Ireland,2017,Industrial and Technical Support,Administrative,662227.6,833878.6190184049,6,4
COUNTRY_UNITED_KINGDOM_OF_GREAT_BRITAIN_AND_NORTHERN_IRELAND,United Kingdom of Great Britain and Northern Ireland,2017,Industrial and Technical Support,Communications & Electronics,688378.87,866808.3623773005,3,3
COUNTRY_UNITED_KINGDOM_OF_GREAT_BRITAIN_AND_NORTHERN_IRELAND,United Kingdom of Great Britain and Northern Ireland,2017,Industrial and Technical Support,Digital Systems & Software,253173.22,318796.33990797546,2,1
COUNTRY_UNITED_KINGDOM_OF_GREAT_BRITAIN_AND_NORTHERN_IRELAND,United Kingdom of Great Britain and Northern Ireland,2017,Industrial and Technical Support,Industrial Equipment & Manufacturing,10464.77,13177.264064417179,1,1
COUNTRY_UNITED_KINGDOM_OF_GREAT_BRITAIN_AND_NORTHERN_IRELAND,United Kingdom of Great Britain and Northern Ireland,2017,Industrial and Technical Support,Land Systems & Vehicles,132325.44,166624.51877300613,1,1
COUNTRY_UNITED_KINGDOM_OF_GREAT_BRITAIN_AND_NORTHERN_IRELAND,United Kingdom of Great Britain and Northern Ireland,2017,Industrial and Technical Support,"R&D, Engineering & Scientific Services",1953369.42,2459687.567208589,4,2
COUNTRY_UNITED_KINGDOM_OF_GREAT_BRITAIN_AND_NORTHERN_IRELAND,United Kingdom of Great Britain and Northern Ireland,2017,Industrial and Technical Support,"Resources, Fuel & Materials",2151230.6,2708834.8506134967,91,18
COUNTRY_UNITED_KINGDOM_OF_GREAT_BRITAIN_AND_NORTHERN_IRELAND,United Kingdom of Great Britain and Northern Ireland,2018,Core Defence Industrial Complex,Marine & Shipbuilding,3752217.83,4618546.984152923,11,9
COUNTRY_UNITED_KINGDOM_OF_GREAT_BRITAIN_AND_NORTHERN_IRELAND,United Kingdom of Great Britain and Northern Ireland,2018,Core Defence Industrial Complex,Weapons & Military Equipment,2735876.02,3367547.544857571,3,3
COUNTRY_UNITED_KINGDOM_OF_GREAT_BRITAIN_AND_NORTHERN_IRELAND,United Kingdom of Great Britain and Northern Ireland,2018,General Government Support,Administrative,4717427.38,5806608.514212893,41,28
COUNTRY_UNITED_KINGDOM_OF_GREAT_BRITAIN_AND_NORTHERN_IRELAND,United Kingdom of Great Britain and Northern Ireland,2018,General Government Support,Communications & Electronics,98175.13,120842.25146926536,2,2
COUNTRY_UNITED_KINGDOM_OF_GREAT_BRITAIN_AND_NORTHERN_IRELAND,United Kingdom of Great Britain and Northern Ireland,2018,General Government Support,Industrial Equipment & Manufacturing,2782248.67,3424626.9236431783,14,11
COUNTRY_UNITED_KINGDOM_OF_GREAT_BRITAIN_AND_NORTHERN_IRELAND,United Kingdom of Great Britain and Northern Ireland,2018,General Government Support,"Resources, Fuel & Materials",805803.5,991851.0847076462,4,4
COUNTRY_UNITED_KINGDOM_OF_GREAT_BRITAIN_AND_NORTHERN_IRELAND,United Kingdom of Great Britain and Northern Ireland,2018,Industrial and Technical Support,Administrative,4118373.47,5069242.307151424,15,4
COUNTRY_UNITED_KINGDOM_OF_GREAT_BRITAIN_AND_NORTHERN_IRELAND,United Kingdom of Great Britain and Northern Ireland,2018,Industrial and Technical Support,Communications & Electronics,319235.30000000005,392941.80104947527,3,3
COUNTRY_UNITED_KINGDOM_OF_GREAT_BRITAIN_AND_NORTHERN_IRELAND,United Kingdom of Great Britain and Northern Ireland,2018,Industrial and Technical Support,Industrial Equipment & Manufacturing,123705.87,152267.64508245877,3,3
COUNTRY_UNITED_KINGDOM_OF_GREAT_BRITAIN_AND_NORTHERN_IRELAND,United Kingdom of Great Britain and Northern Ireland,2018,Industrial and Technical Support,Land Systems & Vehicles,20050,24679.235382308845,1,1
COUNTRY_UNITED_KINGDOM_OF_GREAT_BRITAIN_AND_NORTHERN_IRELAND,United Kingdom of Great Britain and Northern Ireland,2018,Industrial and Technical Support,"R&D, Engineering & Scientific Services",638399.44,785796.012353823,4,4
COUNTRY_UNITED_KINGDOM_OF_GREAT_BRITAIN_AND_NORTHERN_IRELAND,United Kingdom of Great Britain and Northern Ireland,2018,Industrial and Technical Support,"Resources, Fuel & Materials",6187500.38,7616098.668635682,110,11
COUNTRY_UNITED_KINGDOM_OF_GREAT_BRITAIN_AND_NORTHERN_IRELAND,United Kingdom of Great Britain and Northern Ireland,2019,Core Defence Industrial Complex,Aerospace & Space,58710.95,70884.8381617647,2,2
COUNTRY_UNITED_KINGDOM_OF_GREAT_BRITAIN_AND_NORTHERN_IRELAND,United Kingdom of Great Britain and Northern Ireland,2019,Core Defence Industrial Complex,Marine & Shipbuilding,241409.21,291466.1197205882,3,3
COUNTRY_UNITED_KINGDOM_OF_GREAT_BRITAIN_AND_NORTHERN_IRELAND,United Kingdom of Great Britain and Northern Ireland,2019,General Government Support,Administrative,2638733.71,3185882.90575,20,10
COUNTRY_UNITED_KINGDOM_OF_GREAT_BRITAIN_AND_NORTHERN_IRELAND,United Kingdom of Great Britain and Northern Ireland,2019,General Government Support,Construction & Infrastructure,232882.62,281171.5162058823,2,2
COUNTRY_UNITED_KINGDOM_OF_GREAT_BRITAIN_AND_NORTHERN_IRELAND,United Kingdom of Great Britain and Northern Ireland,2019,General Government Support,Industrial Equipment & Manufacturing,1334799.99,1611574.6938088234,5,4
COUNTRY_UNITED_KINGDOM_OF_GREAT_BRITAIN_AND_NORTHERN_IRELAND,United Kingdom of Great Britain and Northern Ireland,2019,General Government Support,"Resources, Fuel & Materials",88582.85,106950.76448529412,3,3
COUNTRY_UNITED_KINGDOM_OF_GREAT_BRITAIN_AND_NORTHERN_IRELAND,United Kingdom of Great Britain and Northern Ireland,2019,Industrial and Technical Support,Administrative,226620.08000000002,273610.42011764704,2,2
COUNTRY_UNITED_KINGDOM_OF_GREAT_BRITAIN_AND_NORTHERN_IRELAND,United Kingdom of Great Britain and Northern Ireland,2019,Industrial and Technical Support,Communications & Electronics,1220862.6,1474012.050882353,4,4
COUNTRY_UNITED_KINGDOM_OF_GREAT_BRITAIN_AND_NORTHERN_IRELAND,United Kingdom of Great Britain and Northern Ireland,2019,Industrial and Technical Support,Digital Systems & Software,536680.46,647962.7318529411,3,3
COUNTRY_UNITED_KINGDOM_OF_GREAT_BRITAIN_AND_NORTHERN_IRELAND,United Kingdom of Great Britain and Northern Ireland,2019,Industrial and Technical Support,"Resources, Fuel & Materials",3194434.7800000003,3856810.2270294116,82,15
COUNTRY_UNITED_KINGDOM_OF_GREAT_BRITAIN_AND_NORTHERN_IRELAND,United Kingdom of Great Britain and Northern Ireland,2020,Core Defence Industrial Complex,Aerospace & Space,57458.23,68865.99537226278,1,1
COUNTRY_UNITED_KINGDOM_OF_GREAT_BRITAIN_AND_NORTHERN_IRELAND,United Kingdom of Great Britain and Northern Ireland,2020,Core Defence Industrial Complex,Marine & Shipbuilding,432409.95,518260.68459854013,2,2
COUNTRY_UNITED_KINGDOM_OF_GREAT_BRITAIN_AND_NORTHERN_IRELAND,United Kingdom of Great Britain and Northern Ireland,2020,General Government Support,Administrative,3669845.58,4398457.25719708,36,16
COUNTRY_UNITED_KINGDOM_OF_GREAT_BRITAIN_AND_NORTHERN_IRELAND,United Kingdom of Great Britain and Northern Ireland,2020,General Government Support,Communications & Electronics,69113.59,82835.41224817518,3,3
COUNTRY_UNITED_KINGDOM_OF_GREAT_BRITAIN_AND_NORTHERN_IRELAND,United Kingdom of Great Britain and Northern Ireland,2020,General Government Support,Construction & Infrastructure,151042.52,181030.5239708029,1,1
COUNTRY_UNITED_KINGDOM_OF_GREAT_BRITAIN_AND_NORTHERN_IRELAND,United Kingdom of Great Britain and Northern Ireland,2020,General Government Support,Industrial Equipment & Manufacturing,11778633.84,14117165.52210219,4,4
COUNTRY_UNITED_KINGDOM_OF_GREAT_BRITAIN_AND_NORTHERN_IRELAND,United Kingdom of Great Britain and Northern Ireland,2020,General Government Support,"Resources, Fuel & Materials",309097.07,370465.24740145984,3,2
COUNTRY_UNITED_KINGDOM_OF_GREAT_BRITAIN_AND_NORTHERN_IRELAND,United Kingdom of Great Britain and Northern Ireland,2020,Industrial and Technical Support,Administrative,909008.4400000001,1089483.1083795622,11,5
COUNTRY_UNITED_KINGDOM_OF_GREAT_BRITAIN_AND_NORTHERN_IRELAND,United Kingdom of Great Britain and Northern Ireland,2020,Industrial and Technical Support,Communications & Electronics,37046.72,44401.9811970803,2,2
COUNTRY_UNITED_KINGDOM_OF_GREAT_BRITAIN_AND_NORTHERN_IRELAND,United Kingdom of Great Britain and Northern Ireland,2020,Industrial and Technical Support,Digital Systems & Software,29706305.77,35604200.05426277,6,4
COUNTRY_UNITED_KINGDOM_OF_GREAT_BRITAIN_AND_NORTHERN_IRELAND,United Kingdom of Great Britain and Northern Ireland,2020,Industrial and Technical Support,Land Systems & Vehicles,287311.3,344354.12744525546,1,1
COUNTRY_UNITED_KINGDOM_OF_GREAT_BRITAIN_AND_NORTHERN_IRELAND,United Kingdom of Great Britain and Northern Ireland,2020,Industrial and Technical Support,"R&D, Engineering & Scientific Services",58070.2,69599.46598540146,2,2
COUNTRY_UNITED_KINGDOM_OF_GREAT_BRITAIN_AND_NORTHERN_IRELAND,United Kingdom of Great Britain and Northern Ireland,2020,Industrial and Technical Support,"Resources, Fuel & Materials",4164773.71,4991648.490379562,87,14
COUNTRY_UNITED_KINGDOM_OF_GREAT_BRITAIN_AND_NORTHERN_IRELAND,United Kingdom of Great Britain and Northern Ireland,2021,Core Defence Industrial Complex,Marine & Shipbuilding,590580.36,684839.6547457627,5,5
COUNTRY_UNITED_KINGDOM_OF_GREAT_BRITAIN_AND_NORTHERN_IRELAND,United Kingdom of Great Britain and Northern Ireland,2021,Core Defence Industrial Complex,Weapons & Military Equipment,16766.86,19442.926638418077,1,1
COUNTRY_UNITED_KINGDOM_OF_GREAT_BRITAIN_AND_NORTHERN_IRELAND,United Kingdom of Great Britain and Northern Ireland,2021,General Government Support,Administrative,20178163.07,23398689.09670904,23,15
COUNTRY_UNITED_KINGDOM_OF_GREAT_BRITAIN_AND_NORTHERN_IRELAND,United Kingdom of Great Britain and Northern Ireland,2021,General Government Support,Industrial Equipment & Manufacturing,1727265.98,2002945.4372598869,24,17
COUNTRY_UNITED_KINGDOM_OF_GREAT_BRITAIN_AND_NORTHERN_IRELAND,United Kingdom of Great Britain and Northern Ireland,2021,Industrial and Technical Support,Administrative,36890.25,42778.10063559322,1,1
COUNTRY_UNITED_KINGDOM_OF_GREAT_BRITAIN_AND_NORTHERN_IRELAND,United Kingdom of Great Britain and Northern Ireland,2021,Industrial and Technical Support,Communications & Electronics,38242.82,44346.54692090395,1,1
COUNTRY_UNITED_KINGDOM_OF_GREAT_BRITAIN_AND_NORTHERN_IRELAND,United Kingdom of Great Britain and Northern Ireland,2021,Industrial and Technical Support,Digital Systems & Software,167758.01,194532.94662429378,4,4
COUNTRY_UNITED_KINGDOM_OF_GREAT_BRITAIN_AND_NORTHERN_IRELAND,United Kingdom of Great Britain and Northern Ireland,2021,Industrial and Technical Support,Industrial Equipment & Manufacturing,77827.45,90249.06278248587,2,1
COUNTRY_UNITED_KINGDOM_OF_GREAT_BRITAIN_AND_NORTHERN_IRELAND,United Kingdom of Great Britain and Northern Ireland,2021,Industrial and Technical Support,"Resources, Fuel & Materials",5973047.52,6926372.901016949,125,10
COUNTRY_UNITED_KINGDOM_OF_GREAT_BRITAIN_AND_NORTHERN_IRELAND,United Kingdom of Great Britain and Northern Ireland,2022,Core Defence Industrial Complex,Weapons & Military Equipment,5714382.4,6205698.347089947,3,2
COUNTRY_UNITED_KINGDOM_OF_GREAT_BRITAIN_AND_NORTHERN_IRELAND,United Kingdom of Great Britain and Northern Ireland,2022,General Government Support,Administrative,13385425.200000001,14536288.47777778,34,21
COUNTRY_UNITED_KINGDOM_OF_GREAT_BRITAIN_AND_NORTHERN_IRELAND,United Kingdom of Great Britain and Northern Ireland,2022,General Government Support,Communications & Electronics,2639442,2866378.150793651,1,1
COUNTRY_UNITED_KINGDOM_OF_GREAT_BRITAIN_AND_NORTHERN_IRELAND,United Kingdom of Great Britain and Northern Ireland,2022,General Government Support,Construction & Infrastructure,232596,252594.33333333334,1,1
COUNTRY_UNITED_KINGDOM_OF_GREAT_BRITAIN_AND_NORTHERN_IRELAND,United Kingdom of Great Britain and Northern Ireland,2022,General Government Support,Industrial Equipment & Manufacturing,10515557.19,11419672.556865081,15,11
COUNTRY_UNITED_KINGDOM_OF_GREAT_BRITAIN_AND_NORTHERN_IRELAND,United Kingdom of Great Britain and Northern Ireland,2022,General Government Support,Marine & Shipbuilding,10775,11701.421957671959,1,1
COUNTRY_UNITED_KINGDOM_OF_GREAT_BRITAIN_AND_NORTHERN_IRELAND,United Kingdom of Great Britain and Northern Ireland,2022,General Government Support,"Resources, Fuel & Materials",412412.29,447871.0186375661,2,2
COUNTRY_UNITED_KINGDOM_OF_GREAT_BRITAIN_AND_NORTHERN_IRELAND,United Kingdom of Great Britain and Northern Ireland,2022,Industrial and Technical Support,Administrative,318478.79,345861.22564814816,4,3
COUNTRY_UNITED_KINGDOM_OF_GREAT_BRITAIN_AND_NORTHERN_IRELAND,United Kingdom of Great Britain and Northern Ireland,2022,Industrial and Technical Support,Communications & Electronics,1265435.34,1374235.9975396825,6,5
COUNTRY_UNITED_KINGDOM_OF_GREAT_BRITAIN_AND_NORTHERN_IRELAND,United Kingdom of Great Britain and Northern Ireland,2022,Industrial and Technical Support,Digital Systems & Software,252234.08,273920.8725925926,4,4
COUNTRY_UNITED_KINGDOM_OF_GREAT_BRITAIN_AND_NORTHERN_IRELAND,United Kingdom of Great Britain and Northern Ireland,2022,Industrial and Technical Support,Land Systems & Vehicles,22694.95,24646.235383597887,1,1
COUNTRY_UNITED_KINGDOM_OF_GREAT_BRITAIN_AND_NORTHERN_IRELAND,United Kingdom of Great Britain and Northern Ireland,2022,Industrial and Technical Support,"R&D, Engineering & Scientific Services",12500,13574.73544973545,1,1
COUNTRY_UNITED_KINGDOM_OF_GREAT_BRITAIN_AND_NORTHERN_IRELAND,United Kingdom of Great Britain and Northern Ireland,2022,Industrial and Technical Support,"Resources, Fuel & Materials",22567844.3,24508201.28346561,416,11
COUNTRY_UNITED_KINGDOM_OF_GREAT_BRITAIN_AND_NORTHERN_IRELAND,United Kingdom of Great Britain and Northern Ireland,2023,Core Defence Industrial Complex,Weapons & Military Equipment,778026.34,813188.5743348186,5,5
COUNTRY_UNITED_KINGDOM_OF_GREAT_BRITAIN_AND_NORTHERN_IRELAND,United Kingdom of Great Britain and Northern Ireland,2023,General Government Support,Administrative,2827068.78,2954835.7331381286,14,11
COUNTRY_UNITED_KINGDOM_OF_GREAT_BRITAIN_AND_NORTHERN_IRELAND,United Kingdom of Great Britain and Northern Ireland,2023,General Government Support,Communications & Electronics,3584379.36,3746372.316435392,6,5
COUNTRY_UNITED_KINGDOM_OF_GREAT_BRITAIN_AND_NORTHERN_IRELAND,United Kingdom of Great Britain and Northern Ireland,2023,General Government Support,Construction & Infrastructure,736257.6,769532.1318905156,1,1
COUNTRY_UNITED_KINGDOM_OF_GREAT_BRITAIN_AND_NORTHERN_IRELAND,United Kingdom of Great Britain and Northern Ireland,2023,General Government Support,Industrial Equipment & Manufacturing,5141535.15,5373902.429217059,12,10
COUNTRY_UNITED_KINGDOM_OF_GREAT_BRITAIN_AND_NORTHERN_IRELAND,United Kingdom of Great Britain and Northern Ireland,2023,Industrial and Technical Support,Administrative,13983.96,14615.953099936347,1,1
COUNTRY_UNITED_KINGDOM_OF_GREAT_BRITAIN_AND_NORTHERN_IRELAND,United Kingdom of Great Britain and Northern Ireland,2023,Industrial and Technical Support,Communications & Electronics,123431.33,129009.70328453215,1,1
COUNTRY_UNITED_KINGDOM_OF_GREAT_BRITAIN_AND_NORTHERN_IRELAND,United Kingdom of Great Britain and Northern Ireland,2023,Industrial and Technical Support,Digital Systems & Software,241679.78,252602.29074474855,4,4
COUNTRY_UNITED_KINGDOM_OF_GREAT_BRITAIN_AND_NORTHERN_IRELAND,United Kingdom of Great Britain and Northern Ireland,2023,Industrial and Technical Support,"Resources, Fuel & Materials",14711973.33,15376868.369102484,258,9
COUNTRY_UNITED_KINGDOM_OF_GREAT_BRITAIN_AND_NORTHERN_IRELAND,United Kingdom of Great Britain and Northern Ireland,2024,Core Defence Industrial Complex,Weapons & Military Equipment,44984588,45907205.40459913,1,1
COUNTRY_UNITED_KINGDOM_OF_GREAT_BRITAIN_AND_NORTHERN_IRELAND,United Kingdom of Great Britain and Northern Ireland,2024,General Government Support,Administrative,8933976.48,9117209.06162834,19,16
COUNTRY_UNITED_KINGDOM_OF_GREAT_BRITAIN_AND_NORTHERN_IRELAND,United Kingdom of Great Britain and Northern Ireland,2024,General Government Support,Communications & Electronics,162117.46,165442.42965817277,5,3
COUNTRY_UNITED_KINGDOM_OF_GREAT_BRITAIN_AND_NORTHERN_IRELAND,United Kingdom of Great Britain and Northern Ireland,2024,General Government Support,Construction & Infrastructure,91182.05,93052.16041019266,2,2
COUNTRY_UNITED_KINGDOM_OF_GREAT_BRITAIN_AND_NORTHERN_IRELAND,United Kingdom of Great Britain and Northern Ireland,2024,General Government Support,Industrial Equipment & Manufacturing,8149892.46,8317043.765891857,17,13
COUNTRY_UNITED_KINGDOM_OF_GREAT_BRITAIN_AND_NORTHERN_IRELAND,United Kingdom of Great Britain and Northern Ireland,2024,Industrial and Technical Support,Administrative,47032.369999999995,47996.986662523304,3,1
COUNTRY_UNITED_KINGDOM_OF_GREAT_BRITAIN_AND_NORTHERN_IRELAND,United Kingdom of Great Britain and Northern Ireland,2024,Industrial and Technical Support,Communications & Electronics,21560667,22002868.374145433,3,3
COUNTRY_UNITED_KINGDOM_OF_GREAT_BRITAIN_AND_NORTHERN_IRELAND,United Kingdom of Great Britain and Northern Ireland,2024,Industrial and Technical Support,Digital Systems & Software,2718933.28,2774697.6045742696,4,4
COUNTRY_UNITED_KINGDOM_OF_GREAT_BRITAIN_AND_NORTHERN_IRELAND,United Kingdom of Great Britain and Northern Ireland,2024,Industrial and Technical Support,Industrial Equipment & Manufacturing,808290,824867.7315102548,1,1
COUNTRY_UNITED_KINGDOM_OF_GREAT_BRITAIN_AND_NORTHERN_IRELAND,United Kingdom of Great Britain and Northern Ireland,2024,Industrial and Technical Support,"R&D, Engineering & Scientific Services",33959663.21,34656163.449857056,2,2
COUNTRY_UNITED_KINGDOM_OF_GREAT_BRITAIN_AND_NORTHERN_IRELAND,United Kingdom of Great Britain and Northern Ireland,2024,Industrial and Technical Support,"Resources, Fuel & Materials",6277797.25,6406552.569608452,61,6
COUNTRY_UNITED_KINGDOM_OF_GREAT_BRITAIN_AND_NORTHERN_IRELAND,United Kingdom of Great Britain and Northern Ireland,2025,Core Defence Industrial Complex,Communications & Electronics,45635.88,45635.88,1,1
COUNTRY_UNITED_KINGDOM_OF_GREAT_BRITAIN_AND_NORTHERN_IRELAND,United Kingdom of Great Britain and Northern Ireland,2025,Core Defence Industrial Complex,Marine & Shipbuilding,174261.63,174261.63,3,1
COUNTRY_UNITED_KINGDOM_OF_GREAT_BRITAIN_AND_NORTHERN_IRELAND,United Kingdom of Great Britain and Northern Ireland,2025,Core Defence Industrial Complex,Weapons & Military Equipment,13339860,13339860,1,1
COUNTRY_UNITED_KINGDOM_OF_GREAT_BRITAIN_AND_NORTHERN_IRELAND,United Kingdom of Great Britain and Northern Ireland,2025,General Government Support,Administrative,8940154.83,8940154.83,16,12
COUNTRY_UNITED_KINGDOM_OF_GREAT_BRITAIN_AND_NORTHERN_IRELAND,United Kingdom of Great Britain and Northern Ireland,2025,General Government Support,Communications & Electronics,5029597.48,5029597.48,7,6
COUNTRY_UNITED_KINGDOM_OF_GREAT_BRITAIN_AND_NORTHERN_IRELAND,United Kingdom of Great Britain and Northern Ireland,2025,General Government Support,Industrial Equipment & Manufacturing,18582779.64,18582779.64,13,12
COUNTRY_UNITED_KINGDOM_OF_GREAT_BRITAIN_AND_NORTHERN_IRELAND,United Kingdom of Great Britain and Northern Ireland,2025,General Government Support,"Resources, Fuel & Materials",5456435,5456435,1,1
COUNTRY_UNITED_KINGDOM_OF_GREAT_BRITAIN_AND_NORTHERN_IRELAND,United Kingdom of Great Britain and Northern Ireland,2025,Industrial and Technical Support,Administrative,241819.55,241819.55,5,3
COUNTRY_UNITED_KINGDOM_OF_GREAT_BRITAIN_AND_NORTHERN_IRELAND,United Kingdom of Great Britain and Northern Ireland,2025,Industrial and Technical Support,Communications & Electronics,30632.87,30632.87,1,1
COUNTRY_UNITED_KINGDOM_OF_GREAT_BRITAIN_AND_NORTHERN_IRELAND,United Kingdom of Great Britain and Northern Ireland,2025,Industrial and Technical Support,Digital Systems & Software,1569853.1099999999,1569853.1099999999,11,4
COUNTRY_UNITED_KINGDOM_OF_GREAT_BRITAIN_AND_NORTHERN_IRELAND,United Kingdom of Great Britain and Northern Ireland,2025,Industrial and Technical Support,Industrial Equipment & Manufacturing,11412.01,11412.01,1,1
COUNTRY_UNITED_KINGDOM_OF_GREAT_BRITAIN_AND_NORTHERN_IRELAND,United Kingdom of Great Britain and Northern Ireland,2025,Industrial and Technical Support,"R&D, Engineering & Scientific Services",32187119.06,32187119.06,7,6
COUNTRY_UNITED_KINGDOM_OF_GREAT_BRITAIN_AND_NORTHERN_IRELAND,United Kingdom of Great Britain and Northern Ireland,2025,Industrial and Technical Support,"Resources, Fuel & Materials",9946621.9,9946621.9,25,5
COUNTRY_UNITED_KINGDOM_OF_GREAT_BRITAIN_AND_NORTHERN_IRELAND,United Kingdom of Great Britain and Northern Ireland,2026,Core Defence Industrial Complex,Marine & Shipbuilding,968694.8099999999,947912.3230154945,4,3
COUNTRY_UNITED_KINGDOM_OF_GREAT_BRITAIN_AND_NORTHERN_IRELAND,United Kingdom of Great Britain and Northern Ireland,2026,Core Defence Industrial Complex,Weapons & Military Equipment,1199872,1174129.811680572,1,1
COUNTRY_UNITED_KINGDOM_OF_GREAT_BRITAIN_AND_NORTHERN_IRELAND,United Kingdom of Great Britain and Northern Ireland,2026,General Government Support,Administrative,83075.67,81293.3552681764,2,2
COUNTRY_UNITED_KINGDOM_OF_GREAT_BRITAIN_AND_NORTHERN_IRELAND,United Kingdom of Great Britain and Northern Ireland,2026,General Government Support,Industrial Equipment & Manufacturing,2195220.91,2148124.394648391,8,6
COUNTRY_UNITED_KINGDOM_OF_GREAT_BRITAIN_AND_NORTHERN_IRELAND,United Kingdom of Great Britain and Northern Ireland,2026,Industrial and Technical Support,Administrative,221826.26,217067.17456495826,5,3
COUNTRY_UNITED_KINGDOM_OF_GREAT_BRITAIN_AND_NORTHERN_IRELAND,United Kingdom of Great Britain and Northern Ireland,2026,Industrial and Technical Support,Communications & Electronics,738599.4,722753.4057210966,2,2
COUNTRY_UNITED_KINGDOM_OF_GREAT_BRITAIN_AND_NORTHERN_IRELAND,United Kingdom of Great Britain and Northern Ireland,2026,Industrial and Technical Support,Digital Systems & Software,490237.38999999996,479719.7821096543,2,2
COUNTRY_UNITED_KINGDOM_OF_GREAT_BRITAIN_AND_NORTHERN_IRELAND,United Kingdom of Great Britain and Northern Ireland,2026,Industrial and Technical Support,"R&D, Engineering & Scientific Services",30000,29356.376638855778,1,1
COUNTRY_UNITED_KINGDOM_OF_GREAT_BRITAIN_AND_NORTHERN_IRELAND,United Kingdom of Great Britain and Northern Ireland,2026,Industrial and Technical Support,"Resources, Fuel & Materials",440683.88,431229.39866507746,2,2
COUNTRY_UNITED_REPUBLIC_OF_TANZANIA,United Republic of Tanzania,2019,General Government Support,Administrative,86980.79,105016.51263235294,2,2
COUNTRY_UNITED_REPUBLIC_OF_TANZANIA,United Republic of Tanzania,2023,General Government Support,Industrial Equipment & Manufacturing,23338.78,24393.556180776577,1,1
COUNTRY_UNITED_STATES_MINOR_OUTLYING_ISLANDS,United States Minor Outlying Islands,2016,General Government Support,"Resources, Fuel & Materials",145631.38,186235.76788161992,1,1
COUNTRY_UNITED_STATES_MINOR_OUTLYING_ISLANDS,United States Minor Outlying Islands,2016,Industrial and Technical Support,Administrative,10181.95,13020.842601246106,1,1
COUNTRY_UNITED_STATES_MINOR_OUTLYING_ISLANDS,United States Minor Outlying Islands,2017,Industrial and Technical Support,Administrative,165290.6,208134.3291411043,1,1
COUNTRY_UNITED_STATES_MINOR_OUTLYING_ISLANDS,United States Minor Outlying Islands,2018,General Government Support,Administrative,326263.91,401593.2085607196,2,2
COUNTRY_UNITED_STATES_MINOR_OUTLYING_ISLANDS,United States Minor Outlying Islands,2018,General Government Support,Construction & Infrastructure,1838850.8,2263413.0536731635,1,1
COUNTRY_UNITED_STATES_MINOR_OUTLYING_ISLANDS,United States Minor Outlying Islands,2021,Industrial and Technical Support,"R&D, Engineering & Scientific Services",13147.31,15245.680098870054,1,1
COUNTRY_UNITED_STATES_MINOR_OUTLYING_ISLANDS,United States Minor Outlying Islands,2024,General Government Support,Administrative,0,0,1,1
COUNTRY_UNITED_STATES_MINOR_OUTLYING_ISLANDS,United States Minor Outlying Islands,2025,Industrial and Technical Support,"Resources, Fuel & Materials",42497.99,42497.99,1,1
COUNTRY_UNITED_STATES_OF_AMERICA,United States of America,2016,Core Defence Industrial Complex,Aerospace & Space,1131652.82,1447175.9582866044,3,3
COUNTRY_UNITED_STATES_OF_AMERICA,United States of America,2016,Core Defence Industrial Complex,Marine & Shipbuilding,72708.88,92981.2935825545,3,3
COUNTRY_UNITED_STATES_OF_AMERICA,United States of America,2016,General Government Support,Administrative,2555310.13,3267771.988676012,19,16
COUNTRY_UNITED_STATES_OF_AMERICA,United States of America,2016,General Government Support,Communications & Electronics,89322.05,114226.48450155761,4,4
COUNTRY_UNITED_STATES_OF_AMERICA,United States of America,2016,General Government Support,Industrial Equipment & Manufacturing,10352428.54,13238853.319844235,8,8
COUNTRY_UNITED_STATES_OF_AMERICA,United States of America,2016,General Government Support,"Resources, Fuel & Materials",237206.64,303343.6938317757,2,2
COUNTRY_UNITED_STATES_OF_AMERICA,United States of America,2016,Industrial and Technical Support,Administrative,1199571.69,1534031.7094859811,15,7
COUNTRY_UNITED_STATES_OF_AMERICA,United States of America,2016,Industrial and Technical Support,Communications & Electronics,121628.38,155540.34264797508,5,4
COUNTRY_UNITED_STATES_OF_AMERICA,United States of America,2016,Industrial and Technical Support,Digital Systems & Software,45829.44,58607.430280373825,2,2
COUNTRY_UNITED_STATES_OF_AMERICA,United States of America,2016,Industrial and Technical Support,Land Systems & Vehicles,1546410.8,1977575.181931464,1,1
COUNTRY_UNITED_STATES_OF_AMERICA,United States of America,2016,Industrial and Technical Support,"R&D, Engineering & Scientific Services",299548.1,383066.9627725856,1,1
COUNTRY_UNITED_STATES_OF_AMERICA,United States of America,2016,Industrial and Technical Support,"Resources, Fuel & Materials",710119.29,908112.051542056,19,2
COUNTRY_UNITED_STATES_OF_AMERICA,United States of America,2017,Core Defence Industrial Complex,Aerospace & Space,10639098.74,13396779.241625767,22,16
COUNTRY_UNITED_STATES_OF_AMERICA,United States of America,2017,Core Defence Industrial Complex,Communications & Electronics,622481.77,783830.5723466258,2,2
COUNTRY_UNITED_STATES_OF_AMERICA,United States of America,2017,Core Defence Industrial Complex,Land Systems & Vehicles,17243.91,21713.573788343558,1,1
COUNTRY_UNITED_STATES_OF_AMERICA,United States of America,2017,Core Defence Industrial Complex,Marine & Shipbuilding,2980687.17,3753288.5990337417,19,16
COUNTRY_UNITED_STATES_OF_AMERICA,United States of America,2017,Core Defence Industrial Complex,Weapons & Military Equipment,8292782.84,10442292.502515336,15,11
COUNTRY_UNITED_STATES_OF_AMERICA,United States of America,2017,General Government Support,Administrative,31638646.63,39839461.47734662,160,80
COUNTRY_UNITED_STATES_OF_AMERICA,United States of America,2017,General Government Support,Communications & Electronics,537318.78,676593.1263496932,8,8
COUNTRY_UNITED_STATES_OF_AMERICA,United States of America,2017,General Government Support,Construction & Infrastructure,2499662.07,3147580.6126840487,7,6
COUNTRY_UNITED_STATES_OF_AMERICA,United States of America,2017,General Government Support,Industrial Equipment & Manufacturing,112937836.76,142211601.19625768,97,71
COUNTRY_UNITED_STATES_OF_AMERICA,United States of America,2017,General Government Support,"R&D, Engineering & Scientific Services",7989.19,10060.007653374232,1,1
COUNTRY_UNITED_STATES_OF_AMERICA,United States of America,2017,General Government Support,"Resources, Fuel & Materials",628318.77,791180.5370705521,4,3
COUNTRY_UNITED_STATES_OF_AMERICA,United States of America,2017,Industrial and Technical Support,Administrative,4064730.86,5118319.073711656,59,28
COUNTRY_UNITED_STATES_OF_AMERICA,United States of America,2017,Industrial and Technical Support,Communications & Electronics,15559394.51,19592427.749555215,40,29
COUNTRY_UNITED_STATES_OF_AMERICA,United States of America,2017,Industrial and Technical Support,Digital Systems & Software,7914483.66,9965937.24671779,52,48
COUNTRY_UNITED_STATES_OF_AMERICA,United States of America,2017,Industrial and Technical Support,Industrial Equipment & Manufacturing,197220.96,248341.11680981595,6,6
COUNTRY_UNITED_STATES_OF_AMERICA,United States of America,2017,Industrial and Technical Support,Land Systems & Vehicles,9426285.43,11869601.745444784,8,5
COUNTRY_UNITED_STATES_OF_AMERICA,United States of America,2017,Industrial and Technical Support,"R&D, Engineering & Scientific Services",79166007.37,99686030.75271472,36,31
COUNTRY_UNITED_STATES_OF_AMERICA,United States of America,2017,Industrial and Technical Support,"Resources, Fuel & Materials",2165906.25,2727314.465107362,72,16
COUNTRY_UNITED_STATES_OF_AMERICA,United States of America,2018,Core Defence Industrial Complex,Aerospace & Space,14431250.67,17763203.598305847,9,9
COUNTRY_UNITED_STATES_OF_AMERICA,United States of America,2018,Core Defence Industrial Complex,Marine & Shipbuilding,21349815.64,26279158.381469265,23,19
COUNTRY_UNITED_STATES_OF_AMERICA,United States of America,2018,Core Defence Industrial Complex,Weapons & Military Equipment,10691045.58,13159442.910314841,18,15
COUNTRY_UNITED_STATES_OF_AMERICA,United States of America,2018,General Government Support,Administrative,15990108.049999999,19681977.07503748,148,90
COUNTRY_UNITED_STATES_OF_AMERICA,United States of America,2018,General Government Support,Communications & Electronics,254845.97,313685.9690704647,12,10
COUNTRY_UNITED_STATES_OF_AMERICA,United States of America,2018,General Government Support,Construction & Infrastructure,2822417.02,3474069.5253673163,10,9
COUNTRY_UNITED_STATES_OF_AMERICA,United States of America,2018,General Government Support,Industrial Equipment & Manufacturing,264641819.45,325743528.88823086,132,79
COUNTRY_UNITED_STATES_OF_AMERICA,United States of America,2018,General Government Support,"Resources, Fuel & Materials",1665008.05,2049432.6972263865,7,5
COUNTRY_UNITED_STATES_OF_AMERICA,United States of America,2018,Industrial and Technical Support,Administrative,6907530.25,8502372.316716641,64,29
COUNTRY_UNITED_STATES_OF_AMERICA,United States of America,2018,Industrial and Technical Support,Aerospace & Space,12000,14770.614692653673,1,1
COUNTRY_UNITED_STATES_OF_AMERICA,United States of America,2018,Industrial and Technical Support,Communications & Electronics,24677724.6,30375430.12983508,35,24
COUNTRY_UNITED_STATES_OF_AMERICA,United States of America,2018,Industrial and Technical Support,Construction & Infrastructure,1434379.4,1765555.4533733132,1,1
COUNTRY_UNITED_STATES_OF_AMERICA,United States of America,2018,Industrial and Technical Support,Digital Systems & Software,19468134.61,23963026.259085454,64,52
COUNTRY_UNITED_STATES_OF_AMERICA,United States of America,2018,Industrial and Technical Support,Industrial Equipment & Manufacturing,510723.34,628641.472473763,7,7
COUNTRY_UNITED_STATES_OF_AMERICA,United States of America,2018,Industrial and Technical Support,Land Systems & Vehicles,1226914.95,1510190.6655922038,5,5
COUNTRY_UNITED_STATES_OF_AMERICA,United States of America,2018,Industrial and Technical Support,"R&D, Engineering & Scientific Services",61846408.96,76125789.7393703,28,25
COUNTRY_UNITED_STATES_OF_AMERICA,United States of America,2018,Industrial and Technical Support,"Resources, Fuel & Materials",5663010.93,6970512.703943028,164,15
COUNTRY_UNITED_STATES_OF_AMERICA,United States of America,2019,Core Defence Industrial Complex,Aerospace & Space,17820897.98,21516113.590558823,6,6
COUNTRY_UNITED_STATES_OF_AMERICA,United States of America,2019,Core Defence Industrial Complex,Communications & Electronics,10746881.47,12975278.951279411,4,4
COUNTRY_UNITED_STATES_OF_AMERICA,United States of America,2019,Core Defence Industrial Complex,Land Systems & Vehicles,19252.01,23243.97089705882,1,1
COUNTRY_UNITED_STATES_OF_AMERICA,United States of America,2019,Core Defence Industrial Complex,Marine & Shipbuilding,5548131.67,6698553.089808823,27,18
COUNTRY_UNITED_STATES_OF_AMERICA,United States of America,2019,Core Defence Industrial Complex,"R&D, Engineering & Scientific Services",22995,27763.08088235294,1,1
COUNTRY_UNITED_STATES_OF_AMERICA,United States of America,2019,Core Defence Industrial Complex,Weapons & Military Equipment,2579028.77,3113797.970838235,5,5
COUNTRY_UNITED_STATES_OF_AMERICA,United States of America,2019,General Government Support,Administrative,13566406.99,16379441.380573528,126,76
COUNTRY_UNITED_STATES_OF_AMERICA,United States of America,2019,General Government Support,Aerospace & Space,474377.08,572740.5627647059,7,5
COUNTRY_UNITED_STATES_OF_AMERICA,United States of America,2019,General Government Support,Communications & Electronics,351227.29,424055.3016029411,7,7
COUNTRY_UNITED_STATES_OF_AMERICA,United States of America,2019,General Government Support,Construction & Infrastructure,175680.75,212108.67022058825,3,3
COUNTRY_UNITED_STATES_OF_AMERICA,United States of America,2019,General Government Support,Industrial Equipment & Manufacturing,42104888.44,50835460.895941176,80,54
COUNTRY_UNITED_STATES_OF_AMERICA,United States of America,2019,General Government Support,Marine & Shipbuilding,5502488.92,6643446.18135294,3,3
COUNTRY_UNITED_STATES_OF_AMERICA,United States of America,2019,General Government Support,"R&D, Engineering & Scientific Services",270404.99,326474.2599852941,2,2
COUNTRY_UNITED_STATES_OF_AMERICA,United States of America,2019,General Government Support,"Resources, Fuel & Materials",706274.23,852722.2688676469,5,5
COUNTRY_UNITED_STATES_OF_AMERICA,United States of America,2019,General Government Support,Weapons & Military Equipment,1998066.68,2412371.6827647057,5,3
COUNTRY_UNITED_STATES_OF_AMERICA,United States of America,2019,Industrial and Technical Support,Administrative,2689060.46,3246645.055382353,23,16
COUNTRY_UNITED_STATES_OF_AMERICA,United States of America,2019,Industrial and Technical Support,Aerospace & Space,308989.04,373058.8262352941,9,4
COUNTRY_UNITED_STATES_OF_AMERICA,United States of America,2019,Industrial and Technical Support,Communications & Electronics,37340243.54,45082852.86226471,46,29
COUNTRY_UNITED_STATES_OF_AMERICA,United States of America,2019,Industrial and Technical Support,Construction & Infrastructure,11570,13969.073529411764,1,1
COUNTRY_UNITED_STATES_OF_AMERICA,United States of America,2019,Industrial and Technical Support,Digital Systems & Software,25844871.63,31203881.776808824,54,43
COUNTRY_UNITED_STATES_OF_AMERICA,United States of America,2019,Industrial and Technical Support,Industrial Equipment & Manufacturing,4092771.47,4941419.671867647,10,10
COUNTRY_UNITED_STATES_OF_AMERICA,United States of America,2019,Industrial and Technical Support,Land Systems & Vehicles,1560427.3599999999,1883986.5625882351,5,5
COUNTRY_UNITED_STATES_OF_AMERICA,United States of America,2019,Industrial and Technical Support,Marine & Shipbuilding,126324.43,152518.17210294117,3,3
COUNTRY_UNITED_STATES_OF_AMERICA,United States of America,2019,Industrial and Technical Support,"R&D, Engineering & Scientific Services",1498690.11,1809447.9122205882,7,7
COUNTRY_UNITED_STATES_OF_AMERICA,United States of America,2019,Industrial and Technical Support,"Resources, Fuel & Materials",5334472.31,6440590.833102941,134,17
COUNTRY_UNITED_STATES_OF_AMERICA,United States of America,2020,Core Defence Industrial Complex,Aerospace & Space,40683165.78,48760407.453109495,8,4
COUNTRY_UNITED_STATES_OF_AMERICA,United States of America,2020,Core Defence Industrial Complex,Marine & Shipbuilding,2388447.6,2862650.335182482,4,4
COUNTRY_UNITED_STATES_OF_AMERICA,United States of America,2020,Core Defence Industrial Complex,Weapons & Military Equipment,225314.16,270048.0662189781,2,2
COUNTRY_UNITED_STATES_OF_AMERICA,United States of America,2020,General Government Support,Administrative,28772471.43,34484962.108072996,85,62
COUNTRY_UNITED_STATES_OF_AMERICA,United States of America,2020,General Government Support,Communications & Electronics,1640072.81,1965693.1051240875,12,11
COUNTRY_UNITED_STATES_OF_AMERICA,United States of America,2020,General Government Support,Construction & Infrastructure,11829.57,14178.214554744525,1,1
COUNTRY_UNITED_STATES_OF_AMERICA,United States of America,2020,General Government Support,Industrial Equipment & Manufacturing,17067773.86,20456412.173810218,57,54
COUNTRY_UNITED_STATES_OF_AMERICA,United States of America,2020,General Government Support,Marine & Shipbuilding,56308.85,67488.41729927008,1,1
COUNTRY_UNITED_STATES_OF_AMERICA,United States of America,2020,General Government Support,"R&D, Engineering & Scientific Services",59902.26,71795.26344525548,2,2
COUNTRY_UNITED_STATES_OF_AMERICA,United States of America,2020,General Government Support,"Resources, Fuel & Materials",42545.01,50991.90249635037,2,2
COUNTRY_UNITED_STATES_OF_AMERICA,United States of America,2020,Industrial and Technical Support,Administrative,548668.37,657601.0682773723,12,6
COUNTRY_UNITED_STATES_OF_AMERICA,United States of America,2020,Industrial and Technical Support,Communications & Electronics,7497660.72,8986247.373897811,23,18
COUNTRY_UNITED_STATES_OF_AMERICA,United States of America,2020,Industrial and Technical Support,Digital Systems & Software,22690716.15,27195734.246934306,94,61
COUNTRY_UNITED_STATES_OF_AMERICA,United States of America,2020,Industrial and Technical Support,Industrial Equipment & Manufacturing,5328077.03,6385914.221357664,6,6
COUNTRY_UNITED_STATES_OF_AMERICA,United States of America,2020,Industrial and Technical Support,Land Systems & Vehicles,4056323.28,4861666.296175183,6,5
COUNTRY_UNITED_STATES_OF_AMERICA,United States of America,2020,Industrial and Technical Support,"R&D, Engineering & Scientific Services",151400565.16,181459655.4691387,31,30
COUNTRY_UNITED_STATES_OF_AMERICA,United States of America,2020,Industrial and Technical Support,"Resources, Fuel & Materials",14743006.85,17670085.582262773,483,29
COUNTRY_UNITED_STATES_OF_AMERICA,United States of America,2021,Core Defence Industrial Complex,Aerospace & Space,17399978,20177093.13276836,3,3
COUNTRY_UNITED_STATES_OF_AMERICA,United States of America,2021,Core Defence Industrial Complex,Communications & Electronics,187294190,217187189.25141242,2,1
COUNTRY_UNITED_STATES_OF_AMERICA,United States of America,2021,Core Defence Industrial Complex,Land Systems & Vehicles,1292914.34,1499269.3123446328,6,3
COUNTRY_UNITED_STATES_OF_AMERICA,United States of America,2021,Core Defence Industrial Complex,Marine & Shipbuilding,76923.82,89201.20935028249,3,3
COUNTRY_UNITED_STATES_OF_AMERICA,United States of America,2021,Core Defence Industrial Complex,Weapons & Military Equipment,4464071.03,5176556.942980226,3,2
COUNTRY_UNITED_STATES_OF_AMERICA,United States of America,2021,General Government Support,Administrative,5844571.09,6777391.05210452,51,39
COUNTRY_UNITED_STATES_OF_AMERICA,United States of America,2021,General Government Support,Communications & Electronics,240875.88,279320.75915254233,8,8
COUNTRY_UNITED_STATES_OF_AMERICA,United States of America,2021,General Government Support,Construction & Infrastructure,132933.35,154150.11348870053,2,2
COUNTRY_UNITED_STATES_OF_AMERICA,United States of America,2021,General Government Support,Industrial Equipment & Manufacturing,42830987.33,49667006.494251415,57,55
COUNTRY_UNITED_STATES_OF_AMERICA,United States of America,2021,General Government Support,Marine & Shipbuilding,60225.1,69837.29816384181,2,2
COUNTRY_UNITED_STATES_OF_AMERICA,United States of America,2021,General Government Support,"Resources, Fuel & Materials",104340.66,120993.90093220338,2,2
COUNTRY_UNITED_STATES_OF_AMERICA,United States of America,2021,Industrial and Technical Support,Administrative,61169413.87,70932328.79557909,28,15
COUNTRY_UNITED_STATES_OF_AMERICA,United States of America,2021,Industrial and Technical Support,Communications & Electronics,12707206.01,14735333.52289548,24,15
COUNTRY_UNITED_STATES_OF_AMERICA,United States of America,2021,Industrial and Technical Support,Digital Systems & Software,2729705.03,3165378.290437853,39,36
COUNTRY_UNITED_STATES_OF_AMERICA,United States of America,2021,Industrial and Technical Support,Industrial Equipment & Manufacturing,795873.5700000001,922898.5889406779,7,7
COUNTRY_UNITED_STATES_OF_AMERICA,United States of America,2021,Industrial and Technical Support,Land Systems & Vehicles,2174727.3,2521823.606355932,15,7
COUNTRY_UNITED_STATES_OF_AMERICA,United States of America,2021,Industrial and Technical Support,"R&D, Engineering & Scientific Services",137160718.58,159052189.2008192,41,29
COUNTRY_UNITED_STATES_OF_AMERICA,United States of America,2021,Industrial and Technical Support,"Resources, Fuel & Materials",3642946.7,4224377.458615819,73,13
COUNTRY_UNITED_STATES_OF_AMERICA,United States of America,2022,Core Defence Industrial Complex,Aerospace & Space,48117436.35,52254517.51765873,5,5
COUNTRY_UNITED_STATES_OF_AMERICA,United States of America,2022,Core Defence Industrial Complex,Land Systems & Vehicles,108877.76000000001,118238.94306878309,2,2
COUNTRY_UNITED_STATES_OF_AMERICA,United States of America,2022,Core Defence Industrial Complex,Marine & Shipbuilding,29219.82,31732.106111111112,2,2
COUNTRY_UNITED_STATES_OF_AMERICA,United States of America,2022,Core Defence Industrial Complex,Weapons & Military Equipment,33311431.55,36175509.659457676,10,5
COUNTRY_UNITED_STATES_OF_AMERICA,United States of America,2022,General Government Support,Administrative,5108740.37,5547983.920330687,58,43
COUNTRY_UNITED_STATES_OF_AMERICA,United States of America,2022,General Government Support,Communications & Electronics,626938.36,680841.7904232804,3,3
COUNTRY_UNITED_STATES_OF_AMERICA,United States of America,2022,General Government Support,Construction & Infrastructure,5908413.67,6416412.199828043,18,12
COUNTRY_UNITED_STATES_OF_AMERICA,United States of America,2022,General Government Support,Industrial Equipment & Manufacturing,18603305.64,20202796.204285715,35,31
COUNTRY_UNITED_STATES_OF_AMERICA,United States of America,2022,General Government Support,"Resources, Fuel & Materials",1362294.71,1479423.223425926,6,3
COUNTRY_UNITED_STATES_OF_AMERICA,United States of America,2022,Industrial and Technical Support,Administrative,5993002.64,6508274.031005291,38,16
COUNTRY_UNITED_STATES_OF_AMERICA,United States of America,2022,Industrial and Technical Support,Communications & Electronics,17422304.38,18920253.830661375,15,11
COUNTRY_UNITED_STATES_OF_AMERICA,United States of America,2022,Industrial and Technical Support,Digital Systems & Software,3842260.09,4172613.1400661375,27,26
COUNTRY_UNITED_STATES_OF_AMERICA,United States of America,2022,Industrial and Technical Support,Industrial Equipment & Manufacturing,1510784.25,1640679.721230159,3,3
COUNTRY_UNITED_STATES_OF_AMERICA,United States of America,2022,Industrial and Technical Support,Land Systems & Vehicles,4105116.69,4458069.844563493,6,6
COUNTRY_UNITED_STATES_OF_AMERICA,United States of America,2022,Industrial and Technical Support,Marine & Shipbuilding,1582000,1718018.5185185187,1,1
COUNTRY_UNITED_STATES_OF_AMERICA,United States of America,2022,Industrial and Technical Support,"R&D, Engineering & Scientific Services",11606556.91,12604475.162843917,12,12
COUNTRY_UNITED_STATES_OF_AMERICA,United States of America,2022,Industrial and Technical Support,"Resources, Fuel & Materials",8013274.52,8702246.535608467,193,11
COUNTRY_UNITED_STATES_OF_AMERICA,United States of America,2023,Core Defence Industrial Complex,Aerospace & Space,1813376520.3,1895330519.6260982,10,9
COUNTRY_UNITED_STATES_OF_AMERICA,United States of America,2023,Core Defence Industrial Complex,Land Systems & Vehicles,629033.06,657461.6706047105,1,1
COUNTRY_UNITED_STATES_OF_AMERICA,United States of America,2023,Core Defence Industrial Complex,Marine & Shipbuilding,1503817.53,1571781.2757861237,4,4
COUNTRY_UNITED_STATES_OF_AMERICA,United States of America,2023,Core Defence Industrial Complex,Weapons & Military Equipment,47468138.73,49613420.62040739,15,7
COUNTRY_UNITED_STATES_OF_AMERICA,United States of America,2023,General Government Support,Administrative,11071373.31,11571734.548071293,77,53
COUNTRY_UNITED_STATES_OF_AMERICA,United States of America,2023,General Government Support,Communications & Electronics,2081777.54,2175861.693621897,11,11
COUNTRY_UNITED_STATES_OF_AMERICA,United States of America,2023,General Government Support,Construction & Infrastructure,89346.79000000001,93384.7416804583,4,4
COUNTRY_UNITED_STATES_OF_AMERICA,United States of America,2023,General Government Support,Industrial Equipment & Manufacturing,8772768.08,9169245.822635265,59,48
COUNTRY_UNITED_STATES_OF_AMERICA,United States of America,2023,General Government Support,Marine & Shipbuilding,40680,42518.49777211967,1,1
COUNTRY_UNITED_STATES_OF_AMERICA,United States of America,2023,General Government Support,"Resources, Fuel & Materials",393361.94,411139.59610439214,2,2
COUNTRY_UNITED_STATES_OF_AMERICA,United States of America,2023,Industrial and Technical Support,Administrative,2840743.13,2969128.0836791852,33,14
COUNTRY_UNITED_STATES_OF_AMERICA,United States of America,2023,Industrial and Technical Support,Communications & Electronics,26174713.92,27357657.70632718,39,28
COUNTRY_UNITED_STATES_OF_AMERICA,United States of America,2023,Industrial and Technical Support,Digital Systems & Software,15152336.41,15837133.281489497,43,41
COUNTRY_UNITED_STATES_OF_AMERICA,United States of America,2023,Industrial and Technical Support,Industrial Equipment & Manufacturing,6122767.25,6399480.473901974,8,7
COUNTRY_UNITED_STATES_OF_AMERICA,United States of America,2023,Industrial and Technical Support,Land Systems & Vehicles,7199946.29,7525341.6983959265,6,6
COUNTRY_UNITED_STATES_OF_AMERICA,United States of America,2023,Industrial and Technical Support,"R&D, Engineering & Scientific Services",6647285.21,6947703.574042012,23,20
COUNTRY_UNITED_STATES_OF_AMERICA,United States of America,2023,Industrial and Technical Support,"Resources, Fuel & Materials",7929668.16,8288042.723564609,141,12
COUNTRY_UNITED_STATES_OF_AMERICA,United States of America,2024,Core Defence Industrial Complex,Aerospace & Space,16102315.2,16432567.780236172,19,17
COUNTRY_UNITED_STATES_OF_AMERICA,United States of America,2024,Core Defence Industrial Complex,Marine & Shipbuilding,2855151.1,2913709.2021131134,2,2
COUNTRY_UNITED_STATES_OF_AMERICA,United States of America,2024,Core Defence Industrial Complex,Weapons & Military Equipment,2347991.9299999997,2396148.3835052825,10,7
COUNTRY_UNITED_STATES_OF_AMERICA,United States of America,2024,General Government Support,Administrative,20667303.18,21091181.98978247,77,35
COUNTRY_UNITED_STATES_OF_AMERICA,United States of America,2024,General Government Support,Communications & Electronics,789954.5499999999,806156.228154133,9,8
COUNTRY_UNITED_STATES_OF_AMERICA,United States of America,2024,General Government Support,Construction & Infrastructure,4243913.09,4330954.191286513,7,7
COUNTRY_UNITED_STATES_OF_AMERICA,United States of America,2024,General Government Support,Industrial Equipment & Manufacturing,19626090.07,20028613.980696082,63,50
COUNTRY_UNITED_STATES_OF_AMERICA,United States of America,2024,General Government Support,"Resources, Fuel & Materials",1506291.57,1537185.0577625853,9,4
COUNTRY_UNITED_STATES_OF_AMERICA,United States of America,2024,Industrial and Technical Support,Administrative,16923691.17,17270789.870192666,46,18
COUNTRY_UNITED_STATES_OF_AMERICA,United States of America,2024,Industrial and Technical Support,Communications & Electronics,44039063.33,44942288.370329395,15,13
COUNTRY_UNITED_STATES_OF_AMERICA,United States of America,2024,Industrial and Technical Support,Digital Systems & Software,13922322.63,14207864.36200124,32,31
COUNTRY_UNITED_STATES_OF_AMERICA,United States of America,2024,Industrial and Technical Support,Industrial Equipment & Manufacturing,889959.49,908212.2328029831,6,6
COUNTRY_UNITED_STATES_OF_AMERICA,United States of America,2024,Industrial and Technical Support,Land Systems & Vehicles,2609737.88,2663262.646960845,4,4
COUNTRY_UNITED_STATES_OF_AMERICA,United States of America,2024,Industrial and Technical Support,"R&D, Engineering & Scientific Services",8420209.99,8592905.40931013,26,22
COUNTRY_UNITED_STATES_OF_AMERICA,United States of America,2024,Industrial and Technical Support,"Resources, Fuel & Materials",8028373.45,8193032.445556246,82,6
COUNTRY_UNITED_STATES_OF_AMERICA,United States of America,2025,Core Defence Industrial Complex,Aerospace & Space,77576460.08,77576460.08,24,22
COUNTRY_UNITED_STATES_OF_AMERICA,United States of America,2025,Core Defence Industrial Complex,Land Systems & Vehicles,653956.93,653956.93,2,2
COUNTRY_UNITED_STATES_OF_AMERICA,United States of America,2025,Core Defence Industrial Complex,Marine & Shipbuilding,7021955.4,7021955.4,49,34
COUNTRY_UNITED_STATES_OF_AMERICA,United States of America,2025,Core Defence Industrial Complex,Weapons & Military Equipment,140065828.6,140065828.6,6,5
COUNTRY_UNITED_STATES_OF_AMERICA,United States of America,2025,General Government Support,Administrative,16283845.08,16283845.08,70,52
COUNTRY_UNITED_STATES_OF_AMERICA,United States of America,2025,General Government Support,Communications & Electronics,7485103.4,7485103.4,16,14
COUNTRY_UNITED_STATES_OF_AMERICA,United States of America,2025,General Government Support,Construction & Infrastructure,153668.88,153668.88,3,3
COUNTRY_UNITED_STATES_OF_AMERICA,United States of America,2025,General Government Support,Industrial Equipment & Manufacturing,183582131.62,183582131.62,115,72
COUNTRY_UNITED_STATES_OF_AMERICA,United States of America,2025,General Government Support,"Resources, Fuel & Materials",106450.65,106450.65,2,1
COUNTRY_UNITED_STATES_OF_AMERICA,United States of America,2025,Industrial and Technical Support,Administrative,6484548.2299999995,6484548.2299999995,63,15
COUNTRY_UNITED_STATES_OF_AMERICA,United States of America,2025,Industrial and Technical Support,Communications & Electronics,115338470.76,115338470.76,36,22
COUNTRY_UNITED_STATES_OF_AMERICA,United States of America,2025,Industrial and Technical Support,Digital Systems & Software,11948401.77,11948401.77,37,34
COUNTRY_UNITED_STATES_OF_AMERICA,United States of America,2025,Industrial and Technical Support,Industrial Equipment & Manufacturing,42202,42202,3,3
COUNTRY_UNITED_STATES_OF_AMERICA,United States of America,2025,Industrial and Technical Support,Land Systems & Vehicles,7821069.34,7821069.34,4,4
COUNTRY_UNITED_STATES_OF_AMERICA,United States of America,2025,Industrial and Technical Support,Marine & Shipbuilding,40251.25,40251.25,1,1
COUNTRY_UNITED_STATES_OF_AMERICA,United States of America,2025,Industrial and Technical Support,"R&D, Engineering & Scientific Services",21312281.11,21312281.11,36,34
COUNTRY_UNITED_STATES_OF_AMERICA,United States of America,2025,Industrial and Technical Support,"Resources, Fuel & Materials",10437774.63,10437774.63,81,12
COUNTRY_UNITED_STATES_OF_AMERICA,United States of America,2026,Core Defence Industrial Complex,Aerospace & Space,9020200.31,8826679.921942787,10,8
COUNTRY_UNITED_STATES_OF_AMERICA,United States of America,2026,Core Defence Industrial Complex,Communications & Electronics,2905515,2843179.7556615015,1,1
COUNTRY_UNITED_STATES_OF_AMERICA,United States of America,2026,Core Defence Industrial Complex,Land Systems & Vehicles,26026640,25468261.549463645,1,1
COUNTRY_UNITED_STATES_OF_AMERICA,United States of America,2026,Core Defence Industrial Complex,Marine & Shipbuilding,855283.01,836933.6724791417,25,16
COUNTRY_UNITED_STATES_OF_AMERICA,United States of America,2026,Core Defence Industrial Complex,Weapons & Military Equipment,1316236.6,1287997.9125148985,5,4
COUNTRY_UNITED_STATES_OF_AMERICA,United States of America,2026,General Government Support,Administrative,2761440.9,2702196.6375446958,42,30
COUNTRY_UNITED_STATES_OF_AMERICA,United States of America,2026,General Government Support,Communications & Electronics,447322.54,437725.6321096543,4,4
COUNTRY_UNITED_STATES_OF_AMERICA,United States of America,2026,General Government Support,Construction & Infrastructure,534752.21,523279.57617401663,3,3
COUNTRY_UNITED_STATES_OF_AMERICA,United States of America,2026,General Government Support,Industrial Equipment & Manufacturing,10850909.3,10618112.676162098,34,30
COUNTRY_UNITED_STATES_OF_AMERICA,United States of America,2026,General Government Support,"Resources, Fuel & Materials",76405.69,74766.47376638855,1,1
COUNTRY_UNITED_STATES_OF_AMERICA,United States of America,2026,Industrial and Technical Support,Administrative,449890.8,440238.79237187124,11,9
COUNTRY_UNITED_STATES_OF_AMERICA,United States of America,2026,Industrial and Technical Support,Aerospace & Space,717156,701770.0548271752,2,2
COUNTRY_UNITED_STATES_OF_AMERICA,United States of America,2026,Industrial and Technical Support,Communications & Electronics,1227232.3,1200903.1207389748,2,2
COUNTRY_UNITED_STATES_OF_AMERICA,United States of America,2026,Industrial and Technical Support,Digital Systems & Software,6619034.29,6477028.786758045,22,17
COUNTRY_UNITED_STATES_OF_AMERICA,United States of America,2026,Industrial and Technical Support,Industrial Equipment & Manufacturing,35564.86,34801.84750893921,2,2
COUNTRY_UNITED_STATES_OF_AMERICA,United States of America,2026,Industrial and Technical Support,Land Systems & Vehicles,237393.45,232300.38432657925,2,2
COUNTRY_UNITED_STATES_OF_AMERICA,United States of America,2026,Industrial and Technical Support,"R&D, Engineering & Scientific Services",8952324.69,8760260.513098927,12,9
COUNTRY_URUGUAY,Uruguay,2025,General Government Support,"Resources, Fuel & Materials",102220.42,102220.42,1,1
COUNTRY_URUGUAY,Uruguay,2025,Industrial and Technical Support,Administrative,126770.55,126770.55,1,1
COUNTRY_UZBEKISTAN,Uzbekistan,2018,Industrial and Technical Support,Digital Systems & Software,53204.69,65488.83131934033,1,1
COUNTRY_VIET_NAM,Viet Nam,2016,General Government Support,"Resources, Fuel & Materials",93596.88,119693.20635514018,1,1
COUNTRY_VIET_NAM,Viet Nam,2016,Industrial and Technical Support,Administrative,174124.78,222673.58937694703,2,2
COUNTRY_VIET_NAM,Viet Nam,2017,Industrial and Technical Support,"Resources, Fuel & Materials",19659.1,24754.78696319018,1,1
COUNTRY_VIET_NAM,Viet Nam,2018,Industrial and Technical Support,Administrative,380481.91,468329.3075112443,2,1
COUNTRY_VIET_NAM,Viet Nam,2019,General Government Support,Administrative,82157.11,99192.62839705883,2,2
COUNTRY_VIET_NAM,Viet Nam,2021,Industrial and Technical Support,Administrative,135782.5,157454.0007062147,1,1
COUNTRY_VIET_NAM,Viet Nam,2023,General Government Support,Administrative,6280781.24,6564635.770897518,3,3
COUNTRY_VIET_NAM,Viet Nam,2023,General Government Support,"Resources, Fuel & Materials",231690.52,242161.57469127944,1,1
COUNTRY_VIET_NAM,Viet Nam,2024,General Government Support,Administrative,160164.75,163449.6702921069,2,1
COUNTRY_VIET_NAM,Viet Nam,2025,General Government Support,Administrative,125823.78,125823.78,2,1
COUNTRY_VIET_NAM,Viet Nam,2025,Industrial and Technical Support,Digital Systems & Software,13560,13560,1,1
COUNTRY_WESTERN_SAHARA,Western Sahara,2025,Industrial and Technical Support,"Resources, Fuel & Materials",123121.16,123121.16,1,1
COUNTRY__,-,2016,General Government Support,Administrative,2750300865.79,3517129300.3326945,8798,3857
COUNTRY__,-,2016,General Government Support,Aerospace & Space,313221941.45,400553292.7265576,419,180
COUNTRY__,-,2016,General Government Support,Communications & Electronics,385983059.99,493601389.8002959,711,370
COUNTRY__,-,2016,General Government Support,Construction & Infrastructure,443678163.05,567382822.2181463,493,306
COUNTRY__,-,2016,General Government Support,Digital Systems & Software,50886209.08,65074108.49638629,358,238
COUNTRY__,-,2016,General Government Support,Industrial Equipment & Manufacturing,15082263.61,19287443.027741432,136,88
COUNTRY__,-,2016,General Government Support,Land Systems & Vehicles,762880440.42,975583865.3969158,18,16
COUNTRY__,-,2016,General Government Support,Marine & Shipbuilding,264275979.63,337960403.857056,409,176
COUNTRY__,-,2016,General Government Support,"R&D, Engineering & Scientific Services",73483689.88,93972133.00853582,420,228
COUNTRY__,-,2016,General Government Support,"Resources, Fuel & Materials",74411106.85,95158128.8533489,995,124
COUNTRY__,-,2016,General Government Support,Weapons & Military Equipment,278926230.34,356695381.7899377,206,92
COUNTRY_ALBANIA,Albania,ALL,ALL,ALL,432666.28,501769.34042899805,4,3
COUNTRY_AMERICAN_SAMOA,American Samoa,ALL,ALL,ALL,19449.11,24490.3670398773,1,1
COUNTRY_ANGOLA,Angola,ALL,ALL,ALL,178732.26,178732.26,3,1
COUNTRY_ANTIGUA_AND_BARBUDA,Antigua and Barbuda,ALL,ALL,ALL,214068.68,252528.1094876522,4,3
COUNTRY_ARGENTINA,Argentina,ALL,ALL,ALL,449057.07,510507.4800196864,7,5
COUNTRY_ARMENIA,Armenia,ALL,ALL,ALL,12724.49,15662.37824587706,1,1
COUNTRY_ARUBA,Aruba,ALL,ALL,ALL,131401.53,161740.11413793103,3,2
COUNTRY_AUSTRALIA,Australia,ALL,ALL,ALL,14052050.629999999,16206565.867651392,87,35
COUNTRY_AUSTRIA,Austria,ALL,ALL,ALL,703888.74,778956.4125708756,4,4
COUNTRY_BAHAMAS,Bahamas,ALL,ALL,ALL,1557453.62,1724540.1845599553,13,9
COUNTRY_BAHRAIN,Bahrain,ALL,ALL,ALL,447285.3,561831.9357222846,15,3
COUNTRY_BANGLADESH,Bangladesh,ALL,ALL,ALL,37323.91,43280.974731638424,1,1
COUNTRY_BARBADOS,Barbados,ALL,ALL,ALL,2080777.01,2377953.549187508,38,17
COUNTRY_BELGIUM,Belgium,ALL,ALL,ALL,17965663,20905848.644796386,91,39
COUNTRY_BELIZE,Belize,ALL,ALL,ALL,2187169.41,2649977.9028485534,50,13
COUNTRY_BENIN,Benin,ALL,ALL,ALL,342869.27,413964.2215735294,5,2
COUNTRY_BERMUDA,Bermuda,ALL,ALL,ALL,1198191.33,1302922.887320165,20,10
COUNTRY_BOSNIA_AND_HERZEGOVINA,Bosnia and Herzegovina,ALL,ALL,ALL,87824.82,89151.38746031746,3,3
COUNTRY_BOTSWANA,Botswana,ALL,ALL,ALL,86921.42,105375.96471822911,2,2
COUNTRY_BRAZIL,Brazil,ALL,ALL,ALL,1558888.3699999999,1675297.0943594102,31,6
COUNTRY_BRITISH_INDIAN_OCEAN_TERRITORY,British Indian Ocean Territory,ALL,ALL,ALL,234217.37,264727.935807332,3,2
COUNTRY_BRITISH_VIRGIN_ISLANDS,British Virgin Islands,ALL,ALL,ALL,57502.06,69425.28126470587,1,1
COUNTRY_BRUNEI_DARUSSALAM,Brunei Darussalam,ALL,ALL,ALL,154582.67,187023.1501879719,3,2
COUNTRY_BULGARIA,Bulgaria,ALL,ALL,ALL,28369681.57,34253998.94281601,32,15
COUNTRY_BURKINA_FASO,Burkina Faso,ALL,ALL,ALL,146397.82,169469.2195895703,6,2
COUNTRY_CABO_VERDE,Cabo Verde,ALL,ALL,ALL,8743888.98,9491804.573853657,93,48
COUNTRY_CAMBODIA,Cambodia,ALL,ALL,ALL,1468593.55,1484786.990197048,14,13
COUNTRY_CAMEROON,Cameroon,ALL,ALL,ALL,1820041.37,1942712.6114426726,15,15
COUNTRY_CANADA,Canada,ALL,ALL,ALL,94819705287.53,103088318932.95885,144744,24460
COUNTRY_CAYMAN_ISLANDS,Cayman Islands,ALL,ALL,ALL,1944335.88,2075438.406614182,18,18
COUNTRY_CENTRAL_AFRICAN_REPUBLIC,Central African Republic,ALL,ALL,ALL,60510.229999999996,67094.23425148021,3,3
COUNTRY_CHAD,Chad,ALL,ALL,ALL,41024.25,50906.169999011225,2,2
COUNTRY_CHILE,Chile,ALL,ALL,ALL,2387528.29,2487880.9712941744,18,7
COUNTRY_CHINA,China,ALL,ALL,ALL,2948263.9,3658324.3146097264,34,20
COUNTRY_CHINA__HONG_KONG_SPECIAL_ADMINISTRATIVE_REGION,"China, Hong Kong Special Administrative Region",ALL,ALL,ALL,75467.96,96509.64978193147,1,1
COUNTRY_COLOMBIA,Colombia,ALL,ALL,ALL,2799919.3,2943198.703384973,38,22
COUNTRY_COMOROS,Comoros,ALL,ALL,ALL,17344.32,20112.551864406778,1,1
COUNTRY_COSTA_RICA,Costa Rica,ALL,ALL,ALL,31040.61,35916.11671991971,2,2
COUNTRY_CROATIA,Croatia,ALL,ALL,ALL,3853445.43,4298440.02796532,65,10
COUNTRY_CUBA,Cuba,ALL,ALL,ALL,12508.13,15750.267990797543,1,1
COUNTRY_CYPRUS,Cyprus,ALL,ALL,ALL,454616.08,553344.3593863215,17,4
COUNTRY_CZECHIA,Czechia,ALL,ALL,ALL,3297675.86,4050601.7254422777,49,11
COUNTRY_DEMOCRATIC_PEOPLE_S_REPUBLIC_OF_KOREA,Democratic People's Republic of Korea,ALL,ALL,ALL,834844.6799999999,1012784.6327103031,6,4
COUNTRY_DENMARK,Denmark,ALL,ALL,ALL,9101020.23,9994609.504343618,73,22
COUNTRY_DJIBOUTI,Djibouti,ALL,ALL,ALL,894057.04,934463.1824824953,4,1
COUNTRY_DOMINICA,Dominica,ALL,ALL,ALL,100243.65,102299.61050341825,1,1
COUNTRY_DOMINICAN_REPUBLIC,Dominican Republic,ALL,ALL,ALL,449618.25,470449.29593195353,8,3
COUNTRY_ECUADOR,Ecuador,ALL,ALL,ALL,497304.98,563331.7674484947,15,12
COUNTRY_EGYPT,Egypt,ALL,ALL,ALL,1533323.99,1626449.826920499,29,13
COUNTRY_EL_SALVADOR,El Salvador,ALL,ALL,ALL,133911.88,155617.94422572362,4,3
COUNTRY_ESTONIA,Estonia,ALL,ALL,ALL,262441.25,312881.4392811454,10,7
COUNTRY_ESWATINI,Eswatini,ALL,ALL,ALL,26462.67,31949.78245588235,1,1
COUNTRY_ETHIOPIA,Ethiopia,ALL,ALL,ALL,36261.479999999996,44423.79024106616,2,2
COUNTRY_FIJI,Fiji,ALL,ALL,ALL,1859806.82,2137397.1063116593,18,7
COUNTRY_FINLAND,Finland,ALL,ALL,ALL,7342041.84,7796262.851151776,75,22
COUNTRY_FRANCE,France,ALL,ALL,ALL,36053741.5,42370184.818286486,333,73
COUNTRY_GEORGIA,Georgia,ALL,ALL,ALL,554809.4,629891.9112969497,13,12
COUNTRY_GERMANY,Germany,ALL,ALL,ALL,3016476995.46,3154049978.0241685,810,202
COUNTRY_GHANA,Ghana,ALL,ALL,ALL,1849224.44,2118460.556323655,39,16
COUNTRY_GIBRALTAR,Gibraltar,ALL,ALL,ALL,320413.15,377970.5831938366,6,6
COUNTRY_GREECE,Greece,ALL,ALL,ALL,34513944.51,37987036.798572935,186,31
COUNTRY_GREENLAND,Greenland,ALL,ALL,ALL,5563115.61,6282886.463999304,45,15
COUNTRY_GUAM,Guam,ALL,ALL,ALL,3043661.4,3303302.5145932473,26,10
COUNTRY_GUATEMALA,Guatemala,ALL,ALL,ALL,2124471.69,2571765.592040908,37,17
COUNTRY_HUNGARY,Hungary,ALL,ALL,ALL,867598.64,958307.6407819816,35,10
COUNTRY_ICELAND,Iceland,ALL,ALL,ALL,7632238.07,8798792.22975284,194,30
COUNTRY_INDIA,India,ALL,ALL,ALL,1027552.62,1240178.631893663,12,7
COUNTRY_INDONESIA,Indonesia,ALL,ALL,ALL,2680716.59,2755283.5191654754,18,7
COUNTRY_IRELAND,Ireland,ALL,ALL,ALL,4203427.24,4678664.04368844,49,21
COUNTRY_ISRAEL,Israel,ALL,ALL,ALL,70869887.99,74919959.6821946,83,55
COUNTRY_ITALY,Italy,ALL,ALL,ALL,27912105.36,33493684.386622578,138,55
COUNTRY_IVORY_COAST,Ivory Coast,ALL,ALL,ALL,1924936.71,2116838.196391178,37,7
COUNTRY_JAMAICA,Jamaica,ALL,ALL,ALL,35970583.12,41737058.26355465,102,27
COUNTRY_JAPAN,Japan,ALL,ALL,ALL,25635925.67,29082619.348315,87,34
COUNTRY_JORDAN,Jordan,ALL,ALL,ALL,133093.38,159517.75909489053,1,1
COUNTRY_KENYA,Kenya,ALL,ALL,ALL,45457.35,55519.342220498016,4,3
COUNTRY_KIRIBATI,Kiribati,ALL,ALL,ALL,146292.26,162957.1264167916,4,3
COUNTRY_KOSOVO,Kosovo,ALL,ALL,ALL,216887.12,225335.27884736483,5,3
COUNTRY_LATVIA,Latvia,ALL,ALL,ALL,2352622.97,2949191.674914295,42,18
COUNTRY_LIBERIA,Liberia,ALL,ALL,ALL,382935.79000000004,480927.8387147818,6,3
COUNTRY_LITHUANIA,Lithuania,ALL,ALL,ALL,846736.47,957286.6601190491,13,9
COUNTRY_LUXEMBOURG,Luxembourg,ALL,ALL,ALL,1520715.8,1831540.823884574,6,2
COUNTRY_MADAGASCAR,Madagascar,ALL,ALL,ALL,98709.09,126230.783317757,2,2
COUNTRY_MALAYSIA,Malaysia,ALL,ALL,ALL,2655490.72,3100827.298858932,26,8
COUNTRY_MALDIVES,Maldives,ALL,ALL,ALL,80645.63,85899.87504266316,2,2
COUNTRY_MALI,Mali,ALL,ALL,ALL,1254659.45,1516576.6872909977,8,6
COUNTRY_MALTA,Malta,ALL,ALL,ALL,575144.9299999999,600469.9822421144,4,3
COUNTRY_MARSHALL_ISLANDS,Marshall Islands,ALL,ALL,ALL,24123.52,29693.26824587706,1,1
COUNTRY_MEXICO,Mexico,ALL,ALL,ALL,6878364,7854479.381801522,51,20
COUNTRY_MONGOLIA,Mongolia,ALL,ALL,ALL,90413.08,101239.0061340271,3,3
COUNTRY_MONTENEGRO,Montenegro,ALL,ALL,ALL,45620.66,56153.76590704648,1,1
COUNTRY_MOROCCO,Morocco,ALL,ALL,ALL,509689.65,580347.3833996763,12,6
COUNTRY_NAMIBIA,Namibia,ALL,ALL,ALL,35518.01,38571.80715608466,1,1
COUNTRY_NEPAL,Nepal,ALL,ALL,ALL,20152.37,23368.77933615819,1,1
COUNTRY_NETHERLANDS,Netherlands,ALL,ALL,ALL,20079524.89,21673357.16716079,73,47
COUNTRY_NEW_CALEDONIA,New Caledonia,ALL,ALL,ALL,951145.61,1021521.363483445,7,3
COUNTRY_NEW_ZEALAND,New Zealand,ALL,ALL,ALL,610120.41,732794.1505956964,12,6
COUNTRY_NIGER,Niger,ALL,ALL,ALL,517581.88,630768.0149155896,25,9
COUNTRY_NIGERIA,Nigeria,ALL,ALL,ALL,307602.46,355956.26214335294,9,7
COUNTRY_NORTHERN_MARIANA_ISLANDS,Northern Mariana Islands,ALL,ALL,ALL,41353.25,43222.17472947168,3,1
COUNTRY_NORTH_MACEDONIA,North Macedonia,ALL,ALL,ALL,787104.04,839529.9625870523,25,10
COUNTRY_NORWAY,Norway,ALL,ALL,ALL,87313269.25,96684048.47219436,88,50
COUNTRY_OMAN,Oman,ALL,ALL,ALL,1412984.39,1528061.279143336,13,6
COUNTRY_PAKISTAN,Pakistan,ALL,ALL,ALL,217475.52,238752.58550623263,2,2
COUNTRY_PANAMA,Panama,ALL,ALL,ALL,1678952.6500000001,1775285.9364203278,24,9
COUNTRY_PAPUA_NEW_GUINEA,Papua New Guinea,ALL,ALL,ALL,42013.38,51713.62065967016,1,1
COUNTRY_PERU,Peru,ALL,ALL,ALL,674124.07,719647.9116899895,19,13
COUNTRY_PHILIPPINES,Philippines,ALL,ALL,ALL,1971140.57,2059284.8863721627,23,12
COUNTRY_POLAND,Poland,ALL,ALL,ALL,15780293.2,17010335.77037716,235,43
COUNTRY_PORTUGAL,Portugal,ALL,ALL,ALL,16136873.45,17468006.614864286,147,25
COUNTRY_PUERTO_RICO,Puerto Rico,ALL,ALL,ALL,634297.47,684811.9718944215,12,4
COUNTRY_REPUBLIC_OF_KOREA,Republic of Korea,ALL,ALL,ALL,6624934.04,7224728.1001832,23,10
COUNTRY_ROMANIA,Romania,ALL,ALL,ALL,16696002.74,20460897.67509154,127,17
COUNTRY_RWANDA,Rwanda,ALL,ALL,ALL,154371.15,168866.23404649808,4,3
COUNTRY_SAINT_LUCIA,Saint Lucia,ALL,ALL,ALL,53552.520000000004,65916.96989505248,2,1
COUNTRY_SAINT_VINCENT_AND_THE_GRENADINES,Saint Vincent and the Grenadines,ALL,ALL,ALL,429557.71,451374.5487647059,4,2
COUNTRY_SAMOA,Samoa,ALL,ALL,ALL,20445.11,23708.241963276836,1,1
COUNTRY_SAUDI_ARABIA,Saudi Arabia,ALL,ALL,ALL,10398.22,13093.464141104294,1,1
COUNTRY_SENEGAL,Senegal,ALL,ALL,ALL,18328769.54,21892181.988277454,323,32
COUNTRY_SEYCHELLES,Seychelles,ALL,ALL,ALL,71041.73,85772.4416617647,1,1
COUNTRY_SIERRA_LEONE,Sierra Leone,ALL,ALL,ALL,145375.45,174722.09814829705,4,2
COUNTRY_SINGAPORE,Singapore,ALL,ALL,ALL,5999022.24,6728999.92400141,50,16
COUNTRY_SLOVENIA,Slovenia,ALL,ALL,ALL,454477.62,474042.13110768754,6,4
COUNTRY_SOUTH_AFRICA,South Africa,ALL,ALL,ALL,1119046.16,1276098.4171077441,17,7
COUNTRY_SPAIN,Spain,ALL,ALL,ALL,7243340383.83,8221911228.938815,126,39
COUNTRY_SRI_LANKA,Sri Lanka,ALL,ALL,ALL,399707.32999999996,498302.4277190565,3,2
COUNTRY_SWEDEN,Sweden,ALL,ALL,ALL,396847616.42,429822199.9763336,64,37
COUNTRY_SWITZERLAND,Switzerland,ALL,ALL,ALL,9149967.55,9845121.76540215,33,20
COUNTRY_TAIWAN,Taiwan,ALL,ALL,ALL,167687.92,211153.04036809815,3,3
COUNTRY_THAILAND,Thailand,ALL,ALL,ALL,2706010.64,2938389.9397210344,10,8
COUNTRY_TOGO,Togo,ALL,ALL,ALL,46625.08,56292.92747058823,2,1
COUNTRY_TRINIDAD_AND_TOBAGO,Trinidad and Tobago,ALL,ALL,ALL,284035.72,336174.7235024039,7,6
COUNTRY_TUNISIA,Tunisia,ALL,ALL,ALL,848701.96,985514.2631610493,16,11
COUNTRY_TURKEY,Turkey,ALL,ALL,ALL,3386819.73,3858716.307776906,16,6
COUNTRY_TURKS_AND_CAICOS_ISLANDS,Turks and Caicos Islands,ALL,ALL,ALL,72183.12,72183.12,1,1
COUNTRY_UGANDA,Uganda,ALL,ALL,ALL,813667.15,887893.1364356221,29,10
COUNTRY_UKRAINE,Ukraine,ALL,ALL,ALL,371717.46,454661.5825860042,12,5
COUNTRY_UNITED_ARAB_EMIRATES,United Arab Emirates,ALL,ALL,ALL,620245.7,748855.4701470587,1,1
COUNTRY_UNITED_KINGDOM_OF_GREAT_BRITAIN_AND_NORTHERN_IRELAND,United Kingdom of Great Britain and Northern Ireland,ALL,ALL,ALL,459268206.55,498085370.44951254,1932,288
COUNTRY_UNITED_REPUBLIC_OF_TANZANIA,United Republic of Tanzania,ALL,ALL,ALL,110319.56999999999,129410.0688131295,3,3
COUNTRY_UNITED_STATES_MINOR_OUTLYING_ISLANDS,United States Minor Outlying Islands,ALL,ALL,ALL,2541863.94,3130140.8719567233,9,7
COUNTRY_UNITED_STATES_OF_AMERICA,United States of America,ALL,ALL,ALL,4686387148.74,5148949592.418022,5233,1818
COUNTRY_URUGUAY,Uruguay,ALL,ALL,ALL,228990.97,228990.97,2,1
COUNTRY_UZBEKISTAN,Uzbekistan,ALL,ALL,ALL,53204.69,65488.83131934033,1,1
COUNTRY_VIET_NAM,Viet Nam,ALL,ALL,ALL,7697822.57,8201728.3151907,18,12
COUNTRY_WESTERN_SAHARA,Western Sahara,ALL,ALL,ALL,123121.16,123121.16,1,1
COUNTRY__,-,ALL,ALL,ALL,5413129950.09,6922398269.507616,12963,5016
COUNTRY_ALBANIA,Albania,ALL,General Government Support,ALL,288133.38,347878.68379411765,1,1
COUNTRY_ALBANIA,Albania,ALL,Industrial and Technical Support,ALL,144532.9,153890.65663488038,3,2
COUNTRY_AMERICAN_SAMOA,American Samoa,ALL,Industrial and Technical Support,ALL,19449.11,24490.3670398773,1,1
COUNTRY_ANGOLA,Angola,ALL,Industrial and Technical Support,ALL,178732.26,178732.26,3,1
COUNTRY_ANTIGUA_AND_BARBUDA,Antigua and Barbuda,ALL,General Government Support,ALL,123295.06,151761.98539730132,2,1
COUNTRY_ANTIGUA_AND_BARBUDA,Antigua and Barbuda,ALL,Industrial and Technical Support,ALL,90773.62,100766.12409035084,2,2
COUNTRY_ARGENTINA,Argentina,ALL,General Government Support,ALL,62049.55,66771.38319314642,2,2
COUNTRY_ARGENTINA,Argentina,ALL,Industrial and Technical Support,ALL,387007.52,443736.09682653996,5,3
COUNTRY_ARMENIA,Armenia,ALL,General Government Support,ALL,12724.49,15662.37824587706,1,1
COUNTRY_ARUBA,Aruba,ALL,General Government Support,ALL,70642.61,86952.89776611693,1,1
COUNTRY_ARUBA,Aruba,ALL,Industrial and Technical Support,ALL,60758.92,74787.21637181408,2,2
COUNTRY_AUSTRALIA,Australia,ALL,Core Defence Industrial Complex,ALL,10855.92,10855.92,1,1
COUNTRY_AUSTRALIA,Australia,ALL,General Government Support,ALL,7469470.399999999,8731167.65680317,27,16
COUNTRY_AUSTRALIA,Australia,ALL,Industrial and Technical Support,ALL,6571724.31,7464542.290848222,59,25
COUNTRY_AUSTRIA,Austria,ALL,General Government Support,ALL,403633.66,468055.41646892653,1,1
COUNTRY_AUSTRIA,Austria,ALL,Industrial and Technical Support,ALL,300255.08,310900.996101949,3,3
COUNTRY_BAHAMAS,Bahamas,ALL,General Government Support,ALL,907180.6900000001,1006847.0556684167,3,3
COUNTRY_BAHAMAS,Bahamas,ALL,Industrial and Technical Support,ALL,650272.93,717693.1288915387,10,6
COUNTRY_BAHRAIN,Bahrain,ALL,General Government Support,ALL,91516.38,113846.83860572014,7,1
COUNTRY_BAHRAIN,Bahrain,ALL,Industrial and Technical Support,ALL,355768.92,447985.0971165644,8,3
COUNTRY_BANGLADESH,Bangladesh,ALL,Industrial and Technical Support,ALL,37323.91,43280.974731638424,1,1
COUNTRY_BARBADOS,Barbados,ALL,General Government Support,ALL,1067078.03,1200591.7754968323,7,6
COUNTRY_BARBADOS,Barbados,ALL,Industrial and Technical Support,ALL,1013698.98,1177361.7736906756,31,13
COUNTRY_BELGIUM,Belgium,ALL,Core Defence Industrial Complex,ALL,13237561.02,15414800.732328486,20,5
COUNTRY_BELGIUM,Belgium,ALL,General Government Support,ALL,1951406.6300000001,2256182.6115894984,20,16
COUNTRY_BELGIUM,Belgium,ALL,Industrial and Technical Support,ALL,2776695.35,3234865.3008784014,51,20
COUNTRY_BELIZE,Belize,ALL,General Government Support,ALL,1317389.07,1610098.0666954191,14,7
COUNTRY_BELIZE,Belize,ALL,Industrial and Technical Support,ALL,869780.34,1039879.8361531344,36,8
COUNTRY_BENIN,Benin,ALL,General Government Support,ALL,166199.36,200661.28611764708,2,1
COUNTRY_BENIN,Benin,ALL,Industrial and Technical Support,ALL,176669.91,213302.93545588234,3,2
COUNTRY_BERMUDA,Bermuda,ALL,General Government Support,ALL,679414.83,722784.3119671769,6,2
COUNTRY_BERMUDA,Bermuda,ALL,Industrial and Technical Support,ALL,518776.5,580138.5753529883,14,9
COUNTRY_BOSNIA_AND_HERZEGOVINA,Bosnia and Herzegovina,ALL,General Government Support,ALL,87824.82,89151.38746031746,3,3
COUNTRY_BOTSWANA,Botswana,ALL,General Government Support,ALL,86921.42,105375.96471822911,2,2
COUNTRY_BRAZIL,Brazil,ALL,General Government Support,ALL,408615.50999999995,408615.50999999995,2,1
COUNTRY_BRAZIL,Brazil,ALL,Industrial and Technical Support,ALL,1150272.86,1266681.5843594102,29,6
COUNTRY_BRITISH_INDIAN_OCEAN_TERRITORY,British Indian Ocean Territory,ALL,General Government Support,ALL,83462,96782.91242937853,1,1
COUNTRY_BRITISH_INDIAN_OCEAN_TERRITORY,British Indian Ocean Territory,ALL,Industrial and Technical Support,ALL,150755.37,167945.02337795345,2,2
COUNTRY_BRITISH_VIRGIN_ISLANDS,British Virgin Islands,ALL,Industrial and Technical Support,ALL,57502.06,69425.28126470587,1,1
COUNTRY_BRUNEI_DARUSSALAM,Brunei Darussalam,ALL,General Government Support,ALL,10519.41,12198.355381355932,1,1
COUNTRY_BRUNEI_DARUSSALAM,Brunei Darussalam,ALL,Industrial and Technical Support,ALL,144063.26,174824.79480661597,2,2
COUNTRY_BULGARIA,Bulgaria,ALL,Core Defence Industrial Complex,ALL,26875835,32448618.433823526,2,2
COUNTRY_BULGARIA,Bulgaria,ALL,General Government Support,ALL,404873.33999999997,493601.6915523276,6,5
COUNTRY_BULGARIA,Bulgaria,ALL,Industrial and Technical Support,ALL,1088973.23,1311778.8174401547,24,9
COUNTRY_BURKINA_FASO,Burkina Faso,ALL,General Government Support,ALL,72352.46,89057.52572713642,5,1
COUNTRY_BURKINA_FASO,Burkina Faso,ALL,Industrial and Technical Support,ALL,74045.36,80411.69386243387,1,1
COUNTRY_CABO_VERDE,Cabo Verde,ALL,Core Defence Industrial Complex,ALL,18454.74,18454.74,1,1
COUNTRY_CABO_VERDE,Cabo Verde,ALL,General Government Support,ALL,5053025.4,5428602.855261454,40,22
COUNTRY_CABO_VERDE,Cabo Verde,ALL,Industrial and Technical Support,ALL,3672408.84,4044746.978592203,52,27
COUNTRY_CAMBODIA,Cambodia,ALL,General Government Support,ALL,192481.82,196191.97738594055,8,8
COUNTRY_CAMBODIA,Cambodia,ALL,Industrial and Technical Support,ALL,1276111.73,1288595.0128111076,6,5
COUNTRY_CAMEROON,Cameroon,ALL,General Government Support,ALL,469180.98,530198.8090061567,10,10
COUNTRY_CAMEROON,Cameroon,ALL,Industrial and Technical Support,ALL,1350860.39,1412513.802436516,5,5
COUNTRY_CANADA,Canada,ALL,Core Defence Industrial Complex,ALL,36606703995.54,38828033357.938446,6509,1808
COUNTRY_CANADA,Canada,ALL,General Government Support,ALL,28095058283.14,30567900447.655922,78450,16593
COUNTRY_CANADA,Canada,ALL,Industrial and Technical Support,ALL,30117943008.85,33692385127.36447,59785,10444
COUNTRY_CAYMAN_ISLANDS,Cayman Islands,ALL,Core Defence Industrial Complex,ALL,35995.6,36733.85655686761,2,2
COUNTRY_CAYMAN_ISLANDS,Cayman Islands,ALL,General Government Support,ALL,986700.1699999999,1008085.2845322499,9,9
COUNTRY_CAYMAN_ISLANDS,Cayman Islands,ALL,Industrial and Technical Support,ALL,921640.11,1030619.2655250645,7,7
COUNTRY_CENTRAL_AFRICAN_REPUBLIC,Central African Republic,ALL,General Government Support,ALL,32296.07,38301.41217565673,2,2
COUNTRY_CENTRAL_AFRICAN_REPUBLIC,Central African Republic,ALL,Industrial and Technical Support,ALL,28214.16,28792.82207582349,1,1
COUNTRY_CHAD,Chad,ALL,General Government Support,ALL,41024.25,50906.169999011225,2,2
COUNTRY_CHILE,Chile,ALL,General Government Support,ALL,1409986.61,1453025.21156128,10,5
COUNTRY_CHILE,Chile,ALL,Industrial and Technical Support,ALL,977541.68,1034855.7597328943,8,3
COUNTRY_CHINA,China,ALL,General Government Support,ALL,1738100.79,2165143.8715160973,15,12
COUNTRY_CHINA,China,ALL,Industrial and Technical Support,ALL,1210163.11,1493180.4430936293,19,11
COUNTRY_CHINA__HONG_KONG_SPECIAL_ADMINISTRATIVE_REGION,"China, Hong Kong Special Administrative Region",ALL,Industrial and Technical Support,ALL,75467.96,96509.64978193147,1,1
COUNTRY_COLOMBIA,Colombia,ALL,Core Defence Industrial Complex,ALL,16165.87,19517.910691176472,1,1
COUNTRY_COLOMBIA,Colombia,ALL,General Government Support,ALL,2528158.7,2645684.3662085664,28,18
COUNTRY_COLOMBIA,Colombia,ALL,Industrial and Technical Support,ALL,255594.73,277996.4264852305,9,3
COUNTRY_COMOROS,Comoros,ALL,General Government Support,ALL,17344.32,20112.551864406778,1,1
COUNTRY_COSTA_RICA,Costa Rica,ALL,Industrial and Technical Support,ALL,31040.61,35916.11671991971,2,2
COUNTRY_CROATIA,Croatia,ALL,General Government Support,ALL,667537.14,759633.6986074202,7,5
COUNTRY_CROATIA,Croatia,ALL,Industrial and Technical Support,ALL,3185908.29,3538806.3293579,58,7
COUNTRY_CUBA,Cuba,ALL,Industrial and Technical Support,ALL,12508.13,15750.267990797543,1,1
COUNTRY_CYPRUS,Cyprus,ALL,Industrial and Technical Support,ALL,454616.08,553344.3593863215,17,4
COUNTRY_CZECHIA,Czechia,ALL,General Government Support,ALL,1307142.3800000001,1608379.591578816,7,6
COUNTRY_CZECHIA,Czechia,ALL,Industrial and Technical Support,ALL,1990533.48,2442222.1338634617,42,6
COUNTRY_DEMOCRATIC_PEOPLE_S_REPUBLIC_OF_KOREA,Democratic People's Republic of Korea,ALL,General Government Support,ALL,64572.8,77962.16,1,1
COUNTRY_DEMOCRATIC_PEOPLE_S_REPUBLIC_OF_KOREA,Democratic People's Republic of Korea,ALL,Industrial and Technical Support,ALL,770271.88,934822.472710303,5,3
COUNTRY_DENMARK,Denmark,ALL,Core Defence Industrial Complex,ALL,2757995.96,2876760.9731895374,3,3
COUNTRY_DENMARK,Denmark,ALL,General Government Support,ALL,2548965.22,2954789.0365913208,17,9
COUNTRY_DENMARK,Denmark,ALL,Industrial and Technical Support,ALL,3794059.05,4163059.49456276,53,13
COUNTRY_DJIBOUTI,Djibouti,ALL,Industrial and Technical Support,ALL,894057.04,934463.1824824953,4,1
COUNTRY_DOMINICA,Dominica,ALL,Industrial and Technical Support,ALL,100243.65,102299.61050341825,1,1
COUNTRY_DOMINICAN_REPUBLIC,Dominican Republic,ALL,Industrial and Technical Support,ALL,449618.25,470449.29593195353,8,3
COUNTRY_ECUADOR,Ecuador,ALL,General Government Support,ALL,342789.91,396419.2674862374,12,10
COUNTRY_ECUADOR,Ecuador,ALL,Industrial and Technical Support,ALL,154515.07,166912.4999622573,3,2
COUNTRY_EGYPT,Egypt,ALL,General Government Support,ALL,371600.93,382913.4017532474,4,3
COUNTRY_EGYPT,Egypt,ALL,Industrial and Technical Support,ALL,1161723.06,1243536.4251672516,25,11
COUNTRY_EL_SALVADOR,El Salvador,ALL,General Government Support,ALL,73688.95,88968.57051470588,1,1
COUNTRY_EL_SALVADOR,El Salvador,ALL,Industrial and Technical Support,ALL,60222.93,66649.37371101775,3,2
COUNTRY_ESTONIA,Estonia,ALL,General Government Support,ALL,17556.53,21196.92813235294,1,1
COUNTRY_ESTONIA,Estonia,ALL,Industrial and Technical Support,ALL,244884.72,291684.51114879246,9,6
COUNTRY_ESWATINI,Eswatini,ALL,Industrial and Technical Support,ALL,26462.67,31949.78245588235,1,1
COUNTRY_ETHIOPIA,Ethiopia,ALL,Industrial and Technical Support,ALL,36261.479999999996,44423.79024106616,2,2
COUNTRY_FIJI,Fiji,ALL,General Government Support,ALL,372104.67,458311.139549604,2,2
COUNTRY_FIJI,Fiji,ALL,Industrial and Technical Support,ALL,1487702.1500000001,1679085.9667620552,16,7
COUNTRY_FINLAND,Finland,ALL,Core Defence Industrial Complex,ALL,41597.96,42451.118906152886,1,1
COUNTRY_FINLAND,Finland,ALL,General Government Support,ALL,2658303.49,2928045.432036252,13,5
COUNTRY_FINLAND,Finland,ALL,Industrial and Technical Support,ALL,4642140.39,4825766.30020937,61,16
COUNTRY_FRANCE,France,ALL,General Government Support,ALL,20794452.91,24954871.6208478,67,31
COUNTRY_FRANCE,France,ALL,Industrial and Technical Support,ALL,15259288.59,17415313.197438683,266,45
COUNTRY_GEORGIA,Georgia,ALL,Core Defence Industrial Complex,ALL,13484.75,13195.446662693681,1,1
COUNTRY_GEORGIA,Georgia,ALL,General Government Support,ALL,477689.66,535802.0806098308,10,9
COUNTRY_GEORGIA,Georgia,ALL,Industrial and Technical Support,ALL,63634.990000000005,80894.3840244252,2,2
COUNTRY_GERMANY,Germany,ALL,Core Defence Industrial Complex,ALL,1683557991.74,1746813542.0183413,48,32
COUNTRY_GERMANY,Germany,ALL,General Government Support,ALL,1054159571.45,1084119776.4247675,271,102
COUNTRY_GERMANY,Germany,ALL,Industrial and Technical Support,ALL,278759432.27,323116659.5810595,491,98
COUNTRY_GHANA,Ghana,ALL,General Government Support,ALL,714405.14,819760.4966133067,9,4
COUNTRY_GHANA,Ghana,ALL,Industrial and Technical Support,ALL,1134819.3,1298700.0597103483,30,14
COUNTRY_GIBRALTAR,Gibraltar,ALL,Core Defence Industrial Complex,ALL,228750.91,281565.9626836582,3,3
COUNTRY_GIBRALTAR,Gibraltar,ALL,Industrial and Technical Support,ALL,91662.23999999999,96404.62051017847,3,3
COUNTRY_GREECE,Greece,ALL,Core Defence Industrial Complex,ALL,2898129.2,3473524.194452555,1,1
COUNTRY_GREECE,Greece,ALL,General Government Support,ALL,5109521.79,5616267.911586099,23,13
COUNTRY_GREECE,Greece,ALL,Industrial and Technical Support,ALL,26506293.52,28897244.69253428,162,23
COUNTRY_GREENLAND,Greenland,ALL,Core Defence Industrial Complex,ALL,58504.05,72011.73170914542,2,1
COUNTRY_GREENLAND,Greenland,ALL,General Government Support,ALL,3937295.95,4483298.245922221,24,10
COUNTRY_GREENLAND,Greenland,ALL,Industrial and Technical Support,ALL,1567315.6099999999,1727576.4863679376,19,8
COUNTRY_GUAM,Guam,ALL,General Government Support,ALL,575813.92,613861.3397750277,5,3
COUNTRY_GUAM,Guam,ALL,Industrial and Technical Support,ALL,2467847.48,2689441.1748182196,21,9
COUNTRY_GUATEMALA,Guatemala,ALL,General Government Support,ALL,1371931.09,1649411.975600442,19,13
COUNTRY_GUATEMALA,Guatemala,ALL,Industrial and Technical Support,ALL,752540.6,922353.6164404661,18,6
COUNTRY_HUNGARY,Hungary,ALL,General Government Support,ALL,114893.29,118950.25430713376,3,3
COUNTRY_HUNGARY,Hungary,ALL,Industrial and Technical Support,ALL,752705.35,839357.3864748479,32,7
COUNTRY_ICELAND,Iceland,ALL,Core Defence Industrial Complex,ALL,16126.09,19327.766262773723,1,1
COUNTRY_ICELAND,Iceland,ALL,General Government Support,ALL,1975655.22,2357115.9068387914,19,12
COUNTRY_ICELAND,Iceland,ALL,Industrial and Technical Support,ALL,5640456.76,6422348.556651276,174,21
COUNTRY_INDIA,India,ALL,General Government Support,ALL,452744.56,556733.8384161864,5,3
COUNTRY_INDIA,India,ALL,Industrial and Technical Support,ALL,574808.06,683444.7934774766,7,5
COUNTRY_INDONESIA,Indonesia,ALL,General Government Support,ALL,987058.85,1026737.535792489,5,3
COUNTRY_INDONESIA,Indonesia,ALL,Industrial and Technical Support,ALL,1693657.74,1728545.9833729868,13,5
COUNTRY_IRELAND,Ireland,ALL,General Government Support,ALL,1193597.09,1386936.154066317,7,4
COUNTRY_IRELAND,Ireland,ALL,Industrial and Technical Support,ALL,3009830.15,3291727.889622123,42,18
COUNTRY_ISRAEL,Israel,ALL,Core Defence Industrial Complex,ALL,47508754.18,49703792.782099865,7,7
COUNTRY_ISRAEL,Israel,ALL,General Government Support,ALL,15901485.75,17245730.943042997,39,31
COUNTRY_ISRAEL,Israel,ALL,Industrial and Technical Support,ALL,7459648.06,7970435.957051738,37,20
COUNTRY_ITALY,Italy,ALL,Core Defence Industrial Complex,ALL,133469.96,167440.69624981954,2,2
COUNTRY_ITALY,Italy,ALL,General Government Support,ALL,5187559.5200000005,6054749.364416013,54,34
COUNTRY_ITALY,Italy,ALL,Industrial and Technical Support,ALL,22591075.88,27271494.325956747,82,24
COUNTRY_IVORY_COAST,Ivory Coast,ALL,General Government Support,ALL,73572.15,89465.24579246406,2,2
COUNTRY_IVORY_COAST,Ivory Coast,ALL,Industrial and Technical Support,ALL,1851364.56,2027372.9505987137,35,5
COUNTRY_JAMAICA,Jamaica,ALL,General Government Support,ALL,1783215.04,2039701.8704718468,20,9
COUNTRY_JAMAICA,Jamaica,ALL,Industrial and Technical Support,ALL,34187368.08,39697356.3930828,82,21
COUNTRY_JAPAN,Japan,ALL,General Government Support,ALL,12169983.48,14428304.623478284,38,22
COUNTRY_JAPAN,Japan,ALL,Industrial and Technical Support,ALL,13465942.19,14654314.724836716,49,19
COUNTRY_JORDAN,Jordan,ALL,Industrial and Technical Support,ALL,133093.38,159517.75909489053,1,1
COUNTRY_KENYA,Kenya,ALL,Industrial and Technical Support,ALL,45457.35,55519.342220498016,4,3
COUNTRY_KIRIBATI,Kiribati,ALL,Industrial and Technical Support,ALL,146292.26,162957.1264167916,4,3
COUNTRY_KOSOVO,Kosovo,ALL,Industrial and Technical Support,ALL,216887.12,225335.27884736483,5,3
COUNTRY_LATVIA,Latvia,ALL,General Government Support,ALL,1451860.84,1829823.4996294172,11,10
COUNTRY_LATVIA,Latvia,ALL,Industrial and Technical Support,ALL,900762.13,1119368.1752848774,31,8
COUNTRY_LIBERIA,Liberia,ALL,General Government Support,ALL,32647.53,41750.190233644855,1,1
COUNTRY_LIBERIA,Liberia,ALL,Industrial and Technical Support,ALL,350288.26,439177.648481137,5,2
COUNTRY_LITHUANIA,Lithuania,ALL,General Government Support,ALL,40095,46494.34322033898,1,1
COUNTRY_LITHUANIA,Lithuania,ALL,Industrial and Technical Support,ALL,806641.47,910792.3168987101,12,9
COUNTRY_LUXEMBOURG,Luxembourg,ALL,Core Defence Industrial Complex,ALL,1483879.9,1791566.761617647,2,1
COUNTRY_LUXEMBOURG,Luxembourg,ALL,General Government Support,ALL,36835.9,39974.06226692697,4,2
COUNTRY_MADAGASCAR,Madagascar,ALL,General Government Support,ALL,15420.81,19720.381635514015,1,1
COUNTRY_MADAGASCAR,Madagascar,ALL,Industrial and Technical Support,ALL,83288.28,106510.40168224298,1,1
COUNTRY_MALAYSIA,Malaysia,ALL,General Government Support,ALL,1095114.79,1329982.4912581516,5,3
COUNTRY_MALAYSIA,Malaysia,ALL,Industrial and Technical Support,ALL,1560375.93,1770844.8076007809,21,7
COUNTRY_MALDIVES,Maldives,ALL,Industrial and Technical Support,ALL,80645.63,85899.87504266316,2,2
COUNTRY_MALI,Mali,ALL,General Government Support,ALL,1254659.45,1516576.6872909977,8,6
COUNTRY_MALTA,Malta,ALL,General Government Support,ALL,351509.06,367395.211024825,2,2
COUNTRY_MALTA,Malta,ALL,Industrial and Technical Support,ALL,223635.87,233074.77121728944,2,2
COUNTRY_MARSHALL_ISLANDS,Marshall Islands,ALL,Industrial and Technical Support,ALL,24123.52,29693.26824587706,1,1
COUNTRY_MEXICO,Mexico,ALL,General Government Support,ALL,1996628.99,2285872.7331564687,22,10
COUNTRY_MEXICO,Mexico,ALL,Industrial and Technical Support,ALL,4881735.01,5568606.648645054,29,14
COUNTRY_MONGOLIA,Mongolia,ALL,General Government Support,ALL,90413.08,101239.0061340271,3,3
COUNTRY_MONTENEGRO,Montenegro,ALL,General Government Support,ALL,45620.66,56153.76590704648,1,1
COUNTRY_MOROCCO,Morocco,ALL,General Government Support,ALL,311721.73,367764.94557381625,7,4
COUNTRY_MOROCCO,Morocco,ALL,Industrial and Technical Support,ALL,197967.92,212582.43782586005,5,2
COUNTRY_NAMIBIA,Namibia,ALL,Industrial and Technical Support,ALL,35518.01,38571.80715608466,1,1
COUNTRY_NEPAL,Nepal,ALL,Industrial and Technical Support,ALL,20152.37,23368.77933615819,1,1
COUNTRY_NETHERLANDS,Netherlands,ALL,Core Defence Industrial Complex,ALL,11342718.09,11518136.74171692,4,4
COUNTRY_NETHERLANDS,Netherlands,ALL,General Government Support,ALL,5984450.63,7069635.707128137,34,24
COUNTRY_NETHERLANDS,Netherlands,ALL,Industrial and Technical Support,ALL,2752356.17,3085584.7183157345,35,21
COUNTRY_NEW_CALEDONIA,New Caledonia,ALL,Industrial and Technical Support,ALL,951145.61,1021521.363483445,7,3
COUNTRY_NEW_ZEALAND,New Zealand,ALL,General Government Support,ALL,26726.42,34178.17884735202,1,1
COUNTRY_NEW_ZEALAND,New Zealand,ALL,Industrial and Technical Support,ALL,583393.99,698615.9717483444,11,6
COUNTRY_NIGER,Niger,ALL,General Government Support,ALL,208429.35,256675.36040610314,11,2
COUNTRY_NIGER,Niger,ALL,Industrial and Technical Support,ALL,309152.53,374092.6545094864,14,8
COUNTRY_NIGERIA,Nigeria,ALL,General Government Support,ALL,70171.65,86373.20037481259,3,2
COUNTRY_NIGERIA,Nigeria,ALL,Industrial and Technical Support,ALL,237430.81,269583.06176854036,6,5
COUNTRY_NORTHERN_MARIANA_ISLANDS,Northern Mariana Islands,ALL,Industrial and Technical Support,ALL,41353.25,43222.17472947168,3,1
COUNTRY_NORTH_MACEDONIA,North Macedonia,ALL,General Government Support,ALL,288336.09,315483.1041894611,6,6
COUNTRY_NORTH_MACEDONIA,North Macedonia,ALL,Industrial and Technical Support,ALL,498767.95,524046.8583975912,19,4
COUNTRY_NORWAY,Norway,ALL,Core Defence Industrial Complex,ALL,69779696.52,77068968.1759634,16,13
COUNTRY_NORWAY,Norway,ALL,General Government Support,ALL,4808491.65,5926261.0741110165,22,18
COUNTRY_NORWAY,Norway,ALL,Industrial and Technical Support,ALL,12725081.08,13688819.222119937,50,21
COUNTRY_OMAN,Oman,ALL,General Government Support,ALL,684577.42,737994.2146449597,6,4
COUNTRY_OMAN,Oman,ALL,Industrial and Technical Support,ALL,728406.97,790067.0644983762,7,5
COUNTRY_PAKISTAN,Pakistan,ALL,General Government Support,ALL,182450.06,198136.9037830688,1,1
COUNTRY_PAKISTAN,Pakistan,ALL,Industrial and Technical Support,ALL,35025.46,40615.68172316384,1,1
COUNTRY_PANAMA,Panama,ALL,General Government Support,ALL,119389.45999999999,119389.45999999999,3,2
COUNTRY_PANAMA,Panama,ALL,Industrial and Technical Support,ALL,1559563.19,1655896.4764203278,21,9
COUNTRY_PAPUA_NEW_GUINEA,Papua New Guinea,ALL,Industrial and Technical Support,ALL,42013.38,51713.62065967016,1,1
COUNTRY_PERU,Peru,ALL,General Government Support,ALL,407516.55,420203.86688430747,14,11
COUNTRY_PERU,Peru,ALL,Industrial and Technical Support,ALL,266607.51999999996,299444.0448056821,5,3
COUNTRY_PHILIPPINES,Philippines,ALL,Core Defence Industrial Complex,ALL,15189.36,15500.888203853325,1,1
COUNTRY_PHILIPPINES,Philippines,ALL,General Government Support,ALL,574948.7,587473.4355607643,9,7
COUNTRY_PHILIPPINES,Philippines,ALL,Industrial and Technical Support,ALL,1381002.51,1456310.5626075452,13,6
COUNTRY_POLAND,Poland,ALL,Core Defence Industrial Complex,ALL,13337.4,13337.4,1,1
COUNTRY_POLAND,Poland,ALL,General Government Support,ALL,5941696.99,6654916.891462074,38,33
COUNTRY_POLAND,Poland,ALL,Industrial and Technical Support,ALL,9825258.81,10342081.478915086,196,12
COUNTRY_PORTUGAL,Portugal,ALL,Core Defence Industrial Complex,ALL,124078.98,148713.6388029197,1,1
COUNTRY_PORTUGAL,Portugal,ALL,General Government Support,ALL,11939584.67,12794161.538427534,29,13
COUNTRY_PORTUGAL,Portugal,ALL,Industrial and Technical Support,ALL,4073209.8,4525131.437633834,117,17
COUNTRY_PUERTO_RICO,Puerto Rico,ALL,Industrial and Technical Support,ALL,634297.47,684811.9718944215,12,4
COUNTRY_REPUBLIC_OF_KOREA,Republic of Korea,ALL,General Government Support,ALL,879374.99,1050966.2002490312,6,4
COUNTRY_REPUBLIC_OF_KOREA,Republic of Korea,ALL,Industrial and Technical Support,ALL,5745559.05,6173761.899934169,17,8
COUNTRY_ROMANIA,Romania,ALL,General Government Support,ALL,2405351.99,2828366.464272868,25,10
COUNTRY_ROMANIA,Romania,ALL,Industrial and Technical Support,ALL,14290650.75,17632531.210818674,102,9
COUNTRY_RWANDA,Rwanda,ALL,General Government Support,ALL,34378.34,38556.58191686844,2,2
COUNTRY_RWANDA,Rwanda,ALL,Industrial and Technical Support,ALL,119992.81,130309.65212962964,2,1
COUNTRY_SAINT_LUCIA,Saint Lucia,ALL,Industrial and Technical Support,ALL,53552.520000000004,65916.96989505248,2,1
COUNTRY_SAINT_VINCENT_AND_THE_GRENADINES,Saint Vincent and the Grenadines,ALL,General Government Support,ALL,105215.96,127032.79876470588,3,1
COUNTRY_SAINT_VINCENT_AND_THE_GRENADINES,Saint Vincent and the Grenadines,ALL,Industrial and Technical Support,ALL,324341.75,324341.75,1,1
COUNTRY_SAMOA,Samoa,ALL,Industrial and Technical Support,ALL,20445.11,23708.241963276836,1,1
COUNTRY_SAUDI_ARABIA,Saudi Arabia,ALL,Industrial and Technical Support,ALL,10398.22,13093.464141104294,1,1
COUNTRY_SENEGAL,Senegal,ALL,General Government Support,ALL,2397992.23,2909504.5113965143,44,14
COUNTRY_SENEGAL,Senegal,ALL,Industrial and Technical Support,ALL,15930777.31,18982677.476880938,279,22
COUNTRY_SEYCHELLES,Seychelles,ALL,Industrial and Technical Support,ALL,71041.73,85772.4416617647,1,1
COUNTRY_SIERRA_LEONE,Sierra Leone,ALL,General Government Support,ALL,32877.59,35704.36691798941,1,1
COUNTRY_SIERRA_LEONE,Sierra Leone,ALL,Industrial and Technical Support,ALL,112497.86,139017.73123030763,3,1
COUNTRY_SINGAPORE,Singapore,ALL,Core Defence Industrial Complex,ALL,510588.4,505035.38562574494,5,1
COUNTRY_SINGAPORE,Singapore,ALL,General Government Support,ALL,1282830.72,1520718.5988211576,11,7
COUNTRY_SINGAPORE,Singapore,ALL,Industrial and Technical Support,ALL,4205603.12,4703245.939554508,34,13
COUNTRY_SLOVENIA,Slovenia,ALL,General Government Support,ALL,15745.62,15745.62,1,1
COUNTRY_SLOVENIA,Slovenia,ALL,Industrial and Technical Support,ALL,438732,458296.51110768755,5,3
COUNTRY_SOUTH_AFRICA,South Africa,ALL,Core Defence Industrial Complex,ALL,95377.51,99688.0149077021,1,1
COUNTRY_SOUTH_AFRICA,South Africa,ALL,General Government Support,ALL,280973.2,305130.9486772487,1,1
COUNTRY_SOUTH_AFRICA,South Africa,ALL,Industrial and Technical Support,ALL,742695.45,871279.4535227934,15,5
COUNTRY_SPAIN,Spain,ALL,Core Defence Industrial Complex,ALL,3922363922.12,4099621573.0429792,3,3
COUNTRY_SPAIN,Spain,ALL,General Government Support,ALL,2903462160.41,3712248804.3590803,24,17
COUNTRY_SPAIN,Spain,ALL,Industrial and Technical Support,ALL,417514301.3,410040851.5367558,99,26
COUNTRY_SRI_LANKA,Sri Lanka,ALL,Industrial and Technical Support,ALL,399707.32999999996,498302.4277190565,3,2
COUNTRY_SWEDEN,Sweden,ALL,Core Defence Industrial Complex,ALL,374976732.64,404374962.81191725,21,13
COUNTRY_SWEDEN,Sweden,ALL,General Government Support,ALL,18238920.17,21434955.28288587,21,12
COUNTRY_SWEDEN,Sweden,ALL,Industrial and Technical Support,ALL,3631963.61,4012281.8815304674,22,16
COUNTRY_SWITZERLAND,Switzerland,ALL,Core Defence Industrial Complex,ALL,2404453.09,2530645.94841651,5,4
COUNTRY_SWITZERLAND,Switzerland,ALL,General Government Support,ALL,1462216.47,1698593.4064240435,5,5
COUNTRY_SWITZERLAND,Switzerland,ALL,Industrial and Technical Support,ALL,5283297.99,5615882.410561596,23,13
COUNTRY_TAIWAN,Taiwan,ALL,General Government Support,ALL,24507.16,30859.476012269937,1,1
COUNTRY_TAIWAN,Taiwan,ALL,Industrial and Technical Support,ALL,143180.76,180293.56435582822,2,2
COUNTRY_THAILAND,Thailand,ALL,General Government Support,ALL,2032317.63,2178849.0319569334,7,7
COUNTRY_THAILAND,Thailand,ALL,Industrial and Technical Support,ALL,673693.01,759540.9077641009,3,2
COUNTRY_TOGO,Togo,ALL,Industrial and Technical Support,ALL,46625.08,56292.92747058823,2,1
COUNTRY_TRINIDAD_AND_TOBAGO,Trinidad and Tobago,ALL,General Government Support,ALL,150977.56,170820.84466324057,4,3
COUNTRY_TRINIDAD_AND_TOBAGO,Trinidad and Tobago,ALL,Industrial and Technical Support,ALL,133058.16,165353.87883916334,3,3
COUNTRY_TUNISIA,Tunisia,ALL,General Government Support,ALL,394728.55,446684.83332835475,9,8
COUNTRY_TUNISIA,Tunisia,ALL,Industrial and Technical Support,ALL,453973.41,538829.4298326946,7,3
COUNTRY_TURKEY,Turkey,ALL,Core Defence Industrial Complex,ALL,1042002,1063373.078931013,1,1
COUNTRY_TURKEY,Turkey,ALL,General Government Support,ALL,1111732.39,1321528.890519537,9,5
COUNTRY_TURKEY,Turkey,ALL,Industrial and Technical Support,ALL,1233085.34,1473814.3383263561,6,2
COUNTRY_TURKS_AND_CAICOS_ISLANDS,Turks and Caicos Islands,ALL,Industrial and Technical Support,ALL,72183.12,72183.12,1,1
COUNTRY_UGANDA,Uganda,ALL,General Government Support,ALL,96246.36,100596.13183959262,1,1
COUNTRY_UGANDA,Uganda,ALL,Industrial and Technical Support,ALL,717420.79,787297.0045960295,28,9
COUNTRY_UKRAINE,Ukraine,ALL,General Government Support,ALL,10037.91,12836.641915887849,1,1
COUNTRY_UKRAINE,Ukraine,ALL,Industrial and Technical Support,ALL,361679.55,441824.94067011634,11,5
COUNTRY_UNITED_ARAB_EMIRATES,United Arab Emirates,ALL,Industrial and Technical Support,ALL,620245.7,748855.4701470587,1,1
COUNTRY_UNITED_KINGDOM_OF_GREAT_BRITAIN_AND_NORTHERN_IRELAND,United Kingdom of Great Britain and Northern Ireland,ALL,Core Defence Industrial Complex,ALL,76247727.93,79704615.57580829,58,35
COUNTRY_UNITED_KINGDOM_OF_GREAT_BRITAIN_AND_NORTHERN_IRELAND,United Kingdom of Great Britain and Northern Ireland,ALL,General Government Support,ALL,167257819.72,185030431.77609593,412,170
COUNTRY_UNITED_KINGDOM_OF_GREAT_BRITAIN_AND_NORTHERN_IRELAND,United Kingdom of Great Britain and Northern Ireland,ALL,Industrial and Technical Support,ALL,215762658.9,233350323.0976083,1462,130
COUNTRY_UNITED_REPUBLIC_OF_TANZANIA,United Republic of Tanzania,ALL,General Government Support,ALL,110319.56999999999,129410.0688131295,3,3
COUNTRY_UNITED_STATES_MINOR_OUTLYING_ISLANDS,United States Minor Outlying Islands,ALL,General Government Support,ALL,2310746.09,2851242.030115503,5,5
COUNTRY_UNITED_STATES_MINOR_OUTLYING_ISLANDS,United States Minor Outlying Islands,ALL,Industrial and Technical Support,ALL,231117.85,278898.84184122045,4,3
COUNTRY_UNITED_STATES_OF_AMERICA,United States of America,ALL,Core Defence Industrial Complex,ALL,2592082968.91,2749593893.5960097,393,231
COUNTRY_UNITED_STATES_OF_AMERICA,United States of America,ALL,General Government Support,ALL,932047473.81,1075255122.9177353,1868,951
COUNTRY_UNITED_STATES_OF_AMERICA,United States of America,ALL,Industrial and Technical Support,ALL,1162256706.02,1324100575.9042768,2972,843
COUNTRY_URUGUAY,Uruguay,ALL,General Government Support,ALL,102220.42,102220.42,1,1
COUNTRY_URUGUAY,Uruguay,ALL,Industrial and Technical Support,ALL,126770.55,126770.55,1,1
COUNTRY_UZBEKISTAN,Uzbekistan,ALL,Industrial and Technical Support,ALL,53204.69,65488.83131934033,1,1
COUNTRY_VIET_NAM,Viet Nam,ALL,General Government Support,ALL,6974214.28,7314956.630633104,11,8
COUNTRY_VIET_NAM,Viet Nam,ALL,Industrial and Technical Support,ALL,723608.2899999999,886771.6845575962,7,5
COUNTRY_WESTERN_SAHARA,Western Sahara,ALL,Industrial and Technical Support,ALL,123121.16,123121.16,1,1
COUNTRY__,-,ALL,General Government Support,ALL,5413129950.09,6922398269.507616,12963,5016
COUNTRY_ALBANIA,Albania,ALL,ALL,Aerospace & Space,17425.61,21038.861485294117,1,1
COUNTRY_ALBANIA,Albania,ALL,ALL,"Resources, Fuel & Materials",415240.67,480730.4789437039,3,2
COUNTRY_AMERICAN_SAMOA,American Samoa,ALL,ALL,"Resources, Fuel & Materials",19449.11,24490.3670398773,1,1
COUNTRY_ANGOLA,Angola,ALL,ALL,"Resources, Fuel & Materials",178732.26,178732.26,3,1
COUNTRY_ANTIGUA_AND_BARBUDA,Antigua and Barbuda,ALL,ALL,Administrative,36322.84,43854.48770588235,1,1
COUNTRY_ANTIGUA_AND_BARBUDA,Antigua and Barbuda,ALL,ALL,"Resources, Fuel & Materials",177745.84,208673.62178176985,3,2
COUNTRY_ARGENTINA,Argentina,ALL,ALL,Administrative,209383.16999999998,214105.0031931464,3,3
COUNTRY_ARGENTINA,Argentina,ALL,ALL,"Resources, Fuel & Materials",239673.9,296402.47682653996,4,2
COUNTRY_ARMENIA,Armenia,ALL,ALL,Administrative,12724.49,15662.37824587706,1,1
COUNTRY_ARUBA,Aruba,ALL,ALL,Administrative,60758.92,74787.21637181408,2,2
COUNTRY_ARUBA,Aruba,ALL,ALL,"Resources, Fuel & Materials",70642.61,86952.89776611693,1,1
COUNTRY_AUSTRALIA,Australia,ALL,ALL,Administrative,5285708.76,5779095.6056786245,37,11
COUNTRY_AUSTRALIA,Australia,ALL,ALL,Aerospace & Space,261336.44,315525.31947058823,2,1
COUNTRY_AUSTRALIA,Australia,ALL,ALL,Communications & Electronics,104565.63,106710.23272840273,3,3
COUNTRY_AUSTRALIA,Australia,ALL,ALL,Construction & Infrastructure,46388.76,57099.20833583208,1,1
COUNTRY_AUSTRALIA,Australia,ALL,ALL,Industrial Equipment & Manufacturing,27252.24,27035.98791418355,2,2
COUNTRY_AUSTRALIA,Australia,ALL,ALL,Marine & Shipbuilding,10855.92,10855.92,1,1
COUNTRY_AUSTRALIA,Australia,ALL,ALL,"R&D, Engineering & Scientific Services",102600,124377.20088860678,4,4
COUNTRY_AUSTRALIA,Australia,ALL,ALL,"Resources, Fuel & Materials",8213342.88,9785866.392635155,37,16
COUNTRY_AUSTRIA,Austria,ALL,ALL,Industrial Equipment & Manufacturing,403633.66,468055.41646892653,1,1
COUNTRY_AUSTRIA,Austria,ALL,ALL,"R&D, Engineering & Scientific Services",36718.42,36718.42,1,1
COUNTRY_AUSTRIA,Austria,ALL,ALL,"Resources, Fuel & Materials",263536.66,274182.57610194903,2,2
COUNTRY_BAHAMAS,Bahamas,ALL,ALL,Administrative,532103.81,581595.7846337907,5,4
COUNTRY_BAHAMAS,Bahamas,ALL,ALL,"Resources, Fuel & Materials",1025349.81,1142944.3999261647,8,5
COUNTRY_BAHRAIN,Bahrain,ALL,ALL,Administrative,91516.38,113846.83860572014,7,1
COUNTRY_BAHRAIN,Bahrain,ALL,ALL,"Resources, Fuel & Materials",355768.92,447985.0971165644,8,3
COUNTRY_BANGLADESH,Bangladesh,ALL,ALL,"Resources, Fuel & Materials",37323.91,43280.974731638424,1,1
COUNTRY_BARBADOS,Barbados,ALL,ALL,Administrative,330063.44,382540.61747417366,8,5
COUNTRY_BARBADOS,Barbados,ALL,ALL,"Resources, Fuel & Materials",1750713.57,1995412.9317133343,30,14
COUNTRY_BELGIUM,Belgium,ALL,ALL,Administrative,829269.24,988449.0244568645,16,15
COUNTRY_BELGIUM,Belgium,ALL,ALL,Aerospace & Space,73553.7,86946.40733348895,2,2
COUNTRY_BELGIUM,Belgium,ALL,ALL,Communications & Electronics,32503.29,39100.212599184204,2,2
COUNTRY_BELGIUM,Belgium,ALL,ALL,Construction & Infrastructure,322944.33,399537.911422509,4,4
COUNTRY_BELGIUM,Belgium,ALL,ALL,Digital Systems & Software,43255.020000000004,52030.51367539717,2,1
COUNTRY_BELGIUM,Belgium,ALL,ALL,Industrial Equipment & Manufacturing,1223700.6,1393705.184690405,4,1
COUNTRY_BELGIUM,Belgium,ALL,ALL,Land Systems & Vehicles,60813.52,73423.3822352941,1,1
COUNTRY_BELGIUM,Belgium,ALL,ALL,Marine & Shipbuilding,0,0,1,1
COUNTRY_BELGIUM,Belgium,ALL,ALL,"R&D, Engineering & Scientific Services",242102.25,281776.423897691,2,2
COUNTRY_BELGIUM,Belgium,ALL,ALL,"Resources, Fuel & Materials",2034327.25,2336448.6417258494,41,11
COUNTRY_BELGIUM,Belgium,ALL,ALL,Weapons & Military Equipment,13103193.8,15254430.942759704,16,2
COUNTRY_BELIZE,Belize,ALL,ALL,Administrative,901993.7200000001,1090347.1677647443,12,6
COUNTRY_BELIZE,Belize,ALL,ALL,Communications & Electronics,10775.58,13779.986261682241,1,1
COUNTRY_BELIZE,Belize,ALL,ALL,Industrial Equipment & Manufacturing,230797.37,295147.415529595,2,1
COUNTRY_BELIZE,Belize,ALL,ALL,"Resources, Fuel & Materials",1043602.74,1250703.333292532,35,8
COUNTRY_BENIN,Benin,ALL,ALL,Administrative,176669.91,213302.93545588234,3,2
COUNTRY_BENIN,Benin,ALL,ALL,"Resources, Fuel & Materials",166199.36,200661.28611764708,2,1
COUNTRY_BERMUDA,Bermuda,ALL,ALL,Administrative,119952.36,138927.15460312818,5,3
COUNTRY_BERMUDA,Bermuda,ALL,ALL,"Resources, Fuel & Materials",1078238.97,1163995.732717037,15,8
COUNTRY_BOSNIA_AND_HERZEGOVINA,Bosnia and Herzegovina,ALL,ALL,Administrative,87824.82,89151.38746031746,3,3
COUNTRY_BOTSWANA,Botswana,ALL,ALL,Administrative,86921.42,105375.96471822911,2,2
COUNTRY_BRAZIL,Brazil,ALL,ALL,Administrative,364616.82,364616.82,2,1
COUNTRY_BRAZIL,Brazil,ALL,ALL,"Resources, Fuel & Materials",1194271.55,1310680.2743594102,29,6
COUNTRY_BRITISH_INDIAN_OCEAN_TERRITORY,British Indian Ocean Territory,ALL,ALL,Administrative,184815.22999999998,214312.57603107343,2,1
COUNTRY_BRITISH_INDIAN_OCEAN_TERRITORY,British Indian Ocean Territory,ALL,ALL,"Resources, Fuel & Materials",49402.14,50415.35977625854,1,1
COUNTRY_BRITISH_VIRGIN_ISLANDS,British Virgin Islands,ALL,ALL,Aerospace & Space,57502.06,69425.28126470587,1,1
COUNTRY_BRUNEI_DARUSSALAM,Brunei Darussalam,ALL,ALL,Administrative,89418.02,103689.54014124293,2,1
COUNTRY_BRUNEI_DARUSSALAM,Brunei Darussalam,ALL,ALL,"Resources, Fuel & Materials",65164.65,83333.61004672897,1,1
COUNTRY_BULGARIA,Bulgaria,ALL,ALL,Administrative,208525.52,251763.89988235294,6,5
COUNTRY_BULGARIA,Bulgaria,ALL,ALL,Aerospace & Space,267567.9,323048.89102941175,1,1
COUNTRY_BULGARIA,Bulgaria,ALL,ALL,Marine & Shipbuilding,23000000,27769117.647058822,1,1
COUNTRY_BULGARIA,Bulgaria,ALL,ALL,"R&D, Engineering & Scientific Services",15000,18110.29411764706,1,1
COUNTRY_BULGARIA,Bulgaria,ALL,ALL,"Resources, Fuel & Materials",1002753.15,1212457.4239630706,22,8
COUNTRY_BULGARIA,Bulgaria,ALL,ALL,Weapons & Military Equipment,3875835,4679500.786764706,1,1
COUNTRY_BURKINA_FASO,Burkina Faso,ALL,ALL,Administrative,72352.46,89057.52572713642,5,1
COUNTRY_BURKINA_FASO,Burkina Faso,ALL,ALL,"Resources, Fuel & Materials",74045.36,80411.69386243387,1,1
COUNTRY_CABO_VERDE,Cabo Verde,ALL,ALL,Administrative,618967.29,705632.0529618791,28,13
COUNTRY_CABO_VERDE,Cabo Verde,ALL,ALL,Communications & Electronics,759088.98,782932.0274838343,3,3
COUNTRY_CABO_VERDE,Cabo Verde,ALL,ALL,Construction & Infrastructure,451739.76,514532.6332092899,5,4
COUNTRY_CABO_VERDE,Cabo Verde,ALL,ALL,Digital Systems & Software,145204.12,147313.97510254817,3,3
COUNTRY_CABO_VERDE,Cabo Verde,ALL,ALL,Industrial Equipment & Manufacturing,3402094.57,3557193.9920296245,7,6
COUNTRY_CABO_VERDE,Cabo Verde,ALL,ALL,Land Systems & Vehicles,56574.58,59131.41970719288,1,1
COUNTRY_CABO_VERDE,Cabo Verde,ALL,ALL,Marine & Shipbuilding,18454.74,18454.74,1,1
COUNTRY_CABO_VERDE,Cabo Verde,ALL,ALL,"R&D, Engineering & Scientific Services",38760.65,47709.88553223388,1,1
COUNTRY_CABO_VERDE,Cabo Verde,ALL,ALL,"Resources, Fuel & Materials",3253004.29,3658903.847827054,44,18
COUNTRY_CAMBODIA,Cambodia,ALL,ALL,Administrative,1192039.55,1195516.3358970566,5,4
COUNTRY_CAMBODIA,Cambodia,ALL,ALL,Construction & Infrastructure,98208.97,100186.92141529644,3,3
COUNTRY_CAMBODIA,Cambodia,ALL,ALL,Industrial Equipment & Manufacturing,84871.3,86369.66292527433,4,4
COUNTRY_CAMBODIA,Cambodia,ALL,ALL,"Resources, Fuel & Materials",93473.73,102714.06995942068,2,2
COUNTRY_CAMEROON,Cameroon,ALL,ALL,Administrative,312246.58,349140.85576172336,6,6
COUNTRY_CAMEROON,Cameroon,ALL,ALL,Communications & Electronics,1170470,1223368.3895607893,1,1
COUNTRY_CAMEROON,Cameroon,ALL,ALL,Construction & Infrastructure,97733,113331.62853107344,1,1
COUNTRY_CAMEROON,Cameroon,ALL,ALL,Digital Systems & Software,149623.27,152269.7843793762,2,2
COUNTRY_CAMEROON,Cameroon,ALL,ALL,Industrial Equipment & Manufacturing,27207.9,29098.87838983051,2,2
COUNTRY_CAMEROON,Cameroon,ALL,ALL,"R&D, Engineering & Scientific Services",31993.5,38627.44632352941,1,1
COUNTRY_CAMEROON,Cameroon,ALL,ALL,"Resources, Fuel & Materials",30767.12,36875.628496350364,2,2
COUNTRY_CANADA,Canada,ALL,ALL,Administrative,22086523811.27,23910989053.617516,45137,10676
COUNTRY_CANADA,Canada,ALL,ALL,Aerospace & Space,9955286999.9,10599166615.161749,2798,537
COUNTRY_CANADA,Canada,ALL,ALL,Communications & Electronics,2927977314.32,3244788076.3518085,4499,1526
COUNTRY_CANADA,Canada,ALL,ALL,Construction & Infrastructure,4786746795.13,5380494414.557764,20078,3897
COUNTRY_CANADA,Canada,ALL,ALL,Digital Systems & Software,2901412705.24,3179904107.0927854,9974,1811
COUNTRY_CANADA,Canada,ALL,ALL,Industrial Equipment & Manufacturing,4307942885.64,4796633007.43675,21322,6051
COUNTRY_CANADA,Canada,ALL,ALL,Land Systems & Vehicles,3469893152.19,4105440125.1735735,5543,1495
COUNTRY_CANADA,Canada,ALL,ALL,Marine & Shipbuilding,24572070725.55,26210207916.819363,3940,1065
COUNTRY_CANADA,Canada,ALL,ALL,"R&D, Engineering & Scientific Services",14727734400.69,16156876087.102196,7390,2656
COUNTRY_CANADA,Canada,ALL,ALL,"Resources, Fuel & Materials",2018260962.32,2243549994.927009,23232,2372
COUNTRY_CANADA,Canada,ALL,ALL,Weapons & Military Equipment,3065855535.28,3260269534.718329,831,246
COUNTRY_CAYMAN_ISLANDS,Cayman Islands,ALL,ALL,Administrative,601674.89,623060.0045322499,7,7
COUNTRY_CAYMAN_ISLANDS,Cayman Islands,ALL,ALL,Aerospace & Space,17905.18,18272.408676196395,1,1
COUNTRY_CAYMAN_ISLANDS,Cayman Islands,ALL,ALL,Digital Systems & Software,331380,334776.4411764706,2,2
COUNTRY_CAYMAN_ISLANDS,Cayman Islands,ALL,ALL,Industrial Equipment & Manufacturing,385025.27999999997,385025.27999999997,2,2
COUNTRY_CAYMAN_ISLANDS,Cayman Islands,ALL,ALL,Marine & Shipbuilding,18090.42,18461.44788067122,1,1
COUNTRY_CAYMAN_ISLANDS,Cayman Islands,ALL,ALL,"R&D, Engineering & Scientific Services",465914.68000000005,560232.8046034665,3,3
COUNTRY_CAYMAN_ISLANDS,Cayman Islands,ALL,ALL,"Resources, Fuel & Materials",124345.43,135610.0197451274,2,2
COUNTRY_CENTRAL_AFRICAN_REPUBLIC,Central African Republic,ALL,ALL,Administrative,10446.07,12113.309985875705,1,1
COUNTRY_CENTRAL_AFRICAN_REPUBLIC,Central African Republic,ALL,ALL,Industrial Equipment & Manufacturing,21850,26188.102189781024,1,1
COUNTRY_CENTRAL_AFRICAN_REPUBLIC,Central African Republic,ALL,ALL,"Resources, Fuel & Materials",28214.16,28792.82207582349,1,1
COUNTRY_CHAD,Chad,ALL,ALL,Administrative,26543.86,32672.427376311844,1,1
COUNTRY_CHAD,Chad,ALL,ALL,Industrial Equipment & Manufacturing,14480.39,18233.742622699385,1,1
COUNTRY_CHILE,Chile,ALL,ALL,Administrative,1005218.1,1048256.7015612801,10,5
COUNTRY_CHILE,Chile,ALL,ALL,"Resources, Fuel & Materials",1382310.19,1439624.2697328944,8,3
COUNTRY_CHINA,China,ALL,ALL,Administrative,1164140.79,1455236.088537073,15,8
COUNTRY_CHINA,China,ALL,ALL,Digital Systems & Software,311231.29,376348.1951328204,5,4
COUNTRY_CHINA,China,ALL,ALL,Industrial Equipment & Manufacturing,667924.92,822780.7196324538,4,4
COUNTRY_CHINA,China,ALL,ALL,Land Systems & Vehicles,10185,12207.131386861314,1,1
COUNTRY_CHINA,China,ALL,ALL,"Resources, Fuel & Materials",794781.8999999999,991752.179920518,9,5
COUNTRY_CHINA__HONG_KONG_SPECIAL_ADMINISTRATIVE_REGION,"China, Hong Kong Special Administrative Region",ALL,ALL,"Resources, Fuel & Materials",75467.96,96509.64978193147,1,1
COUNTRY_COLOMBIA,Colombia,ALL,ALL,Administrative,2499628.13,2611515.3363646865,28,19
COUNTRY_COLOMBIA,Colombia,ALL,ALL,Construction & Infrastructure,40320.57,48681.15877941176,1,1
COUNTRY_COLOMBIA,Colombia,ALL,ALL,Land Systems & Vehicles,16165.87,19517.910691176472,1,1
COUNTRY_COLOMBIA,Colombia,ALL,ALL,"Resources, Fuel & Materials",243804.73,263484.29754969827,8,2
COUNTRY_COMOROS,Comoros,ALL,ALL,Industrial Equipment & Manufacturing,17344.32,20112.551864406778,1,1
COUNTRY_COSTA_RICA,Costa Rica,ALL,ALL,Administrative,16226.72,20432.725644171776,1,1
COUNTRY_COSTA_RICA,Costa Rica,ALL,ALL,"Resources, Fuel & Materials",14813.89,15483.391075747932,1,1
COUNTRY_CROATIA,Croatia,ALL,ALL,Administrative,1165710.21,1423429.7257650557,8,3
COUNTRY_CROATIA,Croatia,ALL,ALL,"Resources, Fuel & Materials",2687735.2199999997,2875010.3022002648,57,8
COUNTRY_CUBA,Cuba,ALL,ALL,"Resources, Fuel & Materials",12508.13,15750.267990797543,1,1
COUNTRY_CYPRUS,Cyprus,ALL,ALL,Administrative,29537.75,35662.48933823529,1,1
COUNTRY_CYPRUS,Cyprus,ALL,ALL,"Resources, Fuel & Materials",425078.33,517681.8700480862,16,3
COUNTRY_CZECHIA,Czechia,ALL,ALL,Administrative,1046750.01,1288428.4231034482,3,2
COUNTRY_CZECHIA,Czechia,ALL,ALL,Industrial Equipment & Manufacturing,260392.37,319951.1684753678,4,4
COUNTRY_CZECHIA,Czechia,ALL,ALL,"Resources, Fuel & Materials",1990533.48,2442222.1338634617,42,6
COUNTRY_DEMOCRATIC_PEOPLE_S_REPUBLIC_OF_KOREA,Democratic People's Republic of Korea,ALL,ALL,Administrative,262070.37,316411.43201470585,2,1
COUNTRY_DEMOCRATIC_PEOPLE_S_REPUBLIC_OF_KOREA,Democratic People's Republic of Korea,ALL,ALL,Communications & Electronics,64572.8,77962.16,1,1
COUNTRY_DEMOCRATIC_PEOPLE_S_REPUBLIC_OF_KOREA,Democratic People's Republic of Korea,ALL,ALL,"Resources, Fuel & Materials",508201.51,618411.0406955972,3,2
COUNTRY_DENMARK,Denmark,ALL,ALL,Administrative,1399155.71,1677642.2913659522,10,4
COUNTRY_DENMARK,Denmark,ALL,ALL,Communications & Electronics,3638157.61,3816680.3121833294,8,6
COUNTRY_DENMARK,Denmark,ALL,ALL,Digital Systems & Software,265039.53,265039.53,1,1
COUNTRY_DENMARK,Denmark,ALL,ALL,Industrial Equipment & Manufacturing,462628.54,485761.59248100844,4,3
COUNTRY_DENMARK,Denmark,ALL,ALL,Marine & Shipbuilding,88228.16,86335.303170441,2,2
COUNTRY_DENMARK,Denmark,ALL,ALL,"R&D, Engineering & Scientific Services",14500,17847.82608695652,1,1
COUNTRY_DENMARK,Denmark,ALL,ALL,"Resources, Fuel & Materials",3233310.68,3645302.6490559303,47,7
COUNTRY_DJIBOUTI,Djibouti,ALL,ALL,"Resources, Fuel & Materials",894057.04,934463.1824824953,4,1
COUNTRY_DOMINICA,Dominica,ALL,ALL,"Resources, Fuel & Materials",100243.65,102299.61050341825,1,1
COUNTRY_DOMINICAN_REPUBLIC,Dominican Republic,ALL,ALL,"Resources, Fuel & Materials",449618.25,470449.29593195353,8,3
COUNTRY_ECUADOR,Ecuador,ALL,ALL,Administrative,300789.91,345710.44395682565,11,9
COUNTRY_ECUADOR,Ecuador,ALL,ALL,Construction & Infrastructure,42000,50708.82352941176,1,1
COUNTRY_ECUADOR,Ecuador,ALL,ALL,"Resources, Fuel & Materials",154515.07,166912.4999622573,3,2
COUNTRY_EGYPT,Egypt,ALL,ALL,Administrative,684488.2,704989.8072083716,6,5
COUNTRY_EGYPT,Egypt,ALL,ALL,"Resources, Fuel & Materials",848835.7899999999,921460.0197121275,23,9
COUNTRY_EL_SALVADOR,El Salvador,ALL,ALL,Construction & Infrastructure,73688.95,88968.57051470588,1,1
COUNTRY_EL_SALVADOR,El Salvador,ALL,ALL,"Resources, Fuel & Materials",60222.93,66649.37371101775,3,2
COUNTRY_ESTONIA,Estonia,ALL,ALL,Administrative,87294.09,96930.44236515719,2,2
COUNTRY_ESTONIA,Estonia,ALL,ALL,"Resources, Fuel & Materials",175147.16,215950.99691598825,8,5
COUNTRY_ESWATINI,Eswatini,ALL,ALL,"Resources, Fuel & Materials",26462.67,31949.78245588235,1,1
COUNTRY_ETHIOPIA,Ethiopia,ALL,ALL,"Resources, Fuel & Materials",36261.479999999996,44423.79024106616,2,2
COUNTRY_FIJI,Fiji,ALL,ALL,Administrative,96213.15,118720.52797539113,3,2
COUNTRY_FIJI,Fiji,ALL,ALL,Aerospace & Space,340015.84,418520.24683658173,1,1
COUNTRY_FIJI,Fiji,ALL,ALL,"Resources, Fuel & Materials",1423577.83,1600156.3314996865,14,6
COUNTRY_FINLAND,Finland,ALL,ALL,Administrative,158988.07,186102.52308454574,4,4
COUNTRY_FINLAND,Finland,ALL,ALL,Communications & Electronics,213098.4,257284.97999999998,3,2
COUNTRY_FINLAND,Finland,ALL,ALL,Digital Systems & Software,77122.76999999999,83604.39213653932,2,2
COUNTRY_FINLAND,Finland,ALL,ALL,Industrial Equipment & Manufacturing,2406069.0300000003,2632166.3925603097,8,3
COUNTRY_FINLAND,Finland,ALL,ALL,Land Systems & Vehicles,41597.96,42451.118906152886,1,1
COUNTRY_FINLAND,Finland,ALL,ALL,"R&D, Engineering & Scientific Services",2291601.6599999997,2301421.677786343,4,4
COUNTRY_FINLAND,Finland,ALL,ALL,"Resources, Fuel & Materials",2153563.95,2293231.766677886,53,8
COUNTRY_FRANCE,France,ALL,ALL,Administrative,2534229.07,2943312.775832173,40,19
COUNTRY_FRANCE,France,ALL,ALL,Communications & Electronics,3126368.53,3801025.870928884,3,3
COUNTRY_FRANCE,France,ALL,ALL,Construction & Infrastructure,18483.25,21433.26024011299,1,1
COUNTRY_FRANCE,France,ALL,ALL,Digital Systems & Software,1253424.65,1316918.3350376305,3,2
COUNTRY_FRANCE,France,ALL,ALL,Industrial Equipment & Manufacturing,17099310.33,20625902.055840738,34,17
COUNTRY_FRANCE,France,ALL,ALL,Land Systems & Vehicles,395546.81000000006,395971.90353014297,2,2
COUNTRY_FRANCE,France,ALL,ALL,"R&D, Engineering & Scientific Services",1027118.11,1119720.8956161484,6,6
COUNTRY_FRANCE,France,ALL,ALL,"Resources, Fuel & Materials",10599260.75,12145899.721260654,244,28
COUNTRY_GEORGIA,Georgia,ALL,ALL,Administrative,477689.66,535802.0806098308,10,9
COUNTRY_GEORGIA,Georgia,ALL,ALL,Marine & Shipbuilding,13484.75,13195.446662693681,1,1
COUNTRY_GEORGIA,Georgia,ALL,ALL,"Resources, Fuel & Materials",63634.990000000005,80894.3840244252,2,2
COUNTRY_GERMANY,Germany,ALL,ALL,Administrative,15426943.08,17013559.282496277,190,47
COUNTRY_GERMANY,Germany,ALL,ALL,Communications & Electronics,464537.24,484212.1201846228,15,9
COUNTRY_GERMANY,Germany,ALL,ALL,Construction & Infrastructure,1347913.77,1523910.8632424914,43,18
COUNTRY_GERMANY,Germany,ALL,ALL,Digital Systems & Software,1911974.92,1978134.272284145,18,11
COUNTRY_GERMANY,Germany,ALL,ALL,Industrial Equipment & Manufacturing,1038435731.53,1066819810.8244071,56,42
COUNTRY_GERMANY,Germany,ALL,ALL,Land Systems & Vehicles,1873183738.04,1969922723.567285,237,44
COUNTRY_GERMANY,Germany,ALL,ALL,Marine & Shipbuilding,401429.39,456383.24521405925,14,12
COUNTRY_GERMANY,Germany,ALL,ALL,"R&D, Engineering & Scientific Services",7646625.55,9258029.692420172,15,14
COUNTRY_GERMANY,Germany,ALL,ALL,"Resources, Fuel & Materials",10198310.13,12449098.771550704,207,25
COUNTRY_GERMANY,Germany,ALL,ALL,Weapons & Military Equipment,67459791.81,74144115.38508357,15,9
COUNTRY_GHANA,Ghana,ALL,ALL,Administrative,564085.04,649588.0860357783,10,4
COUNTRY_GHANA,Ghana,ALL,ALL,Construction & Infrastructure,15360,18906.3868065967,1,1
COUNTRY_GHANA,Ghana,ALL,ALL,"R&D, Engineering & Scientific Services",37000,44345.98540145985,2,2
COUNTRY_GHANA,Ghana,ALL,ALL,"Resources, Fuel & Materials",1232779.4,1405620.0980798202,26,11
COUNTRY_GIBRALTAR,Gibraltar,ALL,ALL,Marine & Shipbuilding,228750.91,281565.9626836582,3,3
COUNTRY_GIBRALTAR,Gibraltar,ALL,ALL,"Resources, Fuel & Materials",91662.23999999999,96404.62051017847,3,3
COUNTRY_GREECE,Greece,ALL,ALL,Administrative,7459140.11,8920341.743455796,42,9
COUNTRY_GREECE,Greece,ALL,ALL,Aerospace & Space,644527.97,778172.7402499999,3,1
COUNTRY_GREECE,Greece,ALL,ALL,Communications & Electronics,15304978,15618877.486637661,1,1
COUNTRY_GREECE,Greece,ALL,ALL,Construction & Infrastructure,16003.8,16727.07803946531,1,1
COUNTRY_GREECE,Greece,ALL,ALL,Industrial Equipment & Manufacturing,2473000,2523720.3231821004,1,1
COUNTRY_GREECE,Greece,ALL,ALL,"Resources, Fuel & Materials",5718165.43,6655673.232555358,137,21
COUNTRY_GREECE,Greece,ALL,ALL,Weapons & Military Equipment,2898129.2,3473524.194452555,1,1
COUNTRY_GREENLAND,Greenland,ALL,ALL,Administrative,1600978.76,1754240.6535850524,17,7
COUNTRY_GREENLAND,Greenland,ALL,ALL,Aerospace & Space,52081.450000000004,62880.691838235296,3,3
COUNTRY_GREENLAND,Greenland,ALL,ALL,Industrial Equipment & Manufacturing,64671.46,73574.77592975897,5,2
COUNTRY_GREENLAND,Greenland,ALL,ALL,Marine & Shipbuilding,264169.75,320322.8195032631,3,2
COUNTRY_GREENLAND,Greenland,ALL,ALL,"Resources, Fuel & Materials",3581214.19,4071867.5231429944,17,8
COUNTRY_GUAM,Guam,ALL,ALL,Administrative,1999461.03,2205208.664000717,14,5
COUNTRY_GUAM,Guam,ALL,ALL,"Resources, Fuel & Materials",1044200.37,1098093.85059253,12,5
COUNTRY_GUATEMALA,Guatemala,ALL,ALL,Administrative,733272.4400000001,894985.2191998113,17,10
COUNTRY_GUATEMALA,Guatemala,ALL,ALL,Aerospace & Space,125775.45999999999,151855.3715588235,4,2
COUNTRY_GUATEMALA,Guatemala,ALL,ALL,"Resources, Fuel & Materials",1265423.79,1524925.001282273,16,8
COUNTRY_HUNGARY,Hungary,ALL,ALL,Administrative,46002.11,46945.596407706646,2,2
COUNTRY_HUNGARY,Hungary,ALL,ALL,Industrial Equipment & Manufacturing,68891.18,72004.65789942711,1,1
COUNTRY_HUNGARY,Hungary,ALL,ALL,"R&D, Engineering & Scientific Services",10181.04,11805.98,1,1
COUNTRY_HUNGARY,Hungary,ALL,ALL,"Resources, Fuel & Materials",742524.3099999999,827551.4064748479,31,6
COUNTRY_ICELAND,Iceland,ALL,ALL,Administrative,1684088.67,2039633.4824907822,17,9
COUNTRY_ICELAND,Iceland,ALL,ALL,Construction & Infrastructure,552565.17,615662.1952846716,5,4
COUNTRY_ICELAND,Iceland,ALL,ALL,Industrial Equipment & Manufacturing,14304.55,15534.438558201058,1,1
COUNTRY_ICELAND,Iceland,ALL,ALL,Marine & Shipbuilding,16126.09,19327.766262773723,1,1
COUNTRY_ICELAND,Iceland,ALL,ALL,"Resources, Fuel & Materials",5365153.59,6108634.347156413,170,18
COUNTRY_INDIA,India,ALL,ALL,Administrative,219074.22,273651.17386381194,4,2
COUNTRY_INDIA,India,ALL,ALL,Industrial Equipment & Manufacturing,64400,69937.03703703704,1,1
COUNTRY_INDIA,India,ALL,ALL,"Resources, Fuel & Materials",744078.4,896590.420992814,7,5
COUNTRY_INDONESIA,Indonesia,ALL,ALL,Administrative,1931824.76,1954950.8267155038,8,4
COUNTRY_INDONESIA,Indonesia,ALL,ALL,"Resources, Fuel & Materials",748891.83,800332.6924499717,10,4
COUNTRY_IRELAND,Ireland,ALL,ALL,Administrative,554077.87,677186.4218272747,9,3
COUNTRY_IRELAND,Ireland,ALL,ALL,Communications & Electronics,42805.14,53900.33733128834,1,1
COUNTRY_IRELAND,Ireland,ALL,ALL,Digital Systems & Software,80891.06,84840.30117572233,2,2
COUNTRY_IRELAND,Ireland,ALL,ALL,Land Systems & Vehicles,1410240,1410240,1,1
COUNTRY_IRELAND,Ireland,ALL,ALL,"Resources, Fuel & Materials",2115413.17,2452496.983354155,36,15
COUNTRY_ISRAEL,Israel,ALL,ALL,Administrative,13366544.55,14251631.74806901,24,22
COUNTRY_ISRAEL,Israel,ALL,ALL,Aerospace & Space,544167.5,683930.6214139299,2,2
COUNTRY_ISRAEL,Israel,ALL,ALL,Communications & Electronics,4603750.68,5070742.294390553,7,4
COUNTRY_ISRAEL,Israel,ALL,ALL,Construction & Infrastructure,228844.58,288161.6567177914,3,1
COUNTRY_ISRAEL,Israel,ALL,ALL,Digital Systems & Software,515975.46,526647.3709715417,4,3
COUNTRY_ISRAEL,Israel,ALL,ALL,Industrial Equipment & Manufacturing,653344.05,755990.2078719704,10,9
COUNTRY_ISRAEL,Israel,ALL,ALL,Land Systems & Vehicles,285566.08,352865.92759028956,6,5
COUNTRY_ISRAEL,Israel,ALL,ALL,Marine & Shipbuilding,114176.66999999998,137517.9716607986,2,2
COUNTRY_ISRAEL,Israel,ALL,ALL,"R&D, Engineering & Scientific Services",2541702.45,2603879.798395545,7,5
COUNTRY_ISRAEL,Israel,ALL,ALL,"Resources, Fuel & Materials",705055.97,784826.1276017881,16,4
COUNTRY_ISRAEL,Israel,ALL,ALL,Weapons & Military Equipment,47310760,49463765.95751139,2,2
COUNTRY_ITALY,Italy,ALL,ALL,Administrative,6474468.71,7882710.748378319,61,23
COUNTRY_ITALY,Italy,ALL,ALL,Aerospace & Space,571140.41,689568.0538382352,6,2
COUNTRY_ITALY,Italy,ALL,ALL,Communications & Electronics,24300,29338.676470588234,1,1
COUNTRY_ITALY,Italy,ALL,ALL,Industrial Equipment & Manufacturing,2939730.2600000002,3306037.920566828,15,12
COUNTRY_ITALY,Italy,ALL,ALL,Land Systems & Vehicles,9096177.75,10988592.307411583,2,2
COUNTRY_ITALY,Italy,ALL,ALL,"R&D, Engineering & Scientific Services",5248150,6336710.546675191,2,2
COUNTRY_ITALY,Italy,ALL,ALL,"Resources, Fuel & Materials",3558138.23,4260726.133281833,51,16
COUNTRY_IVORY_COAST,Ivory Coast,ALL,ALL,Administrative,365357.18,441446.2543405877,9,4
COUNTRY_IVORY_COAST,Ivory Coast,ALL,ALL,"Resources, Fuel & Materials",1559579.53,1675391.94205059,28,3
COUNTRY_JAMAICA,Jamaica,ALL,ALL,Administrative,32361784.59,37539890.98509231,36,11
COUNTRY_JAMAICA,Jamaica,ALL,ALL,Communications & Electronics,130065.10999999999,138567.03261904762,2,2
COUNTRY_JAMAICA,Jamaica,ALL,ALL,Construction & Infrastructure,325372.52,381931.4796460618,2,2
COUNTRY_JAMAICA,Jamaica,ALL,ALL,Industrial Equipment & Manufacturing,393013.58,458812.5114950978,5,3
COUNTRY_JAMAICA,Jamaica,ALL,ALL,"R&D, Engineering & Scientific Services",1025758.49,1262590.285292354,9,3
COUNTRY_JAMAICA,Jamaica,ALL,ALL,"Resources, Fuel & Materials",1734588.83,1955265.969409775,48,13
COUNTRY_JAPAN,Japan,ALL,ALL,Administrative,10399692.69,11658346.05036107,53,16
COUNTRY_JAPAN,Japan,ALL,ALL,Aerospace & Space,217973.71000000002,263171.199867647,2,1
COUNTRY_JAPAN,Japan,ALL,ALL,Communications & Electronics,29777.38,35951.807323529414,1,1
COUNTRY_JAPAN,Japan,ALL,ALL,Construction & Infrastructure,1041793.71,1177452.820059326,3,3
COUNTRY_JAPAN,Japan,ALL,ALL,Digital Systems & Software,4354925.54,4355540.769688097,2,2
COUNTRY_JAPAN,Japan,ALL,ALL,Industrial Equipment & Manufacturing,47052.46,56404.71819054278,4,4
COUNTRY_JAPAN,Japan,ALL,ALL,Marine & Shipbuilding,7142650.8,8623700.45117647,3,3
COUNTRY_JAPAN,Japan,ALL,ALL,"R&D, Engineering & Scientific Services",27183.07,27183.07,1,1
COUNTRY_JAPAN,Japan,ALL,ALL,"Resources, Fuel & Materials",2374876.31,2884868.4616483194,18,8
COUNTRY_JORDAN,Jordan,ALL,ALL,Land Systems & Vehicles,133093.38,159517.75909489053,1,1
COUNTRY_KENYA,Kenya,ALL,ALL,"Resources, Fuel & Materials",45457.35,55519.342220498016,4,3
COUNTRY_KIRIBATI,Kiribati,ALL,ALL,"Resources, Fuel & Materials",146292.26,162957.1264167916,4,3
COUNTRY_KOSOVO,Kosovo,ALL,ALL,"Resources, Fuel & Materials",216887.12,225335.27884736483,5,3
COUNTRY_LATVIA,Latvia,ALL,ALL,Administrative,969083.22,1220271.9687423313,9,9
COUNTRY_LATVIA,Latvia,ALL,ALL,Construction & Infrastructure,650906.5,821259.8291692946,3,3
COUNTRY_LATVIA,Latvia,ALL,ALL,Industrial Equipment & Manufacturing,30318.4,38177.003680981594,2,1
COUNTRY_LATVIA,Latvia,ALL,ALL,"R&D, Engineering & Scientific Services",96200,121135.27607361962,1,1
COUNTRY_LATVIA,Latvia,ALL,ALL,"Resources, Fuel & Materials",606114.85,748347.5972480676,27,4
COUNTRY_LIBERIA,Liberia,ALL,ALL,Administrative,299981.79000000004,374844.9197116666,4,2
COUNTRY_LIBERIA,Liberia,ALL,ALL,"Resources, Fuel & Materials",82954,106082.91900311525,2,1
COUNTRY_LITHUANIA,Lithuania,ALL,ALL,Administrative,389232.99,412490.204467688,3,3
COUNTRY_LITHUANIA,Lithuania,ALL,ALL,"Resources, Fuel & Materials",457503.48,544796.4556513611,10,6
COUNTRY_LUXEMBOURG,Luxembourg,ALL,ALL,Communications & Electronics,36835.9,39974.06226692697,3,1
COUNTRY_LUXEMBOURG,Luxembourg,ALL,ALL,Industrial Equipment & Manufacturing,0,0,1,1
COUNTRY_LUXEMBOURG,Luxembourg,ALL,ALL,Land Systems & Vehicles,1470660,1775605.6764705882,1,1
COUNTRY_LUXEMBOURG,Luxembourg,ALL,ALL,Weapons & Military Equipment,13219.9,15961.085147058822,1,1
COUNTRY_MADAGASCAR,Madagascar,ALL,ALL,Administrative,15420.81,19720.381635514015,1,1
COUNTRY_MADAGASCAR,Madagascar,ALL,ALL,"Resources, Fuel & Materials",83288.28,106510.40168224298,1,1
COUNTRY_MALAYSIA,Malaysia,ALL,ALL,Administrative,1136314.02,1290368.2564235881,7,3
COUNTRY_MALAYSIA,Malaysia,ALL,ALL,Communications & Electronics,114000,140320.8395802099,1,1
COUNTRY_MALAYSIA,Malaysia,ALL,ALL,Industrial Equipment & Manufacturing,500080.4,615541.2419790105,1,1
COUNTRY_MALAYSIA,Malaysia,ALL,ALL,"Resources, Fuel & Materials",905096.3,1054596.9608761237,17,4
COUNTRY_MALDIVES,Maldives,ALL,ALL,"Resources, Fuel & Materials",80645.63,85899.87504266316,2,2
COUNTRY_MALI,Mali,ALL,ALL,Administrative,859659.45,1030377.2869911477,7,5
COUNTRY_MALI,Mali,ALL,ALL,Construction & Infrastructure,395000,486199.40029985004,1,1
COUNTRY_MALTA,Malta,ALL,ALL,Administrative,235004.13999999998,245624.95091024824,2,1
COUNTRY_MALTA,Malta,ALL,ALL,"Resources, Fuel & Materials",340140.79,354845.03133186616,2,2
COUNTRY_MARSHALL_ISLANDS,Marshall Islands,ALL,ALL,"Resources, Fuel & Materials",24123.52,29693.26824587706,1,1
COUNTRY_MEXICO,Mexico,ALL,ALL,Administrative,1441674.97,1612707.1492141685,28,14
COUNTRY_MEXICO,Mexico,ALL,ALL,Aerospace & Space,174744.99000000002,210978.87763235296,2,2
COUNTRY_MEXICO,Mexico,ALL,ALL,Land Systems & Vehicles,2868535,3326366.1511299433,1,1
COUNTRY_MEXICO,Mexico,ALL,ALL,Marine & Shipbuilding,79315.38,95761.65732352942,2,1
COUNTRY_MEXICO,Mexico,ALL,ALL,"Resources, Fuel & Materials",2314093.6599999997,2608665.5465015285,18,10
COUNTRY_MONGOLIA,Mongolia,ALL,ALL,Administrative,90413.08,101239.0061340271,3,3
COUNTRY_MONTENEGRO,Montenegro,ALL,ALL,Administrative,45620.66,56153.76590704648,1,1
COUNTRY_MOROCCO,Morocco,ALL,ALL,Administrative,111667.5,125589.25607088392,4,3
COUNTRY_MOROCCO,Morocco,ALL,ALL,Construction & Infrastructure,27181.58,33457.38707646177,1,1
COUNTRY_MOROCCO,Morocco,ALL,ALL,"Resources, Fuel & Materials",370840.57,421300.7402523306,7,2
COUNTRY_NAMIBIA,Namibia,ALL,ALL,"Resources, Fuel & Materials",35518.01,38571.80715608466,1,1
COUNTRY_NEPAL,Nepal,ALL,ALL,"Resources, Fuel & Materials",20152.37,23368.77933615819,1,1
COUNTRY_NETHERLANDS,Netherlands,ALL,ALL,Administrative,924919.83,1082744.505068701,17,10
COUNTRY_NETHERLANDS,Netherlands,ALL,ALL,Aerospace & Space,60458.02,72994.16826470588,1,1
COUNTRY_NETHERLANDS,Netherlands,ALL,ALL,Communications & Electronics,1080542.84,1168329.4700790192,7,6
COUNTRY_NETHERLANDS,Netherlands,ALL,ALL,Digital Systems & Software,245734.4,254641.99587767426,2,2
COUNTRY_NETHERLANDS,Netherlands,ALL,ALL,Industrial Equipment & Manufacturing,4105166.42,4926812.178116233,17,13
COUNTRY_NETHERLANDS,Netherlands,ALL,ALL,Marine & Shipbuilding,1398102.59,1693044.5205774896,4,4
COUNTRY_NETHERLANDS,Netherlands,ALL,ALL,"R&D, Engineering & Scientific Services",135250,166477.1364317841,2,2
COUNTRY_NETHERLANDS,Netherlands,ALL,ALL,"Resources, Fuel & Materials",1667059.79,1846022.1927451845,22,10
COUNTRY_NETHERLANDS,Netherlands,ALL,ALL,Weapons & Military Equipment,10462291,10462291,1,1
COUNTRY_NEW_CALEDONIA,New Caledonia,ALL,ALL,"Resources, Fuel & Materials",951145.61,1021521.363483445,7,3
COUNTRY_NEW_ZEALAND,New Zealand,ALL,ALL,Administrative,361030.6,429647.5944411004,5,2
COUNTRY_NEW_ZEALAND,New Zealand,ALL,ALL,Industrial Equipment & Manufacturing,17425.33,21448.569610194903,1,1
COUNTRY_NEW_ZEALAND,New Zealand,ALL,ALL,"Resources, Fuel & Materials",231664.47999999998,281697.98654440115,6,3
COUNTRY_NIGER,Niger,ALL,ALL,Administrative,208429.35,256675.36040610314,11,2
COUNTRY_NIGER,Niger,ALL,ALL,"Resources, Fuel & Materials",309152.53,374092.6545094864,14,8
COUNTRY_NIGERIA,Nigeria,ALL,ALL,Administrative,242283.22,279787.31461798865,7,5
COUNTRY_NIGERIA,Nigeria,ALL,ALL,"Resources, Fuel & Materials",65319.24,76168.94752536429,2,2
COUNTRY_NORTHERN_MARIANA_ISLANDS,Northern Mariana Islands,ALL,ALL,"Resources, Fuel & Materials",41353.25,43222.17472947168,3,1
COUNTRY_NORTH_MACEDONIA,North Macedonia,ALL,ALL,Administrative,288336.09,315483.1041894611,6,6
COUNTRY_NORTH_MACEDONIA,North Macedonia,ALL,ALL,"Resources, Fuel & Materials",498767.95,524046.8583975912,19,4
COUNTRY_NORWAY,Norway,ALL,ALL,Administrative,1868125.69,2224461.8364012297,16,8
COUNTRY_NORWAY,Norway,ALL,ALL,Aerospace & Space,371639,467968.740797546,1,1
COUNTRY_NORWAY,Norway,ALL,ALL,Communications & Electronics,547230.94,689074.5425460122,1,1
COUNTRY_NORWAY,Norway,ALL,ALL,Construction & Infrastructure,114660.62999999999,119079.04225334182,2,2
COUNTRY_NORWAY,Norway,ALL,ALL,Digital Systems & Software,158734.6,195383.96791604196,1,1
COUNTRY_NORWAY,Norway,ALL,ALL,Industrial Equipment & Manufacturing,3232874.85,4046958.2493985947,6,6
COUNTRY_NORWAY,Norway,ALL,ALL,Land Systems & Vehicles,784869.72,965458.0260434017,3,1
COUNTRY_NORWAY,Norway,ALL,ALL,Marine & Shipbuilding,28715659.92,34021981.72275468,13,10
COUNTRY_NORWAY,Norway,ALL,ALL,"R&D, Engineering & Scientific Services",8292546.5,8362597.502492565,6,6
COUNTRY_NORWAY,Norway,ALL,ALL,"Resources, Fuel & Materials",2534529.8000000003,3012067.129179767,37,15
COUNTRY_NORWAY,Norway,ALL,ALL,Weapons & Military Equipment,40692397.6,42579017.71241117,2,2
COUNTRY_OMAN,Oman,ALL,ALL,Administrative,948479.83,1045781.0827652328,11,5
COUNTRY_OMAN,Oman,ALL,ALL,"Resources, Fuel & Materials",464504.56,482280.19637810317,2,2
COUNTRY_PAKISTAN,Pakistan,ALL,ALL,Administrative,182450.06,198136.9037830688,1,1
COUNTRY_PAKISTAN,Pakistan,ALL,ALL,"Resources, Fuel & Materials",35025.46,40615.68172316384,1,1
COUNTRY_PANAMA,Panama,ALL,ALL,Administrative,1336903.77,1401700.9563021678,14,5
COUNTRY_PANAMA,Panama,ALL,ALL,"Resources, Fuel & Materials",342048.88,373584.98011815996,10,5
COUNTRY_PAPUA_NEW_GUINEA,Papua New Guinea,ALL,ALL,"Resources, Fuel & Materials",42013.38,51713.62065967016,1,1
COUNTRY_PERU,Peru,ALL,ALL,Administrative,419826.82,432514.13688430743,14,11
COUNTRY_PERU,Peru,ALL,ALL,"Resources, Fuel & Materials",254297.25,287133.7748056821,5,3
COUNTRY_PHILIPPINES,Philippines,ALL,ALL,Administrative,1845030.87,1925591.7341714264,17,8
COUNTRY_PHILIPPINES,Philippines,ALL,ALL,Marine & Shipbuilding,15189.36,15500.888203853325,1,1
COUNTRY_PHILIPPINES,Philippines,ALL,ALL,"Resources, Fuel & Materials",110920.34,118192.2639968831,5,3
COUNTRY_POLAND,Poland,ALL,ALL,Administrative,1914296.92,2204333.5793476785,28,20
COUNTRY_POLAND,Poland,ALL,ALL,Aerospace & Space,89250,112383.8190184049,1,1
COUNTRY_POLAND,Poland,ALL,ALL,Construction & Infrastructure,3876852.96,4231815.177505437,8,8
COUNTRY_POLAND,Poland,ALL,ALL,Industrial Equipment & Manufacturing,185997.47,232587.645289308,5,5
COUNTRY_POLAND,Poland,ALL,ALL,Marine & Shipbuilding,13337.4,13337.4,1,1
COUNTRY_POLAND,Poland,ALL,ALL,"Resources, Fuel & Materials",9700558.45,10215878.149216332,192,10
COUNTRY_PORTUGAL,Portugal,ALL,ALL,Administrative,1534696.41,1754367.315699518,30,9
COUNTRY_PORTUGAL,Portugal,ALL,ALL,Construction & Infrastructure,116330.61,116330.61,3,3
COUNTRY_PORTUGAL,Portugal,ALL,ALL,Marine & Shipbuilding,124078.98,148713.6388029197,1,1
COUNTRY_PORTUGAL,Portugal,ALL,ALL,"Resources, Fuel & Materials",14361767.45,15448595.05036185,113,17
COUNTRY_PUERTO_RICO,Puerto Rico,ALL,ALL,Administrative,441645.02,462415.66373830684,8,2
COUNTRY_PUERTO_RICO,Puerto Rico,ALL,ALL,"Resources, Fuel & Materials",192652.45,222396.30815611462,4,2
COUNTRY_REPUBLIC_OF_KOREA,Republic of Korea,ALL,ALL,Administrative,2995300.7,3432093.7270923485,17,8
COUNTRY_REPUBLIC_OF_KOREA,Republic of Korea,ALL,ALL,Marine & Shipbuilding,388640.53,469226.28695588233,2,1
COUNTRY_REPUBLIC_OF_KOREA,Republic of Korea,ALL,ALL,"R&D, Engineering & Scientific Services",2614233,2614233,1,1
COUNTRY_REPUBLIC_OF_KOREA,Republic of Korea,ALL,ALL,"Resources, Fuel & Materials",626759.8099999999,709175.0861349693,3,2
COUNTRY_ROMANIA,Romania,ALL,ALL,Administrative,1025024.64,1248267.0739367446,20,5
COUNTRY_ROMANIA,Romania,ALL,ALL,Aerospace & Space,112587.09,135932.35424999997,1,1
COUNTRY_ROMANIA,Romania,ALL,ALL,Construction & Infrastructure,830154.56,907914.4391930406,2,2
COUNTRY_ROMANIA,Romania,ALL,ALL,Industrial Equipment & Manufacturing,12700,15991.871165644172,1,1
COUNTRY_ROMANIA,Romania,ALL,ALL,"Resources, Fuel & Materials",14715536.45,18152791.93654611,103,11
COUNTRY_RWANDA,Rwanda,ALL,ALL,Administrative,17775,19303.27380952381,1,1
COUNTRY_RWANDA,Rwanda,ALL,ALL,Construction & Infrastructure,16603.34,19253.308107344634,1,1
COUNTRY_RWANDA,Rwanda,ALL,ALL,"Resources, Fuel & Materials",119992.81,130309.65212962964,2,1
COUNTRY_SAINT_LUCIA,Saint Lucia,ALL,ALL,"Resources, Fuel & Materials",53552.520000000004,65916.96989505248,2,1
COUNTRY_SAINT_VINCENT_AND_THE_GRENADINES,Saint Vincent and the Grenadines,ALL,ALL,Administrative,49021.979999999996,59186.831735294116,2,1
COUNTRY_SAINT_VINCENT_AND_THE_GRENADINES,Saint Vincent and the Grenadines,ALL,ALL,Construction & Infrastructure,56193.98,67845.96702941177,1,1
COUNTRY_SAINT_VINCENT_AND_THE_GRENADINES,Saint Vincent and the Grenadines,ALL,ALL,"Resources, Fuel & Materials",324341.75,324341.75,1,1
COUNTRY_SAMOA,Samoa,ALL,ALL,"Resources, Fuel & Materials",20445.11,23708.241963276836,1,1
COUNTRY_SAUDI_ARABIA,Saudi Arabia,ALL,ALL,"Resources, Fuel & Materials",10398.22,13093.464141104294,1,1
COUNTRY_SENEGAL,Senegal,ALL,ALL,Administrative,2270167.99,2759239.1651922925,49,15
COUNTRY_SENEGAL,Senegal,ALL,ALL,Communications & Electronics,67181.69,80744.67881751824,3,2
COUNTRY_SENEGAL,Senegal,ALL,ALL,Construction & Infrastructure,209893.94,258355.2095052474,3,1
COUNTRY_SENEGAL,Senegal,ALL,ALL,Industrial Equipment & Manufacturing,79111.95,90337.16269261522,3,3
COUNTRY_SENEGAL,Senegal,ALL,ALL,"R&D, Engineering & Scientific Services",40000,48294.11764705882,1,1
COUNTRY_SENEGAL,Senegal,ALL,ALL,"Resources, Fuel & Materials",15662413.97,18655211.65442272,264,15
COUNTRY_SEYCHELLES,Seychelles,ALL,ALL,Administrative,71041.73,85772.4416617647,1,1
COUNTRY_SIERRA_LEONE,Sierra Leone,ALL,ALL,Administrative,112497.86,139017.73123030763,3,1
COUNTRY_SIERRA_LEONE,Sierra Leone,ALL,ALL,"Resources, Fuel & Materials",32877.59,35704.36691798941,1,1
COUNTRY_SINGAPORE,Singapore,ALL,ALL,Administrative,4005112.44,4472135.102447557,26,7
COUNTRY_SINGAPORE,Singapore,ALL,ALL,Construction & Infrastructure,52293,63136.10735294117,1,1
COUNTRY_SINGAPORE,Singapore,ALL,ALL,Marine & Shipbuilding,510588.4,505035.38562574494,5,1
COUNTRY_SINGAPORE,Singapore,ALL,ALL,"Resources, Fuel & Materials",1431028.4,1688693.3285751669,18,10
COUNTRY_SLOVENIA,Slovenia,ALL,ALL,Industrial Equipment & Manufacturing,15745.62,15745.62,1,1
COUNTRY_SLOVENIA,Slovenia,ALL,ALL,"Resources, Fuel & Materials",438732,458296.51110768755,5,3
COUNTRY_SOUTH_AFRICA,South Africa,ALL,ALL,Communications & Electronics,295956.71,323998.2212385984,2,2
COUNTRY_SOUTH_AFRICA,South Africa,ALL,ALL,Marine & Shipbuilding,95377.51,99688.0149077021,1,1
COUNTRY_SOUTH_AFRICA,South Africa,ALL,ALL,"Resources, Fuel & Materials",727711.94,852412.1809614437,14,4
COUNTRY_SPAIN,Spain,ALL,ALL,Administrative,1628644.33,1978206.4525811672,24,11
COUNTRY_SPAIN,Spain,ALL,ALL,Aerospace & Space,3922137600,4099395250.9229794,2,2
COUNTRY_SPAIN,Spain,ALL,ALL,Construction & Infrastructure,105324.48,127163.82070588235,1,1
COUNTRY_SPAIN,Spain,ALL,ALL,Digital Systems & Software,326303.1,401641.4469265367,1,1
COUNTRY_SPAIN,Spain,ALL,ALL,Industrial Equipment & Manufacturing,2902671620.71,3711295184.9724674,11,8
COUNTRY_SPAIN,Spain,ALL,ALL,Marine & Shipbuilding,226322.12,226322.12,1,1
COUNTRY_SPAIN,Spain,ALL,ALL,"R&D, Engineering & Scientific Services",412627300,404439462.04203904,3,3
COUNTRY_SPAIN,Spain,ALL,ALL,"Resources, Fuel & Materials",3617269.09,4047997.1611160804,83,18
COUNTRY_SRI_LANKA,Sri Lanka,ALL,ALL,Administrative,399707.32999999996,498302.4277190565,3,2
COUNTRY_SWEDEN,Sweden,ALL,ALL,Administrative,5332078.82,5546128.676467446,12,9
COUNTRY_SWEDEN,Sweden,ALL,ALL,Communications & Electronics,111240128.4,135311087.28102776,3,2
COUNTRY_SWEDEN,Sweden,ALL,ALL,Digital Systems & Software,2543510.85,2805355.9917719136,3,3
COUNTRY_SWEDEN,Sweden,ALL,ALL,Industrial Equipment & Manufacturing,11164337.76,13784684.760231042,13,6
COUNTRY_SWEDEN,Sweden,ALL,ALL,Land Systems & Vehicles,18500,22771.36431784108,1,1
COUNTRY_SWEDEN,Sweden,ALL,ALL,Marine & Shipbuilding,1388670.97,1435435.073577698,4,3
COUNTRY_SWEDEN,Sweden,ALL,ALL,"R&D, Engineering & Scientific Services",111642.29000000001,111642.29000000001,2,2
COUNTRY_SWEDEN,Sweden,ALL,ALL,"Resources, Fuel & Materials",905701.66,1009755.1806518205,12,8
COUNTRY_SWEDEN,Sweden,ALL,ALL,Weapons & Military Equipment,264143045.67,269795339.35828805,14,7
COUNTRY_SWITZERLAND,Switzerland,ALL,ALL,Administrative,33341.22,38675.270304411766,2,2
COUNTRY_SWITZERLAND,Switzerland,ALL,ALL,Communications & Electronics,1221063.8,1276248.7330362827,1,1
COUNTRY_SWITZERLAND,Switzerland,ALL,ALL,Digital Systems & Software,153091.12,181127.03777752197,4,3
COUNTRY_SWITZERLAND,Switzerland,ALL,ALL,Industrial Equipment & Manufacturing,1428875.25,1659918.1361196318,3,3
COUNTRY_SWITZERLAND,Switzerland,ALL,ALL,Land Systems & Vehicles,163828.2,162657.01830750893,9,3
COUNTRY_SWITZERLAND,Switzerland,ALL,ALL,Marine & Shipbuilding,29691.17,31033.037008274983,1,1
COUNTRY_SWITZERLAND,Switzerland,ALL,ALL,"R&D, Engineering & Scientific Services",3678591.33,3914024.608309076,6,5
COUNTRY_SWITZERLAND,Switzerland,ALL,ALL,"Resources, Fuel & Materials",66723.54,81825.01313120645,3,2
COUNTRY_SWITZERLAND,Switzerland,ALL,ALL,Weapons & Military Equipment,2374761.92,2499612.911408235,4,3
COUNTRY_TAIWAN,Taiwan,ALL,ALL,Digital Systems & Software,24960.02,31429.71843558282,1,1
COUNTRY_TAIWAN,Taiwan,ALL,ALL,Industrial Equipment & Manufacturing,142727.9,179723.32193251533,2,2
COUNTRY_THAILAND,Thailand,ALL,ALL,Administrative,777750.89,865288.8520739755,7,6
COUNTRY_THAILAND,Thailand,ALL,ALL,Industrial Equipment & Manufacturing,1229734.15,1229734.15,2,2
COUNTRY_THAILAND,Thailand,ALL,ALL,Marine & Shipbuilding,698525.6,843366.9376470587,1,1
COUNTRY_TOGO,Togo,ALL,ALL,Administrative,46625.08,56292.92747058823,2,1
COUNTRY_TRINIDAD_AND_TOBAGO,Trinidad and Tobago,ALL,ALL,Administrative,115149.88,125706.54208655344,3,3
COUNTRY_TRINIDAD_AND_TOBAGO,Trinidad and Tobago,ALL,ALL,"Resources, Fuel & Materials",168885.84,210468.18141585047,4,3
COUNTRY_TUNISIA,Tunisia,ALL,ALL,Administrative,355228.11,401201.23112066137,10,8
COUNTRY_TUNISIA,Tunisia,ALL,ALL,"Resources, Fuel & Materials",493473.85000000003,584313.032040388,6,3
COUNTRY_TURKEY,Turkey,ALL,ALL,Administrative,1023226.5,1196747.0914881208,5,2
COUNTRY_TURKEY,Turkey,ALL,ALL,Aerospace & Space,423008.39,510720.4238088235,3,1
COUNTRY_TURKEY,Turkey,ALL,ALL,Industrial Equipment & Manufacturing,18946,19330.33099936346,2,1
COUNTRY_TURKEY,Turkey,ALL,ALL,"Resources, Fuel & Materials",879636.84,1068545.3825495853,5,3
COUNTRY_TURKEY,Turkey,ALL,ALL,Weapons & Military Equipment,1042002,1063373.078931013,1,1
COUNTRY_TURKS_AND_CAICOS_ISLANDS,Turks and Caicos Islands,ALL,ALL,"Resources, Fuel & Materials",72183.12,72183.12,1,1
COUNTRY_UGANDA,Uganda,ALL,ALL,Construction & Infrastructure,96246.36,100596.13183959262,1,1
COUNTRY_UGANDA,Uganda,ALL,ALL,"Resources, Fuel & Materials",717420.79,787297.0045960295,28,9
COUNTRY_UKRAINE,Ukraine,ALL,ALL,Administrative,10037.91,12836.641915887849,1,1
COUNTRY_UKRAINE,Ukraine,ALL,ALL,Aerospace & Space,94174.85,113702.28213235294,1,1
COUNTRY_UKRAINE,Ukraine,ALL,ALL,"Resources, Fuel & Materials",267504.7,328122.6585377634,10,4
COUNTRY_UNITED_ARAB_EMIRATES,United Arab Emirates,ALL,ALL,Land Systems & Vehicles,620245.7,748855.4701470587,1,1
COUNTRY_UNITED_KINGDOM_OF_GREAT_BRITAIN_AND_NORTHERN_IRELAND,United Kingdom of Great Britain and Northern Ireland,ALL,ALL,Administrative,74425167.93,83435955.34374987,280,98
COUNTRY_UNITED_KINGDOM_OF_GREAT_BRITAIN_AND_NORTHERN_IRELAND,United Kingdom of Great Britain and Northern Ireland,ALL,ALL,Aerospace & Space,116169.18000000001,139750.83353402748,3,3
COUNTRY_UNITED_KINGDOM_OF_GREAT_BRITAIN_AND_NORTHERN_IRELAND,United Kingdom of Great Britain and Northern Ireland,ALL,ALL,Communications & Electronics,38016385.03,39599925.14024087,54,40
COUNTRY_UNITED_KINGDOM_OF_GREAT_BRITAIN_AND_NORTHERN_IRELAND,United Kingdom of Great Britain and Northern Ireland,ALL,ALL,Construction & Infrastructure,1595962.07,1768781.050596003,10,8
COUNTRY_UNITED_KINGDOM_OF_GREAT_BRITAIN_AND_NORTHERN_IRELAND,United Kingdom of Great Britain and Northern Ireland,ALL,ALL,Digital Systems & Software,35936855.1,42116285.73266925,40,20
COUNTRY_UNITED_KINGDOM_OF_GREAT_BRITAIN_AND_NORTHERN_IRELAND,United Kingdom of Great Britain and Northern Ireland,ALL,ALL,Industrial Equipment & Manufacturing,80189500.47,89433122.6188086,140,68
COUNTRY_UNITED_KINGDOM_OF_GREAT_BRITAIN_AND_NORTHERN_IRELAND,United Kingdom of Great Britain and Northern Ireland,ALL,ALL,Land Systems & Vehicles,462381.69,560304.1169841683,4,4
COUNTRY_UNITED_KINGDOM_OF_GREAT_BRITAIN_AND_NORTHERN_IRELAND,United Kingdom of Great Britain and Northern Ireland,ALL,ALL,Marine & Shipbuilding,6786085.27,8022325.704816747,35,25
COUNTRY_UNITED_KINGDOM_OF_GREAT_BRITAIN_AND_NORTHERN_IRELAND,United Kingdom of Great Britain and Northern Ireland,ALL,ALL,"R&D, Engineering & Scientific Services",68839121.33,70201296.66749346,21,16
COUNTRY_UNITED_KINGDOM_OF_GREAT_BRITAIN_AND_NORTHERN_IRELAND,United Kingdom of Great Britain and Northern Ireland,ALL,ALL,"Resources, Fuel & Materials",83893091.5,91680715.18577491,1325,70
COUNTRY_UNITED_KINGDOM_OF_GREAT_BRITAIN_AND_NORTHERN_IRELAND,United Kingdom of Great Britain and Northern Ireland,ALL,ALL,Weapons & Military Equipment,69007486.98,71126908.05484463,20,14
COUNTRY_UNITED_REPUBLIC_OF_TANZANIA,United Republic of Tanzania,ALL,ALL,Administrative,86980.79,105016.51263235294,2,2
COUNTRY_UNITED_REPUBLIC_OF_TANZANIA,United Republic of Tanzania,ALL,ALL,Industrial Equipment & Manufacturing,23338.78,24393.556180776577,1,1
COUNTRY_UNITED_STATES_MINOR_OUTLYING_ISLANDS,United States Minor Outlying Islands,ALL,ALL,Administrative,501736.46,622748.3803030701,5,4
COUNTRY_UNITED_STATES_MINOR_OUTLYING_ISLANDS,United States Minor Outlying Islands,ALL,ALL,Construction & Infrastructure,1838850.8,2263413.0536731635,1,1
COUNTRY_UNITED_STATES_MINOR_OUTLYING_ISLANDS,United States Minor Outlying Islands,ALL,ALL,"R&D, Engineering & Scientific Services",13147.31,15245.680098870054,1,1
COUNTRY_UNITED_STATES_MINOR_OUTLYING_ISLANDS,United States Minor Outlying Islands,ALL,ALL,"Resources, Fuel & Materials",188129.37,228733.7578816199,2,2
COUNTRY_UNITED_STATES_OF_AMERICA,United States of America,ALL,ALL,Administrative,263531068.63,301292224.2839424,1305,512
COUNTRY_UNITED_STATES_OF_AMERICA,United States of America,ALL,ALL,Aerospace & Space,2067811498.35,2175143857.9591103,138,88
COUNTRY_UNITED_STATES_OF_AMERICA,United States of America,ALL,ALL,Communications & Electronics,518219469.86,575836147.7899634,383,223
COUNTRY_UNITED_STATES_OF_AMERICA,United States of America,ALL,ALL,Construction & Infrastructure,18018566.8,20299311.252187155,60,47
COUNTRY_UNITED_STATES_OF_AMERICA,United States of America,ALL,ALL,Digital Systems & Software,130178095.71,148195606.59057954,466,281
COUNTRY_UNITED_STATES_OF_AMERICA,United States of America,ALL,ALL,Industrial Equipment & Manufacturing,750896883.31,867906354.6190083,795,491
COUNTRY_UNITED_STATES_OF_AMERICA,United States of America,ALL,ALL,Land Systems & Vehicles,70712270.78,75767033.92250182,76,50
COUNTRY_UNITED_STATES_OF_AMERICA,United States of America,ALL,ALL,Marine & Shipbuilding,52090420.19,60886022.90012627,173,116
COUNTRY_UNITED_STATES_OF_AMERICA,United States of America,ALL,ALL,"R&D, Engineering & Scientific Services",488671887.63,577169898.4182974,259,193
COUNTRY_UNITED_STATES_OF_AMERICA,United States of America,ALL,ALL,"Resources, Fuel & Materials",73497051.01,82339719.4307875,1484,104
COUNTRY_UNITED_STATES_OF_AMERICA,United States of America,ALL,ALL,Weapons & Military Equipment,252759936.47,264113415.25151756,94,52
COUNTRY_URUGUAY,Uruguay,ALL,ALL,Administrative,126770.55,126770.55,1,1
COUNTRY_URUGUAY,Uruguay,ALL,ALL,"Resources, Fuel & Materials",102220.42,102220.42,1,1
COUNTRY_UZBEKISTAN,Uzbekistan,ALL,ALL,Digital Systems & Software,53204.69,65488.83131934033,1,1
COUNTRY_VIET_NAM,Viet Nam,ALL,ALL,Administrative,7339316.07,7801558.74718109,14,10
COUNTRY_VIET_NAM,Viet Nam,ALL,ALL,Digital Systems & Software,13560,13560,1,1
COUNTRY_VIET_NAM,Viet Nam,ALL,ALL,"Resources, Fuel & Materials",344946.5,386609.5680096098,3,3
COUNTRY_WESTERN_SAHARA,Western Sahara,ALL,ALL,"Resources, Fuel & Materials",123121.16,123121.16,1,1
COUNTRY__,-,ALL,ALL,Administrative,2750300865.79,3517129300.3326945,8798,3857
COUNTRY__,-,ALL,ALL,Aerospace & Space,313221941.45,400553292.7265576,419,180
COUNTRY__,-,ALL,ALL,Communications & Electronics,385983059.99,493601389.8002959,711,370
COUNTRY__,-,ALL,ALL,Construction & Infrastructure,443678163.05,567382822.2181463,493,306
COUNTRY__,-,ALL,ALL,Digital Systems & Software,50886209.08,65074108.49638629,358,238
COUNTRY__,-,ALL,ALL,Industrial Equipment & Manufacturing,15082263.61,19287443.027741432,136,88
COUNTRY__,-,ALL,ALL,Land Systems & Vehicles,762880440.42,975583865.3969158,18,16
COUNTRY__,-,ALL,ALL,Marine & Shipbuilding,264275979.63,337960403.857056,409,176
COUNTRY__,-,ALL,ALL,"R&D, Engineering & Scientific Services",73483689.88,93972133.00853582,420,228
COUNTRY__,-,ALL,ALL,"Resources, Fuel & Materials",74411106.85,95158128.8533489,995,124
COUNTRY__,-,ALL,ALL,Weapons & Military Equipment,278926230.34,356695381.7899377,206,92
COUNTRY_ALBANIA,Albania,ALL,General Government Support,"Resources, Fuel & Materials",288133.38,347878.68379411765,1,1
COUNTRY_ALBANIA,Albania,ALL,Industrial and Technical Support,Aerospace & Space,17425.61,21038.861485294117,1,1
COUNTRY_ALBANIA,Albania,ALL,Industrial and Technical Support,"Resources, Fuel & Materials",127107.29000000001,132851.79514958628,2,1
COUNTRY_AMERICAN_SAMOA,American Samoa,ALL,Industrial and Technical Support,"Resources, Fuel & Materials",19449.11,24490.3670398773,1,1
COUNTRY_ANGOLA,Angola,ALL,Industrial and Technical Support,"Resources, Fuel & Materials",178732.26,178732.26,3,1
COUNTRY_ANTIGUA_AND_BARBUDA,Antigua and Barbuda,ALL,General Government Support,"Resources, Fuel & Materials",123295.06,151761.98539730132,2,1
COUNTRY_ANTIGUA_AND_BARBUDA,Antigua and Barbuda,ALL,Industrial and Technical Support,Administrative,36322.84,43854.48770588235,1,1
COUNTRY_ANTIGUA_AND_BARBUDA,Antigua and Barbuda,ALL,Industrial and Technical Support,"Resources, Fuel & Materials",54450.78,56911.6363844685,1,1
COUNTRY_ARGENTINA,Argentina,ALL,General Government Support,Administrative,62049.55,66771.38319314642,2,2
COUNTRY_ARGENTINA,Argentina,ALL,Industrial and Technical Support,Administrative,147333.62,147333.62,1,1
COUNTRY_ARGENTINA,Argentina,ALL,Industrial and Technical Support,"Resources, Fuel & Materials",239673.9,296402.47682653996,4,2
COUNTRY_ARMENIA,Armenia,ALL,General Government Support,Administrative,12724.49,15662.37824587706,1,1
COUNTRY_ARUBA,Aruba,ALL,General Government Support,"Resources, Fuel & Materials",70642.61,86952.89776611693,1,1
COUNTRY_ARUBA,Aruba,ALL,Industrial and Technical Support,Administrative,60758.92,74787.21637181408,2,2
COUNTRY_AUSTRALIA,Australia,ALL,Core Defence Industrial Complex,Marine & Shipbuilding,10855.92,10855.92,1,1
COUNTRY_AUSTRALIA,Australia,ALL,General Government Support,Administrative,1529933.28,1622469.4155174429,16,10
COUNTRY_AUSTRALIA,Australia,ALL,General Government Support,Aerospace & Space,50089.75,60476.006985294116,1,1
COUNTRY_AUSTRALIA,Australia,ALL,General Government Support,Communications & Electronics,11160.71,11389.61206960845,1,1
COUNTRY_AUSTRALIA,Australia,ALL,General Government Support,Construction & Infrastructure,46388.76,57099.20833583208,1,1
COUNTRY_AUSTRALIA,Australia,ALL,General Government Support,Industrial Equipment & Manufacturing,27252.24,27035.98791418355,2,2
COUNTRY_AUSTRALIA,Australia,ALL,General Government Support,"Resources, Fuel & Materials",5804645.66,6952697.42598081,6,3
COUNTRY_AUSTRALIA,Australia,ALL,Industrial and Technical Support,Administrative,3755775.48,4156626.190161181,21,5
COUNTRY_AUSTRALIA,Australia,ALL,Industrial and Technical Support,Aerospace & Space,211246.69,255049.3124852941,1,1
COUNTRY_AUSTRALIA,Australia,ALL,Industrial and Technical Support,Communications & Electronics,93404.92,95320.62065879427,2,2
COUNTRY_AUSTRALIA,Australia,ALL,Industrial and Technical Support,"R&D, Engineering & Scientific Services",102600,124377.20088860678,4,4
COUNTRY_AUSTRALIA,Australia,ALL,Industrial and Technical Support,"Resources, Fuel & Materials",2408697.22,2833168.9666543454,31,14
COUNTRY_AUSTRIA,Austria,ALL,General Government Support,Industrial Equipment & Manufacturing,403633.66,468055.41646892653,1,1
COUNTRY_AUSTRIA,Austria,ALL,Industrial and Technical Support,"R&D, Engineering & Scientific Services",36718.42,36718.42,1,1
COUNTRY_AUSTRIA,Austria,ALL,Industrial and Technical Support,"Resources, Fuel & Materials",263536.66,274182.57610194903,2,2
COUNTRY_BAHAMAS,Bahamas,ALL,General Government Support,Administrative,59015.85,61683.02081476767,1,1
COUNTRY_BAHAMAS,Bahamas,ALL,General Government Support,"Resources, Fuel & Materials",848164.8400000001,945164.034853649,2,2
COUNTRY_BAHAMAS,Bahamas,ALL,Industrial and Technical Support,Administrative,473087.96,519912.7638190231,4,3
COUNTRY_BAHAMAS,Bahamas,ALL,Industrial and Technical Support,"Resources, Fuel & Materials",177184.97,197780.3650725156,6,3
COUNTRY_BAHRAIN,Bahrain,ALL,General Government Support,Administrative,91516.38,113846.83860572014,7,1
COUNTRY_BAHRAIN,Bahrain,ALL,Industrial and Technical Support,"Resources, Fuel & Materials",355768.92,447985.0971165644,8,3
COUNTRY_BANGLADESH,Bangladesh,ALL,Industrial and Technical Support,"Resources, Fuel & Materials",37323.91,43280.974731638424,1,1
COUNTRY_BARBADOS,Barbados,ALL,General Government Support,Administrative,13356.6,13356.6,1,1
COUNTRY_BARBADOS,Barbados,ALL,General Government Support,"Resources, Fuel & Materials",1053721.43,1187235.1754968322,6,6
COUNTRY_BARBADOS,Barbados,ALL,Industrial and Technical Support,Administrative,316706.83999999997,369184.0174741736,7,5
COUNTRY_BARBADOS,Barbados,ALL,Industrial and Technical Support,"Resources, Fuel & Materials",696992.14,808177.7562165019,24,8
COUNTRY_BELGIUM,Belgium,ALL,Core Defence Industrial Complex,Aerospace & Space,73553.7,86946.40733348895,2,2
COUNTRY_BELGIUM,Belgium,ALL,Core Defence Industrial Complex,Land Systems & Vehicles,60813.52,73423.3822352941,1,1
COUNTRY_BELGIUM,Belgium,ALL,Core Defence Industrial Complex,Marine & Shipbuilding,0,0,1,1
COUNTRY_BELGIUM,Belgium,ALL,Core Defence Industrial Complex,Weapons & Military Equipment,13103193.8,15254430.942759704,16,2
COUNTRY_BELGIUM,Belgium,ALL,General Government Support,Administrative,288601.7,316670.55842137,11,10
COUNTRY_BELGIUM,Belgium,ALL,General Government Support,Construction & Infrastructure,322944.33,399537.911422509,4,4
COUNTRY_BELGIUM,Belgium,ALL,General Government Support,Industrial Equipment & Manufacturing,1223700.6,1393705.184690405,4,1
COUNTRY_BELGIUM,Belgium,ALL,General Government Support,"Resources, Fuel & Materials",116160,146268.9570552147,1,1
COUNTRY_BELGIUM,Belgium,ALL,Industrial and Technical Support,Administrative,540667.54,671778.4660354945,5,5
COUNTRY_BELGIUM,Belgium,ALL,Industrial and Technical Support,Communications & Electronics,32503.29,39100.212599184204,2,2
COUNTRY_BELGIUM,Belgium,ALL,Industrial and Technical Support,Digital Systems & Software,43255.020000000004,52030.51367539717,2,1
COUNTRY_BELGIUM,Belgium,ALL,Industrial and Technical Support,"R&D, Engineering & Scientific Services",242102.25,281776.423897691,2,2
COUNTRY_BELGIUM,Belgium,ALL,Industrial and Technical Support,"Resources, Fuel & Materials",1918167.25,2190179.6846706346,40,10
COUNTRY_BELIZE,Belize,ALL,General Government Support,Administrative,758459.3200000001,910541.0804963458,7,6
COUNTRY_BELIZE,Belize,ALL,General Government Support,Communications & Electronics,10775.58,13779.986261682241,1,1
COUNTRY_BELIZE,Belize,ALL,General Government Support,Industrial Equipment & Manufacturing,230797.37,295147.415529595,2,1
COUNTRY_BELIZE,Belize,ALL,General Government Support,"Resources, Fuel & Materials",317356.8,390629.58440779604,4,2
COUNTRY_BELIZE,Belize,ALL,Industrial and Technical Support,Administrative,143534.4,179806.0872683985,5,2
COUNTRY_BELIZE,Belize,ALL,Industrial and Technical Support,"Resources, Fuel & Materials",726245.9400000001,860073.7488847359,31,6
COUNTRY_BENIN,Benin,ALL,General Government Support,"Resources, Fuel & Materials",166199.36,200661.28611764708,2,1
COUNTRY_BENIN,Benin,ALL,Industrial and Technical Support,Administrative,176669.91,213302.93545588234,3,2
COUNTRY_BERMUDA,Bermuda,ALL,General Government Support,"Resources, Fuel & Materials",679414.83,722784.3119671769,6,2
COUNTRY_BERMUDA,Bermuda,ALL,Industrial and Technical Support,Administrative,119952.36,138927.15460312818,5,3
COUNTRY_BERMUDA,Bermuda,ALL,Industrial and Technical Support,"Resources, Fuel & Materials",398824.14,441211.4207498601,9,6
COUNTRY_BOSNIA_AND_HERZEGOVINA,Bosnia and Herzegovina,ALL,General Government Support,Administrative,87824.82,89151.38746031746,3,3
COUNTRY_BOTSWANA,Botswana,ALL,General Government Support,Administrative,86921.42,105375.96471822911,2,2
COUNTRY_BRAZIL,Brazil,ALL,General Government Support,Administrative,49170.04,49170.04,1,1
COUNTRY_BRAZIL,Brazil,ALL,General Government Support,"Resources, Fuel & Materials",359445.47,359445.47,1,1
COUNTRY_BRAZIL,Brazil,ALL,Industrial and Technical Support,Administrative,315446.78,315446.78,1,1
COUNTRY_BRAZIL,Brazil,ALL,Industrial and Technical Support,"Resources, Fuel & Materials",834826.08,951234.8043594101,28,5
COUNTRY_BRITISH_INDIAN_OCEAN_TERRITORY,British Indian Ocean Territory,ALL,General Government Support,Administrative,83462,96782.91242937853,1,1
COUNTRY_BRITISH_INDIAN_OCEAN_TERRITORY,British Indian Ocean Territory,ALL,Industrial and Technical Support,Administrative,101353.23,117529.6636016949,1,1
COUNTRY_BRITISH_INDIAN_OCEAN_TERRITORY,British Indian Ocean Territory,ALL,Industrial and Technical Support,"Resources, Fuel & Materials",49402.14,50415.35977625854,1,1
COUNTRY_BRITISH_VIRGIN_ISLANDS,British Virgin Islands,ALL,Industrial and Technical Support,Aerospace & Space,57502.06,69425.28126470587,1,1
COUNTRY_BRUNEI_DARUSSALAM,Brunei Darussalam,ALL,General Government Support,Administrative,10519.41,12198.355381355932,1,1
COUNTRY_BRUNEI_DARUSSALAM,Brunei Darussalam,ALL,Industrial and Technical Support,Administrative,78898.61,91491.18475988701,1,1
COUNTRY_BRUNEI_DARUSSALAM,Brunei Darussalam,ALL,Industrial and Technical Support,"Resources, Fuel & Materials",65164.65,83333.61004672897,1,1
COUNTRY_BULGARIA,Bulgaria,ALL,Core Defence Industrial Complex,Marine & Shipbuilding,23000000,27769117.647058822,1,1
COUNTRY_BULGARIA,Bulgaria,ALL,Core Defence Industrial Complex,Weapons & Military Equipment,3875835,4679500.786764706,1,1
COUNTRY_BULGARIA,Bulgaria,ALL,General Government Support,Administrative,109420.81999999999,132109.54885294117,3,3
COUNTRY_BULGARIA,Bulgaria,ALL,General Government Support,"Resources, Fuel & Materials",295452.52,361492.14269938646,3,2
COUNTRY_BULGARIA,Bulgaria,ALL,Industrial and Technical Support,Administrative,99104.70000000001,119654.35102941176,3,2
COUNTRY_BULGARIA,Bulgaria,ALL,Industrial and Technical Support,Aerospace & Space,267567.9,323048.89102941175,1,1
COUNTRY_BULGARIA,Bulgaria,ALL,Industrial and Technical Support,"R&D, Engineering & Scientific Services",15000,18110.29411764706,1,1
COUNTRY_BULGARIA,Bulgaria,ALL,Industrial and Technical Support,"Resources, Fuel & Materials",707300.63,850965.2812636842,19,6
COUNTRY_BURKINA_FASO,Burkina Faso,ALL,General Government Support,Administrative,72352.46,89057.52572713642,5,1
COUNTRY_BURKINA_FASO,Burkina Faso,ALL,Industrial and Technical Support,"Resources, Fuel & Materials",74045.36,80411.69386243387,1,1
COUNTRY_CABO_VERDE,Cabo Verde,ALL,Core Defence Industrial Complex,Marine & Shipbuilding,18454.74,18454.74,1,1
COUNTRY_CABO_VERDE,Cabo Verde,ALL,General Government Support,Administrative,254634.63,298670.06453212624,16,8
COUNTRY_CABO_VERDE,Cabo Verde,ALL,General Government Support,Communications & Electronics,350235.6,365693.2145814105,2,2
COUNTRY_CABO_VERDE,Cabo Verde,ALL,General Government Support,Construction & Infrastructure,451739.76,514532.6332092899,5,4
COUNTRY_CABO_VERDE,Cabo Verde,ALL,General Government Support,Industrial Equipment & Manufacturing,3098019.47,3239376.4782167664,6,5
COUNTRY_CABO_VERDE,Cabo Verde,ALL,General Government Support,"Resources, Fuel & Materials",898395.9400000001,1010330.4647218608,11,4
COUNTRY_CABO_VERDE,Cabo Verde,ALL,Industrial and Technical Support,Administrative,364332.66,406961.9884297528,12,6
COUNTRY_CABO_VERDE,Cabo Verde,ALL,Industrial and Technical Support,Communications & Electronics,408853.38,417238.81290242384,1,1
COUNTRY_CABO_VERDE,Cabo Verde,ALL,Industrial and Technical Support,Digital Systems & Software,145204.12,147313.97510254817,3,3
COUNTRY_CABO_VERDE,Cabo Verde,ALL,Industrial and Technical Support,Industrial Equipment & Manufacturing,304075.1,317817.51381285803,1,1
COUNTRY_CABO_VERDE,Cabo Verde,ALL,Industrial and Technical Support,Land Systems & Vehicles,56574.58,59131.41970719288,1,1
COUNTRY_CABO_VERDE,Cabo Verde,ALL,Industrial and Technical Support,"R&D, Engineering & Scientific Services",38760.65,47709.88553223388,1,1
COUNTRY_CABO_VERDE,Cabo Verde,ALL,Industrial and Technical Support,"Resources, Fuel & Materials",2354608.35,2648573.3831051933,33,14
COUNTRY_CAMBODIA,Cambodia,ALL,General Government Support,Administrative,33975.66,34209.5030453698,2,2
COUNTRY_CAMBODIA,Cambodia,ALL,General Government Support,Construction & Infrastructure,98208.97,100186.92141529644,3,3
COUNTRY_CAMBODIA,Cambodia,ALL,General Government Support,Industrial Equipment & Manufacturing,60297.19,61795.55292527433,3,3
COUNTRY_CAMBODIA,Cambodia,ALL,Industrial and Technical Support,Administrative,1158063.8900000001,1161306.8328516867,3,2
COUNTRY_CAMBODIA,Cambodia,ALL,Industrial and Technical Support,Industrial Equipment & Manufacturing,24574.11,24574.11,1,1
COUNTRY_CAMBODIA,Cambodia,ALL,Industrial and Technical Support,"Resources, Fuel & Materials",93473.73,102714.06995942068,2,2
COUNTRY_CAMEROON,Cameroon,ALL,General Government Support,Administrative,312246.58,349140.85576172336,6,6
COUNTRY_CAMEROON,Cameroon,ALL,General Government Support,Construction & Infrastructure,97733,113331.62853107344,1,1
COUNTRY_CAMEROON,Cameroon,ALL,General Government Support,Industrial Equipment & Manufacturing,27207.9,29098.87838983051,2,2
COUNTRY_CAMEROON,Cameroon,ALL,General Government Support,"R&D, Engineering & Scientific Services",31993.5,38627.44632352941,1,1
COUNTRY_CAMEROON,Cameroon,ALL,Industrial and Technical Support,Communications & Electronics,1170470,1223368.3895607893,1,1
COUNTRY_CAMEROON,Cameroon,ALL,Industrial and Technical Support,Digital Systems & Software,149623.27,152269.7843793762,2,2
COUNTRY_CAMEROON,Cameroon,ALL,Industrial and Technical Support,"Resources, Fuel & Materials",30767.12,36875.628496350364,2,2
COUNTRY_CANADA,Canada,ALL,Core Defence Industrial Complex,Administrative,81845.63,99184.56105295882,3,3
COUNTRY_CANADA,Canada,ALL,Core Defence Industrial Complex,Aerospace & Space,8670805229.24,9025189072.814554,987,300
COUNTRY_CANADA,Canada,ALL,Core Defence Industrial Complex,Communications & Electronics,27102701.25,30604954.931551147,38,35
COUNTRY_CANADA,Canada,ALL,Core Defence Industrial Complex,Construction & Infrastructure,116546205.38,121030667.85206987,44,36
COUNTRY_CANADA,Canada,ALL,Core Defence Industrial Complex,Digital Systems & Software,1216911.4,1496186.2051900695,5,3
COUNTRY_CANADA,Canada,ALL,Core Defence Industrial Complex,Industrial Equipment & Manufacturing,10828.82,13074.207676470587,1,1
COUNTRY_CANADA,Canada,ALL,Core Defence Industrial Complex,Land Systems & Vehicles,312951001.97,365655198.4077317,1020,504
COUNTRY_CANADA,Canada,ALL,Core Defence Industrial Complex,Marine & Shipbuilding,24424132309.1,26038346382.36491,3626,910
COUNTRY_CANADA,Canada,ALL,Core Defence Industrial Complex,"Resources, Fuel & Materials",48838.72,58965.572235294116,2,2
COUNTRY_CANADA,Canada,ALL,Core Defence Industrial Complex,Weapons & Military Equipment,3053808124.03,3245539671.021476,783,221
COUNTRY_CANADA,Canada,ALL,General Government Support,Administrative,19888056564.34,21400448309.137917,35157,8811
COUNTRY_CANADA,Canada,ALL,General Government Support,Aerospace & Space,5126615.69,6189951.109970434,54,43
COUNTRY_CANADA,Canada,ALL,General Government Support,Communications & Electronics,106821967.92,123388862.41944434,486,306
COUNTRY_CANADA,Canada,ALL,General Government Support,Construction & Infrastructure,3329742575.2,3730849810.4523025,18431,3587
COUNTRY_CANADA,Canada,ALL,General Government Support,Digital Systems & Software,17241228.83,20890670.49776324,23,22
COUNTRY_CANADA,Canada,ALL,General Government Support,Industrial Equipment & Manufacturing,4225480565.94,4704919029.884411,20247,5729
COUNTRY_CANADA,Canada,ALL,General Government Support,Land Systems & Vehicles,506952.32,612070.3745882353,33,6
COUNTRY_CANADA,Canada,ALL,General Government Support,Marine & Shipbuilding,13554579.61,16005774.947439007,273,140
COUNTRY_CANADA,Canada,ALL,General Government Support,"R&D, Engineering & Scientific Services",15219299,17648545.32773301,232,114
COUNTRY_CANADA,Canada,ALL,General Government Support,"Resources, Fuel & Materials",491556595.87,544793636.6670399,3497,814
COUNTRY_CANADA,Canada,ALL,General Government Support,Weapons & Military Equipment,1751338.42,2153786.8373143044,17,14
COUNTRY_CANADA,Canada,ALL,Industrial and Technical Support,Administrative,2198385401.3,2510441559.918545,9977,2429
COUNTRY_CANADA,Canada,ALL,Industrial and Technical Support,Aerospace & Space,1279355154.97,1567787591.237224,1757,206
COUNTRY_CANADA,Canada,ALL,Industrial and Technical Support,Communications & Electronics,2794052645.15,3090794259.000813,3975,1293
COUNTRY_CANADA,Canada,ALL,Industrial and Technical Support,Construction & Infrastructure,1340458014.55,1528613936.2533917,1603,673
COUNTRY_CANADA,Canada,ALL,Industrial and Technical Support,Digital Systems & Software,2882954565.01,3157517250.389832,9946,1792
COUNTRY_CANADA,Canada,ALL,Industrial and Technical Support,Industrial Equipment & Manufacturing,82451490.88,91700903.3446635,1074,659
COUNTRY_CANADA,Canada,ALL,Industrial and Technical Support,Land Systems & Vehicles,3156435197.9,3739172856.391254,4490,1116
COUNTRY_CANADA,Canada,ALL,Industrial and Technical Support,Marine & Shipbuilding,134383836.84,155855759.50701442,41,36
COUNTRY_CANADA,Canada,ALL,Industrial and Technical Support,"R&D, Engineering & Scientific Services",14712515101.69,16139227541.774462,7158,2583
COUNTRY_CANADA,Canada,ALL,Industrial and Technical Support,"Resources, Fuel & Materials",1526655527.73,1698697392.687734,19733,1801
COUNTRY_CANADA,Canada,ALL,Industrial and Technical Support,Weapons & Military Equipment,10296072.83,12576076.85953871,31,21
COUNTRY_CAYMAN_ISLANDS,Cayman Islands,ALL,Core Defence Industrial Complex,Aerospace & Space,17905.18,18272.408676196395,1,1
COUNTRY_CAYMAN_ISLANDS,Cayman Islands,ALL,Core Defence Industrial Complex,Marine & Shipbuilding,18090.42,18461.44788067122,1,1
COUNTRY_CAYMAN_ISLANDS,Cayman Islands,ALL,General Government Support,Administrative,601674.89,623060.0045322499,7,7
COUNTRY_CAYMAN_ISLANDS,Cayman Islands,ALL,General Government Support,Industrial Equipment & Manufacturing,385025.27999999997,385025.27999999997,2,2
COUNTRY_CAYMAN_ISLANDS,Cayman Islands,ALL,Industrial and Technical Support,Digital Systems & Software,331380,334776.4411764706,2,2
COUNTRY_CAYMAN_ISLANDS,Cayman Islands,ALL,Industrial and Technical Support,"R&D, Engineering & Scientific Services",465914.68000000005,560232.8046034665,3,3
COUNTRY_CAYMAN_ISLANDS,Cayman Islands,ALL,Industrial and Technical Support,"Resources, Fuel & Materials",124345.43,135610.0197451274,2,2
COUNTRY_CENTRAL_AFRICAN_REPUBLIC,Central African Republic,ALL,General Government Support,Administrative,10446.07,12113.309985875705,1,1
COUNTRY_CENTRAL_AFRICAN_REPUBLIC,Central African Republic,ALL,General Government Support,Industrial Equipment & Manufacturing,21850,26188.102189781024,1,1
COUNTRY_CENTRAL_AFRICAN_REPUBLIC,Central African Republic,ALL,Industrial and Technical Support,"Resources, Fuel & Materials",28214.16,28792.82207582349,1,1
COUNTRY_CHAD,Chad,ALL,General Government Support,Administrative,26543.86,32672.427376311844,1,1
COUNTRY_CHAD,Chad,ALL,General Government Support,Industrial Equipment & Manufacturing,14480.39,18233.742622699385,1,1
COUNTRY_CHILE,Chile,ALL,General Government Support,Administrative,270989.24,314027.84156128,7,5
COUNTRY_CHILE,Chile,ALL,General Government Support,"Resources, Fuel & Materials",1138997.37,1138997.37,3,1
COUNTRY_CHILE,Chile,ALL,Industrial and Technical Support,Administrative,734228.86,734228.86,3,1
COUNTRY_CHILE,Chile,ALL,Industrial and Technical Support,"Resources, Fuel & Materials",243312.82,300626.89973289426,5,2
COUNTRY_CHINA,China,ALL,General Government Support,Administrative,407312.05,515744.43829694,9,6
COUNTRY_CHINA,China,ALL,General Government Support,Industrial Equipment & Manufacturing,667924.92,822780.7196324538,4,4
COUNTRY_CHINA,China,ALL,General Government Support,"Resources, Fuel & Materials",662863.82,826618.7135867034,2,2
COUNTRY_CHINA,China,ALL,Industrial and Technical Support,Administrative,756828.74,939491.650240133,6,3
COUNTRY_CHINA,China,ALL,Industrial and Technical Support,Digital Systems & Software,311231.29,376348.1951328204,5,4
COUNTRY_CHINA,China,ALL,Industrial and Technical Support,Land Systems & Vehicles,10185,12207.131386861314,1,1
COUNTRY_CHINA,China,ALL,Industrial and Technical Support,"Resources, Fuel & Materials",131918.08,165133.4663338145,7,3
COUNTRY_CHINA__HONG_KONG_SPECIAL_ADMINISTRATIVE_REGION,"China, Hong Kong Special Administrative Region",ALL,Industrial and Technical Support,"Resources, Fuel & Materials",75467.96,96509.64978193147,1,1
COUNTRY_COLOMBIA,Colombia,ALL,Core Defence Industrial Complex,Land Systems & Vehicles,16165.87,19517.910691176472,1,1
COUNTRY_COLOMBIA,Colombia,ALL,General Government Support,Administrative,2487838.13,2597003.2074291543,27,18
COUNTRY_COLOMBIA,Colombia,ALL,General Government Support,Construction & Infrastructure,40320.57,48681.15877941176,1,1
COUNTRY_COLOMBIA,Colombia,ALL,Industrial and Technical Support,Administrative,11790,14512.128935532233,1,1
COUNTRY_COLOMBIA,Colombia,ALL,Industrial and Technical Support,"Resources, Fuel & Materials",243804.73,263484.29754969827,8,2
COUNTRY_COMOROS,Comoros,ALL,General Government Support,Industrial Equipment & Manufacturing,17344.32,20112.551864406778,1,1
COUNTRY_COSTA_RICA,Costa Rica,ALL,Industrial and Technical Support,Administrative,16226.72,20432.725644171776,1,1
COUNTRY_COSTA_RICA,Costa Rica,ALL,Industrial and Technical Support,"Resources, Fuel & Materials",14813.89,15483.391075747932,1,1
COUNTRY_CROATIA,Croatia,ALL,General Government Support,Administrative,339692.13,386404.06432225544,4,3
COUNTRY_CROATIA,Croatia,ALL,General Government Support,"Resources, Fuel & Materials",327845.01,373229.63428516476,3,2
COUNTRY_CROATIA,Croatia,ALL,Industrial and Technical Support,Administrative,826018.0800000001,1037025.6614428004,4,1
COUNTRY_CROATIA,Croatia,ALL,Industrial and Technical Support,"Resources, Fuel & Materials",2359890.21,2501780.6679150998,54,6
COUNTRY_CUBA,Cuba,ALL,Industrial and Technical Support,"Resources, Fuel & Materials",12508.13,15750.267990797543,1,1
COUNTRY_CYPRUS,Cyprus,ALL,Industrial and Technical Support,Administrative,29537.75,35662.48933823529,1,1
COUNTRY_CYPRUS,Cyprus,ALL,Industrial and Technical Support,"Resources, Fuel & Materials",425078.33,517681.8700480862,16,3
COUNTRY_CZECHIA,Czechia,ALL,General Government Support,Administrative,1046750.01,1288428.4231034482,3,2
COUNTRY_CZECHIA,Czechia,ALL,General Government Support,Industrial Equipment & Manufacturing,260392.37,319951.1684753678,4,4
COUNTRY_CZECHIA,Czechia,ALL,Industrial and Technical Support,"Resources, Fuel & Materials",1990533.48,2442222.1338634617,42,6
COUNTRY_DEMOCRATIC_PEOPLE_S_REPUBLIC_OF_KOREA,Democratic People's Republic of Korea,ALL,General Government Support,Communications & Electronics,64572.8,77962.16,1,1
COUNTRY_DEMOCRATIC_PEOPLE_S_REPUBLIC_OF_KOREA,Democratic People's Republic of Korea,ALL,Industrial and Technical Support,Administrative,262070.37,316411.43201470585,2,1
COUNTRY_DEMOCRATIC_PEOPLE_S_REPUBLIC_OF_KOREA,Democratic People's Republic of Korea,ALL,Industrial and Technical Support,"Resources, Fuel & Materials",508201.51,618411.0406955972,3,2
COUNTRY_DENMARK,Denmark,ALL,Core Defence Industrial Complex,Communications & Electronics,2669767.8,2790425.670019096,1,1
COUNTRY_DENMARK,Denmark,ALL,Core Defence Industrial Complex,Marine & Shipbuilding,88228.16,86335.303170441,2,2
COUNTRY_DENMARK,Denmark,ALL,General Government Support,Administrative,911981.73,1079898.98615809,6,3
COUNTRY_DENMARK,Denmark,ALL,General Government Support,Communications & Electronics,235068.55,256140.91970573133,3,2
COUNTRY_DENMARK,Denmark,ALL,General Government Support,Industrial Equipment & Manufacturing,462628.54,485761.59248100844,4,3
COUNTRY_DENMARK,Denmark,ALL,General Government Support,"Resources, Fuel & Materials",939286.4,1132987.5382464912,4,2
COUNTRY_DENMARK,Denmark,ALL,Industrial and Technical Support,Administrative,487173.98,597743.3052078622,4,2
COUNTRY_DENMARK,Denmark,ALL,Industrial and Technical Support,Communications & Electronics,733321.26,770113.7224585019,4,3
COUNTRY_DENMARK,Denmark,ALL,Industrial and Technical Support,Digital Systems & Software,265039.53,265039.53,1,1
COUNTRY_DENMARK,Denmark,ALL,Industrial and Technical Support,"R&D, Engineering & Scientific Services",14500,17847.82608695652,1,1
COUNTRY_DENMARK,Denmark,ALL,Industrial and Technical Support,"Resources, Fuel & Materials",2294024.28,2512315.1108094393,43,6
COUNTRY_DJIBOUTI,Djibouti,ALL,Industrial and Technical Support,"Resources, Fuel & Materials",894057.04,934463.1824824953,4,1
COUNTRY_DOMINICA,Dominica,ALL,Industrial and Technical Support,"Resources, Fuel & Materials",100243.65,102299.61050341825,1,1
COUNTRY_DOMINICAN_REPUBLIC,Dominican Republic,ALL,Industrial and Technical Support,"Resources, Fuel & Materials",449618.25,470449.29593195353,8,3
COUNTRY_ECUADOR,Ecuador,ALL,General Government Support,Administrative,300789.91,345710.44395682565,11,9
COUNTRY_ECUADOR,Ecuador,ALL,General Government Support,Construction & Infrastructure,42000,50708.82352941176,1,1
COUNTRY_ECUADOR,Ecuador,ALL,Industrial and Technical Support,"Resources, Fuel & Materials",154515.07,166912.4999622573,3,2
COUNTRY_EGYPT,Egypt,ALL,General Government Support,Administrative,50733.33,62045.80175324746,3,2
COUNTRY_EGYPT,Egypt,ALL,General Government Support,"Resources, Fuel & Materials",320867.6,320867.6,1,1
COUNTRY_EGYPT,Egypt,ALL,Industrial and Technical Support,Administrative,633754.87,642944.0054551242,3,3
COUNTRY_EGYPT,Egypt,ALL,Industrial and Technical Support,"Resources, Fuel & Materials",527968.19,600592.4197121275,22,8
COUNTRY_EL_SALVADOR,El Salvador,ALL,General Government Support,Construction & Infrastructure,73688.95,88968.57051470588,1,1
COUNTRY_EL_SALVADOR,El Salvador,ALL,Industrial and Technical Support,"Resources, Fuel & Materials",60222.93,66649.37371101775,3,2
COUNTRY_ESTONIA,Estonia,ALL,General Government Support,Administrative,17556.53,21196.92813235294,1,1
COUNTRY_ESTONIA,Estonia,ALL,Industrial and Technical Support,Administrative,69737.56,75733.51423280424,1,1
COUNTRY_ESTONIA,Estonia,ALL,Industrial and Technical Support,"Resources, Fuel & Materials",175147.16,215950.99691598825,8,5
COUNTRY_ESWATINI,Eswatini,ALL,Industrial and Technical Support,"Resources, Fuel & Materials",26462.67,31949.78245588235,1,1
COUNTRY_ETHIOPIA,Ethiopia,ALL,Industrial and Technical Support,"Resources, Fuel & Materials",36261.479999999996,44423.79024106616,2,2
COUNTRY_FIJI,Fiji,ALL,General Government Support,Administrative,10355.55,13039.733972392636,1,1
COUNTRY_FIJI,Fiji,ALL,General Government Support,"Resources, Fuel & Materials",361749.12,445271.40557721135,1,1
COUNTRY_FIJI,Fiji,ALL,Industrial and Technical Support,Administrative,85857.6,105680.79400299849,2,1
COUNTRY_FIJI,Fiji,ALL,Industrial and Technical Support,Aerospace & Space,340015.84,418520.24683658173,1,1
COUNTRY_FIJI,Fiji,ALL,Industrial and Technical Support,"Resources, Fuel & Materials",1061828.71,1154884.925922475,13,5
COUNTRY_FINLAND,Finland,ALL,Core Defence Industrial Complex,Land Systems & Vehicles,41597.96,42451.118906152886,1,1
COUNTRY_FINLAND,Finland,ALL,General Government Support,Administrative,46441.5,47414.30394653087,2,2
COUNTRY_FINLAND,Finland,ALL,General Government Support,Communications & Electronics,181636.2,219299.00029411764,2,1
COUNTRY_FINLAND,Finland,ALL,General Government Support,Industrial Equipment & Manufacturing,2406069.0300000003,2632166.3925603097,8,3
COUNTRY_FINLAND,Finland,ALL,General Government Support,"R&D, Engineering & Scientific Services",24156.76,29165.735235294112,1,1
COUNTRY_FINLAND,Finland,ALL,Industrial and Technical Support,Administrative,112546.57,138688.2191380149,2,2
COUNTRY_FINLAND,Finland,ALL,Industrial and Technical Support,Communications & Electronics,31462.2,37985.97970588235,1,1
COUNTRY_FINLAND,Finland,ALL,Industrial and Technical Support,Digital Systems & Software,77122.76999999999,83604.39213653932,2,2
COUNTRY_FINLAND,Finland,ALL,Industrial and Technical Support,"R&D, Engineering & Scientific Services",2267444.9,2272255.9425510485,3,3
COUNTRY_FINLAND,Finland,ALL,Industrial and Technical Support,"Resources, Fuel & Materials",2153563.95,2293231.766677886,53,8
COUNTRY_FRANCE,France,ALL,General Government Support,Administrative,1690587.93,1909647.158590479,30,14
COUNTRY_FRANCE,France,ALL,General Government Support,Communications & Electronics,1897129.4,2290504.7608823525,1,1
COUNTRY_FRANCE,France,ALL,General Government Support,Construction & Infrastructure,18483.25,21433.26024011299,1,1
COUNTRY_FRANCE,France,ALL,General Government Support,Industrial Equipment & Manufacturing,17099310.33,20625902.055840738,34,17
COUNTRY_FRANCE,France,ALL,General Government Support,"Resources, Fuel & Materials",88942,107384.38529411764,1,1
COUNTRY_FRANCE,France,ALL,Industrial and Technical Support,Administrative,843641.14,1033665.6172416939,10,6
COUNTRY_FRANCE,France,ALL,Industrial and Technical Support,Communications & Electronics,1229239.1300000001,1510521.1100465315,2,2
COUNTRY_FRANCE,France,ALL,Industrial and Technical Support,Digital Systems & Software,1253424.65,1316918.3350376305,3,2
COUNTRY_FRANCE,France,ALL,Industrial and Technical Support,Land Systems & Vehicles,395546.81000000006,395971.90353014297,2,2
COUNTRY_FRANCE,France,ALL,Industrial and Technical Support,"R&D, Engineering & Scientific Services",1027118.11,1119720.8956161484,6,6
COUNTRY_FRANCE,France,ALL,Industrial and Technical Support,"Resources, Fuel & Materials",10510318.75,12038515.335966537,243,27
COUNTRY_GEORGIA,Georgia,ALL,Core Defence Industrial Complex,Marine & Shipbuilding,13484.75,13195.446662693681,1,1
COUNTRY_GEORGIA,Georgia,ALL,General Government Support,Administrative,477689.66,535802.0806098308,10,9
COUNTRY_GEORGIA,Georgia,ALL,Industrial and Technical Support,"Resources, Fuel & Materials",63634.990000000005,80894.3840244252,2,2
COUNTRY_GERMANY,Germany,ALL,Core Defence Industrial Complex,Land Systems & Vehicles,1621466247.07,1679269172.824761,24,13
COUNTRY_GERMANY,Germany,ALL,Core Defence Industrial Complex,Marine & Shipbuilding,401429.39,456383.24521405925,14,12
COUNTRY_GERMANY,Germany,ALL,Core Defence Industrial Complex,Weapons & Military Equipment,61690315.28,67087985.94836647,10,7
COUNTRY_GERMANY,Germany,ALL,General Government Support,Administrative,14220479.06,15588168.866635256,168,41
COUNTRY_GERMANY,Germany,ALL,General Government Support,Communications & Electronics,11328.38,13677.352911764705,1,1
COUNTRY_GERMANY,Germany,ALL,General Government Support,Construction & Infrastructure,1347913.77,1523910.8632424914,43,18
COUNTRY_GERMANY,Germany,ALL,General Government Support,Industrial Equipment & Manufacturing,1038406790.9,1066784188.2498494,55,41
COUNTRY_GERMANY,Germany,ALL,General Government Support,"Resources, Fuel & Materials",173059.34,209831.09212851906,4,3
COUNTRY_GERMANY,Germany,ALL,Industrial and Technical Support,Administrative,1206464.02,1425390.4158610224,22,11
COUNTRY_GERMANY,Germany,ALL,Industrial and Technical Support,Communications & Electronics,453208.86,470534.7672728581,14,8
COUNTRY_GERMANY,Germany,ALL,Industrial and Technical Support,Digital Systems & Software,1911974.92,1978134.272284145,18,11
COUNTRY_GERMANY,Germany,ALL,Industrial and Technical Support,Industrial Equipment & Manufacturing,28940.63,35622.57455772114,1,1
COUNTRY_GERMANY,Germany,ALL,Industrial and Technical Support,Land Systems & Vehicles,251717490.97,290653550.7425243,213,38
COUNTRY_GERMANY,Germany,ALL,Industrial and Technical Support,"R&D, Engineering & Scientific Services",7646625.55,9258029.692420172,15,14
COUNTRY_GERMANY,Germany,ALL,Industrial and Technical Support,"Resources, Fuel & Materials",10025250.79,12239267.679422185,203,22
COUNTRY_GERMANY,Germany,ALL,Industrial and Technical Support,Weapons & Military Equipment,5769476.53,7056129.436717104,5,3
COUNTRY_GHANA,Ghana,ALL,General Government Support,Construction & Infrastructure,15360,18906.3868065967,1,1
COUNTRY_GHANA,Ghana,ALL,General Government Support,"Resources, Fuel & Materials",699045.14,800854.10980671,8,3
COUNTRY_GHANA,Ghana,ALL,Industrial and Technical Support,Administrative,564085.04,649588.0860357783,10,4
COUNTRY_GHANA,Ghana,ALL,Industrial and Technical Support,"R&D, Engineering & Scientific Services",37000,44345.98540145985,2,2
COUNTRY_GHANA,Ghana,ALL,Industrial and Technical Support,"Resources, Fuel & Materials",533734.26,604765.9882731101,18,8
COUNTRY_GIBRALTAR,Gibraltar,ALL,Core Defence Industrial Complex,Marine & Shipbuilding,228750.91,281565.9626836582,3,3
COUNTRY_GIBRALTAR,Gibraltar,ALL,Industrial and Technical Support,"Resources, Fuel & Materials",91662.23999999999,96404.62051017847,3,3
COUNTRY_GREECE,Greece,ALL,Core Defence Industrial Complex,Weapons & Military Equipment,2898129.2,3473524.194452555,1,1
COUNTRY_GREECE,Greece,ALL,General Government Support,Administrative,1474118.8,1694717.3581575996,14,7
COUNTRY_GREECE,Greece,ALL,General Government Support,Construction & Infrastructure,16003.8,16727.07803946531,1,1
COUNTRY_GREECE,Greece,ALL,General Government Support,Industrial Equipment & Manufacturing,2473000,2523720.3231821004,1,1
COUNTRY_GREECE,Greece,ALL,General Government Support,"Resources, Fuel & Materials",1146399.19,1381103.1522069338,7,5
COUNTRY_GREECE,Greece,ALL,Industrial and Technical Support,Administrative,5985021.3100000005,7225624.385298195,28,5
COUNTRY_GREECE,Greece,ALL,Industrial and Technical Support,Aerospace & Space,644527.97,778172.7402499999,3,1
COUNTRY_GREECE,Greece,ALL,Industrial and Technical Support,Communications & Electronics,15304978,15618877.486637661,1,1
COUNTRY_GREECE,Greece,ALL,Industrial and Technical Support,"Resources, Fuel & Materials",4571766.24,5274570.080348424,130,17
COUNTRY_GREENLAND,Greenland,ALL,Core Defence Industrial Complex,Marine & Shipbuilding,58504.05,72011.73170914542,2,1
COUNTRY_GREENLAND,Greenland,ALL,General Government Support,Administrative,90171.17,92020.5476320696,1,1
COUNTRY_GREENLAND,Greenland,ALL,General Government Support,Aerospace & Space,34530.32,41690.28341176471,2,2
COUNTRY_GREENLAND,Greenland,ALL,General Government Support,Industrial Equipment & Manufacturing,64671.46,73574.77592975897,5,2
COUNTRY_GREENLAND,Greenland,ALL,General Government Support,Marine & Shipbuilding,205665.7,248311.08779411766,1,1
COUNTRY_GREENLAND,Greenland,ALL,General Government Support,"Resources, Fuel & Materials",3542257.3,4027701.55115451,15,6
COUNTRY_GREENLAND,Greenland,ALL,Industrial and Technical Support,Administrative,1510807.5899999999,1662220.1059529828,16,6
COUNTRY_GREENLAND,Greenland,ALL,Industrial and Technical Support,Aerospace & Space,17551.13,21190.40842647059,1,1
COUNTRY_GREENLAND,Greenland,ALL,Industrial and Technical Support,"Resources, Fuel & Materials",38956.89,44165.97198848428,2,2
COUNTRY_GUAM,Guam,ALL,General Government Support,Administrative,575813.92,613861.3397750277,5,3
COUNTRY_GUAM,Guam,ALL,Industrial and Technical Support,Administrative,1423647.11,1591347.3242256893,9,4
COUNTRY_GUAM,Guam,ALL,Industrial and Technical Support,"Resources, Fuel & Materials",1044200.37,1098093.85059253,12,5
COUNTRY_GUATEMALA,Guatemala,ALL,General Government Support,Administrative,183202.22,213915.25653875692,7,7
COUNTRY_GUATEMALA,Guatemala,ALL,General Government Support,"Resources, Fuel & Materials",1188728.87,1435496.719061685,12,6
COUNTRY_GUATEMALA,Guatemala,ALL,Industrial and Technical Support,Administrative,550070.22,681069.9626610545,10,3
COUNTRY_GUATEMALA,Guatemala,ALL,Industrial and Technical Support,Aerospace & Space,125775.45999999999,151855.3715588235,4,2
COUNTRY_GUATEMALA,Guatemala,ALL,Industrial and Technical Support,"Resources, Fuel & Materials",76694.92,89428.28222058823,4,2
COUNTRY_HUNGARY,Hungary,ALL,General Government Support,Administrative,46002.11,46945.596407706646,2,2
COUNTRY_HUNGARY,Hungary,ALL,General Government Support,Industrial Equipment & Manufacturing,68891.18,72004.65789942711,1,1
COUNTRY_HUNGARY,Hungary,ALL,Industrial and Technical Support,"R&D, Engineering & Scientific Services",10181.04,11805.98,1,1
COUNTRY_HUNGARY,Hungary,ALL,Industrial and Technical Support,"Resources, Fuel & Materials",742524.3099999999,827551.4064748479,31,6
COUNTRY_ICELAND,Iceland,ALL,Core Defence Industrial Complex,Marine & Shipbuilding,16126.09,19327.766262773723,1,1
COUNTRY_ICELAND,Iceland,ALL,General Government Support,Administrative,517884.89,622030.1612344609,8,5
COUNTRY_ICELAND,Iceland,ALL,General Government Support,Construction & Infrastructure,552565.17,615662.1952846716,5,4
COUNTRY_ICELAND,Iceland,ALL,General Government Support,Industrial Equipment & Manufacturing,14304.55,15534.438558201058,1,1
COUNTRY_ICELAND,Iceland,ALL,General Government Support,"Resources, Fuel & Materials",890900.61,1103889.1117614582,5,2
COUNTRY_ICELAND,Iceland,ALL,Industrial and Technical Support,Administrative,1166203.78,1417603.3212563212,9,5
COUNTRY_ICELAND,Iceland,ALL,Industrial and Technical Support,"Resources, Fuel & Materials",4474252.9799999995,5004745.235394955,165,16
COUNTRY_INDIA,India,ALL,General Government Support,Administrative,77958.53,95957.95071964017,3,1
COUNTRY_INDIA,India,ALL,General Government Support,Industrial Equipment & Manufacturing,64400,69937.03703703704,1,1
COUNTRY_INDIA,India,ALL,General Government Support,"Resources, Fuel & Materials",310386.03,390838.85065950925,1,1
COUNTRY_INDIA,India,ALL,Industrial and Technical Support,Administrative,141115.69,177693.2231441718,1,1
COUNTRY_INDIA,India,ALL,Industrial and Technical Support,"Resources, Fuel & Materials",433692.37,505751.57033330476,6,4
COUNTRY_INDONESIA,Indonesia,ALL,General Government Support,Administrative,381118.85,393412.5962635264,4,3
COUNTRY_INDONESIA,Indonesia,ALL,General Government Support,"Resources, Fuel & Materials",605940,633324.9395289625,1,1
COUNTRY_INDONESIA,Indonesia,ALL,Industrial and Technical Support,Administrative,1550705.91,1561538.2304519773,4,2
COUNTRY_INDONESIA,Indonesia,ALL,Industrial and Technical Support,"Resources, Fuel & Materials",142951.83,167007.75292100926,9,3
COUNTRY_IRELAND,Ireland,ALL,General Government Support,Administrative,46581.57,57732.65583164706,2,1
COUNTRY_IRELAND,Ireland,ALL,General Government Support,"Resources, Fuel & Materials",1147015.52,1329203.49823467,5,3
COUNTRY_IRELAND,Ireland,ALL,Industrial and Technical Support,Administrative,507496.3,619453.7659956276,7,2
COUNTRY_IRELAND,Ireland,ALL,Industrial and Technical Support,Communications & Electronics,42805.14,53900.33733128834,1,1
COUNTRY_IRELAND,Ireland,ALL,Industrial and Technical Support,Digital Systems & Software,80891.06,84840.30117572233,2,2
COUNTRY_IRELAND,Ireland,ALL,Industrial and Technical Support,Land Systems & Vehicles,1410240,1410240,1,1
COUNTRY_IRELAND,Ireland,ALL,Industrial and Technical Support,"Resources, Fuel & Materials",968397.65,1123293.4851194848,31,12
COUNTRY_ISRAEL,Israel,ALL,Core Defence Industrial Complex,Land Systems & Vehicles,83817.51,102508.85292768362,3,3
COUNTRY_ISRAEL,Israel,ALL,Core Defence Industrial Complex,Marine & Shipbuilding,114176.66999999998,137517.9716607986,2,2
COUNTRY_ISRAEL,Israel,ALL,Core Defence Industrial Complex,Weapons & Military Equipment,47310760,49463765.95751139,2,2
COUNTRY_ISRAEL,Israel,ALL,General Government Support,Administrative,13303578.88,14181452.989587415,21,19
COUNTRY_ISRAEL,Israel,ALL,General Government Support,Aerospace & Space,544167.5,683930.6214139299,2,2
COUNTRY_ISRAEL,Israel,ALL,General Government Support,Communications & Electronics,1171550.74,1336195.4674518905,3,2
COUNTRY_ISRAEL,Israel,ALL,General Government Support,Construction & Infrastructure,228844.58,288161.6567177914,3,1
COUNTRY_ISRAEL,Israel,ALL,General Government Support,Industrial Equipment & Manufacturing,653344.05,755990.2078719704,10,9
COUNTRY_ISRAEL,Israel,ALL,Industrial and Technical Support,Administrative,62965.67,70178.75848159508,3,3
COUNTRY_ISRAEL,Israel,ALL,Industrial and Technical Support,Communications & Electronics,3432199.94,3734546.826938662,4,3
COUNTRY_ISRAEL,Israel,ALL,Industrial and Technical Support,Digital Systems & Software,515975.46,526647.3709715417,4,3
COUNTRY_ISRAEL,Israel,ALL,Industrial and Technical Support,Land Systems & Vehicles,201748.57,250357.07466260597,3,2
COUNTRY_ISRAEL,Israel,ALL,Industrial and Technical Support,"R&D, Engineering & Scientific Services",2541702.45,2603879.798395545,7,5
COUNTRY_ISRAEL,Israel,ALL,Industrial and Technical Support,"Resources, Fuel & Materials",705055.97,784826.1276017881,16,4
COUNTRY_ITALY,Italy,ALL,Core Defence Industrial Complex,Aerospace & Space,12054.21,14553.685897058822,1,1
COUNTRY_ITALY,Italy,ALL,Core Defence Industrial Complex,Land Systems & Vehicles,121415.75,152887.01035276073,1,1
COUNTRY_ITALY,Italy,ALL,General Government Support,Administrative,1755135.33,2142299.70207473,29,18
COUNTRY_ITALY,Italy,ALL,General Government Support,Industrial Equipment & Manufacturing,1474505.26,1536994.207331534,14,11
COUNTRY_ITALY,Italy,ALL,General Government Support,"Resources, Fuel & Materials",1957918.93,2375455.4550097487,11,5
COUNTRY_ITALY,Italy,ALL,Industrial and Technical Support,Administrative,4719333.38,5740411.046303589,32,7
COUNTRY_ITALY,Italy,ALL,Industrial and Technical Support,Aerospace & Space,559086.2,675014.3679411764,5,1
COUNTRY_ITALY,Italy,ALL,Industrial and Technical Support,Communications & Electronics,24300,29338.676470588234,1,1
COUNTRY_ITALY,Italy,ALL,Industrial and Technical Support,Industrial Equipment & Manufacturing,1465225,1769043.713235294,1,1
COUNTRY_ITALY,Italy,ALL,Industrial and Technical Support,Land Systems & Vehicles,8974762,10835705.297058823,1,1
COUNTRY_ITALY,Italy,ALL,Industrial and Technical Support,"R&D, Engineering & Scientific Services",5248150,6336710.546675191,2,2
COUNTRY_ITALY,Italy,ALL,Industrial and Technical Support,"Resources, Fuel & Materials",1600219.3,1885270.678272084,40,12
COUNTRY_IVORY_COAST,Ivory Coast,ALL,General Government Support,Administrative,27099.46,33356.30683658171,1,1
COUNTRY_IVORY_COAST,Ivory Coast,ALL,General Government Support,"Resources, Fuel & Materials",46472.69,56108.93895588235,1,1
COUNTRY_IVORY_COAST,Ivory Coast,ALL,Industrial and Technical Support,Administrative,338257.72,408089.947504006,8,3
COUNTRY_IVORY_COAST,Ivory Coast,ALL,Industrial and Technical Support,"Resources, Fuel & Materials",1513106.84,1619283.0030947076,27,2
COUNTRY_JAMAICA,Jamaica,ALL,General Government Support,Administrative,896107.7899999999,1042559.9622332811,11,6
COUNTRY_JAMAICA,Jamaica,ALL,General Government Support,Construction & Infrastructure,228447.12,264908.31288135593,1,1
COUNTRY_JAMAICA,Jamaica,ALL,General Government Support,Industrial Equipment & Manufacturing,393013.58,458812.5114950978,5,3
COUNTRY_JAMAICA,Jamaica,ALL,General Government Support,"Resources, Fuel & Materials",265646.55,273421.08386211196,3,2
COUNTRY_JAMAICA,Jamaica,ALL,Industrial and Technical Support,Administrative,31465676.8,36497331.02285903,25,7
COUNTRY_JAMAICA,Jamaica,ALL,Industrial and Technical Support,Communications & Electronics,130065.10999999999,138567.03261904762,2,2
COUNTRY_JAMAICA,Jamaica,ALL,Industrial and Technical Support,Construction & Infrastructure,96925.4,117023.16676470586,1,1
COUNTRY_JAMAICA,Jamaica,ALL,Industrial and Technical Support,"R&D, Engineering & Scientific Services",1025758.49,1262590.285292354,9,3
COUNTRY_JAMAICA,Jamaica,ALL,Industrial and Technical Support,"Resources, Fuel & Materials",1468942.28,1681844.885547663,45,11
COUNTRY_JAPAN,Japan,ALL,General Government Support,Administrative,2616109.92,2908793.371611208,23,12
COUNTRY_JAPAN,Japan,ALL,General Government Support,Aerospace & Space,68959.11,83257.98427941176,1,1
COUNTRY_JAPAN,Japan,ALL,General Government Support,Construction & Infrastructure,1041793.71,1177452.820059326,3,3
COUNTRY_JAPAN,Japan,ALL,General Government Support,Industrial Equipment & Manufacturing,33318.69,39500.032778248926,3,3
COUNTRY_JAPAN,Japan,ALL,General Government Support,Marine & Shipbuilding,7142650.8,8623700.45117647,3,3
COUNTRY_JAPAN,Japan,ALL,General Government Support,"Resources, Fuel & Materials",1267151.25,1595599.9635736197,5,1
COUNTRY_JAPAN,Japan,ALL,Industrial and Technical Support,Administrative,7783582.77,8749552.678749861,30,7
COUNTRY_JAPAN,Japan,ALL,Industrial and Technical Support,Aerospace & Space,149014.6,179913.2155882353,1,1
COUNTRY_JAPAN,Japan,ALL,Industrial and Technical Support,Communications & Electronics,29777.38,35951.807323529414,1,1
COUNTRY_JAPAN,Japan,ALL,Industrial and Technical Support,Digital Systems & Software,4354925.54,4355540.769688097,2,2
COUNTRY_JAPAN,Japan,ALL,Industrial and Technical Support,Industrial Equipment & Manufacturing,13733.77,16904.685412293853,1,1
COUNTRY_JAPAN,Japan,ALL,Industrial and Technical Support,"R&D, Engineering & Scientific Services",27183.07,27183.07,1,1
COUNTRY_JAPAN,Japan,ALL,Industrial and Technical Support,"Resources, Fuel & Materials",1107725.06,1289268.4980747,13,7
COUNTRY_JORDAN,Jordan,ALL,Industrial and Technical Support,Land Systems & Vehicles,133093.38,159517.75909489053,1,1
COUNTRY_KENYA,Kenya,ALL,Industrial and Technical Support,"Resources, Fuel & Materials",45457.35,55519.342220498016,4,3
COUNTRY_KIRIBATI,Kiribati,ALL,Industrial and Technical Support,"Resources, Fuel & Materials",146292.26,162957.1264167916,4,3
COUNTRY_KOSOVO,Kosovo,ALL,Industrial and Technical Support,"Resources, Fuel & Materials",216887.12,225335.27884736483,5,3
COUNTRY_LATVIA,Latvia,ALL,General Government Support,Administrative,674435.94,849251.3907055215,5,5
COUNTRY_LATVIA,Latvia,ALL,General Government Support,Construction & Infrastructure,650906.5,821259.8291692946,3,3
COUNTRY_LATVIA,Latvia,ALL,General Government Support,Industrial Equipment & Manufacturing,30318.4,38177.003680981594,2,1
COUNTRY_LATVIA,Latvia,ALL,General Government Support,"R&D, Engineering & Scientific Services",96200,121135.27607361962,1,1
COUNTRY_LATVIA,Latvia,ALL,Industrial and Technical Support,Administrative,294647.28,371020.5780368098,4,4
COUNTRY_LATVIA,Latvia,ALL,Industrial and Technical Support,"Resources, Fuel & Materials",606114.85,748347.5972480676,27,4
COUNTRY_LIBERIA,Liberia,ALL,General Government Support,Administrative,32647.53,41750.190233644855,1,1
COUNTRY_LIBERIA,Liberia,ALL,Industrial and Technical Support,Administrative,267334.26,333094.72947802173,3,1
COUNTRY_LIBERIA,Liberia,ALL,Industrial and Technical Support,"Resources, Fuel & Materials",82954,106082.91900311525,2,1
COUNTRY_LITHUANIA,Lithuania,ALL,General Government Support,"Resources, Fuel & Materials",40095,46494.34322033898,1,1
COUNTRY_LITHUANIA,Lithuania,ALL,Industrial and Technical Support,Administrative,389232.99,412490.204467688,3,3
COUNTRY_LITHUANIA,Lithuania,ALL,Industrial and Technical Support,"Resources, Fuel & Materials",417408.48,498302.1124310221,9,6
COUNTRY_LUXEMBOURG,Luxembourg,ALL,Core Defence Industrial Complex,Land Systems & Vehicles,1470660,1775605.6764705882,1,1
COUNTRY_LUXEMBOURG,Luxembourg,ALL,Core Defence Industrial Complex,Weapons & Military Equipment,13219.9,15961.085147058822,1,1
COUNTRY_LUXEMBOURG,Luxembourg,ALL,General Government Support,Communications & Electronics,36835.9,39974.06226692697,3,1
COUNTRY_LUXEMBOURG,Luxembourg,ALL,General Government Support,Industrial Equipment & Manufacturing,0,0,1,1
COUNTRY_MADAGASCAR,Madagascar,ALL,General Government Support,Administrative,15420.81,19720.381635514015,1,1
COUNTRY_MADAGASCAR,Madagascar,ALL,Industrial and Technical Support,"Resources, Fuel & Materials",83288.28,106510.40168224298,1,1
COUNTRY_MALAYSIA,Malaysia,ALL,General Government Support,Administrative,163969.99000000002,171643.89897239266,2,2
COUNTRY_MALAYSIA,Malaysia,ALL,General Government Support,Industrial Equipment & Manufacturing,500080.4,615541.2419790105,1,1
COUNTRY_MALAYSIA,Malaysia,ALL,General Government Support,"Resources, Fuel & Materials",431064.4,542797.3503067484,2,1
COUNTRY_MALAYSIA,Malaysia,ALL,Industrial and Technical Support,Administrative,972344.03,1118724.3574511954,5,3
COUNTRY_MALAYSIA,Malaysia,ALL,Industrial and Technical Support,Communications & Electronics,114000,140320.8395802099,1,1
COUNTRY_MALAYSIA,Malaysia,ALL,Industrial and Technical Support,"Resources, Fuel & Materials",474031.9,511799.6105693754,15,3
COUNTRY_MALDIVES,Maldives,ALL,Industrial and Technical Support,"Resources, Fuel & Materials",80645.63,85899.87504266316,2,2
COUNTRY_MALI,Mali,ALL,General Government Support,Administrative,859659.45,1030377.2869911477,7,5
COUNTRY_MALI,Mali,ALL,General Government Support,Construction & Infrastructure,395000,486199.40029985004,1,1
COUNTRY_MALTA,Malta,ALL,General Government Support,Administrative,38435.06,40172.0996308084,1,1
COUNTRY_MALTA,Malta,ALL,General Government Support,"Resources, Fuel & Materials",313074,327223.1113940166,1,1
COUNTRY_MALTA,Malta,ALL,Industrial and Technical Support,Administrative,196569.08,205452.85127943984,1,1
COUNTRY_MALTA,Malta,ALL,Industrial and Technical Support,"Resources, Fuel & Materials",27066.79,27621.919937849594,1,1
COUNTRY_MARSHALL_ISLANDS,Marshall Islands,ALL,Industrial and Technical Support,"Resources, Fuel & Materials",24123.52,29693.26824587706,1,1
COUNTRY_MEXICO,Mexico,ALL,General Government Support,Administrative,429579.3,474453.135395165,9,7
COUNTRY_MEXICO,Mexico,ALL,General Government Support,Aerospace & Space,162020.64,195616.09623529413,1,1
COUNTRY_MEXICO,Mexico,ALL,General Government Support,Marine & Shipbuilding,39884.08,48154.16129411765,1,1
COUNTRY_MEXICO,Mexico,ALL,General Government Support,"Resources, Fuel & Materials",1365144.97,1567649.3402318922,11,4
COUNTRY_MEXICO,Mexico,ALL,Industrial and Technical Support,Administrative,1012095.6699999999,1138254.0138190035,19,8
COUNTRY_MEXICO,Mexico,ALL,Industrial and Technical Support,Aerospace & Space,12724.35,15362.781397058823,1,1
COUNTRY_MEXICO,Mexico,ALL,Industrial and Technical Support,Land Systems & Vehicles,2868535,3326366.1511299433,1,1
COUNTRY_MEXICO,Mexico,ALL,Industrial and Technical Support,Marine & Shipbuilding,39431.3,47607.49602941176,1,1
COUNTRY_MEXICO,Mexico,ALL,Industrial and Technical Support,"Resources, Fuel & Materials",948948.69,1041016.2062696364,7,6
COUNTRY_MONGOLIA,Mongolia,ALL,General Government Support,Administrative,90413.08,101239.0061340271,3,3
COUNTRY_MONTENEGRO,Montenegro,ALL,General Government Support,Administrative,45620.66,56153.76590704648,1,1
COUNTRY_MOROCCO,Morocco,ALL,General Government Support,Administrative,55180.229999999996,57389.184497354494,2,2
COUNTRY_MOROCCO,Morocco,ALL,General Government Support,Construction & Infrastructure,27181.58,33457.38707646177,1,1
COUNTRY_MOROCCO,Morocco,ALL,General Government Support,"Resources, Fuel & Materials",229359.92,276918.374,4,1
COUNTRY_MOROCCO,Morocco,ALL,Industrial and Technical Support,Administrative,56487.270000000004,68200.07157352942,2,1
COUNTRY_MOROCCO,Morocco,ALL,Industrial and Technical Support,"Resources, Fuel & Materials",141480.65,144382.36625233063,3,1
COUNTRY_NAMIBIA,Namibia,ALL,Industrial and Technical Support,"Resources, Fuel & Materials",35518.01,38571.80715608466,1,1
COUNTRY_NEPAL,Nepal,ALL,Industrial and Technical Support,"Resources, Fuel & Materials",20152.37,23368.77933615819,1,1
COUNTRY_NETHERLANDS,Netherlands,ALL,Core Defence Industrial Complex,Marine & Shipbuilding,880427.09,1055845.74171692,3,3
COUNTRY_NETHERLANDS,Netherlands,ALL,Core Defence Industrial Complex,Weapons & Military Equipment,10462291,10462291,1,1
COUNTRY_NETHERLANDS,Netherlands,ALL,General Government Support,Administrative,627883.5700000001,750265.2993257896,13,8
COUNTRY_NETHERLANDS,Netherlands,ALL,General Government Support,Communications & Electronics,384219.97,384219.97,1,1
COUNTRY_NETHERLANDS,Netherlands,ALL,General Government Support,Industrial Equipment & Manufacturing,4105166.42,4926812.178116233,17,13
COUNTRY_NETHERLANDS,Netherlands,ALL,General Government Support,Marine & Shipbuilding,517675.5,637198.7788605697,1,1
COUNTRY_NETHERLANDS,Netherlands,ALL,General Government Support,"Resources, Fuel & Materials",349505.17,371139.48082554515,2,2
COUNTRY_NETHERLANDS,Netherlands,ALL,Industrial and Technical Support,Administrative,297036.26,332479.20574291144,4,4
COUNTRY_NETHERLANDS,Netherlands,ALL,Industrial and Technical Support,Aerospace & Space,60458.02,72994.16826470588,1,1
COUNTRY_NETHERLANDS,Netherlands,ALL,Industrial and Technical Support,Communications & Electronics,696322.87,784109.5000790192,6,5
COUNTRY_NETHERLANDS,Netherlands,ALL,Industrial and Technical Support,Digital Systems & Software,245734.4,254641.99587767426,2,2
COUNTRY_NETHERLANDS,Netherlands,ALL,Industrial and Technical Support,"R&D, Engineering & Scientific Services",135250,166477.1364317841,2,2
COUNTRY_NETHERLANDS,Netherlands,ALL,Industrial and Technical Support,"Resources, Fuel & Materials",1317554.62,1474882.7119196395,20,8
COUNTRY_NEW_CALEDONIA,New Caledonia,ALL,Industrial and Technical Support,"Resources, Fuel & Materials",951145.61,1021521.363483445,7,3
COUNTRY_NEW_ZEALAND,New Zealand,ALL,General Government Support,Administrative,26726.42,34178.17884735202,1,1
COUNTRY_NEW_ZEALAND,New Zealand,ALL,Industrial and Technical Support,Administrative,334304.18,395469.41559374833,4,2
COUNTRY_NEW_ZEALAND,New Zealand,ALL,Industrial and Technical Support,Industrial Equipment & Manufacturing,17425.33,21448.569610194903,1,1
COUNTRY_NEW_ZEALAND,New Zealand,ALL,Industrial and Technical Support,"Resources, Fuel & Materials",231664.47999999998,281697.98654440115,6,3
COUNTRY_NIGER,Niger,ALL,General Government Support,Administrative,208429.35,256675.36040610314,11,2
COUNTRY_NIGER,Niger,ALL,Industrial and Technical Support,"Resources, Fuel & Materials",309152.53,374092.6545094864,14,8
COUNTRY_NIGERIA,Nigeria,ALL,General Government Support,Administrative,70171.65,86373.20037481259,3,2
COUNTRY_NIGERIA,Nigeria,ALL,Industrial and Technical Support,Administrative,172111.57,193414.11424317604,4,3
COUNTRY_NIGERIA,Nigeria,ALL,Industrial and Technical Support,"Resources, Fuel & Materials",65319.24,76168.94752536429,2,2
COUNTRY_NORTHERN_MARIANA_ISLANDS,Northern Mariana Islands,ALL,Industrial and Technical Support,"Resources, Fuel & Materials",41353.25,43222.17472947168,3,1
COUNTRY_NORTH_MACEDONIA,North Macedonia,ALL,General Government Support,Administrative,288336.09,315483.1041894611,6,6
COUNTRY_NORTH_MACEDONIA,North Macedonia,ALL,Industrial and Technical Support,"Resources, Fuel & Materials",498767.95,524046.8583975912,19,4
COUNTRY_NORWAY,Norway,ALL,Core Defence Industrial Complex,Aerospace & Space,371639,467968.740797546,1,1
COUNTRY_NORWAY,Norway,ALL,Core Defence Industrial Complex,Marine & Shipbuilding,28715659.92,34021981.72275468,13,10
COUNTRY_NORWAY,Norway,ALL,Core Defence Industrial Complex,Weapons & Military Equipment,40692397.6,42579017.71241117,2,2
COUNTRY_NORWAY,Norway,ALL,General Government Support,Administrative,438725.86,519537.1287679626,7,7
COUNTRY_NORWAY,Norway,ALL,General Government Support,Construction & Infrastructure,114660.62999999999,119079.04225334182,2,2
COUNTRY_NORWAY,Norway,ALL,General Government Support,Industrial Equipment & Manufacturing,3232874.85,4046958.2493985947,6,6
COUNTRY_NORWAY,Norway,ALL,General Government Support,"Resources, Fuel & Materials",1022230.31,1240686.6536911177,7,4
COUNTRY_NORWAY,Norway,ALL,Industrial and Technical Support,Administrative,1429399.83,1704924.7076332674,9,2
COUNTRY_NORWAY,Norway,ALL,Industrial and Technical Support,Communications & Electronics,547230.94,689074.5425460122,1,1
COUNTRY_NORWAY,Norway,ALL,Industrial and Technical Support,Digital Systems & Software,158734.6,195383.96791604196,1,1
COUNTRY_NORWAY,Norway,ALL,Industrial and Technical Support,Land Systems & Vehicles,784869.72,965458.0260434017,3,1
COUNTRY_NORWAY,Norway,ALL,Industrial and Technical Support,"R&D, Engineering & Scientific Services",8292546.5,8362597.502492565,6,6
COUNTRY_NORWAY,Norway,ALL,Industrial and Technical Support,"Resources, Fuel & Materials",1512299.49,1771380.475488649,30,11
COUNTRY_OMAN,Oman,ALL,General Government Support,Administrative,291260.17,326901.32826685655,5,3
COUNTRY_OMAN,Oman,ALL,General Government Support,"Resources, Fuel & Materials",393317.25,411092.88637810317,1,1
COUNTRY_OMAN,Oman,ALL,Industrial and Technical Support,Administrative,657219.66,718879.7544983763,6,4
COUNTRY_OMAN,Oman,ALL,Industrial and Technical Support,"Resources, Fuel & Materials",71187.31,71187.31,1,1
COUNTRY_PAKISTAN,Pakistan,ALL,General Government Support,Administrative,182450.06,198136.9037830688,1,1
COUNTRY_PAKISTAN,Pakistan,ALL,Industrial and Technical Support,"Resources, Fuel & Materials",35025.46,40615.68172316384,1,1
COUNTRY_PANAMA,Panama,ALL,General Government Support,Administrative,40020.06,40020.06,1,1
COUNTRY_PANAMA,Panama,ALL,General Government Support,"Resources, Fuel & Materials",79369.4,79369.4,2,1
COUNTRY_PANAMA,Panama,ALL,Industrial and Technical Support,Administrative,1296883.71,1361680.8963021678,13,5
COUNTRY_PANAMA,Panama,ALL,Industrial and Technical Support,"Resources, Fuel & Materials",262679.48,294215.58011816,8,5
COUNTRY_PAPUA_NEW_GUINEA,Papua New Guinea,ALL,Industrial and Technical Support,"Resources, Fuel & Materials",42013.38,51713.62065967016,1,1
COUNTRY_PERU,Peru,ALL,General Government Support,Administrative,288417.02,301104.33688430744,13,11
COUNTRY_PERU,Peru,ALL,General Government Support,"Resources, Fuel & Materials",119099.53,119099.53,1,1
COUNTRY_PERU,Peru,ALL,Industrial and Technical Support,Administrative,131409.8,131409.8,1,1
COUNTRY_PERU,Peru,ALL,Industrial and Technical Support,"Resources, Fuel & Materials",135197.72,168034.24480568207,4,2
COUNTRY_PHILIPPINES,Philippines,ALL,Core Defence Industrial Complex,Marine & Shipbuilding,15189.36,15500.888203853325,1,1
COUNTRY_PHILIPPINES,Philippines,ALL,General Government Support,Administrative,574948.7,587473.4355607643,9,7
COUNTRY_PHILIPPINES,Philippines,ALL,Industrial and Technical Support,Administrative,1270082.17,1338118.298610662,8,3
COUNTRY_PHILIPPINES,Philippines,ALL,Industrial and Technical Support,"Resources, Fuel & Materials",110920.34,118192.2639968831,5,3
COUNTRY_POLAND,Poland,ALL,Core Defence Industrial Complex,Marine & Shipbuilding,13337.4,13337.4,1,1
COUNTRY_POLAND,Poland,ALL,General Government Support,Administrative,1546322.7,1781215.5843195019,23,18
COUNTRY_POLAND,Poland,ALL,General Government Support,Construction & Infrastructure,3876852.96,4231815.177505437,8,8
COUNTRY_POLAND,Poland,ALL,General Government Support,Industrial Equipment & Manufacturing,185997.47,232587.645289308,5,5
COUNTRY_POLAND,Poland,ALL,General Government Support,"Resources, Fuel & Materials",332523.86,409298.4843478261,2,2
COUNTRY_POLAND,Poland,ALL,Industrial and Technical Support,Administrative,367974.22,423117.9950281767,5,3
COUNTRY_POLAND,Poland,ALL,Industrial and Technical Support,Aerospace & Space,89250,112383.8190184049,1,1
COUNTRY_POLAND,Poland,ALL,Industrial and Technical Support,"Resources, Fuel & Materials",9368034.59,9806579.664868506,190,8
COUNTRY_PORTUGAL,Portugal,ALL,Core Defence Industrial Complex,Marine & Shipbuilding,124078.98,148713.6388029197,1,1
COUNTRY_PORTUGAL,Portugal,ALL,General Government Support,Administrative,215523.78,238417.85673849424,6,5
COUNTRY_PORTUGAL,Portugal,ALL,General Government Support,Construction & Infrastructure,116330.61,116330.61,3,3
COUNTRY_PORTUGAL,Portugal,ALL,General Government Support,"Resources, Fuel & Materials",11607730.28,12439413.07168904,20,7
COUNTRY_PORTUGAL,Portugal,ALL,Industrial and Technical Support,Administrative,1319172.63,1515949.4589610237,24,7
COUNTRY_PORTUGAL,Portugal,ALL,Industrial and Technical Support,"Resources, Fuel & Materials",2754037.17,3009181.9786728104,93,10
COUNTRY_PUERTO_RICO,Puerto Rico,ALL,Industrial and Technical Support,Administrative,441645.02,462415.66373830684,8,2
COUNTRY_PUERTO_RICO,Puerto Rico,ALL,Industrial and Technical Support,"Resources, Fuel & Materials",192652.45,222396.30815611462,4,2
COUNTRY_REPUBLIC_OF_KOREA,Republic of Korea,ALL,General Government Support,Administrative,172777.3,181367.47715817954,3,3
COUNTRY_REPUBLIC_OF_KOREA,Republic of Korea,ALL,General Government Support,Marine & Shipbuilding,388640.53,469226.28695588233,2,1
COUNTRY_REPUBLIC_OF_KOREA,Republic of Korea,ALL,General Government Support,"Resources, Fuel & Materials",317957.16,400372.4361349693,1,1
COUNTRY_REPUBLIC_OF_KOREA,Republic of Korea,ALL,Industrial and Technical Support,Administrative,2822523.4,3250726.249934169,14,6
COUNTRY_REPUBLIC_OF_KOREA,Republic of Korea,ALL,Industrial and Technical Support,"R&D, Engineering & Scientific Services",2614233,2614233,1,1
COUNTRY_REPUBLIC_OF_KOREA,Republic of Korea,ALL,Industrial and Technical Support,"Resources, Fuel & Materials",308802.65,308802.65,2,1
COUNTRY_ROMANIA,Romania,ALL,General Government Support,Administrative,654469.38,802355.4131414462,17,4
COUNTRY_ROMANIA,Romania,ALL,General Government Support,Construction & Infrastructure,830154.56,907914.4391930406,2,2
COUNTRY_ROMANIA,Romania,ALL,General Government Support,Industrial Equipment & Manufacturing,12700,15991.871165644172,1,1
COUNTRY_ROMANIA,Romania,ALL,General Government Support,"Resources, Fuel & Materials",908028.05,1102104.7407727367,5,3
COUNTRY_ROMANIA,Romania,ALL,Industrial and Technical Support,Administrative,370555.26,445911.6607952984,3,1
COUNTRY_ROMANIA,Romania,ALL,Industrial and Technical Support,Aerospace & Space,112587.09,135932.35424999997,1,1
COUNTRY_ROMANIA,Romania,ALL,Industrial and Technical Support,"Resources, Fuel & Materials",13807508.4,17050687.195773374,98,8
COUNTRY_RWANDA,Rwanda,ALL,General Government Support,Administrative,17775,19303.27380952381,1,1
COUNTRY_RWANDA,Rwanda,ALL,General Government Support,Construction & Infrastructure,16603.34,19253.308107344634,1,1
COUNTRY_RWANDA,Rwanda,ALL,Industrial and Technical Support,"Resources, Fuel & Materials",119992.81,130309.65212962964,2,1
COUNTRY_SAINT_LUCIA,Saint Lucia,ALL,Industrial and Technical Support,"Resources, Fuel & Materials",53552.520000000004,65916.96989505248,2,1
COUNTRY_SAINT_VINCENT_AND_THE_GRENADINES,Saint Vincent and the Grenadines,ALL,General Government Support,Administrative,49021.979999999996,59186.831735294116,2,1
COUNTRY_SAINT_VINCENT_AND_THE_GRENADINES,Saint Vincent and the Grenadines,ALL,General Government Support,Construction & Infrastructure,56193.98,67845.96702941177,1,1
COUNTRY_SAINT_VINCENT_AND_THE_GRENADINES,Saint Vincent and the Grenadines,ALL,Industrial and Technical Support,"Resources, Fuel & Materials",324341.75,324341.75,1,1
COUNTRY_SAMOA,Samoa,ALL,Industrial and Technical Support,"Resources, Fuel & Materials",20445.11,23708.241963276836,1,1
COUNTRY_SAUDI_ARABIA,Saudi Arabia,ALL,Industrial and Technical Support,"Resources, Fuel & Materials",10398.22,13093.464141104294,1,1
COUNTRY_SENEGAL,Senegal,ALL,General Government Support,Administrative,1898241.83,2311043.3758787555,32,9
COUNTRY_SENEGAL,Senegal,ALL,General Government Support,Communications & Electronics,41681.69,49957.178817518245,2,2
COUNTRY_SENEGAL,Senegal,ALL,General Government Support,Construction & Infrastructure,209893.94,258355.2095052474,3,1
COUNTRY_SENEGAL,Senegal,ALL,General Government Support,Industrial Equipment & Manufacturing,79111.95,90337.16269261522,3,3
COUNTRY_SENEGAL,Senegal,ALL,General Government Support,"R&D, Engineering & Scientific Services",40000,48294.11764705882,1,1
COUNTRY_SENEGAL,Senegal,ALL,General Government Support,"Resources, Fuel & Materials",129062.82,151517.46685531884,3,2
COUNTRY_SENEGAL,Senegal,ALL,Industrial and Technical Support,Administrative,371926.16000000003,448195.7893135367,17,8
COUNTRY_SENEGAL,Senegal,ALL,Industrial and Technical Support,Communications & Electronics,25500,30787.5,1,1
COUNTRY_SENEGAL,Senegal,ALL,Industrial and Technical Support,"Resources, Fuel & Materials",15533351.15,18503694.1875674,261,13
COUNTRY_SEYCHELLES,Seychelles,ALL,Industrial and Technical Support,Administrative,71041.73,85772.4416617647,1,1
COUNTRY_SIERRA_LEONE,Sierra Leone,ALL,General Government Support,"Resources, Fuel & Materials",32877.59,35704.36691798941,1,1
COUNTRY_SIERRA_LEONE,Sierra Leone,ALL,Industrial and Technical Support,Administrative,112497.86,139017.73123030763,3,1
COUNTRY_SINGAPORE,Singapore,ALL,Core Defence Industrial Complex,Marine & Shipbuilding,510588.4,505035.38562574494,5,1
COUNTRY_SINGAPORE,Singapore,ALL,General Government Support,Administrative,489636.41,527531.483004747,7,5
COUNTRY_SINGAPORE,Singapore,ALL,General Government Support,Construction & Infrastructure,52293,63136.10735294117,1,1
COUNTRY_SINGAPORE,Singapore,ALL,General Government Support,"Resources, Fuel & Materials",740901.31,930051.0084634695,3,2
COUNTRY_SINGAPORE,Singapore,ALL,Industrial and Technical Support,Administrative,3515476.03,3944603.61944281,19,5
COUNTRY_SINGAPORE,Singapore,ALL,Industrial and Technical Support,"Resources, Fuel & Materials",690127.09,758642.3201116974,15,8
COUNTRY_SLOVENIA,Slovenia,ALL,General Government Support,Industrial Equipment & Manufacturing,15745.62,15745.62,1,1
COUNTRY_SLOVENIA,Slovenia,ALL,Industrial and Technical Support,"Resources, Fuel & Materials",438732,458296.51110768755,5,3
COUNTRY_SOUTH_AFRICA,South Africa,ALL,Core Defence Industrial Complex,Marine & Shipbuilding,95377.51,99688.0149077021,1,1
COUNTRY_SOUTH_AFRICA,South Africa,ALL,General Government Support,Communications & Electronics,280973.2,305130.9486772487,1,1
COUNTRY_SOUTH_AFRICA,South Africa,ALL,Industrial and Technical Support,Communications & Electronics,14983.51,18867.27256134969,1,1
COUNTRY_SOUTH_AFRICA,South Africa,ALL,Industrial and Technical Support,"Resources, Fuel & Materials",727711.94,852412.1809614437,14,4
COUNTRY_SPAIN,Spain,ALL,Core Defence Industrial Complex,Aerospace & Space,3922137600,4099395250.9229794,2,2
COUNTRY_SPAIN,Spain,ALL,Core Defence Industrial Complex,Marine & Shipbuilding,226322.12,226322.12,1,1
COUNTRY_SPAIN,Spain,ALL,General Government Support,Administrative,483689.86000000004,577843.2732529329,8,8
COUNTRY_SPAIN,Spain,ALL,General Government Support,Construction & Infrastructure,105324.48,127163.82070588235,1,1
COUNTRY_SPAIN,Spain,ALL,General Government Support,Industrial Equipment & Manufacturing,2902671620.71,3711295184.9724674,11,8
COUNTRY_SPAIN,Spain,ALL,General Government Support,"Resources, Fuel & Materials",201525.36000000002,248612.2926541046,4,2
COUNTRY_SPAIN,Spain,ALL,Industrial and Technical Support,Administrative,1144954.47,1400363.1793282344,16,6
COUNTRY_SPAIN,Spain,ALL,Industrial and Technical Support,Digital Systems & Software,326303.1,401641.4469265367,1,1
COUNTRY_SPAIN,Spain,ALL,Industrial and Technical Support,"R&D, Engineering & Scientific Services",412627300,404439462.04203904,3,3
COUNTRY_SPAIN,Spain,ALL,Industrial and Technical Support,"Resources, Fuel & Materials",3415743.73,3799384.868461976,79,16
COUNTRY_SRI_LANKA,Sri Lanka,ALL,Industrial and Technical Support,Administrative,399707.32999999996,498302.4277190565,3,2
COUNTRY_SWEDEN,Sweden,ALL,Core Defence Industrial Complex,Communications & Electronics,109426516,133121417.01573366,2,2
COUNTRY_SWEDEN,Sweden,ALL,Core Defence Industrial Complex,Land Systems & Vehicles,18500,22771.36431784108,1,1
COUNTRY_SWEDEN,Sweden,ALL,Core Defence Industrial Complex,Marine & Shipbuilding,1388670.97,1435435.073577698,4,3
COUNTRY_SWEDEN,Sweden,ALL,Core Defence Industrial Complex,Weapons & Military Equipment,264143045.67,269795339.35828805,14,7
COUNTRY_SWEDEN,Sweden,ALL,General Government Support,Administrative,5027915.28,5190473.041169139,6,5
COUNTRY_SWEDEN,Sweden,ALL,General Government Support,Communications & Electronics,1813612.4,2189670.2652941174,1,1
COUNTRY_SWEDEN,Sweden,ALL,General Government Support,Industrial Equipment & Manufacturing,11124481.91,13734498.176105276,12,5
COUNTRY_SWEDEN,Sweden,ALL,General Government Support,"Resources, Fuel & Materials",272910.58,320313.80031734135,2,2
COUNTRY_SWEDEN,Sweden,ALL,Industrial and Technical Support,Administrative,304163.54,355655.63529830764,6,4
COUNTRY_SWEDEN,Sweden,ALL,Industrial and Technical Support,Digital Systems & Software,2543510.85,2805355.9917719136,3,3
COUNTRY_SWEDEN,Sweden,ALL,Industrial and Technical Support,Industrial Equipment & Manufacturing,39855.85,50186.584125766865,1,1
COUNTRY_SWEDEN,Sweden,ALL,Industrial and Technical Support,"R&D, Engineering & Scientific Services",111642.29000000001,111642.29000000001,2,2
COUNTRY_SWEDEN,Sweden,ALL,Industrial and Technical Support,"Resources, Fuel & Materials",632791.08,689441.3803344792,10,6
COUNTRY_SWITZERLAND,Switzerland,ALL,Core Defence Industrial Complex,Marine & Shipbuilding,29691.17,31033.037008274983,1,1
COUNTRY_SWITZERLAND,Switzerland,ALL,Core Defence Industrial Complex,Weapons & Military Equipment,2374761.92,2499612.911408235,4,3
COUNTRY_SWITZERLAND,Switzerland,ALL,General Government Support,Administrative,33341.22,38675.270304411766,2,2
COUNTRY_SWITZERLAND,Switzerland,ALL,General Government Support,Industrial Equipment & Manufacturing,1428875.25,1659918.1361196318,3,3
COUNTRY_SWITZERLAND,Switzerland,ALL,Industrial and Technical Support,Communications & Electronics,1221063.8,1276248.7330362827,1,1
COUNTRY_SWITZERLAND,Switzerland,ALL,Industrial and Technical Support,Digital Systems & Software,153091.12,181127.03777752197,4,3
COUNTRY_SWITZERLAND,Switzerland,ALL,Industrial and Technical Support,Land Systems & Vehicles,163828.2,162657.01830750893,9,3
COUNTRY_SWITZERLAND,Switzerland,ALL,Industrial and Technical Support,"R&D, Engineering & Scientific Services",3678591.33,3914024.608309076,6,5
COUNTRY_SWITZERLAND,Switzerland,ALL,Industrial and Technical Support,"Resources, Fuel & Materials",66723.54,81825.01313120645,3,2
COUNTRY_TAIWAN,Taiwan,ALL,General Government Support,Industrial Equipment & Manufacturing,24507.16,30859.476012269937,1,1
COUNTRY_TAIWAN,Taiwan,ALL,Industrial and Technical Support,Digital Systems & Software,24960.02,31429.71843558282,1,1
COUNTRY_TAIWAN,Taiwan,ALL,Industrial and Technical Support,Industrial Equipment & Manufacturing,118220.74,148863.8459202454,1,1
COUNTRY_THAILAND,Thailand,ALL,General Government Support,Administrative,104057.88,105747.94430987453,4,4
COUNTRY_THAILAND,Thailand,ALL,General Government Support,Industrial Equipment & Manufacturing,1229734.15,1229734.15,2,2
COUNTRY_THAILAND,Thailand,ALL,General Government Support,Marine & Shipbuilding,698525.6,843366.9376470587,1,1
COUNTRY_THAILAND,Thailand,ALL,Industrial and Technical Support,Administrative,673693.01,759540.9077641009,3,2
COUNTRY_TOGO,Togo,ALL,Industrial and Technical Support,Administrative,46625.08,56292.92747058823,2,1
COUNTRY_TRINIDAD_AND_TOBAGO,Trinidad and Tobago,ALL,General Government Support,Administrative,90138.88,94212.62950986632,2,2
COUNTRY_TRINIDAD_AND_TOBAGO,Trinidad and Tobago,ALL,General Government Support,"Resources, Fuel & Materials",60838.68,76608.21515337423,2,1
COUNTRY_TRINIDAD_AND_TOBAGO,Trinidad and Tobago,ALL,Industrial and Technical Support,Administrative,25011,31493.912576687115,1,1
COUNTRY_TRINIDAD_AND_TOBAGO,Trinidad and Tobago,ALL,Industrial and Technical Support,"Resources, Fuel & Materials",108047.16,133859.96626247623,2,2
COUNTRY_TUNISIA,Tunisia,ALL,General Government Support,Administrative,241613.35,263170.1191677708,8,7
COUNTRY_TUNISIA,Tunisia,ALL,General Government Support,"Resources, Fuel & Materials",153115.2,183514.71416058397,1,1
COUNTRY_TUNISIA,Tunisia,ALL,Industrial and Technical Support,Administrative,113614.76,138031.11195289058,2,1
COUNTRY_TUNISIA,Tunisia,ALL,Industrial and Technical Support,"Resources, Fuel & Materials",340358.65,400798.31787980406,5,2
COUNTRY_TURKEY,Turkey,ALL,Core Defence Industrial Complex,Weapons & Military Equipment,1042002,1063373.078931013,1,1
COUNTRY_TURKEY,Turkey,ALL,General Government Support,Administrative,114266.81,114266.81,1,1
COUNTRY_TURKEY,Turkey,ALL,General Government Support,Aerospace & Space,98882.74,119386.36697058823,1,1
COUNTRY_TURKEY,Turkey,ALL,General Government Support,Industrial Equipment & Manufacturing,18946,19330.33099936346,2,1
COUNTRY_TURKEY,Turkey,ALL,General Government Support,"Resources, Fuel & Materials",879636.84,1068545.3825495853,5,3
COUNTRY_TURKEY,Turkey,ALL,Industrial and Technical Support,Administrative,908959.69,1082480.281488121,4,2
COUNTRY_TURKEY,Turkey,ALL,Industrial and Technical Support,Aerospace & Space,324125.65,391334.0568382353,2,1
COUNTRY_TURKS_AND_CAICOS_ISLANDS,Turks and Caicos Islands,ALL,Industrial and Technical Support,"Resources, Fuel & Materials",72183.12,72183.12,1,1
COUNTRY_UGANDA,Uganda,ALL,General Government Support,Construction & Infrastructure,96246.36,100596.13183959262,1,1
COUNTRY_UGANDA,Uganda,ALL,Industrial and Technical Support,"Resources, Fuel & Materials",717420.79,787297.0045960295,28,9
COUNTRY_UKRAINE,Ukraine,ALL,General Government Support,Administrative,10037.91,12836.641915887849,1,1
COUNTRY_UKRAINE,Ukraine,ALL,Industrial and Technical Support,Aerospace & Space,94174.85,113702.28213235294,1,1
COUNTRY_UKRAINE,Ukraine,ALL,Industrial and Technical Support,"Resources, Fuel & Materials",267504.7,328122.6585377634,10,4
COUNTRY_UNITED_ARAB_EMIRATES,United Arab Emirates,ALL,Industrial and Technical Support,Land Systems & Vehicles,620245.7,748855.4701470587,1,1
COUNTRY_UNITED_KINGDOM_OF_GREAT_BRITAIN_AND_NORTHERN_IRELAND,United Kingdom of Great Britain and Northern Ireland,ALL,Core Defence Industrial Complex,Aerospace & Space,116169.18000000001,139750.83353402748,3,3
COUNTRY_UNITED_KINGDOM_OF_GREAT_BRITAIN_AND_NORTHERN_IRELAND,United Kingdom of Great Britain and Northern Ireland,ALL,Core Defence Industrial Complex,Communications & Electronics,363761.5,446220.4413803681,2,2
COUNTRY_UNITED_KINGDOM_OF_GREAT_BRITAIN_AND_NORTHERN_IRELAND,United Kingdom of Great Britain and Northern Ireland,ALL,Core Defence Industrial Complex,Marine & Shipbuilding,6760310.27,7991736.24604926,33,23
COUNTRY_UNITED_KINGDOM_OF_GREAT_BRITAIN_AND_NORTHERN_IRELAND,United Kingdom of Great Britain and Northern Ireland,ALL,Core Defence Industrial Complex,Weapons & Military Equipment,69007486.98,71126908.05484463,20,14
COUNTRY_UNITED_KINGDOM_OF_GREAT_BRITAIN_AND_NORTHERN_IRELAND,United Kingdom of Great Britain and Northern Ireland,ALL,General Government Support,Administrative,67628907.16,75259601.89847167,227,90
COUNTRY_UNITED_KINGDOM_OF_GREAT_BRITAIN_AND_NORTHERN_IRELAND,United Kingdom of Great Britain and Northern Ireland,ALL,General Government Support,Communications & Electronics,11630091.28,12071693.605742645,26,17
COUNTRY_UNITED_KINGDOM_OF_GREAT_BRITAIN_AND_NORTHERN_IRELAND,United Kingdom of Great Britain and Northern Ireland,ALL,General Government Support,Construction & Infrastructure,1595962.07,1768781.050596003,10,8
COUNTRY_UNITED_KINGDOM_OF_GREAT_BRITAIN_AND_NORTHERN_IRELAND,United Kingdom of Great Britain and Northern Ireland,ALL,General Government Support,Industrial Equipment & Manufacturing,79157800.37,88341148.90536898,132,65
COUNTRY_UNITED_KINGDOM_OF_GREAT_BRITAIN_AND_NORTHERN_IRELAND,United Kingdom of Great Britain and Northern Ireland,ALL,General Government Support,Marine & Shipbuilding,25775,30589.458767487908,2,2
COUNTRY_UNITED_KINGDOM_OF_GREAT_BRITAIN_AND_NORTHERN_IRELAND,United Kingdom of Great Britain and Northern Ireland,ALL,General Government Support,"Resources, Fuel & Materials",7219283.84,7558616.857149144,15,11
COUNTRY_UNITED_KINGDOM_OF_GREAT_BRITAIN_AND_NORTHERN_IRELAND,United Kingdom of Great Britain and Northern Ireland,ALL,Industrial and Technical Support,Administrative,6796260.77,8176353.4452781975,53,17
COUNTRY_UNITED_KINGDOM_OF_GREAT_BRITAIN_AND_NORTHERN_IRELAND,United Kingdom of Great Britain and Northern Ireland,ALL,Industrial and Technical Support,Communications & Electronics,26022532.25,27082011.093117855,26,22
COUNTRY_UNITED_KINGDOM_OF_GREAT_BRITAIN_AND_NORTHERN_IRELAND,United Kingdom of Great Britain and Northern Ireland,ALL,Industrial and Technical Support,Digital Systems & Software,35936855.1,42116285.73266925,40,20
COUNTRY_UNITED_KINGDOM_OF_GREAT_BRITAIN_AND_NORTHERN_IRELAND,United Kingdom of Great Britain and Northern Ireland,ALL,Industrial and Technical Support,Industrial Equipment & Manufacturing,1031700.1,1091973.7134396166,8,7
COUNTRY_UNITED_KINGDOM_OF_GREAT_BRITAIN_AND_NORTHERN_IRELAND,United Kingdom of Great Britain and Northern Ireland,ALL,Industrial and Technical Support,Land Systems & Vehicles,462381.69,560304.1169841683,4,4
COUNTRY_UNITED_KINGDOM_OF_GREAT_BRITAIN_AND_NORTHERN_IRELAND,United Kingdom of Great Britain and Northern Ireland,ALL,Industrial and Technical Support,"R&D, Engineering & Scientific Services",68839121.33,70201296.66749346,21,16
COUNTRY_UNITED_KINGDOM_OF_GREAT_BRITAIN_AND_NORTHERN_IRELAND,United Kingdom of Great Britain and Northern Ireland,ALL,Industrial and Technical Support,"Resources, Fuel & Materials",76673807.66,84122098.32862575,1310,61
COUNTRY_UNITED_REPUBLIC_OF_TANZANIA,United Republic of Tanzania,ALL,General Government Support,Administrative,86980.79,105016.51263235294,2,2
COUNTRY_UNITED_REPUBLIC_OF_TANZANIA,United Republic of Tanzania,ALL,General Government Support,Industrial Equipment & Manufacturing,23338.78,24393.556180776577,1,1
COUNTRY_UNITED_STATES_MINOR_OUTLYING_ISLANDS,United States Minor Outlying Islands,ALL,General Government Support,Administrative,326263.91,401593.2085607196,3,3
COUNTRY_UNITED_STATES_MINOR_OUTLYING_ISLANDS,United States Minor Outlying Islands,ALL,General Government Support,Construction & Infrastructure,1838850.8,2263413.0536731635,1,1
COUNTRY_UNITED_STATES_MINOR_OUTLYING_ISLANDS,United States Minor Outlying Islands,ALL,General Government Support,"Resources, Fuel & Materials",145631.38,186235.76788161992,1,1
COUNTRY_UNITED_STATES_MINOR_OUTLYING_ISLANDS,United States Minor Outlying Islands,ALL,Industrial and Technical Support,Administrative,175472.55000000002,221155.17174235042,2,1
COUNTRY_UNITED_STATES_MINOR_OUTLYING_ISLANDS,United States Minor Outlying Islands,ALL,Industrial and Technical Support,"R&D, Engineering & Scientific Services",13147.31,15245.680098870054,1,1
COUNTRY_UNITED_STATES_MINOR_OUTLYING_ISLANDS,United States Minor Outlying Islands,ALL,Industrial and Technical Support,"Resources, Fuel & Materials",42497.99,42497.99,1,1
COUNTRY_UNITED_STATES_OF_AMERICA,United States of America,ALL,Core Defence Industrial Complex,Aerospace & Space,2066298976.23,2173481517.9005904,119,77
COUNTRY_UNITED_STATES_OF_AMERICA,United States of America,ALL,Core Defence Industrial Complex,Communications & Electronics,201569068.24,233789478.53069997,9,8
COUNTRY_UNITED_STATES_OF_AMERICA,United States of America,ALL,Core Defence Industrial Complex,Land Systems & Vehicles,28747918.01,28442145.95016717,14,7
COUNTRY_UNITED_STATES_OF_AMERICA,United States of America,ALL,Core Defence Industrial Complex,Marine & Shipbuilding,44682141.64,52151944.56491663,161,105
COUNTRY_UNITED_STATES_OF_AMERICA,United States of America,ALL,Core Defence Industrial Complex,"R&D, Engineering & Scientific Services",22995,27763.08088235294,1,1
COUNTRY_UNITED_STATES_OF_AMERICA,United States of America,ALL,Core Defence Industrial Complex,Weapons & Military Equipment,250761869.79,261701043.56875286,89,49
COUNTRY_UNITED_STATES_OF_AMERICA,United States of America,ALL,General Government Support,Administrative,154260217.16,177627947.25754032,913,426
COUNTRY_UNITED_STATES_OF_AMERICA,United States of America,ALL,General Government Support,Aerospace & Space,474377.08,572740.5627647059,7,5
COUNTRY_UNITED_STATES_OF_AMERICA,United States of America,ALL,General Government Support,Communications & Electronics,14544759.17,15359263.490110252,94,65
COUNTRY_UNITED_STATES_OF_AMERICA,United States of America,ALL,General Government Support,Construction & Infrastructure,16572617.4,18519786.725284427,58,45
COUNTRY_UNITED_STATES_OF_AMERICA,United States of America,ALL,General Government Support,Industrial Equipment & Manufacturing,731370939.09,845753763.2721148,737,445
COUNTRY_UNITED_STATES_OF_AMERICA,United States of America,ALL,General Government Support,Marine & Shipbuilding,5659702.87,6823290.394588172,7,6
COUNTRY_UNITED_STATES_OF_AMERICA,United States of America,ALL,General Government Support,"R&D, Engineering & Scientific Services",338296.44,408329.5310839238,5,5
COUNTRY_UNITED_STATES_OF_AMERICA,United States of America,ALL,General Government Support,"Resources, Fuel & Materials",6828497.92,7777630.001484207,42,20
COUNTRY_UNITED_STATES_OF_AMERICA,United States of America,ALL,General Government Support,Weapons & Military Equipment,1998066.68,2412371.6827647057,5,3
COUNTRY_UNITED_STATES_OF_AMERICA,United States of America,ALL,Industrial and Technical Support,Administrative,109270851.47,123664277.0264021,392,106
COUNTRY_UNITED_STATES_OF_AMERICA,United States of America,ALL,Industrial and Technical Support,Aerospace & Space,1038145.04,1089599.495755123,12,7
COUNTRY_UNITED_STATES_OF_AMERICA,United States of America,ALL,Industrial and Technical Support,Communications & Electronics,302105642.45,326687405.7691532,280,157
COUNTRY_UNITED_STATES_OF_AMERICA,United States of America,ALL,Industrial and Technical Support,Construction & Infrastructure,1445949.4,1779524.526902725,2,2
COUNTRY_UNITED_STATES_OF_AMERICA,United States of America,ALL,Industrial and Technical Support,Digital Systems & Software,130178095.71,148195606.59057954,466,281
COUNTRY_UNITED_STATES_OF_AMERICA,United States of America,ALL,Industrial and Technical Support,Industrial Equipment & Manufacturing,19525944.22,22152591.346893623,58,53
COUNTRY_UNITED_STATES_OF_AMERICA,United States of America,ALL,Industrial and Technical Support,Land Systems & Vehicles,41964352.77,47324887.972334646,62,44
COUNTRY_UNITED_STATES_OF_AMERICA,United States of America,ALL,Industrial and Technical Support,Marine & Shipbuilding,1748575.68,1910787.9406214599,5,5
COUNTRY_UNITED_STATES_OF_AMERICA,United States of America,ALL,Industrial and Technical Support,"R&D, Engineering & Scientific Services",488310596.19,576733805.806331,253,187
COUNTRY_UNITED_STATES_OF_AMERICA,United States of America,ALL,Industrial and Technical Support,"Resources, Fuel & Materials",66668553.09,74562089.4293033,1442,87
COUNTRY_URUGUAY,Uruguay,ALL,General Government Support,"Resources, Fuel & Materials",102220.42,102220.42,1,1
COUNTRY_URUGUAY,Uruguay,ALL,Industrial and Technical Support,Administrative,126770.55,126770.55,1,1
COUNTRY_UZBEKISTAN,Uzbekistan,ALL,Industrial and Technical Support,Digital Systems & Software,53204.69,65488.83131934033,1,1
COUNTRY_VIET_NAM,Viet Nam,ALL,General Government Support,Administrative,6648926.88,6953101.849586683,9,7
COUNTRY_VIET_NAM,Viet Nam,ALL,General Government Support,"Resources, Fuel & Materials",325287.4,361854.78104641964,2,2
COUNTRY_VIET_NAM,Viet Nam,ALL,Industrial and Technical Support,Administrative,690389.19,848456.897594406,5,3
COUNTRY_VIET_NAM,Viet Nam,ALL,Industrial and Technical Support,Digital Systems & Software,13560,13560,1,1
COUNTRY_VIET_NAM,Viet Nam,ALL,Industrial and Technical Support,"Resources, Fuel & Materials",19659.1,24754.78696319018,1,1
COUNTRY_WESTERN_SAHARA,Western Sahara,ALL,Industrial and Technical Support,"Resources, Fuel & Materials",123121.16,123121.16,1,1
COUNTRY__,-,ALL,General Government Support,Administrative,2750300865.79,3517129300.3326945,8798,3857
COUNTRY__,-,ALL,General Government Support,Aerospace & Space,313221941.45,400553292.7265576,419,180
COUNTRY__,-,ALL,General Government Support,Communications & Electronics,385983059.99,493601389.8002959,711,370
COUNTRY__,-,ALL,General Government Support,Construction & Infrastructure,443678163.05,567382822.2181463,493,306
COUNTRY__,-,ALL,General Government Support,Digital Systems & Software,50886209.08,65074108.49638629,358,238
COUNTRY__,-,ALL,General Government Support,Industrial Equipment & Manufacturing,15082263.61,19287443.027741432,136,88
COUNTRY__,-,ALL,General Government Support,Land Systems & Vehicles,762880440.42,975583865.3969158,18,16
COUNTRY__,-,ALL,General Government Support,Marine & Shipbuilding,264275979.63,337960403.857056,409,176
COUNTRY__,-,ALL,General Government Support,"R&D, Engineering & Scientific Services",73483689.88,93972133.00853582,420,228
COUNTRY__,-,ALL,General Government Support,"Resources, Fuel & Materials",74411106.85,95158128.8533489,995,124
COUNTRY__,-,ALL,General Government Support,Weapons & Military Equipment,278926230.34,356695381.7899377,206,92
