region_uid,region_name,year,NAICS6,NAICSD,defence_type,total_sales_M,sales_bucket,n_firms,avg_employees,suppressed
48,Alberta,2017,325920,Explosives Manufacturing,primary,,<$5M,<2,,True
48,Alberta,2017,331110,Iron & Steel Mills & Ferroalloy Manufacturing,secondary,1418.055,>=$5M,68,18.3,False
48,Alberta,2017,331221,Rolled Steel Shape Manufacturing,secondary,,>=$5M,<2,,True
48,Alberta,2017,334511,Search Detection & Navigation Instruments,primary,35.616,>=$5M,3,32.0,False
48,Alberta,2017,336411,Aircraft Manufacturing,primary,13.31,>=$5M,7,3.1,False
48,Alberta,2017,336611,Ship Building & Repairing,secondary,,<$5M,<2,,True
48,Alberta,2017,336612,Boat Building,secondary,1.782,<$5M,2,4.5,False
48,Alberta,2017,336992,"Military Armored Vehicle, Tank & Tank Cmpnnt Mfg",primary,89.598,>=$5M,3,36.3,False
48,Alberta,2017,336999,All Other Transportation Equipment Manufacturing,primary,,<$5M,<2,,True
48,Alberta,2017,541330,Engineering Services,secondary,4112.724,>=$5M,1251,14.2,False
48,Alberta,2017,541370,Surveying & Mapping (except Geophysical) Services,secondary,573.3,>=$5M,335,11.6,False
48,Alberta,2017,541511,Custom Computer Programming Services,secondary,251.505,>=$5M,173,7.0,False
48,Alberta,2017,ALL,All,all,6833.534,>=$5M,1846,13.5,False
48,Alberta,2017,PRIMARY,Primary,primary,142.292,>=$5M,15,15.9,False
48,Alberta,2017,SECONDARY,Secondary,secondary,6691.242,>=$5M,1831,13.4,False
48,Alberta,2018,325920,Explosives Manufacturing,primary,3.23,<$5M,2,5.0,False
48,Alberta,2018,331110,Iron & Steel Mills & Ferroalloy Manufacturing,secondary,1553.596,>=$5M,72,18.9,False
48,Alberta,2018,331221,Rolled Steel Shape Manufacturing,secondary,,>=$5M,<2,,True
48,Alberta,2018,334511,Search Detection & Navigation Instruments,primary,44.149,>=$5M,4,29.8,False
48,Alberta,2018,336411,Aircraft Manufacturing,primary,13.31,>=$5M,7,3.1,False
48,Alberta,2018,336611,Ship Building & Repairing,secondary,,<$5M,<2,,True
48,Alberta,2018,336612,Boat Building,secondary,1.782,<$5M,2,4.5,False
48,Alberta,2018,336992,"Military Armored Vehicle, Tank & Tank Cmpnnt Mfg",primary,89.598,>=$5M,3,36.3,False
48,Alberta,2018,336999,All Other Transportation Equipment Manufacturing,primary,,<$5M,<2,,True
48,Alberta,2018,541330,Engineering Services,secondary,4530.007,>=$5M,1332,14.7,False
48,Alberta,2018,541370,Surveying & Mapping (except Geophysical) Services,secondary,562.569,>=$5M,338,11.3,False
48,Alberta,2018,541511,Custom Computer Programming Services,secondary,250.47,>=$5M,172,7.0,False
48,Alberta,2018,ALL,All,all,7383.771,>=$5M,1935,13.8,False
48,Alberta,2018,PRIMARY,Primary,primary,151.471,>=$5M,17,15.5,False
48,Alberta,2018,SECONDARY,Secondary,secondary,7232.3,>=$5M,1918,13.8,False
48,Alberta,2019,325920,Explosives Manufacturing,primary,15.504,>=$5M,6,8.0,False
48,Alberta,2019,331110,Iron & Steel Mills & Ferroalloy Manufacturing,secondary,1554.735,>=$5M,73,18.7,False
48,Alberta,2019,331221,Rolled Steel Shape Manufacturing,secondary,,>=$5M,<2,,True
48,Alberta,2019,334511,Search Detection & Navigation Instruments,primary,54.908,>=$5M,6,24.7,False
48,Alberta,2019,336411,Aircraft Manufacturing,primary,263.175,>=$5M,8,54.4,False
48,Alberta,2019,336611,Ship Building & Repairing,secondary,,<$5M,<2,,True
48,Alberta,2019,336612,Boat Building,secondary,1.782,<$5M,2,4.5,False
48,Alberta,2019,336992,"Military Armored Vehicle, Tank & Tank Cmpnnt Mfg",primary,89.598,>=$5M,3,36.3,False
48,Alberta,2019,336999,All Other Transportation Equipment Manufacturing,primary,,<$5M,<2,,True
48,Alberta,2019,541330,Engineering Services,secondary,6189.31,>=$5M,1528,17.5,False
48,Alberta,2019,541370,Surveying & Mapping (except Geophysical) Services,secondary,573.741,>=$5M,354,11.0,False
48,Alberta,2019,541511,Custom Computer Programming Services,secondary,291.87,>=$5M,206,6.8,False
48,Alberta,2019,ALL,All,all,9369.683,>=$5M,2189,15.8,False
48,Alberta,2019,PRIMARY,Primary,primary,424.369,>=$5M,24,31.0,False
48,Alberta,2019,SECONDARY,Secondary,secondary,8945.314,>=$5M,2165,15.7,False
48,Alberta,2020,325920,Explosives Manufacturing,primary,15.504,>=$5M,5,9.6,False
48,Alberta,2020,331110,Iron & Steel Mills & Ferroalloy Manufacturing,secondary,1586.627,>=$5M,74,18.8,False
48,Alberta,2020,331221,Rolled Steel Shape Manufacturing,secondary,,>=$5M,<2,,True
48,Alberta,2020,334511,Search Detection & Navigation Instruments,primary,54.908,>=$5M,6,24.7,False
48,Alberta,2020,336411,Aircraft Manufacturing,primary,13.31,>=$5M,7,3.1,False
48,Alberta,2020,336611,Ship Building & Repairing,secondary,,<$5M,<2,,True
48,Alberta,2020,336612,Boat Building,secondary,1.782,<$5M,2,4.5,False
48,Alberta,2020,336992,"Military Armored Vehicle, Tank & Tank Cmpnnt Mfg",primary,89.598,>=$5M,3,36.3,False
48,Alberta,2020,336999,All Other Transportation Equipment Manufacturing,primary,,<$5M,<2,,True
48,Alberta,2020,541330,Engineering Services,secondary,6330.682,>=$5M,1540,17.8,False
48,Alberta,2020,541370,Surveying & Mapping (except Geophysical) Services,secondary,574.917,>=$5M,355,11.0,False
48,Alberta,2020,541511,Custom Computer Programming Services,secondary,308.844,>=$5M,209,7.1,False
48,Alberta,2020,ALL,All,all,9311.232,>=$5M,2204,15.8,False
48,Alberta,2020,PRIMARY,Primary,primary,174.504,>=$5M,22,15.0,False
48,Alberta,2020,SECONDARY,Secondary,secondary,9136.728,>=$5M,2182,15.8,False
48,Alberta,2021,325920,Explosives Manufacturing,primary,15.504,>=$5M,5,9.4,False
48,Alberta,2021,331110,Iron and Steel Mills and Ferroalloy Manufacturing,secondary,1372.495,>=$5M,72,16.6,False
48,Alberta,2021,331221,Rolled Steel Shape Manufacturing,secondary,,>=$5M,<2,,True
48,Alberta,2021,334511,"Search, Detection, Navigation, Guidance, Aeronauti",primary,54.908,>=$5M,6,24.7,False
48,Alberta,2021,336411,Aircraft Manufacturing,primary,13.31,>=$5M,7,3.1,False
48,Alberta,2021,336611,Ship Building and Repairing,secondary,,<$5M,<2,,True
48,Alberta,2021,336612,Boat Building,secondary,1.782,<$5M,2,4.5,False
48,Alberta,2021,336992,"Military Armored Vehicle, Tank, and Tank Component",primary,89.598,>=$5M,3,36.3,False
48,Alberta,2021,336999,All Other Transportation Equipment Manufacturing,primary,,<$5M,<2,,True
48,Alberta,2021,541330,Engineering Services,secondary,5540.431,>=$5M,1526,15.8,False
48,Alberta,2021,541370,Surveying and Mapping (except Geophysical) Service,secondary,576.828,>=$5M,353,11.1,False
48,Alberta,2021,541511,Custom Computer Programming Services,secondary,321.264,>=$5M,217,7.1,False
48,Alberta,2021,ALL,All,all,8321.18,>=$5M,2194,14.3,False
48,Alberta,2021,PRIMARY,Primary,primary,174.504,>=$5M,22,15.0,False
48,Alberta,2021,SECONDARY,Secondary,secondary,8146.676,>=$5M,2172,14.3,False
48,Alberta,2022,325920,Explosives Manufacturing,primary,9.69,>=$5M,2,15.0,False
48,Alberta,2022,331110,Iron and Steel Mills and Ferroalloy Manufacturing,secondary,1392.997,>=$5M,73,16.3,False
48,Alberta,2022,331221,Rolled Steel Shape Manufacturing,secondary,,>=$5M,<2,,True
48,Alberta,2022,333310,Commercial and Service Industry Machinery Manufact,primary,215.962,>=$5M,79,8.0,False
48,Alberta,2022,334511,"Search, Detection, Navigation, Guidance, Aeronauti",primary,54.908,>=$5M,6,19.5,False
48,Alberta,2022,334610,Manufacturing and Reproducing Magnetic and Optical,secondary,80.68,>=$5M,10,18.3,False
48,Alberta,2022,336411,Aircraft Manufacturing,primary,13.31,>=$5M,7,3.1,False
48,Alberta,2022,336611,Ship Building and Repairing,secondary,,<$5M,<2,,True
48,Alberta,2022,336612,Boat Building,secondary,1.782,<$5M,2,4.5,False
48,Alberta,2022,336992,"Military Armored Vehicle, Tank, and Tank Component",primary,89.598,>=$5M,3,36.3,False
48,Alberta,2022,336999,All Other Transportation Equipment Manufacturing,primary,,<$5M,<2,,True
48,Alberta,2022,541330,Engineering Services,secondary,5472.174,>=$5M,1613,14.6,False
48,Alberta,2022,541370,Surveying and Mapping (except Geophysical) Service,secondary,596.673,>=$5M,360,11.1,False
48,Alberta,2022,541511,Custom Computer Programming Services,secondary,323.748,>=$5M,220,7.0,False
48,Alberta,2022,ALL,All,all,8586.582,>=$5M,2378,13.4,False
48,Alberta,2022,PRIMARY,Primary,primary,384.652,>=$5M,98,9.3,False
48,Alberta,2022,SECONDARY,Secondary,secondary,8201.93,>=$5M,2280,13.6,False
48,Alberta,2023,325920,Explosives Manufacturing,primary,3.23,<$5M,2,5.0,False
48,Alberta,2023,331110,Iron and Steel Mills and Ferroalloy Manufacturing,secondary,1223.614,>=$5M,69,15.9,False
48,Alberta,2023,331221,Rolled Steel Shape Manufacturing,secondary,,>=$5M,<2,,True
48,Alberta,2023,333310,Commercial and Service Industry Machinery Manufact,primary,179.485,>=$5M,77,8.3,False
48,Alberta,2023,334511,"Search, Detection, Navigation, Guidance, Aeronauti",primary,49.469,>=$5M,5,40.0,False
48,Alberta,2023,334610,Manufacturing and Reproducing Magnetic and Optical,secondary,45.181,>=$5M,11,9.0,False
48,Alberta,2023,336411,Aircraft Manufacturing,primary,12.203,>=$5M,7,3.1,False
48,Alberta,2023,336611,Ship Building and Repairing,secondary,,<$5M,<2,,True
48,Alberta,2023,336612,Boat Building,secondary,2.49,<$5M,3,5.0,False
48,Alberta,2023,336992,"Military Armored Vehicle, Tank, and Tank Component",primary,65.579,>=$5M,3,36.3,False
48,Alberta,2023,336999,All Other Transportation Equipment Manufacturing,primary,5.144,>=$5M,2,7.0,False
48,Alberta,2023,541330,Engineering Services,secondary,4641.453,>=$5M,1527,13.2,False
48,Alberta,2023,541370,Surveying and Mapping (except Geophysical) Service,secondary,563.437,>=$5M,361,10.9,False
48,Alberta,2023,541511,Custom Computer Programming Services,secondary,288.396,>=$5M,214,6.5,False
48,Alberta,2023,ALL,All,all,7413.557,>=$5M,2283,12.3,False
48,Alberta,2023,PRIMARY,Primary,primary,315.11,>=$5M,96,10.4,False
48,Alberta,2023,SECONDARY,Secondary,secondary,7098.447,>=$5M,2187,12.4,False
48,Alberta,2024,325920,Explosives Manufacturing,primary,,<$5M,<2,,True
48,Alberta,2024,331110,Iron and Steel Mills and Ferroalloy Manufacturing,secondary,1079.809,>=$5M,63,26.7,False
48,Alberta,2024,331221,Rolled Steel Shape Manufacturing,secondary,,>=$5M,<2,,True
48,Alberta,2024,333310,Commercial and Service Industry Machinery Manufact,primary,129.954,>=$5M,71,11.9,False
48,Alberta,2024,334511,"Search, Detection, Navigation, Guidance, Aeronauti",primary,79.64,>=$5M,7,48.4,False
48,Alberta,2024,334610,Manufacturing and Reproducing Magnetic and Optical,secondary,32.609,>=$5M,12,7.1,False
48,Alberta,2024,336411,Aircraft Manufacturing,primary,10.604,>=$5M,7,3.1,False
48,Alberta,2024,336611,Ship Building and Repairing,secondary,,<$5M,<2,,True
48,Alberta,2024,336612,Boat Building,secondary,6.363,>=$5M,3,14.7,False
48,Alberta,2024,336992,"Military Armored Vehicle, Tank, and Tank Component",primary,84.796,>=$5M,3,56.3,False
48,Alberta,2024,336999,All Other Transportation Equipment Manufacturing,primary,6.43,>=$5M,4,7.0,False
48,Alberta,2024,541330,Engineering Services,secondary,5313.81,>=$5M,1590,17.1,False
48,Alberta,2024,541370,Surveying and Mapping (except Geophysical) Service,secondary,300.534,>=$5M,356,8.5,False
48,Alberta,2024,541511,Custom Computer Programming Services,secondary,397.901,>=$5M,246,10.9,False
48,Alberta,2024,ALL,All,all,7698.296,>=$5M,2365,15.5,False
48,Alberta,2024,PRIMARY,Primary,primary,311.846,>=$5M,93,15.1,False
48,Alberta,2024,SECONDARY,Secondary,secondary,7386.45,>=$5M,2272,15.5,False
48,Alberta,2025,325920,Explosives Manufacturing,primary,,<$5M,<2,,True
48,Alberta,2025,331110,Iron and Steel Mills and Ferroalloy Manufacturing,secondary,1084.962,>=$5M,63,26.7,False
48,Alberta,2025,331221,Rolled Steel Shape Manufacturing,secondary,,>=$5M,<2,,True
48,Alberta,2025,333310,Commercial and Service Industry Machinery Manufact,primary,147.58,>=$5M,73,11.5,False
48,Alberta,2025,334511,"Search, Detection, Navigation, Guidance, Aeronauti",primary,74.472,>=$5M,7,45.3,False
48,Alberta,2025,334610,Manufacturing and Reproducing Magnetic and Optical,secondary,32.609,>=$5M,12,7.1,False
48,Alberta,2025,336411,Aircraft Manufacturing,primary,10.604,>=$5M,7,3.1,False
48,Alberta,2025,336611,Ship Building and Repairing,secondary,,<$5M,<2,,True
48,Alberta,2025,336612,Boat Building,secondary,7.375,>=$5M,3,17.0,False
48,Alberta,2025,336992,"Military Armored Vehicle, Tank, and Tank Component",primary,71.751,>=$5M,3,47.7,False
48,Alberta,2025,336999,All Other Transportation Equipment Manufacturing,primary,6.43,>=$5M,4,7.0,False
48,Alberta,2025,541330,Engineering Services,secondary,5338.203,>=$5M,1613,17.0,False
48,Alberta,2025,541370,Surveying and Mapping (except Geophysical) Service,secondary,307.679,>=$5M,359,8.7,False
48,Alberta,2025,541511,Custom Computer Programming Services,secondary,431.986,>=$5M,273,10.5,False
48,Alberta,2025,ALL,All,all,7769.776,>=$5M,2420,15.3,False
48,Alberta,2025,PRIMARY,Primary,primary,311.259,>=$5M,95,14.3,False
48,Alberta,2025,SECONDARY,Secondary,secondary,7458.517,>=$5M,2325,15.4,False
59,British Columbia / Colombie-Britannique,2017,325920,Explosives Manufacturing,primary,20.672,>=$5M,3,21.3,False
59,British Columbia / Colombie-Britannique,2017,331110,Iron & Steel Mills & Ferroalloy Manufacturing,secondary,437.724,>=$5M,32,12.1,False
59,British Columbia / Colombie-Britannique,2017,333314,Optical Instrument & Lens Manufacturing,secondary,0.858,<$5M,2,1.5,False
59,British Columbia / Colombie-Britannique,2017,334511,Search Detection & Navigation Instruments,primary,120.946,>=$5M,17,19.2,False
59,British Columbia / Colombie-Britannique,2017,336411,Aircraft Manufacturing,primary,36.3,>=$5M,9,6.7,False
59,British Columbia / Colombie-Britannique,2017,336611,Ship Building & Repairing,secondary,111.888,>=$5M,48,10.5,False
59,British Columbia / Colombie-Britannique,2017,336612,Boat Building,secondary,291.06,>=$5M,87,16.9,False
59,British Columbia / Colombie-Britannique,2017,336992,"Military Armored Vehicle, Tank & Tank Cmpnnt Mfg",primary,,<$5M,<2,,True
59,British Columbia / Colombie-Britannique,2017,336999,All Other Transportation Equipment Manufacturing,primary,,<$5M,<2,,True
59,British Columbia / Colombie-Britannique,2017,541330,Engineering Services,secondary,2833.085,>=$5M,1375,8.9,False
59,British Columbia / Colombie-Britannique,2017,541370,Surveying & Mapping (except Geophysical) Services,secondary,302.82,>=$5M,255,8.1,False
59,British Columbia / Colombie-Britannique,2017,541511,Custom Computer Programming Services,secondary,962.343,>=$5M,545,8.5,False
59,British Columbia / Colombie-Britannique,2017,ALL,All,all,5120.754,>=$5M,2375,9.2,False
59,British Columbia / Colombie-Britannique,2017,PRIMARY,Primary,primary,180.976,>=$5M,31,14.7,False
59,British Columbia / Colombie-Britannique,2017,SECONDARY,Secondary,secondary,4939.778,>=$5M,2344,9.1,False
59,British Columbia / Colombie-Britannique,2018,325920,Explosives Manufacturing,primary,20.672,>=$5M,3,21.3,False
59,British Columbia / Colombie-Britannique,2018,331110,Iron & Steel Mills & Ferroalloy Manufacturing,secondary,429.02,>=$5M,32,12.1,False
59,British Columbia / Colombie-Britannique,2018,333314,Optical Instrument & Lens Manufacturing,secondary,0.858,<$5M,2,1.5,False
59,British Columbia / Colombie-Britannique,2018,334511,Search Detection & Navigation Instruments,primary,124.656,>=$5M,18,18.7,False
59,British Columbia / Colombie-Britannique,2018,336411,Aircraft Manufacturing,primary,36.3,>=$5M,9,6.7,False
59,British Columbia / Colombie-Britannique,2018,336611,Ship Building & Repairing,secondary,112.332,>=$5M,49,10.3,False
59,British Columbia / Colombie-Britannique,2018,336612,Boat Building,secondary,286.704,>=$5M,84,17.2,False
59,British Columbia / Colombie-Britannique,2018,336992,"Military Armored Vehicle, Tank & Tank Cmpnnt Mfg",primary,,<$5M,<2,,True
59,British Columbia / Colombie-Britannique,2018,336999,All Other Transportation Equipment Manufacturing,primary,,<$5M,<2,,True
59,British Columbia / Colombie-Britannique,2018,541330,Engineering Services,secondary,3148.534,>=$5M,1432,9.5,False
59,British Columbia / Colombie-Britannique,2018,541370,Surveying & Mapping (except Geophysical) Services,secondary,294.882,>=$5M,256,7.8,False
59,British Columbia / Colombie-Britannique,2018,541511,Custom Computer Programming Services,secondary,932.535,>=$5M,551,8.2,False
59,British Columbia / Colombie-Britannique,2018,ALL,All,all,5389.551,>=$5M,2438,9.4,False
59,British Columbia / Colombie-Britannique,2018,PRIMARY,Primary,primary,184.686,>=$5M,32,14.5,False
59,British Columbia / Colombie-Britannique,2018,SECONDARY,Secondary,secondary,5204.865,>=$5M,2406,9.4,False
59,British Columbia / Colombie-Britannique,2019,325920,Explosives Manufacturing,primary,20.672,>=$5M,3,21.3,False
59,British Columbia / Colombie-Britannique,2019,331110,Iron & Steel Mills & Ferroalloy Manufacturing,secondary,439.271,>=$5M,34,11.6,False
59,British Columbia / Colombie-Britannique,2019,333314,Optical Instrument & Lens Manufacturing,secondary,0.858,<$5M,2,1.5,False
59,British Columbia / Colombie-Britannique,2019,334511,Search Detection & Navigation Instruments,primary,174.968,>=$5M,21,24.1,False
59,British Columbia / Colombie-Britannique,2019,336411,Aircraft Manufacturing,primary,286.165,>=$5M,10,47.3,False
59,British Columbia / Colombie-Britannique,2019,336414,Guided Missile & Space Vehicle Manufacturing,primary,,<$5M,<2,,True
59,British Columbia / Colombie-Britannique,2019,336611,Ship Building & Repairing,secondary,119.88,>=$5M,53,10.2,False
59,British Columbia / Colombie-Britannique,2019,336612,Boat Building,secondary,286.902,>=$5M,85,17.0,False
59,British Columbia / Colombie-Britannique,2019,336992,"Military Armored Vehicle, Tank & Tank Cmpnnt Mfg",primary,,<$5M,<2,,True
59,British Columbia / Colombie-Britannique,2019,336999,All Other Transportation Equipment Manufacturing,primary,,<$5M,<2,,True
59,British Columbia / Colombie-Britannique,2019,541330,Engineering Services,secondary,3742.354,>=$5M,1624,10.0,False
59,British Columbia / Colombie-Britannique,2019,541370,Surveying & Mapping (except Geophysical) Services,secondary,322.812,>=$5M,280,7.8,False
59,British Columbia / Colombie-Britannique,2019,541511,Custom Computer Programming Services,secondary,1001.673,>=$5M,587,8.2,False
59,British Columbia / Colombie-Britannique,2019,ALL,All,all,6399.361,>=$5M,2702,9.9,False
59,British Columbia / Colombie-Britannique,2019,PRIMARY,Primary,primary,485.611,>=$5M,37,28.4,False
59,British Columbia / Colombie-Britannique,2019,SECONDARY,Secondary,secondary,5913.75,>=$5M,2665,9.6,False
59,British Columbia / Colombie-Britannique,2020,325920,Explosives Manufacturing,primary,29.07,>=$5M,7,12.9,False
59,British Columbia / Colombie-Britannique,2020,331110,Iron & Steel Mills & Ferroalloy Manufacturing,secondary,380.043,>=$5M,32,10.8,False
59,British Columbia / Colombie-Britannique,2020,333314,Optical Instrument & Lens Manufacturing,secondary,0.858,<$5M,2,1.5,False
59,British Columbia / Colombie-Britannique,2020,334511,Search Detection & Navigation Instruments,primary,183.501,>=$5M,22,24.1,False
59,British Columbia / Colombie-Britannique,2020,336411,Aircraft Manufacturing,primary,286.165,>=$5M,10,47.3,False
59,British Columbia / Colombie-Britannique,2020,336414,Guided Missile & Space Vehicle Manufacturing,primary,,<$5M,<2,,True
59,British Columbia / Colombie-Britannique,2020,336611,Ship Building & Repairing,secondary,115.884,>=$5M,52,10.0,False
59,British Columbia / Colombie-Britannique,2020,336612,Boat Building,secondary,302.742,>=$5M,86,17.8,False
59,British Columbia / Colombie-Britannique,2020,336992,"Military Armored Vehicle, Tank & Tank Cmpnnt Mfg",primary,,<$5M,<2,,True
59,British Columbia / Colombie-Britannique,2020,336999,All Other Transportation Equipment Manufacturing,primary,,<$5M,<2,,True
59,British Columbia / Colombie-Britannique,2020,541330,Engineering Services,secondary,3679.753,>=$5M,1622,9.8,False
59,British Columbia / Colombie-Britannique,2020,541370,Surveying & Mapping (except Geophysical) Services,secondary,302.379,>=$5M,280,7.3,False
59,British Columbia / Colombie-Britannique,2020,541511,Custom Computer Programming Services,secondary,1016.784,>=$5M,599,8.2,False
59,British Columbia / Colombie-Britannique,2020,ALL,All,all,6300.985,>=$5M,2715,9.7,False
59,British Columbia / Colombie-Britannique,2020,PRIMARY,Primary,primary,502.542,>=$5M,42,26.2,False
59,British Columbia / Colombie-Britannique,2020,SECONDARY,Secondary,secondary,5798.443,>=$5M,2673,9.5,False
59,British Columbia / Colombie-Britannique,2021,325920,Explosives Manufacturing,primary,27.132,>=$5M,6,14.0,False
59,British Columbia / Colombie-Britannique,2021,331110,Iron and Steel Mills and Ferroalloy Manufacturing,secondary,332.205,>=$5M,30,10.1,False
59,British Columbia / Colombie-Britannique,2021,333314,Optical Instrument and Lens Manufacturing,secondary,0.858,<$5M,2,1.5,False
59,British Columbia / Colombie-Britannique,2021,334511,"Search, Detection, Navigation, Guidance, Aeronauti",primary,152.852,>=$5M,23,17.3,False
59,British Columbia / Colombie-Britannique,2021,336411,Aircraft Manufacturing,primary,289.19,>=$5M,11,43.5,False
59,British Columbia / Colombie-Britannique,2021,336414,Guided Missile and Space Vehicle Manufacturing,primary,,<$5M,<2,,True
59,British Columbia / Colombie-Britannique,2021,336611,Ship Building and Repairing,secondary,112.11,>=$5M,52,9.7,False
59,British Columbia / Colombie-Britannique,2021,336612,Boat Building,secondary,297.99,>=$5M,83,18.1,False
59,British Columbia / Colombie-Britannique,2021,336992,"Military Armored Vehicle, Tank, and Tank Component",primary,,<$5M,<2,,True
59,British Columbia / Colombie-Britannique,2021,336999,All Other Transportation Equipment Manufacturing,primary,1.776,<$5M,2,3.0,False
59,British Columbia / Colombie-Britannique,2021,541330,Engineering Services,secondary,3280.95,>=$5M,1561,9.1,False
59,British Columbia / Colombie-Britannique,2021,541370,Surveying and Mapping (except Geophysical) Service,secondary,276.948,>=$5M,275,6.8,False
59,British Columbia / Colombie-Britannique,2021,541511,Custom Computer Programming Services,secondary,1030.653,>=$5M,601,8.3,False
59,British Columbia / Colombie-Britannique,2021,ALL,All,all,5805.878,>=$5M,2648,9.2,False
59,British Columbia / Colombie-Britannique,2021,PRIMARY,Primary,primary,474.164,>=$5M,44,22.1,False
59,British Columbia / Colombie-Britannique,2021,SECONDARY,Secondary,secondary,5331.714,>=$5M,2604,9.0,False
59,British Columbia / Colombie-Britannique,2022,325920,Explosives Manufacturing,primary,28.424,>=$5M,5,17.6,False
59,British Columbia / Colombie-Britannique,2022,331110,Iron and Steel Mills and Ferroalloy Manufacturing,secondary,365.236,>=$5M,32,9.7,False
59,British Columbia / Colombie-Britannique,2022,333310,Commercial and Service Industry Machinery Manufact,primary,292.86,>=$5M,117,6.8,False
59,British Columbia / Colombie-Britannique,2022,334511,"Search, Detection, Navigation, Guidance, Aeronauti",primary,157.381,>=$5M,25,16.4,False
59,British Columbia / Colombie-Britannique,2022,334610,Manufacturing and Reproducing Magnetic and Optical,secondary,160.787,>=$5M,37,10.9,False
59,British Columbia / Colombie-Britannique,2022,336411,Aircraft Manufacturing,primary,292.215,>=$5M,12,40.2,False
59,British Columbia / Colombie-Britannique,2022,336414,Guided Missile and Space Vehicle Manufacturing,primary,,<$5M,<2,,True
59,British Columbia / Colombie-Britannique,2022,336611,Ship Building and Repairing,secondary,112.332,>=$5M,53,9.5,False
59,British Columbia / Colombie-Britannique,2022,336612,Boat Building,secondary,301.95,>=$5M,85,17.9,False
59,British Columbia / Colombie-Britannique,2022,336992,"Military Armored Vehicle, Tank, and Tank Component",primary,,<$5M,<2,,True
59,British Columbia / Colombie-Britannique,2022,336999,All Other Transportation Equipment Manufacturing,primary,1.776,<$5M,2,3.0,False
59,British Columbia / Colombie-Britannique,2022,541330,Engineering Services,secondary,3636.065,>=$5M,1809,8.3,False
59,British Columbia / Colombie-Britannique,2022,541370,Surveying and Mapping (except Geophysical) Service,secondary,290.766,>=$5M,297,6.4,False
59,British Columbia / Colombie-Britannique,2022,541511,Custom Computer Programming Services,secondary,1051.697,>=$5M,615,8.2,False
59,British Columbia / Colombie-Britannique,2022,ALL,All,all,6694.703,>=$5M,3091,8.6,False
59,British Columbia / Colombie-Britannique,2022,PRIMARY,Primary,primary,775.87,>=$5M,163,11.0,False
59,British Columbia / Colombie-Britannique,2022,SECONDARY,Secondary,secondary,5918.833,>=$5M,2928,8.5,False
59,British Columbia / Colombie-Britannique,2023,325920,Explosives Manufacturing,primary,14.063,>=$5M,3,21.3,False
59,British Columbia / Colombie-Britannique,2023,331110,Iron and Steel Mills and Ferroalloy Manufacturing,secondary,303.48,>=$5M,30,8.1,False
59,British Columbia / Colombie-Britannique,2023,333310,Commercial and Service Industry Machinery Manufact,primary,258.926,>=$5M,120,7.3,False
59,British Columbia / Colombie-Britannique,2023,334511,"Search, Detection, Navigation, Guidance, Aeronauti",primary,120.421,>=$5M,24,14.1,False
59,British Columbia / Colombie-Britannique,2023,334610,Manufacturing and Reproducing Magnetic and Optical,secondary,155.869,>=$5M,36,10.9,False
59,British Columbia / Colombie-Britannique,2023,336411,Aircraft Manufacturing,primary,158.002,>=$5M,13,36.5,False
59,British Columbia / Colombie-Britannique,2023,336414,Guided Missile and Space Vehicle Manufacturing,primary,,<$5M,<2,,True
59,British Columbia / Colombie-Britannique,2023,336611,Ship Building and Repairing,secondary,119.641,>=$5M,53,9.5,False
59,British Columbia / Colombie-Britannique,2023,336612,Boat Building,secondary,289.248,>=$5M,84,17.7,False
59,British Columbia / Colombie-Britannique,2023,336992,"Military Armored Vehicle, Tank, and Tank Component",primary,,<$5M,<2,,True
59,British Columbia / Colombie-Britannique,2023,336999,All Other Transportation Equipment Manufacturing,primary,2.333,<$5M,3,3.0,False
59,British Columbia / Colombie-Britannique,2023,541330,Engineering Services,secondary,3256.915,>=$5M,1774,7.8,False
59,British Columbia / Colombie-Britannique,2023,541370,Surveying and Mapping (except Geophysical) Service,secondary,258.886,>=$5M,297,6.1,False
59,British Columbia / Colombie-Britannique,2023,541511,Custom Computer Programming Services,secondary,1032.297,>=$5M,616,8.3,False
59,British Columbia / Colombie-Britannique,2023,ALL,All,all,5972.968,>=$5M,3055,8.2,False
59,British Columbia / Colombie-Britannique,2023,PRIMARY,Primary,primary,556.632,>=$5M,165,10.7,False
59,British Columbia / Colombie-Britannique,2023,SECONDARY,Secondary,secondary,5416.336,>=$5M,2890,8.1,False
59,British Columbia / Colombie-Britannique,2024,325920,Explosives Manufacturing,primary,13.503,>=$5M,3,21.3,False
59,British Columbia / Colombie-Britannique,2024,331110,Iron and Steel Mills and Ferroalloy Manufacturing,secondary,247.208,>=$5M,32,12.0,False
59,British Columbia / Colombie-Britannique,2024,333310,Commercial and Service Industry Machinery Manufact,primary,219.634,>=$5M,123,10.1,False
59,British Columbia / Colombie-Britannique,2024,334511,"Search, Detection, Navigation, Guidance, Aeronauti",primary,135.794,>=$5M,24,24.1,False
59,British Columbia / Colombie-Britannique,2024,334610,Manufacturing and Reproducing Magnetic and Optical,secondary,124.238,>=$5M,37,9.3,False
59,British Columbia / Colombie-Britannique,2024,336411,Aircraft Manufacturing,primary,299.297,>=$5M,14,44.4,False
59,British Columbia / Colombie-Britannique,2024,336414,Guided Missile and Space Vehicle Manufacturing,primary,,<$5M,<2,,True
59,British Columbia / Colombie-Britannique,2024,336611,Ship Building and Repairing,secondary,319.134,>=$5M,52,22.2,False
59,British Columbia / Colombie-Britannique,2024,336612,Boat Building,secondary,281.543,>=$5M,81,23.9,False
59,British Columbia / Colombie-Britannique,2024,336999,All Other Transportation Equipment Manufacturing,primary,5.512,>=$5M,5,4.8,False
59,British Columbia / Colombie-Britannique,2024,541330,Engineering Services,secondary,4296.935,>=$5M,1858,11.9,False
59,British Columbia / Colombie-Britannique,2024,541370,Surveying and Mapping (except Geophysical) Service,secondary,144.947,>=$5M,303,4.8,False
59,British Columbia / Colombie-Britannique,2024,541511,Custom Computer Programming Services,secondary,975.996,>=$5M,649,10.0,False
59,British Columbia / Colombie-Britannique,2024,ALL,All,all,7064.162,>=$5M,3182,11.5,False
59,British Columbia / Colombie-Britannique,2024,PRIMARY,Primary,primary,674.161,>=$5M,170,14.9,False
59,British Columbia / Colombie-Britannique,2024,SECONDARY,Secondary,secondary,6390.001,>=$5M,3012,11.3,False
59,British Columbia / Colombie-Britannique,2025,325920,Explosives Manufacturing,primary,13.503,>=$5M,3,21.3,False
59,British Columbia / Colombie-Britannique,2025,331110,Iron and Steel Mills and Ferroalloy Manufacturing,secondary,294.983,>=$5M,33,13.1,False
59,British Columbia / Colombie-Britannique,2025,332994,"Small Arms, Ordnance, and Ordnance Accessories Man",primary,,>=$5M,<2,,True
59,British Columbia / Colombie-Britannique,2025,333310,Commercial and Service Industry Machinery Manufact,primary,219.7,>=$5M,126,9.9,False
59,British Columbia / Colombie-Britannique,2025,334511,"Search, Detection, Navigation, Guidance, Aeronauti",primary,124.048,>=$5M,24,22.0,False
59,British Columbia / Colombie-Britannique,2025,334610,Manufacturing and Reproducing Magnetic and Optical,secondary,121.617,>=$5M,37,9.3,False
59,British Columbia / Colombie-Britannique,2025,336411,Aircraft Manufacturing,primary,303.153,>=$5M,15,41.9,False
59,British Columbia / Colombie-Britannique,2025,336414,Guided Missile and Space Vehicle Manufacturing,primary,,<$5M,<2,,True
59,British Columbia / Colombie-Britannique,2025,336611,Ship Building and Repairing,secondary,324.641,>=$5M,53,22.4,False
59,British Columbia / Colombie-Britannique,2025,336612,Boat Building,secondary,271.15,>=$5M,81,23.1,False
59,British Columbia / Colombie-Britannique,2025,336999,All Other Transportation Equipment Manufacturing,primary,5.746,>=$5M,6,4.3,False
59,British Columbia / Colombie-Britannique,2025,541330,Engineering Services,secondary,4156.99,>=$5M,1911,11.2,False
59,British Columbia / Colombie-Britannique,2025,541370,Surveying and Mapping (except Geophysical) Service,secondary,167.811,>=$5M,312,5.5,False
59,British Columbia / Colombie-Britannique,2025,541511,Custom Computer Programming Services,secondary,964.719,>=$5M,698,9.2,False
59,British Columbia / Colombie-Britannique,2025,ALL,All,all,6975.208,>=$5M,3301,10.9,False
59,British Columbia / Colombie-Britannique,2025,PRIMARY,Primary,primary,673.297,>=$5M,176,14.4,False
59,British Columbia / Colombie-Britannique,2025,SECONDARY,Secondary,secondary,6301.911,>=$5M,3125,10.7,False
46,Manitoba,2017,331110,Iron & Steel Mills & Ferroalloy Manufacturing,secondary,293.862,>=$5M,14,18.4,False
46,Manitoba,2017,333314,Optical Instrument & Lens Manufacturing,secondary,,<$5M,<2,,True
46,Manitoba,2017,334511,Search Detection & Navigation Instruments,primary,,<$5M,<2,,True
46,Manitoba,2017,336411,Aircraft Manufacturing,primary,39.325,>=$5M,2,32.5,False
46,Manitoba,2017,336612,Boat Building,secondary,40.986,>=$5M,10,20.7,False
46,Manitoba,2017,336992,"Military Armored Vehicle, Tank & Tank Cmpnnt Mfg",primary,,<$5M,<2,,True
46,Manitoba,2017,336999,All Other Transportation Equipment Manufacturing,primary,,<$5M,<2,,True
46,Manitoba,2017,541330,Engineering Services,secondary,335.92,>=$5M,178,8.2,False
46,Manitoba,2017,541370,Surveying & Mapping (except Geophysical) Services,secondary,40.719,>=$5M,40,6.9,False
46,Manitoba,2017,541511,Custom Computer Programming Services,secondary,45.954,>=$5M,46,4.8,False
46,Manitoba,2017,ALL,All,all,807.246,>=$5M,294,8.5,False
46,Manitoba,2017,PRIMARY,Primary,primary,47.517,>=$5M,5,16.2,False
46,Manitoba,2017,SECONDARY,Secondary,secondary,759.729,>=$5M,289,8.4,False
46,Manitoba,2018,331110,Iron & Steel Mills & Ferroalloy Manufacturing,secondary,271.082,>=$5M,13,18.3,False
46,Manitoba,2018,333314,Optical Instrument & Lens Manufacturing,secondary,,<$5M,<2,,True
46,Manitoba,2018,334511,Search Detection & Navigation Instruments,primary,,<$5M,<2,,True
46,Manitoba,2018,336411,Aircraft Manufacturing,primary,39.325,>=$5M,2,32.5,False
46,Manitoba,2018,336612,Boat Building,secondary,42.174,>=$5M,11,19.4,False
46,Manitoba,2018,336992,"Military Armored Vehicle, Tank & Tank Cmpnnt Mfg",primary,,<$5M,<2,,True
46,Manitoba,2018,336999,All Other Transportation Equipment Manufacturing,primary,,<$5M,<2,,True
46,Manitoba,2018,541330,Engineering Services,secondary,424.601,>=$5M,191,9.6,False
46,Manitoba,2018,541370,Surveying & Mapping (except Geophysical) Services,secondary,41.601,>=$5M,41,6.9,False
46,Manitoba,2018,541511,Custom Computer Programming Services,secondary,38.502,>=$5M,37,5.0,False
46,Manitoba,2018,ALL,All,all,867.173,>=$5M,299,9.5,False
46,Manitoba,2018,PRIMARY,Primary,primary,46.925,>=$5M,5,15.8,False
46,Manitoba,2018,SECONDARY,Secondary,secondary,820.248,>=$5M,294,9.4,False
46,Manitoba,2019,331110,Iron & Steel Mills & Ferroalloy Manufacturing,secondary,271.082,>=$5M,13,18.3,False
46,Manitoba,2019,333314,Optical Instrument & Lens Manufacturing,secondary,,<$5M,<2,,True
46,Manitoba,2019,334511,Search Detection & Navigation Instruments,primary,10.017,>=$5M,2,13.5,False
46,Manitoba,2019,336411,Aircraft Manufacturing,primary,39.325,>=$5M,2,32.5,False
46,Manitoba,2019,336612,Boat Building,secondary,42.174,>=$5M,11,19.4,False
46,Manitoba,2019,336992,"Military Armored Vehicle, Tank & Tank Cmpnnt Mfg",primary,,<$5M,<2,,True
46,Manitoba,2019,336999,All Other Transportation Equipment Manufacturing,primary,,<$5M,<2,,True
46,Manitoba,2019,541330,Engineering Services,secondary,497.56,>=$5M,217,9.9,False
46,Manitoba,2019,541370,Surveying & Mapping (except Geophysical) Services,secondary,43.953,>=$5M,43,7.0,False
46,Manitoba,2019,541511,Custom Computer Programming Services,secondary,44.919,>=$5M,43,5.0,False
46,Manitoba,2019,ALL,All,all,957.434,>=$5M,334,9.7,False
46,Manitoba,2019,PRIMARY,Primary,primary,55.458,>=$5M,6,17.0,False
46,Manitoba,2019,SECONDARY,Secondary,secondary,901.976,>=$5M,328,9.6,False
46,Manitoba,2020,331110,Iron & Steel Mills & Ferroalloy Manufacturing,secondary,277.916,>=$5M,14,17.4,False
46,Manitoba,2020,333314,Optical Instrument & Lens Manufacturing,secondary,,<$5M,<2,,True
46,Manitoba,2020,334511,Search Detection & Navigation Instruments,primary,10.017,>=$5M,2,13.5,False
46,Manitoba,2020,336411,Aircraft Manufacturing,primary,39.325,>=$5M,2,32.5,False
46,Manitoba,2020,336612,Boat Building,secondary,39.798,>=$5M,9,22.3,False
46,Manitoba,2020,336992,"Military Armored Vehicle, Tank & Tank Cmpnnt Mfg",primary,,<$5M,<2,,True
46,Manitoba,2020,336999,All Other Transportation Equipment Manufacturing,primary,,<$5M,<2,,True
46,Manitoba,2020,541330,Engineering Services,secondary,502.076,>=$5M,217,10.0,False
46,Manitoba,2020,541370,Surveying & Mapping (except Geophysical) Services,secondary,42.336,>=$5M,41,7.0,False
46,Manitoba,2020,541511,Custom Computer Programming Services,secondary,47.403,>=$5M,44,5.2,False
46,Manitoba,2020,ALL,All,all,967.275,>=$5M,332,9.8,False
46,Manitoba,2020,PRIMARY,Primary,primary,55.458,>=$5M,6,17.0,False
46,Manitoba,2020,SECONDARY,Secondary,secondary,911.817,>=$5M,326,9.7,False
46,Manitoba,2021,331110,Iron and Steel Mills and Ferroalloy Manufacturing,secondary,129.846,>=$5M,12,9.5,False
46,Manitoba,2021,333314,Optical Instrument and Lens Manufacturing,secondary,,<$5M,<2,,True
46,Manitoba,2021,334511,"Search, Detection, Navigation, Guidance, Aeronauti",primary,10.017,>=$5M,2,13.5,False
46,Manitoba,2021,336411,Aircraft Manufacturing,primary,39.325,>=$5M,2,32.5,False
46,Manitoba,2021,336612,Boat Building,secondary,40.986,>=$5M,10,20.7,False
46,Manitoba,2021,336992,"Military Armored Vehicle, Tank, and Tank Component",primary,,<$5M,<2,,True
46,Manitoba,2021,336999,All Other Transportation Equipment Manufacturing,primary,,<$5M,<2,,True
46,Manitoba,2021,541330,Engineering Services,secondary,492.374,>=$5M,211,10.2,False
46,Manitoba,2021,541370,Surveying and Mapping (except Geophysical) Service,secondary,42.336,>=$5M,41,7.0,False
46,Manitoba,2021,541511,Custom Computer Programming Services,secondary,49.473,>=$5M,44,5.4,False
46,Manitoba,2021,ALL,All,all,811.873,>=$5M,325,9.5,False
46,Manitoba,2021,PRIMARY,Primary,primary,54.57,>=$5M,6,16.5,False
46,Manitoba,2021,SECONDARY,Secondary,secondary,757.303,>=$5M,319,9.4,False
46,Manitoba,2022,331110,Iron and Steel Mills and Ferroalloy Manufacturing,secondary,112.761,>=$5M,11,9.0,False
46,Manitoba,2022,333310,Commercial and Service Industry Machinery Manufact,primary,85.531,>=$5M,34,7.9,False
46,Manitoba,2022,334511,"Search, Detection, Navigation, Guidance, Aeronauti",primary,10.017,>=$5M,2,13.5,False
46,Manitoba,2022,334610,Manufacturing and Reproducing Magnetic and Optical,secondary,4.194,<$5M,13,2.5,False
46,Manitoba,2022,336411,Aircraft Manufacturing,primary,39.325,>=$5M,2,32.5,False
46,Manitoba,2022,336612,Boat Building,secondary,40.986,>=$5M,10,20.7,False
46,Manitoba,2022,336992,"Military Armored Vehicle, Tank, and Tank Component",primary,,<$5M,<2,,True
46,Manitoba,2022,336999,All Other Transportation Equipment Manufacturing,primary,2.072,<$5M,2,9.5,False
46,Manitoba,2022,541330,Engineering Services,secondary,516.652,>=$5M,230,9.4,False
46,Manitoba,2022,541370,Surveying and Mapping (except Geophysical) Service,secondary,41.601,>=$5M,40,7.1,False
46,Manitoba,2022,541511,Custom Computer Programming Services,secondary,51.129,>=$5M,45,5.4,False
46,Manitoba,2022,ALL,All,all,909.2,>=$5M,390,8.7,False
46,Manitoba,2022,PRIMARY,Primary,primary,141.877,>=$5M,41,9.4,False
46,Manitoba,2022,SECONDARY,Secondary,secondary,767.323,>=$5M,349,8.7,False
46,Manitoba,2023,331110,Iron and Steel Mills and Ferroalloy Manufacturing,secondary,80.881,>=$5M,9,9.0,False
46,Manitoba,2023,333310,Commercial and Service Industry Machinery Manufact,primary,76.23,>=$5M,34,7.9,False
46,Manitoba,2023,334511,"Search, Detection, Navigation, Guidance, Aeronauti",primary,12.249,>=$5M,3,15.7,False
46,Manitoba,2023,334610,Manufacturing and Reproducing Magnetic and Optical,secondary,5.032,>=$5M,13,2.5,False
46,Manitoba,2023,336411,Aircraft Manufacturing,primary,39.325,>=$5M,2,32.5,False
46,Manitoba,2023,336612,Boat Building,secondary,40.346,>=$5M,10,20.7,False
46,Manitoba,2023,336992,"Military Armored Vehicle, Tank, and Tank Component",primary,,<$5M,<2,,True
46,Manitoba,2023,336999,All Other Transportation Equipment Manufacturing,primary,2.006,<$5M,2,9.5,False
46,Manitoba,2023,541330,Engineering Services,secondary,399.571,>=$5M,227,7.8,False
46,Manitoba,2023,541370,Surveying and Mapping (except Geophysical) Service,secondary,35.539,>=$5M,40,7.0,False
46,Manitoba,2023,541511,Custom Computer Programming Services,secondary,53.566,>=$5M,42,6.6,False
46,Manitoba,2023,ALL,All,all,749.677,>=$5M,383,8.0,False
46,Manitoba,2023,PRIMARY,Primary,primary,134.742,>=$5M,42,9.7,False
46,Manitoba,2023,SECONDARY,Secondary,secondary,614.935,>=$5M,341,7.8,False
46,Manitoba,2024,331110,Iron and Steel Mills and Ferroalloy Manufacturing,secondary,47.034,>=$5M,6,12.2,False
46,Manitoba,2024,332994,"Small Arms, Ordnance, and Ordnance Accessories Man",primary,,>=$5M,<2,,True
46,Manitoba,2024,333310,Commercial and Service Industry Machinery Manufact,primary,43.15,>=$5M,29,8.3,False
46,Manitoba,2024,334511,"Search, Detection, Navigation, Guidance, Aeronauti",primary,15.976,>=$5M,3,22.7,False
46,Manitoba,2024,334610,Manufacturing and Reproducing Magnetic and Optical,secondary,10.916,>=$5M,13,3.8,False
46,Manitoba,2024,336411,Aircraft Manufacturing,primary,,>=$5M,<2,,True
46,Manitoba,2024,336612,Boat Building,secondary,44.539,>=$5M,9,34.2,False
46,Manitoba,2024,336992,"Military Armored Vehicle, Tank, and Tank Component",primary,,<$5M,<2,,True
46,Manitoba,2024,336999,All Other Transportation Equipment Manufacturing,primary,12.168,>=$5M,2,26.5,False
46,Manitoba,2024,541330,Engineering Services,secondary,474.739,>=$5M,225,10.9,False
46,Manitoba,2024,541370,Surveying and Mapping (except Geophysical) Service,secondary,21.777,>=$5M,34,6.5,False
46,Manitoba,2024,541511,Custom Computer Programming Services,secondary,59.478,>=$5M,52,7.6,False
46,Manitoba,2024,ALL,All,all,757.59,>=$5M,376,10.5,False
46,Manitoba,2024,PRIMARY,Primary,primary,99.107,>=$5M,37,12.1,False
46,Manitoba,2024,SECONDARY,Secondary,secondary,658.483,>=$5M,339,10.3,False
46,Manitoba,2025,331110,Iron and Steel Mills and Ferroalloy Manufacturing,secondary,47.678,>=$5M,6,12.3,False
46,Manitoba,2025,332994,"Small Arms, Ordnance, and Ordnance Accessories Man",primary,,<$5M,<2,,True
46,Manitoba,2025,333310,Commercial and Service Industry Machinery Manufact,primary,43.593,>=$5M,29,8.4,False
46,Manitoba,2025,334511,"Search, Detection, Navigation, Guidance, Aeronauti",primary,15.976,>=$5M,3,22.7,False
46,Manitoba,2025,334610,Manufacturing and Reproducing Magnetic and Optical,secondary,10.916,>=$5M,13,3.8,False
46,Manitoba,2025,336411,Aircraft Manufacturing,primary,,>=$5M,<2,,True
46,Manitoba,2025,336612,Boat Building,secondary,44.395,>=$5M,9,34.1,False
46,Manitoba,2025,336992,"Military Armored Vehicle, Tank, and Tank Component",primary,,<$5M,<2,,True
46,Manitoba,2025,336999,All Other Transportation Equipment Manufacturing,primary,12.168,>=$5M,2,26.5,False
46,Manitoba,2025,541330,Engineering Services,secondary,471.617,>=$5M,224,10.8,False
46,Manitoba,2025,541370,Surveying and Mapping (except Geophysical) Service,secondary,20.989,>=$5M,33,6.5,False
46,Manitoba,2025,541511,Custom Computer Programming Services,secondary,63.454,>=$5M,56,7.6,False
46,Manitoba,2025,ALL,All,all,754.092,>=$5M,378,10.4,False
46,Manitoba,2025,PRIMARY,Primary,primary,95.043,>=$5M,37,11.8,False
46,Manitoba,2025,SECONDARY,Secondary,secondary,659.049,>=$5M,341,10.3,False
13,New Brunswick / Nouveau-Brunswick,2017,331110,Iron & Steel Mills & Ferroalloy Manufacturing,secondary,97.954,>=$5M,7,12.3,False
13,New Brunswick / Nouveau-Brunswick,2017,334511,Search Detection & Navigation Instruments,primary,,>=$5M,<2,,True
13,New Brunswick / Nouveau-Brunswick,2017,336411,Aircraft Manufacturing,primary,,<$5M,<2,,True
13,New Brunswick / Nouveau-Brunswick,2017,336612,Boat Building,secondary,4.356,<$5M,4,5.5,False
13,New Brunswick / Nouveau-Brunswick,2017,541330,Engineering Services,secondary,269.965,>=$5M,153,7.7,False
13,New Brunswick / Nouveau-Brunswick,2017,541370,Surveying & Mapping (except Geophysical) Services,secondary,36.309,>=$5M,45,5.5,False
13,New Brunswick / Nouveau-Brunswick,2017,541511,Custom Computer Programming Services,secondary,23.184,>=$5M,14,8.0,False
13,New Brunswick / Nouveau-Brunswick,2017,ALL,All,all,440.906,>=$5M,225,7.4,False
13,New Brunswick / Nouveau-Brunswick,2017,PRIMARY,Primary,primary,9.138,>=$5M,2,12.0,False
13,New Brunswick / Nouveau-Brunswick,2017,SECONDARY,Secondary,secondary,431.768,>=$5M,223,7.3,False
13,New Brunswick / Nouveau-Brunswick,2018,331110,Iron & Steel Mills & Ferroalloy Manufacturing,secondary,97.954,>=$5M,7,12.3,False
13,New Brunswick / Nouveau-Brunswick,2018,334511,Search Detection & Navigation Instruments,primary,,>=$5M,<2,,True
13,New Brunswick / Nouveau-Brunswick,2018,336411,Aircraft Manufacturing,primary,,<$5M,<2,,True
13,New Brunswick / Nouveau-Brunswick,2018,336612,Boat Building,secondary,4.356,<$5M,4,5.5,False
13,New Brunswick / Nouveau-Brunswick,2018,541330,Engineering Services,secondary,346.195,>=$5M,167,9.0,False
13,New Brunswick / Nouveau-Brunswick,2018,541370,Surveying & Mapping (except Geophysical) Services,secondary,36.309,>=$5M,45,5.5,False
13,New Brunswick / Nouveau-Brunswick,2018,541511,Custom Computer Programming Services,secondary,26.91,>=$5M,16,8.1,False
13,New Brunswick / Nouveau-Brunswick,2018,ALL,All,all,520.862,>=$5M,241,8.3,False
13,New Brunswick / Nouveau-Brunswick,2018,PRIMARY,Primary,primary,9.138,>=$5M,2,12.0,False
13,New Brunswick / Nouveau-Brunswick,2018,SECONDARY,Secondary,secondary,511.724,>=$5M,239,8.3,False
13,New Brunswick / Nouveau-Brunswick,2019,331110,Iron & Steel Mills & Ferroalloy Manufacturing,secondary,72.896,>=$5M,6,10.7,False
13,New Brunswick / Nouveau-Brunswick,2019,334511,Search Detection & Navigation Instruments,primary,,>=$5M,<2,,True
13,New Brunswick / Nouveau-Brunswick,2019,336411,Aircraft Manufacturing,primary,,<$5M,<2,,True
13,New Brunswick / Nouveau-Brunswick,2019,336612,Boat Building,secondary,4.158,<$5M,3,7.0,False
13,New Brunswick / Nouveau-Brunswick,2019,541330,Engineering Services,secondary,379.459,>=$5M,192,8.6,False
13,New Brunswick / Nouveau-Brunswick,2019,541370,Surveying & Mapping (except Geophysical) Services,secondary,35.721,>=$5M,45,5.4,False
13,New Brunswick / Nouveau-Brunswick,2019,541511,Custom Computer Programming Services,secondary,51.129,>=$5M,21,11.8,False
13,New Brunswick / Nouveau-Brunswick,2019,ALL,All,all,552.501,>=$5M,269,8.3,False
13,New Brunswick / Nouveau-Brunswick,2019,PRIMARY,Primary,primary,9.138,>=$5M,2,12.0,False
13,New Brunswick / Nouveau-Brunswick,2019,SECONDARY,Secondary,secondary,543.363,>=$5M,267,8.3,False
13,New Brunswick / Nouveau-Brunswick,2020,331110,Iron & Steel Mills & Ferroalloy Manufacturing,secondary,72.896,>=$5M,6,10.7,False
13,New Brunswick / Nouveau-Brunswick,2020,334511,Search Detection & Navigation Instruments,primary,,>=$5M,<2,,True
13,New Brunswick / Nouveau-Brunswick,2020,336411,Aircraft Manufacturing,primary,,<$5M,<2,,True
13,New Brunswick / Nouveau-Brunswick,2020,336612,Boat Building,secondary,4.158,<$5M,3,7.0,False
13,New Brunswick / Nouveau-Brunswick,2020,541330,Engineering Services,secondary,375.763,>=$5M,189,8.6,False
13,New Brunswick / Nouveau-Brunswick,2020,541370,Surveying & Mapping (except Geophysical) Services,secondary,35.427,>=$5M,45,5.4,False
13,New Brunswick / Nouveau-Brunswick,2020,541511,Custom Computer Programming Services,secondary,51.129,>=$5M,21,11.8,False
13,New Brunswick / Nouveau-Brunswick,2020,ALL,All,all,548.511,>=$5M,266,8.4,False
13,New Brunswick / Nouveau-Brunswick,2020,PRIMARY,Primary,primary,9.138,>=$5M,2,12.0,False
13,New Brunswick / Nouveau-Brunswick,2020,SECONDARY,Secondary,secondary,539.373,>=$5M,264,8.3,False
13,New Brunswick / Nouveau-Brunswick,2021,331110,Iron and Steel Mills and Ferroalloy Manufacturing,secondary,72.896,>=$5M,6,10.7,False
13,New Brunswick / Nouveau-Brunswick,2021,334511,"Search, Detection, Navigation, Guidance, Aeronauti",primary,,>=$5M,<2,,True
13,New Brunswick / Nouveau-Brunswick,2021,336411,Aircraft Manufacturing,primary,,<$5M,<2,,True
13,New Brunswick / Nouveau-Brunswick,2021,336612,Boat Building,secondary,4.158,<$5M,3,7.0,False
13,New Brunswick / Nouveau-Brunswick,2021,541330,Engineering Services,secondary,360.286,>=$5M,187,8.3,False
13,New Brunswick / Nouveau-Brunswick,2021,541370,Surveying and Mapping (except Geophysical) Service,secondary,35.721,>=$5M,46,5.3,False
13,New Brunswick / Nouveau-Brunswick,2021,541511,Custom Computer Programming Services,secondary,51.129,>=$5M,21,11.8,False
13,New Brunswick / Nouveau-Brunswick,2021,ALL,All,all,533.328,>=$5M,265,8.1,False
13,New Brunswick / Nouveau-Brunswick,2021,PRIMARY,Primary,primary,9.138,>=$5M,2,12.0,False
13,New Brunswick / Nouveau-Brunswick,2021,SECONDARY,Secondary,secondary,524.19,>=$5M,263,8.1,False
13,New Brunswick / Nouveau-Brunswick,2022,331110,Iron and Steel Mills and Ferroalloy Manufacturing,secondary,72.896,>=$5M,6,10.7,False
13,New Brunswick / Nouveau-Brunswick,2022,333310,Commercial and Service Industry Machinery Manufact,primary,34.246,>=$5M,13,8.1,False
13,New Brunswick / Nouveau-Brunswick,2022,334511,"Search, Detection, Navigation, Guidance, Aeronauti",primary,,>=$5M,<2,,True
13,New Brunswick / Nouveau-Brunswick,2022,334610,Manufacturing and Reproducing Magnetic and Optical,secondary,1.274,<$5M,5,1.4,False
13,New Brunswick / Nouveau-Brunswick,2022,336411,Aircraft Manufacturing,primary,,<$5M,<2,,True
13,New Brunswick / Nouveau-Brunswick,2022,336612,Boat Building,secondary,4.158,<$5M,3,7.0,False
13,New Brunswick / Nouveau-Brunswick,2022,336999,All Other Transportation Equipment Manufacturing,primary,,<$5M,<2,,True
13,New Brunswick / Nouveau-Brunswick,2022,541330,Engineering Services,secondary,368.833,>=$5M,193,8.1,False
13,New Brunswick / Nouveau-Brunswick,2022,541370,Surveying and Mapping (except Geophysical) Service,secondary,36.603,>=$5M,47,5.2,False
13,New Brunswick / Nouveau-Brunswick,2022,541511,Custom Computer Programming Services,secondary,51.129,>=$5M,21,11.7,False
13,New Brunswick / Nouveau-Brunswick,2022,ALL,All,all,578.573,>=$5M,291,7.8,False
13,New Brunswick / Nouveau-Brunswick,2022,PRIMARY,Primary,primary,43.68,>=$5M,16,8.1,False
13,New Brunswick / Nouveau-Brunswick,2022,SECONDARY,Secondary,secondary,534.893,>=$5M,275,7.8,False
13,New Brunswick / Nouveau-Brunswick,2023,331110,Iron and Steel Mills and Ferroalloy Manufacturing,secondary,44.698,>=$5M,6,10.7,False
13,New Brunswick / Nouveau-Brunswick,2023,333310,Commercial and Service Industry Machinery Manufact,primary,33.85,>=$5M,14,7.7,False
13,New Brunswick / Nouveau-Brunswick,2023,334511,"Search, Detection, Navigation, Guidance, Aeronauti",primary,,>=$5M,<2,,True
13,New Brunswick / Nouveau-Brunswick,2023,334610,Manufacturing and Reproducing Magnetic and Optical,secondary,1.52,<$5M,5,1.4,False
13,New Brunswick / Nouveau-Brunswick,2023,336411,Aircraft Manufacturing,primary,,<$5M,<2,,True
13,New Brunswick / Nouveau-Brunswick,2023,336612,Boat Building,secondary,3.038,<$5M,3,7.0,False
13,New Brunswick / Nouveau-Brunswick,2023,336999,All Other Transportation Equipment Manufacturing,primary,,<$5M,<2,,True
13,New Brunswick / Nouveau-Brunswick,2023,541330,Engineering Services,secondary,353.614,>=$5M,186,8.2,False
13,New Brunswick / Nouveau-Brunswick,2023,541370,Surveying and Mapping (except Geophysical) Service,secondary,33.45,>=$5M,46,5.2,False
13,New Brunswick / Nouveau-Brunswick,2023,541511,Custom Computer Programming Services,secondary,64.393,>=$5M,20,12.2,False
13,New Brunswick / Nouveau-Brunswick,2023,ALL,All,all,543.931,>=$5M,283,7.9,False
13,New Brunswick / Nouveau-Brunswick,2023,PRIMARY,Primary,primary,43.218,>=$5M,17,7.8,False
13,New Brunswick / Nouveau-Brunswick,2023,SECONDARY,Secondary,secondary,500.713,>=$5M,266,7.9,False
13,New Brunswick / Nouveau-Brunswick,2024,331110,Iron and Steel Mills and Ferroalloy Manufacturing,secondary,39.946,>=$5M,5,12.4,False
13,New Brunswick / Nouveau-Brunswick,2024,333310,Commercial and Service Industry Machinery Manufact,primary,16.85,>=$5M,13,7.4,False
13,New Brunswick / Nouveau-Brunswick,2024,334511,"Search, Detection, Navigation, Guidance, Aeronauti",primary,,>=$5M,<2,,True
13,New Brunswick / Nouveau-Brunswick,2024,334610,Manufacturing and Reproducing Magnetic and Optical,secondary,0.997,<$5M,3,1.7,False
13,New Brunswick / Nouveau-Brunswick,2024,336411,Aircraft Manufacturing,primary,,<$5M,<2,,True
13,New Brunswick / Nouveau-Brunswick,2024,336612,Boat Building,secondary,3.038,<$5M,3,7.0,False
13,New Brunswick / Nouveau-Brunswick,2024,336999,All Other Transportation Equipment Manufacturing,primary,,<$5M,<2,,True
13,New Brunswick / Nouveau-Brunswick,2024,541330,Engineering Services,secondary,461.594,>=$5M,181,13.1,False
13,New Brunswick / Nouveau-Brunswick,2024,541370,Surveying and Mapping (except Geophysical) Service,secondary,18.627,>=$5M,44,4.3,False
13,New Brunswick / Nouveau-Brunswick,2024,541511,Custom Computer Programming Services,secondary,45.186,>=$5M,22,13.7,False
13,New Brunswick / Nouveau-Brunswick,2024,ALL,All,all,600.576,>=$5M,274,11.3,False
13,New Brunswick / Nouveau-Brunswick,2024,PRIMARY,Primary,primary,31.188,>=$5M,16,9.6,False
13,New Brunswick / Nouveau-Brunswick,2024,SECONDARY,Secondary,secondary,569.388,>=$5M,258,11.4,False
13,New Brunswick / Nouveau-Brunswick,2025,331110,Iron and Steel Mills and Ferroalloy Manufacturing,secondary,39.946,>=$5M,5,12.4,False
13,New Brunswick / Nouveau-Brunswick,2025,333310,Commercial and Service Industry Machinery Manufact,primary,16.85,>=$5M,13,7.4,False
13,New Brunswick / Nouveau-Brunswick,2025,334511,"Search, Detection, Navigation, Guidance, Aeronauti",primary,,>=$5M,<2,,True
13,New Brunswick / Nouveau-Brunswick,2025,334610,Manufacturing and Reproducing Magnetic and Optical,secondary,0.997,<$5M,3,1.7,False
13,New Brunswick / Nouveau-Brunswick,2025,336411,Aircraft Manufacturing,primary,,<$5M,<2,,True
13,New Brunswick / Nouveau-Brunswick,2025,336612,Boat Building,secondary,3.038,<$5M,3,7.0,False
13,New Brunswick / Nouveau-Brunswick,2025,336999,All Other Transportation Equipment Manufacturing,primary,,<$5M,<2,,True
13,New Brunswick / Nouveau-Brunswick,2025,541330,Engineering Services,secondary,482.648,>=$5M,186,13.3,False
13,New Brunswick / Nouveau-Brunswick,2025,541370,Surveying and Mapping (except Geophysical) Service,secondary,19.122,>=$5M,44,4.4,False
13,New Brunswick / Nouveau-Brunswick,2025,541511,Custom Computer Programming Services,secondary,63.502,>=$5M,25,14.0,False
13,New Brunswick / Nouveau-Brunswick,2025,ALL,All,all,639.266,>=$5M,282,11.6,False
13,New Brunswick / Nouveau-Brunswick,2025,PRIMARY,Primary,primary,30.013,>=$5M,16,9.4,False
13,New Brunswick / Nouveau-Brunswick,2025,SECONDARY,Secondary,secondary,609.253,>=$5M,266,11.7,False
10,Newfoundland and Labrador / Terre-Neuve-et-Labrador,2017,325920,Explosives Manufacturing,primary,,<$5M,<2,,True
10,Newfoundland and Labrador / Terre-Neuve-et-Labrador,2017,331110,Iron & Steel Mills & Ferroalloy Manufacturing,secondary,5.695,>=$5M,2,2.5,False
10,Newfoundland and Labrador / Terre-Neuve-et-Labrador,2017,336611,Ship Building & Repairing,secondary,7.548,>=$5M,6,5.7,False
10,Newfoundland and Labrador / Terre-Neuve-et-Labrador,2017,336612,Boat Building,secondary,20.988,>=$5M,11,9.6,False
10,Newfoundland and Labrador / Terre-Neuve-et-Labrador,2017,541330,Engineering Services,secondary,241.395,>=$5M,104,10.0,False
10,Newfoundland and Labrador / Terre-Neuve-et-Labrador,2017,541370,Surveying & Mapping (except Geophysical) Services,secondary,29.841,>=$5M,46,4.4,False
10,Newfoundland and Labrador / Terre-Neuve-et-Labrador,2017,541511,Custom Computer Programming Services,secondary,6.21,>=$5M,6,5.0,False
10,Newfoundland and Labrador / Terre-Neuve-et-Labrador,2017,ALL,All,all,312.646,>=$5M,176,8.1,False
10,Newfoundland and Labrador / Terre-Neuve-et-Labrador,2017,PRIMARY,Primary,primary,,<$5M,<2,,True
10,Newfoundland and Labrador / Terre-Neuve-et-Labrador,2017,SECONDARY,Secondary,secondary,311.677,>=$5M,175,8.1,False
10,Newfoundland and Labrador / Terre-Neuve-et-Labrador,2018,325920,Explosives Manufacturing,primary,,<$5M,<2,,True
10,Newfoundland and Labrador / Terre-Neuve-et-Labrador,2018,331110,Iron & Steel Mills & Ferroalloy Manufacturing,secondary,5.695,>=$5M,2,2.5,False
10,Newfoundland and Labrador / Terre-Neuve-et-Labrador,2018,336611,Ship Building & Repairing,secondary,7.548,>=$5M,6,5.7,False
10,Newfoundland and Labrador / Terre-Neuve-et-Labrador,2018,336612,Boat Building,secondary,18.81,>=$5M,9,10.6,False
10,Newfoundland and Labrador / Terre-Neuve-et-Labrador,2018,541330,Engineering Services,secondary,253.176,>=$5M,107,10.2,False
10,Newfoundland and Labrador / Terre-Neuve-et-Labrador,2018,541370,Surveying & Mapping (except Geophysical) Services,secondary,33.516,>=$5M,50,4.6,False
10,Newfoundland and Labrador / Terre-Neuve-et-Labrador,2018,541511,Custom Computer Programming Services,secondary,6.831,>=$5M,7,4.7,False
10,Newfoundland and Labrador / Terre-Neuve-et-Labrador,2018,ALL,All,all,326.545,>=$5M,182,8.2,False
10,Newfoundland and Labrador / Terre-Neuve-et-Labrador,2018,PRIMARY,Primary,primary,,<$5M,<2,,True
10,Newfoundland and Labrador / Terre-Neuve-et-Labrador,2018,SECONDARY,Secondary,secondary,325.576,>=$5M,181,8.2,False
10,Newfoundland and Labrador / Terre-Neuve-et-Labrador,2019,325920,Explosives Manufacturing,primary,4.199,<$5M,2,6.5,False
10,Newfoundland and Labrador / Terre-Neuve-et-Labrador,2019,331110,Iron & Steel Mills & Ferroalloy Manufacturing,secondary,5.695,>=$5M,2,2.5,False
10,Newfoundland and Labrador / Terre-Neuve-et-Labrador,2019,336611,Ship Building & Repairing,secondary,7.548,>=$5M,6,5.7,False
10,Newfoundland and Labrador / Terre-Neuve-et-Labrador,2019,336612,Boat Building,secondary,18.81,>=$5M,9,10.6,False
10,Newfoundland and Labrador / Terre-Neuve-et-Labrador,2019,541330,Engineering Services,secondary,416.493,>=$5M,126,14.3,False
10,Newfoundland and Labrador / Terre-Neuve-et-Labrador,2019,541370,Surveying & Mapping (except Geophysical) Services,secondary,32.193,>=$5M,48,4.6,False
10,Newfoundland and Labrador / Terre-Neuve-et-Labrador,2019,541511,Custom Computer Programming Services,secondary,9.315,>=$5M,10,4.5,False
10,Newfoundland and Labrador / Terre-Neuve-et-Labrador,2019,ALL,All,all,494.253,>=$5M,203,10.9,False
10,Newfoundland and Labrador / Terre-Neuve-et-Labrador,2019,PRIMARY,Primary,primary,4.199,<$5M,2,6.5,False
10,Newfoundland and Labrador / Terre-Neuve-et-Labrador,2019,SECONDARY,Secondary,secondary,490.054,>=$5M,201,11.0,False
10,Newfoundland and Labrador / Terre-Neuve-et-Labrador,2020,325920,Explosives Manufacturing,primary,,<$5M,<2,,True
10,Newfoundland and Labrador / Terre-Neuve-et-Labrador,2020,331110,Iron & Steel Mills & Ferroalloy Manufacturing,secondary,5.695,>=$5M,2,2.5,False
10,Newfoundland and Labrador / Terre-Neuve-et-Labrador,2020,336611,Ship Building & Repairing,secondary,7.548,>=$5M,6,5.7,False
10,Newfoundland and Labrador / Terre-Neuve-et-Labrador,2020,336612,Boat Building,secondary,18.81,>=$5M,9,10.6,False
10,Newfoundland and Labrador / Terre-Neuve-et-Labrador,2020,541330,Engineering Services,secondary,361.746,>=$5M,126,12.4,False
10,Newfoundland and Labrador / Terre-Neuve-et-Labrador,2020,541370,Surveying & Mapping (except Geophysical) Services,secondary,32.928,>=$5M,49,4.5,False
10,Newfoundland and Labrador / Terre-Neuve-et-Labrador,2020,541511,Custom Computer Programming Services,secondary,11.178,>=$5M,12,4.5,False
10,Newfoundland and Labrador / Terre-Neuve-et-Labrador,2020,ALL,All,all,438.874,>=$5M,205,9.6,False
10,Newfoundland and Labrador / Terre-Neuve-et-Labrador,2020,PRIMARY,Primary,primary,,<$5M,<2,,True
10,Newfoundland and Labrador / Terre-Neuve-et-Labrador,2020,SECONDARY,Secondary,secondary,437.905,>=$5M,204,9.7,False
10,Newfoundland and Labrador / Terre-Neuve-et-Labrador,2021,325920,Explosives Manufacturing,primary,,<$5M,<2,,True
10,Newfoundland and Labrador / Terre-Neuve-et-Labrador,2021,331110,Iron and Steel Mills and Ferroalloy Manufacturing,secondary,5.695,>=$5M,2,2.5,False
10,Newfoundland and Labrador / Terre-Neuve-et-Labrador,2021,336611,Ship Building and Repairing,secondary,7.548,>=$5M,6,5.7,False
10,Newfoundland and Labrador / Terre-Neuve-et-Labrador,2021,336612,Boat Building,secondary,18.81,>=$5M,9,10.6,False
10,Newfoundland and Labrador / Terre-Neuve-et-Labrador,2021,541330,Engineering Services,secondary,299.838,>=$5M,119,11.0,False
10,Newfoundland and Labrador / Terre-Neuve-et-Labrador,2021,541370,Surveying and Mapping (except Geophysical) Service,secondary,32.928,>=$5M,49,4.5,False
10,Newfoundland and Labrador / Terre-Neuve-et-Labrador,2021,541511,Custom Computer Programming Services,secondary,10.764,>=$5M,11,4.7,False
10,Newfoundland and Labrador / Terre-Neuve-et-Labrador,2021,ALL,All,all,376.552,>=$5M,197,8.7,False
10,Newfoundland and Labrador / Terre-Neuve-et-Labrador,2021,PRIMARY,Primary,primary,,<$5M,<2,,True
10,Newfoundland and Labrador / Terre-Neuve-et-Labrador,2021,SECONDARY,Secondary,secondary,375.583,>=$5M,196,8.8,False
10,Newfoundland and Labrador / Terre-Neuve-et-Labrador,2022,325920,Explosives Manufacturing,primary,,<$5M,<2,,True
10,Newfoundland and Labrador / Terre-Neuve-et-Labrador,2022,331110,Iron and Steel Mills and Ferroalloy Manufacturing,secondary,5.695,>=$5M,2,2.5,False
10,Newfoundland and Labrador / Terre-Neuve-et-Labrador,2022,333310,Commercial and Service Industry Machinery Manufact,primary,6.326,>=$5M,4,4.8,False
10,Newfoundland and Labrador / Terre-Neuve-et-Labrador,2022,334610,Manufacturing and Reproducing Magnetic and Optical,secondary,,<$5M,<2,,True
10,Newfoundland and Labrador / Terre-Neuve-et-Labrador,2022,336611,Ship Building and Repairing,secondary,7.548,>=$5M,6,5.7,False
10,Newfoundland and Labrador / Terre-Neuve-et-Labrador,2022,336612,Boat Building,secondary,18.81,>=$5M,9,10.6,False
10,Newfoundland and Labrador / Terre-Neuve-et-Labrador,2022,541330,Engineering Services,secondary,309.436,>=$5M,126,10.5,False
10,Newfoundland and Labrador / Terre-Neuve-et-Labrador,2022,541370,Surveying and Mapping (except Geophysical) Service,secondary,34.104,>=$5M,51,4.4,False
10,Newfoundland and Labrador / Terre-Neuve-et-Labrador,2022,541511,Custom Computer Programming Services,secondary,31.257,>=$5M,11,13.7,False
10,Newfoundland and Labrador / Terre-Neuve-et-Labrador,2022,ALL,All,all,414.347,>=$5M,211,8.8,False
10,Newfoundland and Labrador / Terre-Neuve-et-Labrador,2022,PRIMARY,Primary,primary,7.295,>=$5M,5,4.4,False
10,Newfoundland and Labrador / Terre-Neuve-et-Labrador,2022,SECONDARY,Secondary,secondary,407.052,>=$5M,206,8.9,False
10,Newfoundland and Labrador / Terre-Neuve-et-Labrador,2023,325920,Explosives Manufacturing,primary,,<$5M,<2,,True
10,Newfoundland and Labrador / Terre-Neuve-et-Labrador,2023,331110,Iron and Steel Mills and Ferroalloy Manufacturing,secondary,5.695,>=$5M,2,2.5,False
10,Newfoundland and Labrador / Terre-Neuve-et-Labrador,2023,333310,Commercial and Service Industry Machinery Manufact,primary,6.19,>=$5M,4,4.8,False
10,Newfoundland and Labrador / Terre-Neuve-et-Labrador,2023,334511,"Search, Detection, Navigation, Guidance, Aeronauti",primary,,<$5M,<2,,True
10,Newfoundland and Labrador / Terre-Neuve-et-Labrador,2023,334610,Manufacturing and Reproducing Magnetic and Optical,secondary,,<$5M,<2,,True
10,Newfoundland and Labrador / Terre-Neuve-et-Labrador,2023,336611,Ship Building and Repairing,secondary,7.886,>=$5M,6,5.7,False
10,Newfoundland and Labrador / Terre-Neuve-et-Labrador,2023,336612,Boat Building,secondary,15.021,>=$5M,9,10.6,False
10,Newfoundland and Labrador / Terre-Neuve-et-Labrador,2023,541330,Engineering Services,secondary,210.439,>=$5M,116,7.8,False
10,Newfoundland and Labrador / Terre-Neuve-et-Labrador,2023,541370,Surveying and Mapping (except Geophysical) Service,secondary,30.284,>=$5M,52,4.3,False
10,Newfoundland and Labrador / Terre-Neuve-et-Labrador,2023,541511,Custom Computer Programming Services,secondary,30.143,>=$5M,11,13.4,False
10,Newfoundland and Labrador / Terre-Neuve-et-Labrador,2023,ALL,All,all,310.509,>=$5M,203,7.1,False
10,Newfoundland and Labrador / Terre-Neuve-et-Labrador,2023,PRIMARY,Primary,primary,10.839,>=$5M,6,5.3,False
10,Newfoundland and Labrador / Terre-Neuve-et-Labrador,2023,SECONDARY,Secondary,secondary,299.67,>=$5M,197,7.2,False
10,Newfoundland and Labrador / Terre-Neuve-et-Labrador,2024,325920,Explosives Manufacturing,primary,,<$5M,<2,,True
10,Newfoundland and Labrador / Terre-Neuve-et-Labrador,2024,331110,Iron and Steel Mills and Ferroalloy Manufacturing,secondary,3.222,<$5M,2,2.5,False
10,Newfoundland and Labrador / Terre-Neuve-et-Labrador,2024,333310,Commercial and Service Industry Machinery Manufact,primary,2.8,<$5M,3,5.3,False
10,Newfoundland and Labrador / Terre-Neuve-et-Labrador,2024,334511,"Search, Detection, Navigation, Guidance, Aeronauti",primary,,<$5M,<2,,True
10,Newfoundland and Labrador / Terre-Neuve-et-Labrador,2024,334610,Manufacturing and Reproducing Magnetic and Optical,secondary,,<$5M,<2,,True
10,Newfoundland and Labrador / Terre-Neuve-et-Labrador,2024,336611,Ship Building and Repairing,secondary,41.727,>=$5M,6,25.0,False
10,Newfoundland and Labrador / Terre-Neuve-et-Labrador,2024,336612,Boat Building,secondary,11.715,>=$5M,7,11.6,False
10,Newfoundland and Labrador / Terre-Neuve-et-Labrador,2024,541330,Engineering Services,secondary,303.483,>=$5M,112,13.8,False
10,Newfoundland and Labrador / Terre-Neuve-et-Labrador,2024,541370,Surveying and Mapping (except Geophysical) Service,secondary,18.925,>=$5M,46,4.2,False
10,Newfoundland and Labrador / Terre-Neuve-et-Labrador,2024,541511,Custom Computer Programming Services,secondary,20.799,>=$5M,10,13.9,False
10,Newfoundland and Labrador / Terre-Neuve-et-Labrador,2024,ALL,All,all,405.927,>=$5M,189,11.3,False
10,Newfoundland and Labrador / Terre-Neuve-et-Labrador,2024,PRIMARY,Primary,primary,5.783,>=$5M,5,5.8,False
10,Newfoundland and Labrador / Terre-Neuve-et-Labrador,2024,SECONDARY,Secondary,secondary,400.144,>=$5M,184,11.5,False
10,Newfoundland and Labrador / Terre-Neuve-et-Labrador,2025,325920,Explosives Manufacturing,primary,,<$5M,<2,,True
10,Newfoundland and Labrador / Terre-Neuve-et-Labrador,2025,331110,Iron and Steel Mills and Ferroalloy Manufacturing,secondary,3.222,<$5M,2,2.5,False
10,Newfoundland and Labrador / Terre-Neuve-et-Labrador,2025,333310,Commercial and Service Industry Machinery Manufact,primary,2.8,<$5M,3,5.3,False
10,Newfoundland and Labrador / Terre-Neuve-et-Labrador,2025,334511,"Search, Detection, Navigation, Guidance, Aeronauti",primary,,<$5M,<2,,True
10,Newfoundland and Labrador / Terre-Neuve-et-Labrador,2025,334610,Manufacturing and Reproducing Magnetic and Optical,secondary,,<$5M,<2,,True
10,Newfoundland and Labrador / Terre-Neuve-et-Labrador,2025,336611,Ship Building and Repairing,secondary,40.336,>=$5M,6,24.2,False
10,Newfoundland and Labrador / Terre-Neuve-et-Labrador,2025,336612,Boat Building,secondary,11.715,>=$5M,7,11.6,False
10,Newfoundland and Labrador / Terre-Neuve-et-Labrador,2025,541330,Engineering Services,secondary,333.309,>=$5M,116,14.8,False
10,Newfoundland and Labrador / Terre-Neuve-et-Labrador,2025,541370,Surveying and Mapping (except Geophysical) Service,secondary,19.024,>=$5M,46,4.2,False
10,Newfoundland and Labrador / Terre-Neuve-et-Labrador,2025,541511,Custom Computer Programming Services,secondary,5.839,>=$5M,9,4.3,False
10,Newfoundland and Labrador / Terre-Neuve-et-Labrador,2025,ALL,All,all,419.501,>=$5M,192,11.5,False
10,Newfoundland and Labrador / Terre-Neuve-et-Labrador,2025,PRIMARY,Primary,primary,5.783,>=$5M,5,5.8,False
10,Newfoundland and Labrador / Terre-Neuve-et-Labrador,2025,SECONDARY,Secondary,secondary,413.718,>=$5M,187,11.6,False
61,Northwest Territories / Territoires du Nord-Ouest,2017,336611,Ship Building & Repairing,secondary,1.998,<$5M,2,4.5,False
61,Northwest Territories / Territoires du Nord-Ouest,2017,541330,Engineering Services,secondary,8.547,>=$5M,7,5.3,False
61,Northwest Territories / Territoires du Nord-Ouest,2017,541370,Surveying & Mapping (except Geophysical) Services,secondary,5.145,>=$5M,8,4.4,False
61,Northwest Territories / Territoires du Nord-Ouest,2017,541511,Custom Computer Programming Services,secondary,,<$5M,<2,,True
61,Northwest Territories / Territoires du Nord-Ouest,2017,ALL,All,all,16.518,>=$5M,18,4.7,False
61,Northwest Territories / Territoires du Nord-Ouest,2017,SECONDARY,Secondary,secondary,16.518,>=$5M,18,4.7,False
61,Northwest Territories / Territoires du Nord-Ouest,2018,336611,Ship Building & Repairing,secondary,1.998,<$5M,2,4.5,False
61,Northwest Territories / Territoires du Nord-Ouest,2018,541330,Engineering Services,secondary,12.243,>=$5M,11,4.8,False
61,Northwest Territories / Territoires du Nord-Ouest,2018,541370,Surveying & Mapping (except Geophysical) Services,secondary,12.054,>=$5M,11,7.5,False
61,Northwest Territories / Territoires du Nord-Ouest,2018,541511,Custom Computer Programming Services,secondary,,<$5M,<2,,True
61,Northwest Territories / Territoires du Nord-Ouest,2018,ALL,All,all,27.123,>=$5M,25,5.9,False
61,Northwest Territories / Territoires du Nord-Ouest,2018,SECONDARY,Secondary,secondary,27.123,>=$5M,25,5.9,False
61,Northwest Territories / Territoires du Nord-Ouest,2019,325920,Explosives Manufacturing,primary,,<$5M,<2,,True
61,Northwest Territories / Territoires du Nord-Ouest,2019,336611,Ship Building & Repairing,secondary,1.998,<$5M,2,4.5,False
61,Northwest Territories / Territoires du Nord-Ouest,2019,541330,Engineering Services,secondary,24.024,>=$5M,19,5.5,False
61,Northwest Territories / Territoires du Nord-Ouest,2019,541370,Surveying & Mapping (except Geophysical) Services,secondary,12.054,>=$5M,11,7.5,False
61,Northwest Territories / Territoires du Nord-Ouest,2019,541511,Custom Computer Programming Services,secondary,,<$5M,<2,,True
61,Northwest Territories / Territoires du Nord-Ouest,2019,ALL,All,all,40.196,>=$5M,34,6.0,False
61,Northwest Territories / Territoires du Nord-Ouest,2019,PRIMARY,Primary,primary,,<$5M,<2,,True
61,Northwest Territories / Territoires du Nord-Ouest,2019,SECONDARY,Secondary,secondary,38.904,>=$5M,33,6.0,False
61,Northwest Territories / Territoires du Nord-Ouest,2020,325920,Explosives Manufacturing,primary,,<$5M,<2,,True
61,Northwest Territories / Territoires du Nord-Ouest,2020,336611,Ship Building & Repairing,secondary,1.998,<$5M,2,4.5,False
61,Northwest Territories / Territoires du Nord-Ouest,2020,541330,Engineering Services,secondary,32.802,>=$5M,21,6.8,False
61,Northwest Territories / Territoires du Nord-Ouest,2020,541370,Surveying & Mapping (except Geophysical) Services,secondary,12.054,>=$5M,11,7.5,False
61,Northwest Territories / Territoires du Nord-Ouest,2020,541511,Custom Computer Programming Services,secondary,,<$5M,<2,,True
61,Northwest Territories / Territoires du Nord-Ouest,2020,ALL,All,all,48.974,>=$5M,36,6.7,False
61,Northwest Territories / Territoires du Nord-Ouest,2020,PRIMARY,Primary,primary,,<$5M,<2,,True
61,Northwest Territories / Territoires du Nord-Ouest,2020,SECONDARY,Secondary,secondary,47.682,>=$5M,35,6.8,False
61,Northwest Territories / Territoires du Nord-Ouest,2021,325920,Explosives Manufacturing,primary,,<$5M,<2,,True
61,Northwest Territories / Territoires du Nord-Ouest,2021,336611,Ship Building and Repairing,secondary,1.998,<$5M,2,4.5,False
61,Northwest Territories / Territoires du Nord-Ouest,2021,541330,Engineering Services,secondary,21.252,>=$5M,18,5.3,False
61,Northwest Territories / Territoires du Nord-Ouest,2021,541370,Surveying and Mapping (except Geophysical) Service,secondary,10.584,>=$5M,10,7.2,False
61,Northwest Territories / Territoires du Nord-Ouest,2021,541511,Custom Computer Programming Services,secondary,,<$5M,<2,,True
61,Northwest Territories / Territoires du Nord-Ouest,2021,ALL,All,all,35.954,>=$5M,32,5.8,False
61,Northwest Territories / Territoires du Nord-Ouest,2021,PRIMARY,Primary,primary,,<$5M,<2,,True
61,Northwest Territories / Territoires du Nord-Ouest,2021,SECONDARY,Secondary,secondary,34.662,>=$5M,31,5.8,False
61,Northwest Territories / Territoires du Nord-Ouest,2022,325920,Explosives Manufacturing,primary,,<$5M,<2,,True
61,Northwest Territories / Territoires du Nord-Ouest,2022,333310,Commercial and Service Industry Machinery Manufact,primary,,<$5M,<2,,True
61,Northwest Territories / Territoires du Nord-Ouest,2022,336611,Ship Building and Repairing,secondary,1.998,<$5M,2,4.5,False
61,Northwest Territories / Territoires du Nord-Ouest,2022,541330,Engineering Services,secondary,21.021,>=$5M,17,5.6,False
61,Northwest Territories / Territoires du Nord-Ouest,2022,541370,Surveying and Mapping (except Geophysical) Service,secondary,10.584,>=$5M,10,7.2,False
61,Northwest Territories / Territoires du Nord-Ouest,2022,541511,Custom Computer Programming Services,secondary,,<$5M,<2,,True
61,Northwest Territories / Territoires du Nord-Ouest,2022,ALL,All,all,38.045,>=$5M,32,5.9,False
61,Northwest Territories / Territoires du Nord-Ouest,2022,PRIMARY,Primary,primary,3.614,<$5M,2,5.0,False
61,Northwest Territories / Territoires du Nord-Ouest,2022,SECONDARY,Secondary,secondary,34.431,>=$5M,30,6.0,False
61,Northwest Territories / Territoires du Nord-Ouest,2023,333310,Commercial and Service Industry Machinery Manufact,primary,,<$5M,<2,,True
61,Northwest Territories / Territoires du Nord-Ouest,2023,336611,Ship Building and Repairing,secondary,1.998,<$5M,2,4.5,False
61,Northwest Territories / Territoires du Nord-Ouest,2023,541330,Engineering Services,secondary,12.273,>=$5M,13,4.2,False
61,Northwest Territories / Territoires du Nord-Ouest,2023,541370,Surveying and Mapping (except Geophysical) Service,secondary,10.488,>=$5M,10,7.2,False
61,Northwest Territories / Territoires du Nord-Ouest,2023,541511,Custom Computer Programming Services,secondary,,<$5M,<2,,True
61,Northwest Territories / Territoires du Nord-Ouest,2023,ALL,All,all,27.909,>=$5M,27,5.4,False
61,Northwest Territories / Territoires du Nord-Ouest,2023,PRIMARY,Primary,primary,,<$5M,<2,,True
61,Northwest Territories / Territoires du Nord-Ouest,2023,SECONDARY,Secondary,secondary,25.587,>=$5M,26,5.4,False
61,Northwest Territories / Territoires du Nord-Ouest,2024,333310,Commercial and Service Industry Machinery Manufact,primary,,<$5M,<2,,True
61,Northwest Territories / Territoires du Nord-Ouest,2024,336611,Ship Building and Repairing,secondary,2.505,<$5M,2,4.5,False
61,Northwest Territories / Territoires du Nord-Ouest,2024,541330,Engineering Services,secondary,27.487,>=$5M,15,9.4,False
61,Northwest Territories / Territoires du Nord-Ouest,2024,541370,Surveying and Mapping (except Geophysical) Service,secondary,1.677,<$5M,8,2.1,False
61,Northwest Territories / Territoires du Nord-Ouest,2024,541511,Custom Computer Programming Services,secondary,,<$5M,<2,,True
61,Northwest Territories / Territoires du Nord-Ouest,2024,ALL,All,all,33.097,>=$5M,27,6.5,False
61,Northwest Territories / Territoires du Nord-Ouest,2024,PRIMARY,Primary,primary,,<$5M,<2,,True
61,Northwest Territories / Territoires du Nord-Ouest,2024,SECONDARY,Secondary,secondary,31.969,>=$5M,26,6.5,False
61,Northwest Territories / Territoires du Nord-Ouest,2025,333310,Commercial and Service Industry Machinery Manufact,primary,,<$5M,<2,,True
61,Northwest Territories / Territoires du Nord-Ouest,2025,336611,Ship Building and Repairing,secondary,0.836,<$5M,2,1.5,False
61,Northwest Territories / Territoires du Nord-Ouest,2025,541330,Engineering Services,secondary,30.411,>=$5M,16,9.8,False
61,Northwest Territories / Territoires du Nord-Ouest,2025,541370,Surveying and Mapping (except Geophysical) Service,secondary,1.382,<$5M,7,2.0,False
61,Northwest Territories / Territoires du Nord-Ouest,2025,541511,Custom Computer Programming Services,secondary,,<$5M,<2,,True
61,Northwest Territories / Territoires du Nord-Ouest,2025,ALL,All,all,34.057,>=$5M,27,6.7,False
61,Northwest Territories / Territoires du Nord-Ouest,2025,PRIMARY,Primary,primary,,<$5M,<2,,True
61,Northwest Territories / Territoires du Nord-Ouest,2025,SECONDARY,Secondary,secondary,32.929,>=$5M,26,6.7,False
12,Nova Scotia / Nouvelle-Écosse,2017,325920,Explosives Manufacturing,primary,,>=$5M,<2,,True
12,Nova Scotia / Nouvelle-Écosse,2017,331110,Iron & Steel Mills & Ferroalloy Manufacturing,secondary,52.394,>=$5M,7,6.6,False
12,Nova Scotia / Nouvelle-Écosse,2017,336611,Ship Building & Repairing,secondary,29.526,>=$5M,6,22.2,False
12,Nova Scotia / Nouvelle-Écosse,2017,336612,Boat Building,secondary,47.322,>=$5M,27,8.9,False
12,Nova Scotia / Nouvelle-Écosse,2017,541330,Engineering Services,secondary,265.054,>=$5M,175,6.6,False
12,Nova Scotia / Nouvelle-Écosse,2017,541370,Surveying & Mapping (except Geophysical) Services,secondary,84.525,>=$5M,99,5.8,False
12,Nova Scotia / Nouvelle-Écosse,2017,541511,Custom Computer Programming Services,secondary,43.884,>=$5M,27,7.9,False
12,Nova Scotia / Nouvelle-Écosse,2017,ALL,All,all,527.873,>=$5M,342,6.9,False
12,Nova Scotia / Nouvelle-Écosse,2017,PRIMARY,Primary,primary,,>=$5M,<2,,True
12,Nova Scotia / Nouvelle-Écosse,2017,SECONDARY,Secondary,secondary,522.705,>=$5M,341,6.9,False
12,Nova Scotia / Nouvelle-Écosse,2018,325920,Explosives Manufacturing,primary,,>=$5M,<2,,True
12,Nova Scotia / Nouvelle-Écosse,2018,331110,Iron & Steel Mills & Ferroalloy Manufacturing,secondary,54.672,>=$5M,7,6.9,False
12,Nova Scotia / Nouvelle-Écosse,2018,336611,Ship Building & Repairing,secondary,29.526,>=$5M,6,22.2,False
12,Nova Scotia / Nouvelle-Écosse,2018,336612,Boat Building,secondary,46.728,>=$5M,26,9.1,False
12,Nova Scotia / Nouvelle-Écosse,2018,541330,Engineering Services,secondary,297.163,>=$5M,189,6.8,False
12,Nova Scotia / Nouvelle-Écosse,2018,541370,Surveying & Mapping (except Geophysical) Services,secondary,84.819,>=$5M,99,5.8,False
12,Nova Scotia / Nouvelle-Écosse,2018,541511,Custom Computer Programming Services,secondary,45.954,>=$5M,29,7.7,False
12,Nova Scotia / Nouvelle-Écosse,2018,ALL,All,all,564.03,>=$5M,357,7.1,False
12,Nova Scotia / Nouvelle-Écosse,2018,PRIMARY,Primary,primary,,>=$5M,<2,,True
12,Nova Scotia / Nouvelle-Écosse,2018,SECONDARY,Secondary,secondary,558.862,>=$5M,356,7.0,False
12,Nova Scotia / Nouvelle-Écosse,2019,325920,Explosives Manufacturing,primary,6.46,>=$5M,2,10.0,False
12,Nova Scotia / Nouvelle-Écosse,2019,331110,Iron & Steel Mills & Ferroalloy Manufacturing,secondary,64.923,>=$5M,8,7.1,False
12,Nova Scotia / Nouvelle-Écosse,2019,336611,Ship Building & Repairing,secondary,40.626,>=$5M,7,26.1,False
12,Nova Scotia / Nouvelle-Écosse,2019,336612,Boat Building,secondary,46.53,>=$5M,25,9.4,False
12,Nova Scotia / Nouvelle-Écosse,2019,541330,Engineering Services,secondary,390.748,>=$5M,217,7.8,False
12,Nova Scotia / Nouvelle-Écosse,2019,541370,Surveying & Mapping (except Geophysical) Services,secondary,89.817,>=$5M,107,5.7,False
12,Nova Scotia / Nouvelle-Écosse,2019,541511,Custom Computer Programming Services,secondary,49.266,>=$5M,35,6.8,False
12,Nova Scotia / Nouvelle-Écosse,2019,ALL,All,all,688.37,>=$5M,401,7.6,False
12,Nova Scotia / Nouvelle-Écosse,2019,PRIMARY,Primary,primary,6.46,>=$5M,2,10.0,False
12,Nova Scotia / Nouvelle-Écosse,2019,SECONDARY,Secondary,secondary,681.91,>=$5M,399,7.6,False
12,Nova Scotia / Nouvelle-Écosse,2020,325920,Explosives Manufacturing,primary,,>=$5M,<2,,True
12,Nova Scotia / Nouvelle-Écosse,2020,331110,Iron & Steel Mills & Ferroalloy Manufacturing,secondary,54.672,>=$5M,7,6.9,False
12,Nova Scotia / Nouvelle-Écosse,2020,336611,Ship Building & Repairing,secondary,40.626,>=$5M,7,26.1,False
12,Nova Scotia / Nouvelle-Écosse,2020,336612,Boat Building,secondary,46.53,>=$5M,25,9.4,False
12,Nova Scotia / Nouvelle-Écosse,2020,541330,Engineering Services,secondary,9632.134,>=$5M,219,190.4,False
12,Nova Scotia / Nouvelle-Écosse,2020,541370,Surveying & Mapping (except Geophysical) Services,secondary,98.049,>=$5M,117,5.7,False
12,Nova Scotia / Nouvelle-Écosse,2020,541511,Custom Computer Programming Services,secondary,30.429,>=$5M,32,4.6,False
12,Nova Scotia / Nouvelle-Écosse,2020,ALL,All,all,9907.608,>=$5M,408,105.4,False
12,Nova Scotia / Nouvelle-Écosse,2020,PRIMARY,Primary,primary,,>=$5M,<2,,True
12,Nova Scotia / Nouvelle-Écosse,2020,SECONDARY,Secondary,secondary,9902.44,>=$5M,407,105.6,False
12,Nova Scotia / Nouvelle-Écosse,2021,325920,Explosives Manufacturing,primary,,>=$5M,<2,,True
12,Nova Scotia / Nouvelle-Écosse,2021,331110,Iron and Steel Mills and Ferroalloy Manufacturing,secondary,54.672,>=$5M,7,6.9,False
12,Nova Scotia / Nouvelle-Écosse,2021,336611,Ship Building and Repairing,secondary,40.626,>=$5M,7,26.1,False
12,Nova Scotia / Nouvelle-Écosse,2021,336612,Boat Building,secondary,49.104,>=$5M,25,9.9,False
12,Nova Scotia / Nouvelle-Écosse,2021,541330,Engineering Services,secondary,397.678,>=$5M,212,8.2,False
12,Nova Scotia / Nouvelle-Écosse,2021,541370,Surveying and Mapping (except Geophysical) Service,secondary,99.078,>=$5M,118,5.7,False
12,Nova Scotia / Nouvelle-Écosse,2021,541511,Custom Computer Programming Services,secondary,28.359,>=$5M,31,4.4,False
12,Nova Scotia / Nouvelle-Écosse,2021,ALL,All,all,674.685,>=$5M,401,7.6,False
12,Nova Scotia / Nouvelle-Écosse,2021,PRIMARY,Primary,primary,,>=$5M,<2,,True
12,Nova Scotia / Nouvelle-Écosse,2021,SECONDARY,Secondary,secondary,669.517,>=$5M,400,7.6,False
12,Nova Scotia / Nouvelle-Écosse,2022,325920,Explosives Manufacturing,primary,,>=$5M,<2,,True
12,Nova Scotia / Nouvelle-Écosse,2022,331110,Iron and Steel Mills and Ferroalloy Manufacturing,secondary,54.672,>=$5M,7,6.9,False
12,Nova Scotia / Nouvelle-Écosse,2022,333310,Commercial and Service Industry Machinery Manufact,primary,82.952,>=$5M,17,13.2,False
12,Nova Scotia / Nouvelle-Écosse,2022,334610,Manufacturing and Reproducing Magnetic and Optical,secondary,0.303,<$5M,2,1.5,False
12,Nova Scotia / Nouvelle-Écosse,2022,336611,Ship Building and Repairing,secondary,33.078,>=$5M,8,22.9,False
12,Nova Scotia / Nouvelle-Écosse,2022,336612,Boat Building,secondary,49.104,>=$5M,25,10.0,False
12,Nova Scotia / Nouvelle-Écosse,2022,541330,Engineering Services,secondary,423.536,>=$5M,252,6.5,False
12,Nova Scotia / Nouvelle-Écosse,2022,541370,Surveying and Mapping (except Geophysical) Service,secondary,101.136,>=$5M,121,5.5,False
12,Nova Scotia / Nouvelle-Écosse,2022,541511,Custom Computer Programming Services,secondary,45.788,>=$5M,35,4.6,False
12,Nova Scotia / Nouvelle-Écosse,2022,ALL,All,all,795.737,>=$5M,468,6.8,False
12,Nova Scotia / Nouvelle-Écosse,2022,PRIMARY,Primary,primary,88.12,>=$5M,18,13.4,False
12,Nova Scotia / Nouvelle-Écosse,2022,SECONDARY,Secondary,secondary,707.617,>=$5M,450,6.5,False
12,Nova Scotia / Nouvelle-Écosse,2023,325920,Explosives Manufacturing,primary,,>=$5M,<2,,True
12,Nova Scotia / Nouvelle-Écosse,2023,331110,Iron and Steel Mills and Ferroalloy Manufacturing,secondary,40.098,>=$5M,8,7.8,False
12,Nova Scotia / Nouvelle-Écosse,2023,333310,Commercial and Service Industry Machinery Manufact,primary,79.57,>=$5M,18,13.0,False
12,Nova Scotia / Nouvelle-Écosse,2023,334511,"Search, Detection, Navigation, Guidance, Aeronauti",primary,62.504,>=$5M,2,91.0,False
12,Nova Scotia / Nouvelle-Écosse,2023,334610,Manufacturing and Reproducing Magnetic and Optical,secondary,0.339,<$5M,2,1.5,False
12,Nova Scotia / Nouvelle-Écosse,2023,336611,Ship Building and Repairing,secondary,34.729,>=$5M,7,23.3,False
12,Nova Scotia / Nouvelle-Écosse,2023,336612,Boat Building,secondary,38.911,>=$5M,25,9.9,False
12,Nova Scotia / Nouvelle-Écosse,2023,541330,Engineering Services,secondary,367.168,>=$5M,248,6.0,False
12,Nova Scotia / Nouvelle-Écosse,2023,541370,Surveying and Mapping (except Geophysical) Service,secondary,87.808,>=$5M,121,5.5,False
12,Nova Scotia / Nouvelle-Écosse,2023,541511,Custom Computer Programming Services,secondary,42.492,>=$5M,33,4.6,False
12,Nova Scotia / Nouvelle-Écosse,2023,ALL,All,all,758.787,>=$5M,465,6.9,False
12,Nova Scotia / Nouvelle-Écosse,2023,PRIMARY,Primary,primary,147.242,>=$5M,21,20.6,False
12,Nova Scotia / Nouvelle-Écosse,2023,SECONDARY,Secondary,secondary,611.545,>=$5M,444,6.3,False
12,Nova Scotia / Nouvelle-Écosse,2024,325920,Explosives Manufacturing,primary,,<$5M,<2,,True
12,Nova Scotia / Nouvelle-Écosse,2024,331110,Iron and Steel Mills and Ferroalloy Manufacturing,secondary,47.68,>=$5M,9,8.2,False
12,Nova Scotia / Nouvelle-Écosse,2024,333310,Commercial and Service Industry Machinery Manufact,primary,39.548,>=$5M,16,13.3,False
12,Nova Scotia / Nouvelle-Écosse,2024,334511,"Search, Detection, Navigation, Guidance, Aeronauti",primary,60.141,>=$5M,4,64.0,False
12,Nova Scotia / Nouvelle-Écosse,2024,334610,Manufacturing and Reproducing Magnetic and Optical,secondary,1.742,<$5M,4,2.0,False
12,Nova Scotia / Nouvelle-Écosse,2024,336611,Ship Building and Repairing,secondary,89.506,>=$5M,6,49.3,False
12,Nova Scotia / Nouvelle-Écosse,2024,336612,Boat Building,secondary,58.425,>=$5M,23,17.3,False
12,Nova Scotia / Nouvelle-Écosse,2024,541330,Engineering Services,secondary,813.671,>=$5M,262,16.7,False
12,Nova Scotia / Nouvelle-Écosse,2024,541370,Surveying and Mapping (except Geophysical) Service,secondary,53.305,>=$5M,119,4.5,False
12,Nova Scotia / Nouvelle-Écosse,2024,541511,Custom Computer Programming Services,secondary,51.328,>=$5M,37,9.7,False
12,Nova Scotia / Nouvelle-Écosse,2024,ALL,All,all,1218.722,>=$5M,481,13.6,False
12,Nova Scotia / Nouvelle-Écosse,2024,PRIMARY,Primary,primary,103.065,>=$5M,21,23.1,False
12,Nova Scotia / Nouvelle-Écosse,2024,SECONDARY,Secondary,secondary,1115.657,>=$5M,460,13.1,False
12,Nova Scotia / Nouvelle-Écosse,2025,325920,Explosives Manufacturing,primary,,<$5M,<2,,True
12,Nova Scotia / Nouvelle-Écosse,2025,331110,Iron and Steel Mills and Ferroalloy Manufacturing,secondary,39.948,>=$5M,8,7.8,False
12,Nova Scotia / Nouvelle-Écosse,2025,333310,Commercial and Service Industry Machinery Manufact,primary,39.548,>=$5M,16,13.3,False
12,Nova Scotia / Nouvelle-Écosse,2025,334511,"Search, Detection, Navigation, Guidance, Aeronauti",primary,63.9,>=$5M,4,68.0,False
12,Nova Scotia / Nouvelle-Écosse,2025,334610,Manufacturing and Reproducing Magnetic and Optical,secondary,1.742,<$5M,4,2.0,False
12,Nova Scotia / Nouvelle-Écosse,2025,336611,Ship Building and Repairing,secondary,82.339,>=$5M,6,49.3,False
12,Nova Scotia / Nouvelle-Écosse,2025,336612,Boat Building,secondary,58.426,>=$5M,23,17.6,False
12,Nova Scotia / Nouvelle-Écosse,2025,541330,Engineering Services,secondary,879.468,>=$5M,266,17.0,False
12,Nova Scotia / Nouvelle-Écosse,2025,541370,Surveying and Mapping (except Geophysical) Service,secondary,54.201,>=$5M,120,4.6,False
12,Nova Scotia / Nouvelle-Écosse,2025,541511,Custom Computer Programming Services,secondary,62.1,>=$5M,41,10.5,False
12,Nova Scotia / Nouvelle-Écosse,2025,ALL,All,all,1285.048,>=$5M,489,13.9,False
12,Nova Scotia / Nouvelle-Écosse,2025,PRIMARY,Primary,primary,106.824,>=$5M,21,23.9,False
12,Nova Scotia / Nouvelle-Écosse,2025,SECONDARY,Secondary,secondary,1178.224,>=$5M,468,13.4,False
62,Nunavut,2017,541330,Engineering Services,secondary,5.313,>=$5M,3,7.7,False
62,Nunavut,2017,541370,Surveying & Mapping (except Geophysical) Services,secondary,,<$5M,<2,,True
62,Nunavut,2017,541511,Custom Computer Programming Services,secondary,,<$5M,<2,,True
62,Nunavut,2017,ALL,All,all,7.611,>=$5M,5,7.4,False
62,Nunavut,2017,SECONDARY,Secondary,secondary,7.611,>=$5M,5,7.4,False
62,Nunavut,2018,541330,Engineering Services,secondary,5.313,>=$5M,3,7.7,False
62,Nunavut,2018,541370,Surveying & Mapping (except Geophysical) Services,secondary,,<$5M,<2,,True
62,Nunavut,2018,541511,Custom Computer Programming Services,secondary,,<$5M,<2,,True
62,Nunavut,2018,ALL,All,all,7.611,>=$5M,5,7.4,False
62,Nunavut,2018,SECONDARY,Secondary,secondary,7.611,>=$5M,5,7.4,False
62,Nunavut,2019,541330,Engineering Services,secondary,6.006,>=$5M,4,6.5,False
62,Nunavut,2019,541370,Surveying & Mapping (except Geophysical) Services,secondary,1.911,<$5M,2,6.5,False
62,Nunavut,2019,541511,Custom Computer Programming Services,secondary,,<$5M,<2,,True
62,Nunavut,2019,ALL,All,all,8.745,>=$5M,7,6.1,False
62,Nunavut,2019,SECONDARY,Secondary,secondary,8.745,>=$5M,7,6.1,False
62,Nunavut,2020,541330,Engineering Services,secondary,6.006,>=$5M,4,6.5,False
62,Nunavut,2020,541370,Surveying & Mapping (except Geophysical) Services,secondary,1.911,<$5M,2,6.5,False
62,Nunavut,2020,541511,Custom Computer Programming Services,secondary,,<$5M,<2,,True
62,Nunavut,2020,ALL,All,all,8.745,>=$5M,7,6.1,False
62,Nunavut,2020,SECONDARY,Secondary,secondary,8.745,>=$5M,7,6.1,False
62,Nunavut,2021,541330,Engineering Services,secondary,6.006,>=$5M,4,6.5,False
62,Nunavut,2021,541370,Surveying and Mapping (except Geophysical) Service,secondary,1.176,<$5M,2,6.5,False
62,Nunavut,2021,541511,Custom Computer Programming Services,secondary,,<$5M,<2,,True
62,Nunavut,2021,ALL,All,all,8.01,>=$5M,7,6.1,False
62,Nunavut,2021,SECONDARY,Secondary,secondary,8.01,>=$5M,7,6.1,False
62,Nunavut,2022,333310,Commercial and Service Industry Machinery Manufact,primary,,<$5M,<2,,True
62,Nunavut,2022,541330,Engineering Services,secondary,6.237,>=$5M,5,5.4,False
62,Nunavut,2022,541370,Surveying and Mapping (except Geophysical) Service,secondary,1.911,<$5M,2,6.5,False
62,Nunavut,2022,541511,Custom Computer Programming Services,secondary,,<$5M,<2,,True
62,Nunavut,2022,ALL,All,all,12.846,>=$5M,9,6.0,False
62,Nunavut,2022,PRIMARY,Primary,primary,,<$5M,<2,,True
62,Nunavut,2022,SECONDARY,Secondary,secondary,8.976,>=$5M,8,5.5,False
62,Nunavut,2023,333310,Commercial and Service Industry Machinery Manufact,primary,,<$5M,<2,,True
62,Nunavut,2023,541330,Engineering Services,secondary,6.201,>=$5M,5,5.6,False
62,Nunavut,2023,541370,Surveying and Mapping (except Geophysical) Service,secondary,1.766,<$5M,2,6.5,False
62,Nunavut,2023,541511,Custom Computer Programming Services,secondary,,<$5M,<2,,True
62,Nunavut,2023,ALL,All,all,12.665,>=$5M,9,6.1,False
62,Nunavut,2023,PRIMARY,Primary,primary,,<$5M,<2,,True
62,Nunavut,2023,SECONDARY,Secondary,secondary,8.795,>=$5M,8,5.6,False
62,Nunavut,2024,333310,Commercial and Service Industry Machinery Manufact,primary,,<$5M,<2,,True
62,Nunavut,2024,541330,Engineering Services,secondary,2.145,<$5M,5,2.2,False
62,Nunavut,2024,541370,Surveying and Mapping (except Geophysical) Service,secondary,0.493,<$5M,2,2.5,False
62,Nunavut,2024,541511,Custom Computer Programming Services,secondary,,<$5M,<2,,True
62,Nunavut,2024,ALL,All,all,5.116,>=$5M,9,3.3,False
62,Nunavut,2024,PRIMARY,Primary,primary,,<$5M,<2,,True
62,Nunavut,2024,SECONDARY,Secondary,secondary,3.237,<$5M,8,2.5,False
62,Nunavut,2025,333310,Commercial and Service Industry Machinery Manufact,primary,,<$5M,<2,,True
62,Nunavut,2025,541330,Engineering Services,secondary,2.535,<$5M,5,2.6,False
62,Nunavut,2025,541370,Surveying and Mapping (except Geophysical) Service,secondary,0.592,<$5M,2,3.0,False
62,Nunavut,2025,541511,Custom Computer Programming Services,secondary,,<$5M,<2,,True
62,Nunavut,2025,ALL,All,all,5.605,>=$5M,9,3.7,False
62,Nunavut,2025,PRIMARY,Primary,primary,,<$5M,<2,,True
62,Nunavut,2025,SECONDARY,Secondary,secondary,3.726,<$5M,8,2.9,False
35,Ontario,2017,331110,Iron & Steel Mills & Ferroalloy Manufacturing,secondary,5207.6,>=$5M,197,24.1,False
35,Ontario,2017,333314,Optical Instrument & Lens Manufacturing,secondary,18.59,>=$5M,9,7.2,False
35,Ontario,2017,334511,Search Detection & Navigation Instruments,primary,274.169,>=$5M,24,30.8,False
35,Ontario,2017,336411,Aircraft Manufacturing,primary,729.63,>=$5M,21,57.4,False
35,Ontario,2017,336611,Ship Building & Repairing,secondary,86.802,>=$5M,44,8.9,False
35,Ontario,2017,336612,Boat Building,secondary,133.65,>=$5M,53,12.7,False
35,Ontario,2017,336992,"Military Armored Vehicle, Tank & Tank Cmpnnt Mfg",primary,,>=$5M,<2,,True
35,Ontario,2017,336999,All Other Transportation Equipment Manufacturing,primary,,<$5M,<2,,True
35,Ontario,2017,541330,Engineering Services,secondary,5768.55,>=$5M,2419,10.4,False
35,Ontario,2017,541370,Surveying & Mapping (except Geophysical) Services,secondary,497.889,>=$5M,424,8.0,False
35,Ontario,2017,541511,Custom Computer Programming Services,secondary,1467.216,>=$5M,642,11.0,False
35,Ontario,2017,ALL,All,all,14254.262,>=$5M,3835,11.3,False
35,Ontario,2017,PRIMARY,Primary,primary,1073.965,>=$5M,47,43.2,False
35,Ontario,2017,SECONDARY,Secondary,secondary,13180.297,>=$5M,3788,10.9,False
35,Ontario,2018,331110,Iron & Steel Mills & Ferroalloy Manufacturing,secondary,5151.441,>=$5M,195,24.1,False
35,Ontario,2018,332994,"Small Arms, Ordnance, & Ordnance Accessories Mfg",primary,,<$5M,<2,,True
35,Ontario,2018,333314,Optical Instrument & Lens Manufacturing,secondary,19.162,>=$5M,9,7.4,False
35,Ontario,2018,334511,Search Detection & Navigation Instruments,primary,299.768,>=$5M,27,29.9,False
35,Ontario,2018,336411,Aircraft Manufacturing,primary,732.655,>=$5M,22,55.0,False
35,Ontario,2018,336611,Ship Building & Repairing,secondary,77.7,>=$5M,42,8.3,False
35,Ontario,2018,336612,Boat Building,secondary,133.65,>=$5M,53,12.7,False
35,Ontario,2018,336992,"Military Armored Vehicle, Tank & Tank Cmpnnt Mfg",primary,,>=$5M,<2,,True
35,Ontario,2018,336999,All Other Transportation Equipment Manufacturing,primary,,<$5M,<2,,True
35,Ontario,2018,541330,Engineering Services,secondary,6155.145,>=$5M,2503,10.7,False
35,Ontario,2018,541370,Surveying & Mapping (except Geophysical) Services,secondary,499.947,>=$5M,421,8.1,False
35,Ontario,2018,541511,Custom Computer Programming Services,secondary,1442.376,>=$5M,630,11.1,False
35,Ontario,2018,ALL,All,all,14583.166,>=$5M,3905,11.5,False
35,Ontario,2018,PRIMARY,Primary,primary,1103.745,>=$5M,52,40.6,False
35,Ontario,2018,SECONDARY,Secondary,secondary,13479.421,>=$5M,3853,11.1,False
35,Ontario,2019,325920,Explosives Manufacturing,primary,5.814,>=$5M,2,9.0,False
35,Ontario,2019,331110,Iron & Steel Mills & Ferroalloy Manufacturing,secondary,5468.083,>=$5M,204,24.4,False
35,Ontario,2019,332994,"Small Arms, Ordnance, & Ordnance Accessories Mfg",primary,,<$5M,<2,,True
35,Ontario,2019,333314,Optical Instrument & Lens Manufacturing,secondary,19.162,>=$5M,9,7.4,False
35,Ontario,2019,334511,Search Detection & Navigation Instruments,primary,344.659,>=$5M,35,26.5,False
35,Ontario,2019,336411,Aircraft Manufacturing,primary,756.25,>=$5M,23,54.3,False
35,Ontario,2019,336611,Ship Building & Repairing,secondary,93.684,>=$5M,43,9.8,False
35,Ontario,2019,336612,Boat Building,secondary,134.64,>=$5M,53,12.8,False
35,Ontario,2019,336992,"Military Armored Vehicle, Tank & Tank Cmpnnt Mfg",primary,,>=$5M,<2,,True
35,Ontario,2019,336999,All Other Transportation Equipment Manufacturing,primary,1.776,<$5M,2,3.0,False
35,Ontario,2019,541330,Engineering Services,secondary,7991.729,>=$5M,3005,11.5,False
35,Ontario,2019,541370,Surveying & Mapping (except Geophysical) Services,secondary,537.432,>=$5M,451,8.1,False
35,Ontario,2019,541511,Custom Computer Programming Services,secondary,1659.519,>=$5M,763,10.5,False
35,Ontario,2019,ALL,All,all,17083.774,>=$5M,4592,11.9,False
35,Ontario,2019,PRIMARY,Primary,primary,1179.525,>=$5M,64,35.8,False
35,Ontario,2019,SECONDARY,Secondary,secondary,15904.249,>=$5M,4528,11.6,False
35,Ontario,2020,325920,Explosives Manufacturing,primary,5.168,>=$5M,2,8.0,False
35,Ontario,2020,331110,Iron & Steel Mills & Ferroalloy Manufacturing,secondary,7480.098,>=$5M,199,33.9,False
35,Ontario,2020,332994,"Small Arms, Ordnance, & Ordnance Accessories Mfg",primary,,<$5M,<2,,True
35,Ontario,2020,333314,Optical Instrument & Lens Manufacturing,secondary,16.588,>=$5M,7,8.3,False
35,Ontario,2020,334511,Search Detection & Navigation Instruments,primary,339.836,>=$5M,33,27.8,False
35,Ontario,2020,336411,Aircraft Manufacturing,primary,774.4,>=$5M,24,53.3,False
35,Ontario,2020,336611,Ship Building & Repairing,secondary,104.784,>=$5M,43,11.0,False
35,Ontario,2020,336612,Boat Building,secondary,134.046,>=$5M,51,13.3,False
35,Ontario,2020,336992,"Military Armored Vehicle, Tank & Tank Cmpnnt Mfg",primary,,>=$5M,<2,,True
35,Ontario,2020,336999,All Other Transportation Equipment Manufacturing,primary,1.776,<$5M,2,3.0,False
35,Ontario,2020,541330,Engineering Services,secondary,8130.419,>=$5M,3005,11.7,False
35,Ontario,2020,541370,Surveying & Mapping (except Geophysical) Services,secondary,550.221,>=$5M,458,8.2,False
35,Ontario,2020,541511,Custom Computer Programming Services,secondary,1666.143,>=$5M,772,10.4,False
35,Ontario,2020,ALL,All,all,19274.505,>=$5M,4598,12.5,False
35,Ontario,2020,PRIMARY,Primary,primary,1192.206,>=$5M,63,36.6,False
35,Ontario,2020,SECONDARY,Secondary,secondary,18082.299,>=$5M,4535,12.1,False
35,Ontario,2021,325920,Explosives Manufacturing,primary,2.584,<$5M,2,8.0,False
35,Ontario,2021,331110,Iron and Steel Mills and Ferroalloy Manufacturing,secondary,6632.942,>=$5M,194,30.8,False
35,Ontario,2021,332994,"Small Arms, Ordnance, and Ordnance Accessories Man",primary,,<$5M,<2,,True
35,Ontario,2021,333314,Optical Instrument and Lens Manufacturing,secondary,14.3,>=$5M,6,8.3,False
35,Ontario,2021,334511,"Search, Detection, Navigation, Guidance, Aeronauti",primary,341.691,>=$5M,34,27.1,False
35,Ontario,2021,336411,Aircraft Manufacturing,primary,774.4,>=$5M,24,53.3,False
35,Ontario,2021,336611,Ship Building and Repairing,secondary,86.358,>=$5M,41,9.5,False
35,Ontario,2021,336612,Boat Building,secondary,137.412,>=$5M,51,13.6,False
35,Ontario,2021,336992,"Military Armored Vehicle, Tank, and Tank Component",primary,,>=$5M,<2,,True
35,Ontario,2021,336999,All Other Transportation Equipment Manufacturing,primary,11.84,>=$5M,4,10.0,False
35,Ontario,2021,541330,Engineering Services,secondary,7424.252,>=$5M,2946,11.0,False
35,Ontario,2021,541370,Surveying and Mapping (except Geophysical) Service,secondary,552.426,>=$5M,457,8.2,False
35,Ontario,2021,541511,Custom Computer Programming Services,secondary,1698.228,>=$5M,787,10.4,False
35,Ontario,2021,ALL,All,all,17747.459,>=$5M,4548,11.8,False
35,Ontario,2021,PRIMARY,Primary,primary,1201.541,>=$5M,66,35.5,False
35,Ontario,2021,SECONDARY,Secondary,secondary,16545.918,>=$5M,4482,11.5,False
35,Ontario,2022,325920,Explosives Manufacturing,primary,5.814,>=$5M,3,8.7,False
35,Ontario,2022,331110,Iron and Steel Mills and Ferroalloy Manufacturing,secondary,4220.54,>=$5M,197,19.3,False
35,Ontario,2022,332994,"Small Arms, Ordnance, and Ordnance Accessories Man",primary,,<$5M,<2,,True
35,Ontario,2022,333310,Commercial and Service Industry Machinery Manufact,primary,1731.515,>=$5M,417,13.6,False
35,Ontario,2022,334511,"Search, Detection, Navigation, Guidance, Aeronauti",primary,350.224,>=$5M,35,26.1,False
35,Ontario,2022,334610,Manufacturing and Reproducing Magnetic and Optical,secondary,459.347,>=$5M,76,18.3,False
35,Ontario,2022,336411,Aircraft Manufacturing,primary,777.425,>=$5M,25,51.2,False
35,Ontario,2022,336611,Ship Building and Repairing,secondary,88.134,>=$5M,42,9.3,False
35,Ontario,2022,336612,Boat Building,secondary,133.452,>=$5M,50,13.5,False
35,Ontario,2022,336992,"Military Armored Vehicle, Tank, and Tank Component",primary,,>=$5M,<2,,True
35,Ontario,2022,336999,All Other Transportation Equipment Manufacturing,primary,11.84,>=$5M,4,10.0,False
35,Ontario,2022,541330,Engineering Services,secondary,8136.428,>=$5M,3441,9.6,False
35,Ontario,2022,541370,Surveying and Mapping (except Geophysical) Service,secondary,568.743,>=$5M,469,8.1,False
35,Ontario,2022,541511,Custom Computer Programming Services,secondary,1618.207,>=$5M,813,9.6,False
35,Ontario,2022,ALL,All,all,18172.695,>=$5M,5574,10.6,False
35,Ontario,2022,PRIMARY,Primary,primary,2947.844,>=$5M,486,16.5,False
35,Ontario,2022,SECONDARY,Secondary,secondary,15224.851,>=$5M,5088,10.0,False
35,Ontario,2023,331110,Iron and Steel Mills and Ferroalloy Manufacturing,secondary,3544.058,>=$5M,193,18.2,False
35,Ontario,2023,332994,"Small Arms, Ordnance, and Ordnance Accessories Man",primary,15.894,>=$5M,2,52.0,False
35,Ontario,2023,333310,Commercial and Service Industry Machinery Manufact,primary,1577.099,>=$5M,428,13.5,False
35,Ontario,2023,334511,"Search, Detection, Navigation, Guidance, Aeronauti",primary,737.2,>=$5M,41,32.0,False
35,Ontario,2023,334610,Manufacturing and Reproducing Magnetic and Optical,secondary,458.937,>=$5M,79,17.6,False
35,Ontario,2023,336411,Aircraft Manufacturing,primary,478.922,>=$5M,29,27.8,False
35,Ontario,2023,336611,Ship Building and Repairing,secondary,83.142,>=$5M,43,9.8,False
35,Ontario,2023,336612,Boat Building,secondary,117.224,>=$5M,50,13.5,False
35,Ontario,2023,336992,"Military Armored Vehicle, Tank, and Tank Component",primary,74.557,>=$5M,4,29.2,False
35,Ontario,2023,336999,All Other Transportation Equipment Manufacturing,primary,11.508,>=$5M,4,10.0,False
35,Ontario,2023,541330,Engineering Services,secondary,7277.767,>=$5M,3373,8.9,False
35,Ontario,2023,541370,Surveying and Mapping (except Geophysical) Service,secondary,521.241,>=$5M,467,8.1,False
35,Ontario,2023,541511,Custom Computer Programming Services,secondary,1627.218,>=$5M,814,9.7,False
35,Ontario,2023,ALL,All,all,16524.767,>=$5M,5527,10.1,False
35,Ontario,2023,PRIMARY,Primary,primary,2895.18,>=$5M,508,16.0,False
35,Ontario,2023,SECONDARY,Secondary,secondary,13629.587,>=$5M,5019,9.5,False
35,Ontario,2024,331110,Iron and Steel Mills and Ferroalloy Manufacturing,secondary,2575.662,>=$5M,196,20.9,False
35,Ontario,2024,332992,Small Arms Ammunition Manufacturing,primary,15.408,>=$5M,3,31.3,False
35,Ontario,2024,332993,Ammunition (except Small Arms) Manufacturing,primary,,>=$5M,<2,,True
35,Ontario,2024,332994,"Small Arms, Ordnance, and Ordnance Accessories Man",primary,28.461,>=$5M,4,49.8,False
35,Ontario,2024,333310,Commercial and Service Industry Machinery Manufact,primary,1121.608,>=$5M,430,15.3,False
35,Ontario,2024,334511,"Search, Detection, Navigation, Guidance, Aeronauti",primary,466.805,>=$5M,47,42.7,False
35,Ontario,2024,334610,Manufacturing and Reproducing Magnetic and Optical,secondary,347.075,>=$5M,81,18.1,False
35,Ontario,2024,336411,Aircraft Manufacturing,primary,613.053,>=$5M,31,41.0,False
35,Ontario,2024,336414,Guided Missile and Space Vehicle Manufacturing,primary,,>=$5M,<2,,True
35,Ontario,2024,336611,Ship Building and Repairing,secondary,218.098,>=$5M,41,19.1,False
35,Ontario,2024,336612,Boat Building,secondary,146.929,>=$5M,48,21.2,False
35,Ontario,2024,336992,"Military Armored Vehicle, Tank, and Tank Component",primary,208.226,>=$5M,10,41.6,False
35,Ontario,2024,336999,All Other Transportation Equipment Manufacturing,primary,9.644,>=$5M,5,8.4,False
35,Ontario,2024,541330,Engineering Services,secondary,9769.573,>=$5M,3460,14.5,False
35,Ontario,2024,541370,Surveying and Mapping (except Geophysical) Service,secondary,327.159,>=$5M,441,7.5,False
35,Ontario,2024,541511,Custom Computer Programming Services,secondary,1913.688,>=$5M,1012,12.6,False
35,Ontario,2024,ALL,All,all,17779.401,>=$5M,5811,14.5,False
35,Ontario,2024,PRIMARY,Primary,primary,2481.217,>=$5M,532,20.1,False
35,Ontario,2024,SECONDARY,Secondary,secondary,15298.184,>=$5M,5279,13.9,False
35,Ontario,2025,331110,Iron and Steel Mills and Ferroalloy Manufacturing,secondary,2578.641,>=$5M,195,20.7,False
35,Ontario,2025,332992,Small Arms Ammunition Manufacturing,primary,20.641,>=$5M,4,35.5,False
35,Ontario,2025,332993,Ammunition (except Small Arms) Manufacturing,primary,,>=$5M,<2,,True
35,Ontario,2025,332994,"Small Arms, Ordnance, and Ordnance Accessories Man",primary,27.135,>=$5M,4,47.5,False
35,Ontario,2025,333310,Commercial and Service Industry Machinery Manufact,primary,1142.012,>=$5M,437,15.3,False
35,Ontario,2025,334511,"Search, Detection, Navigation, Guidance, Aeronauti",primary,448.718,>=$5M,48,39.4,False
35,Ontario,2025,334610,Manufacturing and Reproducing Magnetic and Optical,secondary,361.302,>=$5M,84,17.9,False
35,Ontario,2025,336411,Aircraft Manufacturing,primary,581.727,>=$5M,31,38.6,False
35,Ontario,2025,336414,Guided Missile and Space Vehicle Manufacturing,primary,,>=$5M,<2,,True
35,Ontario,2025,336611,Ship Building and Repairing,secondary,226.166,>=$5M,41,19.8,False
35,Ontario,2025,336612,Boat Building,secondary,161.677,>=$5M,50,22.4,False
35,Ontario,2025,336992,"Military Armored Vehicle, Tank, and Tank Component",primary,184.143,>=$5M,9,40.8,False
35,Ontario,2025,336999,All Other Transportation Equipment Manufacturing,primary,10.333,>=$5M,6,7.5,False
35,Ontario,2025,541330,Engineering Services,secondary,9746.552,>=$5M,3502,14.3,False
35,Ontario,2025,541370,Surveying and Mapping (except Geophysical) Service,secondary,341.515,>=$5M,453,7.6,False
35,Ontario,2025,541511,Custom Computer Programming Services,secondary,2068.731,>=$5M,1128,12.3,False
35,Ontario,2025,ALL,All,all,17930.965,>=$5M,5994,14.3,False
35,Ontario,2025,PRIMARY,Primary,primary,2446.381,>=$5M,541,19.8,False
35,Ontario,2025,SECONDARY,Secondary,secondary,15484.584,>=$5M,5453,13.7,False
11,Prince Edward Island / Île-du-Prince-Édouard,2017,331110,Iron & Steel Mills & Ferroalloy Manufacturing,secondary,22.78,>=$5M,5,4.0,False
11,Prince Edward Island / Île-du-Prince-Édouard,2017,334511,Search Detection & Navigation Instruments,primary,,>=$5M,<2,,True
11,Prince Edward Island / Île-du-Prince-Édouard,2017,336612,Boat Building,secondary,8.118,>=$5M,6,6.8,False
11,Prince Edward Island / Île-du-Prince-Édouard,2017,541330,Engineering Services,secondary,33.264,>=$5M,33,4.4,False
11,Prince Edward Island / Île-du-Prince-Édouard,2017,541370,Surveying & Mapping (except Geophysical) Services,secondary,4.263,<$5M,7,4.1,False
11,Prince Edward Island / Île-du-Prince-Édouard,2017,541511,Custom Computer Programming Services,secondary,26.082,>=$5M,3,42.0,False
11,Prince Edward Island / Île-du-Prince-Édouard,2017,ALL,All,all,103.04,>=$5M,55,7.0,False
11,Prince Edward Island / Île-du-Prince-Édouard,2017,PRIMARY,Primary,primary,,>=$5M,<2,,True
11,Prince Edward Island / Île-du-Prince-Édouard,2017,SECONDARY,Secondary,secondary,94.507,>=$5M,54,6.7,False
11,Prince Edward Island / Île-du-Prince-Édouard,2018,331110,Iron & Steel Mills & Ferroalloy Manufacturing,secondary,22.78,>=$5M,5,4.0,False
11,Prince Edward Island / Île-du-Prince-Édouard,2018,334511,Search Detection & Navigation Instruments,primary,,>=$5M,<2,,True
11,Prince Edward Island / Île-du-Prince-Édouard,2018,336612,Boat Building,secondary,8.118,>=$5M,6,6.8,False
11,Prince Edward Island / Île-du-Prince-Édouard,2018,541330,Engineering Services,secondary,33.264,>=$5M,33,4.4,False
11,Prince Edward Island / Île-du-Prince-Édouard,2018,541370,Surveying & Mapping (except Geophysical) Services,secondary,5.733,>=$5M,8,4.9,False
11,Prince Edward Island / Île-du-Prince-Édouard,2018,541511,Custom Computer Programming Services,secondary,20.7,>=$5M,2,50.0,False
11,Prince Edward Island / Île-du-Prince-Édouard,2018,ALL,All,all,99.128,>=$5M,55,6.7,False
11,Prince Edward Island / Île-du-Prince-Édouard,2018,PRIMARY,Primary,primary,,>=$5M,<2,,True
11,Prince Edward Island / Île-du-Prince-Édouard,2018,SECONDARY,Secondary,secondary,90.595,>=$5M,54,6.4,False
11,Prince Edward Island / Île-du-Prince-Édouard,2019,331110,Iron & Steel Mills & Ferroalloy Manufacturing,secondary,22.78,>=$5M,5,4.0,False
11,Prince Edward Island / Île-du-Prince-Édouard,2019,334511,Search Detection & Navigation Instruments,primary,,>=$5M,<2,,True
11,Prince Edward Island / Île-du-Prince-Édouard,2019,336611,Ship Building & Repairing,secondary,,>=$5M,<2,,True
11,Prince Edward Island / Île-du-Prince-Édouard,2019,336612,Boat Building,secondary,8.118,>=$5M,6,6.8,False
11,Prince Edward Island / Île-du-Prince-Édouard,2019,541330,Engineering Services,secondary,37.653,>=$5M,39,4.2,False
11,Prince Edward Island / Île-du-Prince-Édouard,2019,541370,Surveying & Mapping (except Geophysical) Services,secondary,7.938,>=$5M,10,5.4,False
11,Prince Edward Island / Île-du-Prince-Édouard,2019,541511,Custom Computer Programming Services,secondary,21.528,>=$5M,3,34.7,False
11,Prince Edward Island / Île-du-Prince-Édouard,2019,ALL,All,all,128.75,>=$5M,65,7.8,False
11,Prince Edward Island / Île-du-Prince-Édouard,2019,PRIMARY,Primary,primary,,>=$5M,<2,,True
11,Prince Edward Island / Île-du-Prince-Édouard,2019,SECONDARY,Secondary,secondary,120.217,>=$5M,64,7.5,False
11,Prince Edward Island / Île-du-Prince-Édouard,2020,331110,Iron & Steel Mills & Ferroalloy Manufacturing,secondary,22.78,>=$5M,5,4.0,False
11,Prince Edward Island / Île-du-Prince-Édouard,2020,334511,Search Detection & Navigation Instruments,primary,,>=$5M,<2,,True
11,Prince Edward Island / Île-du-Prince-Édouard,2020,336611,Ship Building & Repairing,secondary,,>=$5M,<2,,True
11,Prince Edward Island / Île-du-Prince-Édouard,2020,336612,Boat Building,secondary,8.118,>=$5M,6,6.8,False
11,Prince Edward Island / Île-du-Prince-Édouard,2020,541330,Engineering Services,secondary,37.422,>=$5M,38,4.3,False
11,Prince Edward Island / Île-du-Prince-Édouard,2020,541370,Surveying & Mapping (except Geophysical) Services,secondary,7.938,>=$5M,10,5.4,False
11,Prince Edward Island / Île-du-Prince-Édouard,2020,541511,Custom Computer Programming Services,secondary,1.863,<$5M,2,4.5,False
11,Prince Edward Island / Île-du-Prince-Édouard,2020,ALL,All,all,108.854,>=$5M,63,6.5,False
11,Prince Edward Island / Île-du-Prince-Édouard,2020,PRIMARY,Primary,primary,,>=$5M,<2,,True
11,Prince Edward Island / Île-du-Prince-Édouard,2020,SECONDARY,Secondary,secondary,100.321,>=$5M,62,6.2,False
11,Prince Edward Island / Île-du-Prince-Édouard,2021,331110,Iron and Steel Mills and Ferroalloy Manufacturing,secondary,22.78,>=$5M,5,4.0,False
11,Prince Edward Island / Île-du-Prince-Édouard,2021,334511,"Search, Detection, Navigation, Guidance, Aeronauti",primary,,>=$5M,<2,,True
11,Prince Edward Island / Île-du-Prince-Édouard,2021,336612,Boat Building,secondary,8.118,>=$5M,6,6.8,False
11,Prince Edward Island / Île-du-Prince-Édouard,2021,541330,Engineering Services,secondary,37.422,>=$5M,38,4.3,False
11,Prince Edward Island / Île-du-Prince-Édouard,2021,541370,Surveying and Mapping (except Geophysical) Service,secondary,7.203,>=$5M,9,5.4,False
11,Prince Edward Island / Île-du-Prince-Édouard,2021,541511,Custom Computer Programming Services,secondary,1.863,<$5M,2,4.5,False
11,Prince Edward Island / Île-du-Prince-Édouard,2021,ALL,All,all,85.919,>=$5M,61,5.0,False
11,Prince Edward Island / Île-du-Prince-Édouard,2021,PRIMARY,Primary,primary,,>=$5M,<2,,True
11,Prince Edward Island / Île-du-Prince-Édouard,2021,SECONDARY,Secondary,secondary,77.386,>=$5M,60,4.7,False
11,Prince Edward Island / Île-du-Prince-Édouard,2022,331110,Iron and Steel Mills and Ferroalloy Manufacturing,secondary,22.78,>=$5M,5,4.0,False
11,Prince Edward Island / Île-du-Prince-Édouard,2022,333310,Commercial and Service Industry Machinery Manufact,primary,4.891,<$5M,4,2.8,False
11,Prince Edward Island / Île-du-Prince-Édouard,2022,334511,"Search, Detection, Navigation, Guidance, Aeronauti",primary,,>=$5M,<2,,True
11,Prince Edward Island / Île-du-Prince-Édouard,2022,336612,Boat Building,secondary,8.118,>=$5M,6,6.8,False
11,Prince Edward Island / Île-du-Prince-Édouard,2022,541330,Engineering Services,secondary,39.27,>=$5M,39,4.2,False
11,Prince Edward Island / Île-du-Prince-Édouard,2022,541370,Surveying and Mapping (except Geophysical) Service,secondary,7.203,>=$5M,9,5.4,False
11,Prince Edward Island / Île-du-Prince-Édouard,2022,541511,Custom Computer Programming Services,secondary,1.863,<$5M,2,4.5,False
11,Prince Edward Island / Île-du-Prince-Édouard,2022,ALL,All,all,92.658,>=$5M,66,4.6,False
11,Prince Edward Island / Île-du-Prince-Édouard,2022,PRIMARY,Primary,primary,13.424,>=$5M,5,3.8,False
11,Prince Edward Island / Île-du-Prince-Édouard,2022,SECONDARY,Secondary,secondary,79.234,>=$5M,61,4.6,False
11,Prince Edward Island / Île-du-Prince-Édouard,2023,331110,Iron and Steel Mills and Ferroalloy Manufacturing,secondary,21.792,>=$5M,5,4.0,False
11,Prince Edward Island / Île-du-Prince-Édouard,2023,333310,Commercial and Service Industry Machinery Manufact,primary,4.891,<$5M,4,2.8,False
11,Prince Edward Island / Île-du-Prince-Édouard,2023,336612,Boat Building,secondary,6.625,>=$5M,6,6.8,False
11,Prince Edward Island / Île-du-Prince-Édouard,2023,541330,Engineering Services,secondary,36.84,>=$5M,36,4.4,False
11,Prince Edward Island / Île-du-Prince-Édouard,2023,541370,Surveying and Mapping (except Geophysical) Service,secondary,6.767,>=$5M,9,5.4,False
11,Prince Edward Island / Île-du-Prince-Édouard,2023,541511,Custom Computer Programming Services,secondary,1.634,<$5M,2,4.5,False
11,Prince Edward Island / Île-du-Prince-Édouard,2023,ALL,All,all,78.549,>=$5M,62,4.6,False
11,Prince Edward Island / Île-du-Prince-Édouard,2023,PRIMARY,Primary,primary,4.891,<$5M,4,2.8,False
11,Prince Edward Island / Île-du-Prince-Édouard,2023,SECONDARY,Secondary,secondary,73.658,>=$5M,58,4.8,False
11,Prince Edward Island / Île-du-Prince-Édouard,2024,331110,Iron and Steel Mills and Ferroalloy Manufacturing,secondary,40.592,>=$5M,6,10.5,False
11,Prince Edward Island / Île-du-Prince-Édouard,2024,333310,Commercial and Service Industry Machinery Manufact,primary,1.41,<$5M,3,2.7,False
11,Prince Edward Island / Île-du-Prince-Édouard,2024,336612,Boat Building,secondary,4.774,<$5M,5,6.6,False
11,Prince Edward Island / Île-du-Prince-Édouard,2024,541330,Engineering Services,secondary,45.036,>=$5M,33,6.9,False
11,Prince Edward Island / Île-du-Prince-Édouard,2024,541370,Surveying and Mapping (except Geophysical) Service,secondary,4.04,<$5M,11,3.7,False
11,Prince Edward Island / Île-du-Prince-Édouard,2024,541511,Custom Computer Programming Services,secondary,8.828,>=$5M,4,12.0,False
11,Prince Edward Island / Île-du-Prince-Édouard,2024,ALL,All,all,104.68,>=$5M,62,6.8,False
11,Prince Edward Island / Île-du-Prince-Édouard,2024,PRIMARY,Primary,primary,1.41,<$5M,3,2.7,False
11,Prince Edward Island / Île-du-Prince-Édouard,2024,SECONDARY,Secondary,secondary,103.27,>=$5M,59,7.0,False
11,Prince Edward Island / Île-du-Prince-Édouard,2025,331110,Iron and Steel Mills and Ferroalloy Manufacturing,secondary,40.592,>=$5M,6,10.5,False
11,Prince Edward Island / Île-du-Prince-Édouard,2025,333310,Commercial and Service Industry Machinery Manufact,primary,1.41,<$5M,3,2.7,False
11,Prince Edward Island / Île-du-Prince-Édouard,2025,336612,Boat Building,secondary,4.774,<$5M,5,6.6,False
11,Prince Edward Island / Île-du-Prince-Édouard,2025,541330,Engineering Services,secondary,46.01,>=$5M,34,6.9,False
11,Prince Edward Island / Île-du-Prince-Édouard,2025,541370,Surveying and Mapping (except Geophysical) Service,secondary,4.139,<$5M,11,3.8,False
11,Prince Edward Island / Île-du-Prince-Édouard,2025,541511,Custom Computer Programming Services,secondary,9.127,>=$5M,4,15.2,False
11,Prince Edward Island / Île-du-Prince-Édouard,2025,ALL,All,all,106.052,>=$5M,63,7.0,False
11,Prince Edward Island / Île-du-Prince-Édouard,2025,PRIMARY,Primary,primary,1.41,<$5M,3,2.7,False
11,Prince Edward Island / Île-du-Prince-Édouard,2025,SECONDARY,Secondary,secondary,104.642,>=$5M,60,7.2,False
24,Quebec / Québec,2017,325920,Explosives Manufacturing,primary,6.137,>=$5M,4,4.8,False
24,Quebec / Québec,2017,331110,Iron & Steel Mills & Ferroalloy Manufacturing,secondary,4501.571,>=$5M,282,14.1,False
24,Quebec / Québec,2017,332992,Small Arms Ammunition Manufacturing,primary,,>=$5M,<2,,True
24,Quebec / Québec,2017,333314,Optical Instrument & Lens Manufacturing,secondary,5.434,>=$5M,6,3.2,False
24,Quebec / Québec,2017,334511,Search Detection & Navigation Instruments,primary,487.494,>=$5M,9,146.0,False
24,Quebec / Québec,2017,336411,Aircraft Manufacturing,primary,162.14,>=$5M,18,14.9,False
24,Quebec / Québec,2017,336611,Ship Building & Repairing,secondary,268.842,>=$5M,7,173.0,False
24,Quebec / Québec,2017,336612,Boat Building,secondary,63.028,>=$5M,22,14.3,False
24,Quebec / Québec,2017,336999,All Other Transportation Equipment Manufacturing,primary,,>=$5M,<2,,True
24,Quebec / Québec,2017,541330,Engineering Services,secondary,3238.613,>=$5M,1208,11.6,False
24,Quebec / Québec,2017,541370,Surveying & Mapping (except Geophysical) Services,secondary,801.297,>=$5M,668,8.2,False
24,Quebec / Québec,2017,541511,Custom Computer Programming Services,secondary,665.459,>=$5M,273,11.8,False
24,Quebec / Québec,2017,ALL,All,all,10464.615,>=$5M,2499,12.3,False
24,Quebec / Québec,2017,PRIMARY,Primary,primary,920.371,>=$5M,33,75.8,False
24,Quebec / Québec,2017,SECONDARY,Secondary,secondary,9544.244,>=$5M,2466,11.5,False
24,Quebec / Québec,2018,325920,Explosives Manufacturing,primary,6.137,>=$5M,4,4.8,False
24,Quebec / Québec,2018,331110,Iron & Steel Mills & Ferroalloy Manufacturing,secondary,4541.436,>=$5M,288,14.0,False
24,Quebec / Québec,2018,332992,Small Arms Ammunition Manufacturing,primary,,>=$5M,<2,,True
24,Quebec / Québec,2018,333314,Optical Instrument & Lens Manufacturing,secondary,5.434,>=$5M,6,3.2,False
24,Quebec / Québec,2018,334511,Search Detection & Navigation Instruments,primary,496.027,>=$5M,10,133.7,False
24,Quebec / Québec,2018,336411,Aircraft Manufacturing,primary,162.14,>=$5M,18,14.9,False
24,Quebec / Québec,2018,336611,Ship Building & Repairing,secondary,268.842,>=$5M,7,173.0,False
24,Quebec / Québec,2018,336612,Boat Building,secondary,63.028,>=$5M,22,14.3,False
24,Quebec / Québec,2018,336999,All Other Transportation Equipment Manufacturing,primary,,>=$5M,<2,,True
24,Quebec / Québec,2018,541330,Engineering Services,secondary,3539.04,>=$5M,1248,12.3,False
24,Quebec / Québec,2018,541370,Surveying & Mapping (except Geophysical) Services,secondary,814.674,>=$5M,678,8.2,False
24,Quebec / Québec,2018,541511,Custom Computer Programming Services,secondary,719.693,>=$5M,282,12.4,False
24,Quebec / Québec,2018,ALL,All,all,10881.051,>=$5M,2565,12.7,False
24,Quebec / Québec,2018,PRIMARY,Primary,primary,928.904,>=$5M,34,74.2,False
24,Quebec / Québec,2018,SECONDARY,Secondary,secondary,9952.147,>=$5M,2531,11.8,False
24,Quebec / Québec,2019,325920,Explosives Manufacturing,primary,10.013,>=$5M,6,5.2,False
24,Quebec / Québec,2019,331110,Iron & Steel Mills & Ferroalloy Manufacturing,secondary,4843.271,>=$5M,295,14.5,False
24,Quebec / Québec,2019,332992,Small Arms Ammunition Manufacturing,primary,318.198,>=$5M,4,271.5,False
24,Quebec / Québec,2019,333314,Optical Instrument & Lens Manufacturing,secondary,4.862,<$5M,5,3.4,False
24,Quebec / Québec,2019,334511,Search Detection & Navigation Instruments,primary,579.873,>=$5M,21,74.4,False
24,Quebec / Québec,2019,336411,Aircraft Manufacturing,primary,911.735,>=$5M,21,71.8,False
24,Quebec / Québec,2019,336611,Ship Building & Repairing,secondary,272.394,>=$5M,9,136.3,False
24,Quebec / Québec,2019,336612,Boat Building,secondary,63.226,>=$5M,22,14.3,False
24,Quebec / Québec,2019,336999,All Other Transportation Equipment Manufacturing,primary,,>=$5M,<2,,True
24,Quebec / Québec,2019,541330,Engineering Services,secondary,5725.212,>=$5M,1538,16.1,False
24,Quebec / Québec,2019,541370,Surveying & Mapping (except Geophysical) Services,secondary,845.544,>=$5M,715,8.0,False
24,Quebec / Québec,2019,541511,Custom Computer Programming Services,secondary,966.023,>=$5M,318,14.7,False
24,Quebec / Québec,2019,ALL,All,all,14629.151,>=$5M,2955,15.4,False
24,Quebec / Québec,2019,PRIMARY,Primary,primary,1908.619,>=$5M,53,84.7,False
24,Quebec / Québec,2019,SECONDARY,Secondary,secondary,12720.532,>=$5M,2902,14.2,False
24,Quebec / Québec,2020,325920,Explosives Manufacturing,primary,10.659,>=$5M,7,4.7,False
24,Quebec / Québec,2020,331110,Iron & Steel Mills & Ferroalloy Manufacturing,secondary,4580.162,>=$5M,291,13.9,False
24,Quebec / Québec,2020,332992,Small Arms Ammunition Manufacturing,primary,186.348,>=$5M,3,212.0,False
24,Quebec / Québec,2020,333314,Optical Instrument & Lens Manufacturing,secondary,4.862,<$5M,5,3.4,False
24,Quebec / Québec,2020,334511,Search Detection & Navigation Instruments,primary,579.873,>=$5M,21,74.4,False
24,Quebec / Québec,2020,336411,Aircraft Manufacturing,primary,911.735,>=$5M,21,71.8,False
24,Quebec / Québec,2020,336611,Ship Building & Repairing,secondary,274.17,>=$5M,10,123.5,False
24,Quebec / Québec,2020,336612,Boat Building,secondary,64.018,>=$5M,22,14.2,False
24,Quebec / Québec,2020,336999,All Other Transportation Equipment Manufacturing,primary,,>=$5M,<2,,True
24,Quebec / Québec,2020,541330,Engineering Services,secondary,5309.516,>=$5M,1524,15.1,False
24,Quebec / Québec,2020,541370,Surveying & Mapping (except Geophysical) Services,secondary,870.681,>=$5M,722,8.2,False
24,Quebec / Québec,2020,541511,Custom Computer Programming Services,secondary,964.781,>=$5M,324,14.4,False
24,Quebec / Québec,2020,ALL,All,all,13845.605,>=$5M,2951,14.7,False
24,Quebec / Québec,2020,PRIMARY,Primary,primary,1777.415,>=$5M,53,76.2,False
24,Quebec / Québec,2020,SECONDARY,Secondary,secondary,12068.19,>=$5M,2898,13.5,False
24,Quebec / Québec,2021,325920,Explosives Manufacturing,primary,10.659,>=$5M,7,4.7,False
24,Quebec / Québec,2021,331110,Iron and Steel Mills and Ferroalloy Manufacturing,secondary,4468.211,>=$5M,282,14.1,False
24,Quebec / Québec,2021,332992,Small Arms Ammunition Manufacturing,primary,177.558,>=$5M,2,303.0,False
24,Quebec / Québec,2021,333314,Optical Instrument and Lens Manufacturing,secondary,3.146,<$5M,4,2.8,False
24,Quebec / Québec,2021,334511,"Search, Detection, Navigation, Guidance, Aeronauti",primary,612.521,>=$5M,22,74.5,False
24,Quebec / Québec,2021,336411,Aircraft Manufacturing,primary,911.735,>=$5M,21,71.8,False
24,Quebec / Québec,2021,336611,Ship Building and Repairing,secondary,274.17,>=$5M,10,123.5,False
24,Quebec / Québec,2021,336612,Boat Building,secondary,64.018,>=$5M,22,14.2,False
24,Quebec / Québec,2021,336999,All Other Transportation Equipment Manufacturing,primary,,>=$5M,<2,,True
24,Quebec / Québec,2021,541330,Engineering Services,secondary,4496.657,>=$5M,1505,13.3,False
24,Quebec / Québec,2021,541370,Surveying and Mapping (except Geophysical) Service,secondary,869.652,>=$5M,716,8.2,False
24,Quebec / Québec,2021,541511,Custom Computer Programming Services,secondary,945.737,>=$5M,323,14.2,False
24,Quebec / Québec,2021,ALL,All,all,12922.864,>=$5M,2915,13.7,False
24,Quebec / Québec,2021,PRIMARY,Primary,primary,1801.273,>=$5M,53,77.1,False
24,Quebec / Québec,2021,SECONDARY,Secondary,secondary,11121.591,>=$5M,2862,12.6,False
24,Quebec / Québec,2022,325920,Explosives Manufacturing,primary,10.013,>=$5M,6,5.2,False
24,Quebec / Québec,2022,331110,Iron and Steel Mills and Ferroalloy Manufacturing,secondary,4589.91,>=$5M,292,13.9,False
24,Quebec / Québec,2022,332992,Small Arms Ammunition Manufacturing,primary,177.558,>=$5M,2,303.0,False
24,Quebec / Québec,2022,333310,Commercial and Service Industry Machinery Manufact,primary,904.882,>=$5M,278,10.6,False
24,Quebec / Québec,2022,334511,"Search, Detection, Navigation, Guidance, Aeronauti",primary,612.521,>=$5M,22,74.4,False
24,Quebec / Québec,2022,334610,Manufacturing and Reproducing Magnetic and Optical,secondary,279.499,>=$5M,66,11.3,False
24,Quebec / Québec,2022,336411,Aircraft Manufacturing,primary,415.03,>=$5M,20,54.7,False
24,Quebec / Québec,2022,336611,Ship Building and Repairing,secondary,274.17,>=$5M,10,123.5,False
24,Quebec / Québec,2022,336612,Boat Building,secondary,64.018,>=$5M,22,14.2,False
24,Quebec / Québec,2022,336999,All Other Transportation Equipment Manufacturing,primary,,>=$5M,<2,,True
24,Quebec / Québec,2022,541330,Engineering Services,secondary,4883.098,>=$5M,1705,12.0,False
24,Quebec / Québec,2022,541370,Surveying and Mapping (except Geophysical) Service,secondary,883.617,>=$5M,735,8.0,False
24,Quebec / Québec,2022,541511,Custom Computer Programming Services,secondary,961.645,>=$5M,331,14.0,False
24,Quebec / Québec,2022,ALL,All,all,14144.761,>=$5M,3490,12.6,False
24,Quebec / Québec,2022,PRIMARY,Primary,primary,2208.804,>=$5M,329,20.1,False
24,Quebec / Québec,2022,SECONDARY,Secondary,secondary,11935.957,>=$5M,3161,11.8,False
24,Quebec / Québec,2023,325920,Explosives Manufacturing,primary,5.491,>=$5M,3,5.7,False
24,Quebec / Québec,2023,331110,Iron and Steel Mills and Ferroalloy Manufacturing,secondary,4059.087,>=$5M,290,14.1,False
24,Quebec / Québec,2023,332992,Small Arms Ammunition Manufacturing,primary,,>=$5M,<2,,True
24,Quebec / Québec,2023,333310,Commercial and Service Industry Machinery Manufact,primary,829.552,>=$5M,276,11.2,False
24,Quebec / Québec,2023,334511,"Search, Detection, Navigation, Guidance, Aeronauti",primary,583.53,>=$5M,20,79.8,False
24,Quebec / Québec,2023,334610,Manufacturing and Reproducing Magnetic and Optical,secondary,267.072,>=$5M,66,10.9,False
24,Quebec / Québec,2023,336411,Aircraft Manufacturing,primary,174.111,>=$5M,19,19.4,False
24,Quebec / Québec,2023,336611,Ship Building and Repairing,secondary,370.472,>=$5M,11,120.5,False
24,Quebec / Québec,2023,336612,Boat Building,secondary,61.819,>=$5M,23,14.3,False
24,Quebec / Québec,2023,336999,All Other Transportation Equipment Manufacturing,primary,,>=$5M,<2,,True
24,Quebec / Québec,2023,541330,Engineering Services,secondary,3756.654,>=$5M,1560,10.3,False
24,Quebec / Québec,2023,541370,Surveying and Mapping (except Geophysical) Service,secondary,791.847,>=$5M,733,7.8,False
24,Quebec / Québec,2023,541511,Custom Computer Programming Services,secondary,971.595,>=$5M,342,13.7,False
24,Quebec / Québec,2023,ALL,All,all,12047.241,>=$5M,3345,11.6,False
24,Quebec / Québec,2023,PRIMARY,Primary,primary,1768.695,>=$5M,320,18.6,False
24,Quebec / Québec,2023,SECONDARY,Secondary,secondary,10278.546,>=$5M,3025,10.9,False
24,Quebec / Québec,2024,325920,Explosives Manufacturing,primary,5.275,>=$5M,3,8.3,False
24,Quebec / Québec,2024,331110,Iron and Steel Mills and Ferroalloy Manufacturing,secondary,3468.635,>=$5M,271,20.0,False
24,Quebec / Québec,2024,332992,Small Arms Ammunition Manufacturing,primary,95.642,>=$5M,2,329.0,False
24,Quebec / Québec,2024,333310,Commercial and Service Industry Machinery Manufact,primary,613.534,>=$5M,277,12.5,False
24,Quebec / Québec,2024,334511,"Search, Detection, Navigation, Guidance, Aeronauti",primary,532.337,>=$5M,26,87.2,False
24,Quebec / Québec,2024,334610,Manufacturing and Reproducing Magnetic and Optical,secondary,261.134,>=$5M,61,13.0,False
24,Quebec / Québec,2024,336411,Aircraft Manufacturing,primary,319.062,>=$5M,25,26.5,False
24,Quebec / Québec,2024,336611,Ship Building and Repairing,secondary,415.02,>=$5M,11,135.4,False
24,Quebec / Québec,2024,336612,Boat Building,secondary,91.551,>=$5M,22,28.6,False
24,Quebec / Québec,2024,336999,All Other Transportation Equipment Manufacturing,primary,69.328,>=$5M,2,151.0,False
24,Quebec / Québec,2024,541330,Engineering Services,secondary,5822.876,>=$5M,1630,18.4,False
24,Quebec / Québec,2024,541370,Surveying and Mapping (except Geophysical) Service,secondary,442.404,>=$5M,724,6.2,False
24,Quebec / Québec,2024,541511,Custom Computer Programming Services,secondary,1278.611,>=$5M,449,18.8,False
24,Quebec / Québec,2024,ALL,All,all,13415.409,>=$5M,3503,16.7,False
24,Quebec / Québec,2024,PRIMARY,Primary,primary,1635.178,>=$5M,335,22.0,False
24,Quebec / Québec,2024,SECONDARY,Secondary,secondary,11780.231,>=$5M,3168,16.2,False
24,Quebec / Québec,2025,325920,Explosives Manufacturing,primary,5.486,>=$5M,3,8.7,False
24,Quebec / Québec,2025,331110,Iron and Steel Mills and Ferroalloy Manufacturing,secondary,3229.617,>=$5M,269,18.7,False
24,Quebec / Québec,2025,332992,Small Arms Ammunition Manufacturing,primary,94.188,>=$5M,2,324.0,False
24,Quebec / Québec,2025,332993,Ammunition (except Small Arms) Manufacturing,primary,,>=$5M,<2,,True
24,Quebec / Québec,2025,332994,"Small Arms, Ordnance, and Ordnance Accessories Man",primary,,>=$5M,<2,,True
24,Quebec / Québec,2025,333310,Commercial and Service Industry Machinery Manufact,primary,638.581,>=$5M,286,12.8,False
24,Quebec / Québec,2025,334511,"Search, Detection, Navigation, Guidance, Aeronauti",primary,526.7,>=$5M,27,83.0,False
24,Quebec / Québec,2025,334610,Manufacturing and Reproducing Magnetic and Optical,secondary,254.924,>=$5M,61,12.6,False
24,Quebec / Québec,2025,336411,Aircraft Manufacturing,primary,309.424,>=$5M,25,25.7,False
24,Quebec / Québec,2025,336611,Ship Building and Repairing,secondary,410.848,>=$5M,11,134.3,False
24,Quebec / Québec,2025,336612,Boat Building,secondary,88.226,>=$5M,22,27.6,False
24,Quebec / Québec,2025,336999,All Other Transportation Equipment Manufacturing,primary,70.477,>=$5M,4,76.8,False
24,Quebec / Québec,2025,541330,Engineering Services,secondary,5845.228,>=$5M,1633,18.4,False
24,Quebec / Québec,2025,541370,Surveying and Mapping (except Geophysical) Service,secondary,448.993,>=$5M,726,6.3,False
24,Quebec / Québec,2025,541511,Custom Computer Programming Services,secondary,1480.218,>=$5M,491,20.0,False
24,Quebec / Québec,2025,ALL,All,all,13421.188,>=$5M,3562,16.8,False
24,Quebec / Québec,2025,PRIMARY,Primary,primary,1663.134,>=$5M,349,21.9,False
24,Quebec / Québec,2025,SECONDARY,Secondary,secondary,11758.054,>=$5M,3213,16.3,False
47,Saskatchewan,2017,325920,Explosives Manufacturing,primary,,>=$5M,<2,,True
47,Saskatchewan,2017,331110,Iron & Steel Mills & Ferroalloy Manufacturing,secondary,115.039,>=$5M,7,14.4,False
47,Saskatchewan,2017,332992,Small Arms Ammunition Manufacturing,primary,,<$5M,<2,,True
47,Saskatchewan,2017,334511,Search Detection & Navigation Instruments,primary,,>=$5M,<2,,True
47,Saskatchewan,2017,541330,Engineering Services,secondary,338.415,>=$5M,140,10.5,False
47,Saskatchewan,2017,541370,Surveying & Mapping (except Geophysical) Services,secondary,48.363,>=$5M,38,8.7,False
47,Saskatchewan,2017,541511,Custom Computer Programming Services,secondary,8.901,>=$5M,11,3.9,False
47,Saskatchewan,2017,ALL,All,all,526.65,>=$5M,199,10.0,False
47,Saskatchewan,2017,PRIMARY,Primary,primary,15.932,>=$5M,3,15.3,False
47,Saskatchewan,2017,SECONDARY,Secondary,secondary,510.718,>=$5M,196,9.9,False
47,Saskatchewan,2018,325920,Explosives Manufacturing,primary,7.429,>=$5M,2,11.5,False
47,Saskatchewan,2018,331110,Iron & Steel Mills & Ferroalloy Manufacturing,secondary,115.039,>=$5M,7,14.4,False
47,Saskatchewan,2018,332992,Small Arms Ammunition Manufacturing,primary,,<$5M,<2,,True
47,Saskatchewan,2018,334511,Search Detection & Navigation Instruments,primary,,>=$5M,<2,,True
47,Saskatchewan,2018,541330,Engineering Services,secondary,358.743,>=$5M,149,10.4,False
47,Saskatchewan,2018,541370,Surveying & Mapping (except Geophysical) Services,secondary,49.833,>=$5M,38,8.9,False
47,Saskatchewan,2018,541511,Custom Computer Programming Services,secondary,14.283,>=$5M,17,4.1,False
47,Saskatchewan,2018,ALL,All,all,554.153,>=$5M,215,9.8,False
47,Saskatchewan,2018,PRIMARY,Primary,primary,16.255,>=$5M,4,11.8,False
47,Saskatchewan,2018,SECONDARY,Secondary,secondary,537.898,>=$5M,211,9.8,False
47,Saskatchewan,2019,325920,Explosives Manufacturing,primary,5.491,>=$5M,2,8.5,False
47,Saskatchewan,2019,331110,Iron & Steel Mills & Ferroalloy Manufacturing,secondary,115.039,>=$5M,7,14.4,False
47,Saskatchewan,2019,332992,Small Arms Ammunition Manufacturing,primary,,<$5M,<2,,True
47,Saskatchewan,2019,334511,Search Detection & Navigation Instruments,primary,,>=$5M,<2,,True
47,Saskatchewan,2019,336411,Aircraft Manufacturing,primary,,>=$5M,<2,,True
47,Saskatchewan,2019,541330,Engineering Services,secondary,490.413,>=$5M,175,12.1,False
47,Saskatchewan,2019,541370,Surveying & Mapping (except Geophysical) Services,secondary,52.332,>=$5M,40,8.9,False
47,Saskatchewan,2019,541511,Custom Computer Programming Services,secondary,29.394,>=$5M,28,5.1,False
47,Saskatchewan,2019,ALL,All,all,816.445,>=$5M,255,11.6,False
47,Saskatchewan,2019,PRIMARY,Primary,primary,129.267,>=$5M,5,46.2,False
47,Saskatchewan,2019,SECONDARY,Secondary,secondary,687.178,>=$5M,250,10.9,False
47,Saskatchewan,2020,325920,Explosives Manufacturing,primary,5.491,>=$5M,2,8.5,False
47,Saskatchewan,2020,331110,Iron & Steel Mills & Ferroalloy Manufacturing,secondary,124.151,>=$5M,8,13.6,False
47,Saskatchewan,2020,332992,Small Arms Ammunition Manufacturing,primary,,<$5M,<2,,True
47,Saskatchewan,2020,334511,Search Detection & Navigation Instruments,primary,,>=$5M,<2,,True
47,Saskatchewan,2020,336411,Aircraft Manufacturing,primary,,>=$5M,<2,,True
47,Saskatchewan,2020,541330,Engineering Services,secondary,485.562,>=$5M,176,11.9,False
47,Saskatchewan,2020,541370,Surveying & Mapping (except Geophysical) Services,secondary,49.098,>=$5M,41,8.1,False
47,Saskatchewan,2020,541511,Custom Computer Programming Services,secondary,29.601,>=$5M,28,5.1,False
47,Saskatchewan,2020,ALL,All,all,817.679,>=$5M,258,11.3,False
47,Saskatchewan,2020,PRIMARY,Primary,primary,129.267,>=$5M,5,46.2,False
47,Saskatchewan,2020,SECONDARY,Secondary,secondary,688.412,>=$5M,253,10.6,False
47,Saskatchewan,2021,325920,Explosives Manufacturing,primary,5.491,>=$5M,2,8.5,False
47,Saskatchewan,2021,331110,Iron and Steel Mills and Ferroalloy Manufacturing,secondary,124.151,>=$5M,8,13.6,False
47,Saskatchewan,2021,332992,Small Arms Ammunition Manufacturing,primary,,<$5M,<2,,True
47,Saskatchewan,2021,334511,"Search, Detection, Navigation, Guidance, Aeronauti",primary,,>=$5M,<2,,True
47,Saskatchewan,2021,336411,Aircraft Manufacturing,primary,,>=$5M,<2,,True
47,Saskatchewan,2021,541330,Engineering Services,secondary,437.052,>=$5M,169,11.2,False
47,Saskatchewan,2021,541370,Surveying and Mapping (except Geophysical) Service,secondary,47.922,>=$5M,41,8.0,False
47,Saskatchewan,2021,541511,Custom Computer Programming Services,secondary,29.601,>=$5M,28,5.1,False
47,Saskatchewan,2021,ALL,All,all,767.993,>=$5M,251,10.8,False
47,Saskatchewan,2021,PRIMARY,Primary,primary,129.267,>=$5M,5,46.2,False
47,Saskatchewan,2021,SECONDARY,Secondary,secondary,638.726,>=$5M,246,10.0,False
47,Saskatchewan,2022,325920,Explosives Manufacturing,primary,,<$5M,<2,,True
47,Saskatchewan,2022,331110,Iron and Steel Mills and Ferroalloy Manufacturing,secondary,115.039,>=$5M,7,14.4,False
47,Saskatchewan,2022,332992,Small Arms Ammunition Manufacturing,primary,,<$5M,<2,,True
47,Saskatchewan,2022,333310,Commercial and Service Industry Machinery Manufact,primary,47.052,>=$5M,18,8.1,False
47,Saskatchewan,2022,334511,"Search, Detection, Navigation, Guidance, Aeronauti",primary,,>=$5M,<2,,True
47,Saskatchewan,2022,334610,Manufacturing and Reproducing Magnetic and Optical,secondary,,>=$5M,<2,,True
47,Saskatchewan,2022,336411,Aircraft Manufacturing,primary,,>=$5M,<2,,True
47,Saskatchewan,2022,541330,Engineering Services,secondary,356.895,>=$5M,171,10.5,False
47,Saskatchewan,2022,541370,Surveying and Mapping (except Geophysical) Service,secondary,48.657,>=$5M,42,7.8,False
47,Saskatchewan,2022,541511,Custom Computer Programming Services,secondary,30.636,>=$5M,29,5.2,False
47,Saskatchewan,2022,ALL,All,all,735.038,>=$5M,272,10.2,False
47,Saskatchewan,2022,PRIMARY,Primary,primary,171.151,>=$5M,22,16.4,False
47,Saskatchewan,2022,SECONDARY,Secondary,secondary,563.887,>=$5M,250,9.6,False
47,Saskatchewan,2023,325920,Explosives Manufacturing,primary,,<$5M,<2,,True
47,Saskatchewan,2023,331110,Iron and Steel Mills and Ferroalloy Manufacturing,secondary,105.147,>=$5M,7,14.4,False
47,Saskatchewan,2023,332992,Small Arms Ammunition Manufacturing,primary,,<$5M,<2,,True
47,Saskatchewan,2023,333310,Commercial and Service Industry Machinery Manufact,primary,45.493,>=$5M,18,8.1,False
47,Saskatchewan,2023,334511,"Search, Detection, Navigation, Guidance, Aeronauti",primary,,>=$5M,<2,,True
47,Saskatchewan,2023,334610,Manufacturing and Reproducing Magnetic and Optical,secondary,,>=$5M,<2,,True
47,Saskatchewan,2023,541330,Engineering Services,secondary,297.736,>=$5M,159,10.0,False
47,Saskatchewan,2023,541370,Surveying and Mapping (except Geophysical) Service,secondary,43.451,>=$5M,41,7.7,False
47,Saskatchewan,2023,541511,Custom Computer Programming Services,secondary,21.484,>=$5M,26,4.2,False
47,Saskatchewan,2023,ALL,All,all,534.124,>=$5M,255,9.1,False
47,Saskatchewan,2023,PRIMARY,Primary,primary,54.495,>=$5M,21,8.1,False
47,Saskatchewan,2023,SECONDARY,Secondary,secondary,479.629,>=$5M,234,9.2,False
47,Saskatchewan,2024,325920,Explosives Manufacturing,primary,,<$5M,<2,,True
47,Saskatchewan,2024,331110,Iron and Steel Mills and Ferroalloy Manufacturing,secondary,105.719,>=$5M,6,17.3,False
47,Saskatchewan,2024,332992,Small Arms Ammunition Manufacturing,primary,,<$5M,<2,,True
47,Saskatchewan,2024,333310,Commercial and Service Industry Machinery Manufact,primary,43.036,>=$5M,21,11.9,False
47,Saskatchewan,2024,334511,"Search, Detection, Navigation, Guidance, Aeronauti",primary,17.855,>=$5M,2,44.5,False
47,Saskatchewan,2024,336992,"Military Armored Vehicle, Tank, and Tank Component",primary,,>=$5M,<2,,True
47,Saskatchewan,2024,541330,Engineering Services,secondary,403.713,>=$5M,166,12.3,False
47,Saskatchewan,2024,541370,Surveying and Mapping (except Geophysical) Service,secondary,25.811,>=$5M,40,6.5,False
47,Saskatchewan,2024,541511,Custom Computer Programming Services,secondary,28.595,>=$5M,40,4.7,False
47,Saskatchewan,2024,ALL,All,all,642.647,>=$5M,278,10.7,False
47,Saskatchewan,2024,PRIMARY,Primary,primary,78.809,>=$5M,26,14.4,False
47,Saskatchewan,2024,SECONDARY,Secondary,secondary,563.838,>=$5M,252,10.3,False
47,Saskatchewan,2025,325920,Explosives Manufacturing,primary,,<$5M,<2,,True
47,Saskatchewan,2025,331110,Iron and Steel Mills and Ferroalloy Manufacturing,secondary,67.007,>=$5M,6,17.3,False
47,Saskatchewan,2025,332992,Small Arms Ammunition Manufacturing,primary,,<$5M,<2,,True
47,Saskatchewan,2025,333310,Commercial and Service Industry Machinery Manufact,primary,43.208,>=$5M,20,12.5,False
47,Saskatchewan,2025,334511,"Search, Detection, Navigation, Guidance, Aeronauti",primary,19.969,>=$5M,2,26.5,False
47,Saskatchewan,2025,336992,"Military Armored Vehicle, Tank, and Tank Component",primary,,>=$5M,<2,,True
47,Saskatchewan,2025,541330,Engineering Services,secondary,422.421,>=$5M,169,12.8,False
47,Saskatchewan,2025,541370,Surveying and Mapping (except Geophysical) Service,secondary,26.791,>=$5M,40,6.7,False
47,Saskatchewan,2025,541511,Custom Computer Programming Services,secondary,25.799,>=$5M,42,5.2,False
47,Saskatchewan,2025,ALL,All,all,623.113,>=$5M,282,11.0,False
47,Saskatchewan,2025,PRIMARY,Primary,primary,81.095,>=$5M,25,13.6,False
47,Saskatchewan,2025,SECONDARY,Secondary,secondary,542.018,>=$5M,257,10.7,False
60,Yukon,2017,541330,Engineering Services,secondary,20.79,>=$5M,17,5.3,False
60,Yukon,2017,541370,Surveying & Mapping (except Geophysical) Services,secondary,7.056,>=$5M,7,6.9,False
60,Yukon,2017,541511,Custom Computer Programming Services,secondary,3.105,<$5M,3,5.0,False
60,Yukon,2017,ALL,All,all,30.951,>=$5M,27,5.7,False
60,Yukon,2017,SECONDARY,Secondary,secondary,30.951,>=$5M,27,5.7,False
60,Yukon,2018,541330,Engineering Services,secondary,23.331,>=$5M,20,5.0,False
60,Yukon,2018,541370,Surveying & Mapping (except Geophysical) Services,secondary,7.056,>=$5M,7,6.9,False
60,Yukon,2018,541511,Custom Computer Programming Services,secondary,4.14,<$5M,5,4.0,False
60,Yukon,2018,ALL,All,all,34.527,>=$5M,32,5.3,False
60,Yukon,2018,SECONDARY,Secondary,secondary,34.527,>=$5M,32,5.3,False
60,Yukon,2019,541330,Engineering Services,secondary,35.112,>=$5M,25,6.1,False
60,Yukon,2019,541370,Surveying & Mapping (except Geophysical) Services,secondary,7.056,>=$5M,7,6.9,False
60,Yukon,2019,541511,Custom Computer Programming Services,secondary,4.14,<$5M,5,4.0,False
60,Yukon,2019,ALL,All,all,46.308,>=$5M,37,5.9,False
60,Yukon,2019,SECONDARY,Secondary,secondary,46.308,>=$5M,37,5.9,False
60,Yukon,2020,541330,Engineering Services,secondary,35.343,>=$5M,25,6.1,False
60,Yukon,2020,541370,Surveying & Mapping (except Geophysical) Services,secondary,7.056,>=$5M,7,6.9,False
60,Yukon,2020,541511,Custom Computer Programming Services,secondary,4.14,<$5M,5,4.0,False
60,Yukon,2020,ALL,All,all,46.539,>=$5M,37,6.0,False
60,Yukon,2020,SECONDARY,Secondary,secondary,46.539,>=$5M,37,6.0,False
60,Yukon,2021,541330,Engineering Services,secondary,44.352,>=$5M,25,7.7,False
60,Yukon,2021,541370,Surveying and Mapping (except Geophysical) Service,secondary,7.056,>=$5M,7,6.9,False
60,Yukon,2021,541511,Custom Computer Programming Services,secondary,3.933,<$5M,4,4.8,False
60,Yukon,2021,ALL,All,all,55.341,>=$5M,36,7.2,False
60,Yukon,2021,SECONDARY,Secondary,secondary,55.341,>=$5M,36,7.2,False
60,Yukon,2022,333310,Commercial and Service Industry Machinery Manufact,primary,,<$5M,<2,,True
60,Yukon,2022,334610,Manufacturing and Reproducing Magnetic and Optical,secondary,,<$5M,<2,,True
60,Yukon,2022,541330,Engineering Services,secondary,45.276,>=$5M,26,7.5,False
60,Yukon,2022,541370,Surveying and Mapping (except Geophysical) Service,secondary,6.615,>=$5M,7,6.4,False
60,Yukon,2022,541511,Custom Computer Programming Services,secondary,3.933,<$5M,4,4.8,False
60,Yukon,2022,ALL,All,all,57.773,>=$5M,39,6.8,False
60,Yukon,2022,PRIMARY,Primary,primary,,<$5M,<2,,True
60,Yukon,2022,SECONDARY,Secondary,secondary,55.925,>=$5M,38,6.8,False
60,Yukon,2023,333310,Commercial and Service Industry Machinery Manufact,primary,,<$5M,<2,,True
60,Yukon,2023,334610,Manufacturing and Reproducing Magnetic and Optical,secondary,,<$5M,<2,,True
60,Yukon,2023,541330,Engineering Services,secondary,26.796,>=$5M,24,5.3,False
60,Yukon,2023,541370,Surveying and Mapping (except Geophysical) Service,secondary,6.47,>=$5M,7,6.4,False
60,Yukon,2023,541511,Custom Computer Programming Services,secondary,3.417,<$5M,4,4.8,False
60,Yukon,2023,ALL,All,all,38.632,>=$5M,37,5.4,False
60,Yukon,2023,PRIMARY,Primary,primary,,<$5M,<2,,True
60,Yukon,2023,SECONDARY,Secondary,secondary,36.784,>=$5M,36,5.4,False
60,Yukon,2024,334610,Manufacturing and Reproducing Magnetic and Optical,secondary,,<$5M,<2,,True
60,Yukon,2024,541330,Engineering Services,secondary,48.346,>=$5M,25,9.9,False
60,Yukon,2024,541370,Surveying and Mapping (except Geophysical) Service,secondary,4.729,<$5M,8,6.0,False
60,Yukon,2024,541511,Custom Computer Programming Services,secondary,3.443,<$5M,4,6.0,False
60,Yukon,2024,ALL,All,all,56.655,>=$5M,38,8.4,False
60,Yukon,2024,SECONDARY,Secondary,secondary,56.655,>=$5M,38,8.4,False
60,Yukon,2025,334610,Manufacturing and Reproducing Magnetic and Optical,secondary,,<$5M,<2,,True
60,Yukon,2025,541330,Engineering Services,secondary,46.787,>=$5M,25,9.6,False
60,Yukon,2025,541370,Surveying and Mapping (except Geophysical) Service,secondary,4.729,<$5M,8,6.0,False
60,Yukon,2025,541511,Custom Computer Programming Services,secondary,3.892,<$5M,5,5.2,False
60,Yukon,2025,ALL,All,all,55.545,>=$5M,39,8.1,False
60,Yukon,2025,SECONDARY,Secondary,secondary,55.545,>=$5M,39,8.1,False
