region_uid,region_name,year,NAICS6,NAICSD,defence_type,total_sales_M,sales_bucket,n_firms,avg_employees,total_jobs,lq_sales,lq_firms,lq_jobs,suppressed
48,Alberta,2017,325920,Explosives Manufacturing,primary,,<$5M,<2,,,,,,True
48,Alberta,2017,331110,Iron & Steel Mills & Ferroalloy Manufacturing,secondary,1418.055,>=$5M,68,18.3,1245.0,0.9,0.905,0.981,False
48,Alberta,2017,331221,Rolled Steel Shape Manufacturing,secondary,,>=$5M,<2,,,,,,True
48,Alberta,2017,334511,Search Detection & Navigation Instruments,primary,35.616,>=$5M,3,32.0,96.0,0.291,0.435,0.323,False
48,Alberta,2017,336411,Aircraft Manufacturing,primary,13.31,>=$5M,7,3.1,22.0,0.105,0.997,0.116,False
48,Alberta,2017,336611,Ship Building & Repairing,secondary,,<$5M,<2,,,,,,True
48,Alberta,2017,336612,Boat Building,secondary,1.782,<$5M,2,4.5,9.0,0.022,0.074,0.025,False
48,Alberta,2017,336992,"Military Armored Vehicle, Tank & Tank Cmpnnt Mfg",primary,89.598,>=$5M,3,36.3,109.0,4.143,4.132,4.607,False
48,Alberta,2017,336999,All Other Transportation Equipment Manufacturing,primary,,<$5M,<2,,,,,,True
48,Alberta,2017,541330,Engineering Services,secondary,4112.724,>=$5M,1251,14.2,17804.0,1.816,1.464,2.017,False
48,Alberta,2017,541370,Surveying & Mapping (except Geophysical) Services,secondary,573.3,>=$5M,335,11.6,3900.0,1.818,1.403,2.022,False
48,Alberta,2017,541511,Custom Computer Programming Services,secondary,251.505,>=$5M,173,7.0,1215.0,0.554,0.819,0.615,False
48,Alberta,2017,ALL,All,all,6833.534,>=$5M,1846,13.5,24830.0,1.337,1.283,1.621,False
48,Alberta,2017,PRIMARY,Primary,primary,142.292,>=$5M,15,15.9,239.0,0.457,0.892,0.378,False
48,Alberta,2017,SECONDARY,Secondary,secondary,6691.242,>=$5M,1831,13.4,24591.0,1.394,1.287,1.674,False
48,Alberta,2018,325920,Explosives Manufacturing,primary,3.23,<$5M,2,5.0,10.0,0.571,1.257,0.633,False
48,Alberta,2018,331110,Iron & Steel Mills & Ferroalloy Manufacturing,secondary,1553.596,>=$5M,72,18.9,1364.0,0.979,0.937,1.063,False
48,Alberta,2018,331221,Rolled Steel Shape Manufacturing,secondary,,>=$5M,<2,,,,,,True
48,Alberta,2018,334511,Search Detection & Navigation Instruments,primary,44.149,>=$5M,4,29.8,119.0,0.343,0.519,0.381,False
48,Alberta,2018,336411,Aircraft Manufacturing,primary,13.31,>=$5M,7,3.1,22.0,0.104,0.97,0.116,False
48,Alberta,2018,336611,Ship Building & Repairing,secondary,,<$5M,<2,,,,,,True
48,Alberta,2018,336612,Boat Building,secondary,1.782,<$5M,2,4.5,9.0,0.023,0.075,0.025,False
48,Alberta,2018,336992,"Military Armored Vehicle, Tank & Tank Cmpnnt Mfg",primary,89.598,>=$5M,3,36.3,109.0,4.143,4.086,4.592,False
48,Alberta,2018,336999,All Other Transportation Equipment Manufacturing,primary,,<$5M,<2,,,,,,True
48,Alberta,2018,541330,Engineering Services,secondary,4530.007,>=$5M,1332,14.7,19611.0,1.827,1.474,2.023,False
48,Alberta,2018,541370,Surveying & Mapping (except Geophysical) Services,secondary,562.569,>=$5M,338,11.3,3827.0,1.776,1.386,1.968,False
48,Alberta,2018,541511,Custom Computer Programming Services,secondary,250.47,>=$5M,172,7.0,1210.0,0.551,0.803,0.611,False
48,Alberta,2018,ALL,All,all,7383.771,>=$5M,1935,13.8,26703.0,1.381,1.29,1.645,False
48,Alberta,2018,PRIMARY,Primary,primary,151.471,>=$5M,17,15.5,264.0,0.476,0.932,0.406,False
48,Alberta,2018,SECONDARY,Secondary,secondary,7232.3,>=$5M,1918,13.8,26439.0,1.439,1.295,1.697,False
48,Alberta,2019,325920,Explosives Manufacturing,primary,15.504,>=$5M,6,8.0,48.0,1.654,2.093,1.876,False
48,Alberta,2019,331110,Iron & Steel Mills & Ferroalloy Manufacturing,secondary,1554.735,>=$5M,73,18.7,1365.0,0.896,0.945,0.997,False
48,Alberta,2019,331221,Rolled Steel Shape Manufacturing,secondary,,>=$5M,<2,,,,,,True
48,Alberta,2019,334511,Search Detection & Navigation Instruments,primary,54.908,>=$5M,6,24.7,148.0,0.342,0.571,0.384,False
48,Alberta,2019,336411,Aircraft Manufacturing,primary,263.175,>=$5M,8,54.4,435.0,0.822,1.015,0.932,False
48,Alberta,2019,336611,Ship Building & Repairing,secondary,,<$5M,<2,,,,,,True
48,Alberta,2019,336612,Boat Building,secondary,1.782,<$5M,2,4.5,9.0,0.022,0.078,0.025,False
48,Alberta,2019,336992,"Military Armored Vehicle, Tank & Tank Cmpnnt Mfg",primary,89.598,>=$5M,3,36.3,109.0,3.978,4.186,4.513,False
48,Alberta,2019,336999,All Other Transportation Equipment Manufacturing,primary,,<$5M,<2,,,,,,True
48,Alberta,2019,541330,Engineering Services,secondary,6189.31,>=$5M,1528,17.5,26795.0,1.769,1.469,2.005,False
48,Alberta,2019,541370,Surveying & Mapping (except Geophysical) Services,secondary,573.741,>=$5M,354,11.0,3903.0,1.659,1.402,1.882,False
48,Alberta,2019,541511,Custom Computer Programming Services,secondary,291.87,>=$5M,206,6.8,1410.0,0.524,0.853,0.593,False
48,Alberta,2019,ALL,All,all,9369.683,>=$5M,2189,15.8,34644.0,1.355,1.305,1.651,False
48,Alberta,2019,PRIMARY,Primary,primary,424.369,>=$5M,24,31.0,744.0,0.746,1.02,0.696,False
48,Alberta,2019,SECONDARY,Secondary,secondary,8945.314,>=$5M,2165,15.7,33900.0,1.41,1.309,1.703,False
48,Alberta,2020,325920,Explosives Manufacturing,primary,15.504,>=$5M,5,9.6,48.0,1.585,1.601,1.787,False
48,Alberta,2020,331110,Iron & Steel Mills & Ferroalloy Manufacturing,secondary,1586.627,>=$5M,74,18.8,1393.0,0.815,0.966,0.903,False
48,Alberta,2020,331221,Rolled Steel Shape Manufacturing,secondary,,>=$5M,<2,,,,,,True
48,Alberta,2020,334511,Search Detection & Navigation Instruments,primary,54.908,>=$5M,6,24.7,148.0,0.345,0.574,0.384,False
48,Alberta,2020,336411,Aircraft Manufacturing,primary,13.31,>=$5M,7,3.1,22.0,0.047,0.883,0.053,False
48,Alberta,2020,336611,Ship Building & Repairing,secondary,,<$5M,<2,,,,,,True
48,Alberta,2020,336612,Boat Building,secondary,1.782,<$5M,2,4.5,9.0,0.022,0.078,0.024,False
48,Alberta,2020,336992,"Military Armored Vehicle, Tank & Tank Cmpnnt Mfg",primary,89.598,>=$5M,3,36.3,109.0,4.025,4.163,4.537,False
48,Alberta,2020,336999,All Other Transportation Equipment Manufacturing,primary,,<$5M,<2,,,,,,True
48,Alberta,2020,541330,Engineering Services,secondary,6330.682,>=$5M,1540,17.8,27384.0,1.359,1.473,1.529,False
48,Alberta,2020,541370,Surveying & Mapping (except Geophysical) Services,secondary,574.917,>=$5M,355,11.0,3892.0,1.667,1.382,1.876,False
48,Alberta,2020,541511,Custom Computer Programming Services,secondary,308.844,>=$5M,209,7.1,1487.0,0.56,0.849,0.63,False
48,Alberta,2020,ALL,All,all,9311.232,>=$5M,2204,15.8,34914.0,1.133,1.303,1.365,False
48,Alberta,2020,PRIMARY,Primary,primary,174.504,>=$5M,22,15.0,331.0,0.339,0.93,0.342,False
48,Alberta,2020,SECONDARY,Secondary,secondary,9136.728,>=$5M,2182,15.8,34583.0,1.186,1.309,1.405,False
48,Alberta,2021,325920,Explosives Manufacturing,primary,15.504,>=$5M,5,9.4,47.0,1.701,1.652,1.776,False
48,Alberta,2021,331110,Iron and Steel Mills and Ferroalloy Manufacturing,secondary,1372.495,>=$5M,72,16.6,1193.0,0.784,0.962,0.841,False
48,Alberta,2021,331221,Rolled Steel Shape Manufacturing,secondary,,>=$5M,<2,,,,,,True
48,Alberta,2021,334511,"Search, Detection, Navigation, Guidance, Aeronauti",primary,54.908,>=$5M,6,24.7,148.0,0.346,0.551,0.384,False
48,Alberta,2021,336411,Aircraft Manufacturing,primary,13.31,>=$5M,7,3.1,22.0,0.047,0.863,0.052,False
48,Alberta,2021,336611,Ship Building and Repairing,secondary,,<$5M,<2,,,,,,True
48,Alberta,2021,336612,Boat Building,secondary,1.782,<$5M,2,4.5,9.0,0.022,0.078,0.024,False
48,Alberta,2021,336992,"Military Armored Vehicle, Tank, and Tank Component",primary,89.598,>=$5M,3,36.3,109.0,4.053,4.129,4.463,False
48,Alberta,2021,336999,All Other Transportation Equipment Manufacturing,primary,,<$5M,<2,,,,,,True
48,Alberta,2021,541330,Engineering Services,secondary,5540.431,>=$5M,1526,15.8,24064.0,1.831,1.479,2.006,False
48,Alberta,2021,541370,Surveying and Mapping (except Geophysical) Service,secondary,576.828,>=$5M,353,11.1,3903.0,1.701,1.373,1.871,False
48,Alberta,2021,541511,Custom Computer Programming Services,secondary,321.264,>=$5M,217,7.1,1542.0,0.581,0.865,0.636,False
48,Alberta,2021,ALL,All,all,8321.18,>=$5M,2194,14.3,31459.0,1.305,1.305,1.603,False
48,Alberta,2021,PRIMARY,Primary,primary,174.504,>=$5M,22,15.0,330.0,0.341,0.899,0.337,False
48,Alberta,2021,SECONDARY,Secondary,secondary,8146.676,>=$5M,2172,14.3,31129.0,1.389,1.311,1.67,False
48,Alberta,2022,325920,Explosives Manufacturing,primary,9.69,>=$5M,2,15.0,30.0,1.216,0.842,1.253,False
48,Alberta,2022,331110,Iron and Steel Mills and Ferroalloy Manufacturing,secondary,1392.997,>=$5M,73,16.3,1191.0,0.984,0.973,1.02,False
48,Alberta,2022,331221,Rolled Steel Shape Manufacturing,secondary,,>=$5M,<2,,,,,,True
48,Alberta,2022,333310,Commercial and Service Industry Machinery Manufact,primary,215.962,>=$5M,79,8.0,634.0,0.49,0.676,0.486,False
48,Alberta,2022,334511,"Search, Detection, Navigation, Guidance, Aeronauti",primary,54.908,>=$5M,6,19.5,117.0,0.351,0.543,0.308,False
48,Alberta,2022,334610,Manufacturing and Reproducing Magnetic and Optical,secondary,80.68,>=$5M,10,18.3,183.0,0.625,0.397,0.543,False
48,Alberta,2022,336411,Aircraft Manufacturing,primary,13.31,>=$5M,7,3.1,22.0,0.062,0.867,0.058,False
48,Alberta,2022,336611,Ship Building and Repairing,secondary,,<$5M,<2,,,,,,True
48,Alberta,2022,336612,Boat Building,secondary,1.782,<$5M,2,4.5,9.0,0.022,0.079,0.024,False
48,Alberta,2022,336992,"Military Armored Vehicle, Tank, and Tank Component",primary,89.598,>=$5M,3,36.3,109.0,4.156,4.21,4.462,False
48,Alberta,2022,336999,All Other Transportation Equipment Manufacturing,primary,,<$5M,<2,,,,,,True
48,Alberta,2022,541330,Engineering Services,secondary,5472.174,>=$5M,1613,14.6,23630.0,1.749,1.411,1.939,False
48,Alberta,2022,541370,Surveying and Mapping (except Geophysical) Service,secondary,596.673,>=$5M,360,11.1,3989.0,1.757,1.384,1.892,False
48,Alberta,2022,541511,Custom Computer Programming Services,secondary,323.748,>=$5M,220,7.0,1533.0,0.6,0.87,0.637,False
48,Alberta,2022,ALL,All,all,8586.582,>=$5M,2378,13.4,31869.0,1.297,1.228,1.507,False
48,Alberta,2022,PRIMARY,Primary,primary,384.652,>=$5M,98,9.3,916.0,0.438,0.695,0.411,False
48,Alberta,2022,SECONDARY,Secondary,secondary,8201.93,>=$5M,2280,13.6,30953.0,1.428,1.269,1.636,False
48,Alberta,2023,325920,Explosives Manufacturing,primary,3.23,<$5M,2,5.0,10.0,0.879,1.566,0.758,False
48,Alberta,2023,331110,Iron and Steel Mills and Ferroalloy Manufacturing,secondary,1223.614,>=$5M,69,15.9,1097.0,1.033,0.96,0.995,False
48,Alberta,2023,331221,Rolled Steel Shape Manufacturing,secondary,,>=$5M,<2,,,,,,True
48,Alberta,2023,333310,Commercial and Service Industry Machinery Manufact,primary,179.485,>=$5M,77,8.3,641.0,0.461,0.666,0.482,False
48,Alberta,2023,334511,"Search, Detection, Navigation, Guidance, Aeronauti",primary,49.469,>=$5M,5,40.0,200.0,0.248,0.439,0.45,False
48,Alberta,2023,334610,Manufacturing and Reproducing Magnetic and Optical,secondary,45.181,>=$5M,11,9.0,99.0,0.38,0.441,0.311,False
48,Alberta,2023,336411,Aircraft Manufacturing,primary,12.203,>=$5M,7,3.1,22.0,0.113,0.849,0.107,False
48,Alberta,2023,336611,Ship Building and Repairing,secondary,,<$5M,<2,,,,,,True
48,Alberta,2023,336612,Boat Building,secondary,2.49,<$5M,3,5.0,15.0,0.034,0.121,0.041,False
48,Alberta,2023,336992,"Military Armored Vehicle, Tank, and Tank Component",primary,65.579,>=$5M,3,36.3,109.0,3.539,2.871,3.901,False
48,Alberta,2023,336999,All Other Transportation Equipment Manufacturing,primary,5.144,>=$5M,2,7.0,14.0,0.372,1.325,0.307,False
48,Alberta,2023,541330,Engineering Services,secondary,4641.453,>=$5M,1527,13.2,20184.0,1.79,1.422,1.937,False
48,Alberta,2023,541370,Surveying and Mapping (except Geophysical) Service,secondary,563.437,>=$5M,361,10.9,3938.0,1.876,1.422,1.93,False
48,Alberta,2023,541511,Custom Computer Programming Services,secondary,288.396,>=$5M,214,6.5,1392.0,0.555,0.867,0.585,False
48,Alberta,2023,ALL,All,all,7413.557,>=$5M,2283,12.3,28139.0,1.311,1.234,1.471,False
48,Alberta,2023,PRIMARY,Primary,primary,315.11,>=$5M,96,10.4,996.0,0.422,0.687,0.463,False
48,Alberta,2023,SECONDARY,Secondary,secondary,7098.447,>=$5M,2187,12.4,27143.0,1.446,1.279,1.599,False
48,Alberta,2024,325920,Explosives Manufacturing,primary,,<$5M,<2,,,,,,True
48,Alberta,2024,331110,Iron and Steel Mills and Ferroalloy Manufacturing,secondary,1079.809,>=$5M,63,26.7,1683.0,1.236,0.874,1.228,False
48,Alberta,2024,331221,Rolled Steel Shape Manufacturing,secondary,,>=$5M,<2,,,,,,True
48,Alberta,2024,333310,Commercial and Service Industry Machinery Manufact,primary,129.954,>=$5M,71,11.9,848.0,0.51,0.594,0.571,False
48,Alberta,2024,334511,"Search, Detection, Navigation, Guidance, Aeronauti",primary,79.64,>=$5M,7,48.4,339.0,0.527,0.503,0.522,False
48,Alberta,2024,334610,Manufacturing and Reproducing Magnetic and Optical,secondary,32.609,>=$5M,12,7.1,85.0,0.367,0.466,0.269,False
48,Alberta,2024,336411,Aircraft Manufacturing,primary,10.604,>=$5M,7,3.1,22.0,0.074,0.733,0.073,False
48,Alberta,2024,336611,Ship Building and Repairing,secondary,,<$5M,<2,,,,,,True
48,Alberta,2024,336612,Boat Building,secondary,6.363,>=$5M,3,14.7,44.0,0.086,0.123,0.086,False
48,Alberta,2024,336992,"Military Armored Vehicle, Tank, and Tank Component",primary,84.796,>=$5M,3,56.3,169.0,2.369,1.654,2.355,False
48,Alberta,2024,336999,All Other Transportation Equipment Manufacturing,primary,6.43,>=$5M,4,7.0,28.0,0.545,1.741,0.543,False
48,Alberta,2024,541330,Engineering Services,secondary,5313.81,>=$5M,1590,17.1,27227.0,1.676,1.375,1.663,False
48,Alberta,2024,541370,Surveying and Mapping (except Geophysical) Service,secondary,300.534,>=$5M,356,8.5,3039.0,1.93,1.378,1.921,False
48,Alberta,2024,541511,Custom Computer Programming Services,secondary,397.901,>=$5M,246,10.9,2677.0,0.729,0.805,0.736,False
48,Alberta,2024,ALL,All,all,7698.296,>=$5M,2365,15.5,36585.0,1.355,1.179,1.356,False
48,Alberta,2024,PRIMARY,Primary,primary,311.846,>=$5M,93,15.1,1408.0,0.504,0.62,0.522,False
48,Alberta,2024,SECONDARY,Secondary,secondary,7386.45,>=$5M,2272,15.5,35177.0,1.459,1.224,1.449,False
48,Alberta,2025,325920,Explosives Manufacturing,primary,,<$5M,<2,,,,,,True
48,Alberta,2025,331110,Iron and Steel Mills and Ferroalloy Manufacturing,secondary,1084.962,>=$5M,63,26.7,1684.0,1.257,0.882,1.258,False
48,Alberta,2025,331221,Rolled Steel Shape Manufacturing,secondary,,>=$5M,<2,,,,,,True
48,Alberta,2025,333310,Commercial and Service Industry Machinery Manufact,primary,147.58,>=$5M,73,11.5,842.0,0.552,0.602,0.547,False
48,Alberta,2025,334511,"Search, Detection, Navigation, Guidance, Aeronauti",primary,74.472,>=$5M,7,45.3,317.0,0.497,0.497,0.504,False
48,Alberta,2025,334610,Manufacturing and Reproducing Magnetic and Optical,secondary,32.609,>=$5M,12,7.1,85.0,0.358,0.461,0.265,False
48,Alberta,2025,336411,Aircraft Manufacturing,primary,10.604,>=$5M,7,3.1,22.0,0.075,0.727,0.075,False
48,Alberta,2025,336611,Ship Building and Repairing,secondary,,<$5M,<2,,,,,,True
48,Alberta,2025,336612,Boat Building,secondary,7.375,>=$5M,3,17.0,51.0,0.097,0.123,0.098,False
48,Alberta,2025,336992,"Military Armored Vehicle, Tank, and Tank Component",primary,71.751,>=$5M,3,47.7,143.0,2.233,1.78,2.24,False
48,Alberta,2025,336999,All Other Transportation Equipment Manufacturing,primary,6.43,>=$5M,4,7.0,28.0,0.525,1.445,0.525,False
48,Alberta,2025,541330,Engineering Services,secondary,5338.203,>=$5M,1613,17.0,27481.0,1.652,1.381,1.659,False
48,Alberta,2025,541370,Surveying and Mapping (except Geophysical) Service,secondary,307.679,>=$5M,359,8.7,3125.0,1.868,1.38,1.881,False
48,Alberta,2025,541511,Custom Computer Programming Services,secondary,431.986,>=$5M,273,10.5,2855.0,0.717,0.817,0.715,False
48,Alberta,2025,ALL,All,all,7769.776,>=$5M,2420,15.3,37058.0,1.336,1.18,1.34,False
48,Alberta,2025,PRIMARY,Primary,primary,311.259,>=$5M,95,14.3,1354.0,0.494,0.621,0.493,False
48,Alberta,2025,SECONDARY,Secondary,secondary,7458.517,>=$5M,2325,15.4,35704.0,1.439,1.225,1.433,False
59,British Columbia / Colombie-Britannique,2017,325920,Explosives Manufacturing,primary,20.672,>=$5M,3,21.3,64.0,3.843,1.776,3.501,False
59,British Columbia / Colombie-Britannique,2017,331110,Iron & Steel Mills & Ferroalloy Manufacturing,secondary,437.724,>=$5M,32,12.1,386.0,0.285,0.336,0.256,False
59,British Columbia / Colombie-Britannique,2017,333314,Optical Instrument & Lens Manufacturing,secondary,0.858,<$5M,2,1.5,3.0,0.25,0.724,0.228,False
59,British Columbia / Colombie-Britannique,2017,334511,Search Detection & Navigation Instruments,primary,120.946,>=$5M,17,19.2,326.0,1.014,1.942,0.924,False
59,British Columbia / Colombie-Britannique,2017,336411,Aircraft Manufacturing,primary,36.3,>=$5M,9,6.7,60.0,0.293,1.011,0.267,False
59,British Columbia / Colombie-Britannique,2017,336611,Ship Building & Repairing,secondary,111.888,>=$5M,48,10.5,504.0,1.744,2.742,1.589,False
59,British Columbia / Colombie-Britannique,2017,336612,Boat Building,secondary,291.06,>=$5M,87,16.9,1470.0,3.774,2.552,3.443,False
59,British Columbia / Colombie-Britannique,2017,336992,"Military Armored Vehicle, Tank & Tank Cmpnnt Mfg",primary,,<$5M,<2,,,,,,True
59,British Columbia / Colombie-Britannique,2017,336999,All Other Transportation Equipment Manufacturing,primary,,<$5M,<2,,,,,,True
59,British Columbia / Colombie-Britannique,2017,541330,Engineering Services,secondary,2833.085,>=$5M,1375,8.9,12282.0,1.285,1.268,1.171,False
59,British Columbia / Colombie-Britannique,2017,541370,Surveying & Mapping (except Geophysical) Services,secondary,302.82,>=$5M,255,8.1,2060.0,0.986,0.842,0.899,False
59,British Columbia / Colombie-Britannique,2017,541511,Custom Computer Programming Services,secondary,962.343,>=$5M,545,8.5,4649.0,2.176,2.034,1.98,False
59,British Columbia / Colombie-Britannique,2017,ALL,All,all,5120.754,>=$5M,2375,9.2,21809.0,1.029,1.3,1.198,False
59,British Columbia / Colombie-Britannique,2017,PRIMARY,Primary,primary,180.976,>=$5M,31,14.7,455.0,0.596,1.452,0.606,False
59,British Columbia / Colombie-Britannique,2017,SECONDARY,Secondary,secondary,4939.778,>=$5M,2344,9.1,21354.0,1.057,1.298,1.224,False
59,British Columbia / Colombie-Britannique,2018,325920,Explosives Manufacturing,primary,20.672,>=$5M,3,21.3,64.0,3.746,1.492,3.421,False
59,British Columbia / Colombie-Britannique,2018,331110,Iron & Steel Mills & Ferroalloy Manufacturing,secondary,429.02,>=$5M,32,12.1,387.0,0.277,0.33,0.255,False
59,British Columbia / Colombie-Britannique,2018,333314,Optical Instrument & Lens Manufacturing,secondary,0.858,<$5M,2,1.5,3.0,0.244,0.719,0.223,False
59,British Columbia / Colombie-Britannique,2018,334511,Search Detection & Navigation Instruments,primary,124.656,>=$5M,18,18.7,336.0,0.993,1.848,0.907,False
59,British Columbia / Colombie-Britannique,2018,336411,Aircraft Manufacturing,primary,36.3,>=$5M,9,6.7,60.0,0.291,0.987,0.266,False
59,British Columbia / Colombie-Britannique,2018,336611,Ship Building & Repairing,secondary,112.332,>=$5M,49,10.3,506.0,1.776,2.804,1.622,False
59,British Columbia / Colombie-Britannique,2018,336612,Boat Building,secondary,286.704,>=$5M,84,17.2,1448.0,3.743,2.504,3.423,False
59,British Columbia / Colombie-Britannique,2018,336992,"Military Armored Vehicle, Tank & Tank Cmpnnt Mfg",primary,,<$5M,<2,,,,,,True
59,British Columbia / Colombie-Britannique,2018,336999,All Other Transportation Equipment Manufacturing,primary,,<$5M,<2,,,,,,True
59,British Columbia / Colombie-Britannique,2018,541330,Engineering Services,secondary,3148.534,>=$5M,1432,9.5,13647.0,1.301,1.254,1.188,False
59,British Columbia / Colombie-Britannique,2018,541370,Surveying & Mapping (except Geophysical) Services,secondary,294.882,>=$5M,256,7.8,2006.0,0.953,0.831,0.871,False
59,British Columbia / Colombie-Britannique,2018,541511,Custom Computer Programming Services,secondary,932.535,>=$5M,551,8.2,4505.0,2.103,2.036,1.918,False
59,British Columbia / Colombie-Britannique,2018,ALL,All,all,5389.551,>=$5M,2438,9.4,22967.0,1.033,1.287,1.194,False
59,British Columbia / Colombie-Britannique,2018,PRIMARY,Primary,primary,184.686,>=$5M,32,14.5,465.0,0.594,1.389,0.604,False
59,British Columbia / Colombie-Britannique,2018,SECONDARY,Secondary,secondary,5204.865,>=$5M,2406,9.4,22502.0,1.061,1.285,1.219,False
59,British Columbia / Colombie-Britannique,2019,325920,Explosives Manufacturing,primary,20.672,>=$5M,3,21.3,64.0,2.386,0.824,2.179,False
59,British Columbia / Colombie-Britannique,2019,331110,Iron & Steel Mills & Ferroalloy Manufacturing,secondary,439.271,>=$5M,34,11.6,396.0,0.274,0.347,0.252,False
59,British Columbia / Colombie-Britannique,2019,333314,Optical Instrument & Lens Manufacturing,secondary,0.858,<$5M,2,1.5,3.0,0.253,0.776,0.231,False
59,British Columbia / Colombie-Britannique,2019,334511,Search Detection & Navigation Instruments,primary,174.968,>=$5M,21,24.1,507.0,1.179,1.574,1.144,False
59,British Columbia / Colombie-Britannique,2019,336411,Aircraft Manufacturing,primary,286.165,>=$5M,10,47.3,473.0,0.967,0.999,0.883,False
59,British Columbia / Colombie-Britannique,2019,336414,Guided Missile & Space Vehicle Manufacturing,primary,,<$5M,<2,,,,,,True
59,British Columbia / Colombie-Britannique,2019,336611,Ship Building & Repairing,secondary,119.88,>=$5M,53,10.2,540.0,1.716,2.865,1.567,False
59,British Columbia / Colombie-Britannique,2019,336612,Boat Building,secondary,286.902,>=$5M,85,17.0,1449.0,3.793,2.595,3.468,False
59,British Columbia / Colombie-Britannique,2019,336992,"Military Armored Vehicle, Tank & Tank Cmpnnt Mfg",primary,,<$5M,<2,,,,,,True
59,British Columbia / Colombie-Britannique,2019,336999,All Other Transportation Equipment Manufacturing,primary,,<$5M,<2,,,,,,True
59,British Columbia / Colombie-Britannique,2019,541330,Engineering Services,secondary,3742.354,>=$5M,1624,10.0,16222.0,1.157,1.23,1.057,False
59,British Columbia / Colombie-Britannique,2019,541370,Surveying & Mapping (except Geophysical) Services,secondary,322.812,>=$5M,280,7.8,2196.0,1.01,0.874,0.922,False
59,British Columbia / Colombie-Britannique,2019,541511,Custom Computer Programming Services,secondary,1001.673,>=$5M,587,8.2,4839.0,1.944,1.915,1.773,False
59,British Columbia / Colombie-Britannique,2019,ALL,All,all,6399.361,>=$5M,2702,9.9,26696.0,1.002,1.269,1.108,False
59,British Columbia / Colombie-Britannique,2019,PRIMARY,Primary,primary,485.611,>=$5M,37,28.4,1051.0,0.924,1.239,0.856,False
59,British Columbia / Colombie-Britannique,2019,SECONDARY,Secondary,secondary,5913.75,>=$5M,2665,9.6,25645.0,1.009,1.269,1.122,False
59,British Columbia / Colombie-Britannique,2020,325920,Explosives Manufacturing,primary,29.07,>=$5M,7,12.9,90.0,3.156,1.764,2.895,False
59,British Columbia / Colombie-Britannique,2020,331110,Iron & Steel Mills & Ferroalloy Manufacturing,secondary,380.043,>=$5M,32,10.8,344.0,0.207,0.329,0.193,False
59,British Columbia / Colombie-Britannique,2020,333314,Optical Instrument & Lens Manufacturing,secondary,0.858,<$5M,2,1.5,3.0,0.278,0.874,0.255,False
59,British Columbia / Colombie-Britannique,2020,334511,Search Detection & Navigation Instruments,primary,183.501,>=$5M,22,24.1,530.0,1.224,1.657,1.19,False
59,British Columbia / Colombie-Britannique,2020,336411,Aircraft Manufacturing,primary,286.165,>=$5M,10,47.3,473.0,1.064,0.993,0.976,False
59,British Columbia / Colombie-Britannique,2020,336414,Guided Missile & Space Vehicle Manufacturing,primary,,<$5M,<2,,,,,,True
59,British Columbia / Colombie-Britannique,2020,336611,Ship Building & Repairing,secondary,115.884,>=$5M,52,10.0,522.0,1.621,2.793,1.487,False
59,British Columbia / Colombie-Britannique,2020,336612,Boat Building,secondary,302.742,>=$5M,86,17.8,1529.0,3.887,2.646,3.577,False
59,British Columbia / Colombie-Britannique,2020,336992,"Military Armored Vehicle, Tank & Tank Cmpnnt Mfg",primary,,<$5M,<2,,,,,,True
59,British Columbia / Colombie-Britannique,2020,336999,All Other Transportation Equipment Manufacturing,primary,,<$5M,<2,,,,,,True
59,British Columbia / Colombie-Britannique,2020,541330,Engineering Services,secondary,3679.753,>=$5M,1622,9.8,15950.0,0.839,1.221,0.77,False
59,British Columbia / Colombie-Britannique,2020,541370,Surveying & Mapping (except Geophysical) Services,secondary,302.379,>=$5M,280,7.3,2057.0,0.931,0.858,0.857,False
59,British Columbia / Colombie-Britannique,2020,541511,Custom Computer Programming Services,secondary,1016.784,>=$5M,599,8.2,4903.0,1.958,1.915,1.794,False
59,British Columbia / Colombie-Britannique,2020,ALL,All,all,6300.985,>=$5M,2715,9.7,26408.0,0.814,1.263,0.892,False
59,British Columbia / Colombie-Britannique,2020,PRIMARY,Primary,primary,502.542,>=$5M,42,26.2,1100.0,1.037,1.397,0.982,False
59,British Columbia / Colombie-Britannique,2020,SECONDARY,Secondary,secondary,5798.443,>=$5M,2673,9.5,25308.0,0.799,1.262,0.888,False
59,British Columbia / Colombie-Britannique,2021,325920,Explosives Manufacturing,primary,27.132,>=$5M,6,14.0,84.0,3.13,1.582,2.804,False
59,British Columbia / Colombie-Britannique,2021,331110,Iron and Steel Mills and Ferroalloy Manufacturing,secondary,332.205,>=$5M,30,10.1,302.0,0.199,0.32,0.188,False
59,British Columbia / Colombie-Britannique,2021,333314,Optical Instrument and Lens Manufacturing,secondary,0.858,<$5M,2,1.5,3.0,0.331,1.014,0.306,False
59,British Columbia / Colombie-Britannique,2021,334511,"Search, Detection, Navigation, Guidance, Aeronauti",primary,152.852,>=$5M,23,17.3,398.0,1.013,1.684,0.913,False
59,British Columbia / Colombie-Britannique,2021,336411,Aircraft Manufacturing,primary,289.19,>=$5M,11,43.5,478.0,1.071,1.082,0.991,False
59,British Columbia / Colombie-Britannique,2021,336414,Guided Missile and Space Vehicle Manufacturing,primary,,<$5M,<2,,,,,,True
59,British Columbia / Colombie-Britannique,2021,336611,Ship Building and Repairing,secondary,112.11,>=$5M,52,9.7,505.0,1.696,2.88,1.569,False
59,British Columbia / Colombie-Britannique,2021,336612,Boat Building,secondary,297.99,>=$5M,83,18.1,1505.0,3.8,2.592,3.527,False
59,British Columbia / Colombie-Britannique,2021,336992,"Military Armored Vehicle, Tank, and Tank Component",primary,,<$5M,<2,,,,,,True
59,British Columbia / Colombie-Britannique,2021,336999,All Other Transportation Equipment Manufacturing,primary,1.776,<$5M,2,3.0,6.0,0.136,1.464,0.126,False
59,British Columbia / Colombie-Britannique,2021,541330,Engineering Services,secondary,3280.95,>=$5M,1561,9.1,14226.0,1.14,1.207,1.048,False
59,British Columbia / Colombie-Britannique,2021,541370,Surveying and Mapping (except Geophysical) Service,secondary,276.948,>=$5M,275,6.8,1880.0,0.859,0.853,0.796,False
59,British Columbia / Colombie-Britannique,2021,541511,Custom Computer Programming Services,secondary,1030.653,>=$5M,601,8.3,4969.0,1.96,1.912,1.812,False
59,British Columbia / Colombie-Britannique,2021,ALL,All,all,5805.878,>=$5M,2648,9.2,24361.0,0.957,1.257,1.097,False
59,British Columbia / Colombie-Britannique,2021,PRIMARY,Primary,primary,474.164,>=$5M,44,22.1,971.0,0.975,1.435,0.877,False
59,British Columbia / Colombie-Britannique,2021,SECONDARY,Secondary,secondary,5331.714,>=$5M,2604,9.0,23390.0,0.955,1.255,1.108,False
59,British Columbia / Colombie-Britannique,2022,325920,Explosives Manufacturing,primary,28.424,>=$5M,5,17.6,88.0,3.526,1.593,3.197,False
59,British Columbia / Colombie-Britannique,2022,331110,Iron and Steel Mills and Ferroalloy Manufacturing,secondary,365.236,>=$5M,32,9.7,309.0,0.255,0.323,0.23,False
59,British Columbia / Colombie-Britannique,2022,333310,Commercial and Service Industry Machinery Manufact,primary,292.86,>=$5M,117,6.8,799.0,0.656,0.758,0.533,False
59,British Columbia / Colombie-Britannique,2022,334511,"Search, Detection, Navigation, Guidance, Aeronauti",primary,157.381,>=$5M,25,16.4,411.0,0.995,1.713,0.94,False
59,British Columbia / Colombie-Britannique,2022,334610,Manufacturing and Reproducing Magnetic and Optical,secondary,160.787,>=$5M,37,10.9,405.0,1.232,1.112,1.046,False
59,British Columbia / Colombie-Britannique,2022,336411,Aircraft Manufacturing,primary,292.215,>=$5M,12,40.2,482.0,1.353,1.124,1.112,False
59,British Columbia / Colombie-Britannique,2022,336414,Guided Missile and Space Vehicle Manufacturing,primary,,<$5M,<2,,,,,,True
59,British Columbia / Colombie-Britannique,2022,336611,Ship Building and Repairing,secondary,112.332,>=$5M,53,9.5,502.0,1.656,2.768,1.537,False
59,British Columbia / Colombie-Britannique,2022,336612,Boat Building,secondary,301.95,>=$5M,85,17.9,1525.0,3.713,2.555,3.517,False
59,British Columbia / Colombie-Britannique,2022,336992,"Military Armored Vehicle, Tank, and Tank Component",primary,,<$5M,<2,,,,,,True
59,British Columbia / Colombie-Britannique,2022,336999,All Other Transportation Equipment Manufacturing,primary,1.776,<$5M,2,3.0,6.0,0.128,1.158,0.117,False
59,British Columbia / Colombie-Britannique,2022,541330,Engineering Services,secondary,3636.065,>=$5M,1809,8.3,15086.0,1.149,1.197,1.077,False
59,British Columbia / Colombie-Britannique,2022,541370,Surveying and Mapping (except Geophysical) Service,secondary,290.766,>=$5M,297,6.4,1904.0,0.847,0.864,0.786,False
59,British Columbia / Colombie-Britannique,2022,541511,Custom Computer Programming Services,secondary,1051.697,>=$5M,615,8.2,5046.0,1.929,1.841,1.825,False
59,British Columbia / Colombie-Britannique,2022,ALL,All,all,6694.703,>=$5M,3091,8.6,26568.0,1.0,1.207,1.093,False
59,British Columbia / Colombie-Britannique,2022,PRIMARY,Primary,primary,775.87,>=$5M,163,11.0,1791.0,0.874,0.875,0.699,False
59,British Columbia / Colombie-Britannique,2022,SECONDARY,Secondary,secondary,5918.833,>=$5M,2928,8.5,24777.0,1.019,1.234,1.139,False
59,British Columbia / Colombie-Britannique,2023,325920,Explosives Manufacturing,primary,14.063,>=$5M,3,21.3,64.0,3.585,1.746,4.126,False
59,British Columbia / Colombie-Britannique,2023,331110,Iron and Steel Mills and Ferroalloy Manufacturing,secondary,303.48,>=$5M,30,8.1,242.0,0.24,0.31,0.187,False
59,British Columbia / Colombie-Britannique,2023,333310,Commercial and Service Industry Machinery Manufact,primary,258.926,>=$5M,120,7.3,874.0,0.623,0.771,0.56,False
59,British Columbia / Colombie-Britannique,2023,334511,"Search, Detection, Navigation, Guidance, Aeronauti",primary,120.421,>=$5M,24,14.1,338.0,0.566,1.568,0.648,False
59,British Columbia / Colombie-Britannique,2023,334610,Manufacturing and Reproducing Magnetic and Optical,secondary,155.869,>=$5M,36,10.9,394.0,1.228,1.072,1.053,False
59,British Columbia / Colombie-Britannique,2023,336411,Aircraft Manufacturing,primary,158.002,>=$5M,13,36.5,475.0,1.365,1.172,1.958,False
59,British Columbia / Colombie-Britannique,2023,336414,Guided Missile and Space Vehicle Manufacturing,primary,,<$5M,<2,,,,,,True
59,British Columbia / Colombie-Britannique,2023,336611,Ship Building and Repairing,secondary,119.641,>=$5M,53,9.5,506.0,1.44,2.758,1.467,False
59,British Columbia / Colombie-Britannique,2023,336612,Boat Building,secondary,289.248,>=$5M,84,17.7,1483.0,3.752,2.524,3.41,False
59,British Columbia / Colombie-Britannique,2023,336992,"Military Armored Vehicle, Tank, and Tank Component",primary,,<$5M,<2,,,,,,True
59,British Columbia / Colombie-Britannique,2023,336999,All Other Transportation Equipment Manufacturing,primary,2.333,<$5M,3,3.0,9.0,0.158,1.477,0.168,False
59,British Columbia / Colombie-Britannique,2023,541330,Engineering Services,secondary,3256.915,>=$5M,1774,7.8,13753.0,1.176,1.228,1.123,False
59,British Columbia / Colombie-Britannique,2023,541370,Surveying and Mapping (except Geophysical) Service,secondary,258.886,>=$5M,297,6.1,1802.0,0.807,0.87,0.751,False
59,British Columbia / Colombie-Britannique,2023,541511,Custom Computer Programming Services,secondary,1032.297,>=$5M,616,8.3,5090.0,1.86,1.855,1.82,False
59,British Columbia / Colombie-Britannique,2023,ALL,All,all,5972.968,>=$5M,3055,8.2,25035.0,0.989,1.227,1.114,False
59,British Columbia / Colombie-Britannique,2023,PRIMARY,Primary,primary,556.632,>=$5M,165,10.7,1765.0,0.699,0.878,0.698,False
59,British Columbia / Colombie-Britannique,2023,SECONDARY,Secondary,secondary,5416.336,>=$5M,2890,8.1,23270.0,1.033,1.256,1.166,False
59,British Columbia / Colombie-Britannique,2024,325920,Explosives Manufacturing,primary,13.503,>=$5M,3,21.3,64.0,4.156,1.845,3.861,False
59,British Columbia / Colombie-Britannique,2024,331110,Iron and Steel Mills and Ferroalloy Manufacturing,secondary,247.208,>=$5M,32,12.0,385.0,0.233,0.33,0.216,False
59,British Columbia / Colombie-Britannique,2024,333310,Commercial and Service Industry Machinery Manufact,primary,219.634,>=$5M,123,10.1,1246.0,0.709,0.766,0.644,False
59,British Columbia / Colombie-Britannique,2024,334511,"Search, Detection, Navigation, Guidance, Aeronauti",primary,135.794,>=$5M,24,24.1,578.0,0.739,1.283,0.683,False
59,British Columbia / Colombie-Britannique,2024,334610,Manufacturing and Reproducing Magnetic and Optical,secondary,124.238,>=$5M,37,9.3,343.0,1.15,1.068,0.833,False
59,British Columbia / Colombie-Britannique,2024,336411,Aircraft Manufacturing,primary,299.297,>=$5M,14,44.4,621.0,1.71,1.09,1.588,False
59,British Columbia / Colombie-Britannique,2024,336414,Guided Missile and Space Vehicle Manufacturing,primary,,<$5M,<2,,,,,,True
59,British Columbia / Colombie-Britannique,2024,336611,Ship Building and Repairing,secondary,319.134,>=$5M,52,22.2,1152.0,2.112,2.687,1.982,False
59,British Columbia / Colombie-Britannique,2024,336612,Boat Building,secondary,281.543,>=$5M,81,23.9,1936.0,3.128,2.478,2.903,False
59,British Columbia / Colombie-Britannique,2024,336999,All Other Transportation Equipment Manufacturing,primary,5.512,>=$5M,5,4.8,24.0,0.385,1.618,0.357,False
59,British Columbia / Colombie-Britannique,2024,541330,Engineering Services,secondary,4296.935,>=$5M,1858,11.9,22137.0,1.115,1.195,1.038,False
59,British Columbia / Colombie-Britannique,2024,541370,Surveying and Mapping (except Geophysical) Service,secondary,144.947,>=$5M,303,4.8,1468.0,0.766,0.872,0.712,False
59,British Columbia / Colombie-Britannique,2024,541511,Custom Computer Programming Services,secondary,975.996,>=$5M,649,10.0,6478.0,1.471,1.579,1.366,False
59,British Columbia / Colombie-Britannique,2024,ALL,All,all,7064.162,>=$5M,3182,11.5,36434.0,1.023,1.179,1.037,False
59,British Columbia / Colombie-Britannique,2024,PRIMARY,Primary,primary,674.161,>=$5M,170,14.9,2535.0,0.896,0.843,0.722,False
59,British Columbia / Colombie-Britannique,2024,SECONDARY,Secondary,secondary,6390.001,>=$5M,3012,11.3,33899.0,1.039,1.206,1.072,False
59,British Columbia / Colombie-Britannique,2025,325920,Explosives Manufacturing,primary,13.503,>=$5M,3,21.3,64.0,4.131,1.847,3.871,False
59,British Columbia / Colombie-Britannique,2025,331110,Iron and Steel Mills and Ferroalloy Manufacturing,secondary,294.983,>=$5M,33,13.1,432.0,0.287,0.343,0.253,False
59,British Columbia / Colombie-Britannique,2025,332994,"Small Arms, Ordnance, and Ordnance Accessories Man",primary,,>=$5M,<2,,,,,,True
59,British Columbia / Colombie-Britannique,2025,333310,Commercial and Service Industry Machinery Manufact,primary,219.7,>=$5M,126,9.9,1244.0,0.691,0.769,0.634,False
59,British Columbia / Colombie-Britannique,2025,334511,"Search, Detection, Navigation, Guidance, Aeronauti",primary,124.048,>=$5M,24,22.0,528.0,0.696,1.263,0.658,False
59,British Columbia / Colombie-Britannique,2025,334610,Manufacturing and Reproducing Magnetic and Optical,secondary,121.617,>=$5M,37,9.3,343.0,1.121,1.054,0.84,False
59,British Columbia / Colombie-Britannique,2025,336411,Aircraft Manufacturing,primary,303.153,>=$5M,15,41.9,629.0,1.794,1.154,1.689,False
59,British Columbia / Colombie-Britannique,2025,336414,Guided Missile and Space Vehicle Manufacturing,primary,,<$5M,<2,,,,,,True
59,British Columbia / Colombie-Britannique,2025,336611,Ship Building and Repairing,secondary,324.641,>=$5M,53,22.4,1188.0,2.156,2.718,2.045,False
59,British Columbia / Colombie-Britannique,2025,336612,Boat Building,secondary,271.15,>=$5M,81,23.1,1873.0,3.012,2.456,2.823,False
59,British Columbia / Colombie-Britannique,2025,336999,All Other Transportation Equipment Manufacturing,primary,5.746,>=$5M,6,4.3,26.0,0.394,1.606,0.383,False
59,British Columbia / Colombie-Britannique,2025,541330,Engineering Services,secondary,4156.99,>=$5M,1911,11.2,21408.0,1.081,1.213,1.014,False
59,British Columbia / Colombie-Britannique,2025,541370,Surveying and Mapping (except Geophysical) Service,secondary,167.811,>=$5M,312,5.5,1702.0,0.856,0.889,0.804,False
59,British Columbia / Colombie-Britannique,2025,541511,Custom Computer Programming Services,secondary,964.719,>=$5M,698,9.2,6446.0,1.346,1.549,1.266,False
59,British Columbia / Colombie-Britannique,2025,ALL,All,all,6975.208,>=$5M,3301,10.9,35931.0,1.008,1.192,1.02,False
59,British Columbia / Colombie-Britannique,2025,PRIMARY,Primary,primary,673.297,>=$5M,176,14.4,2539.0,0.899,0.853,0.725,False
59,British Columbia / Colombie-Britannique,2025,SECONDARY,Secondary,secondary,6301.911,>=$5M,3125,10.7,33392.0,1.021,1.22,1.052,False
46,Manitoba,2017,331110,Iron & Steel Mills & Ferroalloy Manufacturing,secondary,293.862,>=$5M,14,18.4,258.0,0.66,0.646,0.606,False
46,Manitoba,2017,333314,Optical Instrument & Lens Manufacturing,secondary,,<$5M,<2,,,,,,True
46,Manitoba,2017,334511,Search Detection & Navigation Instruments,primary,,<$5M,<2,,,,,,True
46,Manitoba,2017,336411,Aircraft Manufacturing,primary,39.325,>=$5M,2,32.5,65.0,1.094,0.989,1.025,False
46,Manitoba,2017,336612,Boat Building,secondary,40.986,>=$5M,10,20.7,207.0,1.831,1.291,1.717,False
46,Manitoba,2017,336992,"Military Armored Vehicle, Tank & Tank Cmpnnt Mfg",primary,,<$5M,<2,,,,,,True
46,Manitoba,2017,336999,All Other Transportation Equipment Manufacturing,primary,,<$5M,<2,,,,,,True
46,Manitoba,2017,541330,Engineering Services,secondary,335.92,>=$5M,178,8.2,1460.0,0.525,0.723,0.493,False
46,Manitoba,2017,541370,Surveying & Mapping (except Geophysical) Services,secondary,40.719,>=$5M,40,6.9,277.0,0.457,0.581,0.428,False
46,Manitoba,2017,541511,Custom Computer Programming Services,secondary,45.954,>=$5M,46,4.8,222.0,0.358,0.756,0.335,False
46,Manitoba,2017,ALL,All,all,807.246,>=$5M,294,8.5,2513.0,0.559,0.709,0.489,False
46,Manitoba,2017,PRIMARY,Primary,primary,47.517,>=$5M,5,16.2,81.0,0.539,1.031,0.382,False
46,Manitoba,2017,SECONDARY,Secondary,secondary,759.729,>=$5M,289,8.4,2432.0,0.56,0.705,0.493,False
46,Manitoba,2018,331110,Iron & Steel Mills & Ferroalloy Manufacturing,secondary,271.082,>=$5M,13,18.3,238.0,0.604,0.594,0.554,False
46,Manitoba,2018,333314,Optical Instrument & Lens Manufacturing,secondary,,<$5M,<2,,,,,,True
46,Manitoba,2018,334511,Search Detection & Navigation Instruments,primary,,<$5M,<2,,,,,,True
46,Manitoba,2018,336411,Aircraft Manufacturing,primary,39.325,>=$5M,2,32.5,65.0,1.09,0.973,1.021,False
46,Manitoba,2018,336612,Boat Building,secondary,42.174,>=$5M,11,19.4,213.0,1.901,1.456,1.783,False
46,Manitoba,2018,336992,"Military Armored Vehicle, Tank & Tank Cmpnnt Mfg",primary,,<$5M,<2,,,,,,True
46,Manitoba,2018,336999,All Other Transportation Equipment Manufacturing,primary,,<$5M,<2,,,,,,True
46,Manitoba,2018,541330,Engineering Services,secondary,424.601,>=$5M,191,9.6,1841.0,0.606,0.743,0.567,False
46,Manitoba,2018,541370,Surveying & Mapping (except Geophysical) Services,secondary,41.601,>=$5M,41,6.9,283.0,0.464,0.591,0.435,False
46,Manitoba,2018,541511,Custom Computer Programming Services,secondary,38.502,>=$5M,37,5.0,186.0,0.3,0.607,0.28,False
46,Manitoba,2018,ALL,All,all,867.173,>=$5M,299,9.5,2848.0,0.574,0.701,0.524,False
46,Manitoba,2018,PRIMARY,Primary,primary,46.925,>=$5M,5,15.8,79.0,0.521,0.964,0.363,False
46,Manitoba,2018,SECONDARY,Secondary,secondary,820.248,>=$5M,294,9.4,2769.0,0.577,0.697,0.531,False
46,Manitoba,2019,331110,Iron & Steel Mills & Ferroalloy Manufacturing,secondary,271.082,>=$5M,13,18.3,238.0,0.62,0.606,0.555,False
46,Manitoba,2019,333314,Optical Instrument & Lens Manufacturing,secondary,,<$5M,<2,,,,,,True
46,Manitoba,2019,334511,Search Detection & Navigation Instruments,primary,10.017,>=$5M,2,13.5,27.0,0.247,0.686,0.223,False
46,Manitoba,2019,336411,Aircraft Manufacturing,primary,39.325,>=$5M,2,32.5,65.0,0.487,0.914,0.445,False
46,Manitoba,2019,336612,Boat Building,secondary,42.174,>=$5M,11,19.4,213.0,2.044,1.537,1.869,False
46,Manitoba,2019,336992,"Military Armored Vehicle, Tank & Tank Cmpnnt Mfg",primary,,<$5M,<2,,,,,,True
46,Manitoba,2019,336999,All Other Transportation Equipment Manufacturing,primary,,<$5M,<2,,,,,,True
46,Manitoba,2019,541330,Engineering Services,secondary,497.56,>=$5M,217,9.9,2158.0,0.564,0.752,0.515,False
46,Manitoba,2019,541370,Surveying & Mapping (except Geophysical) Services,secondary,43.953,>=$5M,43,7.0,299.0,0.504,0.614,0.46,False
46,Manitoba,2019,541511,Custom Computer Programming Services,secondary,44.919,>=$5M,43,5.0,217.0,0.32,0.642,0.292,False
46,Manitoba,2019,ALL,All,all,957.434,>=$5M,334,9.7,3235.0,0.549,0.718,0.492,False
46,Manitoba,2019,PRIMARY,Primary,primary,55.458,>=$5M,6,17.0,102.0,0.387,0.919,0.304,False
46,Manitoba,2019,SECONDARY,Secondary,secondary,901.976,>=$5M,328,9.6,3133.0,0.564,0.715,0.502,False
46,Manitoba,2020,331110,Iron & Steel Mills & Ferroalloy Manufacturing,secondary,277.916,>=$5M,14,17.4,244.0,0.557,0.662,0.501,False
46,Manitoba,2020,333314,Optical Instrument & Lens Manufacturing,secondary,,<$5M,<2,,,,,,True
46,Manitoba,2020,334511,Search Detection & Navigation Instruments,primary,10.017,>=$5M,2,13.5,27.0,0.245,0.693,0.222,False
46,Manitoba,2020,336411,Aircraft Manufacturing,primary,39.325,>=$5M,2,32.5,65.0,0.537,0.914,0.492,False
46,Manitoba,2020,336612,Boat Building,secondary,39.798,>=$5M,9,22.3,201.0,1.877,1.274,1.724,False
46,Manitoba,2020,336992,"Military Armored Vehicle, Tank & Tank Cmpnnt Mfg",primary,,<$5M,<2,,,,,,True
46,Manitoba,2020,336999,All Other Transportation Equipment Manufacturing,primary,,<$5M,<2,,,,,,True
46,Manitoba,2020,541330,Engineering Services,secondary,502.076,>=$5M,217,10.0,2179.0,0.42,0.752,0.385,False
46,Manitoba,2020,541370,Surveying & Mapping (except Geophysical) Services,secondary,42.336,>=$5M,41,7.0,288.0,0.479,0.578,0.44,False
46,Manitoba,2020,541511,Custom Computer Programming Services,secondary,47.403,>=$5M,44,5.2,229.0,0.335,0.647,0.307,False
46,Manitoba,2020,ALL,All,all,967.275,>=$5M,332,9.8,3251.0,0.459,0.711,0.403,False
46,Manitoba,2020,PRIMARY,Primary,primary,55.458,>=$5M,6,17.0,102.0,0.42,0.919,0.334,False
46,Manitoba,2020,SECONDARY,Secondary,secondary,911.817,>=$5M,326,9.7,3149.0,0.462,0.708,0.405,False
46,Manitoba,2021,331110,Iron and Steel Mills and Ferroalloy Manufacturing,secondary,129.846,>=$5M,12,9.5,114.0,0.284,0.586,0.258,False
46,Manitoba,2021,333314,Optical Instrument and Lens Manufacturing,secondary,,<$5M,<2,,,,,,True
46,Manitoba,2021,334511,"Search, Detection, Navigation, Guidance, Aeronauti",primary,10.017,>=$5M,2,13.5,27.0,0.242,0.671,0.225,False
46,Manitoba,2021,336411,Aircraft Manufacturing,primary,39.325,>=$5M,2,32.5,65.0,0.531,0.902,0.49,False
46,Manitoba,2021,336612,Boat Building,secondary,40.986,>=$5M,10,20.7,207.0,1.905,1.431,1.766,False
46,Manitoba,2021,336992,"Military Armored Vehicle, Tank, and Tank Component",primary,,<$5M,<2,,,,,,True
46,Manitoba,2021,336999,All Other Transportation Equipment Manufacturing,primary,,<$5M,<2,,,,,,True
46,Manitoba,2021,541330,Engineering Services,secondary,492.374,>=$5M,211,10.2,2146.0,0.624,0.748,0.575,False
46,Manitoba,2021,541370,Surveying and Mapping (except Geophysical) Service,secondary,42.336,>=$5M,41,7.0,288.0,0.478,0.583,0.444,False
46,Manitoba,2021,541511,Custom Computer Programming Services,secondary,49.473,>=$5M,44,5.4,239.0,0.343,0.642,0.317,False
46,Manitoba,2021,ALL,All,all,811.873,>=$5M,325,9.5,3101.0,0.488,0.707,0.508,False
46,Manitoba,2021,PRIMARY,Primary,primary,54.57,>=$5M,6,16.5,99.0,0.409,0.897,0.325,False
46,Manitoba,2021,SECONDARY,Secondary,secondary,757.303,>=$5M,319,9.4,3002.0,0.495,0.704,0.518,False
46,Manitoba,2022,331110,Iron and Steel Mills and Ferroalloy Manufacturing,secondary,112.761,>=$5M,11,9.0,99.0,0.303,0.542,0.275,False
46,Manitoba,2022,333310,Commercial and Service Industry Machinery Manufact,primary,85.531,>=$5M,34,7.9,270.0,0.737,1.076,0.671,False
46,Manitoba,2022,334511,"Search, Detection, Navigation, Guidance, Aeronauti",primary,10.017,>=$5M,2,13.5,27.0,0.243,0.67,0.23,False
46,Manitoba,2022,334610,Manufacturing and Reproducing Magnetic and Optical,secondary,4.194,<$5M,13,2.5,33.0,0.124,1.91,0.318,False
46,Manitoba,2022,336411,Aircraft Manufacturing,primary,39.325,>=$5M,2,32.5,65.0,0.7,0.916,0.559,False
46,Manitoba,2022,336612,Boat Building,secondary,40.986,>=$5M,10,20.7,207.0,1.938,1.469,1.779,False
46,Manitoba,2022,336992,"Military Armored Vehicle, Tank, and Tank Component",primary,,<$5M,<2,,,,,,True
46,Manitoba,2022,336999,All Other Transportation Equipment Manufacturing,primary,2.072,<$5M,2,9.5,19.0,0.575,5.662,1.384,False
46,Manitoba,2022,541330,Engineering Services,secondary,516.652,>=$5M,230,9.4,2158.0,0.628,0.744,0.574,False
46,Manitoba,2022,541370,Surveying and Mapping (except Geophysical) Service,secondary,41.601,>=$5M,40,7.1,283.0,0.466,0.569,0.435,False
46,Manitoba,2022,541511,Custom Computer Programming Services,secondary,51.129,>=$5M,45,5.4,245.0,0.361,0.659,0.33,False
46,Manitoba,2022,ALL,All,all,909.2,>=$5M,390,8.7,3412.0,0.522,0.745,0.523,False
46,Manitoba,2022,PRIMARY,Primary,primary,141.877,>=$5M,41,9.4,387.0,0.615,1.076,0.563,False
46,Manitoba,2022,SECONDARY,Secondary,secondary,767.323,>=$5M,349,8.7,3025.0,0.508,0.719,0.518,False
46,Manitoba,2023,331110,Iron and Steel Mills and Ferroalloy Manufacturing,secondary,80.881,>=$5M,9,9.0,81.0,0.241,0.467,0.239,False
46,Manitoba,2023,333310,Commercial and Service Industry Machinery Manufact,primary,76.23,>=$5M,34,7.9,270.0,0.692,1.097,0.66,False
46,Manitoba,2023,334511,"Search, Detection, Navigation, Guidance, Aeronauti",primary,12.249,>=$5M,3,15.7,47.0,0.217,0.984,0.344,False
46,Manitoba,2023,334610,Manufacturing and Reproducing Magnetic and Optical,secondary,5.032,>=$5M,13,2.5,33.0,0.15,1.943,0.336,False
46,Manitoba,2023,336411,Aircraft Manufacturing,primary,39.325,>=$5M,2,32.5,65.0,1.282,0.905,1.022,False
46,Manitoba,2023,336612,Boat Building,secondary,40.346,>=$5M,10,20.7,207.0,1.975,1.509,1.816,False
46,Manitoba,2023,336992,"Military Armored Vehicle, Tank, and Tank Component",primary,,<$5M,<2,,,,,,True
46,Manitoba,2023,336999,All Other Transportation Equipment Manufacturing,primary,2.006,<$5M,2,9.5,19.0,0.513,4.945,1.354,False
46,Manitoba,2023,541330,Engineering Services,secondary,399.571,>=$5M,227,7.8,1779.0,0.544,0.789,0.554,False
46,Manitoba,2023,541370,Surveying and Mapping (except Geophysical) Service,secondary,35.539,>=$5M,40,7.0,282.0,0.418,0.588,0.449,False
46,Manitoba,2023,541511,Custom Computer Programming Services,secondary,53.566,>=$5M,42,6.6,276.0,0.364,0.635,0.377,False
46,Manitoba,2023,ALL,All,all,749.677,>=$5M,383,8.0,3065.0,0.468,0.773,0.52,False
46,Manitoba,2023,PRIMARY,Primary,primary,134.742,>=$5M,42,9.7,407.0,0.638,1.122,0.615,False
46,Manitoba,2023,SECONDARY,Secondary,secondary,614.935,>=$5M,341,7.8,2658.0,0.443,0.744,0.508,False
46,Manitoba,2024,331110,Iron and Steel Mills and Ferroalloy Manufacturing,secondary,47.034,>=$5M,6,12.2,73.0,0.193,0.324,0.173,False
46,Manitoba,2024,332994,"Small Arms, Ordnance, and Ordnance Accessories Man",primary,,>=$5M,<2,,,,,,True
46,Manitoba,2024,333310,Commercial and Service Industry Machinery Manufact,primary,43.15,>=$5M,29,8.3,242.0,0.608,0.945,0.53,False
46,Manitoba,2024,334511,"Search, Detection, Navigation, Guidance, Aeronauti",primary,15.976,>=$5M,3,22.7,68.0,0.38,0.84,0.341,False
46,Manitoba,2024,334610,Manufacturing and Reproducing Magnetic and Optical,secondary,10.916,>=$5M,13,3.8,49.0,0.441,1.964,0.504,False
46,Manitoba,2024,336411,Aircraft Manufacturing,primary,,>=$5M,<2,,,,,,True
46,Manitoba,2024,336612,Boat Building,secondary,44.539,>=$5M,9,34.2,308.0,2.161,1.441,1.958,False
46,Manitoba,2024,336992,"Military Armored Vehicle, Tank, and Tank Component",primary,,<$5M,<2,,,,,,True
46,Manitoba,2024,336999,All Other Transportation Equipment Manufacturing,primary,12.168,>=$5M,2,26.5,53.0,3.708,3.388,3.344,False
46,Manitoba,2024,541330,Engineering Services,secondary,474.739,>=$5M,225,10.9,2445.0,0.538,0.757,0.486,False
46,Manitoba,2024,541370,Surveying and Mapping (except Geophysical) Service,secondary,21.777,>=$5M,34,6.5,221.0,0.502,0.512,0.455,False
46,Manitoba,2024,541511,Custom Computer Programming Services,secondary,59.478,>=$5M,52,7.6,394.0,0.391,0.662,0.352,False
46,Manitoba,2024,ALL,All,all,757.59,>=$5M,376,10.5,3938.0,0.479,0.729,0.475,False
46,Manitoba,2024,PRIMARY,Primary,primary,99.107,>=$5M,37,12.1,448.0,0.575,0.96,0.541,False
46,Manitoba,2024,SECONDARY,Secondary,secondary,658.483,>=$5M,339,10.3,3490.0,0.467,0.71,0.468,False
46,Manitoba,2025,331110,Iron and Steel Mills and Ferroalloy Manufacturing,secondary,47.678,>=$5M,6,12.3,74.0,0.199,0.33,0.18,False
46,Manitoba,2025,332994,"Small Arms, Ordnance, and Ordnance Accessories Man",primary,,<$5M,<2,,,,,,True
46,Manitoba,2025,333310,Commercial and Service Industry Machinery Manufact,primary,43.593,>=$5M,29,8.4,245.0,0.589,0.937,0.518,False
46,Manitoba,2025,334511,"Search, Detection, Navigation, Guidance, Aeronauti",primary,15.976,>=$5M,3,22.7,68.0,0.385,0.835,0.351,False
46,Manitoba,2025,334610,Manufacturing and Reproducing Magnetic and Optical,secondary,10.916,>=$5M,13,3.8,49.0,0.432,1.96,0.497,False
46,Manitoba,2025,336411,Aircraft Manufacturing,primary,,>=$5M,<2,,,,,,True
46,Manitoba,2025,336612,Boat Building,secondary,44.395,>=$5M,9,34.1,307.0,2.119,1.444,1.917,False
46,Manitoba,2025,336992,"Military Armored Vehicle, Tank, and Tank Component",primary,,<$5M,<2,,,,,,True
46,Manitoba,2025,336999,All Other Transportation Equipment Manufacturing,primary,12.168,>=$5M,2,26.5,53.0,3.586,2.832,3.235,False
46,Manitoba,2025,541330,Engineering Services,secondary,471.617,>=$5M,224,10.8,2429.0,0.527,0.752,0.477,False
46,Manitoba,2025,541370,Surveying and Mapping (except Geophysical) Service,secondary,20.989,>=$5M,33,6.5,213.0,0.46,0.497,0.417,False
46,Manitoba,2025,541511,Custom Computer Programming Services,secondary,63.454,>=$5M,56,7.6,424.0,0.38,0.657,0.345,False
46,Manitoba,2025,ALL,All,all,754.092,>=$5M,378,10.4,3932.0,0.468,0.723,0.462,False
46,Manitoba,2025,PRIMARY,Primary,primary,95.043,>=$5M,37,11.8,436.0,0.545,0.949,0.516,False
46,Manitoba,2025,SECONDARY,Secondary,secondary,659.049,>=$5M,341,10.3,3496.0,0.459,0.704,0.456,False
13,New Brunswick / Nouveau-Brunswick,2017,331110,Iron & Steel Mills & Ferroalloy Manufacturing,secondary,97.954,>=$5M,7,12.3,86.0,0.356,0.577,0.367,False
13,New Brunswick / Nouveau-Brunswick,2017,334511,Search Detection & Navigation Instruments,primary,,>=$5M,<2,,,,,,True
13,New Brunswick / Nouveau-Brunswick,2017,336411,Aircraft Manufacturing,primary,,<$5M,<2,,,,,,True
13,New Brunswick / Nouveau-Brunswick,2017,336612,Boat Building,secondary,4.356,<$5M,4,5.5,22.0,0.314,0.922,0.332,False
13,New Brunswick / Nouveau-Brunswick,2017,541330,Engineering Services,secondary,269.965,>=$5M,153,7.7,1171.0,0.682,1.108,0.719,False
13,New Brunswick / Nouveau-Brunswick,2017,541370,Surveying & Mapping (except Geophysical) Services,secondary,36.309,>=$5M,45,5.5,247.0,0.658,1.167,0.694,False
13,New Brunswick / Nouveau-Brunswick,2017,541511,Custom Computer Programming Services,secondary,23.184,>=$5M,14,8.0,112.0,0.292,0.41,0.307,False
13,New Brunswick / Nouveau-Brunswick,2017,ALL,All,all,440.906,>=$5M,225,7.4,1662.0,0.493,0.968,0.588,False
13,New Brunswick / Nouveau-Brunswick,2017,PRIMARY,Primary,primary,9.138,>=$5M,2,12.0,24.0,0.168,0.736,0.206,False
13,New Brunswick / Nouveau-Brunswick,2017,SECONDARY,Secondary,secondary,431.768,>=$5M,223,7.3,1638.0,0.514,0.97,0.604,False
13,New Brunswick / Nouveau-Brunswick,2018,331110,Iron & Steel Mills & Ferroalloy Manufacturing,secondary,97.954,>=$5M,7,12.3,86.0,0.353,0.566,0.367,False
13,New Brunswick / Nouveau-Brunswick,2018,334511,Search Detection & Navigation Instruments,primary,,>=$5M,<2,,,,,,True
13,New Brunswick / Nouveau-Brunswick,2018,336411,Aircraft Manufacturing,primary,,<$5M,<2,,,,,,True
13,New Brunswick / Nouveau-Brunswick,2018,336612,Boat Building,secondary,4.356,<$5M,4,5.5,22.0,0.318,0.936,0.337,False
13,New Brunswick / Nouveau-Brunswick,2018,541330,Engineering Services,secondary,346.195,>=$5M,167,9.0,1501.0,0.799,1.149,0.847,False
13,New Brunswick / Nouveau-Brunswick,2018,541370,Surveying & Mapping (except Geophysical) Services,secondary,36.309,>=$5M,45,5.5,247.0,0.655,1.147,0.695,False
13,New Brunswick / Nouveau-Brunswick,2018,541511,Custom Computer Programming Services,secondary,26.91,>=$5M,16,8.1,130.0,0.339,0.464,0.359,False
13,New Brunswick / Nouveau-Brunswick,2018,ALL,All,all,520.862,>=$5M,241,8.3,2010.0,0.557,0.999,0.678,False
13,New Brunswick / Nouveau-Brunswick,2018,PRIMARY,Primary,primary,9.138,>=$5M,2,12.0,24.0,0.164,0.682,0.202,False
13,New Brunswick / Nouveau-Brunswick,2018,SECONDARY,Secondary,secondary,511.724,>=$5M,239,8.3,1986.0,0.582,1.003,0.698,False
13,New Brunswick / Nouveau-Brunswick,2019,331110,Iron & Steel Mills & Ferroalloy Manufacturing,secondary,72.896,>=$5M,6,10.7,64.0,0.239,0.479,0.263,False
13,New Brunswick / Nouveau-Brunswick,2019,334511,Search Detection & Navigation Instruments,primary,,>=$5M,<2,,,,,,True
13,New Brunswick / Nouveau-Brunswick,2019,336411,Aircraft Manufacturing,primary,,<$5M,<2,,,,,,True
13,New Brunswick / Nouveau-Brunswick,2019,336612,Boat Building,secondary,4.158,<$5M,3,7.0,21.0,0.289,0.717,0.325,False
13,New Brunswick / Nouveau-Brunswick,2019,541330,Engineering Services,secondary,379.459,>=$5M,192,8.6,1645.0,0.617,1.138,0.692,False
13,New Brunswick / Nouveau-Brunswick,2019,541370,Surveying & Mapping (except Geophysical) Services,secondary,35.721,>=$5M,45,5.4,243.0,0.588,1.099,0.659,False
13,New Brunswick / Nouveau-Brunswick,2019,541511,Custom Computer Programming Services,secondary,51.129,>=$5M,21,11.8,247.0,0.522,0.536,0.584,False
13,New Brunswick / Nouveau-Brunswick,2019,ALL,All,all,552.501,>=$5M,269,8.3,2244.0,0.455,0.989,0.601,False
13,New Brunswick / Nouveau-Brunswick,2019,PRIMARY,Primary,primary,9.138,>=$5M,2,12.0,24.0,0.092,0.524,0.126,False
13,New Brunswick / Nouveau-Brunswick,2019,SECONDARY,Secondary,secondary,543.363,>=$5M,267,8.3,2220.0,0.488,0.995,0.627,False
13,New Brunswick / Nouveau-Brunswick,2020,331110,Iron & Steel Mills & Ferroalloy Manufacturing,secondary,72.896,>=$5M,6,10.7,64.0,0.214,0.488,0.231,False
13,New Brunswick / Nouveau-Brunswick,2020,334511,Search Detection & Navigation Instruments,primary,,>=$5M,<2,,,,,,True
13,New Brunswick / Nouveau-Brunswick,2020,336411,Aircraft Manufacturing,primary,,<$5M,<2,,,,,,True
13,New Brunswick / Nouveau-Brunswick,2020,336612,Boat Building,secondary,4.158,<$5M,3,7.0,21.0,0.287,0.731,0.316,False
13,New Brunswick / Nouveau-Brunswick,2020,541330,Engineering Services,secondary,375.763,>=$5M,189,8.6,1626.0,0.461,1.127,0.505,False
13,New Brunswick / Nouveau-Brunswick,2020,541370,Surveying & Mapping (except Geophysical) Services,secondary,35.427,>=$5M,45,5.4,241.0,0.587,1.092,0.647,False
13,New Brunswick / Nouveau-Brunswick,2020,541511,Custom Computer Programming Services,secondary,51.129,>=$5M,21,11.8,247.0,0.529,0.532,0.582,False
13,New Brunswick / Nouveau-Brunswick,2020,ALL,All,all,548.511,>=$5M,266,8.4,2223.0,0.381,0.98,0.484,False
13,New Brunswick / Nouveau-Brunswick,2020,PRIMARY,Primary,primary,9.138,>=$5M,2,12.0,24.0,0.101,0.527,0.138,False
13,New Brunswick / Nouveau-Brunswick,2020,SECONDARY,Secondary,secondary,539.373,>=$5M,264,8.3,2199.0,0.4,0.987,0.497,False
13,New Brunswick / Nouveau-Brunswick,2021,331110,Iron and Steel Mills and Ferroalloy Manufacturing,secondary,72.896,>=$5M,6,10.7,64.0,0.238,0.504,0.262,False
13,New Brunswick / Nouveau-Brunswick,2021,334511,"Search, Detection, Navigation, Guidance, Aeronauti",primary,,>=$5M,<2,,,,,,True
13,New Brunswick / Nouveau-Brunswick,2021,336411,Aircraft Manufacturing,primary,,<$5M,<2,,,,,,True
13,New Brunswick / Nouveau-Brunswick,2021,336612,Boat Building,secondary,4.158,<$5M,3,7.0,21.0,0.288,0.737,0.324,False
13,New Brunswick / Nouveau-Brunswick,2021,541330,Engineering Services,secondary,360.286,>=$5M,187,8.3,1560.0,0.68,1.138,0.757,False
13,New Brunswick / Nouveau-Brunswick,2021,541370,Surveying and Mapping (except Geophysical) Service,secondary,35.721,>=$5M,46,5.3,243.0,0.602,1.123,0.678,False
13,New Brunswick / Nouveau-Brunswick,2021,541511,Custom Computer Programming Services,secondary,51.129,>=$5M,21,11.8,247.0,0.528,0.526,0.593,False
13,New Brunswick / Nouveau-Brunswick,2021,ALL,All,all,533.328,>=$5M,265,8.1,2159.0,0.478,0.99,0.64,False
13,New Brunswick / Nouveau-Brunswick,2021,PRIMARY,Primary,primary,9.138,>=$5M,2,12.0,24.0,0.102,0.514,0.143,False
13,New Brunswick / Nouveau-Brunswick,2021,SECONDARY,Secondary,secondary,524.19,>=$5M,263,8.1,2135.0,0.51,0.997,0.666,False
13,New Brunswick / Nouveau-Brunswick,2022,331110,Iron and Steel Mills and Ferroalloy Manufacturing,secondary,72.896,>=$5M,6,10.7,64.0,0.294,0.512,0.322,False
13,New Brunswick / Nouveau-Brunswick,2022,333310,Commercial and Service Industry Machinery Manufact,primary,34.246,>=$5M,13,8.1,105.0,0.443,0.713,0.472,False
13,New Brunswick / Nouveau-Brunswick,2022,334511,"Search, Detection, Navigation, Guidance, Aeronauti",primary,,>=$5M,<2,,,,,,True
13,New Brunswick / Nouveau-Brunswick,2022,334610,Manufacturing and Reproducing Magnetic and Optical,secondary,1.274,<$5M,5,1.4,7.0,0.056,1.272,0.122,False
13,New Brunswick / Nouveau-Brunswick,2022,336411,Aircraft Manufacturing,primary,,<$5M,<2,,,,,,True
13,New Brunswick / Nouveau-Brunswick,2022,336612,Boat Building,secondary,4.158,<$5M,3,7.0,21.0,0.295,0.763,0.327,False
13,New Brunswick / Nouveau-Brunswick,2022,336999,All Other Transportation Equipment Manufacturing,primary,,<$5M,<2,,,,,,True
13,New Brunswick / Nouveau-Brunswick,2022,541330,Engineering Services,secondary,368.833,>=$5M,193,8.1,1563.0,0.672,1.081,0.752,False
13,New Brunswick / Nouveau-Brunswick,2022,541370,Surveying and Mapping (except Geophysical) Service,secondary,36.603,>=$5M,47,5.2,243.0,0.614,1.158,0.676,False
13,New Brunswick / Nouveau-Brunswick,2022,541511,Custom Computer Programming Services,secondary,51.129,>=$5M,21,11.7,245.0,0.541,0.532,0.598,False
13,New Brunswick / Nouveau-Brunswick,2022,ALL,All,all,578.573,>=$5M,291,7.8,2273.0,0.498,0.962,0.631,False
13,New Brunswick / Nouveau-Brunswick,2022,PRIMARY,Primary,primary,43.68,>=$5M,16,8.1,130.0,0.284,0.727,0.342,False
13,New Brunswick / Nouveau-Brunswick,2022,SECONDARY,Secondary,secondary,534.893,>=$5M,275,7.8,2143.0,0.531,0.981,0.665,False
13,New Brunswick / Nouveau-Brunswick,2023,331110,Iron and Steel Mills and Ferroalloy Manufacturing,secondary,44.698,>=$5M,6,10.7,64.0,0.268,0.525,0.345,False
13,New Brunswick / Nouveau-Brunswick,2023,333310,Commercial and Service Industry Machinery Manufact,primary,33.85,>=$5M,14,7.7,108.0,0.618,0.761,0.483,False
13,New Brunswick / Nouveau-Brunswick,2023,334511,"Search, Detection, Navigation, Guidance, Aeronauti",primary,,>=$5M,<2,,,,,,True
13,New Brunswick / Nouveau-Brunswick,2023,334610,Manufacturing and Reproducing Magnetic and Optical,secondary,1.52,<$5M,5,1.4,7.0,0.091,1.259,0.131,False
13,New Brunswick / Nouveau-Brunswick,2023,336411,Aircraft Manufacturing,primary,,<$5M,<2,,,,,,True
13,New Brunswick / Nouveau-Brunswick,2023,336612,Boat Building,secondary,3.038,<$5M,3,7.0,21.0,0.299,0.762,0.337,False
13,New Brunswick / Nouveau-Brunswick,2023,336999,All Other Transportation Equipment Manufacturing,primary,,<$5M,<2,,,,,,True
13,New Brunswick / Nouveau-Brunswick,2023,541330,Engineering Services,secondary,353.614,>=$5M,186,8.2,1534.0,0.97,1.089,0.875,False
13,New Brunswick / Nouveau-Brunswick,2023,541370,Surveying and Mapping (except Geophysical) Service,secondary,33.45,>=$5M,46,5.2,237.0,0.792,1.139,0.69,False
13,New Brunswick / Nouveau-Brunswick,2023,541511,Custom Computer Programming Services,secondary,64.393,>=$5M,20,12.2,245.0,0.881,0.509,0.612,False
13,New Brunswick / Nouveau-Brunswick,2023,ALL,All,all,543.931,>=$5M,283,7.9,2241.0,0.684,0.962,0.697,False
13,New Brunswick / Nouveau-Brunswick,2023,PRIMARY,Primary,primary,43.218,>=$5M,17,7.8,133.0,0.412,0.765,0.368,False
13,New Brunswick / Nouveau-Brunswick,2023,SECONDARY,Secondary,secondary,500.713,>=$5M,266,7.9,2108.0,0.726,0.978,0.738,False
13,New Brunswick / Nouveau-Brunswick,2024,331110,Iron and Steel Mills and Ferroalloy Manufacturing,secondary,39.946,>=$5M,5,12.4,62.0,0.294,0.466,0.272,False
13,New Brunswick / Nouveau-Brunswick,2024,333310,Commercial and Service Industry Machinery Manufact,primary,16.85,>=$5M,13,7.4,96.0,0.425,0.73,0.388,False
13,New Brunswick / Nouveau-Brunswick,2024,334511,"Search, Detection, Navigation, Guidance, Aeronauti",primary,,>=$5M,<2,,,,,,True
13,New Brunswick / Nouveau-Brunswick,2024,334610,Manufacturing and Reproducing Magnetic and Optical,secondary,0.997,<$5M,3,1.7,5.0,0.072,0.782,0.095,False
13,New Brunswick / Nouveau-Brunswick,2024,336411,Aircraft Manufacturing,primary,,<$5M,<2,,,,,,True
13,New Brunswick / Nouveau-Brunswick,2024,336612,Boat Building,secondary,3.038,<$5M,3,7.0,21.0,0.264,0.828,0.247,False
13,New Brunswick / Nouveau-Brunswick,2024,336999,All Other Transportation Equipment Manufacturing,primary,,<$5M,<2,,,,,,True
13,New Brunswick / Nouveau-Brunswick,2024,541330,Engineering Services,secondary,461.594,>=$5M,181,13.1,2371.0,0.935,1.05,0.871,False
13,New Brunswick / Nouveau-Brunswick,2024,541370,Surveying and Mapping (except Geophysical) Service,secondary,18.627,>=$5M,44,4.3,190.0,0.769,1.143,0.722,False
13,New Brunswick / Nouveau-Brunswick,2024,541511,Custom Computer Programming Services,secondary,45.186,>=$5M,22,13.7,302.0,0.532,0.483,0.499,False
13,New Brunswick / Nouveau-Brunswick,2024,ALL,All,all,600.576,>=$5M,274,11.3,3104.0,0.679,0.916,0.692,False
13,New Brunswick / Nouveau-Brunswick,2024,PRIMARY,Primary,primary,31.188,>=$5M,16,9.6,153.0,0.324,0.716,0.341,False
13,New Brunswick / Nouveau-Brunswick,2024,SECONDARY,Secondary,secondary,569.388,>=$5M,258,11.4,2951.0,0.723,0.932,0.73,False
13,New Brunswick / Nouveau-Brunswick,2025,331110,Iron and Steel Mills and Ferroalloy Manufacturing,secondary,39.946,>=$5M,5,12.4,62.0,0.302,0.468,0.277,False
13,New Brunswick / Nouveau-Brunswick,2025,333310,Commercial and Service Industry Machinery Manufact,primary,16.85,>=$5M,13,7.4,96.0,0.411,0.715,0.373,False
13,New Brunswick / Nouveau-Brunswick,2025,334511,"Search, Detection, Navigation, Guidance, Aeronauti",primary,,>=$5M,<2,,,,,,True
13,New Brunswick / Nouveau-Brunswick,2025,334610,Manufacturing and Reproducing Magnetic and Optical,secondary,0.997,<$5M,3,1.7,5.0,0.071,0.77,0.093,False
13,New Brunswick / Nouveau-Brunswick,2025,336411,Aircraft Manufacturing,primary,,<$5M,<2,,,,,,True
13,New Brunswick / Nouveau-Brunswick,2025,336612,Boat Building,secondary,3.038,<$5M,3,7.0,21.0,0.262,0.82,0.241,False
13,New Brunswick / Nouveau-Brunswick,2025,336999,All Other Transportation Equipment Manufacturing,primary,,<$5M,<2,,,,,,True
13,New Brunswick / Nouveau-Brunswick,2025,541330,Engineering Services,secondary,482.648,>=$5M,186,13.3,2479.0,0.973,1.063,0.895,False
13,New Brunswick / Nouveau-Brunswick,2025,541370,Surveying and Mapping (except Geophysical) Service,secondary,19.122,>=$5M,44,4.4,194.0,0.756,1.129,0.698,False
13,New Brunswick / Nouveau-Brunswick,2025,541511,Custom Computer Programming Services,secondary,63.502,>=$5M,25,14.0,351.0,0.687,0.5,0.525,False
13,New Brunswick / Nouveau-Brunswick,2025,ALL,All,all,639.266,>=$5M,282,11.6,3263.0,0.716,0.918,0.706,False
13,New Brunswick / Nouveau-Brunswick,2025,PRIMARY,Primary,primary,30.013,>=$5M,16,9.4,151.0,0.311,0.699,0.329,False
13,New Brunswick / Nouveau-Brunswick,2025,SECONDARY,Secondary,secondary,609.253,>=$5M,266,11.7,3112.0,0.766,0.936,0.747,False
10,Newfoundland and Labrador / Terre-Neuve-et-Labrador,2017,325920,Explosives Manufacturing,primary,,<$5M,<2,,,,,,True
10,Newfoundland and Labrador / Terre-Neuve-et-Labrador,2017,331110,Iron & Steel Mills & Ferroalloy Manufacturing,secondary,5.695,>=$5M,2,2.5,5.0,0.034,0.231,0.03,False
10,Newfoundland and Labrador / Terre-Neuve-et-Labrador,2017,336611,Ship Building & Repairing,secondary,7.548,>=$5M,6,5.7,34.0,1.093,3.769,0.985,False
10,Newfoundland and Labrador / Terre-Neuve-et-Labrador,2017,336612,Boat Building,secondary,20.988,>=$5M,11,9.6,106.0,2.526,3.548,2.281,False
10,Newfoundland and Labrador / Terre-Neuve-et-Labrador,2017,541330,Engineering Services,secondary,241.395,>=$5M,104,10.0,1045.0,1.017,1.054,0.915,False
10,Newfoundland and Labrador / Terre-Neuve-et-Labrador,2017,541370,Surveying & Mapping (except Geophysical) Services,secondary,29.841,>=$5M,46,4.4,203.0,0.903,1.67,0.814,False
10,Newfoundland and Labrador / Terre-Neuve-et-Labrador,2017,541511,Custom Computer Programming Services,secondary,6.21,>=$5M,6,5.0,30.0,0.13,0.246,0.117,False
10,Newfoundland and Labrador / Terre-Neuve-et-Labrador,2017,ALL,All,all,312.646,>=$5M,176,8.1,1426.0,0.583,1.059,0.72,False
10,Newfoundland and Labrador / Terre-Neuve-et-Labrador,2017,PRIMARY,Primary,primary,,<$5M,<2,,,,,,True
10,Newfoundland and Labrador / Terre-Neuve-et-Labrador,2017,SECONDARY,Secondary,secondary,311.677,>=$5M,175,8.1,1423.0,0.619,1.066,0.749,False
10,Newfoundland and Labrador / Terre-Neuve-et-Labrador,2018,325920,Explosives Manufacturing,primary,,<$5M,<2,,,,,,True
10,Newfoundland and Labrador / Terre-Neuve-et-Labrador,2018,331110,Iron & Steel Mills & Ferroalloy Manufacturing,secondary,5.695,>=$5M,2,2.5,5.0,0.034,0.227,0.03,False
10,Newfoundland and Labrador / Terre-Neuve-et-Labrador,2018,336611,Ship Building & Repairing,secondary,7.548,>=$5M,6,5.7,34.0,1.112,3.792,1.007,False
10,Newfoundland and Labrador / Terre-Neuve-et-Labrador,2018,336612,Boat Building,secondary,18.81,>=$5M,9,10.6,95.0,2.288,2.962,2.075,False
10,Newfoundland and Labrador / Terre-Neuve-et-Labrador,2018,541330,Engineering Services,secondary,253.176,>=$5M,107,10.2,1096.0,0.975,1.035,0.882,False
10,Newfoundland and Labrador / Terre-Neuve-et-Labrador,2018,541370,Surveying & Mapping (except Geophysical) Services,secondary,33.516,>=$5M,50,4.6,228.0,1.01,1.792,0.914,False
10,Newfoundland and Labrador / Terre-Neuve-et-Labrador,2018,541511,Custom Computer Programming Services,secondary,6.831,>=$5M,7,4.7,33.0,0.144,0.286,0.13,False
10,Newfoundland and Labrador / Terre-Neuve-et-Labrador,2018,ALL,All,all,326.545,>=$5M,182,8.2,1494.0,0.583,1.061,0.718,False
10,Newfoundland and Labrador / Terre-Neuve-et-Labrador,2018,PRIMARY,Primary,primary,,<$5M,<2,,,,,,True
10,Newfoundland and Labrador / Terre-Neuve-et-Labrador,2018,SECONDARY,Secondary,secondary,325.576,>=$5M,181,8.2,1491.0,0.618,1.068,0.746,False
10,Newfoundland and Labrador / Terre-Neuve-et-Labrador,2019,325920,Explosives Manufacturing,primary,4.199,<$5M,2,6.5,13.0,4.531,6.206,4.163,False
10,Newfoundland and Labrador / Terre-Neuve-et-Labrador,2019,331110,Iron & Steel Mills & Ferroalloy Manufacturing,secondary,5.695,>=$5M,2,2.5,5.0,0.033,0.23,0.03,False
10,Newfoundland and Labrador / Terre-Neuve-et-Labrador,2019,336611,Ship Building & Repairing,secondary,7.548,>=$5M,6,5.7,34.0,1.01,3.663,0.928,False
10,Newfoundland and Labrador / Terre-Neuve-et-Labrador,2019,336612,Boat Building,secondary,18.81,>=$5M,9,10.6,95.0,2.325,3.103,2.139,False
10,Newfoundland and Labrador / Terre-Neuve-et-Labrador,2019,541330,Engineering Services,secondary,416.493,>=$5M,126,14.3,1803.0,1.204,1.077,1.105,False
10,Newfoundland and Labrador / Terre-Neuve-et-Labrador,2019,541370,Surveying & Mapping (except Geophysical) Services,secondary,32.193,>=$5M,48,4.6,219.0,0.942,1.692,0.865,False
10,Newfoundland and Labrador / Terre-Neuve-et-Labrador,2019,541511,Custom Computer Programming Services,secondary,9.315,>=$5M,10,4.5,45.0,0.169,0.369,0.155,False
10,Newfoundland and Labrador / Terre-Neuve-et-Labrador,2019,ALL,All,all,494.253,>=$5M,203,10.9,2214.0,0.723,1.077,0.864,False
10,Newfoundland and Labrador / Terre-Neuve-et-Labrador,2019,PRIMARY,Primary,primary,4.199,<$5M,2,6.5,13.0,0.075,0.756,0.1,False
10,Newfoundland and Labrador / Terre-Neuve-et-Labrador,2019,SECONDARY,Secondary,secondary,490.054,>=$5M,201,11.0,2201.0,0.781,1.081,0.905,False
10,Newfoundland and Labrador / Terre-Neuve-et-Labrador,2020,325920,Explosives Manufacturing,primary,,<$5M,<2,,,,,,True
10,Newfoundland and Labrador / Terre-Neuve-et-Labrador,2020,331110,Iron & Steel Mills & Ferroalloy Manufacturing,secondary,5.695,>=$5M,2,2.5,5.0,0.03,0.235,0.027,False
10,Newfoundland and Labrador / Terre-Neuve-et-Labrador,2020,336611,Ship Building & Repairing,secondary,7.548,>=$5M,6,5.7,34.0,1.003,3.693,0.924,False
10,Newfoundland and Labrador / Terre-Neuve-et-Labrador,2020,336612,Boat Building,secondary,18.81,>=$5M,9,10.6,95.0,2.293,3.173,2.12,False
10,Newfoundland and Labrador / Terre-Neuve-et-Labrador,2020,541330,Engineering Services,secondary,361.746,>=$5M,126,12.4,1566.0,0.783,1.087,0.721,False
10,Newfoundland and Labrador / Terre-Neuve-et-Labrador,2020,541370,Surveying & Mapping (except Geophysical) Services,secondary,32.928,>=$5M,49,4.5,219.0,0.963,1.721,0.87,False
10,Newfoundland and Labrador / Terre-Neuve-et-Labrador,2020,541511,Custom Computer Programming Services,secondary,11.178,>=$5M,12,4.5,54.0,0.204,0.44,0.188,False
10,Newfoundland and Labrador / Terre-Neuve-et-Labrador,2020,ALL,All,all,438.874,>=$5M,205,9.6,1976.0,0.538,1.093,0.636,False
10,Newfoundland and Labrador / Terre-Neuve-et-Labrador,2020,PRIMARY,Primary,primary,,<$5M,<2,,,,,,True
10,Newfoundland and Labrador / Terre-Neuve-et-Labrador,2020,SECONDARY,Secondary,secondary,437.905,>=$5M,204,9.7,1973.0,0.573,1.104,0.66,False
10,Newfoundland and Labrador / Terre-Neuve-et-Labrador,2021,325920,Explosives Manufacturing,primary,,<$5M,<2,,,,,,True
10,Newfoundland and Labrador / Terre-Neuve-et-Labrador,2021,331110,Iron and Steel Mills and Ferroalloy Manufacturing,secondary,5.695,>=$5M,2,2.5,5.0,0.033,0.242,0.029,False
10,Newfoundland and Labrador / Terre-Neuve-et-Labrador,2021,336611,Ship Building and Repairing,secondary,7.548,>=$5M,6,5.7,34.0,1.107,3.775,0.996,False
10,Newfoundland and Labrador / Terre-Neuve-et-Labrador,2021,336612,Boat Building,secondary,18.81,>=$5M,9,10.6,95.0,2.325,3.193,2.099,False
10,Newfoundland and Labrador / Terre-Neuve-et-Labrador,2021,541330,Engineering Services,secondary,299.838,>=$5M,119,11.0,1310.0,1.01,1.046,0.91,False
10,Newfoundland and Labrador / Terre-Neuve-et-Labrador,2021,541370,Surveying and Mapping (except Geophysical) Service,secondary,32.928,>=$5M,49,4.5,219.0,0.989,1.727,0.874,False
10,Newfoundland and Labrador / Terre-Neuve-et-Labrador,2021,541511,Custom Computer Programming Services,secondary,10.764,>=$5M,11,4.7,52.0,0.198,0.398,0.179,False
10,Newfoundland and Labrador / Terre-Neuve-et-Labrador,2021,ALL,All,all,376.552,>=$5M,197,8.7,1718.0,0.602,1.063,0.729,False
10,Newfoundland and Labrador / Terre-Neuve-et-Labrador,2021,PRIMARY,Primary,primary,,<$5M,<2,,,,,,True
10,Newfoundland and Labrador / Terre-Neuve-et-Labrador,2021,SECONDARY,Secondary,secondary,375.583,>=$5M,196,8.8,1715.0,0.652,1.073,0.766,False
10,Newfoundland and Labrador / Terre-Neuve-et-Labrador,2022,325920,Explosives Manufacturing,primary,,<$5M,<2,,,,,,True
10,Newfoundland and Labrador / Terre-Neuve-et-Labrador,2022,331110,Iron and Steel Mills and Ferroalloy Manufacturing,secondary,5.695,>=$5M,2,2.5,5.0,0.042,0.251,0.037,False
10,Newfoundland and Labrador / Terre-Neuve-et-Labrador,2022,333310,Commercial and Service Industry Machinery Manufact,primary,6.326,>=$5M,4,4.8,19.0,0.151,0.323,0.126,False
10,Newfoundland and Labrador / Terre-Neuve-et-Labrador,2022,334610,Manufacturing and Reproducing Magnetic and Optical,secondary,,<$5M,<2,,,,,,True
10,Newfoundland and Labrador / Terre-Neuve-et-Labrador,2022,336611,Ship Building and Repairing,secondary,7.548,>=$5M,6,5.7,34.0,1.187,3.906,1.035,False
10,Newfoundland and Labrador / Terre-Neuve-et-Labrador,2022,336612,Boat Building,secondary,18.81,>=$5M,9,10.6,95.0,2.467,3.371,2.177,False
10,Newfoundland and Labrador / Terre-Neuve-et-Labrador,2022,541330,Engineering Services,secondary,309.436,>=$5M,126,10.5,1323.0,1.043,1.039,0.938,False
10,Newfoundland and Labrador / Terre-Neuve-et-Labrador,2022,541370,Surveying and Mapping (except Geophysical) Service,secondary,34.104,>=$5M,51,4.4,222.0,1.059,1.849,0.91,False
10,Newfoundland and Labrador / Terre-Neuve-et-Labrador,2022,541511,Custom Computer Programming Services,secondary,31.257,>=$5M,11,13.7,151.0,0.612,0.411,0.543,False
10,Newfoundland and Labrador / Terre-Neuve-et-Labrador,2022,ALL,All,all,414.347,>=$5M,211,8.8,1854.0,0.66,1.027,0.758,False
10,Newfoundland and Labrador / Terre-Neuve-et-Labrador,2022,PRIMARY,Primary,primary,7.295,>=$5M,5,4.4,22.0,0.088,0.335,0.085,False
10,Newfoundland and Labrador / Terre-Neuve-et-Labrador,2022,SECONDARY,Secondary,secondary,407.052,>=$5M,206,8.9,1832.0,0.748,1.082,0.837,False
10,Newfoundland and Labrador / Terre-Neuve-et-Labrador,2023,325920,Explosives Manufacturing,primary,,<$5M,<2,,,,,,True
10,Newfoundland and Labrador / Terre-Neuve-et-Labrador,2023,331110,Iron and Steel Mills and Ferroalloy Manufacturing,secondary,5.695,>=$5M,2,2.5,5.0,0.051,0.272,0.04,False
10,Newfoundland and Labrador / Terre-Neuve-et-Labrador,2023,333310,Commercial and Service Industry Machinery Manufact,primary,6.19,>=$5M,4,4.8,19.0,0.168,0.338,0.127,False
10,Newfoundland and Labrador / Terre-Neuve-et-Labrador,2023,334511,"Search, Detection, Navigation, Guidance, Aeronauti",primary,,<$5M,<2,,,,,,True
10,Newfoundland and Labrador / Terre-Neuve-et-Labrador,2023,334610,Manufacturing and Reproducing Magnetic and Optical,secondary,,<$5M,<2,,,,,,True
10,Newfoundland and Labrador / Terre-Neuve-et-Labrador,2023,336611,Ship Building and Repairing,secondary,7.886,>=$5M,6,5.7,34.0,1.073,4.1,1.027,False
10,Newfoundland and Labrador / Terre-Neuve-et-Labrador,2023,336612,Boat Building,secondary,15.021,>=$5M,9,10.6,95.0,2.205,3.552,2.276,False
10,Newfoundland and Labrador / Terre-Neuve-et-Labrador,2023,541330,Engineering Services,secondary,210.439,>=$5M,116,7.8,903.0,0.86,1.054,0.768,False
10,Newfoundland and Labrador / Terre-Neuve-et-Labrador,2023,541370,Surveying and Mapping (except Geophysical) Service,secondary,30.284,>=$5M,52,4.3,226.0,1.068,1.999,0.982,False
10,Newfoundland and Labrador / Terre-Neuve-et-Labrador,2023,541511,Custom Computer Programming Services,secondary,30.143,>=$5M,11,13.4,147.0,0.614,0.435,0.548,False
10,Newfoundland and Labrador / Terre-Neuve-et-Labrador,2023,ALL,All,all,310.509,>=$5M,203,7.1,1444.0,0.582,1.071,0.669,False
10,Newfoundland and Labrador / Terre-Neuve-et-Labrador,2023,PRIMARY,Primary,primary,10.839,>=$5M,6,5.3,32.0,0.154,0.419,0.132,False
10,Newfoundland and Labrador / Terre-Neuve-et-Labrador,2023,SECONDARY,Secondary,secondary,299.67,>=$5M,197,7.2,1412.0,0.647,1.124,0.738,False
10,Newfoundland and Labrador / Terre-Neuve-et-Labrador,2024,325920,Explosives Manufacturing,primary,,<$5M,<2,,,,,,True
10,Newfoundland and Labrador / Terre-Neuve-et-Labrador,2024,331110,Iron and Steel Mills and Ferroalloy Manufacturing,secondary,3.222,<$5M,2,2.5,5.0,0.042,0.287,0.032,False
10,Newfoundland and Labrador / Terre-Neuve-et-Labrador,2024,333310,Commercial and Service Industry Machinery Manufact,primary,2.8,<$5M,3,5.3,16.0,0.125,0.259,0.093,False
10,Newfoundland and Labrador / Terre-Neuve-et-Labrador,2024,334511,"Search, Detection, Navigation, Guidance, Aeronauti",primary,,<$5M,<2,,,,,,True
10,Newfoundland and Labrador / Terre-Neuve-et-Labrador,2024,334610,Manufacturing and Reproducing Magnetic and Optical,secondary,,<$5M,<2,,,,,,True
10,Newfoundland and Labrador / Terre-Neuve-et-Labrador,2024,336611,Ship Building and Repairing,secondary,41.727,>=$5M,6,25.0,150.0,3.811,4.306,2.91,False
10,Newfoundland and Labrador / Terre-Neuve-et-Labrador,2024,336612,Boat Building,secondary,11.715,>=$5M,7,11.6,81.0,1.796,2.974,1.369,False
10,Newfoundland and Labrador / Terre-Neuve-et-Labrador,2024,541330,Engineering Services,secondary,303.483,>=$5M,112,13.8,1546.0,1.087,1.0,0.817,False
10,Newfoundland and Labrador / Terre-Neuve-et-Labrador,2024,541370,Surveying and Mapping (except Geophysical) Service,secondary,18.925,>=$5M,46,4.2,192.0,1.38,1.839,1.05,False
10,Newfoundland and Labrador / Terre-Neuve-et-Labrador,2024,541511,Custom Computer Programming Services,secondary,20.799,>=$5M,10,13.9,139.0,0.432,0.338,0.331,False
10,Newfoundland and Labrador / Terre-Neuve-et-Labrador,2024,ALL,All,all,405.927,>=$5M,189,11.3,2144.0,0.811,0.973,0.688,False
10,Newfoundland and Labrador / Terre-Neuve-et-Labrador,2024,PRIMARY,Primary,primary,5.783,>=$5M,5,5.8,29.0,0.106,0.344,0.093,False
10,Newfoundland and Labrador / Terre-Neuve-et-Labrador,2024,SECONDARY,Secondary,secondary,400.144,>=$5M,184,11.5,2115.0,0.898,1.023,0.754,False
10,Newfoundland and Labrador / Terre-Neuve-et-Labrador,2025,325920,Explosives Manufacturing,primary,,<$5M,<2,,,,,,True
10,Newfoundland and Labrador / Terre-Neuve-et-Labrador,2025,331110,Iron and Steel Mills and Ferroalloy Manufacturing,secondary,3.222,<$5M,2,2.5,5.0,0.043,0.292,0.032,False
10,Newfoundland and Labrador / Terre-Neuve-et-Labrador,2025,333310,Commercial and Service Industry Machinery Manufact,primary,2.8,<$5M,3,5.3,16.0,0.119,0.257,0.089,False
10,Newfoundland and Labrador / Terre-Neuve-et-Labrador,2025,334511,"Search, Detection, Navigation, Guidance, Aeronauti",primary,,<$5M,<2,,,,,,True
10,Newfoundland and Labrador / Terre-Neuve-et-Labrador,2025,334610,Manufacturing and Reproducing Magnetic and Optical,secondary,,<$5M,<2,,,,,,True
10,Newfoundland and Labrador / Terre-Neuve-et-Labrador,2025,336611,Ship Building and Repairing,secondary,40.336,>=$5M,6,24.2,145.0,3.631,4.323,2.732,False
10,Newfoundland and Labrador / Terre-Neuve-et-Labrador,2025,336612,Boat Building,secondary,11.715,>=$5M,7,11.6,81.0,1.764,2.981,1.336,False
10,Newfoundland and Labrador / Terre-Neuve-et-Labrador,2025,541330,Engineering Services,secondary,333.309,>=$5M,116,14.8,1711.0,1.175,1.034,0.887,False
10,Newfoundland and Labrador / Terre-Neuve-et-Labrador,2025,541370,Surveying and Mapping (except Geophysical) Service,secondary,19.024,>=$5M,46,4.2,193.0,1.316,1.84,0.998,False
10,Newfoundland and Labrador / Terre-Neuve-et-Labrador,2025,541511,Custom Computer Programming Services,secondary,5.839,>=$5M,9,4.3,39.0,0.11,0.281,0.084,False
10,Newfoundland and Labrador / Terre-Neuve-et-Labrador,2025,ALL,All,all,419.501,>=$5M,192,11.5,2205.0,0.822,0.974,0.685,False
10,Newfoundland and Labrador / Terre-Neuve-et-Labrador,2025,PRIMARY,Primary,primary,5.783,>=$5M,5,5.8,29.0,0.105,0.34,0.091,False
10,Newfoundland and Labrador / Terre-Neuve-et-Labrador,2025,SECONDARY,Secondary,secondary,413.718,>=$5M,187,11.6,2176.0,0.909,1.025,0.75,False
61,Northwest Territories / Territoires du Nord-Ouest,2017,336611,Ship Building & Repairing,secondary,1.998,<$5M,2,4.5,9.0,1.292,8.267,1.867,False
61,Northwest Territories / Territoires du Nord-Ouest,2017,541330,Engineering Services,secondary,8.547,>=$5M,7,5.3,37.0,0.161,0.467,0.232,False
61,Northwest Territories / Territoires du Nord-Ouest,2017,541370,Surveying & Mapping (except Geophysical) Services,secondary,5.145,>=$5M,8,4.4,35.0,0.695,1.911,1.005,False
61,Northwest Territories / Territoires du Nord-Ouest,2017,541511,Custom Computer Programming Services,secondary,,<$5M,<2,,,,,,True
61,Northwest Territories / Territoires du Nord-Ouest,2017,ALL,All,all,16.518,>=$5M,18,4.7,85.0,0.138,0.713,0.307,False
61,Northwest Territories / Territoires du Nord-Ouest,2017,SECONDARY,Secondary,secondary,16.518,>=$5M,18,4.7,85.0,0.147,0.721,0.32,False
61,Northwest Territories / Territoires du Nord-Ouest,2018,336611,Ship Building & Repairing,secondary,1.998,<$5M,2,4.5,9.0,1.317,8.26,1.892,False
61,Northwest Territories / Territoires du Nord-Ouest,2018,541330,Engineering Services,secondary,12.243,>=$5M,11,4.8,53.0,0.211,0.695,0.303,False
61,Northwest Territories / Territoires du Nord-Ouest,2018,541370,Surveying & Mapping (except Geophysical) Services,secondary,12.054,>=$5M,11,7.5,82.0,1.625,2.576,2.334,False
61,Northwest Territories / Territoires du Nord-Ouest,2018,541511,Custom Computer Programming Services,secondary,,<$5M,<2,,,,,,True
61,Northwest Territories / Territoires du Nord-Ouest,2018,ALL,All,all,27.123,>=$5M,25,5.9,148.0,0.217,0.952,0.505,False
61,Northwest Territories / Territoires du Nord-Ouest,2018,SECONDARY,Secondary,secondary,27.123,>=$5M,25,5.9,148.0,0.23,0.964,0.526,False
61,Northwest Territories / Territoires du Nord-Ouest,2019,325920,Explosives Manufacturing,primary,,<$5M,<2,,,,,,True
61,Northwest Territories / Territoires du Nord-Ouest,2019,336611,Ship Building & Repairing,secondary,1.998,<$5M,2,4.5,9.0,1.286,8.053,1.772,False
61,Northwest Territories / Territoires du Nord-Ouest,2019,541330,Engineering Services,secondary,24.024,>=$5M,19,5.5,104.0,0.334,1.072,0.46,False
61,Northwest Territories / Territoires du Nord-Ouest,2019,541370,Surveying & Mapping (except Geophysical) Services,secondary,12.054,>=$5M,11,7.5,82.0,1.696,2.557,2.337,False
61,Northwest Territories / Territoires du Nord-Ouest,2019,541511,Custom Computer Programming Services,secondary,,<$5M,<2,,,,,,True
61,Northwest Territories / Territoires du Nord-Ouest,2019,ALL,All,all,40.196,>=$5M,34,6.0,203.0,0.283,1.189,0.572,False
61,Northwest Territories / Territoires du Nord-Ouest,2019,PRIMARY,Primary,primary,,<$5M,<2,,,,,,True
61,Northwest Territories / Territoires du Nord-Ouest,2019,SECONDARY,Secondary,secondary,38.904,>=$5M,33,6.0,199.0,0.298,1.171,0.591,False
61,Northwest Territories / Territoires du Nord-Ouest,2020,325920,Explosives Manufacturing,primary,,<$5M,<2,,,,,,True
61,Northwest Territories / Territoires du Nord-Ouest,2020,336611,Ship Building & Repairing,secondary,1.998,<$5M,2,4.5,9.0,1.261,8.098,1.739,False
61,Northwest Territories / Territoires du Nord-Ouest,2020,541330,Engineering Services,secondary,32.802,>=$5M,21,6.8,142.0,0.337,1.192,0.465,False
61,Northwest Territories / Territoires du Nord-Ouest,2020,541370,Surveying & Mapping (except Geophysical) Services,secondary,12.054,>=$5M,11,7.5,82.0,1.675,2.542,2.317,False
61,Northwest Territories / Territoires du Nord-Ouest,2020,541511,Custom Computer Programming Services,secondary,,<$5M,<2,,,,,,True
61,Northwest Territories / Territoires du Nord-Ouest,2020,ALL,All,all,48.974,>=$5M,36,6.7,241.0,0.285,1.263,0.552,False
61,Northwest Territories / Territoires du Nord-Ouest,2020,PRIMARY,Primary,primary,,<$5M,<2,,,,,,True
61,Northwest Territories / Territoires du Nord-Ouest,2020,SECONDARY,Secondary,secondary,47.682,>=$5M,35,6.8,237.0,0.297,1.245,0.564,False
61,Northwest Territories / Territoires du Nord-Ouest,2021,325920,Explosives Manufacturing,primary,,<$5M,<2,,,,,,True
61,Northwest Territories / Territoires du Nord-Ouest,2021,336611,Ship Building and Repairing,secondary,1.998,<$5M,2,4.5,9.0,1.35,8.315,1.9,False
61,Northwest Territories / Territoires du Nord-Ouest,2021,541330,Engineering Services,secondary,21.252,>=$5M,18,5.3,96.0,0.33,1.045,0.48,False
61,Northwest Territories / Territoires du Nord-Ouest,2021,541370,Surveying and Mapping (except Geophysical) Service,secondary,10.584,>=$5M,10,7.2,72.0,1.466,2.329,2.072,False
61,Northwest Territories / Territoires du Nord-Ouest,2021,541511,Custom Computer Programming Services,secondary,,<$5M,<2,,,,,,True
61,Northwest Territories / Territoires du Nord-Ouest,2021,ALL,All,all,35.954,>=$5M,32,5.8,185.0,0.265,1.141,0.566,False
61,Northwest Territories / Territoires du Nord-Ouest,2021,PRIMARY,Primary,primary,,<$5M,<2,,,,,,True
61,Northwest Territories / Territoires du Nord-Ouest,2021,SECONDARY,Secondary,secondary,34.662,>=$5M,31,5.8,181.0,0.277,1.121,0.583,False
61,Northwest Territories / Territoires du Nord-Ouest,2022,325920,Explosives Manufacturing,primary,,<$5M,<2,,,,,,True
61,Northwest Territories / Territoires du Nord-Ouest,2022,333310,Commercial and Service Industry Machinery Manufact,primary,,<$5M,<2,,,,,,True
61,Northwest Territories / Territoires du Nord-Ouest,2022,336611,Ship Building and Repairing,secondary,1.998,<$5M,2,4.5,9.0,1.417,8.828,1.923,False
61,Northwest Territories / Territoires du Nord-Ouest,2022,541330,Engineering Services,secondary,21.021,>=$5M,17,5.6,95.0,0.319,0.951,0.473,False
61,Northwest Territories / Territoires du Nord-Ouest,2022,541370,Surveying and Mapping (except Geophysical) Service,secondary,10.584,>=$5M,10,7.2,72.0,1.482,2.459,2.073,False
61,Northwest Territories / Territoires du Nord-Ouest,2022,541511,Custom Computer Programming Services,secondary,,<$5M,<2,,,,,,True
61,Northwest Territories / Territoires du Nord-Ouest,2022,ALL,All,all,38.045,>=$5M,32,5.9,190.0,0.273,1.056,0.545,False
61,Northwest Territories / Territoires du Nord-Ouest,2022,PRIMARY,Primary,primary,3.614,<$5M,2,5.0,10.0,0.196,0.907,0.272,False
61,Northwest Territories / Territoires du Nord-Ouest,2022,SECONDARY,Secondary,secondary,34.431,>=$5M,30,6.0,180.0,0.285,1.068,0.578,False
61,Northwest Territories / Territoires du Nord-Ouest,2023,333310,Commercial and Service Industry Machinery Manufact,primary,,<$5M,<2,,,,,,True
61,Northwest Territories / Territoires du Nord-Ouest,2023,336611,Ship Building and Repairing,secondary,1.998,<$5M,2,4.5,9.0,2.057,9.452,1.92,False
61,Northwest Territories / Territoires du Nord-Ouest,2023,541330,Engineering Services,secondary,12.273,>=$5M,13,4.2,55.0,0.379,0.817,0.33,False
61,Northwest Territories / Territoires du Nord-Ouest,2023,541370,Surveying and Mapping (except Geophysical) Service,secondary,10.488,>=$5M,10,7.2,72.0,2.798,2.659,2.208,False
61,Northwest Territories / Territoires du Nord-Ouest,2023,541511,Custom Computer Programming Services,secondary,,<$5M,<2,,,,,,True
61,Northwest Territories / Territoires du Nord-Ouest,2023,ALL,All,all,27.909,>=$5M,27,5.4,146.0,0.396,0.985,0.478,False
61,Northwest Territories / Territoires du Nord-Ouest,2023,PRIMARY,Primary,primary,,<$5M,<2,,,,,,True
61,Northwest Territories / Territoires du Nord-Ouest,2023,SECONDARY,Secondary,secondary,25.587,>=$5M,26,5.4,140.0,0.418,1.026,0.516,False
61,Northwest Territories / Territoires du Nord-Ouest,2024,333310,Commercial and Service Industry Machinery Manufact,primary,,<$5M,<2,,,,,,True
61,Northwest Territories / Territoires du Nord-Ouest,2024,336611,Ship Building and Repairing,secondary,2.505,<$5M,2,4.5,9.0,0.897,10.075,1.118,False
61,Northwest Territories / Territoires du Nord-Ouest,2024,541330,Engineering Services,secondary,27.487,>=$5M,15,9.4,141.0,0.386,0.94,0.477,False
61,Northwest Territories / Territoires du Nord-Ouest,2024,541370,Surveying and Mapping (except Geophysical) Service,secondary,1.677,<$5M,8,2.1,17.0,0.479,2.245,0.596,False
61,Northwest Territories / Territoires du Nord-Ouest,2024,541511,Custom Computer Programming Services,secondary,,<$5M,<2,,,,,,True
61,Northwest Territories / Territoires du Nord-Ouest,2024,ALL,All,all,33.097,>=$5M,27,6.5,175.0,0.259,0.975,0.36,False
61,Northwest Territories / Territoires du Nord-Ouest,2024,PRIMARY,Primary,primary,,<$5M,<2,,,,,,True
61,Northwest Territories / Territoires du Nord-Ouest,2024,SECONDARY,Secondary,secondary,31.969,>=$5M,26,6.5,169.0,0.281,1.015,0.386,False
61,Northwest Territories / Territoires du Nord-Ouest,2025,333310,Commercial and Service Industry Machinery Manufact,primary,,<$5M,<2,,,,,,True
61,Northwest Territories / Territoires du Nord-Ouest,2025,336611,Ship Building and Repairing,secondary,0.836,<$5M,2,1.5,3.0,0.297,10.118,0.366,False
61,Northwest Territories / Territoires du Nord-Ouest,2025,541330,Engineering Services,secondary,30.411,>=$5M,16,9.8,156.0,0.423,1.001,0.523,False
61,Northwest Territories / Territoires du Nord-Ouest,2025,541370,Surveying and Mapping (except Geophysical) Service,secondary,1.382,<$5M,7,2.0,14.0,0.377,1.966,0.468,False
61,Northwest Territories / Territoires du Nord-Ouest,2025,541511,Custom Computer Programming Services,secondary,,<$5M,<2,,,,,,True
61,Northwest Territories / Territoires du Nord-Ouest,2025,ALL,All,all,34.057,>=$5M,27,6.7,181.0,0.263,0.962,0.364,False
61,Northwest Territories / Territoires du Nord-Ouest,2025,PRIMARY,Primary,primary,,<$5M,<2,,,,,,True
61,Northwest Territories / Territoires du Nord-Ouest,2025,SECONDARY,Secondary,secondary,32.929,>=$5M,26,6.7,175.0,0.285,1.001,0.39,False
12,Nova Scotia / Nouvelle-Écosse,2017,325920,Explosives Manufacturing,primary,,>=$5M,<2,,,,,,True
12,Nova Scotia / Nouvelle-Écosse,2017,331110,Iron & Steel Mills & Ferroalloy Manufacturing,secondary,52.394,>=$5M,7,6.6,46.0,0.149,0.377,0.135,False
12,Nova Scotia / Nouvelle-Écosse,2017,336611,Ship Building & Repairing,secondary,29.526,>=$5M,6,22.2,133.0,2.012,1.76,1.86,False
12,Nova Scotia / Nouvelle-Écosse,2017,336612,Boat Building,secondary,47.322,>=$5M,27,8.9,239.0,2.681,4.067,2.482,False
12,Nova Scotia / Nouvelle-Écosse,2017,541330,Engineering Services,secondary,265.054,>=$5M,175,6.6,1148.0,0.525,0.829,0.485,False
12,Nova Scotia / Nouvelle-Écosse,2017,541370,Surveying & Mapping (except Geophysical) Services,secondary,84.525,>=$5M,99,5.8,575.0,1.203,1.678,1.112,False
12,Nova Scotia / Nouvelle-Écosse,2017,541511,Custom Computer Programming Services,secondary,43.884,>=$5M,27,7.9,212.0,0.434,0.517,0.4,False
12,Nova Scotia / Nouvelle-Écosse,2017,ALL,All,all,527.873,>=$5M,342,6.9,2369.0,0.464,0.961,0.577,False
12,Nova Scotia / Nouvelle-Écosse,2017,PRIMARY,Primary,primary,,>=$5M,<2,,,,,,True
12,Nova Scotia / Nouvelle-Écosse,2017,SECONDARY,Secondary,secondary,522.705,>=$5M,341,6.9,2353.0,0.489,0.97,0.598,False
12,Nova Scotia / Nouvelle-Écosse,2018,325920,Explosives Manufacturing,primary,,>=$5M,<2,,,,,,True
12,Nova Scotia / Nouvelle-Écosse,2018,331110,Iron & Steel Mills & Ferroalloy Manufacturing,secondary,54.672,>=$5M,7,6.9,48.0,0.155,0.371,0.138,False
12,Nova Scotia / Nouvelle-Écosse,2018,336611,Ship Building & Repairing,secondary,29.526,>=$5M,6,22.2,133.0,2.047,1.769,1.87,False
12,Nova Scotia / Nouvelle-Écosse,2018,336612,Boat Building,secondary,46.728,>=$5M,26,9.1,236.0,2.675,3.993,2.446,False
12,Nova Scotia / Nouvelle-Écosse,2018,541330,Engineering Services,secondary,297.163,>=$5M,189,6.8,1287.0,0.538,0.853,0.491,False
12,Nova Scotia / Nouvelle-Écosse,2018,541370,Surveying & Mapping (except Geophysical) Services,secondary,84.819,>=$5M,99,5.8,577.0,1.202,1.655,1.098,False
12,Nova Scotia / Nouvelle-Écosse,2018,541511,Custom Computer Programming Services,secondary,45.954,>=$5M,29,7.7,222.0,0.454,0.552,0.414,False
12,Nova Scotia / Nouvelle-Écosse,2018,ALL,All,all,564.03,>=$5M,357,7.1,2519.0,0.474,0.971,0.574,False
12,Nova Scotia / Nouvelle-Écosse,2018,PRIMARY,Primary,primary,,>=$5M,<2,,,,,,True
12,Nova Scotia / Nouvelle-Écosse,2018,SECONDARY,Secondary,secondary,558.862,>=$5M,356,7.0,2503.0,0.499,0.98,0.594,False
12,Nova Scotia / Nouvelle-Écosse,2019,325920,Explosives Manufacturing,primary,6.46,>=$5M,2,10.0,20.0,3.321,2.823,3.068,False
12,Nova Scotia / Nouvelle-Écosse,2019,331110,Iron & Steel Mills & Ferroalloy Manufacturing,secondary,64.923,>=$5M,8,7.1,57.0,0.18,0.419,0.163,False
12,Nova Scotia / Nouvelle-Écosse,2019,336611,Ship Building & Repairing,secondary,40.626,>=$5M,7,26.1,183.0,2.589,1.944,2.392,False
12,Nova Scotia / Nouvelle-Écosse,2019,336612,Boat Building,secondary,46.53,>=$5M,25,9.4,235.0,2.739,3.921,2.534,False
12,Nova Scotia / Nouvelle-Écosse,2019,541330,Engineering Services,secondary,390.748,>=$5M,217,7.8,1693.0,0.538,0.844,0.497,False
12,Nova Scotia / Nouvelle-Écosse,2019,541370,Surveying & Mapping (except Geophysical) Services,secondary,89.817,>=$5M,107,5.7,611.0,1.251,1.716,1.156,False
12,Nova Scotia / Nouvelle-Écosse,2019,541511,Custom Computer Programming Services,secondary,49.266,>=$5M,35,6.8,238.0,0.426,0.587,0.393,False
12,Nova Scotia / Nouvelle-Écosse,2019,ALL,All,all,688.37,>=$5M,401,7.6,3037.0,0.48,0.967,0.568,False
12,Nova Scotia / Nouvelle-Écosse,2019,PRIMARY,Primary,primary,6.46,>=$5M,2,10.0,20.0,0.055,0.344,0.073,False
12,Nova Scotia / Nouvelle-Écosse,2019,SECONDARY,Secondary,secondary,681.91,>=$5M,399,7.6,3017.0,0.518,0.976,0.595,False
12,Nova Scotia / Nouvelle-Écosse,2020,325920,Explosives Manufacturing,primary,,>=$5M,<2,,,,,,True
12,Nova Scotia / Nouvelle-Écosse,2020,331110,Iron & Steel Mills & Ferroalloy Manufacturing,secondary,54.672,>=$5M,7,6.9,48.0,0.122,0.375,0.111,False
12,Nova Scotia / Nouvelle-Écosse,2020,336611,Ship Building & Repairing,secondary,40.626,>=$5M,7,26.1,183.0,2.328,1.959,2.161,False
12,Nova Scotia / Nouvelle-Écosse,2020,336612,Boat Building,secondary,46.53,>=$5M,25,9.4,235.0,2.447,4.008,2.279,False
12,Nova Scotia / Nouvelle-Écosse,2020,541330,Engineering Services,secondary,9632.134,>=$5M,219,190.4,41699.0,8.993,0.859,8.34,False
12,Nova Scotia / Nouvelle-Écosse,2020,541370,Surveying & Mapping (except Geophysical) Services,secondary,98.049,>=$5M,117,5.7,667.0,1.237,1.869,1.152,False
12,Nova Scotia / Nouvelle-Écosse,2020,541511,Custom Computer Programming Services,secondary,30.429,>=$5M,32,4.6,147.0,0.24,0.533,0.223,False
12,Nova Scotia / Nouvelle-Écosse,2020,ALL,All,all,9907.608,>=$5M,408,105.4,42995.0,5.241,0.989,6.019,False
12,Nova Scotia / Nouvelle-Écosse,2020,PRIMARY,Primary,primary,,>=$5M,<2,,,,,,True
12,Nova Scotia / Nouvelle-Écosse,2020,SECONDARY,Secondary,secondary,9902.44,>=$5M,407,105.6,42979.0,5.588,1.001,6.253,False
12,Nova Scotia / Nouvelle-Écosse,2021,325920,Explosives Manufacturing,primary,,>=$5M,<2,,,,,,True
12,Nova Scotia / Nouvelle-Écosse,2021,331110,Iron and Steel Mills and Ferroalloy Manufacturing,secondary,54.672,>=$5M,7,6.9,48.0,0.148,0.388,0.134,False
12,Nova Scotia / Nouvelle-Écosse,2021,336611,Ship Building and Repairing,secondary,40.626,>=$5M,7,26.1,183.0,2.77,2.015,2.543,False
12,Nova Scotia / Nouvelle-Écosse,2021,336612,Boat Building,secondary,49.104,>=$5M,25,9.9,248.0,2.822,4.058,2.6,False
12,Nova Scotia / Nouvelle-Écosse,2021,541330,Engineering Services,secondary,397.678,>=$5M,212,8.2,1739.0,0.623,0.852,0.573,False
12,Nova Scotia / Nouvelle-Écosse,2021,541370,Surveying and Mapping (except Geophysical) Service,secondary,99.078,>=$5M,118,5.7,674.0,1.385,1.903,1.277,False
12,Nova Scotia / Nouvelle-Écosse,2021,541511,Custom Computer Programming Services,secondary,28.359,>=$5M,31,4.4,137.0,0.243,0.513,0.223,False
12,Nova Scotia / Nouvelle-Écosse,2021,ALL,All,all,674.685,>=$5M,401,7.6,3045.0,0.501,0.989,0.613,False
12,Nova Scotia / Nouvelle-Écosse,2021,PRIMARY,Primary,primary,,>=$5M,<2,,,,,,True
12,Nova Scotia / Nouvelle-Écosse,2021,SECONDARY,Secondary,secondary,669.517,>=$5M,400,7.6,3029.0,0.541,1.002,0.642,False
12,Nova Scotia / Nouvelle-Écosse,2022,325920,Explosives Manufacturing,primary,,>=$5M,<2,,,,,,True
12,Nova Scotia / Nouvelle-Écosse,2022,331110,Iron and Steel Mills and Ferroalloy Manufacturing,secondary,54.672,>=$5M,7,6.9,48.0,0.184,0.383,0.168,False
12,Nova Scotia / Nouvelle-Écosse,2022,333310,Commercial and Service Industry Machinery Manufact,primary,82.952,>=$5M,17,13.2,225.0,0.898,0.597,0.705,False
12,Nova Scotia / Nouvelle-Écosse,2022,334610,Manufacturing and Reproducing Magnetic and Optical,secondary,0.303,<$5M,2,1.5,3.0,0.011,0.326,0.036,False
12,Nova Scotia / Nouvelle-Écosse,2022,336611,Ship Building and Repairing,secondary,33.078,>=$5M,8,22.9,183.0,2.355,2.266,2.634,False
12,Nova Scotia / Nouvelle-Écosse,2022,336612,Boat Building,secondary,49.104,>=$5M,25,10.0,250.0,2.916,4.076,2.71,False
12,Nova Scotia / Nouvelle-Écosse,2022,541330,Engineering Services,secondary,423.536,>=$5M,252,6.5,1630.0,0.646,0.905,0.547,False
12,Nova Scotia / Nouvelle-Écosse,2022,541370,Surveying and Mapping (except Geophysical) Service,secondary,101.136,>=$5M,121,5.5,669.0,1.422,1.91,1.298,False
12,Nova Scotia / Nouvelle-Écosse,2022,541511,Custom Computer Programming Services,secondary,45.788,>=$5M,35,4.6,161.0,0.406,0.568,0.274,False
12,Nova Scotia / Nouvelle-Écosse,2022,ALL,All,all,795.737,>=$5M,468,6.8,3185.0,0.574,0.992,0.616,False
12,Nova Scotia / Nouvelle-Écosse,2022,PRIMARY,Primary,primary,88.12,>=$5M,18,13.4,241.0,0.48,0.524,0.442,False
12,Nova Scotia / Nouvelle-Écosse,2022,SECONDARY,Secondary,secondary,707.617,>=$5M,450,6.5,2944.0,0.588,1.028,0.636,False
12,Nova Scotia / Nouvelle-Écosse,2023,325920,Explosives Manufacturing,primary,,>=$5M,<2,,,,,,True
12,Nova Scotia / Nouvelle-Écosse,2023,331110,Iron and Steel Mills and Ferroalloy Manufacturing,secondary,40.098,>=$5M,8,7.8,62.0,0.156,0.456,0.227,False
12,Nova Scotia / Nouvelle-Écosse,2023,333310,Commercial and Service Industry Machinery Manufact,primary,79.57,>=$5M,18,13.0,234.0,0.94,0.638,0.709,False
12,Nova Scotia / Nouvelle-Écosse,2023,334511,"Search, Detection, Navigation, Guidance, Aeronauti",primary,62.504,>=$5M,2,91.0,182.0,1.443,0.72,1.651,False
12,Nova Scotia / Nouvelle-Écosse,2023,334610,Manufacturing and Reproducing Magnetic and Optical,secondary,0.339,<$5M,2,1.5,3.0,0.013,0.328,0.038,False
12,Nova Scotia / Nouvelle-Écosse,2023,336611,Ship Building and Repairing,secondary,34.729,>=$5M,7,23.3,163.0,2.052,2.009,2.236,False
12,Nova Scotia / Nouvelle-Écosse,2023,336612,Boat Building,secondary,38.911,>=$5M,25,9.9,248.0,2.479,4.143,2.699,False
12,Nova Scotia / Nouvelle-Écosse,2023,541330,Engineering Services,secondary,367.168,>=$5M,248,6.0,1495.0,0.651,0.946,0.578,False
12,Nova Scotia / Nouvelle-Écosse,2023,541370,Surveying and Mapping (except Geophysical) Service,secondary,87.808,>=$5M,121,5.5,666.0,1.345,1.954,1.314,False
12,Nova Scotia / Nouvelle-Écosse,2023,541511,Custom Computer Programming Services,secondary,42.492,>=$5M,33,4.6,151.0,0.376,0.548,0.256,False
12,Nova Scotia / Nouvelle-Écosse,2023,ALL,All,all,758.787,>=$5M,465,6.9,3220.0,0.617,1.03,0.678,False
12,Nova Scotia / Nouvelle-Écosse,2023,PRIMARY,Primary,primary,147.242,>=$5M,21,20.6,432.0,0.908,0.616,0.809,False
12,Nova Scotia / Nouvelle-Écosse,2023,SECONDARY,Secondary,secondary,611.545,>=$5M,444,6.3,2788.0,0.573,1.064,0.661,False
12,Nova Scotia / Nouvelle-Écosse,2024,325920,Explosives Manufacturing,primary,,<$5M,<2,,,,,,True
12,Nova Scotia / Nouvelle-Écosse,2024,331110,Iron and Steel Mills and Ferroalloy Manufacturing,secondary,47.68,>=$5M,9,8.2,74.0,0.256,0.535,0.215,False
12,Nova Scotia / Nouvelle-Écosse,2024,333310,Commercial and Service Industry Machinery Manufact,primary,39.548,>=$5M,16,13.3,213.0,0.728,0.573,0.57,False
12,Nova Scotia / Nouvelle-Écosse,2024,334511,"Search, Detection, Navigation, Guidance, Aeronauti",primary,60.141,>=$5M,4,64.0,256.0,1.868,1.231,1.565,False
12,Nova Scotia / Nouvelle-Écosse,2024,334610,Manufacturing and Reproducing Magnetic and Optical,secondary,1.742,<$5M,4,2.0,8.0,0.092,0.665,0.101,False
12,Nova Scotia / Nouvelle-Écosse,2024,336611,Ship Building and Repairing,secondary,89.506,>=$5M,6,49.3,296.0,3.381,1.785,2.636,False
12,Nova Scotia / Nouvelle-Écosse,2024,336612,Boat Building,secondary,58.425,>=$5M,23,17.3,397.0,3.705,4.05,3.081,False
12,Nova Scotia / Nouvelle-Écosse,2024,541330,Engineering Services,secondary,813.671,>=$5M,262,16.7,4369.0,1.205,0.97,1.06,False
12,Nova Scotia / Nouvelle-Écosse,2024,541370,Surveying and Mapping (except Geophysical) Service,secondary,53.305,>=$5M,119,4.5,538.0,1.607,1.972,1.351,False
12,Nova Scotia / Nouvelle-Écosse,2024,541511,Custom Computer Programming Services,secondary,51.328,>=$5M,37,9.7,359.0,0.441,0.518,0.392,False
12,Nova Scotia / Nouvelle-Écosse,2024,ALL,All,all,1218.722,>=$5M,481,13.6,6526.0,1.007,1.026,0.961,False
12,Nova Scotia / Nouvelle-Écosse,2024,PRIMARY,Primary,primary,103.065,>=$5M,21,23.1,485.0,0.782,0.599,0.715,False
12,Nova Scotia / Nouvelle-Écosse,2024,SECONDARY,Secondary,secondary,1115.657,>=$5M,460,13.1,6041.0,1.035,1.06,0.988,False
12,Nova Scotia / Nouvelle-Écosse,2025,325920,Explosives Manufacturing,primary,,<$5M,<2,,,,,,True
12,Nova Scotia / Nouvelle-Écosse,2025,331110,Iron and Steel Mills and Ferroalloy Manufacturing,secondary,39.948,>=$5M,8,7.8,62.0,0.22,0.482,0.184,False
12,Nova Scotia / Nouvelle-Écosse,2025,333310,Commercial and Service Industry Machinery Manufact,primary,39.548,>=$5M,16,13.3,213.0,0.704,0.567,0.549,False
12,Nova Scotia / Nouvelle-Écosse,2025,334511,"Search, Detection, Navigation, Guidance, Aeronauti",primary,63.9,>=$5M,4,68.0,272.0,2.03,1.221,1.715,False
12,Nova Scotia / Nouvelle-Écosse,2025,334610,Manufacturing and Reproducing Magnetic and Optical,secondary,1.742,<$5M,4,2.0,8.0,0.091,0.661,0.099,False
12,Nova Scotia / Nouvelle-Écosse,2025,336611,Ship Building and Repairing,secondary,82.339,>=$5M,6,49.3,296.0,3.096,1.786,2.577,False
12,Nova Scotia / Nouvelle-Écosse,2025,336612,Boat Building,secondary,58.426,>=$5M,23,17.6,404.0,3.675,4.047,3.079,False
12,Nova Scotia / Nouvelle-Écosse,2025,541330,Engineering Services,secondary,879.468,>=$5M,266,17.0,4524.0,1.295,0.979,1.083,False
12,Nova Scotia / Nouvelle-Écosse,2025,541370,Surveying and Mapping (except Geophysical) Service,secondary,54.201,>=$5M,120,4.6,550.0,1.566,1.983,1.313,False
12,Nova Scotia / Nouvelle-Écosse,2025,541511,Custom Computer Programming Services,secondary,62.1,>=$5M,41,10.5,431.0,0.491,0.528,0.428,False
12,Nova Scotia / Nouvelle-Écosse,2025,ALL,All,all,1285.048,>=$5M,489,13.9,6776.0,1.052,1.025,0.972,False
12,Nova Scotia / Nouvelle-Écosse,2025,PRIMARY,Primary,primary,106.824,>=$5M,21,23.9,501.0,0.807,0.591,0.724,False
12,Nova Scotia / Nouvelle-Écosse,2025,SECONDARY,Secondary,secondary,1178.224,>=$5M,468,13.4,6275.0,1.081,1.06,1.0,False
62,Nunavut,2017,541330,Engineering Services,secondary,5.313,>=$5M,3,7.7,23.0,0.29,0.38,0.251,False
62,Nunavut,2017,541370,Surveying & Mapping (except Geophysical) Services,secondary,,<$5M,<2,,,,,,True
62,Nunavut,2017,541511,Custom Computer Programming Services,secondary,,<$5M,<2,,,,,,True
62,Nunavut,2017,ALL,All,all,7.611,>=$5M,5,7.4,37.0,0.184,0.376,0.233,False
62,Nunavut,2017,SECONDARY,Secondary,secondary,7.611,>=$5M,5,7.4,37.0,0.196,0.381,0.243,False
62,Nunavut,2018,541330,Engineering Services,secondary,5.313,>=$5M,3,7.7,23.0,0.269,0.367,0.23,False
62,Nunavut,2018,541370,Surveying & Mapping (except Geophysical) Services,secondary,,<$5M,<2,,,,,,True
62,Nunavut,2018,541511,Custom Computer Programming Services,secondary,,<$5M,<2,,,,,,True
62,Nunavut,2018,ALL,All,all,7.611,>=$5M,5,7.4,37.0,0.179,0.368,0.221,False
62,Nunavut,2018,SECONDARY,Secondary,secondary,7.611,>=$5M,5,7.4,37.0,0.19,0.373,0.231,False
62,Nunavut,2019,541330,Engineering Services,secondary,6.006,>=$5M,4,6.5,26.0,0.239,0.433,0.199,False
62,Nunavut,2019,541370,Surveying & Mapping (except Geophysical) Services,secondary,1.911,<$5M,2,6.5,13.0,0.77,0.891,0.642,False
62,Nunavut,2019,541511,Custom Computer Programming Services,secondary,,<$5M,<2,,,,,,True
62,Nunavut,2019,ALL,All,all,8.745,>=$5M,7,6.1,43.0,0.176,0.469,0.21,False
62,Nunavut,2019,SECONDARY,Secondary,secondary,8.745,>=$5M,7,6.1,43.0,0.192,0.476,0.221,False
62,Nunavut,2020,541330,Engineering Services,secondary,6.006,>=$5M,4,6.5,26.0,0.177,0.434,0.148,False
62,Nunavut,2020,541370,Surveying & Mapping (except Geophysical) Services,secondary,1.911,<$5M,2,6.5,13.0,0.763,0.883,0.639,False
62,Nunavut,2020,541511,Custom Computer Programming Services,secondary,,<$5M,<2,,,,,,True
62,Nunavut,2020,ALL,All,all,8.745,>=$5M,7,6.1,43.0,0.146,0.469,0.171,False
62,Nunavut,2020,SECONDARY,Secondary,secondary,8.745,>=$5M,7,6.1,43.0,0.156,0.476,0.178,False
62,Nunavut,2021,541330,Engineering Services,secondary,6.006,>=$5M,4,6.5,26.0,0.261,0.441,0.222,False
62,Nunavut,2021,541370,Surveying and Mapping (except Geophysical) Service,secondary,1.176,<$5M,2,6.5,13.0,0.456,0.885,0.638,False
62,Nunavut,2021,541511,Custom Computer Programming Services,secondary,,<$5M,<2,,,,,,True
62,Nunavut,2021,ALL,All,all,8.01,>=$5M,7,6.1,43.0,0.165,0.474,0.224,False
62,Nunavut,2021,SECONDARY,Secondary,secondary,8.01,>=$5M,7,6.1,43.0,0.18,0.481,0.236,False
62,Nunavut,2022,333310,Commercial and Service Industry Machinery Manufact,primary,,<$5M,<2,,,,,,True
62,Nunavut,2022,541330,Engineering Services,secondary,6.237,>=$5M,5,5.4,27.0,0.294,0.559,0.239,False
62,Nunavut,2022,541370,Surveying and Mapping (except Geophysical) Service,secondary,1.911,<$5M,2,6.5,13.0,0.83,0.982,0.665,False
62,Nunavut,2022,541511,Custom Computer Programming Services,secondary,,<$5M,<2,,,,,,True
62,Nunavut,2022,ALL,All,all,12.846,>=$5M,9,6.0,54.0,0.286,0.594,0.275,False
62,Nunavut,2022,PRIMARY,Primary,primary,,<$5M,<2,,,,,,True
62,Nunavut,2022,SECONDARY,Secondary,secondary,8.976,>=$5M,8,5.5,44.0,0.23,0.569,0.251,False
62,Nunavut,2023,333310,Commercial and Service Industry Machinery Manufact,primary,,<$5M,<2,,,,,,True
62,Nunavut,2023,541330,Engineering Services,secondary,6.201,>=$5M,5,5.6,28.0,0.324,0.615,0.287,False
62,Nunavut,2023,541370,Surveying and Mapping (except Geophysical) Service,secondary,1.766,<$5M,2,6.5,13.0,0.797,1.041,0.681,False
62,Nunavut,2023,541511,Custom Computer Programming Services,secondary,,<$5M,<2,,,,,,True
62,Nunavut,2023,ALL,All,all,12.665,>=$5M,9,6.1,55.0,0.304,0.643,0.307,False
62,Nunavut,2023,PRIMARY,Primary,primary,,<$5M,<2,,,,,,True
62,Nunavut,2023,SECONDARY,Secondary,secondary,8.795,>=$5M,8,5.6,45.0,0.243,0.618,0.283,False
62,Nunavut,2024,333310,Commercial and Service Industry Machinery Manufact,primary,,<$5M,<2,,,,,,True
62,Nunavut,2024,541330,Engineering Services,secondary,2.145,<$5M,5,2.2,11.0,0.11,0.62,0.065,False
62,Nunavut,2024,541370,Surveying and Mapping (except Geophysical) Service,secondary,0.493,<$5M,2,2.5,5.0,0.517,1.11,0.304,False
62,Nunavut,2024,541511,Custom Computer Programming Services,secondary,,<$5M,<2,,,,,,True
62,Nunavut,2024,ALL,All,all,5.116,>=$5M,9,3.3,30.0,0.147,0.643,0.107,False
62,Nunavut,2024,PRIMARY,Primary,primary,,<$5M,<2,,,,,,True
62,Nunavut,2024,SECONDARY,Secondary,secondary,3.237,<$5M,8,2.5,20.0,0.104,0.618,0.079,False
62,Nunavut,2025,333310,Commercial and Service Industry Machinery Manufact,primary,,<$5M,<2,,,,,,True
62,Nunavut,2025,541330,Engineering Services,secondary,2.535,<$5M,5,2.6,13.0,0.134,0.629,0.075,False
62,Nunavut,2025,541370,Surveying and Mapping (except Geophysical) Service,secondary,0.592,<$5M,2,3.0,6.0,0.615,1.129,0.346,False
62,Nunavut,2025,541511,Custom Computer Programming Services,secondary,,<$5M,<2,,,,,,True
62,Nunavut,2025,ALL,All,all,5.605,>=$5M,9,3.7,33.0,0.165,0.644,0.114,False
62,Nunavut,2025,PRIMARY,Primary,primary,,<$5M,<2,,,,,,True
62,Nunavut,2025,SECONDARY,Secondary,secondary,3.726,<$5M,8,2.9,23.0,0.123,0.619,0.088,False
35,Ontario,2017,331110,Iron & Steel Mills & Ferroalloy Manufacturing,secondary,5207.6,>=$5M,197,24.1,4750.0,1.169,0.907,1.22,False
35,Ontario,2017,333314,Optical Instrument & Lens Manufacturing,secondary,18.59,>=$5M,9,7.2,65.0,1.867,1.429,1.913,False
35,Ontario,2017,334511,Search Detection & Navigation Instruments,primary,274.169,>=$5M,24,30.8,739.0,0.791,1.204,0.811,False
35,Ontario,2017,336411,Aircraft Manufacturing,primary,729.63,>=$5M,21,57.4,1206.0,2.029,1.035,2.079,False
35,Ontario,2017,336611,Ship Building & Repairing,secondary,86.802,>=$5M,44,8.9,391.0,0.466,1.103,0.477,False
35,Ontario,2017,336612,Boat Building,secondary,133.65,>=$5M,53,12.7,675.0,0.596,0.682,0.612,False
35,Ontario,2017,336992,"Military Armored Vehicle, Tank & Tank Cmpnnt Mfg",primary,,>=$5M,<2,,,,,,True
35,Ontario,2017,336999,All Other Transportation Equipment Manufacturing,primary,,<$5M,<2,,,,,,True
35,Ontario,2017,541330,Engineering Services,secondary,5768.55,>=$5M,2419,10.4,25053.0,0.901,0.979,0.925,False
35,Ontario,2017,541370,Surveying & Mapping (except Geophysical) Services,secondary,497.889,>=$5M,424,8.0,3387.0,0.558,0.614,0.572,False
35,Ontario,2017,541511,Custom Computer Programming Services,secondary,1467.216,>=$5M,642,11.0,7088.0,1.142,1.052,1.169,False
35,Ontario,2017,ALL,All,all,14254.262,>=$5M,3835,11.3,43440.0,0.986,0.922,0.924,False
35,Ontario,2017,PRIMARY,Primary,primary,1073.965,>=$5M,47,43.2,2031.0,1.218,0.967,1.048,False
35,Ontario,2017,SECONDARY,Secondary,secondary,13180.297,>=$5M,3788,10.9,41409.0,0.971,0.921,0.919,False
35,Ontario,2018,331110,Iron & Steel Mills & Ferroalloy Manufacturing,secondary,5151.441,>=$5M,195,24.1,4699.0,1.15,0.888,1.196,False
35,Ontario,2018,332994,"Small Arms, Ordnance, & Ordnance Accessories Mfg",primary,,<$5M,<2,,,,,,True
35,Ontario,2018,333314,Optical Instrument & Lens Manufacturing,secondary,19.162,>=$5M,9,7.4,67.0,1.888,1.43,1.929,False
35,Ontario,2018,334511,Search Detection & Navigation Instruments,primary,299.768,>=$5M,27,29.9,808.0,0.826,1.226,0.844,False
35,Ontario,2018,336411,Aircraft Manufacturing,primary,732.655,>=$5M,22,55.0,1211.0,2.035,1.067,2.079,False
35,Ontario,2018,336611,Ship Building & Repairing,secondary,77.7,>=$5M,42,8.3,350.0,0.425,1.063,0.434,False
35,Ontario,2018,336612,Boat Building,secondary,133.65,>=$5M,53,12.7,675.0,0.604,0.699,0.618,False
35,Ontario,2018,336992,"Military Armored Vehicle, Tank & Tank Cmpnnt Mfg",primary,,>=$5M,<2,,,,,,True
35,Ontario,2018,336999,All Other Transportation Equipment Manufacturing,primary,,<$5M,<2,,,,,,True
35,Ontario,2018,541330,Engineering Services,secondary,6155.145,>=$5M,2503,10.7,26717.0,0.88,0.97,0.9,False
35,Ontario,2018,541370,Surveying & Mapping (except Geophysical) Services,secondary,499.947,>=$5M,421,8.1,3401.0,0.559,0.604,0.571,False
35,Ontario,2018,541511,Custom Computer Programming Services,secondary,1442.376,>=$5M,630,11.1,6968.0,1.125,1.03,1.148,False
35,Ontario,2018,ALL,All,all,14583.166,>=$5M,3905,11.5,44986.0,0.967,0.912,0.905,False
35,Ontario,2018,PRIMARY,Primary,primary,1103.745,>=$5M,52,40.6,2109.0,1.229,0.998,1.061,False
35,Ontario,2018,SECONDARY,Secondary,secondary,13479.421,>=$5M,3853,11.1,42877.0,0.95,0.911,0.899,False
35,Ontario,2019,325920,Explosives Manufacturing,primary,5.814,>=$5M,2,9.0,18.0,0.226,0.23,0.229,False
35,Ontario,2019,331110,Iron & Steel Mills & Ferroalloy Manufacturing,secondary,5468.083,>=$5M,204,24.4,4977.0,1.15,0.87,1.182,False
35,Ontario,2019,332994,"Small Arms, Ordnance, & Ordnance Accessories Mfg",primary,,<$5M,<2,,,,,,True
35,Ontario,2019,333314,Optical Instrument & Lens Manufacturing,secondary,19.162,>=$5M,9,7.4,67.0,1.906,1.461,1.929,False
35,Ontario,2019,334511,Search Detection & Navigation Instruments,primary,344.659,>=$5M,35,26.5,929.0,0.783,1.098,0.783,False
35,Ontario,2019,336411,Aircraft Manufacturing,primary,756.25,>=$5M,23,54.3,1250.0,0.862,0.962,0.872,False
35,Ontario,2019,336611,Ship Building & Repairing,secondary,93.684,>=$5M,43,9.8,422.0,0.452,0.973,0.457,False
35,Ontario,2019,336612,Boat Building,secondary,134.64,>=$5M,53,12.8,680.0,0.6,0.677,0.608,False
35,Ontario,2019,336992,"Military Armored Vehicle, Tank & Tank Cmpnnt Mfg",primary,,>=$5M,<2,,,,,,True
35,Ontario,2019,336999,All Other Transportation Equipment Manufacturing,primary,1.776,<$5M,2,3.0,6.0,0.051,0.92,0.052,False
35,Ontario,2019,541330,Engineering Services,secondary,7991.729,>=$5M,3005,11.5,34667.0,0.833,0.952,0.844,False
35,Ontario,2019,541370,Surveying & Mapping (except Geophysical) Services,secondary,537.432,>=$5M,451,8.1,3656.0,0.567,0.589,0.574,False
35,Ontario,2019,541511,Custom Computer Programming Services,secondary,1659.519,>=$5M,763,10.5,8017.0,1.086,1.042,1.098,False
35,Ontario,2019,ALL,All,all,17083.774,>=$5M,4592,11.9,54778.0,0.902,0.903,0.85,False
35,Ontario,2019,PRIMARY,Primary,primary,1179.525,>=$5M,64,35.8,2292.0,0.757,0.897,0.697,False
35,Ontario,2019,SECONDARY,Secondary,secondary,15904.249,>=$5M,4528,11.6,52486.0,0.915,0.903,0.858,False
35,Ontario,2020,325920,Explosives Manufacturing,primary,5.168,>=$5M,2,8.0,16.0,0.19,0.213,0.193,False
35,Ontario,2020,331110,Iron & Steel Mills & Ferroalloy Manufacturing,secondary,7480.098,>=$5M,199,33.9,6745.0,1.382,0.862,1.416,False
35,Ontario,2020,332994,"Small Arms, Ordnance, & Ordnance Accessories Mfg",primary,,<$5M,<2,,,,,,True
35,Ontario,2020,333314,Optical Instrument & Lens Manufacturing,secondary,16.588,>=$5M,7,8.3,58.0,1.818,1.289,1.845,False
35,Ontario,2020,334511,Search Detection & Navigation Instruments,primary,339.836,>=$5M,33,27.8,916.0,0.767,1.048,0.771,False
35,Ontario,2020,336411,Aircraft Manufacturing,primary,774.4,>=$5M,24,53.3,1280.0,0.975,1.005,0.99,False
35,Ontario,2020,336611,Ship Building & Repairing,secondary,104.784,>=$5M,43,11.0,472.0,0.496,0.974,0.504,False
35,Ontario,2020,336612,Boat Building,secondary,134.046,>=$5M,51,13.3,677.0,0.583,0.662,0.594,False
35,Ontario,2020,336992,"Military Armored Vehicle, Tank & Tank Cmpnnt Mfg",primary,,>=$5M,<2,,,,,,True
35,Ontario,2020,336999,All Other Transportation Equipment Manufacturing,primary,1.776,<$5M,2,3.0,6.0,0.051,0.921,0.052,False
35,Ontario,2020,541330,Engineering Services,secondary,8130.419,>=$5M,3005,11.7,35252.0,0.628,0.954,0.637,False
35,Ontario,2020,541370,Surveying & Mapping (except Geophysical) Services,secondary,550.221,>=$5M,458,8.2,3743.0,0.574,0.592,0.584,False
35,Ontario,2020,541511,Custom Computer Programming Services,secondary,1666.143,>=$5M,772,10.4,8035.0,1.086,1.04,1.102,False
35,Ontario,2020,ALL,All,all,19274.505,>=$5M,4598,12.5,57289.0,0.843,0.902,0.725,False
35,Ontario,2020,PRIMARY,Primary,primary,1192.206,>=$5M,63,36.6,2307.0,0.833,0.884,0.772,False
35,Ontario,2020,SECONDARY,Secondary,secondary,18082.299,>=$5M,4535,12.1,54982.0,0.844,0.902,0.723,False
35,Ontario,2021,325920,Explosives Manufacturing,primary,2.584,<$5M,2,8.0,16.0,0.101,0.22,0.198,False
35,Ontario,2021,331110,Iron and Steel Mills and Ferroalloy Manufacturing,secondary,6632.942,>=$5M,194,30.8,5969.0,1.346,0.865,1.379,False
35,Ontario,2021,332994,"Small Arms, Ordnance, and Ordnance Accessories Man",primary,,<$5M,<2,,,,,,True
35,Ontario,2021,333314,Optical Instrument and Lens Manufacturing,secondary,14.3,>=$5M,6,8.3,50.0,1.863,1.271,1.892,False
35,Ontario,2021,334511,"Search, Detection, Navigation, Guidance, Aeronauti",primary,341.691,>=$5M,34,27.1,921.0,0.765,1.041,0.784,False
35,Ontario,2021,336411,Aircraft Manufacturing,primary,774.4,>=$5M,24,53.3,1280.0,0.969,0.987,0.984,False
35,Ontario,2021,336611,Ship Building and Repairing,secondary,86.358,>=$5M,41,9.5,389.0,0.442,0.949,0.448,False
35,Ontario,2021,336612,Boat Building,secondary,137.412,>=$5M,51,13.6,694.0,0.592,0.666,0.603,False
35,Ontario,2021,336992,"Military Armored Vehicle, Tank, and Tank Component",primary,,>=$5M,<2,,,,,,True
35,Ontario,2021,336999,All Other Transportation Equipment Manufacturing,primary,11.84,>=$5M,4,10.0,40.0,0.306,1.224,0.31,False
35,Ontario,2021,541330,Engineering Services,secondary,7424.252,>=$5M,2946,11.0,32354.0,0.872,0.952,0.884,False
35,Ontario,2021,541370,Surveying and Mapping (except Geophysical) Service,secondary,552.426,>=$5M,457,8.2,3745.0,0.579,0.593,0.588,False
35,Ontario,2021,541511,Custom Computer Programming Services,secondary,1698.228,>=$5M,787,10.4,8199.0,1.092,1.047,1.109,False
35,Ontario,2021,ALL,All,all,17747.459,>=$5M,4548,11.8,53746.0,0.989,0.903,0.898,False
35,Ontario,2021,PRIMARY,Primary,primary,1201.541,>=$5M,66,35.5,2346.0,0.835,0.9,0.786,False
35,Ontario,2021,SECONDARY,Secondary,secondary,16545.918,>=$5M,4482,11.5,51400.0,1.002,0.903,0.904,False
35,Ontario,2022,325920,Explosives Manufacturing,primary,5.814,>=$5M,3,8.7,26.0,0.253,0.411,0.357,False
35,Ontario,2022,331110,Iron and Steel Mills and Ferroalloy Manufacturing,secondary,4220.54,>=$5M,197,19.3,3800.0,1.036,0.855,1.07,False
35,Ontario,2022,332994,"Small Arms, Ordnance, and Ordnance Accessories Man",primary,,<$5M,<2,,,,,,True
35,Ontario,2022,333310,Commercial and Service Industry Machinery Manufact,primary,1731.515,>=$5M,417,13.6,5662.0,1.364,1.162,1.427,False
35,Ontario,2022,334511,"Search, Detection, Navigation, Guidance, Aeronauti",primary,350.224,>=$5M,35,26.1,914.0,0.778,1.032,0.79,False
35,Ontario,2022,334610,Manufacturing and Reproducing Magnetic and Optical,secondary,459.347,>=$5M,76,18.3,1390.0,1.236,0.983,1.357,False
35,Ontario,2022,336411,Aircraft Manufacturing,primary,777.425,>=$5M,25,51.2,1280.0,1.265,1.008,1.116,False
35,Ontario,2022,336611,Ship Building and Repairing,secondary,88.134,>=$5M,42,9.3,390.0,0.457,0.944,0.451,False
35,Ontario,2022,336612,Boat Building,secondary,133.452,>=$5M,50,13.5,674.0,0.577,0.647,0.587,False
35,Ontario,2022,336992,"Military Armored Vehicle, Tank, and Tank Component",primary,,>=$5M,<2,,,,,,True
35,Ontario,2022,336999,All Other Transportation Equipment Manufacturing,primary,11.84,>=$5M,4,10.0,40.0,0.3,0.997,0.295,False
35,Ontario,2022,541330,Engineering Services,secondary,8136.428,>=$5M,3441,9.6,33124.0,0.903,0.98,0.893,False
35,Ontario,2022,541370,Surveying and Mapping (except Geophysical) Service,secondary,568.743,>=$5M,469,8.1,3803.0,0.582,0.587,0.593,False
35,Ontario,2022,541511,Custom Computer Programming Services,secondary,1618.207,>=$5M,813,9.6,7781.0,1.043,1.048,1.063,False
35,Ontario,2022,ALL,All,all,18172.695,>=$5M,5574,10.6,58973.0,0.954,0.937,0.917,False
35,Ontario,2022,PRIMARY,Primary,primary,2947.844,>=$5M,486,16.5,8011.0,1.167,1.123,1.182,False
35,Ontario,2022,SECONDARY,Secondary,secondary,15224.851,>=$5M,5088,10.0,50962.0,0.921,0.922,0.886,False
35,Ontario,2023,331110,Iron and Steel Mills and Ferroalloy Manufacturing,secondary,3544.058,>=$5M,193,18.2,3516.0,1.013,0.832,1.024,False
35,Ontario,2023,332994,"Small Arms, Ordnance, and Ordnance Accessories Man",primary,15.894,>=$5M,2,52.0,104.0,2.696,2.669,2.7,False
35,Ontario,2023,333310,Commercial and Service Industry Machinery Manufact,primary,1577.099,>=$5M,428,13.5,5770.0,1.372,1.147,1.394,False
35,Ontario,2023,334511,"Search, Detection, Navigation, Guidance, Aeronauti",primary,737.2,>=$5M,41,32.0,1314.0,1.253,1.117,0.95,False
35,Ontario,2023,334610,Manufacturing and Reproducing Magnetic and Optical,secondary,458.937,>=$5M,79,17.6,1392.0,1.308,0.981,1.403,False
35,Ontario,2023,336411,Aircraft Manufacturing,primary,478.922,>=$5M,29,27.8,805.0,1.496,1.09,1.252,False
35,Ontario,2023,336611,Ship Building and Repairing,secondary,83.142,>=$5M,43,9.8,423.0,0.362,0.933,0.463,False
35,Ontario,2023,336612,Boat Building,secondary,117.224,>=$5M,50,13.5,674.0,0.55,0.627,0.585,False
35,Ontario,2023,336992,"Military Armored Vehicle, Tank, and Tank Component",primary,74.557,>=$5M,4,29.2,117.0,1.363,1.186,1.344,False
35,Ontario,2023,336999,All Other Transportation Equipment Manufacturing,primary,11.508,>=$5M,4,10.0,40.0,0.282,0.821,0.282,False
35,Ontario,2023,541330,Engineering Services,secondary,7277.767,>=$5M,3373,8.9,29985.0,0.951,0.974,0.924,False
35,Ontario,2023,541370,Surveying and Mapping (except Geophysical) Service,secondary,521.241,>=$5M,467,8.1,3765.0,0.588,0.57,0.592,False
35,Ontario,2023,541511,Custom Computer Programming Services,secondary,1627.218,>=$5M,814,9.7,7871.0,1.06,1.022,1.062,False
35,Ontario,2023,ALL,All,all,16524.767,>=$5M,5527,10.1,55776.0,0.99,0.926,0.936,False
35,Ontario,2023,PRIMARY,Primary,primary,2895.18,>=$5M,508,16.0,8150.0,1.314,1.127,1.217,False
35,Ontario,2023,SECONDARY,Secondary,secondary,13629.587,>=$5M,5019,9.5,47626.0,0.94,0.909,0.901,False
35,Ontario,2024,331110,Iron and Steel Mills and Ferroalloy Manufacturing,secondary,2575.662,>=$5M,196,20.9,4090.0,0.881,0.885,0.941,False
35,Ontario,2024,332992,Small Arms Ammunition Manufacturing,primary,15.408,>=$5M,3,31.3,94.0,0.363,1.346,0.343,False
35,Ontario,2024,332993,Ammunition (except Small Arms) Manufacturing,primary,,>=$5M,<2,,,,,,True
35,Ontario,2024,332994,"Small Arms, Ordnance, and Ordnance Accessories Man",primary,28.461,>=$5M,4,49.8,199.0,2.194,2.153,2.3,False
35,Ontario,2024,333310,Commercial and Service Industry Machinery Manufact,primary,1121.608,>=$5M,430,15.3,6558.0,1.315,1.171,1.392,False
35,Ontario,2024,334511,"Search, Detection, Navigation, Guidance, Aeronauti",primary,466.805,>=$5M,47,42.7,2008.0,0.923,1.1,0.974,False
35,Ontario,2024,334610,Manufacturing and Reproducing Magnetic and Optical,secondary,347.075,>=$5M,81,18.1,1469.0,1.167,1.023,1.465,False
35,Ontario,2024,336411,Aircraft Manufacturing,primary,613.053,>=$5M,31,41.0,1272.0,1.273,1.056,1.336,False
35,Ontario,2024,336414,Guided Missile and Space Vehicle Manufacturing,primary,,>=$5M,<2,,,,,,True
35,Ontario,2024,336611,Ship Building and Repairing,secondary,218.098,>=$5M,41,19.1,784.0,0.524,0.927,0.554,False
35,Ontario,2024,336612,Boat Building,secondary,146.929,>=$5M,48,21.2,1016.0,0.593,0.643,0.626,False
35,Ontario,2024,336992,"Military Armored Vehicle, Tank, and Tank Component",primary,208.226,>=$5M,10,41.6,416.0,1.739,1.794,1.828,False
35,Ontario,2024,336999,All Other Transportation Equipment Manufacturing,primary,9.644,>=$5M,5,8.4,42.0,0.245,0.708,0.257,False
35,Ontario,2024,541330,Engineering Services,secondary,9769.573,>=$5M,3460,14.5,50064.0,0.921,0.974,0.964,False
35,Ontario,2024,541370,Surveying and Mapping (except Geophysical) Service,secondary,327.159,>=$5M,441,7.5,3309.0,0.628,0.556,0.659,False
35,Ontario,2024,541511,Custom Computer Programming Services,secondary,1913.688,>=$5M,1012,12.6,12703.0,1.048,1.078,1.1,False
35,Ontario,2024,ALL,All,all,17779.401,>=$5M,5811,14.5,84110.0,0.936,0.942,0.983,False
35,Ontario,2024,PRIMARY,Primary,primary,2481.217,>=$5M,532,20.1,10675.0,1.198,1.155,1.249,False
35,Ontario,2024,SECONDARY,Secondary,secondary,15298.184,>=$5M,5279,13.9,73435.0,0.903,0.925,0.953,False
35,Ontario,2025,331110,Iron and Steel Mills and Ferroalloy Manufacturing,secondary,2578.641,>=$5M,195,20.7,4030.0,0.91,0.881,0.958,False
35,Ontario,2025,332992,Small Arms Ammunition Manufacturing,primary,20.641,>=$5M,4,35.5,142.0,0.471,1.53,0.493,False
35,Ontario,2025,332993,Ammunition (except Small Arms) Manufacturing,primary,,>=$5M,<2,,,,,,True
35,Ontario,2025,332994,"Small Arms, Ordnance, and Ordnance Accessories Man",primary,27.135,>=$5M,4,47.5,190.0,1.499,1.53,1.582,False
35,Ontario,2025,333310,Commercial and Service Industry Machinery Manufact,primary,1142.012,>=$5M,437,15.3,6701.0,1.303,1.161,1.386,False
35,Ontario,2025,334511,"Search, Detection, Navigation, Guidance, Aeronauti",primary,448.718,>=$5M,48,39.4,1891.0,0.913,1.099,0.956,False
35,Ontario,2025,334610,Manufacturing and Reproducing Magnetic and Optical,secondary,361.302,>=$5M,84,17.9,1503.0,1.207,1.041,1.492,False
35,Ontario,2025,336411,Aircraft Manufacturing,primary,581.727,>=$5M,31,38.6,1196.0,1.249,1.038,1.302,False
35,Ontario,2025,336414,Guided Missile and Space Vehicle Manufacturing,primary,,>=$5M,<2,,,,,,True
35,Ontario,2025,336611,Ship Building and Repairing,secondary,226.166,>=$5M,41,19.8,813.0,0.545,0.915,0.568,False
35,Ontario,2025,336612,Boat Building,secondary,161.677,>=$5M,50,22.4,1118.0,0.651,0.66,0.683,False
35,Ontario,2025,336992,"Military Armored Vehicle, Tank, and Tank Component",primary,184.143,>=$5M,9,40.8,367.0,1.746,1.722,1.83,False
35,Ontario,2025,336999,All Other Transportation Equipment Manufacturing,primary,10.333,>=$5M,6,7.5,45.0,0.257,0.699,0.269,False
35,Ontario,2025,541330,Engineering Services,secondary,9746.552,>=$5M,3502,14.3,50138.0,0.919,0.967,0.963,False
35,Ontario,2025,541370,Surveying and Mapping (except Geophysical) Service,secondary,341.515,>=$5M,453,7.6,3441.0,0.632,0.561,0.659,False
35,Ontario,2025,541511,Custom Computer Programming Services,secondary,2068.731,>=$5M,1128,12.3,13841.0,1.047,1.089,1.102,False
35,Ontario,2025,ALL,All,all,17930.965,>=$5M,5994,14.3,85578.0,0.94,0.942,0.985,False
35,Ontario,2025,PRIMARY,Primary,primary,2446.381,>=$5M,541,19.8,10694.0,1.184,1.141,1.239,False
35,Ontario,2025,SECONDARY,Secondary,secondary,15484.584,>=$5M,5453,13.7,74884.0,0.91,0.926,0.957,False
11,Prince Edward Island / Île-du-Prince-Édouard,2017,331110,Iron & Steel Mills & Ferroalloy Manufacturing,secondary,22.78,>=$5M,5,4.0,20.0,0.37,1.393,0.278,False
11,Prince Edward Island / Île-du-Prince-Édouard,2017,334511,Search Detection & Navigation Instruments,primary,,>=$5M,<2,,,,,,True
11,Prince Edward Island / Île-du-Prince-Édouard,2017,336612,Boat Building,secondary,8.118,>=$5M,6,6.8,41.0,2.621,4.676,2.014,False
11,Prince Edward Island / Île-du-Prince-Édouard,2017,541330,Engineering Services,secondary,33.264,>=$5M,33,4.4,144.0,0.376,0.808,0.288,False
11,Prince Edward Island / Île-du-Prince-Édouard,2017,541370,Surveying & Mapping (except Geophysical) Services,secondary,4.263,<$5M,7,4.1,29.0,0.346,0.614,0.265,False
11,Prince Edward Island / Île-du-Prince-Édouard,2017,541511,Custom Computer Programming Services,secondary,26.082,>=$5M,3,42.0,126.0,1.468,0.297,1.125,False
11,Prince Edward Island / Île-du-Prince-Édouard,2017,ALL,All,all,103.04,>=$5M,55,7.0,383.0,0.516,0.8,0.441,False
11,Prince Edward Island / Île-du-Prince-Édouard,2017,PRIMARY,Primary,primary,,>=$5M,<2,,,,,,True
11,Prince Edward Island / Île-du-Prince-Édouard,2017,SECONDARY,Secondary,secondary,94.507,>=$5M,54,6.7,360.0,0.504,0.795,0.433,False
11,Prince Edward Island / Île-du-Prince-Édouard,2018,331110,Iron & Steel Mills & Ferroalloy Manufacturing,secondary,22.78,>=$5M,5,4.0,20.0,0.352,1.379,0.27,False
11,Prince Edward Island / Île-du-Prince-Édouard,2018,334511,Search Detection & Navigation Instruments,primary,,>=$5M,<2,,,,,,True
11,Prince Edward Island / Île-du-Prince-Édouard,2018,336612,Boat Building,secondary,8.118,>=$5M,6,6.8,41.0,2.539,4.788,1.986,False
11,Prince Edward Island / Île-du-Prince-Édouard,2018,541330,Engineering Services,secondary,33.264,>=$5M,33,4.4,144.0,0.329,0.774,0.257,False
11,Prince Edward Island / Île-du-Prince-Édouard,2018,541370,Surveying & Mapping (except Geophysical) Services,secondary,5.733,>=$5M,8,4.9,39.0,0.444,0.695,0.347,False
11,Prince Edward Island / Île-du-Prince-Édouard,2018,541511,Custom Computer Programming Services,secondary,20.7,>=$5M,2,50.0,100.0,1.118,0.198,0.873,False
11,Prince Edward Island / Île-du-Prince-Édouard,2018,ALL,All,all,99.128,>=$5M,55,6.7,367.0,0.455,0.777,0.391,False
11,Prince Edward Island / Île-du-Prince-Édouard,2018,PRIMARY,Primary,primary,,>=$5M,<2,,,,,,True
11,Prince Edward Island / Île-du-Prince-Édouard,2018,SECONDARY,Secondary,secondary,90.595,>=$5M,54,6.4,344.0,0.442,0.772,0.382,False
11,Prince Edward Island / Île-du-Prince-Édouard,2019,331110,Iron & Steel Mills & Ferroalloy Manufacturing,secondary,22.78,>=$5M,5,4.0,20.0,0.367,1.393,0.281,False
11,Prince Edward Island / Île-du-Prince-Édouard,2019,334511,Search Detection & Navigation Instruments,primary,,>=$5M,<2,,,,,,True
11,Prince Edward Island / Île-du-Prince-Édouard,2019,336611,Ship Building & Repairing,secondary,,>=$5M,<2,,,,,,True
11,Prince Edward Island / Île-du-Prince-Édouard,2019,336612,Boat Building,secondary,8.118,>=$5M,6,6.8,41.0,2.775,5.008,2.168,False
11,Prince Edward Island / Île-du-Prince-Édouard,2019,541330,Engineering Services,secondary,37.653,>=$5M,39,4.2,163.0,0.301,0.807,0.235,False
11,Prince Edward Island / Île-du-Prince-Édouard,2019,541370,Surveying & Mapping (except Geophysical) Services,secondary,7.938,>=$5M,10,5.4,54.0,0.642,0.853,0.501,False
11,Prince Edward Island / Île-du-Prince-Édouard,2019,541511,Custom Computer Programming Services,secondary,21.528,>=$5M,3,34.7,104.0,1.08,0.268,0.842,False
11,Prince Edward Island / Île-du-Prince-Édouard,2019,ALL,All,all,128.75,>=$5M,65,7.8,505.0,0.521,0.834,0.463,False
11,Prince Edward Island / Île-du-Prince-Édouard,2019,PRIMARY,Primary,primary,,>=$5M,<2,,,,,,True
11,Prince Edward Island / Île-du-Prince-Édouard,2019,SECONDARY,Secondary,secondary,120.217,>=$5M,64,7.5,482.0,0.53,0.833,0.466,False
11,Prince Edward Island / Île-du-Prince-Édouard,2020,331110,Iron & Steel Mills & Ferroalloy Manufacturing,secondary,22.78,>=$5M,5,4.0,20.0,0.321,1.424,0.244,False
11,Prince Edward Island / Île-du-Prince-Édouard,2020,334511,Search Detection & Navigation Instruments,primary,,>=$5M,<2,,,,,,True
11,Prince Edward Island / Île-du-Prince-Édouard,2020,336611,Ship Building & Repairing,secondary,,>=$5M,<2,,,,,,True
11,Prince Edward Island / Île-du-Prince-Édouard,2020,336612,Boat Building,secondary,8.118,>=$5M,6,6.8,41.0,2.69,5.119,2.092,False
11,Prince Edward Island / Île-du-Prince-Édouard,2020,541330,Engineering Services,secondary,37.422,>=$5M,38,4.3,162.0,0.22,0.793,0.171,False
11,Prince Edward Island / Île-du-Prince-Édouard,2020,541370,Surveying & Mapping (except Geophysical) Services,secondary,7.938,>=$5M,10,5.4,54.0,0.631,0.85,0.491,False
11,Prince Edward Island / Île-du-Prince-Édouard,2020,541511,Custom Computer Programming Services,secondary,1.863,<$5M,2,4.5,9.0,0.093,0.177,0.072,False
11,Prince Edward Island / Île-du-Prince-Édouard,2020,ALL,All,all,108.854,>=$5M,63,6.5,409.0,0.363,0.813,0.301,False
11,Prince Edward Island / Île-du-Prince-Édouard,2020,PRIMARY,Primary,primary,,>=$5M,<2,,,,,,True
11,Prince Edward Island / Île-du-Prince-Édouard,2020,SECONDARY,Secondary,secondary,100.321,>=$5M,62,6.2,386.0,0.357,0.812,0.296,False
11,Prince Edward Island / Île-du-Prince-Édouard,2021,331110,Iron and Steel Mills and Ferroalloy Manufacturing,secondary,22.78,>=$5M,5,4.0,20.0,0.352,1.467,0.267,False
11,Prince Edward Island / Île-du-Prince-Édouard,2021,334511,"Search, Detection, Navigation, Guidance, Aeronauti",primary,,>=$5M,<2,,,,,,True
11,Prince Edward Island / Île-du-Prince-Édouard,2021,336612,Boat Building,secondary,8.118,>=$5M,6,6.8,41.0,2.661,5.157,2.06,False
11,Prince Edward Island / Île-du-Prince-Édouard,2021,541330,Engineering Services,secondary,37.422,>=$5M,38,4.3,162.0,0.334,0.809,0.256,False
11,Prince Edward Island / Île-du-Prince-Édouard,2021,541370,Surveying and Mapping (except Geophysical) Service,secondary,7.203,>=$5M,9,5.4,49.0,0.574,0.768,0.445,False
11,Prince Edward Island / Île-du-Prince-Édouard,2021,541511,Custom Computer Programming Services,secondary,1.863,<$5M,2,4.5,9.0,0.091,0.175,0.07,False
11,Prince Edward Island / Île-du-Prince-Édouard,2021,ALL,All,all,85.919,>=$5M,61,5.0,304.0,0.364,0.797,0.293,False
11,Prince Edward Island / Île-du-Prince-Édouard,2021,PRIMARY,Primary,primary,,>=$5M,<2,,,,,,True
11,Prince Edward Island / Île-du-Prince-Édouard,2021,SECONDARY,Secondary,secondary,77.386,>=$5M,60,4.7,281.0,0.356,0.796,0.285,False
11,Prince Edward Island / Île-du-Prince-Édouard,2022,331110,Iron and Steel Mills and Ferroalloy Manufacturing,secondary,22.78,>=$5M,5,4.0,20.0,0.446,1.514,0.36,False
11,Prince Edward Island / Île-du-Prince-Édouard,2022,333310,Commercial and Service Industry Machinery Manufact,primary,4.891,<$5M,4,2.8,11.0,0.307,0.778,0.177,False
11,Prince Edward Island / Île-du-Prince-Édouard,2022,334511,"Search, Detection, Navigation, Guidance, Aeronauti",primary,,>=$5M,<2,,,,,,True
11,Prince Edward Island / Île-du-Prince-Édouard,2022,336612,Boat Building,secondary,8.118,>=$5M,6,6.8,41.0,2.797,5.416,2.283,False
11,Prince Edward Island / Île-du-Prince-Édouard,2022,541330,Engineering Services,secondary,39.27,>=$5M,39,4.2,163.0,0.348,0.775,0.281,False
11,Prince Edward Island / Île-du-Prince-Édouard,2022,541370,Surveying and Mapping (except Geophysical) Service,secondary,7.203,>=$5M,9,5.4,49.0,0.588,0.786,0.488,False
11,Prince Edward Island / Île-du-Prince-Édouard,2022,541511,Custom Computer Programming Services,secondary,1.863,<$5M,2,4.5,9.0,0.096,0.18,0.079,False
11,Prince Edward Island / Île-du-Prince-Édouard,2022,ALL,All,all,92.658,>=$5M,66,4.6,301.0,0.388,0.774,0.299,False
11,Prince Edward Island / Île-du-Prince-Édouard,2022,PRIMARY,Primary,primary,13.424,>=$5M,5,3.8,19.0,0.424,0.806,0.179,False
11,Prince Edward Island / Île-du-Prince-Édouard,2022,SECONDARY,Secondary,secondary,79.234,>=$5M,61,4.6,282.0,0.382,0.772,0.313,False
11,Prince Edward Island / Île-du-Prince-Édouard,2023,331110,Iron and Steel Mills and Ferroalloy Manufacturing,secondary,21.792,>=$5M,5,4.0,20.0,0.494,1.594,0.37,False
11,Prince Edward Island / Île-du-Prince-Édouard,2023,333310,Commercial and Service Industry Machinery Manufact,primary,4.891,<$5M,4,2.8,11.0,0.337,0.792,0.169,False
11,Prince Edward Island / Île-du-Prince-Édouard,2023,336612,Boat Building,secondary,6.625,>=$5M,6,6.8,41.0,2.462,5.558,2.261,False
11,Prince Edward Island / Île-du-Prince-Édouard,2023,541330,Engineering Services,secondary,36.84,>=$5M,36,4.4,157.0,0.381,0.768,0.307,False
11,Prince Edward Island / Île-du-Prince-Édouard,2023,541370,Surveying and Mapping (except Geophysical) Service,secondary,6.767,>=$5M,9,5.4,49.0,0.604,0.812,0.49,False
11,Prince Edward Island / Île-du-Prince-Édouard,2023,541511,Custom Computer Programming Services,secondary,1.634,<$5M,2,4.5,9.0,0.084,0.186,0.077,False
11,Prince Edward Island / Île-du-Prince-Édouard,2023,ALL,All,all,78.549,>=$5M,62,4.6,287.0,0.373,0.768,0.306,False
11,Prince Edward Island / Île-du-Prince-Édouard,2023,PRIMARY,Primary,primary,4.891,<$5M,4,2.8,11.0,0.176,0.656,0.104,False
11,Prince Edward Island / Île-du-Prince-Édouard,2023,SECONDARY,Secondary,secondary,73.658,>=$5M,58,4.8,276.0,0.403,0.777,0.332,False
11,Prince Edward Island / Île-du-Prince-Édouard,2024,331110,Iron and Steel Mills and Ferroalloy Manufacturing,secondary,40.592,>=$5M,6,10.5,63.0,1.289,2.032,0.963,False
11,Prince Edward Island / Île-du-Prince-Édouard,2024,333310,Commercial and Service Industry Machinery Manufact,primary,1.41,<$5M,3,2.7,8.0,0.153,0.613,0.113,False
11,Prince Edward Island / Île-du-Prince-Édouard,2024,336612,Boat Building,secondary,4.774,<$5M,5,6.6,33.0,1.789,5.022,1.35,False
11,Prince Edward Island / Île-du-Prince-Édouard,2024,541330,Engineering Services,secondary,45.036,>=$5M,33,6.9,227.0,0.394,0.697,0.29,False
11,Prince Edward Island / Île-du-Prince-Édouard,2024,541370,Surveying and Mapping (except Geophysical) Service,secondary,4.04,<$5M,11,3.7,41.0,0.72,1.04,0.543,False
11,Prince Edward Island / Île-du-Prince-Édouard,2024,541511,Custom Computer Programming Services,secondary,8.828,>=$5M,4,12.0,48.0,0.449,0.32,0.276,False
11,Prince Edward Island / Île-du-Prince-Édouard,2024,ALL,All,all,104.68,>=$5M,62,6.8,420.0,0.511,0.754,0.326,False
11,Prince Edward Island / Île-du-Prince-Édouard,2024,PRIMARY,Primary,primary,1.41,<$5M,3,2.7,8.0,0.063,0.488,0.062,False
11,Prince Edward Island / Île-du-Prince-Édouard,2024,SECONDARY,Secondary,secondary,103.27,>=$5M,59,7.0,412.0,0.566,0.776,0.355,False
11,Prince Edward Island / Île-du-Prince-Édouard,2025,331110,Iron and Steel Mills and Ferroalloy Manufacturing,secondary,40.592,>=$5M,6,10.5,63.0,1.312,2.064,0.976,False
11,Prince Edward Island / Île-du-Prince-Édouard,2025,333310,Commercial and Service Industry Machinery Manufact,primary,1.41,<$5M,3,2.7,8.0,0.147,0.607,0.108,False
11,Prince Edward Island / Île-du-Prince-Édouard,2025,336612,Boat Building,secondary,4.774,<$5M,5,6.6,33.0,1.761,5.024,1.315,False
11,Prince Edward Island / Île-du-Prince-Édouard,2025,541330,Engineering Services,secondary,46.01,>=$5M,34,6.9,236.0,0.397,0.715,0.295,False
11,Prince Edward Island / Île-du-Prince-Édouard,2025,541370,Surveying and Mapping (except Geophysical) Service,secondary,4.139,<$5M,11,3.8,42.0,0.701,1.038,0.524,False
11,Prince Edward Island / Île-du-Prince-Édouard,2025,541511,Custom Computer Programming Services,secondary,9.127,>=$5M,4,15.2,61.0,0.423,0.294,0.317,False
11,Prince Edward Island / Île-du-Prince-Édouard,2025,ALL,All,all,106.052,>=$5M,63,7.0,443.0,0.509,0.754,0.332,False
11,Prince Edward Island / Île-du-Prince-Édouard,2025,PRIMARY,Primary,primary,1.41,<$5M,3,2.7,8.0,0.062,0.482,0.06,False
11,Prince Edward Island / Île-du-Prince-Édouard,2025,SECONDARY,Secondary,secondary,104.642,>=$5M,60,7.2,435.0,0.563,0.776,0.362,False
24,Quebec / Québec,2017,325920,Explosives Manufacturing,primary,6.137,>=$5M,4,4.8,19.0,0.61,1.563,0.609,False
24,Quebec / Québec,2017,331110,Iron & Steel Mills & Ferroalloy Manufacturing,secondary,4501.571,>=$5M,282,14.1,3990.0,1.569,1.952,1.55,False
24,Quebec / Québec,2017,332992,Small Arms Ammunition Manufacturing,primary,,>=$5M,<2,,,,,,True
24,Quebec / Québec,2017,333314,Optical Instrument & Lens Manufacturing,secondary,5.434,>=$5M,6,3.2,19.0,0.847,1.433,0.846,False
24,Quebec / Québec,2017,334511,Search Detection & Navigation Instruments,primary,487.494,>=$5M,9,146.0,1314.0,2.185,0.679,2.18,False
24,Quebec / Québec,2017,336411,Aircraft Manufacturing,primary,162.14,>=$5M,18,14.9,268.0,0.7,1.334,0.699,False
24,Quebec / Québec,2017,336611,Ship Building & Repairing,secondary,268.842,>=$5M,7,173.0,1211.0,2.241,0.264,2.236,False
24,Quebec / Québec,2017,336612,Boat Building,secondary,63.028,>=$5M,22,14.3,314.0,0.437,0.426,0.431,False
24,Quebec / Québec,2017,336999,All Other Transportation Equipment Manufacturing,primary,,>=$5M,<2,,,,,,True
24,Quebec / Québec,2017,541330,Engineering Services,secondary,3238.613,>=$5M,1208,11.6,14022.0,0.785,0.735,0.783,False
24,Quebec / Québec,2017,541370,Surveying & Mapping (except Geophysical) Services,secondary,801.297,>=$5M,668,8.2,5451.0,1.395,1.456,1.392,False
24,Quebec / Québec,2017,541511,Custom Computer Programming Services,secondary,665.459,>=$5M,273,11.8,3235.0,0.804,0.673,0.807,False
24,Quebec / Québec,2017,ALL,All,all,10464.615,>=$5M,2499,12.3,30743.0,1.124,0.903,0.989,False
24,Quebec / Québec,2017,PRIMARY,Primary,primary,920.371,>=$5M,33,75.8,2501.0,1.621,1.021,1.951,False
24,Quebec / Québec,2017,SECONDARY,Secondary,secondary,9544.244,>=$5M,2466,11.5,28242.0,1.092,0.902,0.948,False
24,Quebec / Québec,2018,325920,Explosives Manufacturing,primary,6.137,>=$5M,4,4.8,19.0,0.597,1.339,0.598,False
24,Quebec / Québec,2018,331110,Iron & Steel Mills & Ferroalloy Manufacturing,secondary,4541.436,>=$5M,288,14.0,4025.0,1.572,1.995,1.558,False
24,Quebec / Québec,2018,332992,Small Arms Ammunition Manufacturing,primary,,>=$5M,<2,,,,,,True
24,Quebec / Québec,2018,333314,Optical Instrument & Lens Manufacturing,secondary,5.434,>=$5M,6,3.2,19.0,0.83,1.45,0.832,False
24,Quebec / Québec,2018,334511,Search Detection & Navigation Instruments,primary,496.027,>=$5M,10,133.7,1337.0,2.12,0.691,2.125,False
24,Quebec / Québec,2018,336411,Aircraft Manufacturing,primary,162.14,>=$5M,18,14.9,268.0,0.698,1.327,0.7,False
24,Quebec / Québec,2018,336611,Ship Building & Repairing,secondary,268.842,>=$5M,7,173.0,1211.0,2.28,0.27,2.286,False
24,Quebec / Québec,2018,336612,Boat Building,secondary,63.028,>=$5M,22,14.3,314.0,0.441,0.441,0.437,False
24,Quebec / Québec,2018,336999,All Other Transportation Equipment Manufacturing,primary,,>=$5M,<2,,,,,,True
24,Quebec / Québec,2018,541330,Engineering Services,secondary,3539.04,>=$5M,1248,12.3,15324.0,0.784,0.735,0.785,False
24,Quebec / Québec,2018,541370,Surveying & Mapping (except Geophysical) Services,secondary,814.674,>=$5M,678,8.2,5542.0,1.413,1.48,1.416,False
24,Quebec / Québec,2018,541511,Custom Computer Programming Services,secondary,719.693,>=$5M,282,12.4,3497.0,0.871,0.701,0.877,False
24,Quebec / Québec,2018,ALL,All,all,10881.051,>=$5M,2565,12.7,32456.0,1.118,0.911,0.993,False
24,Quebec / Québec,2018,PRIMARY,Primary,primary,928.904,>=$5M,34,74.2,2524.0,1.603,0.993,1.931,False
24,Quebec / Québec,2018,SECONDARY,Secondary,secondary,9952.147,>=$5M,2531,11.8,29932.0,1.088,0.91,0.954,False
24,Quebec / Québec,2019,325920,Explosives Manufacturing,primary,10.013,>=$5M,6,5.2,31.0,0.622,1.097,0.619,False
24,Quebec / Québec,2019,331110,Iron & Steel Mills & Ferroalloy Manufacturing,secondary,4843.271,>=$5M,295,14.5,4290.0,1.626,2.0,1.598,False
24,Quebec / Québec,2019,332992,Small Arms Ammunition Manufacturing,primary,318.198,>=$5M,4,271.5,1086.0,4.312,3.51,4.286,False
24,Quebec / Québec,2019,333314,Optical Instrument & Lens Manufacturing,secondary,4.862,<$5M,5,3.4,17.0,0.772,1.29,0.768,False
24,Quebec / Québec,2019,334511,Search Detection & Navigation Instruments,primary,579.873,>=$5M,21,74.4,1563.0,2.103,1.047,2.067,False
24,Quebec / Québec,2019,336411,Aircraft Manufacturing,primary,911.735,>=$5M,21,71.8,1507.0,1.659,1.396,1.649,False
24,Quebec / Québec,2019,336611,Ship Building & Repairing,secondary,272.394,>=$5M,9,136.3,1227.0,2.099,0.324,2.086,False
24,Quebec / Québec,2019,336612,Boat Building,secondary,63.226,>=$5M,22,14.3,315.0,0.45,0.447,0.442,False
24,Quebec / Québec,2019,336999,All Other Transportation Equipment Manufacturing,primary,,>=$5M,<2,,,,,,True
24,Quebec / Québec,2019,541330,Engineering Services,secondary,5725.212,>=$5M,1538,16.1,24801.0,0.953,0.775,0.947,False
24,Quebec / Québec,2019,541370,Surveying & Mapping (except Geophysical) Services,secondary,845.544,>=$5M,715,8.0,5752.0,1.424,1.484,1.415,False
24,Quebec / Québec,2019,541511,Custom Computer Programming Services,secondary,966.023,>=$5M,318,14.7,4687.0,1.009,0.69,1.007,False
24,Quebec / Québec,2019,ALL,All,all,14629.151,>=$5M,2955,15.4,45576.0,1.233,0.923,1.109,False
24,Quebec / Québec,2019,PRIMARY,Primary,primary,1908.619,>=$5M,53,84.7,4487.0,1.956,1.18,2.141,False
24,Quebec / Québec,2019,SECONDARY,Secondary,secondary,12720.532,>=$5M,2902,14.2,41089.0,1.168,0.919,1.053,False
24,Quebec / Québec,2020,325920,Explosives Manufacturing,primary,10.659,>=$5M,7,4.7,33.0,0.635,1.186,0.631,False
24,Quebec / Québec,2020,331110,Iron & Steel Mills & Ferroalloy Manufacturing,secondary,4580.162,>=$5M,291,13.9,4059.0,1.371,2.01,1.351,False
24,Quebec / Québec,2020,332992,Small Arms Ammunition Manufacturing,primary,186.348,>=$5M,3,212.0,636.0,4.36,3.305,4.331,False
24,Quebec / Québec,2020,333314,Optical Instrument & Lens Manufacturing,secondary,4.862,<$5M,5,3.4,17.0,0.863,1.469,0.858,False
24,Quebec / Québec,2020,334511,Search Detection & Navigation Instruments,primary,579.873,>=$5M,21,74.4,1563.0,2.121,1.064,2.084,False
24,Quebec / Québec,2020,336411,Aircraft Manufacturing,primary,911.735,>=$5M,21,71.8,1507.0,1.86,1.402,1.848,False
24,Quebec / Québec,2020,336611,Ship Building & Repairing,secondary,274.17,>=$5M,10,123.5,1235.0,2.104,0.361,2.09,False
24,Quebec / Québec,2020,336612,Boat Building,secondary,64.018,>=$5M,22,14.2,313.0,0.451,0.455,0.435,False
24,Quebec / Québec,2020,336999,All Other Transportation Equipment Manufacturing,primary,,>=$5M,<2,,,,,,True
24,Quebec / Québec,2020,541330,Engineering Services,secondary,5309.516,>=$5M,1524,15.1,23080.0,0.664,0.771,0.662,False
24,Quebec / Québec,2020,541370,Surveying & Mapping (except Geophysical) Services,secondary,870.681,>=$5M,722,8.2,5890.0,1.471,1.488,1.458,False
24,Quebec / Québec,2020,541511,Custom Computer Programming Services,secondary,964.781,>=$5M,324,14.4,4671.0,1.019,0.696,1.016,False
24,Quebec / Québec,2020,ALL,All,all,13845.605,>=$5M,2951,14.7,43304.0,0.981,0.923,0.869,False
24,Quebec / Québec,2020,PRIMARY,Primary,primary,1777.415,>=$5M,53,76.2,4039.0,2.012,1.185,2.142,False
24,Quebec / Québec,2020,SECONDARY,Secondary,secondary,12068.19,>=$5M,2898,13.5,39265.0,0.912,0.92,0.819,False
24,Quebec / Québec,2021,325920,Explosives Manufacturing,primary,10.659,>=$5M,7,4.7,33.0,0.67,1.239,0.65,False
24,Quebec / Québec,2021,331110,Iron and Steel Mills and Ferroalloy Manufacturing,secondary,4468.211,>=$5M,282,14.1,3969.0,1.462,2.019,1.459,False
24,Quebec / Québec,2021,332992,Small Arms Ammunition Manufacturing,primary,177.558,>=$5M,2,303.0,606.0,4.317,2.95,4.329,False
24,Quebec / Québec,2021,333314,Optical Instrument and Lens Manufacturing,secondary,3.146,<$5M,4,2.8,11.0,0.661,1.361,0.662,False
24,Quebec / Québec,2021,334511,"Search, Detection, Navigation, Guidance, Aeronauti",primary,612.521,>=$5M,22,74.5,1639.0,2.211,1.082,2.219,False
24,Quebec / Québec,2021,336411,Aircraft Manufacturing,primary,911.735,>=$5M,21,71.8,1507.0,1.839,1.387,1.844,False
24,Quebec / Québec,2021,336611,Ship Building and Repairing,secondary,274.17,>=$5M,10,123.5,1235.0,2.26,0.372,2.266,False
24,Quebec / Québec,2021,336612,Boat Building,secondary,64.018,>=$5M,22,14.2,313.0,0.445,0.461,0.433,False
24,Quebec / Québec,2021,336999,All Other Transportation Equipment Manufacturing,primary,,>=$5M,<2,,,,,,True
24,Quebec / Québec,2021,541330,Engineering Services,secondary,4496.657,>=$5M,1505,13.3,19943.0,0.851,0.781,0.867,False
24,Quebec / Québec,2021,541370,Surveying and Mapping (except Geophysical) Service,secondary,869.652,>=$5M,716,8.2,5877.0,1.469,1.491,1.47,False
24,Quebec / Québec,2021,541511,Custom Computer Programming Services,secondary,945.737,>=$5M,323,14.2,4575.0,0.98,0.69,0.985,False
24,Quebec / Québec,2021,ALL,All,all,12922.864,>=$5M,2915,13.7,40008.0,1.161,0.929,1.064,False
24,Quebec / Québec,2021,PRIMARY,Primary,primary,1801.273,>=$5M,53,77.1,4085.0,2.018,1.161,2.178,False
24,Quebec / Québec,2021,SECONDARY,Secondary,secondary,11121.591,>=$5M,2862,12.6,35923.0,1.086,0.926,1.005,False
24,Quebec / Québec,2022,325920,Explosives Manufacturing,primary,10.013,>=$5M,6,5.2,31.0,0.689,1.321,0.669,False
24,Quebec / Québec,2022,331110,Iron and Steel Mills and Ferroalloy Manufacturing,secondary,4589.91,>=$5M,292,13.9,4064.0,1.78,2.034,1.799,False
24,Quebec / Québec,2022,332992,Small Arms Ammunition Manufacturing,primary,177.558,>=$5M,2,303.0,606.0,4.24,2.935,4.288,False
24,Quebec / Québec,2022,333310,Commercial and Service Industry Machinery Manufact,primary,904.882,>=$5M,278,10.6,2948.0,1.126,1.244,1.168,False
24,Quebec / Québec,2022,334511,"Search, Detection, Navigation, Guidance, Aeronauti",primary,612.521,>=$5M,22,74.4,1637.0,2.149,1.041,2.225,False
24,Quebec / Québec,2022,334610,Manufacturing and Reproducing Magnetic and Optical,secondary,279.499,>=$5M,66,11.3,745.0,1.188,1.371,1.143,False
24,Quebec / Québec,2022,336411,Aircraft Manufacturing,primary,415.03,>=$5M,20,54.7,1094.0,1.066,1.295,1.499,False
24,Quebec / Québec,2022,336611,Ship Building and Repairing,secondary,274.17,>=$5M,10,123.5,1235.0,2.243,0.361,2.247,False
24,Quebec / Québec,2022,336612,Boat Building,secondary,64.018,>=$5M,22,14.2,313.0,0.437,0.457,0.429,False
24,Quebec / Québec,2022,336999,All Other Transportation Equipment Manufacturing,primary,,>=$5M,<2,,,,,,True
24,Quebec / Québec,2022,541330,Engineering Services,secondary,4883.098,>=$5M,1705,12.0,20497.0,0.856,0.78,0.869,False
24,Quebec / Québec,2022,541370,Surveying and Mapping (except Geophysical) Service,secondary,883.617,>=$5M,735,8.0,5900.0,1.428,1.477,1.446,False
24,Quebec / Québec,2022,541511,Custom Computer Programming Services,secondary,961.645,>=$5M,331,14.0,4640.0,0.979,0.685,0.997,False
24,Quebec / Québec,2022,ALL,All,all,14144.761,>=$5M,3490,12.6,44010.0,1.173,0.942,1.076,False
24,Quebec / Québec,2022,PRIMARY,Primary,primary,2208.804,>=$5M,329,20.1,6616.0,1.381,1.22,1.534,False
24,Quebec / Québec,2022,SECONDARY,Secondary,secondary,11935.957,>=$5M,3161,11.8,37394.0,1.141,0.92,1.022,False
24,Quebec / Québec,2023,325920,Explosives Manufacturing,primary,5.491,>=$5M,3,5.7,17.0,0.785,1.215,0.665,False
24,Quebec / Québec,2023,331110,Iron and Steel Mills and Ferroalloy Manufacturing,secondary,4059.087,>=$5M,290,14.1,4081.0,1.8,2.087,1.912,False
24,Quebec / Québec,2023,332992,Small Arms Ammunition Manufacturing,primary,,>=$5M,<2,,,,,,True
24,Quebec / Québec,2023,333310,Commercial and Service Industry Machinery Manufact,primary,829.552,>=$5M,276,11.2,3080.0,1.119,1.234,1.197,False
24,Quebec / Québec,2023,334511,"Search, Detection, Navigation, Guidance, Aeronauti",primary,583.53,>=$5M,20,79.8,1597.0,1.538,0.909,1.858,False
24,Quebec / Québec,2023,334610,Manufacturing and Reproducing Magnetic and Optical,secondary,267.072,>=$5M,66,10.9,717.0,1.18,1.367,1.163,False
24,Quebec / Québec,2023,336411,Aircraft Manufacturing,primary,174.111,>=$5M,19,19.4,368.0,0.843,1.192,0.921,False
24,Quebec / Québec,2023,336611,Ship Building and Repairing,secondary,370.472,>=$5M,11,120.5,1325.0,2.5,0.398,2.332,False
24,Quebec / Québec,2023,336612,Boat Building,secondary,61.819,>=$5M,23,14.3,328.0,0.45,0.481,0.458,False
24,Quebec / Québec,2023,336999,All Other Transportation Equipment Manufacturing,primary,,>=$5M,<2,,,,,,True
24,Quebec / Québec,2023,541330,Engineering Services,secondary,3756.654,>=$5M,1560,10.3,16053.0,0.761,0.751,0.796,False
24,Quebec / Québec,2023,541370,Surveying and Mapping (except Geophysical) Service,secondary,791.847,>=$5M,733,7.8,5753.0,1.384,1.494,1.456,False
24,Quebec / Québec,2023,541511,Custom Computer Programming Services,secondary,971.595,>=$5M,342,13.7,4694.0,0.982,0.717,1.019,False
24,Quebec / Québec,2023,ALL,All,all,12047.241,>=$5M,3345,11.6,38913.0,1.119,0.935,1.051,False
24,Quebec / Québec,2023,PRIMARY,Primary,primary,1768.695,>=$5M,320,18.6,5962.0,1.245,1.185,1.432,False
24,Quebec / Québec,2023,SECONDARY,Secondary,secondary,10278.546,>=$5M,3025,10.9,32951.0,1.1,0.915,1.003,False
24,Quebec / Québec,2024,325920,Explosives Manufacturing,primary,5.275,>=$5M,3,8.3,25.0,0.912,1.386,0.955,False
24,Quebec / Québec,2024,331110,Iron and Steel Mills and Ferroalloy Manufacturing,secondary,3468.635,>=$5M,271,20.0,5413.0,1.835,2.101,1.921,False
24,Quebec / Québec,2024,332992,Small Arms Ammunition Manufacturing,primary,95.642,>=$5M,2,329.0,658.0,3.484,1.54,3.707,False
24,Quebec / Québec,2024,333310,Commercial and Service Industry Machinery Manufact,primary,613.534,>=$5M,277,12.5,3465.0,1.112,1.295,1.134,False
24,Quebec / Québec,2024,334511,"Search, Detection, Navigation, Guidance, Aeronauti",primary,532.337,>=$5M,26,87.2,2266.0,1.628,1.044,1.696,False
24,Quebec / Québec,2024,334610,Manufacturing and Reproducing Magnetic and Optical,secondary,261.134,>=$5M,61,13.0,796.0,1.358,1.323,1.224,False
24,Quebec / Québec,2024,336411,Aircraft Manufacturing,primary,319.062,>=$5M,25,26.5,662.0,1.024,1.462,1.073,False
24,Quebec / Québec,2024,336611,Ship Building and Repairing,secondary,415.02,>=$5M,11,135.4,1489.0,1.543,0.427,1.623,False
24,Quebec / Québec,2024,336612,Boat Building,secondary,91.551,>=$5M,22,28.6,630.0,0.571,0.506,0.598,False
24,Quebec / Québec,2024,336999,All Other Transportation Equipment Manufacturing,primary,69.328,>=$5M,2,151.0,302.0,2.718,0.486,2.847,False
24,Quebec / Québec,2024,541330,Engineering Services,secondary,5822.876,>=$5M,1630,18.4,29974.0,0.849,0.788,0.89,False
24,Quebec / Québec,2024,541370,Surveying and Mapping (except Geophysical) Service,secondary,442.404,>=$5M,724,6.2,4475.0,1.313,1.566,1.375,False
24,Quebec / Québec,2024,541511,Custom Computer Programming Services,secondary,1278.611,>=$5M,449,18.8,8430.0,1.082,0.821,1.126,False
24,Quebec / Québec,2024,ALL,All,all,13415.409,>=$5M,3503,16.7,58585.0,1.091,0.975,1.056,False
24,Quebec / Québec,2024,PRIMARY,Primary,primary,1635.178,>=$5M,335,22.0,7378.0,1.221,1.248,1.331,False
24,Quebec / Québec,2024,SECONDARY,Secondary,secondary,11780.231,>=$5M,3168,16.2,51207.0,1.076,0.953,1.025,False
24,Quebec / Québec,2025,325920,Explosives Manufacturing,primary,5.486,>=$5M,3,8.7,26.0,0.952,1.386,0.995,False
24,Quebec / Québec,2025,331110,Iron and Steel Mills and Ferroalloy Manufacturing,secondary,3229.617,>=$5M,269,18.7,5040.0,1.784,2.095,1.869,False
24,Quebec / Québec,2025,332992,Small Arms Ammunition Manufacturing,primary,94.188,>=$5M,2,324.0,648.0,3.361,1.32,3.51,False
24,Quebec / Québec,2025,332993,Ammunition (except Small Arms) Manufacturing,primary,,>=$5M,<2,,,,,,True
24,Quebec / Québec,2025,332994,"Small Arms, Ordnance, and Ordnance Accessories Man",primary,,>=$5M,<2,,,,,,True
24,Quebec / Québec,2025,333310,Commercial and Service Industry Machinery Manufact,primary,638.581,>=$5M,286,12.8,3654.0,1.14,1.31,1.179,False
24,Quebec / Québec,2025,334511,"Search, Detection, Navigation, Guidance, Aeronauti",primary,526.7,>=$5M,27,83.0,2242.0,1.677,1.066,1.768,False
24,Quebec / Québec,2025,334610,Manufacturing and Reproducing Magnetic and Optical,secondary,254.924,>=$5M,61,12.6,771.0,1.333,1.304,1.194,False
24,Quebec / Québec,2025,336411,Aircraft Manufacturing,primary,309.424,>=$5M,25,25.7,642.0,1.039,1.443,1.09,False
24,Quebec / Québec,2025,336611,Ship Building and Repairing,secondary,410.848,>=$5M,11,134.3,1477.0,1.548,0.423,1.608,False
24,Quebec / Québec,2025,336612,Boat Building,secondary,88.226,>=$5M,22,27.6,607.0,0.556,0.501,0.579,False
24,Quebec / Québec,2025,336999,All Other Transportation Equipment Manufacturing,primary,70.477,>=$5M,4,76.8,307.0,2.743,0.803,2.86,False
24,Quebec / Québec,2025,541330,Engineering Services,secondary,5845.228,>=$5M,1633,18.4,30046.0,0.862,0.778,0.9,False
24,Quebec / Québec,2025,541370,Surveying and Mapping (except Geophysical) Service,secondary,448.993,>=$5M,726,6.3,4548.0,1.3,1.552,1.359,False
24,Quebec / Québec,2025,541511,Custom Computer Programming Services,secondary,1480.218,>=$5M,491,20.0,9796.0,1.172,0.818,1.217,False
24,Quebec / Québec,2025,ALL,All,all,13421.188,>=$5M,3562,16.8,59926.0,1.101,0.966,1.076,False
24,Quebec / Québec,2025,PRIMARY,Primary,primary,1663.134,>=$5M,349,21.9,7641.0,1.259,1.269,1.381,False
24,Quebec / Québec,2025,SECONDARY,Secondary,secondary,11758.054,>=$5M,3213,16.3,52285.0,1.081,0.941,1.042,False
47,Saskatchewan,2017,325920,Explosives Manufacturing,primary,,>=$5M,<2,,,,,,True
47,Saskatchewan,2017,331110,Iron & Steel Mills & Ferroalloy Manufacturing,secondary,115.039,>=$5M,7,14.4,101.0,0.323,0.334,0.287,False
47,Saskatchewan,2017,332992,Small Arms Ammunition Manufacturing,primary,,<$5M,<2,,,,,,True
47,Saskatchewan,2017,334511,Search Detection & Navigation Instruments,primary,,>=$5M,<2,,,,,,True
47,Saskatchewan,2017,541330,Engineering Services,secondary,338.415,>=$5M,140,10.5,1465.0,0.662,0.587,0.598,False
47,Saskatchewan,2017,541370,Surveying & Mapping (except Geophysical) Services,secondary,48.363,>=$5M,38,8.7,329.0,0.679,0.57,0.614,False
47,Saskatchewan,2017,541511,Custom Computer Programming Services,secondary,8.901,>=$5M,11,3.9,43.0,0.087,0.187,0.078,False
47,Saskatchewan,2017,ALL,All,all,526.65,>=$5M,199,10.0,1984.0,0.456,0.495,0.467,False
47,Saskatchewan,2017,PRIMARY,Primary,primary,15.932,>=$5M,3,15.3,46.0,0.226,0.639,0.262,False
47,Saskatchewan,2017,SECONDARY,Secondary,secondary,510.718,>=$5M,196,9.9,1938.0,0.471,0.494,0.475,False
47,Saskatchewan,2018,325920,Explosives Manufacturing,primary,7.429,>=$5M,2,11.5,23.0,5.772,4.508,5.256,False
47,Saskatchewan,2018,331110,Iron & Steel Mills & Ferroalloy Manufacturing,secondary,115.039,>=$5M,7,14.4,101.0,0.318,0.327,0.284,False
47,Saskatchewan,2018,332992,Small Arms Ammunition Manufacturing,primary,,<$5M,<2,,,,,,True
47,Saskatchewan,2018,334511,Search Detection & Navigation Instruments,primary,,>=$5M,<2,,,,,,True
47,Saskatchewan,2018,541330,Engineering Services,secondary,358.743,>=$5M,149,10.4,1553.0,0.635,0.591,0.578,False
47,Saskatchewan,2018,541370,Surveying & Mapping (except Geophysical) Services,secondary,49.833,>=$5M,38,8.9,339.0,0.691,0.559,0.629,False
47,Saskatchewan,2018,541511,Custom Computer Programming Services,secondary,14.283,>=$5M,17,4.1,69.0,0.138,0.285,0.126,False
47,Saskatchewan,2018,ALL,All,all,554.153,>=$5M,215,9.8,2109.0,0.455,0.514,0.469,False
47,Saskatchewan,2018,PRIMARY,Primary,primary,16.255,>=$5M,4,11.8,47.0,0.224,0.787,0.261,False
47,Saskatchewan,2018,SECONDARY,Secondary,secondary,537.898,>=$5M,211,9.8,2062.0,0.47,0.511,0.477,False
47,Saskatchewan,2019,325920,Explosives Manufacturing,primary,5.491,>=$5M,2,8.5,17.0,2.661,2.546,2.504,False
47,Saskatchewan,2019,331110,Iron & Steel Mills & Ferroalloy Manufacturing,secondary,115.039,>=$5M,7,14.4,101.0,0.301,0.331,0.278,False
47,Saskatchewan,2019,332992,Small Arms Ammunition Manufacturing,primary,,<$5M,<2,,,,,,True
47,Saskatchewan,2019,334511,Search Detection & Navigation Instruments,primary,,>=$5M,<2,,,,,,True
47,Saskatchewan,2019,336411,Aircraft Manufacturing,primary,,>=$5M,<2,,,,,,True
47,Saskatchewan,2019,541330,Engineering Services,secondary,490.413,>=$5M,175,12.1,2123.0,0.637,0.614,0.598,False
47,Saskatchewan,2019,541370,Surveying & Mapping (except Geophysical) Services,secondary,52.332,>=$5M,40,8.9,356.0,0.687,0.578,0.647,False
47,Saskatchewan,2019,541511,Custom Computer Programming Services,secondary,29.394,>=$5M,28,5.1,142.0,0.24,0.423,0.225,False
47,Saskatchewan,2019,ALL,All,all,816.445,>=$5M,255,11.6,2953.0,0.537,0.555,0.53,False
47,Saskatchewan,2019,PRIMARY,Primary,primary,129.267,>=$5M,5,46.2,231.0,1.033,0.775,0.814,False
47,Saskatchewan,2019,SECONDARY,Secondary,secondary,687.178,>=$5M,250,10.9,2722.0,0.492,0.552,0.515,False
47,Saskatchewan,2020,325920,Explosives Manufacturing,primary,5.491,>=$5M,2,8.5,17.0,2.533,2.338,2.356,False
47,Saskatchewan,2020,331110,Iron & Steel Mills & Ferroalloy Manufacturing,secondary,124.151,>=$5M,8,13.6,109.0,0.288,0.381,0.263,False
47,Saskatchewan,2020,332992,Small Arms Ammunition Manufacturing,primary,,<$5M,<2,,,,,,True
47,Saskatchewan,2020,334511,Search Detection & Navigation Instruments,primary,,>=$5M,<2,,,,,,True
47,Saskatchewan,2020,336411,Aircraft Manufacturing,primary,,>=$5M,<2,,,,,,True
47,Saskatchewan,2020,541330,Engineering Services,secondary,485.562,>=$5M,176,11.9,2102.0,0.47,0.614,0.437,False
47,Saskatchewan,2020,541370,Surveying & Mapping (except Geophysical) Services,secondary,49.098,>=$5M,41,8.1,334.0,0.642,0.583,0.599,False
47,Saskatchewan,2020,541511,Custom Computer Programming Services,secondary,29.601,>=$5M,28,5.1,143.0,0.242,0.415,0.225,False
47,Saskatchewan,2020,ALL,All,all,817.679,>=$5M,258,11.3,2919.0,0.449,0.557,0.425,False
47,Saskatchewan,2020,PRIMARY,Primary,primary,129.267,>=$5M,5,46.2,231.0,1.134,0.771,0.888,False
47,Saskatchewan,2020,SECONDARY,Secondary,secondary,688.412,>=$5M,253,10.6,2688.0,0.403,0.554,0.406,False
47,Saskatchewan,2021,325920,Explosives Manufacturing,primary,5.491,>=$5M,2,8.5,17.0,2.773,2.446,2.435,False
47,Saskatchewan,2021,331110,Iron and Steel Mills and Ferroalloy Manufacturing,secondary,124.151,>=$5M,8,13.6,109.0,0.326,0.396,0.291,False
47,Saskatchewan,2021,332992,Small Arms Ammunition Manufacturing,primary,,<$5M,<2,,,,,,True
47,Saskatchewan,2021,334511,"Search, Detection, Navigation, Guidance, Aeronauti",primary,,>=$5M,<2,,,,,,True
47,Saskatchewan,2021,336411,Aircraft Manufacturing,primary,,>=$5M,<2,,,,,,True
47,Saskatchewan,2021,541330,Engineering Services,secondary,437.052,>=$5M,169,11.2,1893.0,0.665,0.606,0.598,False
47,Saskatchewan,2021,541370,Surveying and Mapping (except Geophysical) Service,secondary,47.922,>=$5M,41,8.0,326.0,0.65,0.59,0.593,False
47,Saskatchewan,2021,541511,Custom Computer Programming Services,secondary,29.601,>=$5M,28,5.1,144.0,0.246,0.413,0.225,False
47,Saskatchewan,2021,ALL,All,all,767.993,>=$5M,251,10.8,2703.0,0.554,0.553,0.522,False
47,Saskatchewan,2021,PRIMARY,Primary,primary,129.267,>=$5M,5,46.2,231.0,1.163,0.757,0.895,False
47,Saskatchewan,2021,SECONDARY,Secondary,secondary,638.726,>=$5M,246,10.0,2472.0,0.501,0.55,0.503,False
47,Saskatchewan,2022,325920,Explosives Manufacturing,primary,,<$5M,<2,,,,,,True
47,Saskatchewan,2022,331110,Iron and Steel Mills and Ferroalloy Manufacturing,secondary,115.039,>=$5M,7,14.4,101.0,0.383,0.363,0.334,False
47,Saskatchewan,2022,332992,Small Arms Ammunition Manufacturing,primary,,<$5M,<2,,,,,,True
47,Saskatchewan,2022,333310,Commercial and Service Industry Machinery Manufact,primary,47.052,>=$5M,18,8.1,146.0,0.502,0.6,0.432,False
47,Saskatchewan,2022,334511,"Search, Detection, Navigation, Guidance, Aeronauti",primary,,>=$5M,<2,,,,,,True
47,Saskatchewan,2022,334610,Manufacturing and Reproducing Magnetic and Optical,secondary,,>=$5M,<2,,,,,,True
47,Saskatchewan,2022,336411,Aircraft Manufacturing,primary,,>=$5M,<2,,,,,,True
47,Saskatchewan,2022,541330,Engineering Services,secondary,356.895,>=$5M,171,10.5,1798.0,0.537,0.582,0.57,False
47,Saskatchewan,2022,541370,Surveying and Mapping (except Geophysical) Service,secondary,48.657,>=$5M,42,7.8,326.0,0.675,0.629,0.597,False
47,Saskatchewan,2022,541511,Custom Computer Programming Services,secondary,30.636,>=$5M,29,5.2,150.0,0.268,0.447,0.241,False
47,Saskatchewan,2022,ALL,All,all,735.038,>=$5M,272,10.2,2766.0,0.523,0.547,0.505,False
47,Saskatchewan,2022,PRIMARY,Primary,primary,171.151,>=$5M,22,16.4,361.0,0.918,0.608,0.626,False
47,Saskatchewan,2022,SECONDARY,Secondary,secondary,563.887,>=$5M,250,9.6,2405.0,0.462,0.542,0.491,False
47,Saskatchewan,2023,325920,Explosives Manufacturing,primary,,<$5M,<2,,,,,,True
47,Saskatchewan,2023,331110,Iron and Steel Mills and Ferroalloy Manufacturing,secondary,105.147,>=$5M,7,14.4,101.0,0.378,0.384,0.354,False
47,Saskatchewan,2023,332992,Small Arms Ammunition Manufacturing,primary,,<$5M,<2,,,,,,True
47,Saskatchewan,2023,333310,Commercial and Service Industry Machinery Manufact,primary,45.493,>=$5M,18,8.1,146.0,0.498,0.614,0.424,False
47,Saskatchewan,2023,334511,"Search, Detection, Navigation, Guidance, Aeronauti",primary,,>=$5M,<2,,,,,,True
47,Saskatchewan,2023,334610,Manufacturing and Reproducing Magnetic and Optical,secondary,,>=$5M,<2,,,,,,True
47,Saskatchewan,2023,541330,Engineering Services,secondary,297.736,>=$5M,159,10.0,1590.0,0.489,0.584,0.589,False
47,Saskatchewan,2023,541370,Surveying and Mapping (except Geophysical) Service,secondary,43.451,>=$5M,41,7.7,314.0,0.617,0.638,0.594,False
47,Saskatchewan,2023,541511,Custom Computer Programming Services,secondary,21.484,>=$5M,26,4.2,108.0,0.176,0.416,0.175,False
47,Saskatchewan,2023,ALL,All,all,534.124,>=$5M,255,9.1,2314.0,0.403,0.544,0.467,False
47,Saskatchewan,2023,PRIMARY,Primary,primary,54.495,>=$5M,21,8.1,171.0,0.311,0.593,0.307,False
47,Saskatchewan,2023,SECONDARY,Secondary,secondary,479.629,>=$5M,234,9.2,2143.0,0.417,0.54,0.487,False
47,Saskatchewan,2024,325920,Explosives Manufacturing,primary,,<$5M,<2,,,,,,True
47,Saskatchewan,2024,331110,Iron and Steel Mills and Ferroalloy Manufacturing,secondary,105.719,>=$5M,6,17.3,104.0,0.525,0.332,0.29,False
47,Saskatchewan,2024,332992,Small Arms Ammunition Manufacturing,primary,,<$5M,<2,,,,,,True
47,Saskatchewan,2024,333310,Commercial and Service Industry Machinery Manufact,primary,43.036,>=$5M,21,11.9,249.0,0.732,0.701,0.64,False
47,Saskatchewan,2024,334511,"Search, Detection, Navigation, Guidance, Aeronauti",primary,17.855,>=$5M,2,44.5,89.0,0.513,0.573,0.523,False
47,Saskatchewan,2024,336992,"Military Armored Vehicle, Tank, and Tank Component",primary,,>=$5M,<2,,,,,,True
47,Saskatchewan,2024,541330,Engineering Services,secondary,403.713,>=$5M,166,12.3,2050.0,0.552,0.572,0.478,False
47,Saskatchewan,2024,541370,Surveying and Mapping (except Geophysical) Service,secondary,25.811,>=$5M,40,6.5,260.0,0.719,0.617,0.627,False
47,Saskatchewan,2024,541511,Custom Computer Programming Services,secondary,28.595,>=$5M,40,4.7,188.0,0.227,0.522,0.197,False
47,Saskatchewan,2024,ALL,All,all,642.647,>=$5M,278,10.7,2977.0,0.491,0.552,0.421,False
47,Saskatchewan,2024,PRIMARY,Primary,primary,78.809,>=$5M,26,14.4,375.0,0.552,0.691,0.531,False
47,Saskatchewan,2024,SECONDARY,Secondary,secondary,563.838,>=$5M,252,10.3,2602.0,0.483,0.541,0.409,False
47,Saskatchewan,2025,325920,Explosives Manufacturing,primary,,<$5M,<2,,,,,,True
47,Saskatchewan,2025,331110,Iron and Steel Mills and Ferroalloy Manufacturing,secondary,67.007,>=$5M,6,17.3,104.0,0.333,0.338,0.29,False
47,Saskatchewan,2025,332992,Small Arms Ammunition Manufacturing,primary,,<$5M,<2,,,,,,True
47,Saskatchewan,2025,333310,Commercial and Service Industry Machinery Manufact,primary,43.208,>=$5M,20,12.5,250.0,0.693,0.662,0.605,False
47,Saskatchewan,2025,334511,"Search, Detection, Navigation, Guidance, Aeronauti",primary,19.969,>=$5M,2,26.5,53.0,0.572,0.57,0.314,False
47,Saskatchewan,2025,336992,"Military Armored Vehicle, Tank, and Tank Component",primary,,>=$5M,<2,,,,,,True
47,Saskatchewan,2025,541330,Engineering Services,secondary,422.421,>=$5M,169,12.8,2167.0,0.56,0.581,0.487,False
47,Saskatchewan,2025,541370,Surveying and Mapping (except Geophysical) Service,secondary,26.791,>=$5M,40,6.7,267.0,0.697,0.617,0.599,False
47,Saskatchewan,2025,541511,Custom Computer Programming Services,secondary,25.799,>=$5M,42,5.2,218.0,0.184,0.505,0.203,False
47,Saskatchewan,2025,ALL,All,all,623.113,>=$5M,282,11.0,3096.0,0.459,0.552,0.417,False
47,Saskatchewan,2025,PRIMARY,Primary,primary,81.095,>=$5M,25,13.6,340.0,0.552,0.657,0.461,False
47,Saskatchewan,2025,SECONDARY,Secondary,secondary,542.018,>=$5M,257,10.7,2756.0,0.448,0.544,0.412,False
60,Yukon,2017,541330,Engineering Services,secondary,20.79,>=$5M,17,5.3,90.0,0.801,1.225,0.762,False
60,Yukon,2017,541370,Surveying & Mapping (except Geophysical) Services,secondary,7.056,>=$5M,7,6.9,48.0,1.953,1.805,1.859,False
60,Yukon,2017,541511,Custom Computer Programming Services,secondary,3.105,<$5M,3,5.0,15.0,0.596,0.875,0.567,False
60,Yukon,2017,ALL,All,all,30.951,>=$5M,27,5.7,153.0,0.528,1.155,0.746,False
60,Yukon,2017,SECONDARY,Secondary,secondary,30.951,>=$5M,27,5.7,153.0,0.563,1.168,0.778,False
60,Yukon,2018,541330,Engineering Services,secondary,23.331,>=$5M,20,5.0,101.0,0.791,1.374,0.795,False
60,Yukon,2018,541370,Surveying & Mapping (except Geophysical) Services,secondary,7.056,>=$5M,7,6.9,48.0,1.871,1.783,1.884,False
60,Yukon,2018,541511,Custom Computer Programming Services,secondary,4.14,<$5M,5,4.0,20.0,0.766,1.45,0.77,False
60,Yukon,2018,ALL,All,all,34.527,>=$5M,32,5.3,169.0,0.543,1.325,0.795,False
60,Yukon,2018,SECONDARY,Secondary,secondary,34.527,>=$5M,32,5.3,169.0,0.577,1.342,0.828,False
60,Yukon,2019,541330,Engineering Services,secondary,35.112,>=$5M,25,6.1,152.0,1.061,1.542,0.937,False
60,Yukon,2019,541370,Surveying & Mapping (except Geophysical) Services,secondary,7.056,>=$5M,7,6.9,48.0,2.157,1.779,1.908,False
60,Yukon,2019,541511,Custom Computer Programming Services,secondary,4.14,<$5M,5,4.0,20.0,0.785,1.329,0.694,False
60,Yukon,2019,ALL,All,all,46.308,>=$5M,37,5.9,220.0,0.708,1.415,0.864,False
60,Yukon,2019,SECONDARY,Secondary,secondary,46.308,>=$5M,37,5.9,220.0,0.772,1.435,0.911,False
60,Yukon,2020,541330,Engineering Services,secondary,35.343,>=$5M,25,6.1,153.0,0.798,1.555,0.697,False
60,Yukon,2020,541370,Surveying & Mapping (except Geophysical) Services,secondary,7.056,>=$5M,7,6.9,48.0,2.152,1.773,1.888,False
60,Yukon,2020,541511,Custom Computer Programming Services,secondary,4.14,<$5M,5,4.0,20.0,0.789,1.32,0.691,False
60,Yukon,2020,ALL,All,all,46.539,>=$5M,37,6.0,221.0,0.595,1.423,0.705,False
60,Yukon,2020,SECONDARY,Secondary,secondary,46.539,>=$5M,37,6.0,221.0,0.635,1.443,0.732,False
60,Yukon,2021,541330,Engineering Services,secondary,44.352,>=$5M,25,7.7,192.0,1.534,1.574,1.257,False
60,Yukon,2021,541370,Surveying and Mapping (except Geophysical) Service,secondary,7.056,>=$5M,7,6.9,48.0,2.178,1.768,1.808,False
60,Yukon,2021,541511,Custom Computer Programming Services,secondary,3.933,<$5M,4,4.8,19.0,0.745,1.036,0.616,False
60,Yukon,2021,ALL,All,all,55.341,>=$5M,36,7.2,259.0,0.908,1.392,1.037,False
60,Yukon,2021,SECONDARY,Secondary,secondary,55.341,>=$5M,36,7.2,259.0,0.987,1.412,1.091,False
60,Yukon,2022,333310,Commercial and Service Industry Machinery Manufact,primary,,<$5M,<2,,,,,,True
60,Yukon,2022,334610,Manufacturing and Reproducing Magnetic and Optical,secondary,,<$5M,<2,,,,,,True
60,Yukon,2022,541330,Engineering Services,secondary,45.276,>=$5M,26,7.5,195.0,1.713,1.569,1.289,False
60,Yukon,2022,541370,Surveying and Mapping (except Geophysical) Service,secondary,6.615,>=$5M,7,6.4,45.0,2.307,1.857,1.719,False
60,Yukon,2022,541511,Custom Computer Programming Services,secondary,3.933,<$5M,4,4.8,19.0,0.864,1.092,0.636,False
60,Yukon,2022,ALL,All,all,57.773,>=$5M,39,6.8,266.0,1.033,1.389,1.013,False
60,Yukon,2022,PRIMARY,Primary,primary,,<$5M,<2,,,,,,True
60,Yukon,2022,SECONDARY,Secondary,secondary,55.925,>=$5M,38,6.8,260.0,1.153,1.459,1.107,False
60,Yukon,2023,333310,Commercial and Service Industry Machinery Manufact,primary,,<$5M,<2,,,,,,True
60,Yukon,2023,334610,Manufacturing and Reproducing Magnetic and Optical,secondary,,<$5M,<2,,,,,,True
60,Yukon,2023,541330,Engineering Services,secondary,26.796,>=$5M,24,5.3,128.0,1.095,1.578,0.955,False
60,Yukon,2023,541370,Surveying and Mapping (except Geophysical) Service,secondary,6.47,>=$5M,7,6.4,45.0,2.283,1.947,1.714,False
60,Yukon,2023,541511,Custom Computer Programming Services,secondary,3.417,<$5M,4,4.8,19.0,0.697,1.144,0.621,False
60,Yukon,2023,ALL,All,all,38.632,>=$5M,37,5.4,199.0,0.724,1.412,0.809,False
60,Yukon,2023,PRIMARY,Primary,primary,,<$5M,<2,,,,,,True
60,Yukon,2023,SECONDARY,Secondary,secondary,36.784,>=$5M,36,5.4,193.0,0.794,1.486,0.884,False
60,Yukon,2024,334610,Manufacturing and Reproducing Magnetic and Optical,secondary,,<$5M,<2,,,,,,True
60,Yukon,2024,541330,Engineering Services,secondary,48.346,>=$5M,25,9.9,247.0,1.806,1.65,1.133,False
60,Yukon,2024,541370,Surveying and Mapping (except Geophysical) Service,secondary,4.729,<$5M,8,6.0,48.0,3.597,2.364,2.279,False
60,Yukon,2024,541511,Custom Computer Programming Services,secondary,3.443,<$5M,4,6.0,24.0,0.747,0.999,0.495,False
60,Yukon,2024,ALL,All,all,56.655,>=$5M,38,8.4,320.0,1.181,1.445,0.891,False
60,Yukon,2024,SECONDARY,Secondary,secondary,56.655,>=$5M,38,8.4,320.0,1.325,1.562,0.99,False
60,Yukon,2025,334610,Manufacturing and Reproducing Magnetic and Optical,secondary,,<$5M,<2,,,,,,True
60,Yukon,2025,541330,Engineering Services,secondary,46.787,>=$5M,25,9.6,240.0,1.711,1.651,1.077,False
60,Yukon,2025,541370,Surveying and Mapping (except Geophysical) Service,secondary,4.729,<$5M,8,6.0,48.0,3.394,2.371,2.148,False
60,Yukon,2025,541511,Custom Computer Programming Services,secondary,3.892,<$5M,5,5.2,26.0,0.764,1.155,0.484,False
60,Yukon,2025,ALL,All,all,55.545,>=$5M,39,8.1,315.0,1.129,1.466,0.847,False
60,Yukon,2025,SECONDARY,Secondary,secondary,55.545,>=$5M,39,8.1,315.0,1.266,1.584,0.94,False
