region_uid,region_name,year,tier,object_sector,total_value,total_value_real,n_contracts,n_vendors
10,Newfoundland and Labrador,2016,ALL,ALL,843738.7000000001,1078986.717601246,26,13
10,Newfoundland and Labrador,2017,ALL,ALL,12415783.92,15633985.580245398,198,60
10,Newfoundland and Labrador,2018,ALL,ALL,13736873.41,16908505.35173913,171,69
10,Newfoundland and Labrador,2019,ALL,ALL,14453875.23,17450928.770338234,167,64
10,Newfoundland and Labrador,2020,ALL,ALL,35630461.81,42704538.899284676,126,69
10,Newfoundland and Labrador,2021,ALL,ALL,18899126.86,21915512.926638417,177,64
10,Newfoundland and Labrador,2022,ALL,ALL,67575003.16,73385023.27296297,218,81
10,Newfoundland and Labrador,2023,ALL,ALL,65498072.23,68458201.52874602,202,63
10,Newfoundland and Labrador,2024,ALL,ALL,96257772.16,98231983.77049097,198,57
10,Newfoundland and Labrador,2025,ALL,ALL,44775455.19,44775455.19,591,161
10,Newfoundland and Labrador,2026,ALL,ALL,15338846.88,15009765.540500594,300,105
11,Prince Edward Island,2016,ALL,ALL,51189.3,65461.70607476635,2,2
11,Prince Edward Island,2017,ALL,ALL,72066.91,90746.82992331288,3,3
11,Prince Edward Island,2018,ALL,ALL,1867118.91,2298207.833748126,11,11
11,Prince Edward Island,2019,ALL,ALL,781527.78,943579.8637941176,13,12
11,Prince Edward Island,2020,ALL,ALL,10119609.93,12128758.762817519,15,12
11,Prince Edward Island,2021,ALL,ALL,1990755.85,2308489.481426554,28,12
11,Prince Edward Island,2022,ALL,ALL,1255694.67,1363657.8360714286,22,11
11,Prince Edward Island,2023,ALL,ALL,1810702.01,1892535.1371228518,32,19
11,Prince Edward Island,2024,ALL,ALL,610314.75,622832.0817277812,19,10
11,Prince Edward Island,2025,ALL,ALL,2141187.99,2141187.99,28,19
11,Prince Edward Island,2026,ALL,ALL,345119.12,337714.89573301544,7,3
12,Nova Scotia,2016,ALL,ALL,21253086.04,27178790.714704048,111,54
12,Nova Scotia,2017,ALL,ALL,258763514.35,325835652.2720092,818,244
12,Nova Scotia,2018,ALL,ALL,165597350.8,203831221.89925036,1068,270
12,Nova Scotia,2019,ALL,ALL,1494586910.23,1804493901.9100442,968,267
12,Nova Scotia,2020,ALL,ALL,703618478.17,843314993.5438977,1031,251
12,Nova Scotia,2021,ALL,ALL,934506717.03,1083658212.827161,1229,297
12,Nova Scotia,2022,ALL,ALL,221574113.69,240624798.06810847,1393,352
12,Nova Scotia,2023,ALL,ALL,451487763.04,471892365.95269257,1638,440
12,Nova Scotia,2024,ALL,ALL,3897231466.74,3977162255.0572276,1548,415
12,Nova Scotia,2025,ALL,ALL,11071250646.93,11071250646.93,2072,520
12,Nova Scotia,2026,ALL,ALL,46947018.9,45939812.29666269,586,237
13,New Brunswick,2016,ALL,ALL,6278317.45,8028814.059890965,171,34
13,New Brunswick,2017,ALL,ALL,41524536.73,52287798.55111963,594,116
13,New Brunswick,2018,ALL,ALL,49804358.96,61303416.351064466,660,127
13,New Brunswick,2019,ALL,ALL,88146814.54,106424315.79020588,614,127
13,New Brunswick,2020,ALL,ALL,57263510.44,68632616.16239417,542,123
13,New Brunswick,2021,ALL,ALL,175814671.66,203875487.89951977,620,153
13,New Brunswick,2022,ALL,ALL,89811335.63,97533209.72517197,654,181
13,New Brunswick,2023,ALL,ALL,253974460.7,265452619.01298538,813,212
13,New Brunswick,2024,ALL,ALL,97344546.23,99341047.17816034,841,203
13,New Brunswick,2025,ALL,ALL,211446420,211446420,1032,270
13,New Brunswick,2026,ALL,ALL,23719031.69,23210160.92668653,248,90
24,Quebec,2016,ALL,ALL,225016652.66,287754940.55118376,189,102
24,Quebec,2017,ALL,ALL,2409587161.23,3034158066.518144,1706,589
24,Quebec,2018,ALL,ALL,582573251.78,717080419.3573912,2536,770
24,Quebec,2019,ALL,ALL,4759638737.93,5746563829.17725,2258,675
24,Quebec,2020,ALL,ALL,1085369382.91,1300858778.6410365,1711,617
24,Quebec,2021,ALL,ALL,619048572.75,717851522.9205508,2140,636
24,Quebec,2022,ALL,ALL,2350776499.55,2552893526.627712,2435,790
24,Quebec,2023,ALL,ALL,3850630255.15,4024656192.8429666,2492,944
24,Quebec,2024,ALL,ALL,909774946.18,928434096.7231572,2706,933
24,Quebec,2025,ALL,ALL,2014126356.37,2014126356.37,3841,1167
24,Quebec,2026,ALL,ALL,1911246349.73,1870242256.410405,1116,496
35,Ontario,2016,ALL,ALL,339051850.77,433584999.1934112,521,270
35,Ontario,2017,ALL,ALL,2680250565.82,3374978089.7825456,4587,1312
35,Ontario,2018,ALL,ALL,2167543293.23,2667995567.8288302,5608,1583
35,Ontario,2019,ALL,ALL,1116819684.5,1348395530.844853,4959,1483
35,Ontario,2020,ALL,ALL,1244645178.81,1491757214.3109636,4491,1381
35,Ontario,2021,ALL,ALL,1298294220.64,1505507846.2506213,5032,1438
35,Ontario,2022,ALL,ALL,2705375487.28,2937980522.562011,5530,1733
35,Ontario,2023,ALL,ALL,3774867295.77,3945469191.377683,6228,2055
35,Ontario,2024,ALL,ALL,14073979315.82,14362631470.836817,5618,1891
35,Ontario,2025,ALL,ALL,2445390643.28,2445390643.28,7629,2330
35,Ontario,2026,ALL,ALL,942913954.12,922684572.5059832,2036,928
46,Manitoba,2016,ALL,ALL,9039736.65,11560161.666121494,35,15
46,Manitoba,2017,ALL,ALL,67060585.15,84442853.38673313,405,105
46,Manitoba,2018,ALL,ALL,97726677.51,120290258.22445276,578,137
46,Manitoba,2019,ALL,ALL,32827621.96,39634525.925235294,357,114
46,Manitoba,2020,ALL,ALL,49413647.9,59224240.767737225,374,108
46,Manitoba,2021,ALL,ALL,37490189.85,43473793.59724576,413,120
46,Manitoba,2022,ALL,ALL,90256607.03,98016765.04183863,454,130
46,Manitoba,2023,ALL,ALL,95027899.31,99322603.86188416,587,223
46,Manitoba,2024,ALL,ALL,26871083.13,27422199.191709135,416,176
46,Manitoba,2025,ALL,ALL,47376071.76,47376071.76,609,211
46,Manitoba,2026,ALL,ALL,64051118.96,62676959.07766388,193,89
47,Saskatchewan,2016,ALL,ALL,510440.89,652760.0789563862,9,7
47,Saskatchewan,2017,ALL,ALL,15104044.209999999,19019049.534371164,94,57
47,Saskatchewan,2018,ALL,ALL,5875682.61,7232286.99071964,168,65
47,Saskatchewan,2019,ALL,ALL,7131019.9,8609657.84985294,141,48
47,Saskatchewan,2020,ALL,ALL,17655595.22,21160939.672437955,168,63
47,Saskatchewan,2021,ALL,ALL,10458812.2,12128085.89858757,174,67
47,Saskatchewan,2022,ALL,ALL,4505673084.53,4893065611.639061,262,91
47,Saskatchewan,2023,ALL,ALL,70183001.98,73354862.66782941,223,90
47,Saskatchewan,2024,ALL,ALL,17732488.89,18096175.734853946,135,67
47,Saskatchewan,2025,ALL,ALL,26189727.72,26189727.72,212,75
47,Saskatchewan,2026,ALL,ALL,4056896.93,3969859.8087365907,43,36
48,Alberta,2016,ALL,ALL,7196766.7,9203341.839096572,167,68
48,Alberta,2017,ALL,ALL,761739941.49,959184803.6246779,1627,419
48,Alberta,2018,ALL,ALL,276313224.01,340109680.52805096,2097,496
48,Alberta,2019,ALL,ALL,210058358.48,253614576.9295294,2049,450
48,Alberta,2020,ALL,ALL,319502118.32,382936115.5338978,1567,421
48,Alberta,2021,ALL,ALL,299067724.53,346800285.08351696,2030,442
48,Alberta,2022,ALL,ALL,307856904.57,334326082.8729762,2032,497
48,Alberta,2023,ALL,ALL,322105738.7,336663031.7921069,2115,581
48,Alberta,2024,ALL,ALL,333557757.1,340398904.3866998,1718,509
48,Alberta,2025,ALL,ALL,229562188.95,229562188.95,2070,598
48,Alberta,2026,ALL,ALL,39124332.89,38284955.068760425,434,209
59,British Columbia,2016,ALL,ALL,11406101.29,14586307.10138629,101,64
59,British Columbia,2017,ALL,ALL,493421028.74,621316970.2385583,1069,326
59,British Columbia,2018,ALL,ALL,378415218.97,465785449.43683654,1520,396
59,British Columbia,2019,ALL,ALL,1412419623.6,1705288986.7288234,1364,347
59,British Columbia,2020,ALL,ALL,140431573.98,168312879.1789489,1182,341
59,British Columbia,2021,ALL,ALL,382306885.17,443324791.9838559,1528,406
59,British Columbia,2022,ALL,ALL,1457461918.88,1582772798.1487832,1248,423
59,British Columbia,2023,ALL,ALL,205043279.17,214310034.62580523,1712,569
59,British Columbia,2024,ALL,ALL,4410637534.65,4501098093.160534,1538,500
59,British Columbia,2025,ALL,ALL,281825343.75,281825343.75,2185,699
59,British Columbia,2026,ALL,ALL,104922945.11,102671916.49023837,546,288
60,Yukon,2016,ALL,ALL,112208.64,143494.22654205607,7,1
60,Yukon,2017,ALL,ALL,402842.46,507260.21420245396,9,8
60,Yukon,2018,ALL,ALL,3478966.89,4282206.621724138,10,5
60,Yukon,2019,ALL,ALL,374252.92,451855.36370588234,20,3
60,Yukon,2020,ALL,ALL,158957.35,190516.76547445258,4,2
60,Yukon,2021,ALL,ALL,666053.6,772358.7649717514,15,3
60,Yukon,2022,ALL,ALL,876735,952115.6547619049,22,6
60,Yukon,2023,ALL,ALL,795996.05,831970.4099936347,23,7
60,Yukon,2024,ALL,ALL,983177.71,1003342.3243132379,17,9
60,Yukon,2025,ALL,ALL,4241962.53,4241962.53,27,20
60,Yukon,2026,ALL,ALL,324316.47000000003,317358.5481168057,9,9
61,Northwest Territories,2017,ALL,ALL,898799.59,1131770.6493711655,22,19
61,Northwest Territories,2018,ALL,ALL,631104.28,776816.5125637181,18,14
61,Northwest Territories,2019,ALL,ALL,1971979.07,2380874.730102941,33,19
61,Northwest Territories,2020,ALL,ALL,1910731.19,2290088.03940146,37,9
61,Northwest Territories,2021,ALL,ALL,11114690.17,12888644.957019774,53,12
61,Northwest Territories,2022,ALL,ALL,5258534.18,5710656.827751323,58,20
61,Northwest Territories,2023,ALL,ALL,4072688.68,4256750.358090389,26,10
61,Northwest Territories,2024,ALL,ALL,22830018.31,23298253.61405842,27,19
61,Northwest Territories,2025,ALL,ALL,5759084.69,5759084.69,66,44
61,Northwest Territories,2026,ALL,ALL,1074804.28,1051745.3085578068,23,18
62,Nunavut,2016,ALL,ALL,665525.82,851085.1997196261,37,3
62,Nunavut,2017,ALL,ALL,1596230.47,2009977.3249539877,44,8
62,Nunavut,2018,ALL,ALL,1913594.51,2355413.9320989503,73,11
62,Nunavut,2019,ALL,ALL,1105829.55,1335126.5596323528,57,6
62,Nunavut,2020,ALL,ALL,2053846.25,2461617.1843065694,88,8
62,Nunavut,2021,ALL,ALL,1523560.85,1766728.0478107345,72,10
62,Nunavut,2022,ALL,ALL,592553286.89,643500328.7522354,14,9
62,Nunavut,2023,ALL,ALL,573844.02,599778.4091915977,29,10
62,Nunavut,2024,ALL,ALL,5300199.3,5408904.444126787,20,11
62,Nunavut,2025,ALL,ALL,25236666.93,25236666.93,40,16
62,Nunavut,2026,ALL,ALL,1295103.55,1267318.2533373062,14,13
10,Newfoundland and Labrador,2016,General Government Support,ALL,492096.23000000004,629300.630576324,16,8
10,Newfoundland and Labrador,2016,Industrial and Technical Support,ALL,351642.47000000003,449686.0870249221,10,6
10,Newfoundland and Labrador,2017,Core Defence Industrial Complex,ALL,1242279.77,1564281.7349233127,9,6
10,Newfoundland and Labrador,2017,General Government Support,ALL,6010483.84,7568416.000981594,134,37
10,Newfoundland and Labrador,2017,Industrial and Technical Support,ALL,5163020.31,6501287.844340491,55,22
10,Newfoundland and Labrador,2018,Core Defence Industrial Complex,ALL,980118.5599999999,1206412.8002398799,6,2
10,Newfoundland and Labrador,2018,General Government Support,ALL,6167945.77,7592029.201154422,60,44
10,Newfoundland and Labrador,2018,Industrial and Technical Support,ALL,6588809.08,8110063.350344827,105,39
10,Newfoundland and Labrador,2019,Core Defence Industrial Complex,ALL,16407.05,19809.10007352941,1,1
10,Newfoundland and Labrador,2019,General Government Support,ALL,9409439.22,11360514.117088234,64,39
10,Newfoundland and Labrador,2019,Industrial and Technical Support,ALL,5028028.96,6070605.55317647,102,28
10,Newfoundland and Labrador,2020,Core Defence Industrial Complex,ALL,4930303.73,5909166.95230657,5,5
10,Newfoundland and Labrador,2020,General Government Support,ALL,14395707.87,17253833.812072992,64,42
10,Newfoundland and Labrador,2020,Industrial and Technical Support,ALL,16304450.209999999,19541538.13490511,57,26
10,Newfoundland and Labrador,2021,General Government Support,ALL,13591358.13,15760600.317415254,90,41
10,Newfoundland and Labrador,2021,Industrial and Technical Support,ALL,5307768.73,6154912.609223164,87,30
10,Newfoundland and Labrador,2022,Core Defence Industrial Complex,ALL,50079911.72,54385724.235608466,4,3
10,Newfoundland and Labrador,2022,General Government Support,ALL,10532811.36,11438410.22031746,81,54
10,Newfoundland and Labrador,2022,Industrial and Technical Support,ALL,6962280.08,7560888.817037038,133,29
10,Newfoundland and Labrador,2023,Core Defence Industrial Complex,ALL,41157110,43017170.35009548,3,2
10,Newfoundland and Labrador,2023,General Government Support,ALL,17262385.35,18042544.076830044,74,46
10,Newfoundland and Labrador,2023,Industrial and Technical Support,ALL,7078576.88,7398487.101820497,125,22
10,Newfoundland and Labrador,2024,Core Defence Industrial Complex,ALL,57677243.2,58860182.308514595,3,2
10,Newfoundland and Labrador,2024,General Government Support,ALL,8077583.3,8243251.571535114,68,44
10,Newfoundland and Labrador,2024,Industrial and Technical Support,ALL,30502945.66,31128549.890441265,127,12
10,Newfoundland and Labrador,2025,Core Defence Industrial Complex,ALL,25715122.25,25715122.25,309,83
10,Newfoundland and Labrador,2025,General Government Support,ALL,10610070.26,10610070.26,132,66
10,Newfoundland and Labrador,2025,Industrial and Technical Support,ALL,8450262.68,8450262.68,150,29
10,Newfoundland and Labrador,2026,Core Defence Industrial Complex,ALL,5375203.75,5259883.5265196655,159,65
10,Newfoundland and Labrador,2026,General Government Support,ALL,3731971.59,3651905.453384982,88,39
10,Newfoundland and Labrador,2026,Industrial and Technical Support,ALL,6231671.54,6097976.560595947,53,19
11,Prince Edward Island,2016,General Government Support,ALL,15470,19783.28660436137,1,1
11,Prince Edward Island,2016,Industrial and Technical Support,ALL,35719.3,45678.41947040498,1,1
11,Prince Edward Island,2017,General Government Support,ALL,72066.91,90746.82992331288,3,3
11,Prince Edward Island,2018,General Government Support,ALL,596665.61,734426.4854722639,7,7
11,Prince Edward Island,2018,Industrial and Technical Support,ALL,1270453.3,1563781.348275862,4,4
11,Prince Edward Island,2019,General Government Support,ALL,533498.17,644120.5846617647,8,8
11,Prince Edward Island,2019,Industrial and Technical Support,ALL,248029.61,299459.2791323529,5,5
11,Prince Edward Island,2020,Core Defence Industrial Complex,ALL,19005.38,22778.71091970803,1,1
11,Prince Edward Island,2020,General Government Support,ALL,10063856.3,12061935.798978101,12,10
11,Prince Edward Island,2020,Industrial and Technical Support,ALL,36748.25,44044.25291970803,2,2
11,Prince Edward Island,2021,General Government Support,ALL,533768.43,618960.2839406779,20,8
11,Prince Edward Island,2021,Industrial and Technical Support,ALL,1456987.42,1689529.1974858758,8,6
11,Prince Edward Island,2022,Core Defence Industrial Complex,ALL,42381.14,46025.02108465609,1,1
11,Prince Edward Island,2022,General Government Support,ALL,1147226.74,1245863.9597089947,18,8
11,Prince Edward Island,2022,Industrial and Technical Support,ALL,66086.79000000001,71768.85527777778,3,3
11,Prince Edward Island,2023,General Government Support,ALL,763788.06,798306.8074602165,23,11
11,Prince Edward Island,2023,Industrial and Technical Support,ALL,1046913.95,1094228.3296626352,9,9
11,Prince Edward Island,2024,General Government Support,ALL,594212.25,606399.3253573647,18,9
11,Prince Edward Island,2024,Industrial and Technical Support,ALL,16102.5,16432.756370416406,1,1
11,Prince Edward Island,2025,Core Defence Industrial Complex,ALL,1458497.94,1458497.94,4,2
11,Prince Edward Island,2025,General Government Support,ALL,598915.67,598915.67,19,12
11,Prince Edward Island,2025,Industrial and Technical Support,ALL,83774.38,83774.38,5,5
11,Prince Edward Island,2026,Core Defence Industrial Complex,ALL,226508.02,221648.49156138254,2,1
11,Prince Edward Island,2026,General Government Support,ALL,103661.1,101437.14314660309,4,2
11,Prince Edward Island,2026,Industrial and Technical Support,ALL,14950,14629.261025029797,1,1
12,Nova Scotia,2016,Core Defence Industrial Complex,ALL,1803515.98,2306365.4510591896,8,3
12,Nova Scotia,2016,General Government Support,ALL,16635653.25,21273942.863317754,81,39
12,Nova Scotia,2016,Industrial and Technical Support,ALL,2813916.81,3598482.4003271027,22,14
12,Nova Scotia,2017,Core Defence Industrial Complex,ALL,6367408.6,8017856.534662575,55,18
12,Nova Scotia,2017,General Government Support,ALL,52239881.43,65780586.89268405,547,191
12,Nova Scotia,2017,Industrial and Technical Support,ALL,200156224.32,252037208.84466255,216,81
12,Nova Scotia,2018,Core Defence Industrial Complex,ALL,32467265.78,39963456.08002998,68,24
12,Nova Scotia,2018,General Government Support,ALL,79543993.98,97909473.84944527,700,198
12,Nova Scotia,2018,Industrial and Technical Support,ALL,53586091.04,65958291.96977511,300,97
12,Nova Scotia,2019,Core Defence Industrial Complex,ALL,1336409426.7,1613517851.942206,80,22
12,Nova Scotia,2019,General Government Support,ALL,51598921.83,62298110.03298529,603,191
12,Nova Scotia,2019,Industrial and Technical Support,ALL,106578561.7,128677939.93485293,285,99
12,Nova Scotia,2020,Core Defence Industrial Complex,ALL,19342787.36,23183107.18621898,62,11
12,Nova Scotia,2020,General Government Support,ALL,68303772.73,81864813.73916788,691,196
12,Nova Scotia,2020,Industrial and Technical Support,ALL,615971918.08,738267072.618511,278,81
12,Nova Scotia,2021,Core Defence Industrial Complex,ALL,16166429.11,18746664.264562145,61,26
12,Nova Scotia,2021,General Government Support,ALL,76297264.93,88474653.25922316,779,221
12,Nova Scotia,2021,Industrial and Technical Support,ALL,842043022.99,976436895.3033757,389,104
12,Nova Scotia,2022,Core Defence Industrial Complex,ALL,67472295.75,73273485.19940476,85,28
12,Nova Scotia,2022,General Government Support,ALL,73671476.47,80005664.2617328,885,267
12,Nova Scotia,2022,Industrial and Technical Support,ALL,80430341.47,87345648.6069709,423,114
12,Nova Scotia,2023,Core Defence Industrial Complex,ALL,19750873.85,20643497.684086572,91,38
12,Nova Scotia,2023,General Government Support,ALL,148038087.83,154728542.46776575,1093,334
12,Nova Scotia,2023,Industrial and Technical Support,ALL,283698801.36,296520325.80084026,454,141
12,Nova Scotia,2024,Core Defence Industrial Complex,ALL,3603363109.31,3677266765.3741574,70,31
12,Nova Scotia,2024,General Government Support,ALL,130894143.56,133578734.44718458,1132,298
12,Nova Scotia,2024,Industrial and Technical Support,ALL,162974213.87,166316755.23588562,346,136
12,Nova Scotia,2025,Core Defence Industrial Complex,ALL,10853991994.08,10853991994.08,321,108
12,Nova Scotia,2025,General Government Support,ALL,122137912.72,122137912.72,1400,351
12,Nova Scotia,2025,Industrial and Technical Support,ALL,95120740.13,95120740.13,351,152
12,Nova Scotia,2026,Core Defence Industrial Complex,ALL,7921332.36,7751387.208057211,134,52
12,Nova Scotia,2026,General Government Support,ALL,28520830.43,27908941.338533968,350,156
12,Nova Scotia,2026,Industrial and Technical Support,ALL,10504856.11,10279483.750071513,102,62
13,New Brunswick,2016,General Government Support,ALL,5315930.09,6798097.513847351,123,29
13,New Brunswick,2016,Industrial and Technical Support,ALL,962387.36,1230716.5460436135,48,12
13,New Brunswick,2017,Core Defence Industrial Complex,ALL,1257776.25,1583794.9405674846,3,3
13,New Brunswick,2017,General Government Support,ALL,24627457.46,31010954.869110428,387,88
13,New Brunswick,2017,Industrial and Technical Support,ALL,15639303.02,19693048.741441716,204,53
13,New Brunswick,2018,Core Defence Industrial Complex,ALL,323141.17,397749.47611694154,7,4
13,New Brunswick,2018,General Government Support,ALL,27672166.16,34061242.00503748,379,93
13,New Brunswick,2018,Industrial and Technical Support,ALL,21809051.63,26844424.869910043,274,57
13,New Brunswick,2019,Core Defence Industrial Complex,ALL,120066.8,144963.00411764704,5,5
13,New Brunswick,2019,General Government Support,ALL,23726146.17,28645832.36113235,403,90
13,New Brunswick,2019,Industrial and Technical Support,ALL,64300601.57,77633520.42495587,206,48
13,New Brunswick,2020,Core Defence Industrial Complex,ALL,142214.73,170450.06325547444,6,4
13,New Brunswick,2020,General Government Support,ALL,35777353.46,42880594.43891971,405,89
13,New Brunswick,2020,Industrial and Technical Support,ALL,21343942.25,25581571.66021898,131,50
13,New Brunswick,2021,Core Defence Industrial Complex,ALL,96753.82,112196.16697740112,6,6
13,New Brunswick,2021,General Government Support,ALL,48988105.31,56806828.332641244,471,110
13,New Brunswick,2021,Industrial and Technical Support,ALL,126729812.53,146956463.39990112,143,60
13,New Brunswick,2022,General Government Support,ALL,54349510.22,59022417.84473545,514,142
13,New Brunswick,2022,Industrial and Technical Support,ALL,35461825.41,38510791.88043651,140,57
13,New Brunswick,2023,Core Defence Industrial Complex,ALL,76104.96,79544.45851050288,3,3
13,New Brunswick,2023,General Government Support,ALL,211329147.55,220879987.44563973,573,159
13,New Brunswick,2023,Industrial and Technical Support,ALL,42569208.19,44493087.10883514,237,75
13,New Brunswick,2024,Core Defence Industrial Complex,ALL,164778.79,168158.34256059662,5,4
13,New Brunswick,2024,General Government Support,ALL,53892807.6,54998129.32206339,523,146
13,New Brunswick,2024,Industrial and Technical Support,ALL,43286959.84,44174759.51353636,313,80
13,New Brunswick,2025,Core Defence Industrial Complex,ALL,2930754.6,2930754.6,45,22
13,New Brunswick,2025,General Government Support,ALL,58939710.65,58939710.65,601,165
13,New Brunswick,2025,Industrial and Technical Support,ALL,149575954.75,149575954.75,386,117
13,New Brunswick,2026,Core Defence Industrial Complex,ALL,1546025.6300000001,1512857.022920143,14,11
13,New Brunswick,2026,General Government Support,ALL,7316896.29,7159918.777222884,139,63
13,New Brunswick,2026,Industrial and Technical Support,ALL,14856109.77,14537385.126543503,95,24
24,Quebec,2016,Core Defence Industrial Complex,ALL,1169336.4000000001,1495366.3308411215,26,10
24,Quebec,2016,General Government Support,ALL,195003377.94,249373478.64289716,90,66
24,Quebec,2016,Industrial and Technical Support,ALL,28843938.32,36886095.57744548,73,35
24,Quebec,2017,Core Defence Industrial Complex,ALL,1455923755.96,1833302766.323865,184,49
24,Quebec,2017,General Government Support,ALL,115541790.81,145490506.52608895,827,381
24,Quebec,2017,Industrial and Technical Support,ALL,838121614.46,1055364793.6681901,695,230
24,Quebec,2018,Core Defence Industrial Complex,ALL,115021687.55,141578419.00832084,252,62
24,Quebec,2018,General Government Support,ALL,150795918.39,185612367.31362817,1023,487
24,Quebec,2018,Industrial and Technical Support,ALL,316755645.84,389889633.03544223,1261,312
24,Quebec,2019,Core Defence Industrial Complex,ALL,1880029252.7,2269858847.7451468,174,57
24,Quebec,2019,General Government Support,ALL,76294932.73,92114911.42842647,982,425
24,Quebec,2019,Industrial and Technical Support,ALL,2803314552.5,3384590070.0036764,1102,271
24,Quebec,2020,Core Defence Industrial Complex,ALL,288404793.24,345664722.9927591,191,47
24,Quebec,2020,General Government Support,ALL,268938367.79,322333430.59210217,961,398
24,Quebec,2020,Industrial and Technical Support,ALL,528026221.88,632860625.0561752,559,231
24,Quebec,2021,Core Defence Industrial Complex,ALL,179865817.94,208573215.43607342,146,47
24,Quebec,2021,General Government Support,ALL,142477138.32,165217133.56033897,932,393
24,Quebec,2021,Industrial and Technical Support,ALL,296705616.49,344061173.9241384,1062,279
24,Quebec,2022,Core Defence Industrial Complex,ALL,324595066.56,352503372.5473016,188,51
24,Quebec,2022,General Government Support,ALL,1073030537.92,1165288454.5401058,1171,506
24,Quebec,2022,Industrial and Technical Support,ALL,953150895.07,1035101699.5403043,1076,324
24,Quebec,2023,Core Defence Industrial Complex,ALL,2627907676,2746673713.553151,150,53
24,Quebec,2023,General Government Support,ALL,320933633.7,335437954.510121,1286,603
24,Quebec,2023,Industrial and Technical Support,ALL,901788945.45,942544524.7796944,1056,381
24,Quebec,2024,Core Defence Industrial Complex,ALL,574573647.26,586357942.0763953,209,83
24,Quebec,2024,General Government Support,ALL,107746468.24,109956308.79433188,1350,571
24,Quebec,2024,Industrial and Technical Support,ALL,227454830.68,232119845.85243008,1147,375
24,Quebec,2025,Core Defence Industrial Complex,ALL,1193300438.23,1193300438.23,371,112
24,Quebec,2025,General Government Support,ALL,434824531.84,434824531.84,2116,756
24,Quebec,2025,Industrial and Technical Support,ALL,386001386.3,386001386.3,1354,453
24,Quebec,2026,Core Defence Industrial Complex,ALL,981289892.47,960237189.1750535,164,80
24,Quebec,2026,General Government Support,ALL,39681225.97,38829900.50222884,553,285
24,Quebec,2026,Industrial and Technical Support,ALL,890275231.29,871175166.7331226,399,185
35,Ontario,2016,Core Defence Industrial Complex,ALL,12360971.78,15807410.952305295,15,12
35,Ontario,2016,General Government Support,ALL,96302293.19,123152932.56852023,323,167
35,Ontario,2016,Industrial and Technical Support,ALL,230388585.8,294624655.67258567,183,104
35,Ontario,2017,Core Defence Industrial Complex,ALL,69505774.71,87521842.0811503,131,61
35,Ontario,2017,General Government Support,ALL,2072942381.4,2610254133.634049,2229,857
35,Ontario,2017,Industrial and Technical Support,ALL,537802409.71,677202114.0673466,2227,583
35,Ontario,2018,Core Defence Industrial Complex,ALL,155215062.06,191051823.01538232,166,89
35,Ontario,2018,General Government Support,ALL,651175700.58,801522114.2071663,2706,1030
35,Ontario,2018,Industrial and Technical Support,ALL,1361152530.59,1675421630.6062818,2736,726
35,Ontario,2019,Core Defence Industrial Complex,ALL,80360888.39,97023954.95322058,132,74
35,Ontario,2019,General Government Support,ALL,426771649.09,515264005.7395441,2472,955
35,Ontario,2019,Industrial and Technical Support,ALL,609687147.02,736107570.1520882,2355,656
35,Ontario,2020,Core Defence Industrial Complex,ALL,48301955.71,57891833.048043795,93,47
35,Ontario,2020,General Government Support,ALL,521413618.32,624935154.2200292,2351,922
35,Ontario,2020,Industrial and Technical Support,ALL,674929604.78,808930227.0428905,2047,616
35,Ontario,2021,Core Defence Industrial Complex,ALL,51786814.1,60052223.69505649,110,66
35,Ontario,2021,General Government Support,ALL,487141300.33,564891253.631257,2590,975
35,Ontario,2021,Industrial and Technical Support,ALL,759366106.21,880564368.9243078,2332,607
35,Ontario,2022,Core Defence Industrial Complex,ALL,87536239.61,95062503.59763229,121,71
35,Ontario,2022,General Government Support,ALL,1547673240.22,1680740383.889709,2906,1131
35,Ontario,2022,Industrial and Technical Support,ALL,1070166007.45,1162177635.0746694,2503,731
35,Ontario,2023,Core Defence Industrial Complex,ALL,617777397.93,645697318.5239084,158,101
35,Ontario,2023,General Government Support,ALL,592920342.22,619716869.4622788,3421,1355
35,Ontario,2023,Industrial and Technical Support,ALL,2564169555.62,2680055003.391496,2649,873
35,Ontario,2024,Core Defence Industrial Complex,ALL,1022211106.83,1043176281.799167,140,96
35,Ontario,2024,General Government Support,ALL,11691274811.22,11931058570.555151,3205,1251
35,Ontario,2024,Industrial and Technical Support,ALL,1360493397.77,1388396618.4824984,2273,804
35,Ontario,2025,Core Defence Industrial Complex,ALL,117463064.84,117463064.84,300,161
35,Ontario,2025,General Government Support,ALL,987476210.92,987476210.92,4330,1560
35,Ontario,2025,Industrial and Technical Support,ALL,1340451367.52,1340451367.52,2999,942
35,Ontario,2026,Core Defence Industrial Complex,ALL,340697816.37,333388447.24644816,146,78
35,Ontario,2026,General Government Support,ALL,140445669.18,137432532.05814064,1082,563
35,Ontario,2026,Industrial and Technical Support,ALL,461770468.57,451863593.2013945,808,380
46,Manitoba,2016,Core Defence Industrial Complex,ALL,7102130.86,9082319.993862927,4,3
46,Manitoba,2016,General Government Support,ALL,1121778.3599999999,1434548.3388785045,19,7
46,Manitoba,2016,Industrial and Technical Support,ALL,815827.43,1043293.3333800622,12,8
46,Manitoba,2017,Core Defence Industrial Complex,ALL,6597001.42,8306960.37702454,26,6
46,Manitoba,2017,General Government Support,ALL,18707357.14,23556350.018312883,178,70
46,Manitoba,2017,Industrial and Technical Support,ALL,41756226.589999996,52579542.991395704,201,47
46,Manitoba,2018,Core Defence Industrial Complex,ALL,49536994.7,60974321.81214393,24,8
46,Manitoba,2018,General Government Support,ALL,28298015.02,34831589.70227886,281,85
46,Manitoba,2018,Industrial and Technical Support,ALL,19891667.79,24484346.710029982,273,58
46,Manitoba,2019,Core Defence Industrial Complex,ALL,242015.40999999997,292198.01707352937,6,3
46,Manitoba,2019,General Government Support,ALL,14604925.83,17633300.156514704,197,79
46,Manitoba,2019,Industrial and Technical Support,ALL,17980680.72,21709027.75164706,154,52
46,Manitoba,2020,Core Defence Industrial Complex,ALL,1746510.06,2093262.4222773723,18,6
46,Manitoba,2020,General Government Support,ALL,17716169.14,21233539.947357666,219,78
46,Manitoba,2020,Industrial and Technical Support,ALL,29950968.7,35897438.398102194,137,39
46,Manitoba,2021,Core Defence Industrial Complex,ALL,250969.98,291025.9231355932,11,4
46,Manitoba,2021,General Government Support,ALL,26849385.56,31134668.84853107,255,87
46,Manitoba,2021,Industrial and Technical Support,ALL,10389834.31,12048098.825579096,147,46
46,Manitoba,2022,Core Defence Industrial Complex,ALL,160072.2,173835.02142857143,7,3
46,Manitoba,2022,General Government Support,ALL,68575998.95,74472083.51580688,297,90
46,Manitoba,2022,Industrial and Technical Support,ALL,21520535.88,23370846.504603177,150,59
46,Manitoba,2023,Core Defence Industrial Complex,ALL,31835868.52,33274663.34171865,17,11
46,Manitoba,2023,General Government Support,ALL,42546291.99,44469135.230795674,413,172
46,Manitoba,2023,Industrial and Technical Support,ALL,20645738.8,21578805.28936983,157,64
46,Manitoba,2024,Core Defence Industrial Complex,ALL,100863.01,102931.67334990676,7,6
46,Manitoba,2024,General Government Support,ALL,11504569.57,11740524.073300185,301,123
46,Manitoba,2024,Industrial and Technical Support,ALL,15265650.55,15578743.445059042,108,58
46,Manitoba,2025,Core Defence Industrial Complex,ALL,1373717.85,1373717.85,18,9
46,Manitoba,2025,General Government Support,ALL,32921921.39,32921921.39,468,164
46,Manitoba,2025,Industrial and Technical Support,ALL,13080432.52,13080432.52,123,65
46,Manitoba,2026,Core Defence Industrial Complex,ALL,26054182.67,25495213.315935634,7,6
46,Manitoba,2026,General Government Support,ALL,31617384.92,30939062.001573298,145,67
46,Manitoba,2026,Industrial and Technical Support,ALL,6379551.37,6242683.760154946,41,24
47,Saskatchewan,2016,Core Defence Industrial Complex,ALL,13095.15,16746.289953271025,1,1
47,Saskatchewan,2016,General Government Support,ALL,322272.78,412127.6516822429,3,3
47,Saskatchewan,2016,Industrial and Technical Support,ALL,175072.96,223886.13732087225,5,3
47,Saskatchewan,2017,General Government Support,ALL,2769933.64,3487907.2368711657,52,33
47,Saskatchewan,2017,Industrial and Technical Support,ALL,12334110.57,15531142.2975,42,25
47,Saskatchewan,2018,Core Defence Industrial Complex,ALL,196369.45,241708.1236131934,5,4
47,Saskatchewan,2018,General Government Support,ALL,2587411.46,3184804.8105847077,91,43
47,Saskatchewan,2018,Industrial and Technical Support,ALL,3091901.7,3805774.056521739,72,23
47,Saskatchewan,2019,Core Defence Industrial Complex,ALL,436096.3,526522.1504411764,2,2
47,Saskatchewan,2019,General Government Support,ALL,3756468.66,4535383.485088235,88,29
47,Saskatchewan,2019,Industrial and Technical Support,ALL,2938454.94,3547752.2143235295,51,20
47,Saskatchewan,2020,Core Defence Industrial Complex,ALL,114743.39,137524.55940145985,3,3
47,Saskatchewan,2020,General Government Support,ALL,10797690.72,12941465.811854014,74,42
47,Saskatchewan,2020,Industrial and Technical Support,ALL,6743161.11,8081949.301182481,91,23
47,Saskatchewan,2021,Core Defence Industrial Complex,ALL,12692.21,14717.944081920903,1,1
47,Saskatchewan,2021,General Government Support,ALL,4246281.4,4924007.103672316,59,39
47,Saskatchewan,2021,Industrial and Technical Support,ALL,6199838.59,7189360.850833333,114,37
47,Saskatchewan,2022,Core Defence Industrial Complex,ALL,17787,19316.30555555556,1,1
47,Saskatchewan,2022,General Government Support,ALL,11072599.63,12024608.857447091,141,58
47,Saskatchewan,2022,Industrial and Technical Support,ALL,4494582697.9,4881021686.476059,120,42
47,Saskatchewan,2023,Core Defence Industrial Complex,ALL,211292.22,220841.39098663273,2,2
47,Saskatchewan,2023,General Government Support,ALL,31332144.73,32748174.18628899,111,54
47,Saskatchewan,2023,Industrial and Technical Support,ALL,38639565.03,40385847.09055379,110,45
47,Saskatchewan,2024,Core Defence Industrial Complex,ALL,84087.48999999999,85812.0935860783,2,2
47,Saskatchewan,2024,General Government Support,ALL,4406289.01,4496660.381864511,81,43
47,Saskatchewan,2024,Industrial and Technical Support,ALL,13242112.39,13513703.259403355,52,30
47,Saskatchewan,2025,Core Defence Industrial Complex,ALL,484287.83999999997,484287.83999999997,5,4
47,Saskatchewan,2025,General Government Support,ALL,6434859.39,6434859.39,142,48
47,Saskatchewan,2025,Industrial and Technical Support,ALL,19270580.490000002,19270580.490000002,65,31
47,Saskatchewan,2026,Core Defence Industrial Complex,ALL,11967.18,11710.434779499403,1,1
47,Saskatchewan,2026,General Government Support,ALL,908921.22,889421.1223122764,32,25
47,Saskatchewan,2026,Industrial and Technical Support,ALL,3136008.53,3068728.251644815,10,10
48,Alberta,2016,Core Defence Industrial Complex,ALL,11698.1,14959.719781931462,1,1
48,Alberta,2016,General Government Support,ALL,3384293.21,4327888.980389408,71,43
48,Alberta,2016,Industrial and Technical Support,ALL,3800775.39,4860493.138925233,95,25
48,Alberta,2017,Core Defence Industrial Complex,ALL,3088392.85,3888911.8555981596,39,18
48,Alberta,2017,General Government Support,ALL,620817779.48,781735271.4004295,880,281
48,Alberta,2017,Industrial and Technical Support,ALL,137833769.16,173560620.3686503,708,170
48,Alberta,2018,Core Defence Industrial Complex,ALL,1596924.94,1965630.248485757,37,26
48,Alberta,2018,General Government Support,ALL,165694456.53,203950747.84277362,1141,347
48,Alberta,2018,Industrial and Technical Support,ALL,109021842.54,134193302.4367916,919,204
48,Alberta,2019,Core Defence Industrial Complex,ALL,631589.42,762551.3438529412,20,19
48,Alberta,2019,General Government Support,ALL,110774645.24,133744093.73829411,913,309
48,Alberta,2019,Industrial and Technical Support,ALL,98652123.82,119107931.84738235,1116,169
48,Alberta,2020,Core Defence Industrial Complex,ALL,1387178.41,1662589.0140291972,30,25
48,Alberta,2020,General Government Support,ALL,77330072.17,92683195.98769343,785,271
48,Alberta,2020,Industrial and Technical Support,ALL,240784867.74,288590330.5321752,752,173
48,Alberta,2021,Core Defence Industrial Complex,ALL,83449195,96768063.69350281,22,17
48,Alberta,2021,General Government Support,ALL,84339514.23,97800481.89665253,1076,308
48,Alberta,2021,Industrial and Technical Support,ALL,131279015.3,152231739.49336156,932,187
48,Alberta,2022,Core Defence Industrial Complex,ALL,7579657.8,8231347.954761906,21,16
48,Alberta,2022,General Government Support,ALL,139749021.98,151764480.21902117,988,336
48,Alberta,2022,Industrial and Technical Support,ALL,160528224.79,174330254.69919312,1023,204
48,Alberta,2023,Core Defence Industrial Complex,ALL,7133285.12,7455667.833889243,37,26
48,Alberta,2023,General Government Support,ALL,201837150.88,210959008.11264163,1036,387
48,Alberta,2023,Industrial and Technical Support,ALL,113135302.7,118248355.84557608,1042,242
48,Alberta,2024,Core Defence Industrial Complex,ALL,3966497.7399999998,4047849.1541827223,35,29
48,Alberta,2024,General Government Support,ALL,214745073.19,219149415.8968179,874,336
48,Alberta,2024,Industrial and Technical Support,ALL,114846186.17,117201639.33569919,809,201
48,Alberta,2025,Core Defence Industrial Complex,ALL,9885971.83,9885971.83,83,35
48,Alberta,2025,General Government Support,ALL,89311811.14,89311811.14,1264,420
48,Alberta,2025,Industrial and Technical Support,ALL,130364405.98,130364405.98,723,219
48,Alberta,2026,Core Defence Industrial Complex,ALL,2000832.21,1957906.1315971392,25,7
48,Alberta,2026,General Government Support,ALL,17993660.97,17607622.9515733,248,141
48,Alberta,2026,Industrial and Technical Support,ALL,19129839.71,18719425.985589985,161,70
59,British Columbia,2016,Core Defence Industrial Complex,ALL,156159.13,199698.82512461056,7,5
59,British Columbia,2016,General Government Support,ALL,9204317.879999999,11770630.809158877,53,40
59,British Columbia,2016,Industrial and Technical Support,ALL,2045624.28,2615977.4671028033,41,20
59,British Columbia,2017,Core Defence Industrial Complex,ALL,173387399.72,218329839.21797544,82,26
59,British Columbia,2017,General Government Support,ALL,235507191.67,296551233.6826227,467,214
59,British Columbia,2017,Industrial and Technical Support,ALL,84526437.35,106435897.33796012,520,124
59,British Columbia,2018,Core Defence Industrial Complex,ALL,163563638.03,201327956.2558171,47,26
59,British Columbia,2018,General Government Support,ALL,86943969.37,107017989.28451274,657,238
59,British Columbia,2018,Industrial and Technical Support,ALL,127907611.57,157439503.89650673,816,175
59,British Columbia,2019,Core Defence Industrial Complex,ALL,1212906088.56,1464405733.3937647,52,22
59,British Columbia,2019,General Government Support,ALL,60256345.89,72750676.43483824,598,233
59,British Columbia,2019,Industrial and Technical Support,ALL,139257189.15,168132576.90022057,714,131
59,British Columbia,2020,Core Defence Industrial Complex,ALL,37979995.95,45520549.89043796,45,19
59,British Columbia,2020,General Government Support,ALL,59584212.66,71414070.9399416,715,237
59,British Columbia,2020,Industrial and Technical Support,ALL,42867365.37,51378258.34856934,422,121
59,British Columbia,2021,Core Defence Industrial Complex,ALL,28232942.6,32739047.845480226,38,20
59,British Columbia,2021,General Government Support,ALL,72328133.39,83872030.38586158,851,271
59,British Columbia,2021,Industrial and Technical Support,ALL,281745809.18,326713713.7525141,639,165
59,British Columbia,2022,Core Defence Industrial Complex,ALL,1228759927.67,1334407275.9485054,30,20
59,British Columbia,2022,General Government Support,ALL,134297829.38,145844600.42457673,813,284
59,British Columbia,2022,Industrial and Technical Support,ALL,94404161.83,102520921.77570106,405,168
59,British Columbia,2023,Core Defence Industrial Complex,ALL,5230635.42,5467029.509637174,25,23
59,British Columbia,2023,General Government Support,ALL,114132757.9,119290890.1793762,1080,396
59,British Columbia,2023,Industrial and Technical Support,ALL,85679885.85,89552114.93679185,607,213
59,British Columbia,2024,Core Defence Industrial Complex,ALL,4158893925.6,4244191315.000124,26,22
59,British Columbia,2024,General Government Support,ALL,93126722.16,95036717.08310752,875,323
59,British Columbia,2024,Industrial and Technical Support,ALL,158616886.89,161870061.07730266,637,208
59,British Columbia,2025,Core Defence Industrial Complex,ALL,52593172,52593172,161,70
59,British Columbia,2025,General Government Support,ALL,149243650.14000002,149243650.14000002,1447,469
59,British Columbia,2025,Industrial and Technical Support,ALL,79988521.61,79988521.61,577,240
59,British Columbia,2026,Core Defence Industrial Complex,ALL,15680733.09,15344316.885446958,73,39
59,British Columbia,2026,General Government Support,ALL,37201168.2,36403050.169487484,273,165
59,British Columbia,2026,Industrial and Technical Support,ALL,52041043.82,50924549.43530393,200,103
60,Yukon,2016,Industrial and Technical Support,ALL,112208.64,143494.22654205607,7,1
60,Yukon,2017,General Government Support,ALL,89238.45,112369.27523006135,5,5
60,Yukon,2017,Industrial and Technical Support,ALL,313604.01,394890.93897239264,4,3
60,Yukon,2018,General Government Support,ALL,41790,51438.66566716642,2,2
60,Yukon,2018,Industrial and Technical Support,ALL,3437176.89,4230767.956056971,8,3
60,Yukon,2019,General Government Support,ALL,22249.5,26862.999264705883,2,2
60,Yukon,2019,Industrial and Technical Support,ALL,352003.42,424992.3644411764,18,1
60,Yukon,2020,Core Defence Industrial Complex,ALL,21357,25597.22189781022,1,1
60,Yukon,2020,Industrial and Technical Support,ALL,137600.35,164919.54357664235,3,1
60,Yukon,2021,General Government Support,ALL,62899.47,72938.50970338983,3,2
60,Yukon,2021,Industrial and Technical Support,ALL,603154.13,699420.2552683615,12,2
60,Yukon,2022,General Government Support,ALL,215814.5,234369.9794973545,4,4
60,Yukon,2022,Industrial and Technical Support,ALL,660920.5,717745.6752645504,18,3
60,Yukon,2023,General Government Support,ALL,150947.1,157769.02495225973,5,4
60,Yukon,2023,Industrial and Technical Support,ALL,645048.9500000001,674201.385041375,18,5
60,Yukon,2024,General Government Support,ALL,130719.23,133400.23347420758,4,4
60,Yukon,2024,Industrial and Technical Support,ALL,852458.48,869942.0908390305,13,5
60,Yukon,2025,General Government Support,ALL,302526.64,302526.64,11,8
60,Yukon,2025,Industrial and Technical Support,ALL,3939435.89,3939435.89,16,13
60,Yukon,2026,General Government Support,ALL,218096.37,213417.3060429082,8,8
60,Yukon,2026,Industrial and Technical Support,ALL,106220.1,103941.24207389749,1,1
61,Northwest Territories,2017,General Government Support,ALL,661794.72,833333.5354601226,9,9
61,Northwest Territories,2017,Industrial and Technical Support,ALL,237004.87,298437.1139110429,13,10
61,Northwest Territories,2018,General Government Support,ALL,155828.22,191806.5496551724,11,10
61,Northwest Territories,2018,Industrial and Technical Support,ALL,475276.06,585009.9629085457,7,5
61,Northwest Territories,2019,General Government Support,ALL,1156783.52,1396645.9851764706,14,10
61,Northwest Territories,2019,Industrial and Technical Support,ALL,815195.55,984228.7449264706,19,10
61,Northwest Territories,2020,General Government Support,ALL,1573920.52,1886406.929810219,23,5
61,Northwest Territories,2020,Industrial and Technical Support,ALL,336810.67,403681.1095912409,14,5
61,Northwest Territories,2021,Core Defence Industrial Complex,ALL,427815.5,496096.7874293785,3,2
61,Northwest Territories,2021,General Government Support,ALL,1235979.31,1433247.1942231639,28,5
61,Northwest Territories,2021,Industrial and Technical Support,ALL,9450895.36,10959300.975367231,22,6
61,Northwest Territories,2022,Core Defence Industrial Complex,ALL,200882,218153.60052910054,3,1
61,Northwest Territories,2022,General Government Support,ALL,829618.59,900948.2306746033,31,11
61,Northwest Territories,2022,Industrial and Technical Support,ALL,4228033.59,4591554.996547619,24,9
61,Northwest Territories,2023,General Government Support,ALL,139685.66999999998,145998.6442647995,6,3
61,Northwest Territories,2023,Industrial and Technical Support,ALL,3933003.0100000002,4110751.713825589,20,7
61,Northwest Territories,2024,General Government Support,ALL,21709069.31,22154314.361106277,13,12
61,Northwest Territories,2024,Industrial and Technical Support,ALL,1120949,1143939.2529521442,14,8
61,Northwest Territories,2025,Core Defence Industrial Complex,ALL,2940000,2940000,1,1
61,Northwest Territories,2025,General Government Support,ALL,1210747.79,1210747.79,31,28
61,Northwest Territories,2025,Industrial and Technical Support,ALL,1608336.9000000001,1608336.9000000001,34,16
61,Northwest Territories,2026,Core Defence Industrial Complex,ALL,69773.66,68276.72808104886,1,1
61,Northwest Territories,2026,General Government Support,ALL,574139.03,561821.3869249106,13,13
61,Northwest Territories,2026,Industrial and Technical Support,ALL,430891.59,421647.19355184736,9,4
62,Nunavut,2016,General Government Support,ALL,15750,20141.355140186915,1,1
62,Nunavut,2016,Industrial and Technical Support,ALL,649775.82,830943.8445794391,36,2
62,Nunavut,2017,General Government Support,ALL,102267.82,128775.88990797545,4,4
62,Nunavut,2017,Industrial and Technical Support,ALL,1493962.6500000001,1881201.4350460123,40,4
62,Nunavut,2018,General Government Support,ALL,183209.24,225509.42434782608,4,4
62,Nunavut,2018,Industrial and Technical Support,ALL,1730385.27,2129904.5077511244,69,7
62,Nunavut,2019,General Government Support,ALL,24231.81,29256.34707352941,2,2
62,Nunavut,2019,Industrial and Technical Support,ALL,1081597.74,1305870.2125588234,55,4
62,Nunavut,2020,General Government Support,ALL,277908.84,333084.9016642336,13,5
62,Nunavut,2020,Industrial and Technical Support,ALL,1775937.41,2128532.2826423356,75,4
62,Nunavut,2021,General Government Support,ALL,259476.7,300890.3540960452,12,5
62,Nunavut,2021,Industrial and Technical Support,ALL,1264084.15,1465837.6937146892,60,5
62,Nunavut,2022,General Government Support,ALL,591692008.32,642564998.4533333,8,5
62,Nunavut,2022,Industrial and Technical Support,ALL,861278.5700000001,935330.2989021166,6,4
62,Nunavut,2023,General Government Support,ALL,209028.63,218475.49997453854,10,5
62,Nunavut,2023,Industrial and Technical Support,ALL,364815.39,381302.9092170592,19,5
62,Nunavut,2024,General Government Support,ALL,2460671.7199999997,2511139.194679925,12,8
62,Nunavut,2024,Industrial and Technical Support,ALL,2839527.58,2897765.2494468614,8,5
62,Nunavut,2025,Core Defence Industrial Complex,ALL,13934.2,13934.2,1,1
62,Nunavut,2025,General Government Support,ALL,2657060.42,2657060.42,14,10
62,Nunavut,2025,Industrial and Technical Support,ALL,22565672.31,22565672.31,25,6
62,Nunavut,2026,General Government Support,ALL,1182664.3,1157291.2876042908,13,12
62,Nunavut,2026,Industrial and Technical Support,ALL,112439.25,110026.96573301549,1,1
10,Newfoundland and Labrador,2016,ALL,Administrative,570498,729562.0841121494,15,9
10,Newfoundland and Labrador,2016,ALL,Digital Systems & Software,10796.2,13806.355451713394,1,1
10,Newfoundland and Labrador,2016,ALL,Industrial Equipment & Manufacturing,109925.79,140574.8809813084,4,3
10,Newfoundland and Labrador,2016,ALL,"R&D, Engineering & Scientific Services",10315,13190.989096573207,1,1
10,Newfoundland and Labrador,2016,ALL,"Resources, Fuel & Materials",142203.71,181852.40795950155,5,2
10,Newfoundland and Labrador,2017,ALL,Administrative,1850914.1500000001,2330675.6398006133,101,20
10,Newfoundland and Labrador,2017,ALL,Aerospace & Space,175471.05,220953.57676380366,7,4
10,Newfoundland and Labrador,2017,ALL,Construction & Infrastructure,1992720.8900000001,2509239.0348006133,19,10
10,Newfoundland and Labrador,2017,ALL,Digital Systems & Software,19320,24327.791411042945,1,1
10,Newfoundland and Labrador,2017,ALL,Industrial Equipment & Manufacturing,532772.98,670869.0438343558,9,9
10,Newfoundland and Labrador,2017,ALL,Land Systems & Vehicles,53099.869999999995,66863.48661042945,2,2
10,Newfoundland and Labrador,2017,ALL,Marine & Shipbuilding,1225752.1099999999,1543470.0648926378,8,5
10,Newfoundland and Labrador,2017,ALL,"R&D, Engineering & Scientific Services",4246364.57,5347032.687070552,15,8
10,Newfoundland and Labrador,2017,ALL,"Resources, Fuel & Materials",2319368.3,2920554.2550613494,36,9
10,Newfoundland and Labrador,2018,ALL,Administrative,4338550.32,5340254.5917841075,42,33
10,Newfoundland and Labrador,2018,ALL,Aerospace & Space,745384.29,917482.0121289355,15,6
10,Newfoundland and Labrador,2018,ALL,Communications & Electronics,774060.2,952778.7469265367,1,1
10,Newfoundland and Labrador,2018,ALL,Construction & Infrastructure,1396792.92,1719290.835562219,17,11
10,Newfoundland and Labrador,2018,ALL,Digital Systems & Software,16668.63,20517.159265367318,1,1
10,Newfoundland and Labrador,2018,ALL,Industrial Equipment & Manufacturing,753857.67,927911.7647226385,11,10
10,Newfoundland and Labrador,2018,ALL,Land Systems & Vehicles,14230,17515.487256371813,1,1
10,Newfoundland and Labrador,2018,ALL,Marine & Shipbuilding,206058.36,253634.0533133433,5,1
10,Newfoundland and Labrador,2018,ALL,"R&D, Engineering & Scientific Services",3565535.93,4388763.116236881,17,9
10,Newfoundland and Labrador,2018,ALL,"Resources, Fuel & Materials",1925735.09,2370357.5845427285,61,13
10,Newfoundland and Labrador,2019,ALL,Administrative,7536389.04,9099081.473294117,35,24
10,Newfoundland and Labrador,2019,ALL,Aerospace & Space,174644.05,210857.00742647058,9,3
10,Newfoundland and Labrador,2019,ALL,Communications & Electronics,37840.53,45686.87519117646,1,1
10,Newfoundland and Labrador,2019,ALL,Construction & Infrastructure,1501990.03,1813432.0803382352,19,12
10,Newfoundland and Labrador,2019,ALL,Digital Systems & Software,37064,44749.3294117647,2,2
10,Newfoundland and Labrador,2019,ALL,Industrial Equipment & Manufacturing,277511.77999999997,335054.66379411763,14,9
10,Newfoundland and Labrador,2019,ALL,Marine & Shipbuilding,497101.56999999995,600177.042602941,3,3
10,Newfoundland and Labrador,2019,ALL,"R&D, Engineering & Scientific Services",2775470.63,3350972.6282794117,11,8
10,Newfoundland and Labrador,2019,ALL,"Resources, Fuel & Materials",1615863.6,1950917.67,73,10
10,Newfoundland and Labrador,2020,ALL,Administrative,1753136.41,2101204.3687737226,32,25
10,Newfoundland and Labrador,2020,ALL,Aerospace & Space,4904884.55,5878701.04459854,4,3
10,Newfoundland and Labrador,2020,ALL,Communications & Electronics,57264.56,68633.87410218979,2,2
10,Newfoundland and Labrador,2020,ALL,Construction & Infrastructure,14107030.75,16907842.694525547,12,8
10,Newfoundland and Labrador,2020,ALL,Digital Systems & Software,12500,14981.751824817518,1,1
10,Newfoundland and Labrador,2020,ALL,Industrial Equipment & Manufacturing,10570718.38,12669430.350335767,19,14
10,Newfoundland and Labrador,2020,ALL,Land Systems & Vehicles,12644.6,15155.060729927009,1,1
10,Newfoundland and Labrador,2020,ALL,Marine & Shipbuilding,136565.13,163678.79084671533,3,3
10,Newfoundland and Labrador,2020,ALL,"R&D, Engineering & Scientific Services",1596926,1913979.9211678833,5,3
10,Newfoundland and Labrador,2020,ALL,"Resources, Fuel & Materials",2478791.43,2970931.042379562,47,15
10,Newfoundland and Labrador,2021,ALL,Administrative,11269076.74,13067672.32138418,39,27
10,Newfoundland and Labrador,2021,ALL,Aerospace & Space,531126.1,615896.2261299435,10,4
10,Newfoundland and Labrador,2021,ALL,Communications & Electronics,525073.84,608877.998079096,3,3
10,Newfoundland and Labrador,2021,ALL,Construction & Infrastructure,2119064.88,2457277.2125423728,42,15
10,Newfoundland and Labrador,2021,ALL,Digital Systems & Software,135558.76,157194.55079096043,2,2
10,Newfoundland and Labrador,2021,ALL,Industrial Equipment & Manufacturing,193789.41999999998,224719.08731638416,11,10
10,Newfoundland and Labrador,2021,ALL,"R&D, Engineering & Scientific Services",2777870.47,3221231.152358757,5,4
10,Newfoundland and Labrador,2021,ALL,"Resources, Fuel & Materials",1347566.65,1562644.378036723,65,10
10,Newfoundland and Labrador,2022,ALL,Administrative,2946110.71,3199413.8795105824,45,38
10,Newfoundland and Labrador,2022,ALL,Aerospace & Space,281357.35,305548.12744708994,4,4
10,Newfoundland and Labrador,2022,ALL,Communications & Electronics,92961.8,100954.54735449736,3,3
10,Newfoundland and Labrador,2022,ALL,Construction & Infrastructure,6481953.25,7039264.045304233,31,16
10,Newfoundland and Labrador,2022,ALL,Industrial Equipment & Manufacturing,1486866.27,1614705.3011507937,10,9
10,Newfoundland and Labrador,2022,ALL,Land Systems & Vehicles,197819.42,214827.70346560847,5,5
10,Newfoundland and Labrador,2022,ALL,Marine & Shipbuilding,50053295,54356819.04100529,2,1
10,Newfoundland and Labrador,2022,ALL,"R&D, Engineering & Scientific Services",2789729.1599999997,3029586.825873016,6,3
10,Newfoundland and Labrador,2022,ALL,"Resources, Fuel & Materials",3244910.2,3523903.801851852,112,8
10,Newfoundland and Labrador,2023,ALL,Administrative,4567029.8100000005,4773432.812234246,43,28
10,Newfoundland and Labrador,2023,ALL,Aerospace & Space,28401.08,29684.642495225973,1,1
10,Newfoundland and Labrador,2023,ALL,Construction & Infrastructure,10530737.95,11006665.635837046,25,12
10,Newfoundland and Labrador,2023,ALL,Digital Systems & Software,183678,191979.1699554424,1,1
10,Newfoundland and Labrador,2023,ALL,Industrial Equipment & Manufacturing,1398599.6900000002,1461808.205588797,7,7
10,Newfoundland and Labrador,2023,ALL,Land Systems & Vehicles,78144,81675.6511775939,1,1
10,Newfoundland and Labrador,2023,ALL,Marine & Shipbuilding,41157110,43017170.35009548,3,2
10,Newfoundland and Labrador,2023,ALL,"R&D, Engineering & Scientific Services",2995149.29,3130512.4978866964,4,3
10,Newfoundland and Labrador,2023,ALL,"Resources, Fuel & Materials",4559222.41,4765272.563475493,117,12
10,Newfoundland and Labrador,2024,ALL,Administrative,1897272.8,1936185.169422001,23,21
10,Newfoundland and Labrador,2024,ALL,Communications & Electronics,27956.95,28530.336793039154,2,2
10,Newfoundland and Labrador,2024,ALL,Construction & Infrastructure,28610100.28,29196882.945779987,39,20
10,Newfoundland and Labrador,2024,ALL,Industrial Equipment & Manufacturing,39094.07,39895.87504039776,3,2
10,Newfoundland and Labrador,2024,ALL,Land Systems & Vehicles,524999.5,535767.047234307,5,5
10,Newfoundland and Labrador,2024,ALL,Marine & Shipbuilding,57663899,58846564.42386575,2,1
10,Newfoundland and Labrador,2024,ALL,"R&D, Engineering & Scientific Services",4024688.6,4107233.487383468,2,1
10,Newfoundland and Labrador,2024,ALL,"Resources, Fuel & Materials",3469760.96,3540924.4849720323,122,8
10,Newfoundland and Labrador,2025,ALL,Administrative,3524173.83,3524173.83,58,36
10,Newfoundland and Labrador,2025,ALL,Aerospace & Space,289641.67,289641.67,4,4
10,Newfoundland and Labrador,2025,ALL,Communications & Electronics,239812.95,239812.95,3,3
10,Newfoundland and Labrador,2025,ALL,Construction & Infrastructure,4311156.8,4311156.8,53,18
10,Newfoundland and Labrador,2025,ALL,Industrial Equipment & Manufacturing,3045119.84,3045119.84,26,20
10,Newfoundland and Labrador,2025,ALL,Land Systems & Vehicles,53274.08,53274.08,3,3
10,Newfoundland and Labrador,2025,ALL,Marine & Shipbuilding,26264945.36,26264945.36,308,83
10,Newfoundland and Labrador,2025,ALL,"R&D, Engineering & Scientific Services",119005,119005,3,3
10,Newfoundland and Labrador,2025,ALL,"Resources, Fuel & Materials",6928325.66,6928325.66,133,12
10,Newfoundland and Labrador,2026,ALL,Administrative,2074950.06,2030433.848939213,44,22
10,Newfoundland and Labrador,2026,ALL,Communications & Electronics,32369.440000000002,31674.98240762813,2,2
10,Newfoundland and Labrador,2026,ALL,Construction & Infrastructure,384811.59,376555.79903456493,22,4
10,Newfoundland and Labrador,2026,ALL,Digital Systems & Software,449123.53,439487.98346841475,1,1
10,Newfoundland and Labrador,2026,ALL,Industrial Equipment & Manufacturing,1611267.01,1576698.7070441,28,21
10,Newfoundland and Labrador,2026,ALL,Land Systems & Vehicles,16688.62,16330.580476758043,1,1
10,Newfoundland and Labrador,2026,ALL,Marine & Shipbuilding,5375203.75,5259883.5265196655,159,65
10,Newfoundland and Labrador,2026,ALL,"R&D, Engineering & Scientific Services",22148.58,21673.401883194274,2,2
10,Newfoundland and Labrador,2026,ALL,"Resources, Fuel & Materials",5372284.3,5257026.710727056,41,8
11,Prince Edward Island,2016,ALL,Administrative,15470,19783.28660436137,1,1
11,Prince Edward Island,2016,ALL,Construction & Infrastructure,35719.3,45678.41947040498,1,1
11,Prince Edward Island,2017,ALL,Construction & Infrastructure,60819.91,76584.57992331288,2,2
11,Prince Edward Island,2017,ALL,"Resources, Fuel & Materials",11247,14162.25,1,1
11,Prince Edward Island,2018,ALL,Administrative,690438.99,849850.6908395801,6,6
11,Prince Edward Island,2018,ALL,Construction & Infrastructure,157992.67,194470.73773613194,3,3
11,Prince Edward Island,2018,ALL,Industrial Equipment & Manufacturing,52382.5,64476.81034482758,1,1
11,Prince Edward Island,2018,ALL,Land Systems & Vehicles,966304.75,1189409.594827586,1,1
11,Prince Edward Island,2019,ALL,Administrative,625007.64,754604.8124117646,9,9
11,Prince Edward Island,2019,ALL,Industrial Equipment & Manufacturing,25563.89,30864.637779411765,2,2
11,Prince Edward Island,2019,ALL,Marine & Shipbuilding,116581.25,140754.7150735294,1,1
11,Prince Edward Island,2019,ALL,"R&D, Engineering & Scientific Services",14375,17355.698529411762,1,1
11,Prince Edward Island,2020,ALL,Administrative,123282.3,147758.78583941606,3,3
11,Prince Edward Island,2020,ALL,Aerospace & Space,19005.38,22778.71091970803,1,1
11,Prince Edward Island,2020,ALL,Construction & Infrastructure,9953017,11929090.448175183,9,7
11,Prince Edward Island,2020,ALL,"R&D, Engineering & Scientific Services",13748.25,16477.829562043797,1,1
11,Prince Edward Island,2020,ALL,"Resources, Fuel & Materials",10557,12652.988321167884,1,1
11,Prince Edward Island,2021,ALL,Administrative,118315.85,137199.59442090394,5,5
11,Prince Edward Island,2021,ALL,Construction & Infrastructure,713966.2,827918.4324858757,18,5
11,Prince Edward Island,2021,ALL,Industrial Equipment & Manufacturing,26450,30671.539548022596,1,1
11,Prince Edward Island,2021,ALL,Marine & Shipbuilding,13083.77,15171.998827683616,1,1
11,Prince Edward Island,2021,ALL,"R&D, Engineering & Scientific Services",1118940.03,1297527.916144068,3,2
11,Prince Edward Island,2022,ALL,Administrative,649406.01,705241.1828174604,3,3
11,Prince Edward Island,2022,ALL,Aerospace & Space,42381.14,46025.02108465609,1,1
11,Prince Edward Island,2022,ALL,Communications & Electronics,10476.5,11377.257275132275,1,1
11,Prince Edward Island,2022,ALL,Construction & Infrastructure,516113.52,560488.3596825397,15,5
11,Prince Edward Island,2022,ALL,Industrial Equipment & Manufacturing,20297.5,22042.655423280423,1,1
11,Prince Edward Island,2022,ALL,"R&D, Engineering & Scientific Services",17020,18483.35978835979,1,1
11,Prince Edward Island,2023,ALL,Administrative,1343167.18,1403870.4707574793,15,13
11,Prince Edward Island,2023,ALL,Construction & Infrastructure,455534.83,476122.3366390834,16,7
11,Prince Edward Island,2023,ALL,"R&D, Engineering & Scientific Services",12000,12542.329726288988,1,1
11,Prince Edward Island,2024,ALL,Administrative,511636.61,522130.08926041017,15,8
11,Prince Edward Island,2024,ALL,Construction & Infrastructure,82575.64,84269.23609695463,3,1
11,Prince Edward Island,2024,ALL,"R&D, Engineering & Scientific Services",16102.5,16432.756370416406,1,1
11,Prince Edward Island,2025,ALL,Administrative,531349.29,531349.29,15,9
11,Prince Edward Island,2025,ALL,Aerospace & Space,1159285,1159285,1,1
11,Prince Edward Island,2025,ALL,Construction & Infrastructure,22941.07,22941.07,2,2
11,Prince Edward Island,2025,ALL,Industrial Equipment & Manufacturing,72068.73,72068.73,4,4
11,Prince Edward Island,2025,ALL,Land Systems & Vehicles,36330.96,36330.96,2,2
11,Prince Edward Island,2025,ALL,Marine & Shipbuilding,299212.94,299212.94,3,1
11,Prince Edward Island,2025,ALL,"Resources, Fuel & Materials",20000,20000,1,1
11,Prince Edward Island,2026,ALL,Administrative,118611.1,116066.40417163288,5,3
11,Prince Edward Island,2026,ALL,Marine & Shipbuilding,226508.02,221648.49156138254,2,1
12,Nova Scotia,2016,ALL,Administrative,4551240.05,5820199.503193146,51,23
12,Nova Scotia,2016,ALL,Communications & Electronics,21535.67,27540.16366043613,1,1
12,Nova Scotia,2016,ALL,Construction & Infrastructure,11204911.89,14329022.837523364,4,3
12,Nova Scotia,2016,ALL,Industrial Equipment & Manufacturing,1267205.74,1620523.2282554517,35,17
12,Nova Scotia,2016,ALL,Land Systems & Vehicles,22626.9,28935.646261682243,1,1
12,Nova Scotia,2016,ALL,Marine & Shipbuilding,1847455.99,2362556.6476479745,10,5
12,Nova Scotia,2016,ALL,"R&D, Engineering & Scientific Services",2250000,2877336.4485981306,2,2
12,Nova Scotia,2016,ALL,"Resources, Fuel & Materials",88109.8,112676.23956386292,7,5
12,Nova Scotia,2017,ALL,Administrative,34575054.13,43536993.0072546,252,91
12,Nova Scotia,2017,ALL,Aerospace & Space,1249150.1,1572932.8713190183,4,3
12,Nova Scotia,2017,ALL,Communications & Electronics,49056799.73,61772442.604800604,14,9
12,Nova Scotia,2017,ALL,Construction & Infrastructure,121440767.15,152918512.0094325,173,66
12,Nova Scotia,2017,ALL,Digital Systems & Software,1621664.12,2042003.4394478528,5,5
12,Nova Scotia,2017,ALL,Industrial Equipment & Manufacturing,13317578.53,16769527.566150306,188,77
12,Nova Scotia,2017,ALL,Land Systems & Vehicles,2592073.2,3263944.934355828,33,8
12,Nova Scotia,2017,ALL,Marine & Shipbuilding,5034378.41,6339301.648174846,50,13
12,Nova Scotia,2017,ALL,"R&D, Engineering & Scientific Services",28563850.3,35967670.39309816,42,17
12,Nova Scotia,2017,ALL,"Resources, Fuel & Materials",1181227.39,1487404.4282055213,55,27
12,Nova Scotia,2017,ALL,Weapons & Military Equipment,130971.29,164919.36976993864,2,2
12,Nova Scotia,2018,ALL,Administrative,50840932.089999996,62579318.20973013,333,122
12,Nova Scotia,2018,ALL,Aerospace & Space,1485568.96,1828563.892293853,5,4
12,Nova Scotia,2018,ALL,Communications & Electronics,511786.73,629950.3828035982,20,9
12,Nova Scotia,2018,ALL,Construction & Infrastructure,52378265.45,64471598.102623686,234,79
12,Nova Scotia,2018,ALL,Digital Systems & Software,319937.39,393805.9927886057,7,7
12,Nova Scotia,2018,ALL,Industrial Equipment & Manufacturing,10708838.65,13181344.125412293,246,70
12,Nova Scotia,2018,ALL,Land Systems & Vehicles,2908719.47,3580297.878365817,16,7
12,Nova Scotia,2018,ALL,Marine & Shipbuilding,30917393.83,38055742.63032983,62,17
12,Nova Scotia,2018,ALL,"R&D, Engineering & Scientific Services",13351027.9,16433574.071814092,75,23
12,Nova Scotia,2018,ALL,"Resources, Fuel & Materials",1749037.13,2152862.7941979007,67,20
12,Nova Scotia,2018,ALL,Weapons & Military Equipment,425843.2,524163.8188905547,3,3
12,Nova Scotia,2019,ALL,Administrative,49487868.99,59749324.17763235,342,104
12,Nova Scotia,2019,ALL,Aerospace & Space,358524.05,432865.06625,6,6
12,Nova Scotia,2019,ALL,Communications & Electronics,1771506.71,2138833.836632353,14,14
12,Nova Scotia,2019,ALL,Construction & Infrastructure,69668688.77,84114696.29436764,119,55
12,Nova Scotia,2019,ALL,Digital Systems & Software,336865.71,406715.80575,9,7
12,Nova Scotia,2019,ALL,Industrial Equipment & Manufacturing,16195530.44,19553721.31064706,203,77
12,Nova Scotia,2019,ALL,Land Systems & Vehicles,2590080.05,3127140.76625,23,14
12,Nova Scotia,2019,ALL,Marine & Shipbuilding,1327425670.16,1602671287.0608234,113,27
12,Nova Scotia,2019,ALL,"R&D, Engineering & Scientific Services",15156274.53,18298972.63107353,63,25
12,Nova Scotia,2019,ALL,"Resources, Fuel & Materials",1612134.26,1946415.040382353,72,23
12,Nova Scotia,2019,ALL,Weapons & Military Equipment,9983766.56,12053929.920235295,4,4
12,Nova Scotia,2020,ALL,Administrative,24562014.37,29438560.28871533,340,104
12,Nova Scotia,2020,ALL,Communications & Electronics,2060726.79,2469863.7877226276,9,7
12,Nova Scotia,2020,ALL,Construction & Infrastructure,45549309.53,54592676.093620434,212,65
12,Nova Scotia,2020,ALL,Digital Systems & Software,65104.72,78030.62061313869,2,2
12,Nova Scotia,2020,ALL,Industrial Equipment & Manufacturing,15033805.85,18018619.85817518,215,74
12,Nova Scotia,2020,ALL,Land Systems & Vehicles,1201378.13,1439899.9193138685,15,10
12,Nova Scotia,2020,ALL,Marine & Shipbuilding,5190832.08,6221420.638948905,51,7
12,Nova Scotia,2020,ALL,"R&D, Engineering & Scientific Services",593821855.7,711719333.62,79,24
12,Nova Scotia,2020,ALL,"Resources, Fuel & Materials",2044420.3,2450319.804817518,100,26
12,Nova Scotia,2020,ALL,Weapons & Military Equipment,14089030.700000001,16886268.911970805,8,1
12,Nova Scotia,2021,ALL,Administrative,754070134.47,874423136.1580085,324,117
12,Nova Scotia,2021,ALL,Aerospace & Space,62855.32,72887.3131638418,1,1
12,Nova Scotia,2021,ALL,Communications & Electronics,76365367.43,88553625.226031065,9,8
12,Nova Scotia,2021,ALL,Construction & Infrastructure,28079084.77,32560633.610409603,310,75
12,Nova Scotia,2021,ALL,Digital Systems & Software,519553.64,602476.7492090395,7,6
12,Nova Scotia,2021,ALL,Industrial Equipment & Manufacturing,12821069.61,14867370.268093219,250,82
12,Nova Scotia,2021,ALL,Land Systems & Vehicles,159301.83000000002,184727.1220762712,6,5
12,Nova Scotia,2021,ALL,Marine & Shipbuilding,6423282.4,7448467.302824858,52,18
12,Nova Scotia,2021,ALL,"R&D, Engineering & Scientific Services",41191620.33,47765989.11148305,92,28
12,Nova Scotia,2021,ALL,"Resources, Fuel & Materials",4905044.93,5687912.270522598,174,33
12,Nova Scotia,2021,ALL,Weapons & Military Equipment,9909402.3,11490987.695338983,4,3
12,Nova Scotia,2022,ALL,Administrative,54554405.73,59244930.032182544,393,142
12,Nova Scotia,2022,ALL,Aerospace & Space,32018857,34771801.054232806,10,5
12,Nova Scotia,2022,ALL,Communications & Electronics,2322543.0900000003,2522232.641388889,17,14
12,Nova Scotia,2022,ALL,Construction & Infrastructure,27697542.63,30078945.104801588,298,74
12,Nova Scotia,2022,ALL,Digital Systems & Software,1444487.03,1568682.343425926,3,3
12,Nova Scotia,2022,ALL,Industrial Equipment & Manufacturing,25627327.93,27830735.754669316,269,108
12,Nova Scotia,2022,ALL,Land Systems & Vehicles,8645956.85,9389326.155886244,15,11
12,Nova Scotia,2022,ALL,Marine & Shipbuilding,24943004.23,27087574.69951058,70,21
12,Nova Scotia,2022,ALL,"R&D, Engineering & Scientific Services",23503226.49,25524006.545357145,70,30
12,Nova Scotia,2022,ALL,"Resources, Fuel & Materials",10155115.99,11028241.042050265,242,35
12,Nova Scotia,2022,ALL,Weapons & Military Equipment,10661646.72,11578322.694603175,6,3
12,Nova Scotia,2023,ALL,Administrative,55689823.49,58206677.38420115,512,204
12,Nova Scotia,2023,ALL,Aerospace & Space,6156910.98,6435167.300547423,6,5
12,Nova Scotia,2023,ALL,Communications & Electronics,1499739.85,1567519.308529599,12,10
12,Nova Scotia,2023,ALL,Construction & Infrastructure,292973612.99,306214304.6018969,380,86
12,Nova Scotia,2023,ALL,Digital Systems & Software,264896.57,276868.343691916,2,2
12,Nova Scotia,2023,ALL,Industrial Equipment & Manufacturing,18737638.18,19584469.695455126,295,126
12,Nova Scotia,2023,ALL,Land Systems & Vehicles,11106836.56,11608800.529293444,26,17
12,Nova Scotia,2023,ALL,Marine & Shipbuilding,10663391.48,11145314.32855506,79,27
12,Nova Scotia,2023,ALL,"R&D, Engineering & Scientific Services",36093686.18,37724909.425563335,98,40
12,Nova Scotia,2023,ALL,"Resources, Fuel & Materials",13911399.54,14540113.332068747,222,44
12,Nova Scotia,2023,ALL,Weapons & Military Equipment,4389827.220000001,4588221.702889879,6,6
12,Nova Scotia,2024,ALL,Administrative,69582497.33,71009608.83521442,486,177
12,Nova Scotia,2024,ALL,Aerospace & Space,3480141424.06,3551517848.5435176,6,5
12,Nova Scotia,2024,ALL,Communications & Electronics,2580255.53,2633175.624773151,10,9
12,Nova Scotia,2024,ALL,Construction & Infrastructure,192562258.71,196511640.0259913,446,80
12,Nova Scotia,2024,ALL,Digital Systems & Software,667780.2699999999,681476.1984711,5,5
12,Nova Scotia,2024,ALL,Industrial Equipment & Manufacturing,47938799.71,48922006.913499065,303,125
12,Nova Scotia,2024,ALL,Land Systems & Vehicles,2424213.03,2473932.750316967,20,14
12,Nova Scotia,2024,ALL,Marine & Shipbuilding,43389575.18,44279479.45653201,59,22
12,Nova Scotia,2024,ALL,"R&D, Engineering & Scientific Services",43775091.2,44672902.268738344,72,38
12,Nova Scotia,2024,ALL,"Resources, Fuel & Materials",4428114.52,4518933.525071473,139,36
12,Nova Scotia,2024,ALL,Weapons & Military Equipment,9741457.2,9941250.915102547,2,2
12,Nova Scotia,2025,ALL,Administrative,67103438.85,67103438.85,800,213
12,Nova Scotia,2025,ALL,Aerospace & Space,5484956.42,5484956.42,6,6
12,Nova Scotia,2025,ALL,Communications & Electronics,1797450.3,1797450.3,9,9
12,Nova Scotia,2025,ALL,Construction & Infrastructure,55178370.04,55178370.04,384,88
12,Nova Scotia,2025,ALL,Digital Systems & Software,3866665.86,3866665.86,9,8
12,Nova Scotia,2025,ALL,Industrial Equipment & Manufacturing,28390697.22,28390697.22,330,143
12,Nova Scotia,2025,ALL,Land Systems & Vehicles,361988.43,361988.43,16,15
12,Nova Scotia,2025,ALL,Marine & Shipbuilding,10847768076.02,10847768076.02,303,97
12,Nova Scotia,2025,ALL,"R&D, Engineering & Scientific Services",55548249.15,55548249.15,59,33
12,Nova Scotia,2025,ALL,"Resources, Fuel & Materials",5116144.3,5116144.3,150,49
12,Nova Scotia,2025,ALL,Weapons & Military Equipment,634610.34,634610.34,6,4
12,Nova Scotia,2026,ALL,Administrative,15075067.78,14751645.586865313,224,95
12,Nova Scotia,2026,ALL,Aerospace & Space,80977.39,79240.09200238378,1,1
12,Nova Scotia,2026,ALL,Communications & Electronics,163867.44,160351.8095828367,4,3
12,Nova Scotia,2026,ALL,Construction & Infrastructure,1307278.04,1279231.550464839,28,20
12,Nova Scotia,2026,ALL,Digital Systems & Software,4403886.1,4309404.634207389,2,2
12,Nova Scotia,2026,ALL,Industrial Equipment & Manufacturing,13904612.4,13606301.28772348,135,72
12,Nova Scotia,2026,ALL,Land Systems & Vehicles,1433277.74,1402528.0387842667,9,8
12,Nova Scotia,2026,ALL,Marine & Shipbuilding,6525997.44,6385987.9597616205,127,48
12,Nova Scotia,2026,ALL,"R&D, Engineering & Scientific Services",1924476.71,1883188.7710488674,18,13
12,Nova Scotia,2026,ALL,"Resources, Fuel & Materials",927705.86,907802.7545411203,37,19
12,Nova Scotia,2026,ALL,Weapons & Military Equipment,1199872,1174129.811680572,1,1
13,New Brunswick,2016,ALL,Administrative,2577596.37,3296271.9934112146,24,11
13,New Brunswick,2016,ALL,Communications & Electronics,139873.19,178872.10123052957,2,1
13,New Brunswick,2016,ALL,Construction & Infrastructure,2102939.59,2689273.214003115,69,13
13,New Brunswick,2016,ALL,Digital Systems & Software,18694.09,23906.30512461059,1,1
13,New Brunswick,2016,ALL,Industrial Equipment & Manufacturing,732815.13,937135.8593925233,39,14
13,New Brunswick,2016,ALL,"R&D, Engineering & Scientific Services",12569.5,16074.080218068533,1,1
13,New Brunswick,2016,ALL,"Resources, Fuel & Materials",693829.58,887280.5065109034,35,5
13,New Brunswick,2017,ALL,Administrative,6538804.56,8233678.748098159,109,39
13,New Brunswick,2017,ALL,Aerospace & Space,403650,508277.0705521472,1,1
13,New Brunswick,2017,ALL,Communications & Electronics,1989612.06,2505324.3884355826,7,6
13,New Brunswick,2017,ALL,Construction & Infrastructure,10814033.49,13617057.508113496,136,33
13,New Brunswick,2017,ALL,Digital Systems & Software,44617.71,56182.72992331289,3,2
13,New Brunswick,2017,ALL,Industrial Equipment & Manufacturing,7420206.32,9343542.007239264,107,39
13,New Brunswick,2017,ALL,Land Systems & Vehicles,26340.04,33167.44300613497,2,2
13,New Brunswick,2017,ALL,Marine & Shipbuilding,854126.25,1075517.8700153374,2,2
13,New Brunswick,2017,ALL,"R&D, Engineering & Scientific Services",2839655.86,3575701.627392638,10,10
13,New Brunswick,2017,ALL,"Resources, Fuel & Materials",10593490.44,13339349.158343557,217,26
13,New Brunswick,2018,ALL,Administrative,6190514.18,7619808.3085157415,118,62
13,New Brunswick,2018,ALL,Aerospace & Space,113651.63,139892.0363268366,1,1
13,New Brunswick,2018,ALL,Communications & Electronics,598590.16,736795.384347826,14,6
13,New Brunswick,2018,ALL,Construction & Infrastructure,8239469.75,10141836.079085456,125,27
13,New Brunswick,2018,ALL,Digital Systems & Software,86870.32,106927.33541229385,3,3
13,New Brunswick,2018,ALL,Industrial Equipment & Manufacturing,3617452.3,4452666.174362819,99,34
13,New Brunswick,2018,ALL,Land Systems & Vehicles,96305.29000000001,118540.69428785607,6,3
13,New Brunswick,2018,ALL,Marine & Shipbuilding,25000,30772.113943028486,1,1
13,New Brunswick,2018,ALL,"R&D, Engineering & Scientific Services",1434960.23,1766270.3880509743,15,13
13,New Brunswick,2018,ALL,"Resources, Fuel & Materials",29116802.26,35839422.27205397,273,20
13,New Brunswick,2018,ALL,Weapons & Military Equipment,284742.84,350485.56467766117,5,2
13,New Brunswick,2019,ALL,Administrative,6733890.19,8130182.126455882,180,49
13,New Brunswick,2019,ALL,Communications & Electronics,530783.36,640842.8508235294,11,6
13,New Brunswick,2019,ALL,Construction & Infrastructure,49218492.91,59424092.175161764,130,32
13,New Brunswick,2019,ALL,Digital Systems & Software,84397.53,101897.6060735294,5,4
13,New Brunswick,2019,ALL,Industrial Equipment & Manufacturing,5165402.100000001,6236463.417794118,53,28
13,New Brunswick,2019,ALL,Land Systems & Vehicles,152887.08,184588.66570588233,8,6
13,New Brunswick,2019,ALL,Marine & Shipbuilding,4112240.42,4964925.565911764,38,8
13,New Brunswick,2019,ALL,"R&D, Engineering & Scientific Services",1319031.02,1592535.9815,8,6
13,New Brunswick,2019,ALL,"Resources, Fuel & Materials",20829689.93,25148787.40077941,181,15
13,New Brunswick,2020,ALL,Administrative,6419506.57,7694036.341562044,150,44
13,New Brunswick,2020,ALL,Communications & Electronics,944852.86,1132444.084759124,13,6
13,New Brunswick,2020,ALL,Construction & Infrastructure,12815984.26,15360471.645927008,135,32
13,New Brunswick,2020,ALL,Digital Systems & Software,1185561.34,1420942.8615182482,2,2
13,New Brunswick,2020,ALL,Industrial Equipment & Manufacturing,2204681.63,2642399.4426715327,94,35
13,New Brunswick,2020,ALL,Land Systems & Vehicles,206641.38,247667.98975182482,10,6
13,New Brunswick,2020,ALL,Marine & Shipbuilding,43927.13,52648.428802919705,1,1
13,New Brunswick,2020,ALL,"R&D, Engineering & Scientific Services",2972352.41,3562483.69140146,8,7
13,New Brunswick,2020,ALL,"Resources, Fuel & Materials",30470002.86,36519521.676,129,19
13,New Brunswick,2021,ALL,Administrative,9192758.78,10659964.630480226,168,49
13,New Brunswick,2021,ALL,Communications & Electronics,1226297.1199999999,1422019.682937853,16,8
13,New Brunswick,2021,ALL,Construction & Infrastructure,26232178.95,30418953.273940675,121,36
13,New Brunswick,2021,ALL,Digital Systems & Software,130495.47,151323.1368220339,3,2
13,New Brunswick,2021,ALL,Industrial Equipment & Manufacturing,5245434.94,6082630.06460452,137,50
13,New Brunswick,2021,ALL,Land Systems & Vehicles,398734.08,462373.8413559322,11,9
13,New Brunswick,2021,ALL,Marine & Shipbuilding,109368312.5,126823989.4950565,3,3
13,New Brunswick,2021,ALL,"R&D, Engineering & Scientific Services",1854063.74,2149980.692853107,11,9
13,New Brunswick,2021,ALL,"Resources, Fuel & Materials",22166396.08,25704253.081468925,150,27
13,New Brunswick,2022,ALL,Administrative,8235757.84,8943858.712486774,226,66
13,New Brunswick,2022,ALL,Communications & Electronics,949638.69,1031287.5191666667,8,7
13,New Brunswick,2022,ALL,Construction & Infrastructure,25563476.12,27761394.04037037,115,41
13,New Brunswick,2022,ALL,Digital Systems & Software,72333.16,78552.2808994709,3,3
13,New Brunswick,2022,ALL,Industrial Equipment & Manufacturing,7191483.22,7809798.576216931,107,52
13,New Brunswick,2022,ALL,Land Systems & Vehicles,2362586.99,2565719.469298942,25,12
13,New Brunswick,2022,ALL,"R&D, Engineering & Scientific Services",2257505.05,2451602.706415344,12,11
13,New Brunswick,2022,ALL,"Resources, Fuel & Materials",43178554.56,46890996.42031746,158,31
13,New Brunswick,2023,ALL,Administrative,119433151.49,124830830.51978359,239,87
13,New Brunswick,2023,ALL,Communications & Electronics,1562783.18,1633411.8278548697,19,9
13,New Brunswick,2023,ALL,Construction & Infrastructure,60319236.59,63045312.84581795,160,50
13,New Brunswick,2023,ALL,Digital Systems & Software,345132.24,360730.1961043921,10,6
13,New Brunswick,2023,ALL,Industrial Equipment & Manufacturing,6528486.13,6823535.471330363,111,59
13,New Brunswick,2023,ALL,Land Systems & Vehicles,745739.9,779442.9763208148,17,9
13,New Brunswick,2023,ALL,Marine & Shipbuilding,50138.83,52404.811495862516,2,2
13,New Brunswick,2023,ALL,"R&D, Engineering & Scientific Services",4301760.07,4496174.433443666,14,13
13,New Brunswick,2023,ALL,"Resources, Fuel & Materials",60688032.27,63430775.93083387,241,30
13,New Brunswick,2024,ALL,Administrative,14817122.76,15121016.514555624,293,91
13,New Brunswick,2024,ALL,Communications & Electronics,422336.66,430998.63003107515,14,9
13,New Brunswick,2024,ALL,Construction & Infrastructure,20065304.27,20476836.302883778,82,37
13,New Brunswick,2024,ALL,Digital Systems & Software,761121.57,776731.8943070229,10,6
13,New Brunswick,2024,ALL,Industrial Equipment & Manufacturing,2748602.28,2804975.1048850217,90,48
13,New Brunswick,2024,ALL,Land Systems & Vehicles,4973061.09,5075056.749397141,28,13
13,New Brunswick,2024,ALL,Marine & Shipbuilding,147004.59,150019.6002361715,4,4
13,New Brunswick,2024,ALL,"R&D, Engineering & Scientific Services",208481.45,212757.32809198258,6,5
13,New Brunswick,2024,ALL,"Resources, Fuel & Materials",53183737.36,54274516.3114481,313,31
13,New Brunswick,2024,ALL,Weapons & Military Equipment,17774.2,18138.742324425108,1,1
13,New Brunswick,2025,ALL,Administrative,15049963.14,15049963.14,329,94
13,New Brunswick,2025,ALL,Aerospace & Space,281923.78,281923.78,13,2
13,New Brunswick,2025,ALL,Communications & Electronics,453852.06,453852.06,10,7
13,New Brunswick,2025,ALL,Construction & Infrastructure,35071197.99,35071197.99,129,44
13,New Brunswick,2025,ALL,Digital Systems & Software,1194051.29,1194051.29,12,8
13,New Brunswick,2025,ALL,Industrial Equipment & Manufacturing,6426559.49,6426559.49,124,66
13,New Brunswick,2025,ALL,Land Systems & Vehicles,1124260.98,1124260.98,26,23
13,New Brunswick,2025,ALL,Marine & Shipbuilding,1435522.72,1435522.72,25,13
13,New Brunswick,2025,ALL,"R&D, Engineering & Scientific Services",113922004.46,113922004.46,11,11
13,New Brunswick,2025,ALL,"Resources, Fuel & Materials",36487084.09,36487084.09,353,55
13,New Brunswick,2026,ALL,Administrative,1665754.81,1630017.5196781883,74,37
13,New Brunswick,2026,ALL,Communications & Electronics,142664.77,139604.0240405244,1,1
13,New Brunswick,2026,ALL,Construction & Infrastructure,2028301,1984785.603098927,15,13
13,New Brunswick,2026,ALL,Digital Systems & Software,68697.34,67223.49957091775,2,2
13,New Brunswick,2026,ALL,Industrial Equipment & Manufacturing,1503688.1600000001,1471427.8657449344,41,28
13,New Brunswick,2026,ALL,Land Systems & Vehicles,80299.73999999999,78576.98038140642,6,6
13,New Brunswick,2026,ALL,Marine & Shipbuilding,1487915.6300000001,1455993.7213706796,10,7
13,New Brunswick,2026,ALL,"R&D, Engineering & Scientific Services",63086.740000000005,61733.27001191895,3,3
13,New Brunswick,2026,ALL,"Resources, Fuel & Materials",16678623.5,16320798.442789033,96,10
24,Quebec,2016,ALL,Administrative,189081748.04,241800802.40006226,39,37
24,Quebec,2016,ALL,Aerospace & Space,86970.66,111219.48887850466,5,4
24,Quebec,2016,ALL,Communications & Electronics,412721.35,527794.7482087227,8,5
24,Quebec,2016,ALL,Construction & Infrastructure,106809.71,136589.98739875387,4,4
24,Quebec,2016,ALL,Digital Systems & Software,23714.25,30326.167056074763,1,1
24,Quebec,2016,ALL,Industrial Equipment & Manufacturing,5804696.53,7423139.955031152,48,29
24,Quebec,2016,ALL,Land Systems & Vehicles,27094237.54,34648549.875919,24,10
24,Quebec,2016,ALL,Marine & Shipbuilding,95583.01000000001,122233.10157320873,3,3
24,Quebec,2016,ALL,"R&D, Engineering & Scientific Services",1196339.23,1529897.987274143,5,5
24,Quebec,2016,ALL,"Resources, Fuel & Materials",1113832.34,1424386.8397819314,52,14
24,Quebec,2017,ALL,Administrative,27144075.55,34179886.54378834,383,230
24,Quebec,2017,ALL,Aerospace & Space,754678057.03,950292461.382868,89,20
24,Quebec,2017,ALL,Communications & Electronics,7560644.57,9520382.196273005,60,26
24,Quebec,2017,ALL,Construction & Infrastructure,68845079.44,86689892.97582822,160,82
24,Quebec,2017,ALL,Digital Systems & Software,4981406.83,6272599.704647239,40,29
24,Quebec,2017,ALL,Industrial Equipment & Manufacturing,29006033.900000002,36524469.067331284,353,159
24,Quebec,2017,ALL,Land Systems & Vehicles,66298590.65,83483348.04240797,121,47
24,Quebec,2017,ALL,Marine & Shipbuilding,1413142931.64,1779433047.356503,58,18
24,Quebec,2017,ALL,"R&D, Engineering & Scientific Services",21799314.78,27449750.666226994,83,45
24,Quebec,2017,ALL,"Resources, Fuel & Materials",14409889.53,18144968.257868096,338,62
24,Quebec,2017,ALL,Weapons & Military Equipment,1721137.31,2167260.3244018406,21,7
24,Quebec,2018,ALL,Administrative,49665488.47,61132482.8094003,503,296
24,Quebec,2018,ALL,Aerospace & Space,85800128.17,105610052.81494752,224,24
24,Quebec,2018,ALL,Communications & Electronics,58081523.66,71491650.56200899,152,43
24,Quebec,2018,ALL,Construction & Infrastructure,92634124.86,114021913.8081859,167,84
24,Quebec,2018,ALL,Digital Systems & Software,8650070.94,10647238.74323838,69,39
24,Quebec,2018,ALL,Industrial Equipment & Manufacturing,27886742.36,34325360.53607196,442,194
24,Quebec,2018,ALL,Land Systems & Vehicles,19695870,24243342.233883057,165,56
24,Quebec,2018,ALL,Marine & Shipbuilding,24508193.76,30166757.236821588,116,28
24,Quebec,2018,ALL,"R&D, Engineering & Scientific Services",109118742.44,134312575.0273463,138,80
24,Quebec,2018,ALL,"Resources, Fuel & Materials",20261922.39,24940087.3795952,518,77
24,Quebec,2018,ALL,Weapons & Military Equipment,86270444.73,106188958.20589204,42,17
24,Quebec,2019,ALL,Administrative,28566340.21,34489654.871191174,569,253
24,Quebec,2019,ALL,Aerospace & Space,123120959.13,148650452.1260735,292,27
24,Quebec,2019,ALL,Communications & Electronics,12995961.129999999,15690711.893720588,136,58
24,Quebec,2019,ALL,Construction & Infrastructure,306156613.17,369639087.37142646,109,82
24,Quebec,2019,ALL,Digital Systems & Software,10743442.68,12971127.118058823,94,49
24,Quebec,2019,ALL,Industrial Equipment & Manufacturing,31028452.25,37462293.08419117,346,154
24,Quebec,2019,ALL,Land Systems & Vehicles,2291102427.22,2766169254.0406175,122,52
24,Quebec,2019,ALL,Marine & Shipbuilding,1828035683.81,2207084259.423544,82,36
24,Quebec,2019,ALL,"R&D, Engineering & Scientific Services",66683989.66,80511111.04538235,89,57
24,Quebec,2019,ALL,"Resources, Fuel & Materials",14686213.85,17731443.486544117,380,69
24,Quebec,2019,ALL,Weapons & Military Equipment,46518654.82,56164434.71649999,39,15
24,Quebec,2020,ALL,Administrative,69003541.43,82703514.619021893,487,212
24,Quebec,2020,ALL,Aerospace & Space,123217834.93,147681521.8650073,52,11
24,Quebec,2020,ALL,Communications & Electronics,28273712.91,33887179.99870073,79,32
24,Quebec,2020,ALL,Construction & Infrastructure,180443010.01,216268191.55943066,128,70
24,Quebec,2020,ALL,Digital Systems & Software,6297710.91,7548059.353445255,70,39
24,Quebec,2020,ALL,Industrial Equipment & Manufacturing,21102640.61,25292361.957386862,407,174
24,Quebec,2020,ALL,Land Systems & Vehicles,36275880.09,43478098.618817516,111,51
24,Quebec,2020,ALL,Marine & Shipbuilding,6099265.91,7310215.054175182,71,17
24,Quebec,2020,ALL,"R&D, Engineering & Scientific Services",445619659.52,534093051.7750657,86,54
24,Quebec,2020,ALL,"Resources, Fuel & Materials",5512722.8,6607219.589489051,177,62
24,Quebec,2020,ALL,Weapons & Military Equipment,163523403.79,195989364.25049636,43,5
24,Quebec,2021,ALL,Administrative,71816357.61,83278572.8782627,569,243
24,Quebec,2021,ALL,Aerospace & Space,5468961.82,6341832.844943503,40,13
24,Quebec,2021,ALL,Communications & Electronics,12538316.299999999,14539488.251836156,65,29
24,Quebec,2021,ALL,Construction & Infrastructure,51228889.6,59405251.92316384,122,63
24,Quebec,2021,ALL,Digital Systems & Software,10382530.59,12039629.398855932,125,53
24,Quebec,2021,ALL,Industrial Equipment & Manufacturing,32029268.72,37141284.772768356,384,159
24,Quebec,2021,ALL,Land Systems & Vehicles,39400301.9,45688768.16370056,74,40
24,Quebec,2021,ALL,Marine & Shipbuilding,4854174.65,5628922.863912429,53,14
24,Quebec,2021,ALL,"R&D, Engineering & Scientific Services",229292640.15,265888781.86885592,106,67
24,Quebec,2021,ALL,"Resources, Fuel & Materials",27224992.89,31570224.80605932,569,89
24,Quebec,2021,ALL,Weapons & Military Equipment,134812138.52,156328765.14819208,33,7
24,Quebec,2022,ALL,Administrative,976664649.7,1060637139.4228836,769,303
24,Quebec,2022,ALL,Aerospace & Space,85798779.47,93175658.65723546,71,22
24,Quebec,2022,ALL,Communications & Electronics,21887814.17,23769702.954457674,68,42
24,Quebec,2022,ALL,Construction & Infrastructure,49981976.62,54279368.789708994,176,105
24,Quebec,2022,ALL,Digital Systems & Software,7982173.59,8668471.583849207,83,44
24,Quebec,2022,ALL,Industrial Equipment & Manufacturing,77227004.13,83866892.05123016,448,195
24,Quebec,2022,ALL,Land Systems & Vehicles,21140174.18,22957781.748386245,105,50
24,Quebec,2022,ALL,Marine & Shipbuilding,15654716.89,17000691.225780424,74,15
24,Quebec,2022,ALL,"R&D, Engineering & Scientific Services",842101321.32,914504212.7033334,102,73
24,Quebec,2022,ALL,"Resources, Fuel & Materials",32285509.18,35061379.67828043,502,97
24,Quebec,2022,ALL,Weapons & Military Equipment,220052380.3,238972227.81256616,37,10
24,Quebec,2023,ALL,Administrative,286070876.63,298999604.9818333,792,370
24,Quebec,2023,ALL,Aerospace & Space,2291162453.54,2394709579.065996,51,21
24,Quebec,2023,ALL,Communications & Electronics,34048831.94,35587639.74887333,85,36
24,Quebec,2023,ALL,Construction & Infrastructure,45310506.58,47358276.1326289,209,120
24,Quebec,2023,ALL,Digital Systems & Software,18345067.78,19174157.412323363,105,69
24,Quebec,2023,ALL,Industrial Equipment & Manufacturing,21925440.09,22916341.58356461,523,224
24,Quebec,2023,ALL,Land Systems & Vehicles,19217875.86,20086411.306250796,132,74
24,Quebec,2023,ALL,Marine & Shipbuilding,28051468.85,29319230.968618717,53,17
24,Quebec,2023,ALL,"R&D, Engineering & Scientific Services",754742361.91,788852296.7894462,88,74
24,Quebec,2023,ALL,"Resources, Fuel & Materials",42942775.71,44883537.69307448,414,106
24,Quebec,2023,ALL,Weapons & Military Equipment,308812596.26,322769117.16035646,40,9
24,Quebec,2024,ALL,Administrative,51939803.61,53005069.93637042,832,356
24,Quebec,2024,ALL,Aerospace & Space,85417996.86,87169888.65389682,78,33
24,Quebec,2024,ALL,Communications & Electronics,65667395.25,67014209.44717216,68,33
24,Quebec,2024,ALL,Construction & Infrastructure,35203281.68,35925288.078657545,179,86
24,Quebec,2024,ALL,Digital Systems & Software,12541496.209999999,12798717.69845867,101,59
24,Quebec,2024,ALL,Industrial Equipment & Manufacturing,41828870.51,42686765.30604102,554,247
24,Quebec,2024,ALL,Land Systems & Vehicles,45508715.25,46442082.31230578,186,97
24,Quebec,2024,ALL,Marine & Shipbuilding,110357021.59,112620403.6362834,64,28
24,Quebec,2024,ALL,"R&D, Engineering & Scientific Services",32976159.02,33652487.94955873,90,66
24,Quebec,2024,ALL,"Resources, Fuel & Materials",66767100.52,68136469.26901181,507,86
24,Quebec,2024,ALL,Weapons & Military Equipment,361567105.68,368982714.43540084,47,16
24,Quebec,2025,ALL,Administrative,157931994.19,157931994.19,1209,459
24,Quebec,2025,ALL,Aerospace & Space,726461987.99,726461987.99,176,39
24,Quebec,2025,ALL,Communications & Electronics,37021721.76,37021721.76,101,50
24,Quebec,2025,ALL,Construction & Infrastructure,77506337.18,77506337.18,299,106
24,Quebec,2025,ALL,Digital Systems & Software,27286943.27,27286943.27,141,68
24,Quebec,2025,ALL,Industrial Equipment & Manufacturing,277850147.14,277850147.14,863,342
24,Quebec,2025,ALL,Land Systems & Vehicles,45350126.410000004,45350126.410000004,157,89
24,Quebec,2025,ALL,Marine & Shipbuilding,40587636.35,40587636.35,173,53
24,Quebec,2025,ALL,"R&D, Engineering & Scientific Services",147284835.52,147284835.52,125,88
24,Quebec,2025,ALL,"Resources, Fuel & Materials",72027768.59,72027768.59,560,127
24,Quebec,2025,ALL,Weapons & Military Equipment,404816857.97,404816857.97,37,8
24,Quebec,2026,ALL,Administrative,16399834.82,16047990.926364718,281,168
24,Quebec,2026,ALL,Aerospace & Space,365487667.68,357646454.3090345,11,9
24,Quebec,2026,ALL,Communications & Electronics,9446422.76,9243758.147747317,40,23
24,Quebec,2026,ALL,Construction & Infrastructure,4907070.49,4801793.649928486,47,24
24,Quebec,2026,ALL,Digital Systems & Software,9555026.65,9350032.03772348,44,28
24,Quebec,2026,ALL,Industrial Equipment & Manufacturing,22487672.09,22005219.05350417,294,153
24,Quebec,2026,ALL,Land Systems & Vehicles,3281063.28,3210670.9807866504,38,29
24,Quebec,2026,ALL,Marine & Shipbuilding,145267704.59,142151114.98020262,105,53
24,Quebec,2026,ALL,"R&D, Engineering & Scientific Services",845520730.43,827380833.9487841,50,39
24,Quebec,2026,ALL,"Resources, Fuel & Materials",18515938.580000002,18118695.559213348,165,36
24,Quebec,2026,ALL,Weapons & Military Equipment,470377218.36,460285692.81711555,41,16
35,Ontario,2016,ALL,Administrative,52899431.03,67648649.33898753,232,120
35,Ontario,2016,ALL,Aerospace & Space,5093819.38,6514058.7398442365,3,3
35,Ontario,2016,ALL,Communications & Electronics,190562014.1,243693790.61697817,24,20
35,Ontario,2016,ALL,Construction & Infrastructure,24990152.79,31957812.212757006,28,15
35,Ontario,2016,ALL,Digital Systems & Software,13802424.23,17650763.695996884,34,26
35,Ontario,2016,ALL,Industrial Equipment & Manufacturing,18027207.31,23053484.737554517,64,43
35,Ontario,2016,ALL,Land Systems & Vehicles,4875459.43,6234816.498489096,38,18
35,Ontario,2016,ALL,Marine & Shipbuilding,4779456.47,6112046.358052959,12,9
35,Ontario,2016,ALL,"R&D, Engineering & Scientific Services",19602182.66,25067588.72875389,30,21
35,Ontario,2016,ALL,"Resources, Fuel & Materials",3156087.57,4036055.9111682237,55,18
35,Ontario,2016,ALL,Weapons & Military Equipment,1263615.8,1615932.3548286604,1,1
35,Ontario,2017,ALL,Administrative,2034789496.94,2562211927.8953066,1401,521
35,Ontario,2017,ALL,Aerospace & Space,56173011.13,70733193.46277606,234,15
35,Ontario,2017,ALL,Communications & Electronics,95885781.44,120739611.29177913,166,99
35,Ontario,2017,ALL,Construction & Infrastructure,74654749.63,94005443.93593559,343,158
35,Ontario,2017,ALL,Digital Systems & Software,108301451.42,136373453.39849693,633,181
35,Ontario,2017,ALL,Industrial Equipment & Manufacturing,47433893.68,59728875.32404908,594,314
35,Ontario,2017,ALL,Land Systems & Vehicles,65848550.73,82916656.67075153,399,71
35,Ontario,2017,ALL,Marine & Shipbuilding,14932654.41,18803235.077622697,60,36
35,Ontario,2017,ALL,"R&D, Engineering & Scientific Services",108897105.62,137123502.62886503,274,138
35,Ontario,2017,ALL,"Resources, Fuel & Materials",30631799.7,38571637.352300614,443,93
35,Ontario,2017,ALL,Weapons & Military Equipment,42702071.12,53770552.744662575,40,12
35,Ontario,2018,ALL,Administrative,505935514.88,622748212.4684857,1720,643
35,Ontario,2018,ALL,Aerospace & Space,64736925.73,79683682.1953973,88,27
35,Ontario,2018,ALL,Communications & Electronics,110116965.02,135541271.78623688,219,119
35,Ontario,2018,ALL,Construction & Infrastructure,97049901.07,119457224.55542728,335,180
35,Ontario,2018,ALL,Digital Systems & Software,170257534.33,209567369.84247375,891,194
35,Ontario,2018,ALL,Industrial Equipment & Manufacturing,76922121.5,94682251.50149925,816,378
35,Ontario,2018,ALL,Land Systems & Vehicles,93317907.97,114863571.87911543,481,91
35,Ontario,2018,ALL,Marine & Shipbuilding,13062756.379999999,16078745.10941529,72,42
35,Ontario,2018,ALL,"R&D, Engineering & Scientific Services",885107081.2,1089464638.1787105,442,209
35,Ontario,2018,ALL,"Resources, Fuel & Materials",30743094.16,37841199.85811094,505,111
35,Ontario,2018,ALL,Weapons & Military Equipment,120293490.99,148067400.45395803,39,21
35,Ontario,2019,ALL,Administrative,298326853.28,360185803.7395294,1642,613
35,Ontario,2019,ALL,Aerospace & Space,18800395.12,22698712.343411762,64,38
35,Ontario,2019,ALL,Communications & Electronics,85862565.34,103666420.80020587,307,160
35,Ontario,2019,ALL,Construction & Infrastructure,81616468.68,98539883.5092353,294,174
35,Ontario,2019,ALL,Digital Systems & Software,185280153.42,223698538.17326468,866,218
35,Ontario,2019,ALL,Industrial Equipment & Manufacturing,43657202.51,52709651.853985295,614,297
35,Ontario,2019,ALL,Land Systems & Vehicles,41768172.6,50428926.036176465,270,75
35,Ontario,2019,ALL,Marine & Shipbuilding,38864224.78,46922836.094676465,48,39
35,Ontario,2019,ALL,"R&D, Engineering & Scientific Services",289694547.6,349763564.087647,358,174
35,Ontario,2019,ALL,"Resources, Fuel & Materials",23714603.24,28631895.970647056,467,95
35,Ontario,2019,ALL,Weapons & Military Equipment,9234497.93,11149298.23607353,29,18
35,Ontario,2020,ALL,Administrative,286073646.4,342870749.9188321,1460,579
35,Ontario,2020,ALL,Aerospace & Space,5448320.41,6530030.739576642,44,13
35,Ontario,2020,ALL,Communications & Electronics,189222758.81,226791072.96789783,227,109
35,Ontario,2020,ALL,Construction & Infrastructure,210899189.43,252771145.28763503,341,162
35,Ontario,2020,ALL,Digital Systems & Software,115346509.83,138247422.73055476,708,168
35,Ontario,2020,ALL,Industrial Equipment & Manufacturing,57120015.6,68460631.8359124,743,346
35,Ontario,2020,ALL,Land Systems & Vehicles,38064912.56,45622325.856583945,270,67
35,Ontario,2020,ALL,Marine & Shipbuilding,7080968.95,8486825.559051095,28,21
35,Ontario,2020,ALL,"R&D, Engineering & Scientific Services",192400873.5,230600171.01240876,236,156
35,Ontario,2020,ALL,"Resources, Fuel & Materials",114475808.76,137203852.5430073,409,101
35,Ontario,2020,ALL,Weapons & Military Equipment,28512174.56,34172985.85950365,25,6
35,Ontario,2021,ALL,Administrative,380552997.73,441290976.18125707,1640,593
35,Ontario,2021,ALL,Aerospace & Space,16170733.93,18751656.153290957,46,13
35,Ontario,2021,ALL,Communications & Electronics,161845207.28,187676433.8656497,281,153
35,Ontario,2021,ALL,Construction & Infrastructure,85374234.9,99000348.66228813,393,173
35,Ontario,2021,ALL,Digital Systems & Software,419573948.87,486539847.4890819,861,176
35,Ontario,2021,ALL,Industrial Equipment & Manufacturing,43901980.11,50908934.56258474,733,328
35,Ontario,2021,ALL,Land Systems & Vehicles,32381678.95,37549941.26829096,248,61
35,Ontario,2021,ALL,Marine & Shipbuilding,13820495.46,16026309.000932204,48,33
35,Ontario,2021,ALL,"R&D, Engineering & Scientific Services",107784818.47,124987762.66083333,231,157
35,Ontario,2021,ALL,"Resources, Fuel & Materials",18822179.88,21826284.86084746,529,104
35,Ontario,2021,ALL,Weapons & Military Equipment,18065945.06,20949351.545564972,22,12
35,Ontario,2022,ALL,Administrative,321210409.12,348827706.2004233,1974,740
35,Ontario,2022,ALL,Aerospace & Space,6141587.85,6669634.424404763,109,27
35,Ontario,2022,ALL,Communications & Electronics,170999958.17,185702335.52588624,253,133
35,Ontario,2022,ALL,Construction & Infrastructure,135287595.21,146919465.16853175,437,199
35,Ontario,2022,ALL,Digital Systems & Software,259411447.99,281715342.3277646,714,202
35,Ontario,2022,ALL,Industrial Equipment & Manufacturing,1130609573.21,1227818068.2611244,833,364
35,Ontario,2022,ALL,Land Systems & Vehicles,53369962.77,57958650.04519842,306,97
35,Ontario,2022,ALL,Marine & Shipbuilding,10971403.77,11914712.295198413,54,35
35,Ontario,2022,ALL,"R&D, Engineering & Scientific Services",538870244.75,585201681.1372355,273,178
35,Ontario,2022,ALL,"Resources, Fuel & Materials",31102125.03,33776249.53654762,547,126
35,Ontario,2022,ALL,Weapons & Military Equipment,47401179.41,51476677.63969577,30,10
35,Ontario,2023,ALL,Administrative,485736725.07,507689180.49964356,2426,936
35,Ontario,2023,ALL,Aerospace & Space,35522339.87,37127741.6082368,164,31
35,Ontario,2023,ALL,Communications & Electronics,125900662.26,131590634.90192235,317,159
35,Ontario,2023,ALL,Construction & Infrastructure,91036393.7,95150705.57313813,459,221
35,Ontario,2023,ALL,Digital Systems & Software,388080121.28,405619070.10933167,944,261
35,Ontario,2023,ALL,Industrial Equipment & Manufacturing,69389713.31,72525721.99555698,847,402
35,Ontario,2023,ALL,Land Systems & Vehicles,48623267.58,50820754.52982814,244,115
35,Ontario,2023,ALL,Marine & Shipbuilding,537891197.88,562200730.0566264,83,59
35,Ontario,2023,ALL,"R&D, Engineering & Scientific Services",1908124522.59,1994360576.761795,268,190
35,Ontario,2023,ALL,"Resources, Fuel & Materials",26098485.59,27277984.30221515,438,161
35,Ontario,2023,ALL,Weapons & Military Equipment,58463866.64,61106091.039388925,38,15
35,Ontario,2024,ALL,Administrative,11574805227.57,11812200238.452415,2141,832
35,Ontario,2024,ALL,Aerospace & Space,22786969.32,23254321.70505904,134,40
35,Ontario,2024,ALL,Communications & Electronics,388375055.07,396340485.0372529,345,177
35,Ontario,2024,ALL,Construction & Infrastructure,86780724.42999999,88560565.26666252,322,181
35,Ontario,2024,ALL,Digital Systems & Software,289172516.44,295103338.716271,821,242
35,Ontario,2024,ALL,Industrial Equipment & Manufacturing,78250634.73,79855526.5547918,933,414
35,Ontario,2024,ALL,Land Systems & Vehicles,80903652.67,82562956.919913,204,110
35,Ontario,2024,ALL,Marine & Shipbuilding,715249937.64,729919451.5878681,48,37
35,Ontario,2024,ALL,"R&D, Engineering & Scientific Services",521193813.5,531883307.4996892,314,182
35,Ontario,2024,ALL,"Resources, Fuel & Materials",27923383.8,28496082.162585452,333,133
35,Ontario,2024,ALL,Weapons & Military Equipment,288537400.65,294455196.934307,23,12
35,Ontario,2025,ALL,Administrative,568269063.64,568269063.64,2823,1016
35,Ontario,2025,ALL,Aerospace & Space,43683805.59,43683805.59,145,51
35,Ontario,2025,ALL,Communications & Electronics,648648372.47,648648372.47,394,194
35,Ontario,2025,ALL,Construction & Infrastructure,388536250.84,388536250.84,638,281
35,Ontario,2025,ALL,Digital Systems & Software,345465286.31,345465286.31,1094,281
35,Ontario,2025,ALL,Industrial Equipment & Manufacturing,103138872.55,103138872.55,1143,522
35,Ontario,2025,ALL,Land Systems & Vehicles,105185159.14,105185159.14,293,111
35,Ontario,2025,ALL,Marine & Shipbuilding,8135940.37,8135940.37,180,100
35,Ontario,2025,ALL,"R&D, Engineering & Scientific Services",150211241.19,150211241.19,447,201
35,Ontario,2025,ALL,"Resources, Fuel & Materials",19669007.72,19669007.72,450,155
35,Ontario,2025,ALL,Weapons & Military Equipment,64447643.46,64447643.46,22,16
35,Ontario,2026,ALL,Administrative,71060812.99,69536266.34659117,644,344
35,Ontario,2026,ALL,Aerospace & Space,25908011.8,25352178.412157327,49,22
35,Ontario,2026,ALL,Communications & Electronics,48447336.96,47407942.3649106,96,72
35,Ontario,2026,ALL,Construction & Infrastructure,32581852.99,31882838.26554231,157,92
35,Ontario,2026,ALL,Digital Systems & Software,311086589.03,304412502.4953873,306,127
35,Ontario,2026,ALL,Industrial Equipment & Manufacturing,48459416.84,47419763.081811674,337,192
35,Ontario,2026,ALL,Land Systems & Vehicles,12230112.18,11967725.98305125,61,38
35,Ontario,2026,ALL,Marine & Shipbuilding,10070396.85,9854345.42771156,117,57
35,Ontario,2026,ALL,"R&D, Engineering & Scientific Services",55008736.67,53828573.07040524,135,82
35,Ontario,2026,ALL,"Resources, Fuel & Materials",8454336.97,8272956.677437425,129,59
35,Ontario,2026,ALL,Weapons & Military Equipment,319606350.84,312749480.38097733,5,4
46,Manitoba,2016,ALL,Administrative,652275.67,834140.6932554516,8,5
46,Manitoba,2016,ALL,Construction & Infrastructure,210730.13999999998,269485.11672897195,6,4
46,Manitoba,2016,ALL,Industrial Equipment & Manufacturing,903379.24,1155256.0062928349,10,3
46,Manitoba,2016,ALL,Land Systems & Vehicles,114459.84999999999,146373.11035825542,6,4
46,Manitoba,2016,ALL,Marine & Shipbuilding,196188.73,250889.32605919,1,1
46,Manitoba,2016,ALL,"R&D, Engineering & Scientific Services",71662.22,91642.80781931464,2,2
46,Manitoba,2016,ALL,"Resources, Fuel & Materials",12855.8,16440.205295950153,1,1
46,Manitoba,2016,ALL,Weapons & Military Equipment,6878185,8795934.400311526,1,1
46,Manitoba,2017,ALL,Administrative,19555110.43,24623843.041457053,153,28
46,Manitoba,2017,ALL,Aerospace & Space,126684.71,159521.6977147239,7,4
46,Manitoba,2017,ALL,Communications & Electronics,17967085.08,22624197.623742327,4,4
46,Manitoba,2017,ALL,Construction & Infrastructure,10317258.61,12991517.360138036,53,32
46,Manitoba,2017,ALL,Digital Systems & Software,532337.65,670320.8752300614,5,5
46,Manitoba,2017,ALL,Industrial Equipment & Manufacturing,4727385.85,5952735.863266871,64,32
46,Manitoba,2017,ALL,Land Systems & Vehicles,1121425.86,1412102.1948773006,30,10
46,Manitoba,2017,ALL,Marine & Shipbuilding,428735.04,539864.2144785275,8,3
46,Manitoba,2017,ALL,"R&D, Engineering & Scientific Services",5335813.67,6718869.667285276,35,10
46,Manitoba,2017,ALL,"Resources, Fuel & Materials",1016309.25,1279739.1016104294,45,8
46,Manitoba,2017,ALL,Weapons & Military Equipment,5932439,7470141.746932515,1,1
46,Manitoba,2018,ALL,Administrative,12152068.2,14957793.091754122,184,43
46,Manitoba,2018,ALL,Aerospace & Space,45632.66,56168.53652173913,1,1
46,Manitoba,2018,ALL,Communications & Electronics,935896.03,1151979.9709595202,11,8
46,Manitoba,2018,ALL,Construction & Infrastructure,20267515.57,24946971.938485757,89,43
46,Manitoba,2018,ALL,Digital Systems & Software,802465.12,987741.9243178411,10,5
46,Manitoba,2018,ALL,Industrial Equipment & Manufacturing,3145616.23,3871890.442023988,104,29
46,Manitoba,2018,ALL,Land Systems & Vehicles,1926550.57,2371361.346281859,26,8
46,Manitoba,2018,ALL,Marine & Shipbuilding,1350634.71,1662475.4076611693,14,5
46,Manitoba,2018,ALL,"R&D, Engineering & Scientific Services",7344312.98,9040001.434152924,73,16
46,Manitoba,2018,ALL,"Resources, Fuel & Materials",1657755.7,2040505.8916041977,62,11
46,Manitoba,2018,ALL,Weapons & Military Equipment,48098229.74,59203368.24068965,4,2
46,Manitoba,2019,ALL,Administrative,7583281.58,9155697.319382353,123,45
46,Manitoba,2019,ALL,Aerospace & Space,168735.93,203723.82136764706,9,8
46,Manitoba,2019,ALL,Communications & Electronics,393246.03,474786.75092647056,10,6
46,Manitoba,2019,ALL,Construction & Infrastructure,10151373.14,12256290.217558824,62,28
46,Manitoba,2019,ALL,Digital Systems & Software,721991.7,871698.8025,15,11
46,Manitoba,2019,ALL,Industrial Equipment & Manufacturing,2437780.5,2943261.456617647,38,19
46,Manitoba,2019,ALL,Land Systems & Vehicles,2638212.7600000002,3185253.935235294,23,8
46,Manitoba,2019,ALL,Marine & Shipbuilding,240500.31999999998,290368.7687058823,4,2
46,Manitoba,2019,ALL,"R&D, Engineering & Scientific Services",7078771.96,8546576.145823529,27,9
46,Manitoba,2019,ALL,"Resources, Fuel & Materials",1400655.15,1691085.1149264704,45,14
46,Manitoba,2019,ALL,Weapons & Military Equipment,13072.89,15783.592191176469,1,1
46,Manitoba,2020,ALL,Administrative,14017453.47,16800480.728277374,70,39
46,Manitoba,2020,ALL,Communications & Electronics,1216763.26,1458339.615270073,14,8
46,Manitoba,2020,ALL,Construction & Infrastructure,18932834.83,22691762.621065695,72,23
46,Manitoba,2020,ALL,Digital Systems & Software,355496.06,426076.29964963504,11,5
46,Manitoba,2020,ALL,Industrial Equipment & Manufacturing,1586754.98,1901789.5453722628,66,25
46,Manitoba,2020,ALL,Land Systems & Vehicles,1154095.8699999999,1383230.2325109488,16,5
46,Manitoba,2020,ALL,Marine & Shipbuilding,95376.45999999999,114312.51629197081,5,3
46,Manitoba,2020,ALL,"R&D, Engineering & Scientific Services",10134186.24,12146229.055532847,47,13
46,Manitoba,2020,ALL,"Resources, Fuel & Materials",1920686.73,2302020.1537664235,73,18
46,Manitoba,2021,ALL,Administrative,12741281.62,14774847.754265536,100,38
46,Manitoba,2021,ALL,Aerospace & Space,34285.86,39758.03822033898,1,1
46,Manitoba,2021,ALL,Communications & Electronics,657227.58,762124.0722881355,15,6
46,Manitoba,2021,ALL,Construction & Infrastructure,15173725.780000001,17595520.996299434,112,37
46,Manitoba,2021,ALL,Digital Systems & Software,185748.96,215395.333559322,7,5
46,Manitoba,2021,ALL,Industrial Equipment & Manufacturing,2770530,3212719.1101694913,72,25
46,Manitoba,2021,ALL,Land Systems & Vehicles,166918.78,193559.77172316384,5,4
46,Manitoba,2021,ALL,Marine & Shipbuilding,212641.12,246579.6038418079,9,2
46,Manitoba,2021,ALL,"R&D, Engineering & Scientific Services",4341659.71,5034608.223036723,43,18
46,Manitoba,2021,ALL,"Resources, Fuel & Materials",1206170.44,1398680.6938418078,49,19
46,Manitoba,2022,ALL,Administrative,58271881.17,63282029.68329365,87,48
46,Manitoba,2022,ALL,Aerospace & Space,93865.59,101936.04416666667,3,3
46,Manitoba,2022,ALL,Communications & Electronics,1179204.73,1280591.3800661378,7,3
46,Manitoba,2022,ALL,Construction & Infrastructure,11929515.28,12955201.117566139,158,36
46,Manitoba,2022,ALL,Digital Systems & Software,629422.77,683539.8071031746,9,3
46,Manitoba,2022,ALL,Industrial Equipment & Manufacturing,3146423.81,3416949.6666798946,78,30
46,Manitoba,2022,ALL,Land Systems & Vehicles,4988699.28,5417621.837142858,16,11
46,Manitoba,2022,ALL,Marine & Shipbuilding,117852.92,127985.77687830688,5,1
46,Manitoba,2022,ALL,"R&D, Engineering & Scientific Services",8240197.81,8948680.425939154,43,16
46,Manitoba,2022,ALL,"Resources, Fuel & Materials",1659543.67,1802229.3030026457,48,11
46,Manitoba,2023,ALL,Administrative,28144558.79,29416528.028758753,151,77
46,Manitoba,2023,ALL,Aerospace & Space,100164.53,104691.38017823044,4,4
46,Manitoba,2023,ALL,Communications & Electronics,1586616.73,1658322.5147422026,14,3
46,Manitoba,2023,ALL,Construction & Infrastructure,21943233.59,22934939.245563336,202,78
46,Manitoba,2023,ALL,Digital Systems & Software,58560.28,61206.86171865054,3,2
46,Manitoba,2023,ALL,Industrial Equipment & Manufacturing,3296461.48,3445442.2343475497,99,43
46,Manitoba,2023,ALL,Land Systems & Vehicles,3869236.2399999998,4044103.059248886,22,12
46,Manitoba,2023,ALL,Marine & Shipbuilding,291273.3,304437.1474220242,13,7
46,Manitoba,2023,ALL,"R&D, Engineering & Scientific Services",2383532.98,2491254.7123870146,14,11
46,Manitoba,2023,ALL,"Resources, Fuel & Materials",1854261.39,1938063.1460089115,64,23
46,Manitoba,2023,ALL,Weapons & Military Equipment,31500000,32923615.531508595,1,1
46,Manitoba,2024,ALL,Administrative,6865198.14,7006000.836469856,99,55
46,Manitoba,2024,ALL,Aerospace & Space,294570.47,300612.00232442503,5,5
46,Manitoba,2024,ALL,Communications & Electronics,734610.56,749677.1532131758,6,4
46,Manitoba,2024,ALL,Construction & Infrastructure,6885113.73,7026324.887917961,158,54
46,Manitoba,2024,ALL,Digital Systems & Software,54783.009999999995,55906.5894468614,4,3
46,Manitoba,2024,ALL,Industrial Equipment & Manufacturing,1681767.85,1716260.2919204473,66,33
46,Manitoba,2024,ALL,Land Systems & Vehicles,9431955.03,9625400.969086388,51,28
46,Manitoba,2024,ALL,Marine & Shipbuilding,45057.92,45982.041417029206,3,2
46,Manitoba,2024,ALL,"R&D, Engineering & Scientific Services",254212.47,259426.2745431945,6,5
46,Manitoba,2024,ALL,"Resources, Fuel & Materials",623813.95,636608.1453697949,18,13
46,Manitoba,2025,ALL,Administrative,9387627.48,9387627.48,156,80
46,Manitoba,2025,ALL,Aerospace & Space,324535.04000000004,324535.04000000004,5,5
46,Manitoba,2025,ALL,Communications & Electronics,2034497.48,2034497.48,7,5
46,Manitoba,2025,ALL,Construction & Infrastructure,25027568.72,25027568.72,213,63
46,Manitoba,2025,ALL,Digital Systems & Software,34244.23,34244.23,2,2
46,Manitoba,2025,ALL,Industrial Equipment & Manufacturing,4626288.5200000005,4626288.5200000005,142,58
46,Manitoba,2025,ALL,Land Systems & Vehicles,942491.7,942491.7,26,13
46,Manitoba,2025,ALL,Marine & Shipbuilding,228572.28,228572.28,9,2
46,Manitoba,2025,ALL,"R&D, Engineering & Scientific Services",2949704.0500000003,2949704.0500000003,19,14
46,Manitoba,2025,ALL,"Resources, Fuel & Materials",980529.51,980529.51,28,11
46,Manitoba,2025,ALL,Weapons & Military Equipment,840012.75,840012.75,2,2
46,Manitoba,2026,ALL,Administrative,29428825.33,28797456.014219306,54,36
46,Manitoba,2026,ALL,Aerospace & Space,55299.12,54112.72648390941,2,2
46,Manitoba,2026,ALL,Communications & Electronics,13915.42,13616.877020262216,1,1
46,Manitoba,2026,ALL,Construction & Infrastructure,5133458.29,5023324.500703217,44,20
46,Manitoba,2026,ALL,Digital Systems & Software,34348.32,33611.407294398094,2,2
46,Manitoba,2026,ALL,Industrial Equipment & Manufacturing,2003127.8,1960152.4717520857,65,26
46,Manitoba,2026,ALL,Land Systems & Vehicles,807164.97,789847.9623003575,9,3
46,Manitoba,2026,ALL,Marine & Shipbuilding,37738.82,36929.167127532775,3,2
46,Manitoba,2026,ALL,"R&D, Engineering & Scientific Services",429591.2,420374.70226460067,4,3
46,Manitoba,2026,ALL,"Resources, Fuel & Materials",146504.96,143361.82617401666,7,6
46,Manitoba,2026,ALL,Weapons & Military Equipment,25961144.73,25404171.42232419,2,2
47,Saskatchewan,2016,ALL,Administrative,359433.68,459649.61258566973,5,3
47,Saskatchewan,2016,ALL,Construction & Infrastructure,10731.7,13723.871806853582,1,1
47,Saskatchewan,2016,ALL,Digital Systems & Software,116562.58,149062.1155451713,1,1
47,Saskatchewan,2016,ALL,Land Systems & Vehicles,13095.15,16746.289953271025,1,1
47,Saskatchewan,2016,ALL,"Resources, Fuel & Materials",10617.78,13578.18906542056,1,1
47,Saskatchewan,2017,ALL,Administrative,1827744.49,2301500.347070552,48,21
47,Saskatchewan,2017,ALL,Communications & Electronics,49319.55,62103.298389570555,1,1
47,Saskatchewan,2017,ALL,Construction & Infrastructure,974935.1,1227640.670398773,13,8
47,Saskatchewan,2017,ALL,Digital Systems & Software,590502.0599999999,743561.64303680975,6,6
47,Saskatchewan,2017,ALL,Industrial Equipment & Manufacturing,894168.93,1125939.7109355829,11,10
47,Saskatchewan,2017,ALL,Land Systems & Vehicles,10357072.01,13041650.49111963,4,3
47,Saskatchewan,2017,ALL,Marine & Shipbuilding,28750,36202.07055214724,1,1
47,Saskatchewan,2017,ALL,"R&D, Engineering & Scientific Services",265514.36,334336.33368098154,3,3
47,Saskatchewan,2017,ALL,"Resources, Fuel & Materials",116037.70999999999,146114.96918711654,7,6
47,Saskatchewan,2018,ALL,Administrative,3228228.82,3973577.0033283355,100,29
47,Saskatchewan,2018,ALL,Aerospace & Space,217349.84999999998,267532.573988006,3,3
47,Saskatchewan,2018,ALL,Communications & Electronics,65418,80522.00599700148,2,1
47,Saskatchewan,2018,ALL,Construction & Infrastructure,902890.24,1111353.6537331333,23,9
47,Saskatchewan,2018,ALL,Digital Systems & Software,52958.13,65185.34442278861,2,2
47,Saskatchewan,2018,ALL,Industrial Equipment & Manufacturing,455775.49,561007.0124287856,14,10
47,Saskatchewan,2018,ALL,Land Systems & Vehicles,94468.12,116279.35010494752,4,4
47,Saskatchewan,2018,ALL,"R&D, Engineering & Scientific Services",358352,441089.9430284857,4,3
47,Saskatchewan,2018,ALL,"Resources, Fuel & Materials",336703.41,414443.02790104947,13,8
47,Saskatchewan,2018,ALL,Weapons & Military Equipment,163538.55,201297.07578710644,3,2
47,Saskatchewan,2019,ALL,Administrative,2741056.5300000003,3309422.6634264705,56,20
47,Saskatchewan,2019,ALL,Construction & Infrastructure,2277016.85,2749162.9909558822,51,15
47,Saskatchewan,2019,ALL,Digital Systems & Software,71071.16,85807.97405882351,2,2
47,Saskatchewan,2019,ALL,Industrial Equipment & Manufacturing,678909.73,819683.6593088235,9,5
47,Saskatchewan,2019,ALL,Land Systems & Vehicles,300000,362205.88235294115,1,1
47,Saskatchewan,2019,ALL,Marine & Shipbuilding,136096.3,164316.26808823526,1,1
47,Saskatchewan,2019,ALL,"R&D, Engineering & Scientific Services",297334.08,358987.176,3,3
47,Saskatchewan,2019,ALL,"Resources, Fuel & Materials",362360.2,437496.6532352941,12,4
47,Saskatchewan,2019,ALL,Weapons & Military Equipment,267175.05,322574.5824264706,6,1
47,Saskatchewan,2020,ALL,Administrative,7950635.27,9529155.557182482,93,27
47,Saskatchewan,2020,ALL,Construction & Infrastructure,8573175.04,10275294.464,46,19
47,Saskatchewan,2020,ALL,Digital Systems & Software,15155.01,18163.88789781022,1,1
47,Saskatchewan,2020,ALL,Industrial Equipment & Manufacturing,410656.82,492188.68499270076,13,10
47,Saskatchewan,2020,ALL,Land Systems & Vehicles,185381.91999999998,222187.673459854,6,6
47,Saskatchewan,2020,ALL,"R&D, Engineering & Scientific Services",433054.37,519033.047839416,4,3
47,Saskatchewan,2020,ALL,"Resources, Fuel & Materials",87536.79000000001,104916.35706569343,5,3
47,Saskatchewan,2021,ALL,Administrative,4098442.08,4752571.96,83,31
47,Saskatchewan,2021,ALL,Aerospace & Space,15940.14,18484.258389830506,1,1
47,Saskatchewan,2021,ALL,Construction & Infrastructure,4327384.92,5018055.112033898,45,20
47,Saskatchewan,2021,ALL,Digital Systems & Software,80805.29000000001,93702.17950564972,4,3
47,Saskatchewan,2021,ALL,Industrial Equipment & Manufacturing,144040.06,167029.50460451975,7,6
47,Saskatchewan,2021,ALL,Land Systems & Vehicles,88661.31,102812.05580508473,4,4
47,Saskatchewan,2021,ALL,"R&D, Engineering & Scientific Services",436885.43000000005,506614.3192514124,4,4
47,Saskatchewan,2021,ALL,"Resources, Fuel & Materials",1266652.97,1468816.5089971751,26,6
47,Saskatchewan,2022,ALL,Administrative,11178092.01,12139171.349484127,85,33
47,Saskatchewan,2022,ALL,Communications & Electronics,69318.48,75278.40222222223,3,3
47,Saskatchewan,2022,ALL,Construction & Infrastructure,7115877,7727691.821428572,110,36
47,Saskatchewan,2022,ALL,Digital Systems & Software,386159.47,419361.01173280424,6,5
47,Saskatchewan,2022,ALL,Industrial Equipment & Manufacturing,91596.26,99471.59981481482,6,6
47,Saskatchewan,2022,ALL,Land Systems & Vehicles,207900,225775,1,1
47,Saskatchewan,2022,ALL,Marine & Shipbuilding,17787,19316.30555555556,1,1
47,Saskatchewan,2022,ALL,"R&D, Engineering & Scientific Services",4483144239.26,4868599762.4768,4,4
47,Saskatchewan,2022,ALL,"Resources, Fuel & Materials",3462115.05,3759783.6720238095,46,7
47,Saskatchewan,2023,ALL,Administrative,21319633.45,22283156.03112667,75,44
47,Saskatchewan,2023,ALL,Communications & Electronics,423138.94,442262.3421260344,2,2
47,Saskatchewan,2023,ALL,Construction & Infrastructure,27855223.04,29114115.997250162,67,27
47,Saskatchewan,2023,ALL,Digital Systems & Software,53261.38,55668.48246976448,3,1
47,Saskatchewan,2023,ALL,Industrial Equipment & Manufacturing,494192.43,516527.03377466585,10,10
47,Saskatchewan,2023,ALL,Land Systems & Vehicles,95047.05,99342.620050923,2,2
47,Saskatchewan,2023,ALL,"R&D, Engineering & Scientific Services",16521382.38,17268052.112005092,12,12
47,Saskatchewan,2023,ALL,"Resources, Fuel & Materials",3225696.59,3371479.1857288354,51,6
47,Saskatchewan,2023,ALL,Weapons & Military Equipment,195426.72,204258.8632972629,1,1
47,Saskatchewan,2024,ALL,Administrative,13183769.94,13454164.227147296,52,35
47,Saskatchewan,2024,ALL,Construction & Infrastructure,2222061.31,2267634.9726662524,46,22
47,Saskatchewan,2024,ALL,Digital Systems & Software,70861.82,72315.16994406463,3,2
47,Saskatchewan,2024,ALL,Industrial Equipment & Manufacturing,130519.41,133196.31523927904,5,5
47,Saskatchewan,2024,ALL,Land Systems & Vehicles,647048.24,660318.9621379739,6,5
47,Saskatchewan,2024,ALL,"R&D, Engineering & Scientific Services",191583.73,195513.04205096333,3,3
47,Saskatchewan,2024,ALL,"Resources, Fuel & Materials",1286644.44,1313033.0456681168,20,3
47,Saskatchewan,2025,ALL,Administrative,3614897.44,3614897.44,39,32
47,Saskatchewan,2025,ALL,Communications & Electronics,3421783.45,3421783.45,3,3
47,Saskatchewan,2025,ALL,Construction & Infrastructure,5835217.54,5835217.54,129,24
47,Saskatchewan,2025,ALL,Digital Systems & Software,220411.94,220411.94,3,2
47,Saskatchewan,2025,ALL,Industrial Equipment & Manufacturing,61262.53,61262.53,4,4
47,Saskatchewan,2025,ALL,Land Systems & Vehicles,108115.89,108115.89,5,4
47,Saskatchewan,2025,ALL,"R&D, Engineering & Scientific Services",11736249.39,11736249.39,16,9
47,Saskatchewan,2025,ALL,"Resources, Fuel & Materials",1191789.54,1191789.54,13,3
47,Saskatchewan,2026,ALL,Administrative,580796.6,568336.1246722288,15,14
47,Saskatchewan,2026,ALL,Communications & Electronics,1921499,1880274.9451728247,1,1
47,Saskatchewan,2026,ALL,Construction & Infrastructure,496208.82,485563.1003814064,14,8
47,Saskatchewan,2026,ALL,Digital Systems & Software,31611.97,30933.763253873654,2,2
47,Saskatchewan,2026,ALL,Industrial Equipment & Manufacturing,70238.95,68732.03569725863,5,5
47,Saskatchewan,2026,ALL,Land Systems & Vehicles,46994.479999999996,45986.255160905836,3,3
47,Saskatchewan,2026,ALL,"R&D, Engineering & Scientific Services",837658.5,819687.2806912991,1,1
47,Saskatchewan,2026,ALL,"Resources, Fuel & Materials",71888.61,70346.3037067938,2,2
48,Alberta,2016,ALL,Administrative,1490657.42,1906276.8564174452,43,28
48,Alberta,2016,ALL,Aerospace & Space,22601.25,28902.844626168222,1,1
48,Alberta,2016,ALL,Communications & Electronics,325505.56,416261.7831152648,3,3
48,Alberta,2016,ALL,Construction & Infrastructure,478500.26,611913.883894081,13,6
48,Alberta,2016,ALL,Digital Systems & Software,502751.53,642926.8008255451,2,1
48,Alberta,2016,ALL,Industrial Equipment & Manufacturing,400449.8,512101.6912772585,10,10
48,Alberta,2016,ALL,Land Systems & Vehicles,50392.06,64442.18264797507,3,3
48,Alberta,2016,ALL,"R&D, Engineering & Scientific Services",1327071.73,1697080.82605919,7,3
48,Alberta,2016,ALL,"Resources, Fuel & Materials",2598837.09,3323434.9702336444,85,16
48,Alberta,2017,ALL,Administrative,108900896.72,137128276.39128834,437,166
48,Alberta,2017,ALL,Aerospace & Space,730852.64,920291.4377914111,21,6
48,Alberta,2017,ALL,Communications & Electronics,10027141.01,12626200.566273006,20,16
48,Alberta,2017,ALL,Construction & Infrastructure,19929958.37,25095852.4873773,357,98
48,Alberta,2017,ALL,Digital Systems & Software,6177881.13,7779203.0793404905,23,16
48,Alberta,2017,ALL,Industrial Equipment & Manufacturing,574238296.6,723082272.252454,145,80
48,Alberta,2017,ALL,Land Systems & Vehicles,1280794.98,1612780.1818711655,24,17
48,Alberta,2017,ALL,Marine & Shipbuilding,131257.41,165279.6527760736,7,4
48,Alberta,2017,ALL,"R&D, Engineering & Scientific Services",8084329.55,10179807.608205521,62,36
48,Alberta,2017,ALL,"Resources, Fuel & Materials",32180998.19,40522391.892622694,528,55
48,Alberta,2017,ALL,Weapons & Military Equipment,57534.89,72448.0746779141,3,2
48,Alberta,2018,ALL,Administrative,42450686.89,52251894.95755622,443,183
48,Alberta,2018,ALL,Aerospace & Space,205142.58,252506.83385307345,8,4
48,Alberta,2018,ALL,Communications & Electronics,2298143.86,2828749.788695652,26,24
48,Alberta,2018,ALL,Construction & Infrastructure,80316681.21,98860562.6288006,573,128
48,Alberta,2018,ALL,Digital Systems & Software,1349296.66,1660828.4225787106,41,18
48,Alberta,2018,ALL,Industrial Equipment & Manufacturing,45434682,55924848.45877061,236,116
48,Alberta,2018,ALL,Land Systems & Vehicles,1001445.32,1232663.5797901049,44,29
48,Alberta,2018,ALL,Marine & Shipbuilding,589432.47,725523.3251424287,16,11
48,Alberta,2018,ALL,"R&D, Engineering & Scientific Services",63816687.36,78550974.99634182,132,50
48,Alberta,2018,ALL,"Resources, Fuel & Materials",38270449.16,47106504.88809595,577,56
48,Alberta,2018,ALL,Weapons & Military Equipment,580576.5,714622.6484257871,1,1
48,Alberta,2019,ALL,Administrative,79287401.1,95727876.91632353,464,181
48,Alberta,2019,ALL,Aerospace & Space,2752568.38,3323321.5293823527,16,13
48,Alberta,2019,ALL,Communications & Electronics,3601410.71,4348173.813102941,19,15
48,Alberta,2019,ALL,Construction & Infrastructure,31140465.3,37597532.36955882,306,95
48,Alberta,2019,ALL,Digital Systems & Software,8386271.13,10125189.114308823,22,16
48,Alberta,2019,ALL,Industrial Equipment & Manufacturing,5676388.63,6853404.507691176,139,84
48,Alberta,2019,ALL,Land Systems & Vehicles,1493158.8599999999,1802769.7412647058,54,21
48,Alberta,2019,ALL,Marine & Shipbuilding,1122569.47,1355337.5512794117,47,24
48,Alberta,2019,ALL,"R&D, Engineering & Scientific Services",11995861.08,14483238.156882351,83,37
48,Alberta,2019,ALL,"Resources, Fuel & Materials",64235775.01,77555251.88707353,894,62
48,Alberta,2019,ALL,Weapons & Military Equipment,366488.81000000006,442481.34266176476,5,5
48,Alberta,2020,ALL,Administrative,208909141.13,250385992.50763503,477,184
48,Alberta,2020,ALL,Aerospace & Space,47861.630000000005,57364.085007299276,2,1
48,Alberta,2020,ALL,Communications & Electronics,983335.9400000001,1178567.6010802921,13,11
48,Alberta,2020,ALL,Construction & Infrastructure,35327991.97,42342016.653094895,319,82
48,Alberta,2020,ALL,Digital Systems & Software,865207.01,1036985.3360729928,9,6
48,Alberta,2020,ALL,Industrial Equipment & Manufacturing,14438165.11,17304720.51870073,158,82
48,Alberta,2020,ALL,Land Systems & Vehicles,5283432.61,6332406.091693431,43,28
48,Alberta,2020,ALL,Marine & Shipbuilding,133441.13,159934.55143065692,7,6
48,Alberta,2020,ALL,"R&D, Engineering & Scientific Services",11374660.47,13632987.220248176,96,31
48,Alberta,2020,ALL,"Resources, Fuel & Materials",42138881.32,50505140.968934305,443,59
48,Alberta,2021,ALL,Administrative,87989460.57,102032976.16944915,487,197
48,Alberta,2021,ALL,Aerospace & Space,82476418.08,95640027.18033898,6,6
48,Alberta,2021,ALL,Communications & Electronics,5709558.75,6620830.132415254,21,14
48,Alberta,2021,ALL,Construction & Infrastructure,36707851.98,42566591.06720339,605,109
48,Alberta,2021,ALL,Digital Systems & Software,710677.94,824105.3513276835,13,10
48,Alberta,2021,ALL,Industrial Equipment & Manufacturing,10988556.82,12742380.154265536,176,86
48,Alberta,2021,ALL,Land Systems & Vehicles,1459986.25,1693006.6543079095,30,23
48,Alberta,2021,ALL,Marine & Shipbuilding,24303.59,28182.55281073446,1,1
48,Alberta,2021,ALL,"R&D, Engineering & Scientific Services",16437375.93,19060855.42165254,136,34
48,Alberta,2021,ALL,"Resources, Fuel & Materials",55248880.52,64066851.56344633,554,50
48,Alberta,2021,ALL,Weapons & Military Equipment,1314654.1,1524478.836299435,1,1
48,Alberta,2022,ALL,Administrative,60100605.33,65267985.41789683,490,216
48,Alberta,2022,ALL,Aerospace & Space,2563134.24,2783509.5384126985,10,6
48,Alberta,2022,ALL,Communications & Electronics,10478519.6,11379450.517989418,15,14
48,Alberta,2022,ALL,Construction & Infrastructure,54615079.31,59310820.25596561,572,119
48,Alberta,2022,ALL,Digital Systems & Software,337284.77,366284.12191798945,11,10
48,Alberta,2022,ALL,Industrial Equipment & Manufacturing,39618143.19,43024465.02511905,163,103
48,Alberta,2022,ALL,Land Systems & Vehicles,5105540.7,5544509.146428571,34,25
48,Alberta,2022,ALL,Marine & Shipbuilding,444787.51,483029.8223677249,5,4
48,Alberta,2022,ALL,"R&D, Engineering & Scientific Services",7551556.69,8200830.744034392,90,35
48,Alberta,2022,ALL,"Resources, Fuel & Materials",122332634.12,132850651.60386245,639,64
48,Alberta,2022,ALL,Weapons & Military Equipment,4709619.11,5114546.678981482,3,2
48,Alberta,2023,ALL,Administrative,138519478.98,144779748.2400764,550,241
48,Alberta,2023,ALL,Aerospace & Space,558729.03,583980.3101591343,10,7
48,Alberta,2023,ALL,Communications & Electronics,1389138.5799999998,1451919.5088224062,13,11
48,Alberta,2023,ALL,Construction & Infrastructure,59922393.15,62630534.40630172,541,140
48,Alberta,2023,ALL,Digital Systems & Software,1348321.75,1409257.9971355826,12,10
48,Alberta,2023,ALL,Industrial Equipment & Manufacturing,14133184.28,14771921.443513686,185,114
48,Alberta,2023,ALL,Land Systems & Vehicles,3305653.9,3455050.097899427,54,36
48,Alberta,2023,ALL,Marine & Shipbuilding,2030324.96,2122083.758319542,7,6
48,Alberta,2023,ALL,"R&D, Engineering & Scientific Services",19956934.01,20858870.55660089,112,61
48,Alberta,2023,ALL,"Resources, Fuel & Materials",76378718.92,79830589.7305156,618,73
48,Alberta,2023,ALL,Weapons & Military Equipment,4562861.140000001,4769075.742762572,13,7
48,Alberta,2024,ALL,Administrative,58730218.48,59934753.72539465,441,204
48,Alberta,2024,ALL,Aerospace & Space,905585.24,924158.4612057178,9,6
48,Alberta,2024,ALL,Communications & Electronics,10891002.81,11114373.284039777,19,15
48,Alberta,2024,ALL,Construction & Infrastructure,38707150.38,39501019.840870105,435,113
48,Alberta,2024,ALL,Digital Systems & Software,1371475.55,1399604.010627719,22,14
48,Alberta,2024,ALL,Industrial Equipment & Manufacturing,154108553.08,157269262.9940087,140,107
48,Alberta,2024,ALL,Land Systems & Vehicles,10988689.11,11214063.094232442,62,46
48,Alberta,2024,ALL,Marine & Shipbuilding,48394.53,49387.08406463642,3,3
48,Alberta,2024,ALL,"R&D, Engineering & Scientific Services",16112020.22,16442471.846637663,99,37
48,Alberta,2024,ALL,"Resources, Fuel & Materials",41036594.04,41878239.536159106,482,53
48,Alberta,2024,ALL,Weapons & Military Equipment,658073.66,671570.5094592914,6,5
48,Alberta,2025,ALL,Administrative,45036645.01,45036645.01,593,241
48,Alberta,2025,ALL,Aerospace & Space,2540452.82,2540452.82,19,10
48,Alberta,2025,ALL,Communications & Electronics,3970080.5,3970080.5,24,21
48,Alberta,2025,ALL,Construction & Infrastructure,44083451.49,44083451.49,587,126
48,Alberta,2025,ALL,Digital Systems & Software,842870.8200000001,842870.8200000001,19,14
48,Alberta,2025,ALL,Industrial Equipment & Manufacturing,15025894.72,15025894.72,258,137
48,Alberta,2025,ALL,Land Systems & Vehicles,10134843.14,10134843.14,49,33
48,Alberta,2025,ALL,Marine & Shipbuilding,6706792.69,6706792.69,45,16
48,Alberta,2025,ALL,"R&D, Engineering & Scientific Services",70321826.37,70321826.37,159,56
48,Alberta,2025,ALL,"Resources, Fuel & Materials",30261784.01,30261784.01,314,62
48,Alberta,2025,ALL,Weapons & Military Equipment,637547.38,637547.38,3,2
48,Alberta,2026,ALL,Administrative,15050822.83,14727920.790738974,148,90
48,Alberta,2026,ALL,Aerospace & Space,113160,110732.25268176399,1,1
48,Alberta,2026,ALL,Communications & Electronics,111690.06,109293.84893921333,4,4
48,Alberta,2026,ALL,Construction & Infrastructure,8576369.85,8392371.450357568,99,40
48,Alberta,2026,ALL,Digital Systems & Software,212053.19,207503.77710369485,3,3
48,Alberta,2026,ALL,Industrial Equipment & Manufacturing,2255387.05,2206999.7235399284,62,43
48,Alberta,2026,ALL,Land Systems & Vehicles,69035.11,67554.02301549463,4,4
48,Alberta,2026,ALL,Marine & Shipbuilding,1871869.76,1831710.4564481524,23,5
48,Alberta,2026,ALL,"R&D, Engineering & Scientific Services",8118587.78,7944410.6881764,37,19
48,Alberta,2026,ALL,"Resources, Fuel & Materials",2729554.81,2670994.635292014,52,17
48,Alberta,2026,ALL,Weapons & Military Equipment,15802.45,15463.422467222883,1,1
59,British Columbia,2016,ALL,Administrative,7354254.53,9404739.827305295,34,23
59,British Columbia,2016,ALL,Aerospace & Space,49544.369999999995,63358.142943925224,3,1
59,British Columbia,2016,ALL,Communications & Electronics,46706.57,59729.118333333325,1,1
59,British Columbia,2016,ALL,Construction & Infrastructure,2391054.79,3057719.599049844,11,10
59,British Columbia,2016,ALL,Digital Systems & Software,442377.61,565719.6539096573,4,3
59,British Columbia,2016,ALL,Industrial Equipment & Manufacturing,466419.48,596464.7867289719,20,14
59,British Columbia,2016,ALL,Land Systems & Vehicles,179005.11000000002,228914.63443925232,8,5
59,British Columbia,2016,ALL,Marine & Shipbuilding,17274.4,22090.782554517133,1,1
59,British Columbia,2016,ALL,"R&D, Engineering & Scientific Services",146352.94999999998,187158.52328660432,2,2
59,British Columbia,2016,ALL,"Resources, Fuel & Materials",313111.48,400412.03283489094,17,8
59,British Columbia,2017,ALL,Administrative,207074803.58,260749100.8269632,381,115
59,British Columbia,2017,ALL,Aerospace & Space,66668719.22,83949414.84604295,26,14
59,British Columbia,2017,ALL,Communications & Electronics,472424.51,594878.1023159509,13,11
59,British Columbia,2017,ALL,Construction & Infrastructure,51597985.87,64972310.428328216,168,74
59,British Columbia,2017,ALL,Digital Systems & Software,2504909.27,3154187.8998006135,17,15
59,British Columbia,2017,ALL,Industrial Equipment & Manufacturing,10026906.6,12625905.396625767,123,77
59,British Columbia,2017,ALL,Land Systems & Vehicles,59271944.4,74635377.8411043,44,9
59,British Columbia,2017,ALL,Marine & Shipbuilding,47155774.57,59378667.0582362,21,11
59,British Columbia,2017,ALL,"R&D, Engineering & Scientific Services",21944755.26,27632889.675552145,55,26
59,British Columbia,2017,ALL,"Resources, Fuel & Materials",26060303.23,32815197.778880365,210,29
59,British Columbia,2017,ALL,Weapons & Military Equipment,642502.23,809040.384708589,11,4
59,British Columbia,2018,ALL,Administrative,51115659.27,62917475.65317841,469,142
59,British Columbia,2018,ALL,Aerospace & Space,2653528.9,3266187.746476761,16,8
59,British Columbia,2018,ALL,Communications & Electronics,12389888.58,15250522.525007496,15,9
59,British Columbia,2018,ALL,Construction & Infrastructure,39248298.84,48310124.95898051,278,73
59,British Columbia,2018,ALL,Digital Systems & Software,1907946.49,2348461.87149925,23,22
59,British Columbia,2018,ALL,Industrial Equipment & Manufacturing,17853013.61,21974998.761334334,142,89
59,British Columbia,2018,ALL,Land Systems & Vehicles,585773.78,721019.9001199399,19,13
59,British Columbia,2018,ALL,Marine & Shipbuilding,160591499.52,197669596.86044976,30,21
59,British Columbia,2018,ALL,"R&D, Engineering & Scientific Services",35746063.57,43999277.64763118,67,46
59,British Columbia,2018,ALL,"Resources, Fuel & Materials",53610861.76,65988781.86650674,453,38
59,British Columbia,2018,ALL,Weapons & Military Equipment,2712684.65,3339001.645652174,8,4
59,British Columbia,2019,ALL,Administrative,36256532.42,43774431.05414706,362,118
59,British Columbia,2019,ALL,Aerospace & Space,801134.76,967252.4087647059,24,20
59,British Columbia,2019,ALL,Communications & Electronics,1792828.68,2164576.9798235293,32,20
59,British Columbia,2019,ALL,Construction & Infrastructure,65283040.12,78819670.49782352,217,74
59,British Columbia,2019,ALL,Digital Systems & Software,2321294.12,2802621.283117647,17,12
59,British Columbia,2019,ALL,Industrial Equipment & Manufacturing,5170707.29,6242868.654544117,114,69
59,British Columbia,2019,ALL,Land Systems & Vehicles,2323317.35,2805064.035808823,21,12
59,British Columbia,2019,ALL,Marine & Shipbuilding,1211036534.52,1462148521.8248823,50,21
59,British Columbia,2019,ALL,"R&D, Engineering & Scientific Services",48236665.22,58238679.62591176,56,39
59,British Columbia,2019,ALL,"Resources, Fuel & Materials",37012447.22,44687087.01120588,467,28
59,British Columbia,2019,ALL,Weapons & Military Equipment,2185121.9,2638213.3527941173,4,4
59,British Columbia,2020,ALL,Administrative,35813806.65,42924285.050583944,284,115
59,British Columbia,2020,ALL,Aerospace & Space,855443.44,1025283.305459854,4,2
59,British Columbia,2020,ALL,Communications & Electronics,1834983.8,2199301.7515328466,22,8
59,British Columbia,2020,ALL,Construction & Infrastructure,21886759.78,26232160.261868615,320,80
59,British Columbia,2020,ALL,Digital Systems & Software,2123168.41,2544702.5760729928,18,12
59,British Columbia,2020,ALL,Industrial Equipment & Manufacturing,8703518.96,10431516.88490511,148,77
59,British Columbia,2020,ALL,Land Systems & Vehicles,1314303.24,1575245.1971386862,17,11
59,British Columbia,2020,ALL,Marine & Shipbuilding,36651718.660000004,43928556.23337226,32,13
59,British Columbia,2020,ALL,"R&D, Engineering & Scientific Services",18884854.4,22634256.149489053,61,38
59,British Columbia,2020,ALL,"Resources, Fuel & Materials",11793871.25,14135428.16970803,269,34
59,British Columbia,2020,ALL,Weapons & Military Equipment,569145.39,682143.5988175182,7,2
59,British Columbia,2021,ALL,Administrative,28284188.16,32798472.428474575,280,140
59,British Columbia,2021,ALL,Aerospace & Space,1077788.04,1249807.882542373,7,5
59,British Columbia,2021,ALL,Communications & Electronics,3235480.7600000002,3751878.112937853,18,16
59,British Columbia,2021,ALL,Construction & Infrastructure,46908220.5,54394984.50635593,472,94
59,British Columbia,2021,ALL,Digital Systems & Software,1705548.54,1977761.795677966,13,11
59,British Columbia,2021,ALL,Industrial Equipment & Manufacturing,15697947.379999999,18203410.733022597,201,89
59,British Columbia,2021,ALL,Land Systems & Vehicles,15954485.64,18500893.65881356,23,11
59,British Columbia,2021,ALL,Marine & Shipbuilding,17493092.26,20285068.849519774,25,9
59,British Columbia,2021,ALL,"R&D, Engineering & Scientific Services",234640573.8,272090269.90084743,79,45
59,British Columbia,2021,ALL,"Resources, Fuel & Materials",16471425.49,19100339.445324857,407,39
59,British Columbia,2021,ALL,Weapons & Military Equipment,838134.6,971904.670338983,3,3
59,British Columbia,2022,ALL,Administrative,25419375.23,27604903.52358466,301,134
59,British Columbia,2022,ALL,Aerospace & Space,4441311.49,4823170.28212963,14,8
59,British Columbia,2022,ALL,Communications & Electronics,18938443.77,20566749.12059524,7,7
59,British Columbia,2022,ALL,Construction & Infrastructure,97736249.5,106139498.46494709,440,121
59,British Columbia,2022,ALL,Digital Systems & Software,363102.6,394321.7388888889,12,9
59,British Columbia,2022,ALL,Industrial Equipment & Manufacturing,10006482.18,10866827.870079366,170,86
59,British Columbia,2022,ALL,Land Systems & Vehicles,6428582.53,6981304.572923281,22,15
59,British Columbia,2022,ALL,Marine & Shipbuilding,1221707453.82,1326748438.6061113,10,8
59,British Columbia,2022,ALL,"R&D, Engineering & Scientific Services",30759227.68,33403870.271534394,70,45
59,British Columbia,2022,ALL,"Resources, Fuel & Materials",34964729.42,37970956.155846566,193,47
59,British Columbia,2022,ALL,Weapons & Military Equipment,6696960.66,7272757.542142858,9,6
59,British Columbia,2023,ALL,Administrative,53761143.46,56190832.311470404,632,238
59,British Columbia,2023,ALL,Aerospace & Space,1096014.43,1145547.8638192234,12,10
59,British Columbia,2023,ALL,Communications & Electronics,232874.52,243399.0845576066,6,6
59,British Columbia,2023,ALL,Construction & Infrastructure,73183696.78,76491171.3002928,572,149
59,British Columbia,2023,ALL,Digital Systems & Software,4132168.6,4318918.422151496,18,17
59,British Columbia,2023,ALL,Industrial Equipment & Manufacturing,8206176.4399999995,8577047.558548696,143,98
59,British Columbia,2023,ALL,Land Systems & Vehicles,859644.52,898495.418103119,15,12
59,British Columbia,2023,ALL,Marine & Shipbuilding,3734335.5900000003,3903105.6898663277,10,9
59,British Columbia,2023,ALL,"R&D, Engineering & Scientific Services",21029872.2,21980299.269509867,84,48
59,British Columbia,2023,ALL,"Resources, Fuel & Materials",38255822.19,39984761.32143857,215,58
59,British Columbia,2023,ALL,Weapons & Military Equipment,551530.44,576456.3860471038,5,5
59,British Columbia,2024,ALL,Administrative,67129704.29,68506509.90937227,619,199
59,British Columbia,2024,ALL,Aerospace & Space,149412.22,152476.60984462398,5,4
59,British Columbia,2024,ALL,Communications & Electronics,3567371.37,3640536.848688626,7,7
59,British Columbia,2024,ALL,Construction & Infrastructure,29974476.94,30589242.47077688,376,111
59,British Columbia,2024,ALL,Digital Systems & Software,17195669.99,17548346.876059663,9,9
59,British Columbia,2024,ALL,Industrial Equipment & Manufacturing,15182307.75,15493691.314791795,208,110
59,British Columbia,2024,ALL,Land Systems & Vehicles,4304817.27,4393107.493685518,49,26
59,British Columbia,2024,ALL,Marine & Shipbuilding,4156478361.34,4241726208.4029083,12,10
59,British Columbia,2024,ALL,"R&D, Engineering & Scientific Services",74971733.98,76509376.75274083,42,38
59,British Columbia,2024,ALL,"Resources, Fuel & Materials",39835650.85,40652665.44170292,208,63
59,British Columbia,2024,ALL,Weapons & Military Equipment,1848028.65,1885931.0399627094,3,3
59,British Columbia,2025,ALL,Administrative,58277961.69,58277961.69,599,250
59,British Columbia,2025,ALL,Aerospace & Space,2148521.09,2148521.09,13,8
59,British Columbia,2025,ALL,Communications & Electronics,5033630.24,5033630.24,19,14
59,British Columbia,2025,ALL,Construction & Infrastructure,65829268.31,65829268.31,580,139
59,British Columbia,2025,ALL,Digital Systems & Software,3301703.19,3301703.19,23,19
59,British Columbia,2025,ALL,Industrial Equipment & Manufacturing,38990502.42,38990502.42,469,181
59,British Columbia,2025,ALL,Land Systems & Vehicles,917983.4,917983.4,20,18
59,British Columbia,2025,ALL,Marine & Shipbuilding,49294028.47,49294028.47,143,58
59,British Columbia,2025,ALL,"R&D, Engineering & Scientific Services",16847657.85,16847657.85,65,35
59,British Columbia,2025,ALL,"Resources, Fuel & Materials",40122284.49,40122284.49,249,86
59,British Columbia,2025,ALL,Weapons & Military Equipment,1061802.6,1061802.6,5,3
59,British Columbia,2026,ALL,Administrative,11138499.9,10899533.275208581,153,101
59,British Columbia,2026,ALL,Aerospace & Space,271565.13,265738.94127532776,3,2
59,British Columbia,2026,ALL,Communications & Electronics,90727.35,88780.8752681764,1,1
59,British Columbia,2026,ALL,Construction & Infrastructure,6658264.59,6515417.435506554,74,41
59,British Columbia,2026,ALL,Digital Systems & Software,985168.12,964032.2127771155,12,9
59,British Columbia,2026,ALL,Industrial Equipment & Manufacturing,13324873.54,13039000.210178783,99,64
59,British Columbia,2026,ALL,Land Systems & Vehicles,747727.82,731685.9835756852,3,3
59,British Columbia,2026,ALL,Marine & Shipbuilding,15680733.09,15344316.885446958,73,39
59,British Columbia,2026,ALL,"R&D, Engineering & Scientific Services",34736520.9,33991279.688796185,28,20
59,British Columbia,2026,ALL,"Resources, Fuel & Materials",21288864.67,20832130.982205003,100,35
60,Yukon,2016,ALL,"Resources, Fuel & Materials",112208.64,143494.22654205607,7,1
60,Yukon,2017,ALL,Administrative,113038.45,142338.2936349693,6,6
60,Yukon,2017,ALL,"R&D, Engineering & Scientific Services",157041,197746.41257668711,1,1
60,Yukon,2017,ALL,"Resources, Fuel & Materials",132763.01,167175.50799079752,2,1
60,Yukon,2018,ALL,Administrative,41790,51438.66566716642,2,2
60,Yukon,2018,ALL,Aerospace & Space,15065.44,18543.81745127436,1,1
60,Yukon,2018,ALL,Construction & Infrastructure,3075000,3784970.0149925034,1,1
60,Yukon,2018,ALL,"Resources, Fuel & Materials",347111.45,427254.1236131934,6,1
60,Yukon,2019,ALL,Administrative,10279.5,12410.98455882353,1,1
60,Yukon,2019,ALL,Marine & Shipbuilding,11970,14452.014705882351,1,1
60,Yukon,2019,ALL,"Resources, Fuel & Materials",352003.42,424992.3644411764,18,1
60,Yukon,2020,ALL,Marine & Shipbuilding,21357,25597.22189781022,1,1
60,Yukon,2020,ALL,"Resources, Fuel & Materials",137600.35,164919.54357664235,3,1
60,Yukon,2021,ALL,Administrative,19172.47,22232.48286723164,1,1
60,Yukon,2021,ALL,Aerospace & Space,74392.5,86265.87923728813,1,1
60,Yukon,2021,ALL,Industrial Equipment & Manufacturing,43727,50706.02683615819,2,1
60,Yukon,2021,ALL,"Resources, Fuel & Materials",528761.63,613154.3760310734,11,1
60,Yukon,2022,ALL,Administrative,55342.5,60100.783730158735,3,3
60,Yukon,2022,ALL,Aerospace & Space,107856,117129.33333333334,1,1
60,Yukon,2022,ALL,Communications & Electronics,10206,11083.5,1,1
60,Yukon,2022,ALL,Industrial Equipment & Manufacturing,160472,174269.19576719578,1,1
60,Yukon,2022,ALL,"Resources, Fuel & Materials",542858.5,589532.841931217,16,1
60,Yukon,2023,ALL,Administrative,135093.15,141198.56925525144,4,3
60,Yukon,2023,ALL,Aerospace & Space,284181.3,297024.6305537874,3,3
60,Yukon,2023,ALL,Construction & Infrastructure,13755,14376.645448758753,1,1
60,Yukon,2023,ALL,Industrial Equipment & Manufacturing,15853.95,16570.455697008278,1,1
60,Yukon,2023,ALL,"Resources, Fuel & Materials",347112.65,362800.1090388288,14,1
60,Yukon,2024,ALL,Administrative,130719.23,133400.23347420758,4,4
60,Yukon,2024,ALL,Aerospace & Space,779658.4,795648.9078931012,9,4
60,Yukon,2024,ALL,"Resources, Fuel & Materials",72800.08,74293.18294592915,4,1
60,Yukon,2025,ALL,Administrative,388541.43,388541.43,12,9
60,Yukon,2025,ALL,Aerospace & Space,639589.73,639589.73,6,5
60,Yukon,2025,ALL,Communications & Electronics,3044909,3044909,2,2
60,Yukon,2025,ALL,Construction & Infrastructure,23730,23730,1,1
60,Yukon,2025,ALL,Industrial Equipment & Manufacturing,47353.95,47353.95,2,2
60,Yukon,2025,ALL,"Resources, Fuel & Materials",97838.42,97838.42,4,2
60,Yukon,2026,ALL,Administrative,159145.35,155731.02783075089,5,5
60,Yukon,2026,ALL,Construction & Infrastructure,18282.4,17890.1673420739,1,1
60,Yukon,2026,ALL,Industrial Equipment & Manufacturing,40668.62,39796.11087008343,2,2
60,Yukon,2026,ALL,Land Systems & Vehicles,106220.1,103941.24207389749,1,1
61,Northwest Territories,2017,ALL,Administrative,139898.36,176160.35822085888,8,7
61,Northwest Territories,2017,ALL,Construction & Infrastructure,439709,553682.6518404908,1,1
61,Northwest Territories,2017,ALL,Industrial Equipment & Manufacturing,118072.20999999999,148676.81657975458,2,2
61,Northwest Territories,2017,ALL,Land Systems & Vehicles,47763.18,60143.51346625766,3,3
61,Northwest Territories,2017,ALL,Marine & Shipbuilding,12810,16130.383435582822,1,1
61,Northwest Territories,2017,ALL,"R&D, Engineering & Scientific Services",33839.9,42611.28512269939,1,1
61,Northwest Territories,2017,ALL,"Resources, Fuel & Materials",106706.94,134365.64070552148,6,4
61,Northwest Territories,2018,ALL,Administrative,112075.39,137951.86685157422,8,7
61,Northwest Territories,2018,ALL,Aerospace & Space,221024.47,272055.6070014992,2,1
61,Northwest Territories,2018,ALL,Construction & Infrastructure,10179.75,12530.097076461769,1,1
61,Northwest Territories,2018,ALL,Industrial Equipment & Manufacturing,58451.78,71947.39337331335,3,3
61,Northwest Territories,2018,ALL,Land Systems & Vehicles,12051,14833.389805097451,1,1
61,Northwest Territories,2018,ALL,"R&D, Engineering & Scientific Services",59290,72979.14542728635,2,1
61,Northwest Territories,2018,ALL,"Resources, Fuel & Materials",158031.89,194519.01302848576,1,1
61,Northwest Territories,2019,ALL,Administrative,365032.31,440722.83310294116,10,10
61,Northwest Territories,2019,ALL,Aerospace & Space,242537.8,292828.7261764706,3,2
61,Northwest Territories,2019,ALL,Construction & Infrastructure,925222,1117069.5029411763,4,3
61,Northwest Territories,2019,ALL,Industrial Equipment & Manufacturing,43329.21,52313.64913235293,1,1
61,Northwest Territories,2019,ALL,Land Systems & Vehicles,16914.77,20422.09730882353,1,1
61,Northwest Territories,2019,ALL,"R&D, Engineering & Scientific Services",23580.9,28470.468970588234,1,1
61,Northwest Territories,2019,ALL,"Resources, Fuel & Materials",355362.08,429047.4524705882,13,5
61,Northwest Territories,2020,ALL,Administrative,653923.72,783753.8308321168,17,4
61,Northwest Territories,2020,ALL,Aerospace & Space,78592.1,94195.78700729928,2,1
61,Northwest Territories,2020,ALL,Construction & Infrastructure,543214,651063.7868613139,1,1
61,Northwest Territories,2020,ALL,Digital Systems & Software,31048.46,37212.8257810219,1,1
61,Northwest Territories,2020,ALL,Industrial Equipment & Manufacturing,376782.8,451589.31211678835,5,1
61,Northwest Territories,2020,ALL,"Resources, Fuel & Materials",227170.11,272272.4968029197,11,3
61,Northwest Territories,2021,ALL,Administrative,895224.31,1038106.1560875706,24,5
61,Northwest Territories,2021,ALL,Aerospace & Space,9290875,10773740.642655367,13,1
61,Northwest Territories,2021,ALL,Industrial Equipment & Manufacturing,340755,395141.03813559323,4,1
61,Northwest Territories,2021,ALL,Land Systems & Vehicles,22242.28,25792.248418079093,2,2
61,Northwest Territories,2021,ALL,"Resources, Fuel & Materials",180207.08,208968.94446327683,9,3
61,Northwest Territories,2021,ALL,Weapons & Military Equipment,385386.5,446895.927259887,1,1
61,Northwest Territories,2022,ALL,Administrative,607524.61,659758.8687962963,20,7
61,Northwest Territories,2022,ALL,Aerospace & Space,4034339.81,4381207.650806879,19,4
61,Northwest Territories,2022,ALL,Communications & Electronics,79690.5,86542.19642857143,3,3
61,Northwest Territories,2022,ALL,Construction & Infrastructure,148311.7,161063.36732804234,2,2
61,Northwest Territories,2022,ALL,Industrial Equipment & Manufacturing,177614.33,192885.40334656084,8,2
61,Northwest Territories,2022,ALL,Land Systems & Vehicles,127073.41,137999.03387566138,2,2
61,Northwest Territories,2022,ALL,"Resources, Fuel & Materials",83979.82,91200.30716931217,4,2
61,Northwest Territories,2023,ALL,Administrative,244683.45,255741.7090388288,5,3
61,Northwest Territories,2023,ALL,Aerospace & Space,3695506.2,3862521.438828772,15,4
61,Northwest Territories,2023,ALL,Industrial Equipment & Manufacturing,19062.91,19924.44189688097,1,1
61,Northwest Territories,2023,ALL,Marine & Shipbuilding,11014.5,11512.290897517505,1,1
61,Northwest Territories,2023,ALL,"Resources, Fuel & Materials",102421.62,107050.47742838957,4,3
61,Northwest Territories,2024,ALL,Administrative,769856.63,785646.1071845867,11,9
61,Northwest Territories,2024,ALL,Aerospace & Space,374449.52,382129.34234928526,3,3
61,Northwest Territories,2024,ALL,Communications & Electronics,17272.5,17626.75264139217,1,1
61,Northwest Territories,2024,ALL,Construction & Infrastructure,21355171.29,21793158.022486016,4,4
61,Northwest Territories,2024,ALL,Land Systems & Vehicles,129726.45000000001,132387.09192044748,2,1
61,Northwest Territories,2024,ALL,"Resources, Fuel & Materials",183541.92,187306.2974766936,6,2
61,Northwest Territories,2025,ALL,Administrative,866315.57,866315.57,24,23
61,Northwest Territories,2025,ALL,Aerospace & Space,377832.81,377832.81,6,1
61,Northwest Territories,2025,ALL,Communications & Electronics,15000,15000,1,1
61,Northwest Territories,2025,ALL,Construction & Infrastructure,394979.36,394979.36,8,7
61,Northwest Territories,2025,ALL,Industrial Equipment & Manufacturing,94547.16,94547.16,4,4
61,Northwest Territories,2025,ALL,Land Systems & Vehicles,57908.95,57908.95,2,2
61,Northwest Territories,2025,ALL,Marine & Shipbuilding,2940000,2940000,1,1
61,Northwest Territories,2025,ALL,"R&D, Engineering & Scientific Services",47653.990000000005,47653.990000000005,2,2
61,Northwest Territories,2025,ALL,"Resources, Fuel & Materials",964846.85,964846.85,18,5
61,Northwest Territories,2026,ALL,Administrative,502310.41000000003,491533.7861859356,9,9
61,Northwest Territories,2026,ALL,Aerospace & Space,301650.93,295179.27715137065,6,1
61,Northwest Territories,2026,ALL,Construction & Infrastructure,38027.85,37211.99624553039,1,1
61,Northwest Territories,2026,ALL,Industrial Equipment & Manufacturing,64185.67,62808.62344457687,4,4
61,Northwest Territories,2026,ALL,Marine & Shipbuilding,69773.66,68276.72808104886,1,1
61,Northwest Territories,2026,ALL,"Resources, Fuel & Materials",98855.76,96734.89744934444,2,2
62,Nunavut,2016,ALL,Administrative,15750,20141.355140186915,1,1
62,Nunavut,2016,ALL,"Resources, Fuel & Materials",649775.82,830943.8445794391,36,2
62,Nunavut,2017,ALL,Administrative,102267.82,128775.88990797545,4,4
62,Nunavut,2017,ALL,Aerospace & Space,196792.45,247801.53596625768,1,1
62,Nunavut,2017,ALL,"Resources, Fuel & Materials",1297170.2,1633399.8990797545,39,3
62,Nunavut,2018,ALL,Administrative,134252.09,165248.8244227886,3,3
62,Nunavut,2018,ALL,Aerospace & Space,15796.43,19443.581754122937,1,1
62,Nunavut,2018,ALL,Communications & Electronics,11728.5,14436.429535232382,1,1
62,Nunavut,2018,ALL,Construction & Infrastructure,71557.15,88078.59092953523,2,2
62,Nunavut,2018,ALL,"R&D, Engineering & Scientific Services",480727.7,591720.3023988006,1,1
62,Nunavut,2018,ALL,"Resources, Fuel & Materials",1199532.64,1476486.2030584707,65,3
62,Nunavut,2019,ALL,Aerospace & Space,13976.03,16874.000926470588,1,1
62,Nunavut,2019,ALL,Construction & Infrastructure,10255.78,12382.346147058824,1,1
62,Nunavut,2019,ALL,"Resources, Fuel & Materials",1081597.74,1305870.2125588234,55,4
62,Nunavut,2020,ALL,Administrative,171638.95,205716.17218978103,8,5
62,Nunavut,2020,ALL,Industrial Equipment & Manufacturing,145747.89,174684.69735766423,6,1
62,Nunavut,2020,ALL,"Resources, Fuel & Materials",1736459.41,2081216.314759124,74,3
62,Nunavut,2021,ALL,Administrative,117640.95,136416.97733050847,5,3
62,Nunavut,2021,ALL,Industrial Equipment & Manufacturing,76803,89061.10593220338,4,1
62,Nunavut,2021,ALL,"R&D, Engineering & Scientific Services",228897.16,265430.18129943503,1,1
62,Nunavut,2021,ALL,"Resources, Fuel & Materials",1100219.74,1275819.7832485875,62,6
62,Nunavut,2022,ALL,Administrative,11277,12246.583333333334,1,1
62,Nunavut,2022,ALL,Aerospace & Space,779297.56,846300.6570899473,1,1
62,Nunavut,2022,ALL,Industrial Equipment & Manufacturing,591667535.79,642538421.8036904,6,3
62,Nunavut,2022,ALL,"Resources, Fuel & Materials",95176.54000000001,103359.70812169313,6,4
62,Nunavut,2023,ALL,Administrative,154504.22,161486.9059452578,7,5
62,Nunavut,2023,ALL,Construction & Infrastructure,10050,10504.201145767029,1,1
62,Nunavut,2023,ALL,Industrial Equipment & Manufacturing,62068.880000000005,64874.029891788676,3,1
62,Nunavut,2023,ALL,"R&D, Engineering & Scientific Services",23000,24039.465308720562,1,1
62,Nunavut,2023,ALL,"Resources, Fuel & Materials",324220.92,338873.80690006365,17,3
62,Nunavut,2024,ALL,Administrative,244234.75,249243.91516469856,9,4
62,Nunavut,2024,ALL,Aerospace & Space,144249.08,147207.57573648225,1,1
62,Nunavut,2024,ALL,Construction & Infrastructure,4333414.32,4422291.058694841,5,5
62,Nunavut,2024,ALL,"R&D, Engineering & Scientific Services",470640.53,480293.1946923555,1,1
62,Nunavut,2024,ALL,"Resources, Fuel & Materials",107660.62,109868.69983840894,4,1
62,Nunavut,2025,ALL,Administrative,261515.28,261515.28,8,6
62,Nunavut,2025,ALL,Construction & Infrastructure,2390437.27,2390437.27,6,4
62,Nunavut,2025,ALL,Digital Systems & Software,20373.57,20373.57,1,1
62,Nunavut,2025,ALL,Industrial Equipment & Manufacturing,24995.87,24995.87,1,1
62,Nunavut,2025,ALL,Marine & Shipbuilding,13934.2,13934.2,1,1
62,Nunavut,2025,ALL,"R&D, Engineering & Scientific Services",369645.85,369645.85,2,2
62,Nunavut,2025,ALL,"Resources, Fuel & Materials",22155764.89,22155764.89,21,2
62,Nunavut,2026,ALL,Administrative,377223,369130.01549463643,7,6
62,Nunavut,2026,ALL,Construction & Infrastructure,763966.3,747576.0814064362,5,5
62,Nunavut,2026,ALL,Industrial Equipment & Manufacturing,41475,40585.19070321811,1,1
62,Nunavut,2026,ALL,"R&D, Engineering & Scientific Services",112439.25,110026.96573301549,1,1
10,Newfoundland and Labrador,2016,General Government Support,Administrative,382170.44,488725.74959501554,12,7
10,Newfoundland and Labrador,2016,General Government Support,Industrial Equipment & Manufacturing,109925.79,140574.8809813084,4,3
10,Newfoundland and Labrador,2016,Industrial and Technical Support,Administrative,188327.56,240836.33451713395,3,2
10,Newfoundland and Labrador,2016,Industrial and Technical Support,Digital Systems & Software,10796.2,13806.355451713394,1,1
10,Newfoundland and Labrador,2016,Industrial and Technical Support,"R&D, Engineering & Scientific Services",10315,13190.989096573207,1,1
10,Newfoundland and Labrador,2016,Industrial and Technical Support,"Resources, Fuel & Materials",142203.71,181852.40795950155,5,2
10,Newfoundland and Labrador,2017,Core Defence Industrial Complex,Land Systems & Vehicles,16527.66,20811.670030674846,1,1
10,Newfoundland and Labrador,2017,Core Defence Industrial Complex,Marine & Shipbuilding,1225752.1099999999,1543470.0648926378,8,5
10,Newfoundland and Labrador,2017,General Government Support,Administrative,1810344.05,2279589.6703220857,99,18
10,Newfoundland and Labrador,2017,General Government Support,Construction & Infrastructure,1992720.8900000001,2509239.0348006133,19,10
10,Newfoundland and Labrador,2017,General Government Support,Industrial Equipment & Manufacturing,532772.98,670869.0438343558,9,9
10,Newfoundland and Labrador,2017,General Government Support,"Resources, Fuel & Materials",1674645.92,2108718.2520245397,7,5
10,Newfoundland and Labrador,2017,Industrial and Technical Support,Administrative,40570.1,51085.96947852761,2,2
10,Newfoundland and Labrador,2017,Industrial and Technical Support,Aerospace & Space,175471.05,220953.57676380366,7,4
10,Newfoundland and Labrador,2017,Industrial and Technical Support,Digital Systems & Software,19320,24327.791411042945,1,1
10,Newfoundland and Labrador,2017,Industrial and Technical Support,Land Systems & Vehicles,36572.21,46051.816579754595,1,1
10,Newfoundland and Labrador,2017,Industrial and Technical Support,"R&D, Engineering & Scientific Services",4246364.57,5347032.687070552,15,8
10,Newfoundland and Labrador,2017,Industrial and Technical Support,"Resources, Fuel & Materials",644722.38,811836.0030368097,29,6
10,Newfoundland and Labrador,2018,Core Defence Industrial Complex,Communications & Electronics,774060.2,952778.7469265367,1,1
10,Newfoundland and Labrador,2018,Core Defence Industrial Complex,Marine & Shipbuilding,206058.36,253634.0533133433,5,1
10,Newfoundland and Labrador,2018,General Government Support,Administrative,3437884.63,4231639.102293853,29,24
10,Newfoundland and Labrador,2018,General Government Support,Construction & Infrastructure,1385960.59,1705957.4878410795,16,11
10,Newfoundland and Labrador,2018,General Government Support,Industrial Equipment & Manufacturing,753857.67,927911.7647226385,11,10
10,Newfoundland and Labrador,2018,General Government Support,"Resources, Fuel & Materials",590242.88,726520.8462968515,4,3
10,Newfoundland and Labrador,2018,Industrial and Technical Support,Administrative,900665.6900000001,1108615.4894902548,13,11
10,Newfoundland and Labrador,2018,Industrial and Technical Support,Aerospace & Space,745384.29,917482.0121289355,15,6
10,Newfoundland and Labrador,2018,Industrial and Technical Support,Construction & Infrastructure,10832.33,13333.34772113943,1,1
10,Newfoundland and Labrador,2018,Industrial and Technical Support,Digital Systems & Software,16668.63,20517.159265367318,1,1
10,Newfoundland and Labrador,2018,Industrial and Technical Support,Land Systems & Vehicles,14230,17515.487256371813,1,1
10,Newfoundland and Labrador,2018,Industrial and Technical Support,"R&D, Engineering & Scientific Services",3565535.93,4388763.116236881,17,9
10,Newfoundland and Labrador,2018,Industrial and Technical Support,"Resources, Fuel & Materials",1335492.21,1643836.738245877,57,12
10,Newfoundland and Labrador,2019,Core Defence Industrial Complex,Marine & Shipbuilding,16407.05,19809.10007352941,1,1
10,Newfoundland and Labrador,2019,General Government Support,Administrative,7407930.42,8943986.580617646,30,20
10,Newfoundland and Labrador,2019,General Government Support,Construction & Infrastructure,1228845.03,1483649.6612205883,17,10
10,Newfoundland and Labrador,2019,General Government Support,Industrial Equipment & Manufacturing,277511.77999999997,335054.66379411763,14,9
10,Newfoundland and Labrador,2019,General Government Support,Marine & Shipbuilding,480694.51999999996,580367.9425294116,2,2
10,Newfoundland and Labrador,2019,General Government Support,"Resources, Fuel & Materials",14457.47,17455.268926470588,1,1
10,Newfoundland and Labrador,2019,Industrial and Technical Support,Administrative,128458.62,155094.89267647057,5,4
10,Newfoundland and Labrador,2019,Industrial and Technical Support,Aerospace & Space,174644.05,210857.00742647058,9,3
10,Newfoundland and Labrador,2019,Industrial and Technical Support,Communications & Electronics,37840.53,45686.87519117646,1,1
10,Newfoundland and Labrador,2019,Industrial and Technical Support,Construction & Infrastructure,273145,329782.41911764705,2,2
10,Newfoundland and Labrador,2019,Industrial and Technical Support,Digital Systems & Software,37064,44749.3294117647,2,2
10,Newfoundland and Labrador,2019,Industrial and Technical Support,"R&D, Engineering & Scientific Services",2775470.63,3350972.6282794117,11,8
10,Newfoundland and Labrador,2019,Industrial and Technical Support,"Resources, Fuel & Materials",1601406.1300000001,1933462.4010735294,72,9
10,Newfoundland and Labrador,2020,Core Defence Industrial Complex,Aerospace & Space,4781094,5730333.100729927,1,1
10,Newfoundland and Labrador,2020,Core Defence Industrial Complex,Land Systems & Vehicles,12644.6,15155.060729927009,1,1
10,Newfoundland and Labrador,2020,Core Defence Industrial Complex,Marine & Shipbuilding,136565.13,163678.79084671533,3,3
10,Newfoundland and Labrador,2020,General Government Support,Administrative,1400997.97,1679152.3114890512,29,22
10,Newfoundland and Labrador,2020,General Government Support,Construction & Infrastructure,1988641.75,2383466.9733576644,11,7
10,Newfoundland and Labrador,2020,General Government Support,Industrial Equipment & Manufacturing,10547473.93,12641570.943839416,18,14
10,Newfoundland and Labrador,2020,General Government Support,"Resources, Fuel & Materials",458594.22,549643.5833868613,6,2
10,Newfoundland and Labrador,2020,Industrial and Technical Support,Administrative,352138.44,422052.0572846716,3,3
10,Newfoundland and Labrador,2020,Industrial and Technical Support,Aerospace & Space,123790.55,148367.94386861316,3,2
10,Newfoundland and Labrador,2020,Industrial and Technical Support,Communications & Electronics,57264.56,68633.87410218979,2,2
10,Newfoundland and Labrador,2020,Industrial and Technical Support,Construction & Infrastructure,12118389,14524375.721167883,1,1
10,Newfoundland and Labrador,2020,Industrial and Technical Support,Digital Systems & Software,12500,14981.751824817518,1,1
10,Newfoundland and Labrador,2020,Industrial and Technical Support,Industrial Equipment & Manufacturing,23244.45,27859.406496350366,1,1
10,Newfoundland and Labrador,2020,Industrial and Technical Support,"R&D, Engineering & Scientific Services",1596926,1913979.9211678833,5,3
10,Newfoundland and Labrador,2020,Industrial and Technical Support,"Resources, Fuel & Materials",2020197.21,2421287.4589927006,41,13
10,Newfoundland and Labrador,2021,General Government Support,Administrative,10989192.94,12743117.801892655,33,23
10,Newfoundland and Labrador,2021,General Government Support,Construction & Infrastructure,2055667.71,2383761.5676694913,40,14
10,Newfoundland and Labrador,2021,General Government Support,Industrial Equipment & Manufacturing,193789.41999999998,224719.08731638416,11,10
10,Newfoundland and Labrador,2021,General Government Support,"Resources, Fuel & Materials",352708.06,409001.86053672316,6,2
10,Newfoundland and Labrador,2021,Industrial and Technical Support,Administrative,279883.8,324554.5194915254,6,6
10,Newfoundland and Labrador,2021,Industrial and Technical Support,Aerospace & Space,531126.1,615896.2261299435,10,4
10,Newfoundland and Labrador,2021,Industrial and Technical Support,Communications & Electronics,525073.84,608877.998079096,3,3
10,Newfoundland and Labrador,2021,Industrial and Technical Support,Construction & Infrastructure,63397.17,73515.64487288136,2,2
10,Newfoundland and Labrador,2021,Industrial and Technical Support,Digital Systems & Software,135558.76,157194.55079096043,2,2
10,Newfoundland and Labrador,2021,Industrial and Technical Support,"R&D, Engineering & Scientific Services",2777870.47,3221231.152358757,5,4
10,Newfoundland and Labrador,2021,Industrial and Technical Support,"Resources, Fuel & Materials",994858.59,1153642.5174999998,59,9
10,Newfoundland and Labrador,2022,Core Defence Industrial Complex,Land Systems & Vehicles,26616.72,28905.194603174605,2,2
10,Newfoundland and Labrador,2022,Core Defence Industrial Complex,Marine & Shipbuilding,50053295,54356819.04100529,2,1
10,Newfoundland and Labrador,2022,General Government Support,Administrative,1848526.25,2007460.385251323,35,30
10,Newfoundland and Labrador,2022,General Government Support,Construction & Infrastructure,6455067.03,7010066.179404763,30,15
10,Newfoundland and Labrador,2022,General Government Support,Industrial Equipment & Manufacturing,1486866.27,1614705.3011507937,10,9
10,Newfoundland and Labrador,2022,General Government Support,"Resources, Fuel & Materials",742351.8099999999,806178.354510582,6,3
10,Newfoundland and Labrador,2022,Industrial and Technical Support,Administrative,1097584.46,1191953.4942592594,10,10
10,Newfoundland and Labrador,2022,Industrial and Technical Support,Aerospace & Space,281357.35,305548.12744708994,4,4
10,Newfoundland and Labrador,2022,Industrial and Technical Support,Communications & Electronics,92961.8,100954.54735449736,3,3
10,Newfoundland and Labrador,2022,Industrial and Technical Support,Construction & Infrastructure,26886.22,29197.865899470904,1,1
10,Newfoundland and Labrador,2022,Industrial and Technical Support,Land Systems & Vehicles,171202.7,185922.50886243387,3,3
10,Newfoundland and Labrador,2022,Industrial and Technical Support,"R&D, Engineering & Scientific Services",2789729.1599999997,3029586.825873016,6,3
10,Newfoundland and Labrador,2022,Industrial and Technical Support,"Resources, Fuel & Materials",2502558.39,2717725.44734127,106,5
10,Newfoundland and Labrador,2023,Core Defence Industrial Complex,Marine & Shipbuilding,41157110,43017170.35009548,3,2
10,Newfoundland and Labrador,2023,General Government Support,Administrative,3458878.69,3615199.75110121,32,24
10,Newfoundland and Labrador,2023,General Government Support,Construction & Infrastructure,10530737.95,11006665.635837046,25,12
10,Newfoundland and Labrador,2023,General Government Support,Industrial Equipment & Manufacturing,1398599.6900000002,1461808.205588797,7,7
10,Newfoundland and Labrador,2023,General Government Support,"Resources, Fuel & Materials",1874169.02,1958870.484302992,10,5
10,Newfoundland and Labrador,2023,Industrial and Technical Support,Administrative,1108151.12,1158233.0611330364,11,7
10,Newfoundland and Labrador,2023,Industrial and Technical Support,Aerospace & Space,28401.08,29684.642495225973,1,1
10,Newfoundland and Labrador,2023,Industrial and Technical Support,Digital Systems & Software,183678,191979.1699554424,1,1
10,Newfoundland and Labrador,2023,Industrial and Technical Support,Land Systems & Vehicles,78144,81675.6511775939,1,1
10,Newfoundland and Labrador,2023,Industrial and Technical Support,"R&D, Engineering & Scientific Services",2995149.29,3130512.4978866964,4,3
10,Newfoundland and Labrador,2023,Industrial and Technical Support,"Resources, Fuel & Materials",2685053.39,2806402.079172502,107,9
10,Newfoundland and Labrador,2024,Core Defence Industrial Complex,Land Systems & Vehicles,13344.2,13617.884648850217,1,1
10,Newfoundland and Labrador,2024,Core Defence Industrial Complex,Marine & Shipbuilding,57663899,58846564.42386575,2,1
10,Newfoundland and Labrador,2024,General Government Support,Administrative,1897272.8,1936185.169422001,23,21
10,Newfoundland and Labrador,2024,General Government Support,Communications & Electronics,10456.95,10671.418210068365,1,1
10,Newfoundland and Labrador,2024,General Government Support,Construction & Infrastructure,5917926.28,6039300.777973897,38,19
10,Newfoundland and Labrador,2024,General Government Support,Industrial Equipment & Manufacturing,39094.07,39895.87504039776,3,2
10,Newfoundland and Labrador,2024,General Government Support,"Resources, Fuel & Materials",212833.2,217198.33088875076,3,3
10,Newfoundland and Labrador,2024,Industrial and Technical Support,Communications & Electronics,17500,17858.91858297079,1,1
10,Newfoundland and Labrador,2024,Industrial and Technical Support,Construction & Infrastructure,22692174,23157582.16780609,1,1
10,Newfoundland and Labrador,2024,Industrial and Technical Support,Land Systems & Vehicles,511655.3,522149.1625854568,4,4
10,Newfoundland and Labrador,2024,Industrial and Technical Support,"R&D, Engineering & Scientific Services",4024688.6,4107233.487383468,2,1
10,Newfoundland and Labrador,2024,Industrial and Technical Support,"Resources, Fuel & Materials",3256927.76,3323726.1540832813,119,5
10,Newfoundland and Labrador,2025,Core Defence Industrial Complex,Aerospace & Space,125367.84,125367.84,1,1
10,Newfoundland and Labrador,2025,Core Defence Industrial Complex,Communications & Electronics,17048.75,17048.75,1,1
10,Newfoundland and Labrador,2025,Core Defence Industrial Complex,Marine & Shipbuilding,25572705.66,25572705.66,307,82
10,Newfoundland and Labrador,2025,General Government Support,Administrative,2548728.3,2548728.3,52,30
10,Newfoundland and Labrador,2025,General Government Support,Construction & Infrastructure,4311156.8,4311156.8,53,18
10,Newfoundland and Labrador,2025,General Government Support,Industrial Equipment & Manufacturing,2998001.98,2998001.98,23,17
10,Newfoundland and Labrador,2025,General Government Support,Marine & Shipbuilding,692239.7,692239.7,1,1
10,Newfoundland and Labrador,2025,General Government Support,"Resources, Fuel & Materials",59943.48,59943.48,3,3
10,Newfoundland and Labrador,2025,Industrial and Technical Support,Administrative,975445.53,975445.53,6,6
10,Newfoundland and Labrador,2025,Industrial and Technical Support,Aerospace & Space,164273.83000000002,164273.83000000002,3,3
10,Newfoundland and Labrador,2025,Industrial and Technical Support,Communications & Electronics,222764.2,222764.2,2,2
10,Newfoundland and Labrador,2025,Industrial and Technical Support,Industrial Equipment & Manufacturing,47117.86,47117.86,3,3
10,Newfoundland and Labrador,2025,Industrial and Technical Support,Land Systems & Vehicles,53274.08,53274.08,3,3
10,Newfoundland and Labrador,2025,Industrial and Technical Support,"R&D, Engineering & Scientific Services",119005,119005,3,3
10,Newfoundland and Labrador,2025,Industrial and Technical Support,"Resources, Fuel & Materials",6868382.18,6868382.18,130,9
10,Newfoundland and Labrador,2026,Core Defence Industrial Complex,Marine & Shipbuilding,5375203.75,5259883.5265196655,159,65
10,Newfoundland and Labrador,2026,General Government Support,Administrative,1443171.91,1412209.9381525624,39,18
10,Newfoundland and Labrador,2026,General Government Support,Construction & Infrastructure,384811.59,376555.79903456493,22,4
10,Newfoundland and Labrador,2026,General Government Support,Industrial Equipment & Manufacturing,1544422.9000000001,1511288.6780691298,24,18
10,Newfoundland and Labrador,2026,General Government Support,"Resources, Fuel & Materials",359565.19,351851.0381287247,3,3
10,Newfoundland and Labrador,2026,Industrial and Technical Support,Administrative,631778.15,618223.9107866506,5,5
10,Newfoundland and Labrador,2026,Industrial and Technical Support,Communications & Electronics,32369.440000000002,31674.98240762813,2,2
10,Newfoundland and Labrador,2026,Industrial and Technical Support,Digital Systems & Software,449123.53,439487.98346841475,1,1
10,Newfoundland and Labrador,2026,Industrial and Technical Support,Industrial Equipment & Manufacturing,66844.11,65410.02897497019,4,4
10,Newfoundland and Labrador,2026,Industrial and Technical Support,Land Systems & Vehicles,16688.62,16330.580476758043,1,1
10,Newfoundland and Labrador,2026,Industrial and Technical Support,"R&D, Engineering & Scientific Services",22148.58,21673.401883194274,2,2
10,Newfoundland and Labrador,2026,Industrial and Technical Support,"Resources, Fuel & Materials",5012719.11,4905175.672598331,38,5
11,Prince Edward Island,2016,General Government Support,Administrative,15470,19783.28660436137,1,1
11,Prince Edward Island,2016,Industrial and Technical Support,Construction & Infrastructure,35719.3,45678.41947040498,1,1
11,Prince Edward Island,2017,General Government Support,Construction & Infrastructure,60819.91,76584.57992331288,2,2
11,Prince Edward Island,2017,General Government Support,"Resources, Fuel & Materials",11247,14162.25,1,1
11,Prince Edward Island,2018,General Government Support,Administrative,438672.94,539955.7477361319,4,4
11,Prince Edward Island,2018,General Government Support,Construction & Infrastructure,157992.67,194470.73773613194,3,3
11,Prince Edward Island,2018,Industrial and Technical Support,Administrative,251766.05,309894.94310344825,2,2
11,Prince Edward Island,2018,Industrial and Technical Support,Industrial Equipment & Manufacturing,52382.5,64476.81034482758,1,1
11,Prince Edward Island,2018,Industrial and Technical Support,Land Systems & Vehicles,966304.75,1189409.594827586,1,1
11,Prince Edward Island,2019,General Government Support,Administrative,519377.32,627071.7348823529,7,7
11,Prince Edward Island,2019,General Government Support,Industrial Equipment & Manufacturing,14120.85,17048.849779411765,1,1
11,Prince Edward Island,2019,Industrial and Technical Support,Administrative,105630.32,127533.07752941176,2,2
11,Prince Edward Island,2019,Industrial and Technical Support,Industrial Equipment & Manufacturing,11443.04,13815.788,1,1
11,Prince Edward Island,2019,Industrial and Technical Support,Marine & Shipbuilding,116581.25,140754.7150735294,1,1
11,Prince Edward Island,2019,Industrial and Technical Support,"R&D, Engineering & Scientific Services",14375,17355.698529411762,1,1
11,Prince Edward Island,2020,Core Defence Industrial Complex,Aerospace & Space,19005.38,22778.71091970803,1,1
11,Prince Edward Island,2020,General Government Support,Administrative,100282.3,120192.36248175183,2,2
11,Prince Edward Island,2020,General Government Support,Construction & Infrastructure,9953017,11929090.448175183,9,7
11,Prince Edward Island,2020,General Government Support,"Resources, Fuel & Materials",10557,12652.988321167884,1,1
11,Prince Edward Island,2020,Industrial and Technical Support,Administrative,23000,27566.423357664233,1,1
11,Prince Edward Island,2020,Industrial and Technical Support,"R&D, Engineering & Scientific Services",13748.25,16477.829562043797,1,1
11,Prince Edward Island,2021,General Government Support,Administrative,50009.23,57990.929138418076,3,3
11,Prince Edward Island,2021,General Government Support,Construction & Infrastructure,457309.2,530297.8152542373,16,4
11,Prince Edward Island,2021,General Government Support,Industrial Equipment & Manufacturing,26450,30671.539548022596,1,1
11,Prince Edward Island,2021,Industrial and Technical Support,Administrative,68306.62,79208.66528248588,2,2
11,Prince Edward Island,2021,Industrial and Technical Support,Construction & Infrastructure,256657,297620.6172316384,2,1
11,Prince Edward Island,2021,Industrial and Technical Support,Marine & Shipbuilding,13083.77,15171.998827683616,1,1
11,Prince Edward Island,2021,Industrial and Technical Support,"R&D, Engineering & Scientific Services",1118940.03,1297527.916144068,3,2
11,Prince Edward Island,2022,Core Defence Industrial Complex,Aerospace & Space,42381.14,46025.02108465609,1,1
11,Prince Edward Island,2022,General Government Support,Administrative,610815.72,663332.9446031746,2,2
11,Prince Edward Island,2022,General Government Support,Construction & Infrastructure,516113.52,560488.3596825397,15,5
11,Prince Edward Island,2022,General Government Support,Industrial Equipment & Manufacturing,20297.5,22042.655423280423,1,1
11,Prince Edward Island,2022,Industrial and Technical Support,Administrative,38590.29,41908.23821428572,1,1
11,Prince Edward Island,2022,Industrial and Technical Support,Communications & Electronics,10476.5,11377.257275132275,1,1
11,Prince Edward Island,2022,Industrial and Technical Support,"R&D, Engineering & Scientific Services",17020,18483.35978835979,1,1
11,Prince Edward Island,2023,General Government Support,Administrative,308253.23,322184.47082113306,7,5
11,Prince Edward Island,2023,General Government Support,Construction & Infrastructure,455534.83,476122.3366390834,16,7
11,Prince Edward Island,2023,Industrial and Technical Support,Administrative,1034913.95,1081685.9999363462,8,8
11,Prince Edward Island,2023,Industrial and Technical Support,"R&D, Engineering & Scientific Services",12000,12542.329726288988,1,1
11,Prince Edward Island,2024,General Government Support,Administrative,511636.61,522130.08926041017,15,8
11,Prince Edward Island,2024,General Government Support,Construction & Infrastructure,82575.64,84269.23609695463,3,1
11,Prince Edward Island,2024,Industrial and Technical Support,"R&D, Engineering & Scientific Services",16102.5,16432.756370416406,1,1
11,Prince Edward Island,2025,Core Defence Industrial Complex,Aerospace & Space,1159285,1159285,1,1
11,Prince Edward Island,2025,Core Defence Industrial Complex,Marine & Shipbuilding,299212.94,299212.94,3,1
11,Prince Edward Island,2025,General Government Support,Administrative,503905.87,503905.87,13,7
11,Prince Edward Island,2025,General Government Support,Construction & Infrastructure,22941.07,22941.07,2,2
11,Prince Edward Island,2025,General Government Support,Industrial Equipment & Manufacturing,72068.73,72068.73,4,4
11,Prince Edward Island,2025,Industrial and Technical Support,Administrative,27443.42,27443.42,2,2
11,Prince Edward Island,2025,Industrial and Technical Support,Land Systems & Vehicles,36330.96,36330.96,2,2
11,Prince Edward Island,2025,Industrial and Technical Support,"Resources, Fuel & Materials",20000,20000,1,1
11,Prince Edward Island,2026,Core Defence Industrial Complex,Marine & Shipbuilding,226508.02,221648.49156138254,2,1
11,Prince Edward Island,2026,General Government Support,Administrative,103661.1,101437.14314660309,4,2
11,Prince Edward Island,2026,Industrial and Technical Support,Administrative,14950,14629.261025029797,1,1
12,Nova Scotia,2016,Core Defence Industrial Complex,Marine & Shipbuilding,1803515.98,2306365.4510591896,8,3
12,Nova Scotia,2016,General Government Support,Administrative,4130726.64,5282440.142429906,41,18
12,Nova Scotia,2016,General Government Support,Communications & Electronics,21535.67,27540.16366043613,1,1
12,Nova Scotia,2016,General Government Support,Construction & Infrastructure,11204911.89,14329022.837523364,4,3
12,Nova Scotia,2016,General Government Support,Industrial Equipment & Manufacturing,1208518.92,1545473.5721495326,31,15
12,Nova Scotia,2016,General Government Support,Marine & Shipbuilding,43940.009999999995,56191.19658878504,2,2
12,Nova Scotia,2016,General Government Support,"Resources, Fuel & Materials",26020.12,33274.95096573208,2,2
12,Nova Scotia,2016,Industrial and Technical Support,Administrative,420513.41,537759.3607632398,10,5
12,Nova Scotia,2016,Industrial and Technical Support,Industrial Equipment & Manufacturing,58686.82,75049.656105919,4,3
12,Nova Scotia,2016,Industrial and Technical Support,Land Systems & Vehicles,22626.9,28935.646261682243,1,1
12,Nova Scotia,2016,Industrial and Technical Support,"R&D, Engineering & Scientific Services",2250000,2877336.4485981306,2,2
12,Nova Scotia,2016,Industrial and Technical Support,"Resources, Fuel & Materials",62089.68,79401.28859813084,5,3
12,Nova Scotia,2017,Core Defence Industrial Complex,Aerospace & Space,1249150.1,1572932.8713190183,4,3
12,Nova Scotia,2017,Core Defence Industrial Complex,Land Systems & Vehicles,10153.5,12785.312116564417,1,1
12,Nova Scotia,2017,Core Defence Industrial Complex,Marine & Shipbuilding,4977133.71,6267218.981457055,48,12
12,Nova Scotia,2017,Core Defence Industrial Complex,Weapons & Military Equipment,130971.29,164919.36976993864,2,2
12,Nova Scotia,2017,General Government Support,Administrative,28025263.93,35289481.11430982,180,73
12,Nova Scotia,2017,General Government Support,Communications & Electronics,85340.99,107461.58403374233,2,1
12,Nova Scotia,2017,General Government Support,Construction & Infrastructure,10578094.49,13319962.540322086,163,61
12,Nova Scotia,2017,General Government Support,Industrial Equipment & Manufacturing,13175049.45,16590054.598849691,183,76
12,Nova Scotia,2017,General Government Support,"Resources, Fuel & Materials",376132.57,473627.05516871164,19,14
12,Nova Scotia,2017,Industrial and Technical Support,Administrative,6549790.2,8247511.892944785,72,26
12,Nova Scotia,2017,Industrial and Technical Support,Communications & Electronics,48971458.74,61664981.02076687,12,8
12,Nova Scotia,2017,Industrial and Technical Support,Construction & Infrastructure,110862672.66,139598549.46911043,10,10
12,Nova Scotia,2017,Industrial and Technical Support,Digital Systems & Software,1621664.12,2042003.4394478528,5,5
12,Nova Scotia,2017,Industrial and Technical Support,Industrial Equipment & Manufacturing,142529.08,179472.9673006135,5,4
12,Nova Scotia,2017,Industrial and Technical Support,Land Systems & Vehicles,2581919.7,3251159.6222392637,32,7
12,Nova Scotia,2017,Industrial and Technical Support,Marine & Shipbuilding,57244.7,72082.6667177914,2,2
12,Nova Scotia,2017,Industrial and Technical Support,"R&D, Engineering & Scientific Services",28563850.3,35967670.39309816,42,17
12,Nova Scotia,2017,Industrial and Technical Support,"Resources, Fuel & Materials",805094.82,1013777.3730368097,36,16
12,Nova Scotia,2018,Core Defence Industrial Complex,Aerospace & Space,1485568.96,1828563.892293853,5,4
12,Nova Scotia,2018,Core Defence Industrial Complex,Land Systems & Vehicles,23844.79,29350.183793103446,2,2
12,Nova Scotia,2018,Core Defence Industrial Complex,Marine & Shipbuilding,30532008.83,37581378.18505247,58,16
12,Nova Scotia,2018,Core Defence Industrial Complex,Weapons & Military Equipment,425843.2,524163.8188905547,3,3
12,Nova Scotia,2018,General Government Support,Administrative,38680527.66,47611264.181199394,232,91
12,Nova Scotia,2018,General Government Support,Construction & Infrastructure,29424707.99,36218418.68034483,205,73
12,Nova Scotia,2018,General Government Support,Industrial Equipment & Manufacturing,10555869.71,12993057.019355321,237,67
12,Nova Scotia,2018,General Government Support,Marine & Shipbuilding,310385,382048.1034482758,3,2
12,Nova Scotia,2018,General Government Support,"Resources, Fuel & Materials",572503.62,704685.8650974513,23,6
12,Nova Scotia,2018,Industrial and Technical Support,Administrative,12160404.43,14968054.028530734,101,35
12,Nova Scotia,2018,Industrial and Technical Support,Communications & Electronics,511786.73,629950.3828035982,20,9
12,Nova Scotia,2018,Industrial and Technical Support,Construction & Infrastructure,22953557.46,28253179.42227886,29,16
12,Nova Scotia,2018,Industrial and Technical Support,Digital Systems & Software,319937.39,393805.9927886057,7,7
12,Nova Scotia,2018,Industrial and Technical Support,Industrial Equipment & Manufacturing,152968.94,188287.1060569715,9,7
12,Nova Scotia,2018,Industrial and Technical Support,Land Systems & Vehicles,2884874.68,3550947.6945727137,14,5
12,Nova Scotia,2018,Industrial and Technical Support,Marine & Shipbuilding,75000,92316.34182908545,1,1
12,Nova Scotia,2018,Industrial and Technical Support,"R&D, Engineering & Scientific Services",13351027.9,16433574.071814092,75,23
12,Nova Scotia,2018,Industrial and Technical Support,"Resources, Fuel & Materials",1176533.51,1448176.9291004497,44,15
12,Nova Scotia,2019,Core Defence Industrial Complex,Land Systems & Vehicles,46923.240000000005,56652.91182352941,3,3
12,Nova Scotia,2019,Core Defence Industrial Complex,Marine & Shipbuilding,1326396872.4,1601429165.0594118,74,17
12,Nova Scotia,2019,Core Defence Industrial Complex,Weapons & Military Equipment,9965631.06,12032033.970970588,3,3
12,Nova Scotia,2019,General Government Support,Administrative,22637367.94,27331292.76285294,230,83
12,Nova Scotia,2019,General Government Support,Aerospace & Space,331404.01,400121.60619117646,4,4
12,Nova Scotia,2019,General Government Support,Communications & Electronics,922278.61,1113515.792367647,7,7
12,Nova Scotia,2019,General Government Support,Construction & Infrastructure,10295631.18,12430460.586441176,107,47
12,Nova Scotia,2019,General Government Support,Industrial Equipment & Manufacturing,15909852.31,19208806.980161764,188,71
12,Nova Scotia,2019,General Government Support,Marine & Shipbuilding,1007863.38,1216846.8161470587,38,11
12,Nova Scotia,2019,General Government Support,"R&D, Engineering & Scientific Services",26073.71,31480.17045588235,2,2
12,Nova Scotia,2019,General Government Support,"Resources, Fuel & Materials",468450.69,565585.318367647,27,12
12,Nova Scotia,2019,Industrial and Technical Support,Administrative,26850501.05,32418031.41477941,112,29
12,Nova Scotia,2019,Industrial and Technical Support,Aerospace & Space,27120.04,32743.46005882353,2,2
12,Nova Scotia,2019,Industrial and Technical Support,Communications & Electronics,849228.1,1025318.0442647059,7,7
12,Nova Scotia,2019,Industrial and Technical Support,Construction & Infrastructure,59373057.59,71684235.70792647,12,11
12,Nova Scotia,2019,Industrial and Technical Support,Digital Systems & Software,336865.71,406715.80575,9,7
12,Nova Scotia,2019,Industrial and Technical Support,Industrial Equipment & Manufacturing,285678.13,344914.3304852941,15,10
12,Nova Scotia,2019,Industrial and Technical Support,Land Systems & Vehicles,2543156.81,3070487.8544264706,20,12
12,Nova Scotia,2019,Industrial and Technical Support,Marine & Shipbuilding,20934.38,25275.18526470588,1,1
12,Nova Scotia,2019,Industrial and Technical Support,"R&D, Engineering & Scientific Services",15130200.82,18267492.460617647,61,23
12,Nova Scotia,2019,Industrial and Technical Support,"Resources, Fuel & Materials",1143683.57,1380829.7220147059,45,11
12,Nova Scotia,2019,Industrial and Technical Support,Weapons & Military Equipment,18135.5,21895.94926470588,1,1
12,Nova Scotia,2020,Core Defence Industrial Complex,Land Systems & Vehicles,85658.15,102664.73160583942,5,4
12,Nova Scotia,2020,Core Defence Industrial Complex,Marine & Shipbuilding,5168098.51,6194173.542642336,49,6
12,Nova Scotia,2020,Core Defence Industrial Complex,Weapons & Military Equipment,14089030.700000001,16886268.911970805,8,1
12,Nova Scotia,2020,General Government Support,Administrative,19200875.35,23013019.945036497,259,82
12,Nova Scotia,2020,General Government Support,Construction & Infrastructure,34045760.43,40805210.675956205,199,63
12,Nova Scotia,2020,General Government Support,Industrial Equipment & Manufacturing,14527869.67,17412235.035138685,205,68
12,Nova Scotia,2020,General Government Support,Marine & Shipbuilding,22733.57,27247.096306569343,2,1
12,Nova Scotia,2020,General Government Support,"R&D, Engineering & Scientific Services",58806.58,70482.0469781022,3,1
12,Nova Scotia,2020,General Government Support,"Resources, Fuel & Materials",447727.13,536618.9397518248,23,11
12,Nova Scotia,2020,Industrial and Technical Support,Administrative,5361139.02,6425540.343678832,81,28
12,Nova Scotia,2020,Industrial and Technical Support,Communications & Electronics,2060726.79,2469863.7877226276,9,7
12,Nova Scotia,2020,Industrial and Technical Support,Construction & Infrastructure,11503549.1,13787465.417664234,13,12
12,Nova Scotia,2020,Industrial and Technical Support,Digital Systems & Software,65104.72,78030.62061313869,2,2
12,Nova Scotia,2020,Industrial and Technical Support,Industrial Equipment & Manufacturing,505936.18,606384.8230364964,10,8
12,Nova Scotia,2020,Industrial and Technical Support,Land Systems & Vehicles,1115719.98,1337235.187708029,10,6
12,Nova Scotia,2020,Industrial and Technical Support,"R&D, Engineering & Scientific Services",593763049.12,711648851.5730219,76,23
12,Nova Scotia,2020,Industrial and Technical Support,"Resources, Fuel & Materials",1596693.17,1913700.8650656934,77,15
12,Nova Scotia,2021,Core Defence Industrial Complex,Aerospace & Space,62855.32,72887.3131638418,1,1
12,Nova Scotia,2021,Core Defence Industrial Complex,Communications & Electronics,68659.6,79617.9824858757,1,1
12,Nova Scotia,2021,Core Defence Industrial Complex,Land Systems & Vehicles,73104.49,84772.297019774,4,4
12,Nova Scotia,2021,Core Defence Industrial Complex,Marine & Shipbuilding,6052407.4,7018398.976553672,51,17
12,Nova Scotia,2021,Core Defence Industrial Complex,Weapons & Military Equipment,9909402.3,11490987.695338983,4,3
12,Nova Scotia,2021,General Government Support,Administrative,35980734.58,41723422.44375706,217,91
12,Nova Scotia,2021,General Government Support,Communications & Electronics,31500.01,36527.55396892655,1,1
12,Nova Scotia,2021,General Government Support,Construction & Infrastructure,26474352.72,30699779.072203387,287,71
12,Nova Scotia,2021,General Government Support,Industrial Equipment & Manufacturing,12513829.03,14511092.70286723,237,81
12,Nova Scotia,2021,General Government Support,"Resources, Fuel & Materials",1296848.59,1503831.4864265537,37,15
12,Nova Scotia,2021,Industrial and Technical Support,Administrative,718089399.89,832699713.7142514,107,35
12,Nova Scotia,2021,Industrial and Technical Support,Communications & Electronics,76265207.82,88437479.68957627,7,6
12,Nova Scotia,2021,Industrial and Technical Support,Construction & Infrastructure,1604732.05,1860854.5382062146,23,11
12,Nova Scotia,2021,Industrial and Technical Support,Digital Systems & Software,519553.64,602476.7492090395,7,6
12,Nova Scotia,2021,Industrial and Technical Support,Industrial Equipment & Manufacturing,307240.58,356277.5652259887,13,7
12,Nova Scotia,2021,Industrial and Technical Support,Land Systems & Vehicles,86197.34,99954.82505649718,2,2
12,Nova Scotia,2021,Industrial and Technical Support,Marine & Shipbuilding,370875,430068.3262711864,1,1
12,Nova Scotia,2021,Industrial and Technical Support,"R&D, Engineering & Scientific Services",41191620.33,47765989.11148305,92,28
12,Nova Scotia,2021,Industrial and Technical Support,"Resources, Fuel & Materials",3608196.34,4184080.784096045,137,21
12,Nova Scotia,2022,Core Defence Industrial Complex,Aerospace & Space,31902883.29,34645856.05964286,9,4
12,Nova Scotia,2022,Core Defence Industrial Complex,Construction & Infrastructure,17156.85,18631.975992063493,1,1
12,Nova Scotia,2022,Core Defence Industrial Complex,Land Systems & Vehicles,46240.16,50215.83513227513,2,2
12,Nova Scotia,2022,Core Defence Industrial Complex,Marine & Shipbuilding,24844368.73,26980458.63403439,67,18
12,Nova Scotia,2022,Core Defence Industrial Complex,Weapons & Military Equipment,10661646.72,11578322.694603175,6,3
12,Nova Scotia,2022,General Government Support,Administrative,22469822.77,24401751.976415344,295,117
12,Nova Scotia,2022,General Government Support,Communications & Electronics,31940.12,34686.29433862434,1,1
12,Nova Scotia,2022,General Government Support,Construction & Infrastructure,23768161.64,25811720.511164024,293,72
12,Nova Scotia,2022,General Government Support,Industrial Equipment & Manufacturing,25322015.29,27499172.68927249,258,103
12,Nova Scotia,2022,General Government Support,Marine & Shipbuilding,11592,12588.666666666668,1,1
12,Nova Scotia,2022,General Government Support,"Resources, Fuel & Materials",2067944.65,2245744.1238756613,37,14
12,Nova Scotia,2022,Industrial and Technical Support,Administrative,32084582.96,34843178.0557672,98,32
12,Nova Scotia,2022,Industrial and Technical Support,Aerospace & Space,115973.71,125944.9945899471,1,1
12,Nova Scotia,2022,Industrial and Technical Support,Communications & Electronics,2290602.97,2487546.347050265,16,13
12,Nova Scotia,2022,Industrial and Technical Support,Construction & Infrastructure,3912224.14,4248592.617645503,4,3
12,Nova Scotia,2022,Industrial and Technical Support,Digital Systems & Software,1444487.03,1568682.343425926,3,3
12,Nova Scotia,2022,Industrial and Technical Support,Industrial Equipment & Manufacturing,305312.64,331563.06539682543,11,8
12,Nova Scotia,2022,Industrial and Technical Support,Land Systems & Vehicles,8599716.69,9339110.32075397,13,9
12,Nova Scotia,2022,Industrial and Technical Support,Marine & Shipbuilding,87043.5,94527.39880952382,2,2
12,Nova Scotia,2022,Industrial and Technical Support,"R&D, Engineering & Scientific Services",23503226.49,25524006.545357145,70,30
12,Nova Scotia,2022,Industrial and Technical Support,"Resources, Fuel & Materials",8087171.34,8782496.918174604,205,24
12,Nova Scotia,2023,Core Defence Industrial Complex,Aerospace & Space,6156910.98,6435167.300547423,6,5
12,Nova Scotia,2023,Core Defence Industrial Complex,Land Systems & Vehicles,13481.07,14090.335416931892,1,1
12,Nova Scotia,2023,Core Defence Industrial Complex,Marine & Shipbuilding,9190654.58,9606018.345232336,78,27
12,Nova Scotia,2023,Core Defence Industrial Complex,Weapons & Military Equipment,4389827.220000001,4588221.702889879,6,6
12,Nova Scotia,2023,General Government Support,Administrative,40536320.41,42368324.706059836,397,155
12,Nova Scotia,2023,General Government Support,Communications & Electronics,107313.76000000001,112163.71350732018,3,3
12,Nova Scotia,2023,General Government Support,Construction & Infrastructure,81780178.5,85476163.65181413,355,81
12,Nova Scotia,2023,General Government Support,Industrial Equipment & Manufacturing,18482462.04,19317761.088274986,290,123
12,Nova Scotia,2023,General Government Support,"Resources, Fuel & Materials",7131813.12,7454129.308109485,48,19
12,Nova Scotia,2023,Industrial and Technical Support,Administrative,15153503.08,15838352.678141313,115,55
12,Nova Scotia,2023,Industrial and Technical Support,Communications & Electronics,1392426.09,1455355.595022279,9,7
12,Nova Scotia,2023,Industrial and Technical Support,Construction & Infrastructure,211193434.49,220738140.95008275,25,11
12,Nova Scotia,2023,Industrial and Technical Support,Digital Systems & Software,264896.57,276868.343691916,2,2
12,Nova Scotia,2023,Industrial and Technical Support,Industrial Equipment & Manufacturing,255176.14,266708.60718014004,5,5
12,Nova Scotia,2023,Industrial and Technical Support,Land Systems & Vehicles,11093355.49,11594710.193876512,25,16
12,Nova Scotia,2023,Industrial and Technical Support,Marine & Shipbuilding,1472736.9,1539295.9833227245,1,1
12,Nova Scotia,2023,Industrial and Technical Support,"R&D, Engineering & Scientific Services",36093686.18,37724909.425563335,98,40
12,Nova Scotia,2023,Industrial and Technical Support,"Resources, Fuel & Materials",6779586.42,7085984.023959262,174,29
12,Nova Scotia,2024,Core Defence Industrial Complex,Aerospace & Space,3480069695,3551444648.346799,4,4
12,Nova Scotia,2024,Core Defence Industrial Complex,Construction & Infrastructure,69984824,71420187.077688,2,2
12,Nova Scotia,2024,Core Defence Industrial Complex,Land Systems & Vehicles,177557.93,181199.57803604723,3,2
12,Nova Scotia,2024,Core Defence Industrial Complex,Marine & Shipbuilding,43389575.18,44279479.45653201,59,22
12,Nova Scotia,2024,Core Defence Industrial Complex,Weapons & Military Equipment,9741457.2,9941250.915102547,2,2
12,Nova Scotia,2024,General Government Support,Administrative,49276155.98,50286791.8702051,371,131
12,Nova Scotia,2024,General Government Support,Communications & Electronics,92183.25,94073.89465506525,4,4
12,Nova Scotia,2024,General Government Support,Construction & Infrastructure,32336480.68,32999690.041367307,427,70
12,Nova Scotia,2024,General Government Support,Industrial Equipment & Manufacturing,47757070.84,48736550.85101305,297,122
12,Nova Scotia,2024,General Government Support,"Resources, Fuel & Materials",1432252.81,1461627.7899440646,33,17
12,Nova Scotia,2024,Industrial and Technical Support,Administrative,20306341.35,20722816.96500932,115,56
12,Nova Scotia,2024,Industrial and Technical Support,Aerospace & Space,71729.06,73200.19671845867,2,1
12,Nova Scotia,2024,Industrial and Technical Support,Communications & Electronics,2488072.28,2539101.7301180856,6,5
12,Nova Scotia,2024,Industrial and Technical Support,Construction & Infrastructure,90240954.03,92091762.90693597,17,13
12,Nova Scotia,2024,Industrial and Technical Support,Digital Systems & Software,667780.2699999999,681476.1984711,5,5
12,Nova Scotia,2024,Industrial and Technical Support,Industrial Equipment & Manufacturing,181728.87,185456.06248601613,6,6
12,Nova Scotia,2024,Industrial and Technical Support,Land Systems & Vehicles,2246655.1,2292733.1722809197,17,12
12,Nova Scotia,2024,Industrial and Technical Support,"R&D, Engineering & Scientific Services",43775091.2,44672902.268738344,72,38
12,Nova Scotia,2024,Industrial and Technical Support,"Resources, Fuel & Materials",2995861.71,3057305.735127408,106,21
12,Nova Scotia,2025,Core Defence Industrial Complex,Aerospace & Space,5484956.42,5484956.42,6,6
12,Nova Scotia,2025,Core Defence Industrial Complex,Communications & Electronics,17395.08,17395.08,1,1
12,Nova Scotia,2025,Core Defence Industrial Complex,Land Systems & Vehicles,86956.22,86956.22,5,4
12,Nova Scotia,2025,Core Defence Industrial Complex,Marine & Shipbuilding,10847768076.02,10847768076.02,303,97
12,Nova Scotia,2025,Core Defence Industrial Complex,Weapons & Military Equipment,634610.34,634610.34,6,4
12,Nova Scotia,2025,General Government Support,Administrative,48477119.24,48477119.24,700,165
12,Nova Scotia,2025,General Government Support,Communications & Electronics,15750,15750,1,1
12,Nova Scotia,2025,General Government Support,Construction & Infrastructure,45993374.88,45993374.88,359,83
12,Nova Scotia,2025,General Government Support,Industrial Equipment & Manufacturing,25824213.55,25824213.55,312,135
12,Nova Scotia,2025,General Government Support,"Resources, Fuel & Materials",1827455.05,1827455.05,28,13
12,Nova Scotia,2025,Industrial and Technical Support,Administrative,18626319.61,18626319.61,100,56
12,Nova Scotia,2025,Industrial and Technical Support,Communications & Electronics,1764305.22,1764305.22,7,7
12,Nova Scotia,2025,Industrial and Technical Support,Construction & Infrastructure,9184995.16,9184995.16,25,12
12,Nova Scotia,2025,Industrial and Technical Support,Digital Systems & Software,3866665.86,3866665.86,9,8
12,Nova Scotia,2025,Industrial and Technical Support,Industrial Equipment & Manufacturing,2566483.67,2566483.67,18,12
12,Nova Scotia,2025,Industrial and Technical Support,Land Systems & Vehicles,275032.21,275032.21,11,11
12,Nova Scotia,2025,Industrial and Technical Support,"R&D, Engineering & Scientific Services",55548249.15,55548249.15,59,33
12,Nova Scotia,2025,Industrial and Technical Support,"Resources, Fuel & Materials",3288689.25,3288689.25,122,38
12,Nova Scotia,2026,Core Defence Industrial Complex,Aerospace & Space,80977.39,79240.09200238378,1,1
12,Nova Scotia,2026,Core Defence Industrial Complex,Communications & Electronics,67175.53,65734.33865315851,1,1
12,Nova Scotia,2026,Core Defence Industrial Complex,Land Systems & Vehicles,47310,46295.00595947556,4,3
12,Nova Scotia,2026,Core Defence Industrial Complex,Marine & Shipbuilding,6525997.44,6385987.9597616205,127,48
12,Nova Scotia,2026,Core Defence Industrial Complex,Weapons & Military Equipment,1199872,1174129.811680572,1,1
12,Nova Scotia,2026,General Government Support,Administrative,13759052.36,13463864.109129915,202,83
12,Nova Scotia,2026,General Government Support,Construction & Infrastructure,1207034.84,1181138.9793087007,26,18
12,Nova Scotia,2026,General Government Support,Industrial Equipment & Manufacturing,13468262.75,13179313.132002382,117,63
12,Nova Scotia,2026,General Government Support,"Resources, Fuel & Materials",86480.48,84625.11809296781,5,3
12,Nova Scotia,2026,Industrial and Technical Support,Administrative,1316015.42,1287781.4777353993,22,13
12,Nova Scotia,2026,Industrial and Technical Support,Communications & Electronics,96691.91,94617.47092967818,3,3
12,Nova Scotia,2026,Industrial and Technical Support,Construction & Infrastructure,100243.2,98092.57115613825,2,2
12,Nova Scotia,2026,Industrial and Technical Support,Digital Systems & Software,4403886.1,4309404.634207389,2,2
12,Nova Scotia,2026,Industrial and Technical Support,Industrial Equipment & Manufacturing,436349.65,426988.1557210965,18,13
12,Nova Scotia,2026,Industrial and Technical Support,Land Systems & Vehicles,1385967.74,1356233.0328247913,5,5
12,Nova Scotia,2026,Industrial and Technical Support,"R&D, Engineering & Scientific Services",1924476.71,1883188.7710488674,18,13
12,Nova Scotia,2026,Industrial and Technical Support,"Resources, Fuel & Materials",841225.38,823177.6364481525,32,16
13,New Brunswick,2016,General Government Support,Administrative,2548933.81,3259617.8473676005,22,9
13,New Brunswick,2016,General Government Support,Construction & Infrastructure,1731279.68,2213988.500436137,57,12
13,New Brunswick,2016,General Government Support,Industrial Equipment & Manufacturing,732815.13,937135.8593925233,39,14
13,New Brunswick,2016,General Government Support,"Resources, Fuel & Materials",302901.47,387355.3066510903,5,3
13,New Brunswick,2016,Industrial and Technical Support,Administrative,28662.559999999998,36654.1460436137,2,2
13,New Brunswick,2016,Industrial and Technical Support,Communications & Electronics,139873.19,178872.10123052957,2,1
13,New Brunswick,2016,Industrial and Technical Support,Construction & Infrastructure,371659.91000000003,475284.7135669782,12,3
13,New Brunswick,2016,Industrial and Technical Support,Digital Systems & Software,18694.09,23906.30512461059,1,1
13,New Brunswick,2016,Industrial and Technical Support,"R&D, Engineering & Scientific Services",12569.5,16074.080218068533,1,1
13,New Brunswick,2016,Industrial and Technical Support,"Resources, Fuel & Materials",390928.11,499925.19985981303,30,4
13,New Brunswick,2017,Core Defence Industrial Complex,Aerospace & Space,403650,508277.0705521472,1,1
13,New Brunswick,2017,Core Defence Industrial Complex,Marine & Shipbuilding,854126.25,1075517.8700153374,2,2
13,New Brunswick,2017,General Government Support,Administrative,3645154.69,4589987.730812883,78,30
13,New Brunswick,2017,General Government Support,Construction & Infrastructure,9081330.15,11435233.21035276,126,30
13,New Brunswick,2017,General Government Support,Industrial Equipment & Manufacturing,7395219.12,9312078.063680982,106,39
13,New Brunswick,2017,General Government Support,"Resources, Fuel & Materials",4505753.5,5673655.864263804,77,7
13,New Brunswick,2017,Industrial and Technical Support,Administrative,2893649.87,3643691.0172852757,31,11
13,New Brunswick,2017,Industrial and Technical Support,Communications & Electronics,1989612.06,2505324.3884355826,7,6
13,New Brunswick,2017,Industrial and Technical Support,Construction & Infrastructure,1732703.3399999999,2181824.297760736,10,8
13,New Brunswick,2017,Industrial and Technical Support,Digital Systems & Software,44617.71,56182.72992331289,3,2
13,New Brunswick,2017,Industrial and Technical Support,Industrial Equipment & Manufacturing,24987.2,31463.943558282208,1,1
13,New Brunswick,2017,Industrial and Technical Support,Land Systems & Vehicles,26340.04,33167.44300613497,2,2
13,New Brunswick,2017,Industrial and Technical Support,"R&D, Engineering & Scientific Services",2839655.86,3575701.627392638,10,10
13,New Brunswick,2017,Industrial and Technical Support,"Resources, Fuel & Materials",6087736.94,7665693.2940797545,140,22
13,New Brunswick,2018,Core Defence Industrial Complex,Land Systems & Vehicles,13398.33,16491.797496251875,1,1
13,New Brunswick,2018,Core Defence Industrial Complex,Marine & Shipbuilding,25000,30772.113943028486,1,1
13,New Brunswick,2018,Core Defence Industrial Complex,Weapons & Military Equipment,284742.84,350485.56467766117,5,2
13,New Brunswick,2018,General Government Support,Administrative,4936583.88,6076364.865787107,98,51
13,New Brunswick,2018,General Government Support,Communications & Electronics,47424.85,58374.51551724137,1,1
13,New Brunswick,2018,General Government Support,Construction & Infrastructure,6252661.5600000005,7696304.558860569,115,25
13,New Brunswick,2018,General Government Support,Industrial Equipment & Manufacturing,2814772.82,3464660.397631184,92,30
13,New Brunswick,2018,General Government Support,"Resources, Fuel & Materials",13620723.05,16765537.667241378,73,10
13,New Brunswick,2018,Industrial and Technical Support,Administrative,1253930.3,1543443.4427286356,20,13
13,New Brunswick,2018,Industrial and Technical Support,Aerospace & Space,113651.63,139892.0363268366,1,1
13,New Brunswick,2018,Industrial and Technical Support,Communications & Electronics,551165.31,678420.8688305847,13,5
13,New Brunswick,2018,Industrial and Technical Support,Construction & Infrastructure,1986808.19,2445531.5202248874,10,8
13,New Brunswick,2018,Industrial and Technical Support,Digital Systems & Software,86870.32,106927.33541229385,3,3
13,New Brunswick,2018,Industrial and Technical Support,Industrial Equipment & Manufacturing,802679.48,988005.7767316342,7,5
13,New Brunswick,2018,Industrial and Technical Support,Land Systems & Vehicles,82906.96,102048.8967916042,5,2
13,New Brunswick,2018,Industrial and Technical Support,"R&D, Engineering & Scientific Services",1434960.23,1766270.3880509743,15,13
13,New Brunswick,2018,Industrial and Technical Support,"Resources, Fuel & Materials",15496079.21,19073884.604812592,200,16
13,New Brunswick,2019,Core Defence Industrial Complex,Marine & Shipbuilding,120066.8,144963.00411764704,5,5
13,New Brunswick,2019,General Government Support,Administrative,5414336.97,6537015.66525,165,40
13,New Brunswick,2019,General Government Support,Communications & Electronics,24979.73,30159.350485294115,1,1
13,New Brunswick,2019,General Government Support,Construction & Infrastructure,5618534.46,6783554.105382353,113,28
13,New Brunswick,2019,General Government Support,Industrial Equipment & Manufacturing,5047511.22,6094127.517088235,48,25
13,New Brunswick,2019,General Government Support,Marine & Shipbuilding,3992173.62,4819962.561794117,33,3
13,New Brunswick,2019,General Government Support,"Resources, Fuel & Materials",3628610.17,4381013.161132352,43,10
13,New Brunswick,2019,Industrial and Technical Support,Administrative,1319553.22,1593166.4612058823,15,11
13,New Brunswick,2019,Industrial and Technical Support,Communications & Electronics,505803.63,610683.5003382353,10,5
13,New Brunswick,2019,Industrial and Technical Support,Construction & Infrastructure,43599958.45,52640538.06977941,17,7
13,New Brunswick,2019,Industrial and Technical Support,Digital Systems & Software,84397.53,101897.6060735294,5,4
13,New Brunswick,2019,Industrial and Technical Support,Industrial Equipment & Manufacturing,117890.88,142335.90070588235,5,4
13,New Brunswick,2019,Industrial and Technical Support,Land Systems & Vehicles,152887.08,184588.66570588233,8,6
13,New Brunswick,2019,Industrial and Technical Support,"R&D, Engineering & Scientific Services",1319031.02,1592535.9815,8,6
13,New Brunswick,2019,Industrial and Technical Support,"Resources, Fuel & Materials",17201079.76,20767774.239647057,138,10
13,New Brunswick,2020,Core Defence Industrial Complex,Land Systems & Vehicles,98287.6,117801.63445255475,5,3
13,New Brunswick,2020,Core Defence Industrial Complex,Marine & Shipbuilding,43927.13,52648.428802919705,1,1
13,New Brunswick,2020,General Government Support,Administrative,3827054.32,4586878.243386861,133,34
13,New Brunswick,2020,General Government Support,Construction & Infrastructure,12093456.12,14494492.663532848,121,29
13,New Brunswick,2020,General Government Support,Industrial Equipment & Manufacturing,2188762.09,2623319.2348759123,93,35
13,New Brunswick,2020,General Government Support,"Resources, Fuel & Materials",17668080.93,21175904.297124088,58,8
13,New Brunswick,2020,Industrial and Technical Support,Administrative,2592452.25,3107158.0981751825,17,12
13,New Brunswick,2020,Industrial and Technical Support,Communications & Electronics,944852.86,1132444.084759124,13,6
13,New Brunswick,2020,Industrial and Technical Support,Construction & Infrastructure,722528.14,865978.9823941606,14,7
13,New Brunswick,2020,Industrial and Technical Support,Digital Systems & Software,1185561.34,1420942.8615182482,2,2
13,New Brunswick,2020,Industrial and Technical Support,Industrial Equipment & Manufacturing,15919.54,19080.20779562044,1,1
13,New Brunswick,2020,Industrial and Technical Support,Land Systems & Vehicles,108353.78,129866.35529927007,5,4
13,New Brunswick,2020,Industrial and Technical Support,"R&D, Engineering & Scientific Services",2972352.41,3562483.69140146,8,7
13,New Brunswick,2020,Industrial and Technical Support,"Resources, Fuel & Materials",12801921.93,15343617.378875913,71,15
13,New Brunswick,2021,Core Defence Industrial Complex,Land Systems & Vehicles,61161.32000000001,70922.94310734463,4,4
13,New Brunswick,2021,Core Defence Industrial Complex,Marine & Shipbuilding,35592.5,41273.22387005649,2,2
13,New Brunswick,2021,General Government Support,Administrative,7693495.51,8921412.166257061,150,39
13,New Brunswick,2021,General Government Support,Construction & Infrastructure,24426602.7,28325198.89364407,109,32
13,New Brunswick,2021,General Government Support,Industrial Equipment & Manufacturing,5217138.25,6049817.094985875,135,49
13,New Brunswick,2021,General Government Support,"Resources, Fuel & Materials",11650868.85,13510400.177754236,77,9
13,New Brunswick,2021,Industrial and Technical Support,Administrative,1499263.27,1738552.464223164,18,11
13,New Brunswick,2021,Industrial and Technical Support,Communications & Electronics,1226297.1199999999,1422019.682937853,16,8
13,New Brunswick,2021,Industrial and Technical Support,Construction & Infrastructure,1805576.25,2093754.38029661,12,7
13,New Brunswick,2021,Industrial and Technical Support,Digital Systems & Software,130495.47,151323.1368220339,3,2
13,New Brunswick,2021,Industrial and Technical Support,Industrial Equipment & Manufacturing,28296.690000000002,32812.96961864407,2,2
13,New Brunswick,2021,Industrial and Technical Support,Land Systems & Vehicles,337572.76,391450.89824858756,7,6
13,New Brunswick,2021,Industrial and Technical Support,Marine & Shipbuilding,109332720,126782716.27118644,1,1
13,New Brunswick,2021,Industrial and Technical Support,"R&D, Engineering & Scientific Services",1854063.74,2149980.692853107,11,9
13,New Brunswick,2021,Industrial and Technical Support,"Resources, Fuel & Materials",10515527.23,12193852.903714688,73,20
13,New Brunswick,2022,General Government Support,Administrative,7716895.48,8380385.170740741,217,61
13,New Brunswick,2022,General Government Support,Construction & Infrastructure,15631522.55,16975502.663425926,107,37
13,New Brunswick,2022,General Government Support,Industrial Equipment & Manufacturing,7191483.22,7809798.576216931,107,52
13,New Brunswick,2022,General Government Support,"Resources, Fuel & Materials",23809608.97,25856731.434351854,83,20
13,New Brunswick,2022,Industrial and Technical Support,Administrative,518862.36,563473.5417460317,9,6
13,New Brunswick,2022,Industrial and Technical Support,Communications & Electronics,949638.69,1031287.5191666667,8,7
13,New Brunswick,2022,Industrial and Technical Support,Construction & Infrastructure,9931953.57,10785891.376944445,8,6
13,New Brunswick,2022,Industrial and Technical Support,Digital Systems & Software,72333.16,78552.2808994709,3,3
13,New Brunswick,2022,Industrial and Technical Support,Land Systems & Vehicles,2362586.99,2565719.469298942,25,12
13,New Brunswick,2022,Industrial and Technical Support,"R&D, Engineering & Scientific Services",2257505.05,2451602.706415344,12,11
13,New Brunswick,2022,Industrial and Technical Support,"Resources, Fuel & Materials",19368945.59,21034264.98596561,75,16
13,New Brunswick,2023,Core Defence Industrial Complex,Land Systems & Vehicles,25966.13,27139.64701464036,1,1
13,New Brunswick,2023,Core Defence Industrial Complex,Marine & Shipbuilding,50138.83,52404.811495862516,2,2
13,New Brunswick,2023,General Government Support,Administrative,117161255.85,122456258.5014004,219,74
13,New Brunswick,2023,General Government Support,Construction & Infrastructure,56654927.37,59215398.30779122,140,44
13,New Brunswick,2023,General Government Support,Industrial Equipment & Manufacturing,6486281.13,6779423.052488861,109,57
13,New Brunswick,2023,General Government Support,"Resources, Fuel & Materials",31026683.2,32428907.583959263,105,13
13,New Brunswick,2023,Industrial and Technical Support,Administrative,2271895.64,2374572.0183831956,20,16
13,New Brunswick,2023,Industrial and Technical Support,Communications & Electronics,1562783.18,1633411.8278548697,19,9
13,New Brunswick,2023,Industrial and Technical Support,Construction & Infrastructure,3664309.22,3829914.5380267347,20,9
13,New Brunswick,2023,Industrial and Technical Support,Digital Systems & Software,345132.24,360730.1961043921,10,6
13,New Brunswick,2023,Industrial and Technical Support,Industrial Equipment & Manufacturing,42205,44112.41884150223,2,2
13,New Brunswick,2023,Industrial and Technical Support,Land Systems & Vehicles,719773.77,752303.3293061744,16,9
13,New Brunswick,2023,Industrial and Technical Support,"R&D, Engineering & Scientific Services",4301760.07,4496174.433443666,14,13
13,New Brunswick,2023,Industrial and Technical Support,"Resources, Fuel & Materials",29661349.07,31001868.346874602,136,19
13,New Brunswick,2024,Core Defence Industrial Complex,Marine & Shipbuilding,147004.59,150019.6002361715,4,4
13,New Brunswick,2024,Core Defence Industrial Complex,Weapons & Military Equipment,17774.2,18138.742324425108,1,1
13,New Brunswick,2024,General Government Support,Administrative,11436654,11671215.579863269,255,66
13,New Brunswick,2024,General Government Support,Construction & Infrastructure,13369430.47,13643632.586538222,77,34
13,New Brunswick,2024,General Government Support,Industrial Equipment & Manufacturing,2671728.55,2726524.7228713483,87,46
13,New Brunswick,2024,General Government Support,"Resources, Fuel & Materials",26414994.58,26956756.43279055,104,16
13,New Brunswick,2024,Industrial and Technical Support,Administrative,3380468.7600000002,3449800.9346923553,38,28
13,New Brunswick,2024,Industrial and Technical Support,Communications & Electronics,422336.66,430998.63003107515,14,9
13,New Brunswick,2024,Industrial and Technical Support,Construction & Infrastructure,6695873.8,6833203.716345556,5,4
13,New Brunswick,2024,Industrial and Technical Support,Digital Systems & Software,761121.57,776731.8943070229,10,6
13,New Brunswick,2024,Industrial and Technical Support,Industrial Equipment & Manufacturing,76873.73,78450.38201367308,3,2
13,New Brunswick,2024,Industrial and Technical Support,Land Systems & Vehicles,4973061.09,5075056.749397141,28,13
13,New Brunswick,2024,Industrial and Technical Support,"R&D, Engineering & Scientific Services",208481.45,212757.32809198258,6,5
13,New Brunswick,2024,Industrial and Technical Support,"Resources, Fuel & Materials",26768742.78,27317759.87865755,209,20
13,New Brunswick,2025,Core Defence Industrial Complex,Aerospace & Space,281923.78,281923.78,13,2
13,New Brunswick,2025,Core Defence Industrial Complex,Construction & Infrastructure,1102796.1,1102796.1,1,1
13,New Brunswick,2025,Core Defence Industrial Complex,Land Systems & Vehicles,110512,110512,6,6
13,New Brunswick,2025,Core Defence Industrial Complex,Marine & Shipbuilding,1435522.72,1435522.72,25,13
13,New Brunswick,2025,General Government Support,Administrative,12166601.51,12166601.51,299,73
13,New Brunswick,2025,General Government Support,Communications & Electronics,22261,22261,1,1
13,New Brunswick,2025,General Government Support,Construction & Infrastructure,27472452.45,27472452.45,122,41
13,New Brunswick,2025,General Government Support,Industrial Equipment & Manufacturing,6341514.95,6341514.95,118,61
13,New Brunswick,2025,General Government Support,"Resources, Fuel & Materials",12936880.74,12936880.74,61,11
13,New Brunswick,2025,Industrial and Technical Support,Administrative,2883361.63,2883361.63,30,22
13,New Brunswick,2025,Industrial and Technical Support,Communications & Electronics,431591.06,431591.06,9,6
13,New Brunswick,2025,Industrial and Technical Support,Construction & Infrastructure,6495949.44,6495949.44,6,6
13,New Brunswick,2025,Industrial and Technical Support,Digital Systems & Software,1194051.29,1194051.29,12,8
13,New Brunswick,2025,Industrial and Technical Support,Industrial Equipment & Manufacturing,85044.54000000001,85044.54000000001,6,5
13,New Brunswick,2025,Industrial and Technical Support,Land Systems & Vehicles,1013748.98,1013748.98,20,17
13,New Brunswick,2025,Industrial and Technical Support,"R&D, Engineering & Scientific Services",113922004.46,113922004.46,11,11
13,New Brunswick,2025,Industrial and Technical Support,"Resources, Fuel & Materials",23550203.35,23550203.35,292,49
13,New Brunswick,2026,Core Defence Industrial Complex,Land Systems & Vehicles,58110,56863.30154946364,4,4
13,New Brunswick,2026,Core Defence Industrial Complex,Marine & Shipbuilding,1487915.6300000001,1455993.7213706796,10,7
13,New Brunswick,2026,General Government Support,Administrative,1387950.78,1358173.5284624551,67,30
13,New Brunswick,2026,General Government Support,Communications & Electronics,142664.77,139604.0240405244,1,1
13,New Brunswick,2026,General Government Support,Construction & Infrastructure,2028301,1984785.603098927,15,13
13,New Brunswick,2026,General Government Support,Industrial Equipment & Manufacturing,1441141.19,1410222.7854469605,38,25
13,New Brunswick,2026,General Government Support,"Resources, Fuel & Materials",2316838.55,2267132.8361740164,18,4
13,New Brunswick,2026,Industrial and Technical Support,Administrative,277804.03,271843.991215733,7,7
13,New Brunswick,2026,Industrial and Technical Support,Digital Systems & Software,68697.34,67223.49957091775,2,2
13,New Brunswick,2026,Industrial and Technical Support,Industrial Equipment & Manufacturing,62546.97,61205.08029797377,3,3
13,New Brunswick,2026,Industrial and Technical Support,Land Systems & Vehicles,22189.739999999998,21713.678831942787,2,2
13,New Brunswick,2026,Industrial and Technical Support,"R&D, Engineering & Scientific Services",63086.740000000005,61733.27001191895,3,3
13,New Brunswick,2026,Industrial and Technical Support,"Resources, Fuel & Materials",14361784.95,14053665.606615016,78,8
24,Quebec,2016,Core Defence Industrial Complex,Aerospace & Space,46772,59812.79127725856,3,2
24,Quebec,2016,Core Defence Industrial Complex,Land Systems & Vehicles,1026981.39,1313320.437990654,20,6
24,Quebec,2016,Core Defence Industrial Complex,Marine & Shipbuilding,95583.01000000001,122233.10157320873,3,3
24,Quebec,2016,General Government Support,Administrative,188802654.36,241443892.88093457,34,32
24,Quebec,2016,General Government Support,Communications & Electronics,165550.66,211708.86582554516,1,1
24,Quebec,2016,General Government Support,Construction & Infrastructure,67407.77,86202.14823987539,3,3
24,Quebec,2016,General Government Support,Industrial Equipment & Manufacturing,5804696.53,7423139.955031152,48,29
24,Quebec,2016,General Government Support,"Resources, Fuel & Materials",163068.62,208534.7928660436,4,2
24,Quebec,2016,Industrial and Technical Support,Administrative,279093.68,356909.5191277258,5,5
24,Quebec,2016,Industrial and Technical Support,Aerospace & Space,40198.66,51406.6976012461,2,2
24,Quebec,2016,Industrial and Technical Support,Communications & Electronics,247170.69,316085.8823831775,7,4
24,Quebec,2016,Industrial and Technical Support,Construction & Infrastructure,39401.94,50387.8391588785,1,1
24,Quebec,2016,Industrial and Technical Support,Digital Systems & Software,23714.25,30326.167056074763,1,1
24,Quebec,2016,Industrial and Technical Support,Land Systems & Vehicles,26067256.15,33335229.437928345,4,4
24,Quebec,2016,Industrial and Technical Support,"R&D, Engineering & Scientific Services",1196339.23,1529897.987274143,5,5
24,Quebec,2016,Industrial and Technical Support,"Resources, Fuel & Materials",950763.72,1215852.0469158876,48,13
24,Quebec,2017,Core Defence Industrial Complex,Aerospace & Space,4648585.78,5853510.621748466,72,13
24,Quebec,2017,Core Defence Industrial Complex,Land Systems & Vehicles,36411101.23,45848948.021211654,33,22
24,Quebec,2017,Core Defence Industrial Complex,Marine & Shipbuilding,1413142931.64,1779433047.356503,58,18
24,Quebec,2017,Core Defence Industrial Complex,Weapons & Military Equipment,1721137.31,2167260.3244018406,21,7
24,Quebec,2017,General Government Support,Administrative,16491074.48,20765601.45411043,272,173
24,Quebec,2017,General Government Support,Communications & Electronics,86970.48,109513.44184049079,3,2
24,Quebec,2017,General Government Support,Construction & Infrastructure,68106642.35,85760051.17998466,150,74
24,Quebec,2017,General Government Support,Industrial Equipment & Manufacturing,28072760.16,35349288.48368098,334,147
24,Quebec,2017,General Government Support,"Resources, Fuel & Materials",2784343.34,3506051.9664723924,68,20
24,Quebec,2017,Industrial and Technical Support,Administrative,10653001.07,13414285.089677913,111,60
24,Quebec,2017,Industrial and Technical Support,Aerospace & Space,750029471.25,944438950.7611196,17,7
24,Quebec,2017,Industrial and Technical Support,Communications & Electronics,7473674.09,9410868.754432514,57,24
24,Quebec,2017,Industrial and Technical Support,Construction & Infrastructure,738437.09,929841.7958435583,10,10
24,Quebec,2017,Industrial and Technical Support,Digital Systems & Software,4981406.83,6272599.704647239,40,29
24,Quebec,2017,Industrial and Technical Support,Industrial Equipment & Manufacturing,933273.74,1175180.5836503068,19,16
24,Quebec,2017,Industrial and Technical Support,Land Systems & Vehicles,29887489.419999998,37634400.02119632,88,30
24,Quebec,2017,Industrial and Technical Support,"R&D, Engineering & Scientific Services",21799314.78,27449750.666226994,83,45
24,Quebec,2017,Industrial and Technical Support,"Resources, Fuel & Materials",11625546.19,14638916.291395705,270,47
24,Quebec,2018,Core Defence Industrial Complex,Administrative,15638.49,19249.17584707646,1,1
24,Quebec,2018,Core Defence Industrial Complex,Aerospace & Space,2866712.85,3528592.578485757,44,15
24,Quebec,2018,Core Defence Industrial Complex,Communications & Electronics,222948.37,274423.7058020989,3,3
24,Quebec,2018,Core Defence Industrial Complex,Construction & Infrastructure,64459.82,79342.59703148426,1,1
24,Quebec,2018,Core Defence Industrial Complex,Land Systems & Vehicles,2605826.93,3207472.128230884,48,21
24,Quebec,2018,Core Defence Industrial Complex,Marine & Shipbuilding,23510790.46,28939068.917031482,114,26
24,Quebec,2018,Core Defence Industrial Complex,Weapons & Military Equipment,85735310.63,105530269.90589204,41,16
24,Quebec,2018,General Government Support,Administrative,37215548.91,45808044.46043478,365,239
24,Quebec,2018,General Government Support,Aerospace & Space,13453.32,16559.48383808096,1,1
24,Quebec,2018,General Government Support,Communications & Electronics,118357.24,145684.09901049474,5,4
24,Quebec,2018,General Government Support,Construction & Infrastructure,81802570.16,100689520.39184408,140,72
24,Quebec,2018,General Government Support,Industrial Equipment & Manufacturing,27151330.86,33420153.877151422,418,180
24,Quebec,2018,General Government Support,Marine & Shipbuilding,997403.3,1227688.3197901049,2,2
24,Quebec,2018,General Government Support,"R&D, Engineering & Scientific Services",104420.64,128529.75328335831,1,1
24,Quebec,2018,General Government Support,"Resources, Fuel & Materials",3392833.96,4176186.928275862,91,31
24,Quebec,2018,Industrial and Technical Support,Administrative,12434301.07,15305189.17311844,137,61
24,Quebec,2018,Industrial and Technical Support,Aerospace & Space,82919962,102064900.75262368,179,9
24,Quebec,2018,Industrial and Technical Support,Communications & Electronics,57740218.05,71071542.7571964,144,40
24,Quebec,2018,Industrial and Technical Support,Construction & Infrastructure,10767094.88,13253050.819310345,26,17
24,Quebec,2018,Industrial and Technical Support,Digital Systems & Software,8650070.94,10647238.74323838,69,39
24,Quebec,2018,Industrial and Technical Support,Industrial Equipment & Manufacturing,735411.5,905206.6589205397,24,20
24,Quebec,2018,Industrial and Technical Support,Land Systems & Vehicles,17090043.07,21035870.105652172,117,39
24,Quebec,2018,Industrial and Technical Support,"R&D, Engineering & Scientific Services",109014321.8,134184045.27406296,137,79
24,Quebec,2018,Industrial and Technical Support,"Resources, Fuel & Materials",16869088.43,20763900.45131934,427,53
24,Quebec,2018,Industrial and Technical Support,Weapons & Military Equipment,535134.1,658688.2999999999,1,1
24,Quebec,2019,Core Defence Industrial Complex,Administrative,14571.7,17593.184852941176,1,1
24,Quebec,2019,Core Defence Industrial Complex,Aerospace & Space,1550637.44,1872166.673882353,41,10
24,Quebec,2019,Core Defence Industrial Complex,Communications & Electronics,27369.8,33045.00852941176,2,2
24,Quebec,2019,Core Defence Industrial Complex,Digital Systems & Software,642714,775982.638235294,1,1
24,Quebec,2019,Core Defence Industrial Complex,Industrial Equipment & Manufacturing,10828.82,13074.207676470587,1,1
24,Quebec,2019,Core Defence Industrial Complex,Land Systems & Vehicles,7709397.63,9307963.90327941,39,17
24,Quebec,2019,Core Defence Industrial Complex,Marine & Shipbuilding,1826706322.48,2205479251.111882,61,28
24,Quebec,2019,Core Defence Industrial Complex,"Resources, Fuel & Materials",14346.22,17320.950911764703,1,1
24,Quebec,2019,Core Defence Industrial Complex,Weapons & Military Equipment,43353064.61,52342450.065897055,27,5
24,Quebec,2019,General Government Support,Administrative,18288105.67,22080198.169220585,463,203
24,Quebec,2019,General Government Support,Aerospace & Space,799726.06,965551.6106764706,10,8
24,Quebec,2019,General Government Support,Communications & Electronics,3135577.58,3785748.8134999997,22,17
24,Quebec,2019,General Government Support,Construction & Infrastructure,21865732.47,26399656.408632353,96,70
24,Quebec,2019,General Government Support,Digital Systems & Software,26534.88,32036.965411764704,1,1
24,Quebec,2019,General Government Support,Industrial Equipment & Manufacturing,29758383.34,35928871.65020588,316,138
24,Quebec,2019,General Government Support,Marine & Shipbuilding,776849.5399999999,937931.5769705882,19,7
24,Quebec,2019,General Government Support,"R&D, Engineering & Scientific Services",397271.65,479647.0950735294,8,8
24,Quebec,2019,General Government Support,"Resources, Fuel & Materials",1217289.24,1469697.7441764704,45,32
24,Quebec,2019,General Government Support,Weapons & Military Equipment,29462.3,35571.39455882352,2,2
24,Quebec,2019,Industrial and Technical Support,Administrative,10263662.84,12391863.517117646,105,58
24,Quebec,2019,Industrial and Technical Support,Aerospace & Space,120770595.63,145812733.8415147,241,10
24,Quebec,2019,Industrial and Technical Support,Communications & Electronics,9833013.75,11871918.071691176,112,46
24,Quebec,2019,Industrial and Technical Support,Construction & Infrastructure,284290880.7,343239430.9627941,13,12
24,Quebec,2019,Industrial and Technical Support,Digital Systems & Software,10074193.8,12163107.514411764,92,47
24,Quebec,2019,Industrial and Technical Support,Industrial Equipment & Manufacturing,1259240.09,1520347.2263088233,29,21
24,Quebec,2019,Industrial and Technical Support,Land Systems & Vehicles,2283393029.59,2756861290.137338,83,37
24,Quebec,2019,Industrial and Technical Support,Marine & Shipbuilding,552511.7899999999,667076.7346911764,2,2
24,Quebec,2019,Industrial and Technical Support,"R&D, Engineering & Scientific Services",66286718.01,80031463.95030881,81,50
24,Quebec,2019,Industrial and Technical Support,"Resources, Fuel & Materials",13454578.39,16244424.791455882,334,41
24,Quebec,2019,Industrial and Technical Support,Weapons & Military Equipment,3136127.91,3786413.2560441177,10,8
24,Quebec,2020,Core Defence Industrial Complex,Aerospace & Space,116578917.93,139724513.31464234,43,8
24,Quebec,2020,Core Defence Industrial Complex,Construction & Infrastructure,955389,1145072.0715328467,1,1
24,Quebec,2020,Core Defence Industrial Complex,Land Systems & Vehicles,1247816.61,1495558.3019124088,33,20
24,Quebec,2020,Core Defence Industrial Complex,Marine & Shipbuilding,6099265.91,7310215.054175182,71,17
24,Quebec,2020,Core Defence Industrial Complex,Weapons & Military Equipment,163523403.79,195989364.25049636,43,5
24,Quebec,2020,General Government Support,Administrative,64487365.11,77290695.99315329,417,185
24,Quebec,2020,General Government Support,Communications & Electronics,3719675.31,4458180.189065694,8,7
24,Quebec,2020,General Government Support,Construction & Infrastructure,178937286.31,214463521.25621897,116,65
24,Quebec,2020,General Government Support,Industrial Equipment & Manufacturing,20395016.23,24444245.729678832,390,162
24,Quebec,2020,General Government Support,"Resources, Fuel & Materials",1399024.83,1676787.4239854014,30,17
24,Quebec,2020,Industrial and Technical Support,Administrative,4516176.32,5412818.625868613,70,34
24,Quebec,2020,Industrial and Technical Support,Aerospace & Space,6638917,7957008.550364964,9,3
24,Quebec,2020,Industrial and Technical Support,Communications & Electronics,24554037.6,29428999.809635036,71,26
24,Quebec,2020,Industrial and Technical Support,Construction & Infrastructure,550334.7,659598.2316788322,11,8
24,Quebec,2020,Industrial and Technical Support,Digital Systems & Software,6297710.91,7548059.353445255,70,39
24,Quebec,2020,Industrial and Technical Support,Industrial Equipment & Manufacturing,707624.38,848116.2277080292,17,14
24,Quebec,2020,Industrial and Technical Support,Land Systems & Vehicles,35028063.48,41982540.31690511,78,34
24,Quebec,2020,Industrial and Technical Support,"R&D, Engineering & Scientific Services",445619659.52,534093051.7750657,86,54
24,Quebec,2020,Industrial and Technical Support,"Resources, Fuel & Materials",4113697.97,4930432.16550365,147,47
24,Quebec,2021,Core Defence Industrial Complex,Aerospace & Space,5093048.64,5905922.222372881,36,10
24,Quebec,2021,Core Defence Industrial Complex,Communications & Electronics,12800,14842.937853107343,1,1
24,Quebec,2021,Core Defence Industrial Complex,Construction & Infrastructure,1795617,2082205.5889830508,1,1
24,Quebec,2021,Core Defence Industrial Complex,Land Systems & Vehicles,33298039.13,38612556.67475989,22,19
24,Quebec,2021,Core Defence Industrial Complex,Marine & Shipbuilding,4854174.65,5628922.863912429,53,14
24,Quebec,2021,Core Defence Industrial Complex,Weapons & Military Equipment,134812138.52,156328765.14819208,33,7
24,Quebec,2021,General Government Support,Administrative,61513850.54,71331739.114887,418,203
24,Quebec,2021,General Government Support,Communications & Electronics,90173.09,104565.1227259887,5,4
24,Quebec,2021,General Government Support,Construction & Infrastructure,48099919.52,55776884.076158196,108,60
24,Quebec,2021,General Government Support,Industrial Equipment & Manufacturing,30680910.56,35577722.55615819,354,145
24,Quebec,2021,General Government Support,"Resources, Fuel & Materials",2092284.61,2426222.6904096045,47,24
24,Quebec,2021,Industrial and Technical Support,Administrative,10302507.07,11946833.763375705,151,52
24,Quebec,2021,Industrial and Technical Support,Aerospace & Space,375913.18,435910.62257062143,4,4
24,Quebec,2021,Industrial and Technical Support,Communications & Electronics,12435343.209999999,14420080.191257061,59,25
24,Quebec,2021,Industrial and Technical Support,Construction & Infrastructure,1333353.08,1546162.258022599,13,4
24,Quebec,2021,Industrial and Technical Support,Digital Systems & Software,10382530.59,12039629.398855932,125,53
24,Quebec,2021,Industrial and Technical Support,Industrial Equipment & Manufacturing,1348358.16,1563562.2166101695,30,19
24,Quebec,2021,Industrial and Technical Support,Land Systems & Vehicles,6102262.77,7076211.488940678,52,25
24,Quebec,2021,Industrial and Technical Support,"R&D, Engineering & Scientific Services",229292640.15,265888781.86885592,106,67
24,Quebec,2021,Industrial and Technical Support,"Resources, Fuel & Materials",25132708.28,29144002.115649715,522,67
24,Quebec,2022,Core Defence Industrial Complex,Aerospace & Space,84804201.99,92095568.5632143,58,16
24,Quebec,2022,Core Defence Industrial Complex,Construction & Infrastructure,182045,197697.0171957672,1,1
24,Quebec,2022,Core Defence Industrial Complex,Land Systems & Vehicles,3901722.38,4237187.928544974,18,15
24,Quebec,2022,Core Defence Industrial Complex,Marine & Shipbuilding,15654716.89,17000691.225780424,74,15
24,Quebec,2022,Core Defence Industrial Complex,Weapons & Military Equipment,220052380.3,238972227.81256616,37,10
24,Quebec,2022,General Government Support,Administrative,947111080.49,1028542588.7331879,525,234
24,Quebec,2022,General Government Support,Communications & Electronics,193562.32,210204.58296296297,6,6
24,Quebec,2022,General Government Support,Construction & Infrastructure,46333101.55,50316767.688558206,167,100
24,Quebec,2022,General Government Support,Industrial Equipment & Manufacturing,76837196.41,83443569.117209,433,187
24,Quebec,2022,General Government Support,"R&D, Engineering & Scientific Services",256811.94,278892.33166666667,1,1
24,Quebec,2022,General Government Support,"Resources, Fuel & Materials",2298785.21,2496432.086521164,39,29
24,Quebec,2022,Industrial and Technical Support,Administrative,29553569.21,32094550.689695768,244,74
24,Quebec,2022,Industrial and Technical Support,Aerospace & Space,994577.48,1080090.094021164,13,6
24,Quebec,2022,Industrial and Technical Support,Communications & Electronics,21694251.85,23559498.37149471,62,37
24,Quebec,2022,Industrial and Technical Support,Construction & Infrastructure,3466830.07,3764904.0839550267,8,7
24,Quebec,2022,Industrial and Technical Support,Digital Systems & Software,7982173.59,8668471.583849207,83,44
24,Quebec,2022,Industrial and Technical Support,Industrial Equipment & Manufacturing,389807.72000000003,423322.9340211641,15,14
24,Quebec,2022,Industrial and Technical Support,Land Systems & Vehicles,17238451.8,18720593.81984127,87,38
24,Quebec,2022,Industrial and Technical Support,"R&D, Engineering & Scientific Services",841844509.38,914225320.3716668,101,72
24,Quebec,2022,Industrial and Technical Support,"Resources, Fuel & Materials",29986723.97,32564947.59175926,463,72
24,Quebec,2023,Core Defence Industrial Complex,Aerospace & Space,2290204566.12,2393708400.744138,36,15
24,Quebec,2023,Core Defence Industrial Complex,Communications & Electronics,40676.92,42515.27857415659,2,2
24,Quebec,2023,Core Defence Industrial Complex,Construction & Infrastructure,586250,612745.06683641,1,1
24,Quebec,2023,Core Defence Industrial Complex,Land Systems & Vehicles,212117.85,221704.33462762574,18,15
24,Quebec,2023,Core Defence Industrial Complex,Marine & Shipbuilding,28051468.85,29319230.968618717,53,17
24,Quebec,2023,Core Defence Industrial Complex,Weapons & Military Equipment,308812596.26,322769117.16035646,40,9
24,Quebec,2023,General Government Support,Administrative,257594008.79,269235749.4800637,557,301
24,Quebec,2023,General Government Support,Communications & Electronics,257911.55,269567.64169318904,2,2
24,Quebec,2023,General Government Support,Construction & Infrastructure,42077239.62,43978884.44050923,202,114
24,Quebec,2023,General Government Support,Industrial Equipment & Manufacturing,20285603.15,21202393.616995543,493,208
24,Quebec,2023,General Government Support,"Resources, Fuel & Materials",718870.59,751359.3308593254,32,27
24,Quebec,2023,Industrial and Technical Support,Administrative,28476867.84,29763855.501769576,235,72
24,Quebec,2023,Industrial and Technical Support,Aerospace & Space,957887.42,1001178.3218586888,15,6
24,Quebec,2023,Industrial and Technical Support,Communications & Electronics,33750243.47,35275556.82860599,81,32
24,Quebec,2023,Industrial and Technical Support,Construction & Infrastructure,2647016.96,2766646.625283259,6,6
24,Quebec,2023,Industrial and Technical Support,Digital Systems & Software,18345067.78,19174157.412323363,105,69
24,Quebec,2023,Industrial and Technical Support,Industrial Equipment & Manufacturing,1639836.94,1713947.9665690644,30,24
24,Quebec,2023,Industrial and Technical Support,Land Systems & Vehicles,19005758.01,19864706.97162317,114,59
24,Quebec,2023,Industrial and Technical Support,"R&D, Engineering & Scientific Services",754742361.91,788852296.7894462,88,74
24,Quebec,2023,Industrial and Technical Support,"Resources, Fuel & Materials",42223905.12,44132178.362215154,382,86
24,Quebec,2024,Core Defence Industrial Complex,Aerospace & Space,83500731.07,85213300.44558111,52,20
24,Quebec,2024,Core Defence Industrial Complex,Construction & Infrastructure,1340592.0699999998,1368087.1217775014,3,2
24,Quebec,2024,Core Defence Industrial Complex,Land Systems & Vehicles,18100419.47,18471652.436134245,44,28
24,Quebec,2024,Core Defence Industrial Complex,Marine & Shipbuilding,110064798.97,112322187.63750154,63,27
24,Quebec,2024,Core Defence Industrial Complex,Weapons & Military Equipment,361567105.68,368982714.43540084,47,16
24,Quebec,2024,General Government Support,Administrative,37316360.4,38081705.26836544,608,285
24,Quebec,2024,General Government Support,Communications & Electronics,19959.57,20368.9334617775,1,1
24,Quebec,2024,General Government Support,Construction & Infrastructure,29642286.09,30250238.50825357,168,80
24,Quebec,2024,General Government Support,Industrial Equipment & Manufacturing,37863678.97,38640249.141541325,525,230
24,Quebec,2024,General Government Support,"R&D, Engineering & Scientific Services",10765.8,10986.602610316966,1,1
24,Quebec,2024,General Government Support,"Resources, Fuel & Materials",2893417.41,2952760.3400994404,47,23
24,Quebec,2024,Industrial and Technical Support,Administrative,14623443.21,14923364.668004971,224,81
24,Quebec,2024,Industrial and Technical Support,Aerospace & Space,1917265.79,1956588.2083157238,26,13
24,Quebec,2024,Industrial and Technical Support,Communications & Electronics,65647435.68,66993840.51371038,67,32
24,Quebec,2024,Industrial and Technical Support,Construction & Infrastructure,4220403.52,4306962.448626475,8,5
24,Quebec,2024,Industrial and Technical Support,Digital Systems & Software,12541496.209999999,12798717.69845867,101,59
24,Quebec,2024,Industrial and Technical Support,Industrial Equipment & Manufacturing,3965191.54,4046516.164499689,29,27
24,Quebec,2024,Industrial and Technical Support,Land Systems & Vehicles,27408295.78,27970429.876171533,142,73
24,Quebec,2024,Industrial and Technical Support,Marine & Shipbuilding,292222.62,298215.9987818521,1,1
24,Quebec,2024,Industrial and Technical Support,"R&D, Engineering & Scientific Services",32965393.22,33641501.346948415,89,65
24,Quebec,2024,Industrial and Technical Support,"Resources, Fuel & Materials",63873683.11,65183708.928912364,460,69
24,Quebec,2025,Core Defence Industrial Complex,Aerospace & Space,722918997.75,722918997.75,112,27
24,Quebec,2025,Core Defence Industrial Complex,Communications & Electronics,45635.88,45635.88,1,1
24,Quebec,2025,Core Defence Industrial Complex,Construction & Infrastructure,17558435.61,17558435.61,3,3
24,Quebec,2025,Core Defence Industrial Complex,Land Systems & Vehicles,7602881.3100000005,7602881.3100000005,46,33
24,Quebec,2025,Core Defence Industrial Complex,Marine & Shipbuilding,40357629.71,40357629.71,172,52
24,Quebec,2025,Core Defence Industrial Complex,Weapons & Military Equipment,404816857.97,404816857.97,37,8
24,Quebec,2025,General Government Support,Administrative,119957356.81,119957356.81,944,371
24,Quebec,2025,General Government Support,Communications & Electronics,305776.51,305776.51,7,7
24,Quebec,2025,General Government Support,Construction & Infrastructure,43920976.76,43920976.76,285,98
24,Quebec,2025,General Government Support,Industrial Equipment & Manufacturing,266751081.26,266751081.26,822,325
24,Quebec,2025,General Government Support,"R&D, Engineering & Scientific Services",200539.4,200539.4,2,2
24,Quebec,2025,General Government Support,"Resources, Fuel & Materials",3688801.1,3688801.1,56,30
24,Quebec,2025,Industrial and Technical Support,Administrative,37974637.38,37974637.38,265,94
24,Quebec,2025,Industrial and Technical Support,Aerospace & Space,3542990.2399999998,3542990.2399999998,64,12
24,Quebec,2025,Industrial and Technical Support,Communications & Electronics,36670309.37,36670309.37,93,44
24,Quebec,2025,Industrial and Technical Support,Construction & Infrastructure,16026924.81,16026924.81,11,10
24,Quebec,2025,Industrial and Technical Support,Digital Systems & Software,27286943.27,27286943.27,141,68
24,Quebec,2025,Industrial and Technical Support,Industrial Equipment & Manufacturing,11099065.88,11099065.88,41,28
24,Quebec,2025,Industrial and Technical Support,Land Systems & Vehicles,37747245.1,37747245.1,111,59
24,Quebec,2025,Industrial and Technical Support,Marine & Shipbuilding,230006.64,230006.64,1,1
24,Quebec,2025,Industrial and Technical Support,"R&D, Engineering & Scientific Services",147084296.12,147084296.12,123,86
24,Quebec,2025,Industrial and Technical Support,"Resources, Fuel & Materials",68338967.49,68338967.49,504,106
24,Quebec,2026,Core Defence Industrial Complex,Aerospace & Space,365339709.57,357501670.5089034,8,6
24,Quebec,2026,Core Defence Industrial Complex,Land Systems & Vehicles,305259.95,298710.8688319428,10,9
24,Quebec,2026,Core Defence Industrial Complex,Marine & Shipbuilding,145267704.59,142151114.98020262,105,53
24,Quebec,2026,Core Defence Industrial Complex,Weapons & Military Equipment,470377218.36,460285692.81711555,41,16
24,Quebec,2026,General Government Support,Administrative,12087962.02,11828625.52851013,206,127
24,Quebec,2026,General Government Support,Communications & Electronics,163547.23,160038.46940405245,2,2
24,Quebec,2026,General Government Support,Construction & Infrastructure,4778044.57,4675535.86647199,45,22
24,Quebec,2026,General Government Support,Industrial Equipment & Manufacturing,22195746.13,21719556.105756853,278,142
24,Quebec,2026,General Government Support,"Resources, Fuel & Materials",455926.02,446144.5320858164,22,13
24,Quebec,2026,Industrial and Technical Support,Administrative,4311872.8,4219365.397854588,75,45
24,Quebec,2026,Industrial and Technical Support,Aerospace & Space,147958.11,144783.80013110844,3,3
24,Quebec,2026,Industrial and Technical Support,Communications & Electronics,9282875.53,9083719.678343266,38,21
24,Quebec,2026,Industrial and Technical Support,Construction & Infrastructure,129025.92,126257.78345649582,2,2
24,Quebec,2026,Industrial and Technical Support,Digital Systems & Software,9555026.65,9350032.03772348,44,28
24,Quebec,2026,Industrial and Technical Support,Industrial Equipment & Manufacturing,291925.96,285662.9477473182,16,15
24,Quebec,2026,Industrial and Technical Support,Land Systems & Vehicles,2975803.33,2911960.1119547077,28,20
24,Quebec,2026,Industrial and Technical Support,"R&D, Engineering & Scientific Services",845520730.43,827380833.9487841,50,39
24,Quebec,2026,Industrial and Technical Support,"Resources, Fuel & Materials",18060012.56,17672551.02712753,143,25
35,Ontario,2016,Core Defence Industrial Complex,Aerospace & Space,5042000,6447791.277258567,1,1
35,Ontario,2016,Core Defence Industrial Complex,Land Systems & Vehicles,2579936.6,3299264.7174454825,4,4
35,Ontario,2016,Core Defence Industrial Complex,Marine & Shipbuilding,4739035.18,6060354.9576012455,10,7
35,Ontario,2016,General Government Support,Administrative,51483433.839999996,65837849.194143295,221,110
35,Ontario,2016,General Government Support,Communications & Electronics,70398.48,90026.716635514,1,1
35,Ontario,2016,General Government Support,Construction & Infrastructure,24614904.32,31477938.39052959,24,11
35,Ontario,2016,General Government Support,Industrial Equipment & Manufacturing,17998950.52,23017349.496760122,62,42
35,Ontario,2016,General Government Support,Marine & Shipbuilding,40421.29,51691.40045171339,2,2
35,Ontario,2016,General Government Support,"R&D, Engineering & Scientific Services",23980,30666.01246105919,2,2
35,Ontario,2016,General Government Support,"Resources, Fuel & Materials",2070204.74,2647411.3575389404,11,4
35,Ontario,2016,Industrial and Technical Support,Administrative,1415997.19,1810800.1448442366,11,10
35,Ontario,2016,Industrial and Technical Support,Aerospace & Space,51819.380000000005,66267.46258566978,2,2
35,Ontario,2016,Industrial and Technical Support,Communications & Electronics,190491615.62,243603763.90034264,23,19
35,Ontario,2016,Industrial and Technical Support,Construction & Infrastructure,375248.47000000003,479873.8222274143,4,4
35,Ontario,2016,Industrial and Technical Support,Digital Systems & Software,13802424.23,17650763.695996884,34,26
35,Ontario,2016,Industrial and Technical Support,Industrial Equipment & Manufacturing,28256.79,36135.24079439252,2,2
35,Ontario,2016,Industrial and Technical Support,Land Systems & Vehicles,2295522.83,2935551.7810436133,34,14
35,Ontario,2016,Industrial and Technical Support,"R&D, Engineering & Scientific Services",19578202.66,25036922.716292832,28,19
35,Ontario,2016,Industrial and Technical Support,"Resources, Fuel & Materials",1085882.83,1388644.5536292833,44,14
35,Ontario,2016,Industrial and Technical Support,Weapons & Military Equipment,1263615.8,1615932.3548286604,1,1
35,Ontario,2017,Core Defence Industrial Complex,Aerospace & Space,652267.41,821336.7233282209,19,11
35,Ontario,2017,Core Defence Industrial Complex,Communications & Electronics,24921.6,31381.339877300612,1,1
35,Ontario,2017,Core Defence Industrial Complex,Construction & Infrastructure,630263.75,793629.6606595091,2,2
35,Ontario,2017,Core Defence Industrial Complex,Land Systems & Vehicles,13373475.04,16839912.588711657,20,11
35,Ontario,2017,Core Defence Industrial Complex,Marine & Shipbuilding,12880628.39,16219318.877592023,51,28
35,Ontario,2017,Core Defence Industrial Complex,Weapons & Military Equipment,41944218.52,52816262.89098159,38,11
35,Ontario,2017,General Government Support,Administrative,1935853416.94,2437631373.17138,1204,456
35,Ontario,2017,General Government Support,Communications & Electronics,6039558.51,7605026.896794478,12,9
35,Ontario,2017,General Government Support,Construction & Infrastructure,62729077.2,78988607.94662577,321,146
35,Ontario,2017,General Government Support,Digital Systems & Software,123327.13,155293.8247392638,1,1
35,Ontario,2017,General Government Support,Industrial Equipment & Manufacturing,46455872.74,58497348.95634969,567,301
35,Ontario,2017,General Government Support,Marine & Shipbuilding,273018.57,343785.6533282208,7,7
35,Ontario,2017,General Government Support,"R&D, Engineering & Scientific Services",140344.25,176721.82400306748,4,4
35,Ontario,2017,General Government Support,"Resources, Fuel & Materials",20569913.46,25901685.507147238,111,29
35,Ontario,2017,General Government Support,Weapons & Military Equipment,757852.6,954289.8536809816,2,1
35,Ontario,2017,Industrial and Technical Support,Administrative,98936080,124580554.72392637,197,72
35,Ontario,2017,Industrial and Technical Support,Aerospace & Space,55520743.72,69911856.73944785,215,4
35,Ontario,2017,Industrial and Technical Support,Communications & Electronics,89821301.33,113103203.05510736,153,90
35,Ontario,2017,Industrial and Technical Support,Construction & Infrastructure,11295408.68,14223206.328650307,20,18
35,Ontario,2017,Industrial and Technical Support,Digital Systems & Software,108178124.29,136218159.57375765,632,180
35,Ontario,2017,Industrial and Technical Support,Industrial Equipment & Manufacturing,978020.94,1231526.3676993866,27,22
35,Ontario,2017,Industrial and Technical Support,Land Systems & Vehicles,52475075.69,66076744.08203988,379,64
35,Ontario,2017,Industrial and Technical Support,Marine & Shipbuilding,1779007.45,2240130.546702454,2,2
35,Ontario,2017,Industrial and Technical Support,"R&D, Engineering & Scientific Services",108756761.37,136946780.80486196,270,134
35,Ontario,2017,Industrial and Technical Support,"Resources, Fuel & Materials",10061886.24,12669951.845153375,332,69
35,Ontario,2018,Core Defence Industrial Complex,Aerospace & Space,3494616.15,4301469.054197901,21,19
35,Ontario,2018,Core Defence Industrial Complex,Communications & Electronics,60812,74852.55172413793,2,2
35,Ontario,2018,Core Defence Industrial Complex,Construction & Infrastructure,191800.8,236084.6428785607,1,1
35,Ontario,2018,Core Defence Industrial Complex,Land Systems & Vehicles,18605734.05,22901510.727211393,43,25
35,Ontario,2018,Core Defence Industrial Complex,Marine & Shipbuilding,12794896.73,15749040.802593702,61,31
35,Ontario,2018,Core Defence Industrial Complex,Weapons & Military Equipment,120067202.33,147788865.23677662,38,20
35,Ontario,2018,General Government Support,Administrative,474025496.47,583470663.5710194,1519,575
35,Ontario,2018,General Government Support,Communications & Electronics,2075710.6500000001,2554960.185382309,21,18
35,Ontario,2018,General Government Support,Construction & Infrastructure,90602648.36,111521400.7549625,291,157
35,Ontario,2018,General Government Support,Industrial Equipment & Manufacturing,71293464.24,87754024.19946027,766,342
35,Ontario,2018,General Government Support,Marine & Shipbuilding,189987,233852.0644677661,9,9
35,Ontario,2018,General Government Support,"R&D, Engineering & Scientific Services",233926.45,287936.4549475262,9,7
35,Ontario,2018,General Government Support,"Resources, Fuel & Materials",12754467.41,15699276.976926535,91,33
35,Ontario,2018,Industrial and Technical Support,Administrative,31910018.41,39277548.897466265,201,84
35,Ontario,2018,Industrial and Technical Support,Aerospace & Space,61242309.58,75382213.1411994,67,8
35,Ontario,2018,Industrial and Technical Support,Communications & Electronics,107980442.37,132911459.04913042,196,105
35,Ontario,2018,Industrial and Technical Support,Construction & Infrastructure,6255451.91,7699739.157586207,43,36
35,Ontario,2018,Industrial and Technical Support,Digital Systems & Software,170257534.33,209567369.84247375,891,194
35,Ontario,2018,Industrial and Technical Support,Industrial Equipment & Manufacturing,5628657.26,6928227.302038981,50,46
35,Ontario,2018,Industrial and Technical Support,Land Systems & Vehicles,74712173.92,91962061.15190405,438,72
35,Ontario,2018,Industrial and Technical Support,Marine & Shipbuilding,77872.65,95852.2423538231,2,2
35,Ontario,2018,Industrial and Technical Support,"R&D, Engineering & Scientific Services",884873154.75,1089176701.723763,433,206
35,Ontario,2018,Industrial and Technical Support,"Resources, Fuel & Materials",17988626.75,22141922.881184407,414,87
35,Ontario,2018,Industrial and Technical Support,Weapons & Military Equipment,226288.66,278535.2171814093,1,1
35,Ontario,2019,Core Defence Industrial Complex,Administrative,51635.44,62342.200352941174,1,1
35,Ontario,2019,Core Defence Industrial Complex,Aerospace & Space,12276095.9,14821580.491029412,36,18
35,Ontario,2019,Core Defence Industrial Complex,Communications & Electronics,11651845.19,14067889.56027941,4,4
35,Ontario,2019,Core Defence Industrial Complex,Construction & Infrastructure,783754.2,946267.9385294116,5,3
35,Ontario,2019,Core Defence Industrial Complex,Digital Systems & Software,23965.3,28934.57544117647,1,1
35,Ontario,2019,Core Defence Industrial Complex,Land Systems & Vehicles,9604274.32,11595748.848117646,34,18
35,Ontario,2019,Core Defence Industrial Complex,Marine & Shipbuilding,38303036.19,46245283.39998529,34,25
35,Ontario,2019,Core Defence Industrial Complex,Weapons & Military Equipment,7666281.85,9255907.939485293,17,10
35,Ontario,2019,General Government Support,Administrative,280575006.97,338753059.8858382,1430,534
35,Ontario,2019,General Government Support,Aerospace & Space,1269207.11,1532380.937220588,18,13
35,Ontario,2019,General Government Support,Communications & Electronics,9284586.94,11209773.349617647,52,46
35,Ontario,2019,General Government Support,Construction & Infrastructure,69036875.24,83351874.37064706,263,162
35,Ontario,2019,General Government Support,Digital Systems & Software,15989059.95,19304438.55727941,9,9
35,Ontario,2019,General Government Support,Industrial Equipment & Manufacturing,40463652.45,48853909.79625,563,264
35,Ontario,2019,General Government Support,Marine & Shipbuilding,486749.65,587678.6215441176,12,12
35,Ontario,2019,General Government Support,"R&D, Engineering & Scientific Services",1269606.92,1532863.649,46,32
35,Ontario,2019,General Government Support,"Resources, Fuel & Materials",7742124.39,9347476.653220588,73,39
35,Ontario,2019,General Government Support,Weapons & Military Equipment,654779.47,790549.9189264706,6,5
35,Ontario,2019,Industrial and Technical Support,Administrative,17700210.87,21370401.653338235,211,97
35,Ontario,2019,Industrial and Technical Support,Aerospace & Space,5255092.11,6344750.915161764,10,7
35,Ontario,2019,Industrial and Technical Support,Communications & Electronics,64926133.21,78388757.89030883,251,127
35,Ontario,2019,Industrial and Technical Support,Construction & Infrastructure,11795839.24,14241741.200058822,26,20
35,Ontario,2019,Industrial and Technical Support,Digital Systems & Software,169267128.17,204365165.0405441,856,208
35,Ontario,2019,Industrial and Technical Support,Industrial Equipment & Manufacturing,3193550.06,3855742.0577352936,51,46
35,Ontario,2019,Industrial and Technical Support,Land Systems & Vehicles,32163898.28,38833177.18805882,236,59
35,Ontario,2019,Industrial and Technical Support,Marine & Shipbuilding,74438.94,89874.0731470588,2,2
35,Ontario,2019,Industrial and Technical Support,"R&D, Engineering & Scientific Services",288424940.68,348230700.43864703,312,146
35,Ontario,2019,Industrial and Technical Support,"Resources, Fuel & Materials",15972478.85,19284419.31742647,394,64
35,Ontario,2019,Industrial and Technical Support,Weapons & Military Equipment,913436.61,1102840.3776617646,6,4
35,Ontario,2020,Core Defence Industrial Complex,Aerospace & Space,3622953.6799999997,4342255.432525547,16,8
35,Ontario,2020,Core Defence Industrial Complex,Construction & Infrastructure,2934067.41,3516597.581912409,2,2
35,Ontario,2020,Core Defence Industrial Complex,Land Systems & Vehicles,6209205.1,7441981.587007299,26,17
35,Ontario,2020,Core Defence Industrial Complex,Marine & Shipbuilding,7023554.96,8418012.587094892,24,17
35,Ontario,2020,Core Defence Industrial Complex,Weapons & Military Equipment,28512174.56,34172985.85950365,25,6
35,Ontario,2020,General Government Support,Administrative,266654201.01,319595765.006146,1250,512
35,Ontario,2020,General Government Support,Communications & Electronics,8120693.84,9732977.58049635,29,15
35,Ontario,2020,General Government Support,Construction & Infrastructure,190661832.62,228515860.70221898,317,151
35,Ontario,2020,General Government Support,Industrial Equipment & Manufacturing,51549512.95,61784160.776569344,698,320
35,Ontario,2020,General Government Support,Marine & Shipbuilding,46948.09,56269.17064233577,3,3
35,Ontario,2020,General Government Support,"R&D, Engineering & Scientific Services",285992.88,342773.9481459854,5,4
35,Ontario,2020,General Government Support,"Resources, Fuel & Materials",4094436.93,4907347.035810219,49,27
35,Ontario,2020,Industrial and Technical Support,Administrative,19419445.39,23274984.912686132,210,84
35,Ontario,2020,Industrial and Technical Support,Aerospace & Space,1825366.73,2187775.3070510947,28,5
35,Ontario,2020,Industrial and Technical Support,Communications & Electronics,181102064.97,217058095.38740146,198,97
35,Ontario,2020,Industrial and Technical Support,Construction & Infrastructure,17303289.4,20738687.00350365,22,22
35,Ontario,2020,Industrial and Technical Support,Digital Systems & Software,115346509.83,138247422.73055476,708,168
35,Ontario,2020,Industrial and Technical Support,Industrial Equipment & Manufacturing,5570502.65,6676471.059343066,45,41
35,Ontario,2020,Industrial and Technical Support,Land Systems & Vehicles,31855707.46,38180344.26957665,244,52
35,Ontario,2020,Industrial and Technical Support,Marine & Shipbuilding,10465.9,12543.801313868613,1,1
35,Ontario,2020,Industrial and Technical Support,"R&D, Engineering & Scientific Services",192114880.62,230257397.06426278,231,153
35,Ontario,2020,Industrial and Technical Support,"Resources, Fuel & Materials",110381371.83,132296505.50719708,360,86
35,Ontario,2021,Core Defence Industrial Complex,Aerospace & Space,14221520.78,16491339.77454802,10,9
35,Ontario,2021,Core Defence Industrial Complex,Communications & Electronics,16277.3,18875.230649717512,1,1
35,Ontario,2021,Core Defence Industrial Complex,Construction & Infrastructure,16403.35,19021.398799435025,1,1
35,Ontario,2021,Core Defence Industrial Complex,Land Systems & Vehicles,5740508.88,6656720.043050847,34,20
35,Ontario,2021,Core Defence Industrial Complex,Marine & Shipbuilding,13726158.73,15916915.702443503,42,27
35,Ontario,2021,Core Defence Industrial Complex,Weapons & Military Equipment,18065945.06,20949351.545564972,22,12
35,Ontario,2021,General Government Support,Administrative,345966553.83,401184379.51190674,1397,527
35,Ontario,2021,General Government Support,Communications & Electronics,28439165.48,32978184.829209037,55,33
35,Ontario,2021,General Government Support,Construction & Infrastructure,70635844.96,81909645.07367231,373,159
35,Ontario,2021,General Government Support,Industrial Equipment & Manufacturing,40003257.660000004,46387958.38822034,701,317
35,Ontario,2021,General Government Support,Marine & Shipbuilding,83289,96582.30084745762,5,5
35,Ontario,2021,General Government Support,"R&D, Engineering & Scientific Services",213476.58,247548.4070338983,9,7
35,Ontario,2021,General Government Support,"Resources, Fuel & Materials",1799712.82,2086955.1203672315,50,32
35,Ontario,2021,Industrial and Technical Support,Administrative,34586443.9,40106596.66935028,243,83
35,Ontario,2021,Industrial and Technical Support,Aerospace & Space,1949213.15,2260316.378742938,36,4
35,Ontario,2021,Industrial and Technical Support,Communications & Electronics,133389764.5,154679373.80579096,225,127
35,Ontario,2021,Industrial and Technical Support,Construction & Infrastructure,14721986.59,17071682.189816386,19,18
35,Ontario,2021,Industrial and Technical Support,Digital Systems & Software,419573948.87,486539847.4890819,861,176
35,Ontario,2021,Industrial and Technical Support,Industrial Equipment & Manufacturing,3898722.45,4520976.174364407,32,26
35,Ontario,2021,Industrial and Technical Support,Land Systems & Vehicles,26641170.07,30893221.22524011,214,42
35,Ontario,2021,Industrial and Technical Support,Marine & Shipbuilding,11047.73,12810.997641242937,1,1
35,Ontario,2021,Industrial and Technical Support,"R&D, Engineering & Scientific Services",107571341.89,124740214.25379942,222,150
35,Ontario,2021,Industrial and Technical Support,"Resources, Fuel & Materials",17022467.06,19739329.740480226,479,88
35,Ontario,2022,Core Defence Industrial Complex,Aerospace & Space,984308.86,1068938.590026455,18,16
35,Ontario,2022,Core Defence Industrial Complex,Communications & Electronics,3144759.33,3415142.0766269844,2,2
35,Ontario,2022,Core Defence Industrial Complex,Construction & Infrastructure,14674379.19,15936065.231468255,3,2
35,Ontario,2022,Core Defence Industrial Complex,Land Systems & Vehicles,10514482.64,11418505.618306879,23,20
35,Ontario,2022,Core Defence Industrial Complex,Marine & Shipbuilding,10817130.18,11747174.441507937,45,27
35,Ontario,2022,Core Defence Industrial Complex,Weapons & Military Equipment,47401179.41,51476677.63969577,30,10
35,Ontario,2022,General Government Support,Administrative,295793966.86,321225987.8201852,1584,649
35,Ontario,2022,General Government Support,Communications & Electronics,1990356.04,2161484.5355026457,18,17
35,Ontario,2022,General Government Support,Construction & Infrastructure,117011674.39,127072201.94998679,397,180
35,Ontario,2022,General Government Support,Industrial Equipment & Manufacturing,1125985973.94,1222796937.307857,793,345
35,Ontario,2022,General Government Support,Marine & Shipbuilding,154273.59,167537.85369047621,9,8
35,Ontario,2022,General Government Support,"R&D, Engineering & Scientific Services",496050.02999999997,538699.8341666667,18,6
35,Ontario,2022,General Government Support,"Resources, Fuel & Materials",6240945.37,6777534.588320106,87,33
35,Ontario,2022,Industrial and Technical Support,Administrative,25416442.26,27601718.380238097,390,104
35,Ontario,2022,Industrial and Technical Support,Aerospace & Space,5157278.99,5600695.834378308,91,11
35,Ontario,2022,Industrial and Technical Support,Communications & Electronics,165864842.8,180125708.9137566,233,118
35,Ontario,2022,Industrial and Technical Support,Construction & Infrastructure,3601541.63,3911197.9870767198,37,22
35,Ontario,2022,Industrial and Technical Support,Digital Systems & Software,259411447.99,281715342.3277646,714,202
35,Ontario,2022,Industrial and Technical Support,Industrial Equipment & Manufacturing,4623599.27,5021130.953267196,40,29
35,Ontario,2022,Industrial and Technical Support,Land Systems & Vehicles,42855480.13,46540144.426891536,283,78
35,Ontario,2022,Industrial and Technical Support,"R&D, Engineering & Scientific Services",538374194.72,584662981.3030688,255,172
35,Ontario,2022,Industrial and Technical Support,"Resources, Fuel & Materials",24861179.66,26998714.948227514,460,101
35,Ontario,2023,Core Defence Industrial Complex,Aerospace & Space,17817490.21,18622736.425728835,23,16
35,Ontario,2023,Core Defence Industrial Complex,Communications & Electronics,281047.27,293748.96075111395,3,3
35,Ontario,2023,Core Defence Industrial Complex,Land Systems & Vehicles,3634125.92,3798367.129624443,27,26
35,Ontario,2023,Core Defence Industrial Complex,Marine & Shipbuilding,537580867.89,561876374.968415,67,44
35,Ontario,2023,Core Defence Industrial Complex,Weapons & Military Equipment,58463866.64,61106091.039388925,38,15
35,Ontario,2023,General Government Support,Administrative,432670509.42,452224682.6655888,2013,817
35,Ontario,2023,General Government Support,Communications & Electronics,2483107.06,2595328.9576830044,16,13
35,Ontario,2023,General Government Support,Construction & Infrastructure,82245309.52,85962315.87004456,427,202
35,Ontario,2023,General Government Support,Industrial Equipment & Manufacturing,59231607.51,61908529.30071293,799,380
35,Ontario,2023,General Government Support,Marine & Shipbuilding,310329.99,324355.0882113304,16,15
35,Ontario,2023,General Government Support,"R&D, Engineering & Scientific Services",185266.56,193639.52356460856,6,3
35,Ontario,2023,General Government Support,"Resources, Fuel & Materials",15794212.16,16508018.056473585,144,68
35,Ontario,2023,Industrial and Technical Support,Administrative,53066215.65,55464497.834054746,413,142
35,Ontario,2023,Industrial and Technical Support,Aerospace & Space,17704849.66,18505005.18250796,141,16
35,Ontario,2023,Industrial and Technical Support,Communications & Electronics,123136507.93,128701556.98348823,298,146
35,Ontario,2023,Industrial and Technical Support,Construction & Infrastructure,8791084.18,9188389.703093572,32,27
35,Ontario,2023,Industrial and Technical Support,Digital Systems & Software,388080121.28,405619070.10933167,944,261
35,Ontario,2023,Industrial and Technical Support,Industrial Equipment & Manufacturing,10158105.8,10617192.694844048,48,36
35,Ontario,2023,Industrial and Technical Support,Land Systems & Vehicles,44989141.66,47022387.4002037,217,94
35,Ontario,2023,Industrial and Technical Support,"R&D, Engineering & Scientific Services",1907939256.03,1994166937.2382305,262,188
35,Ontario,2023,Industrial and Technical Support,"Resources, Fuel & Materials",10304273.43,10769966.245741567,294,109
35,Ontario,2024,Core Defence Industrial Complex,Aerospace & Space,8255400.47,8424715.706488501,29,22
35,Ontario,2024,Core Defence Industrial Complex,Communications & Electronics,1476334.1,1506613.1710379117,1,1
35,Ontario,2024,Core Defence Industrial Complex,Construction & Infrastructure,1429260.3,1458573.9046612803,2,2
35,Ontario,2024,Core Defence Industrial Complex,Land Systems & Vehicles,7429244.55,7581615.631510254,46,36
35,Ontario,2024,Core Defence Industrial Complex,Marine & Shipbuilding,715083466.76,729749566.4511621,39,28
35,Ontario,2024,Core Defence Industrial Complex,Weapons & Military Equipment,288537400.65,294455196.934307,23,12
35,Ontario,2024,General Government Support,Administrative,11539678158.21,11776352725.780497,1863,746
35,Ontario,2024,General Government Support,Communications & Electronics,3102280.5900000003,3165907.2273337473,22,21
35,Ontario,2024,General Government Support,Construction & Infrastructure,51921423.63,52986312.98972032,284,158
35,Ontario,2024,General Government Support,Industrial Equipment & Manufacturing,73819912.63,75333931.96921068,893,393
35,Ontario,2024,General Government Support,Marine & Shipbuilding,142682.12,145608.47796146673,8,8
35,Ontario,2024,General Government Support,"R&D, Engineering & Scientific Services",1462813.16,1492814.92151647,3,3
35,Ontario,2024,General Government Support,"Resources, Fuel & Materials",21147540.88,21581269.188912366,132,52
35,Ontario,2024,Industrial and Technical Support,Administrative,35127069.36,35847512.67192045,278,105
35,Ontario,2024,Industrial and Technical Support,Aerospace & Space,14531568.85,14829605.998570539,105,18
35,Ontario,2024,Industrial and Technical Support,Communications & Electronics,383796440.38,391667964.63888127,322,159
35,Ontario,2024,Industrial and Technical Support,Construction & Infrastructure,33430040.5,34115678.37228092,36,26
35,Ontario,2024,Industrial and Technical Support,Digital Systems & Software,289172516.44,295103338.716271,821,242
35,Ontario,2024,Industrial and Technical Support,Industrial Equipment & Manufacturing,4430722.100000001,4521594.585581106,40,36
35,Ontario,2024,Industrial and Technical Support,Land Systems & Vehicles,73474408.12,74981341.28840274,158,76
35,Ontario,2024,Industrial and Technical Support,Marine & Shipbuilding,23788.76,24276.658744561835,1,1
35,Ontario,2024,Industrial and Technical Support,"R&D, Engineering & Scientific Services",519731000.34,530390492.57817274,311,181
35,Ontario,2024,Industrial and Technical Support,"Resources, Fuel & Materials",6775842.92,6914812.9736730885,201,91
35,Ontario,2025,Core Defence Industrial Complex,Aerospace & Space,15336001.19,15336001.19,53,32
35,Ontario,2025,Core Defence Industrial Complex,Communications & Electronics,4433053,4433053,1,1
35,Ontario,2025,Core Defence Industrial Complex,Land Systems & Vehicles,25891275.97,25891275.97,57,36
35,Ontario,2025,Core Defence Industrial Complex,Marine & Shipbuilding,7355091.22,7355091.22,167,88
35,Ontario,2025,Core Defence Industrial Complex,Weapons & Military Equipment,64447643.46,64447643.46,22,16
35,Ontario,2025,General Government Support,Administrative,517568984.39,517568984.39,2504,905
35,Ontario,2025,General Government Support,Communications & Electronics,5089994.41,5089994.41,18,17
35,Ontario,2025,General Government Support,Construction & Infrastructure,357126746.58,357126746.58,593,261
35,Ontario,2025,General Government Support,Industrial Equipment & Manufacturing,99506496.6,99506496.6,1074,482
35,Ontario,2025,General Government Support,Marine & Shipbuilding,780849.15,780849.15,13,12
35,Ontario,2025,General Government Support,"Resources, Fuel & Materials",7403139.79,7403139.79,128,52
35,Ontario,2025,Industrial and Technical Support,Administrative,50700079.25,50700079.25,319,130
35,Ontario,2025,Industrial and Technical Support,Aerospace & Space,28347804.4,28347804.4,92,19
35,Ontario,2025,Industrial and Technical Support,Communications & Electronics,639125325.06,639125325.06,375,178
35,Ontario,2025,Industrial and Technical Support,Construction & Infrastructure,31409504.26,31409504.26,45,32
35,Ontario,2025,Industrial and Technical Support,Digital Systems & Software,345465286.31,345465286.31,1094,281
35,Ontario,2025,Industrial and Technical Support,Industrial Equipment & Manufacturing,3632375.95,3632375.95,69,59
35,Ontario,2025,Industrial and Technical Support,Land Systems & Vehicles,79293883.17,79293883.17,236,77
35,Ontario,2025,Industrial and Technical Support,"R&D, Engineering & Scientific Services",150211241.19,150211241.19,447,201
35,Ontario,2025,Industrial and Technical Support,"Resources, Fuel & Materials",12265867.93,12265867.93,322,118
35,Ontario,2026,Core Defence Industrial Complex,Aerospace & Space,8199421.41,8023510.10442193,15,10
35,Ontario,2026,Core Defence Industrial Complex,Communications & Electronics,2259605.14,2211127.3181644813,3,3
35,Ontario,2026,Core Defence Industrial Complex,Land Systems & Vehicles,562042.13,549984.0151728247,6,6
35,Ontario,2026,Core Defence Industrial Complex,Marine & Shipbuilding,10070396.85,9854345.42771156,117,57
35,Ontario,2026,Core Defence Industrial Complex,Weapons & Military Equipment,319606350.84,312749480.38097733,5,4
35,Ontario,2026,General Government Support,Administrative,63440358.09,62079301.53979737,583,310
35,Ontario,2026,General Government Support,Communications & Electronics,373626.72,365610.89048867696,6,5
35,Ontario,2026,General Government Support,Construction & Infrastructure,26382410.54,25816399.348438613,150,86
35,Ontario,2026,General Government Support,Industrial Equipment & Manufacturing,48064938.87,47033748.28637663,316,180
35,Ontario,2026,General Government Support,"R&D, Engineering & Scientific Services",559500,547496.4243146603,2,2
35,Ontario,2026,General Government Support,"Resources, Fuel & Materials",1624834.96,1589975.568724672,25,17
35,Ontario,2026,Industrial and Technical Support,Administrative,7620454.9,7456964.8067938015,61,39
35,Ontario,2026,Industrial and Technical Support,Aerospace & Space,17708590.39,17328668.3077354,34,12
35,Ontario,2026,Industrial and Technical Support,Communications & Electronics,45814105.1,44831204.15625744,87,65
35,Ontario,2026,Industrial and Technical Support,Construction & Infrastructure,6199442.45,6066438.917103694,7,6
35,Ontario,2026,Industrial and Technical Support,Digital Systems & Software,311086589.03,304412502.4953873,306,127
35,Ontario,2026,Industrial and Technical Support,Industrial Equipment & Manufacturing,394477.97,386014.79543504165,21,20
35,Ontario,2026,Industrial and Technical Support,Land Systems & Vehicles,11668070.05,11417741.967878425,55,34
35,Ontario,2026,Industrial and Technical Support,"R&D, Engineering & Scientific Services",54449236.67,53281076.64609058,133,80
35,Ontario,2026,Industrial and Technical Support,"Resources, Fuel & Materials",6829502.01,6682981.108712752,104,45
46,Manitoba,2016,Core Defence Industrial Complex,Land Systems & Vehicles,27757.129999999997,35496.26749221183,2,1
46,Manitoba,2016,Core Defence Industrial Complex,Marine & Shipbuilding,196188.73,250889.32605919,1,1
46,Manitoba,2016,Core Defence Industrial Complex,Weapons & Military Equipment,6878185,8795934.400311526,1,1
46,Manitoba,2016,General Government Support,Administrative,78623.17,100544.58344236758,5,3
46,Manitoba,2016,General Government Support,Construction & Infrastructure,153205.13999999998,195921.21485981307,5,3
46,Manitoba,2016,General Government Support,Industrial Equipment & Manufacturing,875680.5499999999,1119834.4728193146,8,3
46,Manitoba,2016,General Government Support,"R&D, Engineering & Scientific Services",14269.5,18248.067757009343,1,1
46,Manitoba,2016,Industrial and Technical Support,Administrative,573652.5,733596.109813084,3,2
46,Manitoba,2016,Industrial and Technical Support,Construction & Infrastructure,57525,73563.90186915887,1,1
46,Manitoba,2016,Industrial and Technical Support,Industrial Equipment & Manufacturing,27698.690000000002,35421.53347352025,2,1
46,Manitoba,2016,Industrial and Technical Support,Land Systems & Vehicles,86702.72,110876.8428660436,4,3
46,Manitoba,2016,Industrial and Technical Support,"R&D, Engineering & Scientific Services",57392.72,73394.7400623053,1,1
46,Manitoba,2016,Industrial and Technical Support,"Resources, Fuel & Materials",12855.8,16440.205295950153,1,1
46,Manitoba,2017,Core Defence Industrial Complex,Aerospace & Space,32882.86,41406.178006134964,2,1
46,Manitoba,2017,Core Defence Industrial Complex,Land Systems & Vehicles,202944.52,255548.23760736195,15,3
46,Manitoba,2017,Core Defence Industrial Complex,Marine & Shipbuilding,428735.04,539864.2144785275,8,3
46,Manitoba,2017,Core Defence Industrial Complex,Weapons & Military Equipment,5932439,7470141.746932515,1,1
46,Manitoba,2017,General Government Support,Administrative,6570495.32,8273583.830858896,56,18
46,Manitoba,2017,General Government Support,Construction & Infrastructure,7148204.98,9001037.252423313,46,29
46,Manitoba,2017,General Government Support,Industrial Equipment & Manufacturing,4714285,5936239.240797546,63,31
46,Manitoba,2017,General Government Support,"Resources, Fuel & Materials",274371.84,345489.6942331288,13,5
46,Manitoba,2017,Industrial and Technical Support,Administrative,12984615.11,16350259.21059816,97,12
46,Manitoba,2017,Industrial and Technical Support,Aerospace & Space,93801.85,118115.51970858895,5,3
46,Manitoba,2017,Industrial and Technical Support,Communications & Electronics,17967085.08,22624197.623742327,4,4
46,Manitoba,2017,Industrial and Technical Support,Construction & Infrastructure,3169053.63,3990480.1077147233,7,6
46,Manitoba,2017,Industrial and Technical Support,Digital Systems & Software,532337.65,670320.8752300614,5,5
46,Manitoba,2017,Industrial and Technical Support,Industrial Equipment & Manufacturing,13100.85,16496.622469325153,1,1
46,Manitoba,2017,Industrial and Technical Support,Land Systems & Vehicles,918481.34,1156553.9572699387,15,8
46,Manitoba,2017,Industrial and Technical Support,"R&D, Engineering & Scientific Services",5335813.67,6718869.667285276,35,10
46,Manitoba,2017,Industrial and Technical Support,"Resources, Fuel & Materials",741937.41,934249.4073773006,32,4
46,Manitoba,2018,Core Defence Industrial Complex,Land Systems & Vehicles,88130.25,108478.16379310345,6,2
46,Manitoba,2018,Core Defence Industrial Complex,Marine & Shipbuilding,1350634.71,1662475.4076611693,14,5
46,Manitoba,2018,Core Defence Industrial Complex,Weapons & Military Equipment,48098229.74,59203368.24068965,4,2
46,Manitoba,2018,General Government Support,Administrative,6890812.49,8481794.684092954,108,33
46,Manitoba,2018,General Government Support,Communications & Electronics,17850,21971.289355322337,1,1
46,Manitoba,2018,General Government Support,Construction & Infrastructure,18138957.88,22326963.147646174,63,35
46,Manitoba,2018,General Government Support,Industrial Equipment & Manufacturing,2917826.45,3591507.519415292,101,29
46,Manitoba,2018,General Government Support,"Resources, Fuel & Materials",332568.2,409353.0617691154,8,3
46,Manitoba,2018,Industrial and Technical Support,Administrative,5261255.71,6475998.407661169,76,11
46,Manitoba,2018,Industrial and Technical Support,Aerospace & Space,45632.66,56168.53652173913,1,1
46,Manitoba,2018,Industrial and Technical Support,Communications & Electronics,918046.03,1130008.6816041977,10,7
46,Manitoba,2018,Industrial and Technical Support,Construction & Infrastructure,2128557.69,2620008.79083958,26,11
46,Manitoba,2018,Industrial and Technical Support,Digital Systems & Software,802465.12,987741.9243178411,10,5
46,Manitoba,2018,Industrial and Technical Support,Industrial Equipment & Manufacturing,227789.78,280382.92260869563,3,2
46,Manitoba,2018,Industrial and Technical Support,Land Systems & Vehicles,1838420.32,2262883.1824887553,20,7
46,Manitoba,2018,Industrial and Technical Support,"R&D, Engineering & Scientific Services",7344312.98,9040001.434152924,73,16
46,Manitoba,2018,Industrial and Technical Support,"Resources, Fuel & Materials",1325187.5,1631152.8298350824,54,8
46,Manitoba,2019,Core Defence Industrial Complex,Aerospace & Space,16157.25,19507.50330882353,1,1
46,Manitoba,2019,Core Defence Industrial Complex,Land Systems & Vehicles,21713.22,26215.52002941176,2,1
46,Manitoba,2019,Core Defence Industrial Complex,Marine & Shipbuilding,204144.93999999997,246474.9937352941,3,1
46,Manitoba,2019,General Government Support,Administrative,2544696.25,3072346.501838235,77,33
46,Manitoba,2019,General Government Support,Aerospace & Space,25551.79,30850.02880882353,2,2
46,Manitoba,2019,General Government Support,Communications & Electronics,66076.67,79777.86186764705,4,2
46,Manitoba,2019,General Government Support,Construction & Infrastructure,8708611.5,10514367.708088236,55,24
46,Manitoba,2019,General Government Support,Digital Systems & Software,10022,12100.091176470587,1,1
46,Manitoba,2019,General Government Support,Industrial Equipment & Manufacturing,2354195.65,2842345.0421323525,33,18
46,Manitoba,2019,General Government Support,Marine & Shipbuilding,36355.38,43893.77497058823,1,1
46,Manitoba,2019,General Government Support,"R&D, Engineering & Scientific Services",142114.25,171582.05772058823,2,2
46,Manitoba,2019,General Government Support,"Resources, Fuel & Materials",704229.45,850253.4977205882,21,9
46,Manitoba,2019,General Government Support,Weapons & Military Equipment,13072.89,15783.592191176469,1,1
46,Manitoba,2019,Industrial and Technical Support,Administrative,5038585.33,6083350.817544118,46,13
46,Manitoba,2019,Industrial and Technical Support,Aerospace & Space,127026.89,153366.28925,6,5
46,Manitoba,2019,Industrial and Technical Support,Communications & Electronics,327169.36,395008.8890588235,6,4
46,Manitoba,2019,Industrial and Technical Support,Construction & Infrastructure,1442761.6400000001,1741922.5094705883,7,7
46,Manitoba,2019,Industrial and Technical Support,Digital Systems & Software,711969.7,859598.7113235294,14,10
46,Manitoba,2019,Industrial and Technical Support,Industrial Equipment & Manufacturing,83584.85,100916.41448529411,5,2
46,Manitoba,2019,Industrial and Technical Support,Land Systems & Vehicles,2616499.54,3159038.415205882,21,7
46,Manitoba,2019,Industrial and Technical Support,"R&D, Engineering & Scientific Services",6936657.71,8374994.088102941,25,8
46,Manitoba,2019,Industrial and Technical Support,"Resources, Fuel & Materials",696425.7,840831.6172058823,24,6
46,Manitoba,2020,Core Defence Industrial Complex,Construction & Infrastructure,841283.1,1008311.5694890511,1,1
46,Manitoba,2020,Core Defence Industrial Complex,Land Systems & Vehicles,809850.5,970638.3364963504,12,2
46,Manitoba,2020,Core Defence Industrial Complex,Marine & Shipbuilding,95376.45999999999,114312.51629197081,5,3
46,Manitoba,2020,General Government Support,Administrative,6681659.44,8008237.080642336,53,34
46,Manitoba,2020,General Government Support,Communications & Electronics,32236.77,38637.06302189781,1,1
46,Manitoba,2020,General Government Support,Construction & Infrastructure,8389682.95,10055371.827664234,65,19
46,Manitoba,2020,General Government Support,Industrial Equipment & Manufacturing,1491116.01,1787162.4003065694,60,23
46,Manitoba,2020,General Government Support,"Resources, Fuel & Materials",1121473.97,1344131.5757226278,40,13
46,Manitoba,2020,Industrial and Technical Support,Administrative,7335794.03,8792243.647635037,17,6
46,Manitoba,2020,Industrial and Technical Support,Communications & Electronics,1184526.49,1419702.5522481753,13,7
46,Manitoba,2020,Industrial and Technical Support,Construction & Infrastructure,9701868.78,11628079.22391241,6,4
46,Manitoba,2020,Industrial and Technical Support,Digital Systems & Software,355496.06,426076.29964963504,11,5
46,Manitoba,2020,Industrial and Technical Support,Industrial Equipment & Manufacturing,95638.97,114627.14506569343,6,5
46,Manitoba,2020,Industrial and Technical Support,Land Systems & Vehicles,344245.37,412591.8960145985,4,3
46,Manitoba,2020,Industrial and Technical Support,"R&D, Engineering & Scientific Services",10134186.24,12146229.055532847,47,13
46,Manitoba,2020,Industrial and Technical Support,"Resources, Fuel & Materials",799212.76,957888.5780437957,33,6
46,Manitoba,2021,Core Defence Industrial Complex,Land Systems & Vehicles,38328.86,44446.31929378531,2,2
46,Manitoba,2021,Core Defence Industrial Complex,Marine & Shipbuilding,212641.12,246579.6038418079,9,2
46,Manitoba,2021,General Government Support,Administrative,10306261.76,11951187.718870057,68,32
46,Manitoba,2021,General Government Support,Construction & Infrastructure,13365735.93,15498967.794533897,100,32
46,Manitoba,2021,General Government Support,Industrial Equipment & Manufacturing,2717974.35,3151775.34088983,68,24
46,Manitoba,2021,General Government Support,"Resources, Fuel & Materials",459413.52,532737.9942372881,19,9
46,Manitoba,2021,Industrial and Technical Support,Administrative,2435019.86,2823660.03539548,32,9
46,Manitoba,2021,Industrial and Technical Support,Aerospace & Space,34285.86,39758.03822033898,1,1
46,Manitoba,2021,Industrial and Technical Support,Communications & Electronics,657227.58,762124.0722881355,15,6
46,Manitoba,2021,Industrial and Technical Support,Construction & Infrastructure,1807989.85,2096553.2017655366,12,8
46,Manitoba,2021,Industrial and Technical Support,Digital Systems & Software,185748.96,215395.333559322,7,5
46,Manitoba,2021,Industrial and Technical Support,Industrial Equipment & Manufacturing,52555.65,60943.76927966101,4,3
46,Manitoba,2021,Industrial and Technical Support,Land Systems & Vehicles,128589.92,149113.45242937852,3,2
46,Manitoba,2021,Industrial and Technical Support,"R&D, Engineering & Scientific Services",4341659.71,5034608.223036723,43,18
46,Manitoba,2021,Industrial and Technical Support,"Resources, Fuel & Materials",746756.92,865942.6996045198,30,10
46,Manitoba,2022,Core Defence Industrial Complex,Land Systems & Vehicles,42219.28,45849.24455026456,2,2
46,Manitoba,2022,Core Defence Industrial Complex,Marine & Shipbuilding,117852.92,127985.77687830688,5,1
46,Manitoba,2022,General Government Support,Administrative,54973126.55,59699651.98088624,73,38
46,Manitoba,2022,General Government Support,Construction & Infrastructure,9979184.88,10837183.58,134,32
46,Manitoba,2022,General Government Support,Industrial Equipment & Manufacturing,2991221.22,3248402.938650794,75,29
46,Manitoba,2022,General Government Support,"Resources, Fuel & Materials",632466.3,686845.0162698413,15,6
46,Manitoba,2022,Industrial and Technical Support,Administrative,3298754.62,3582377.7024074076,14,12
46,Manitoba,2022,Industrial and Technical Support,Aerospace & Space,93865.59,101936.04416666667,3,3
46,Manitoba,2022,Industrial and Technical Support,Communications & Electronics,1179204.73,1280591.3800661378,7,3
46,Manitoba,2022,Industrial and Technical Support,Construction & Infrastructure,1950330.4,2118017.5375661375,24,8
46,Manitoba,2022,Industrial and Technical Support,Digital Systems & Software,629422.77,683539.8071031746,9,3
46,Manitoba,2022,Industrial and Technical Support,Industrial Equipment & Manufacturing,155202.59,168546.72802910054,3,3
46,Manitoba,2022,Industrial and Technical Support,Land Systems & Vehicles,4946480,5371772.592592593,14,9
46,Manitoba,2022,Industrial and Technical Support,"R&D, Engineering & Scientific Services",8240197.81,8948680.425939154,43,16
46,Manitoba,2022,Industrial and Technical Support,"Resources, Fuel & Materials",1027077.37,1115384.2867328043,33,7
46,Manitoba,2023,Core Defence Industrial Complex,Land Systems & Vehicles,44595.22,46610.6627880331,3,3
46,Manitoba,2023,Core Defence Industrial Complex,Marine & Shipbuilding,291273.3,304437.1474220242,13,7
46,Manitoba,2023,Core Defence Industrial Complex,Weapons & Military Equipment,31500000,32923615.531508595,1,1
46,Manitoba,2023,General Government Support,Administrative,22844738.07,23877186.448720563,108,62
46,Manitoba,2023,General Government Support,Communications & Electronics,30429,31804.212603437303,1,1
46,Manitoba,2023,General Government Support,Construction & Infrastructure,16005834.5,16729204.486950988,191,75
46,Manitoba,2023,General Government Support,Industrial Equipment & Manufacturing,3265878.46,3413477.040942075,97,43
46,Manitoba,2023,General Government Support,"Resources, Fuel & Materials",399411.96,417463.0415786124,16,12
46,Manitoba,2023,Industrial and Technical Support,Administrative,5299820.72,5539341.580038193,43,18
46,Manitoba,2023,Industrial and Technical Support,Aerospace & Space,100164.53,104691.38017823044,4,4
46,Manitoba,2023,Industrial and Technical Support,Communications & Electronics,1556187.73,1626518.302138765,13,3
46,Manitoba,2023,Industrial and Technical Support,Construction & Infrastructure,5937399.09,6205734.758612349,11,9
46,Manitoba,2023,Industrial and Technical Support,Digital Systems & Software,58560.28,61206.86171865054,3,2
46,Manitoba,2023,Industrial and Technical Support,Industrial Equipment & Manufacturing,30583.019999999997,31965.19340547422,2,1
46,Manitoba,2023,Industrial and Technical Support,Land Systems & Vehicles,3824641.02,3997492.396460853,19,9
46,Manitoba,2023,Industrial and Technical Support,"R&D, Engineering & Scientific Services",2383532.98,2491254.7123870146,14,11
46,Manitoba,2023,Industrial and Technical Support,"Resources, Fuel & Materials",1454849.43,1520600.1044302993,48,15
46,Manitoba,2024,Core Defence Industrial Complex,Land Systems & Vehicles,55805.09,56949.63193287756,4,4
46,Manitoba,2024,Core Defence Industrial Complex,Marine & Shipbuilding,45057.92,45982.041417029206,3,2
46,Manitoba,2024,General Government Support,Administrative,3765162.61,3842384.714493474,74,44
46,Manitoba,2024,General Government Support,Communications & Electronics,85738.26,87496.72027346176,1,1
46,Manitoba,2024,General Government Support,Construction & Infrastructure,5653579.84,5769532.689422001,152,49
46,Manitoba,2024,General Government Support,Industrial Equipment & Manufacturing,1628572.86,1661974.292181479,63,33
46,Manitoba,2024,General Government Support,"Resources, Fuel & Materials",371516,379135.65692977,11,9
46,Manitoba,2024,Industrial and Technical Support,Administrative,3100035.53,3163616.1219763826,25,12
46,Manitoba,2024,Industrial and Technical Support,Aerospace & Space,294570.47,300612.00232442503,5,5
46,Manitoba,2024,Industrial and Technical Support,Communications & Electronics,648872.3,662180.432939714,5,3
46,Manitoba,2024,Industrial and Technical Support,Construction & Infrastructure,1231533.89,1256792.19849596,6,6
46,Manitoba,2024,Industrial and Technical Support,Digital Systems & Software,54783.009999999995,55906.5894468614,4,3
46,Manitoba,2024,Industrial and Technical Support,Industrial Equipment & Manufacturing,53194.990000000005,54285.9997389683,3,1
46,Manitoba,2024,Industrial and Technical Support,Land Systems & Vehicles,9376149.94,9568451.337153511,47,25
46,Manitoba,2024,Industrial and Technical Support,"R&D, Engineering & Scientific Services",254212.47,259426.2745431945,6,5
46,Manitoba,2024,Industrial and Technical Support,"Resources, Fuel & Materials",252297.95,257472.48844002484,7,5
46,Manitoba,2025,Core Defence Industrial Complex,Aerospace & Space,212100.62,212100.62,3,3
46,Manitoba,2025,Core Defence Industrial Complex,Land Systems & Vehicles,93032.2,93032.2,4,3
46,Manitoba,2025,Core Defence Industrial Complex,Marine & Shipbuilding,228572.28,228572.28,9,2
46,Manitoba,2025,Core Defence Industrial Complex,Weapons & Military Equipment,840012.75,840012.75,2,2
46,Manitoba,2025,General Government Support,Administrative,6469793.56,6469793.56,127,65
46,Manitoba,2025,General Government Support,Construction & Infrastructure,22049359.11,22049359.11,202,58
46,Manitoba,2025,General Government Support,Industrial Equipment & Manufacturing,3948039.11,3948039.11,132,55
46,Manitoba,2025,General Government Support,"Resources, Fuel & Materials",454729.61000000004,454729.61000000004,7,4
46,Manitoba,2025,Industrial and Technical Support,Administrative,2917833.92,2917833.92,29,16
46,Manitoba,2025,Industrial and Technical Support,Aerospace & Space,112434.42000000001,112434.42000000001,2,2
46,Manitoba,2025,Industrial and Technical Support,Communications & Electronics,2034497.48,2034497.48,7,5
46,Manitoba,2025,Industrial and Technical Support,Construction & Infrastructure,2978209.61,2978209.61,11,8
46,Manitoba,2025,Industrial and Technical Support,Digital Systems & Software,34244.23,34244.23,2,2
46,Manitoba,2025,Industrial and Technical Support,Industrial Equipment & Manufacturing,678249.41,678249.41,10,6
46,Manitoba,2025,Industrial and Technical Support,Land Systems & Vehicles,849459.5,849459.5,22,11
46,Manitoba,2025,Industrial and Technical Support,"R&D, Engineering & Scientific Services",2949704.0500000003,2949704.0500000003,19,14
46,Manitoba,2025,Industrial and Technical Support,"Resources, Fuel & Materials",525799.9,525799.9,21,8
46,Manitoba,2026,Core Defence Industrial Complex,Aerospace & Space,55299.12,54112.72648390941,2,2
46,Manitoba,2026,Core Defence Industrial Complex,Marine & Shipbuilding,37738.82,36929.167127532775,3,2
46,Manitoba,2026,Core Defence Industrial Complex,Weapons & Military Equipment,25961144.73,25404171.42232419,2,2
46,Manitoba,2026,General Government Support,Administrative,27729441.41,27134530.8672348,41,28
46,Manitoba,2026,General Government Support,Construction & Infrastructure,2229263.52,2181436.65067938,40,17
46,Manitoba,2026,General Government Support,Industrial Equipment & Manufacturing,1563402.09,1529860.6864004766,59,21
46,Manitoba,2026,General Government Support,"R&D, Engineering & Scientific Services",24202.5,23683.2568533969,1,1
46,Manitoba,2026,General Government Support,"Resources, Fuel & Materials",71075.40000000001,69550.54040524433,4,4
46,Manitoba,2026,Industrial and Technical Support,Administrative,1699383.92,1662925.146984505,13,9
46,Manitoba,2026,Industrial and Technical Support,Communications & Electronics,13915.42,13616.877020262216,1,1
46,Manitoba,2026,Industrial and Technical Support,Construction & Infrastructure,2904194.77,2841887.8500238373,4,3
46,Manitoba,2026,Industrial and Technical Support,Digital Systems & Software,34348.32,33611.407294398094,2,2
46,Manitoba,2026,Industrial and Technical Support,Industrial Equipment & Manufacturing,439725.71,430291.78535160905,6,6
46,Manitoba,2026,Industrial and Technical Support,Land Systems & Vehicles,807164.97,789847.9623003575,9,3
46,Manitoba,2026,Industrial and Technical Support,"R&D, Engineering & Scientific Services",405388.7,396691.4454112038,3,2
46,Manitoba,2026,Industrial and Technical Support,"Resources, Fuel & Materials",75429.56,73811.28576877233,3,2
47,Saskatchewan,2016,Core Defence Industrial Complex,Land Systems & Vehicles,13095.15,16746.289953271025,1,1
47,Saskatchewan,2016,General Government Support,Administrative,311655,398549.4626168224,2,2
47,Saskatchewan,2016,General Government Support,"Resources, Fuel & Materials",10617.78,13578.18906542056,1,1
47,Saskatchewan,2016,Industrial and Technical Support,Administrative,47778.68,61100.14996884735,3,1
47,Saskatchewan,2016,Industrial and Technical Support,Construction & Infrastructure,10731.7,13723.871806853582,1,1
47,Saskatchewan,2016,Industrial and Technical Support,Digital Systems & Software,116562.58,149062.1155451713,1,1
47,Saskatchewan,2017,General Government Support,Administrative,841134.16,1059158.198404908,24,14
47,Saskatchewan,2017,General Government Support,Construction & Infrastructure,974935.1,1227640.670398773,13,8
47,Saskatchewan,2017,General Government Support,Digital Systems & Software,10586.26,13330.244570552148,1,1
47,Saskatchewan,2017,General Government Support,Industrial Equipment & Manufacturing,894168.93,1125939.7109355829,11,10
47,Saskatchewan,2017,General Government Support,"Resources, Fuel & Materials",49109.19,61838.41256134969,3,2
47,Saskatchewan,2017,Industrial and Technical Support,Administrative,986610.33,1242342.148665644,24,8
47,Saskatchewan,2017,Industrial and Technical Support,Communications & Electronics,49319.55,62103.298389570555,1,1
47,Saskatchewan,2017,Industrial and Technical Support,Digital Systems & Software,579915.7999999999,730231.3984662576,5,5
47,Saskatchewan,2017,Industrial and Technical Support,Land Systems & Vehicles,10357072.01,13041650.49111963,4,3
47,Saskatchewan,2017,Industrial and Technical Support,Marine & Shipbuilding,28750,36202.07055214724,1,1
47,Saskatchewan,2017,Industrial and Technical Support,"R&D, Engineering & Scientific Services",265514.36,334336.33368098154,3,3
47,Saskatchewan,2017,Industrial and Technical Support,"Resources, Fuel & Materials",66928.52,84276.55662576687,4,4
47,Saskatchewan,2018,Core Defence Industrial Complex,Aerospace & Space,12462.33,15339.689550224886,1,1
47,Saskatchewan,2018,Core Defence Industrial Complex,Land Systems & Vehicles,20368.57,25071.35827586207,1,1
47,Saskatchewan,2018,Core Defence Industrial Complex,Weapons & Military Equipment,163538.55,201297.07578710644,3,2
47,Saskatchewan,2018,General Government Support,Administrative,1012385.12,1246129.2106746626,44,19
47,Saskatchewan,2018,General Government Support,Construction & Infrastructure,818256.1,1007178.7977511244,22,9
47,Saskatchewan,2018,General Government Support,Industrial Equipment & Manufacturing,455775.49,561007.0124287856,14,10
47,Saskatchewan,2018,General Government Support,"Resources, Fuel & Materials",300994.75,370489.78973013494,11,6
47,Saskatchewan,2018,Industrial and Technical Support,Administrative,2215843.7,2727447.792653673,56,10
47,Saskatchewan,2018,Industrial and Technical Support,Aerospace & Space,204887.52,252192.88443778106,2,2
47,Saskatchewan,2018,Industrial and Technical Support,Communications & Electronics,65418,80522.00599700148,2,1
47,Saskatchewan,2018,Industrial and Technical Support,Construction & Infrastructure,84634.14,104174.85598200899,1,1
47,Saskatchewan,2018,Industrial and Technical Support,Digital Systems & Software,52958.13,65185.34442278861,2,2
47,Saskatchewan,2018,Industrial and Technical Support,Land Systems & Vehicles,74099.55,91207.99182908545,3,3
47,Saskatchewan,2018,Industrial and Technical Support,"R&D, Engineering & Scientific Services",358352,441089.9430284857,4,3
47,Saskatchewan,2018,Industrial and Technical Support,"Resources, Fuel & Materials",35708.659999999996,43953.23817091454,2,2
47,Saskatchewan,2019,Core Defence Industrial Complex,Land Systems & Vehicles,300000,362205.88235294115,1,1
47,Saskatchewan,2019,Core Defence Industrial Complex,Marine & Shipbuilding,136096.3,164316.26808823526,1,1
47,Saskatchewan,2019,General Government Support,Administrative,753218.31,909400.3419264706,26,10
47,Saskatchewan,2019,General Government Support,Construction & Infrastructure,2004310.24,2419909.8632941176,45,13
47,Saskatchewan,2019,General Government Support,Industrial Equipment & Manufacturing,601806.18,726592.4614411765,5,3
47,Saskatchewan,2019,General Government Support,"R&D, Engineering & Scientific Services",48372.15,58402.25757352941,1,1
47,Saskatchewan,2019,General Government Support,"Resources, Fuel & Materials",348761.77999999997,421078.5608529412,11,3
47,Saskatchewan,2019,Industrial and Technical Support,Administrative,1987838.22,2400022.3215,30,10
47,Saskatchewan,2019,Industrial and Technical Support,Construction & Infrastructure,272706.61,329253.1276617647,6,4
47,Saskatchewan,2019,Industrial and Technical Support,Digital Systems & Software,71071.16,85807.97405882351,2,2
47,Saskatchewan,2019,Industrial and Technical Support,Industrial Equipment & Manufacturing,77103.55,93091.19786764705,4,2
47,Saskatchewan,2019,Industrial and Technical Support,"R&D, Engineering & Scientific Services",248961.93,300584.9184264706,2,2
47,Saskatchewan,2019,Industrial and Technical Support,"Resources, Fuel & Materials",13598.42,16418.09238235294,1,1
47,Saskatchewan,2019,Industrial and Technical Support,Weapons & Military Equipment,267175.05,322574.5824264706,6,1
47,Saskatchewan,2020,Core Defence Industrial Complex,Land Systems & Vehicles,114743.39,137524.55940145985,3,3
47,Saskatchewan,2020,General Government Support,Administrative,3732074.36,4473040.948262774,15,14
47,Saskatchewan,2020,General Government Support,Construction & Infrastructure,6628313.04,7944299.27859854,44,18
47,Saskatchewan,2020,General Government Support,Industrial Equipment & Manufacturing,410656.82,492188.68499270076,13,10
47,Saskatchewan,2020,General Government Support,"Resources, Fuel & Materials",26646.5,31936.9,2,1
47,Saskatchewan,2020,Industrial and Technical Support,Administrative,4218560.91,5056114.608919708,78,13
47,Saskatchewan,2020,Industrial and Technical Support,Construction & Infrastructure,1944862,2330995.1854014597,2,2
47,Saskatchewan,2020,Industrial and Technical Support,Digital Systems & Software,15155.01,18163.88789781022,1,1
47,Saskatchewan,2020,Industrial and Technical Support,Land Systems & Vehicles,70638.53,84663.11405839416,3,3
47,Saskatchewan,2020,Industrial and Technical Support,"R&D, Engineering & Scientific Services",433054.37,519033.047839416,4,3
47,Saskatchewan,2020,Industrial and Technical Support,"Resources, Fuel & Materials",60890.29,72979.45706569342,3,2
47,Saskatchewan,2021,Core Defence Industrial Complex,Land Systems & Vehicles,12692.21,14717.944081920903,1,1
47,Saskatchewan,2021,General Government Support,Administrative,516805.95,599290.5154661017,17,14
47,Saskatchewan,2021,General Government Support,Construction & Infrastructure,3562098.9899999998,4130626.0886864406,34,18
47,Saskatchewan,2021,General Government Support,Industrial Equipment & Manufacturing,97525.06,113090.50036723164,5,5
47,Saskatchewan,2021,General Government Support,"Resources, Fuel & Materials",69851.4,80999.99915254235,3,3
47,Saskatchewan,2021,Industrial and Technical Support,Administrative,3581636.13,4153281.444533898,66,18
47,Saskatchewan,2021,Industrial and Technical Support,Aerospace & Space,15940.14,18484.258389830506,1,1
47,Saskatchewan,2021,Industrial and Technical Support,Construction & Infrastructure,765285.9299999999,887429.0233474575,11,4
47,Saskatchewan,2021,Industrial and Technical Support,Digital Systems & Software,80805.29000000001,93702.17950564972,4,3
47,Saskatchewan,2021,Industrial and Technical Support,Industrial Equipment & Manufacturing,46515,53939.00423728813,2,1
47,Saskatchewan,2021,Industrial and Technical Support,Land Systems & Vehicles,75969.1,88094.11172316383,3,3
47,Saskatchewan,2021,Industrial and Technical Support,"R&D, Engineering & Scientific Services",436885.43000000005,506614.3192514124,4,4
47,Saskatchewan,2021,Industrial and Technical Support,"Resources, Fuel & Materials",1196801.57,1387816.5098446326,23,4
47,Saskatchewan,2022,Core Defence Industrial Complex,Marine & Shipbuilding,17787,19316.30555555556,1,1
47,Saskatchewan,2022,General Government Support,Administrative,4139559.8800000004,4495474.419947091,25,17
47,Saskatchewan,2022,General Government Support,Construction & Infrastructure,5154072.65,5597213.816997355,86,31
47,Saskatchewan,2022,General Government Support,Industrial Equipment & Manufacturing,91596.26,99471.59981481482,6,6
47,Saskatchewan,2022,General Government Support,"Resources, Fuel & Materials",1687370.84,1832449.0206878309,24,5
47,Saskatchewan,2022,Industrial and Technical Support,Administrative,7038532.13,7643696.929537037,60,16
47,Saskatchewan,2022,Industrial and Technical Support,Communications & Electronics,69318.48,75278.40222222223,3,3
47,Saskatchewan,2022,Industrial and Technical Support,Construction & Infrastructure,1961804.35,2130478.004431217,24,11
47,Saskatchewan,2022,Industrial and Technical Support,Digital Systems & Software,386159.47,419361.01173280424,6,5
47,Saskatchewan,2022,Industrial and Technical Support,Land Systems & Vehicles,207900,225775,1,1
47,Saskatchewan,2022,Industrial and Technical Support,"R&D, Engineering & Scientific Services",4483144239.26,4868599762.4768,4,4
47,Saskatchewan,2022,Industrial and Technical Support,"Resources, Fuel & Materials",1774744.21,1927334.6513359789,22,3
47,Saskatchewan,2023,Core Defence Industrial Complex,Land Systems & Vehicles,15865.5,16582.52768936983,1,1
47,Saskatchewan,2023,Core Defence Industrial Complex,Weapons & Military Equipment,195426.72,204258.8632972629,1,1
47,Saskatchewan,2023,General Government Support,Administrative,2171297.67,2269427.6092552515,25,15
47,Saskatchewan,2023,General Government Support,Construction & Infrastructure,27440268.23,28680407.659872696,58,26
47,Saskatchewan,2023,General Government Support,Industrial Equipment & Manufacturing,494192.43,516527.03377466585,9,9
47,Saskatchewan,2023,General Government Support,"Resources, Fuel & Materials",1226386.4,1281811.8833863782,19,4
47,Saskatchewan,2023,Industrial and Technical Support,Administrative,19148335.78,20013728.42187142,50,29
47,Saskatchewan,2023,Industrial and Technical Support,Communications & Electronics,423138.94,442262.3421260344,2,2
47,Saskatchewan,2023,Industrial and Technical Support,Construction & Infrastructure,414954.81,433708.3373774666,9,4
47,Saskatchewan,2023,Industrial and Technical Support,Digital Systems & Software,53261.38,55668.48246976448,3,1
47,Saskatchewan,2023,Industrial and Technical Support,Industrial Equipment & Manufacturing,0,0,1,1
47,Saskatchewan,2023,Industrial and Technical Support,Land Systems & Vehicles,79181.55,82760.09236155316,1,1
47,Saskatchewan,2023,Industrial and Technical Support,"R&D, Engineering & Scientific Services",16521382.38,17268052.112005092,12,12
47,Saskatchewan,2023,Industrial and Technical Support,"Resources, Fuel & Materials",1999310.19,2089667.3023424572,32,3
47,Saskatchewan,2024,Core Defence Industrial Complex,Construction & Infrastructure,62518.95,63801.1907395898,1,1
47,Saskatchewan,2024,Core Defence Industrial Complex,Land Systems & Vehicles,21568.54,22010.9028464885,1,1
47,Saskatchewan,2024,General Government Support,Administrative,1493939.11,1524579.2533374766,26,19
47,Saskatchewan,2024,General Government Support,Construction & Infrastructure,1990368.83,2031190.5648601614,41,20
47,Saskatchewan,2024,General Government Support,Industrial Equipment & Manufacturing,130519.41,133196.31523927904,5,5
47,Saskatchewan,2024,General Government Support,"Resources, Fuel & Materials",791461.66,807694.2484275947,9,2
47,Saskatchewan,2024,Industrial and Technical Support,Administrative,11689830.83,11929584.97380982,26,17
47,Saskatchewan,2024,Industrial and Technical Support,Construction & Infrastructure,169173.53,172643.21706650092,4,3
47,Saskatchewan,2024,Industrial and Technical Support,Digital Systems & Software,70861.82,72315.16994406463,3,2
47,Saskatchewan,2024,Industrial and Technical Support,Land Systems & Vehicles,625479.7,638308.0592914853,5,4
47,Saskatchewan,2024,Industrial and Technical Support,"R&D, Engineering & Scientific Services",191583.73,195513.04205096333,3,3
47,Saskatchewan,2024,Industrial and Technical Support,"Resources, Fuel & Materials",495182.77999999997,505338.797240522,11,2
47,Saskatchewan,2025,Core Defence Industrial Complex,Construction & Infrastructure,399630,399630,1,1
47,Saskatchewan,2025,Core Defence Industrial Complex,Land Systems & Vehicles,84657.84,84657.84,4,3
47,Saskatchewan,2025,General Government Support,Administrative,1436730.89,1436730.89,29,23
47,Saskatchewan,2025,General Government Support,Construction & Infrastructure,4051584.71,4051584.71,102,21
47,Saskatchewan,2025,General Government Support,Industrial Equipment & Manufacturing,61262.53,61262.53,4,4
47,Saskatchewan,2025,General Government Support,"Resources, Fuel & Materials",885281.26,885281.26,7,3
47,Saskatchewan,2025,Industrial and Technical Support,Administrative,2178166.5500000003,2178166.5500000003,10,9
47,Saskatchewan,2025,Industrial and Technical Support,Communications & Electronics,3421783.45,3421783.45,3,3
47,Saskatchewan,2025,Industrial and Technical Support,Construction & Infrastructure,1384002.83,1384002.83,26,8
47,Saskatchewan,2025,Industrial and Technical Support,Digital Systems & Software,220411.94,220411.94,3,2
47,Saskatchewan,2025,Industrial and Technical Support,Land Systems & Vehicles,23458.05,23458.05,1,1
47,Saskatchewan,2025,Industrial and Technical Support,"R&D, Engineering & Scientific Services",11736249.39,11736249.39,16,9
47,Saskatchewan,2025,Industrial and Technical Support,"Resources, Fuel & Materials",306508.27999999997,306508.27999999997,6,1
47,Saskatchewan,2026,Core Defence Industrial Complex,Land Systems & Vehicles,11967.18,11710.434779499403,1,1
47,Saskatchewan,2026,General Government Support,Administrative,442196.6,432709.6646007151,14,13
47,Saskatchewan,2026,General Government Support,Construction & Infrastructure,396485.67,387979.4220143027,13,7
47,Saskatchewan,2026,General Government Support,Industrial Equipment & Manufacturing,70238.95,68732.03569725863,5,5
47,Saskatchewan,2026,Industrial and Technical Support,Administrative,138600,135626.4600715137,1,1
47,Saskatchewan,2026,Industrial and Technical Support,Communications & Electronics,1921499,1880274.9451728247,1,1
47,Saskatchewan,2026,Industrial and Technical Support,Construction & Infrastructure,99723.15,97583.67836710368,1,1
47,Saskatchewan,2026,Industrial and Technical Support,Digital Systems & Software,31611.97,30933.763253873654,2,2
47,Saskatchewan,2026,Industrial and Technical Support,Land Systems & Vehicles,35027.3,34275.82038140643,2,2
47,Saskatchewan,2026,Industrial and Technical Support,"R&D, Engineering & Scientific Services",837658.5,819687.2806912991,1,1
47,Saskatchewan,2026,Industrial and Technical Support,"Resources, Fuel & Materials",71888.61,70346.3037067938,2,2
48,Alberta,2016,Core Defence Industrial Complex,Land Systems & Vehicles,11698.1,14959.719781931462,1,1
48,Alberta,2016,General Government Support,Administrative,1389527.48,1776950.2509034267,41,26
48,Alberta,2016,General Government Support,Communications & Electronics,276933.34,354146.84133956383,1,1
48,Alberta,2016,General Government Support,Construction & Infrastructure,447257.75,571960.4559968847,12,6
48,Alberta,2016,General Government Support,Digital Systems & Software,502751.53,642926.8008255451,2,1
48,Alberta,2016,General Government Support,Industrial Equipment & Manufacturing,382598.05,489272.5841900311,9,9
48,Alberta,2016,General Government Support,"Resources, Fuel & Materials",385225.06,492632.04713395634,6,3
48,Alberta,2016,Industrial and Technical Support,Administrative,101129.94,129326.60551401868,2,2
48,Alberta,2016,Industrial and Technical Support,Aerospace & Space,22601.25,28902.844626168222,1,1
48,Alberta,2016,Industrial and Technical Support,Communications & Electronics,48572.22,62114.94177570092,2,2
48,Alberta,2016,Industrial and Technical Support,Construction & Infrastructure,31242.51,39953.427897196256,1,1
48,Alberta,2016,Industrial and Technical Support,Industrial Equipment & Manufacturing,17851.75,22829.10708722741,1,1
48,Alberta,2016,Industrial and Technical Support,Land Systems & Vehicles,38693.96,49482.46286604361,2,2
48,Alberta,2016,Industrial and Technical Support,"R&D, Engineering & Scientific Services",1327071.73,1697080.82605919,7,3
48,Alberta,2016,Industrial and Technical Support,"Resources, Fuel & Materials",2213612.03,2830802.9230996883,79,13
48,Alberta,2017,Core Defence Industrial Complex,Aerospace & Space,613037.54,771938.3747546012,19,4
48,Alberta,2017,Core Defence Industrial Complex,Communications & Electronics,1637161,2061517.1487730062,1,1
48,Alberta,2017,Core Defence Industrial Complex,Digital Systems & Software,494273.88,622390.8826380367,1,1
48,Alberta,2017,Core Defence Industrial Complex,Land Systems & Vehicles,155128.13,195337.7219785276,8,6
48,Alberta,2017,Core Defence Industrial Complex,Marine & Shipbuilding,131257.41,165279.6527760736,7,4
48,Alberta,2017,Core Defence Industrial Complex,Weapons & Military Equipment,57534.89,72448.0746779141,3,2
48,Alberta,2017,General Government Support,Administrative,25434583.66,32027290.160828218,348,133
48,Alberta,2017,General Government Support,Communications & Electronics,443311.66,558219.1301533742,2,2
48,Alberta,2017,General Government Support,Construction & Infrastructure,17213729.23,21675570.08869632,328,86
48,Alberta,2017,General Government Support,Industrial Equipment & Manufacturing,573956297.88,722727178.7722086,141,76
48,Alberta,2017,General Government Support,"Resources, Fuel & Materials",3769857.0500000003,4747013.248542945,61,19
48,Alberta,2017,Industrial and Technical Support,Administrative,83466313.06,105100986.2304601,89,36
48,Alberta,2017,Industrial and Technical Support,Aerospace & Space,117815.1,148353.06303680982,2,2
48,Alberta,2017,Industrial and Technical Support,Communications & Electronics,7946668.35,10006464.287346626,17,14
48,Alberta,2017,Industrial and Technical Support,Construction & Infrastructure,2716229.14,3420282.3986809812,29,20
48,Alberta,2017,Industrial and Technical Support,Digital Systems & Software,5683607.25,7156812.196702454,22,15
48,Alberta,2017,Industrial and Technical Support,Industrial Equipment & Manufacturing,281998.72,355093.48024539876,4,4
48,Alberta,2017,Industrial and Technical Support,Land Systems & Vehicles,1125666.85,1417442.459892638,16,13
48,Alberta,2017,Industrial and Technical Support,"R&D, Engineering & Scientific Services",8084329.55,10179807.608205521,62,36
48,Alberta,2017,Industrial and Technical Support,"Resources, Fuel & Materials",28411141.14,35775378.64407975,467,42
48,Alberta,2018,Core Defence Industrial Complex,Aerospace & Space,205142.58,252506.83385307345,8,4
48,Alberta,2018,Core Defence Industrial Complex,Digital Systems & Software,55958.22,68878.1088755622,2,1
48,Alberta,2018,Core Defence Industrial Complex,Land Systems & Vehicles,301902.48,371607.10056971514,14,12
48,Alberta,2018,Core Defence Industrial Complex,Marine & Shipbuilding,453345.16,558015.5567616192,12,8
48,Alberta,2018,Core Defence Industrial Complex,Weapons & Military Equipment,580576.5,714622.6484257871,1,1
48,Alberta,2018,General Government Support,Administrative,30800587.9,37911968.01484258,315,141
48,Alberta,2018,General Government Support,Communications & Electronics,140971.57,173519.72859070462,4,3
48,Alberta,2018,General Government Support,Construction & Infrastructure,77570055.79,95479783.81347826,518,111
48,Alberta,2018,General Government Support,Industrial Equipment & Manufacturing,44890825.32,55255423.669745125,229,112
48,Alberta,2018,General Government Support,Marine & Shipbuilding,109694.23999999999,135020.9460869565,2,2
48,Alberta,2018,General Government Support,"R&D, Engineering & Scientific Services",12862.5,15832.252623688155,1,1
48,Alberta,2018,General Government Support,"Resources, Fuel & Materials",12169459.209999999,14979199.417406296,72,23
48,Alberta,2018,Industrial and Technical Support,Administrative,11650098.99,14339926.942713642,128,49
48,Alberta,2018,Industrial and Technical Support,Communications & Electronics,2157172.29,2655230.0601049475,22,21
48,Alberta,2018,Industrial and Technical Support,Construction & Infrastructure,2746625.42,3380778.8153223386,55,33
48,Alberta,2018,Industrial and Technical Support,Digital Systems & Software,1293338.44,1591950.3137031484,39,17
48,Alberta,2018,Industrial and Technical Support,Industrial Equipment & Manufacturing,543856.68,669424.7890254871,7,6
48,Alberta,2018,Industrial and Technical Support,Land Systems & Vehicles,699542.84,861056.4792203897,30,20
48,Alberta,2018,Industrial and Technical Support,Marine & Shipbuilding,26393.07,32486.82229385307,2,1
48,Alberta,2018,Industrial and Technical Support,"R&D, Engineering & Scientific Services",63803824.86,78535142.74371813,131,49
48,Alberta,2018,Industrial and Technical Support,"Resources, Fuel & Materials",26100989.95,32127305.470689654,505,36
48,Alberta,2019,Core Defence Industrial Complex,Aerospace & Space,59434.14,71757.98373529411,3,3
48,Alberta,2019,Core Defence Industrial Complex,Land Systems & Vehicles,105761.4,127691.33735294116,7,6
48,Alberta,2019,Core Defence Industrial Complex,Marine & Shipbuilding,113135.07,136593.95951470587,6,6
48,Alberta,2019,Core Defence Industrial Complex,Weapons & Military Equipment,353258.81000000006,426508.06325,4,4
48,Alberta,2019,General Government Support,Administrative,64999480.24,78477313.64270587,364,137
48,Alberta,2019,General Government Support,Aerospace & Space,2430255.04,2934175.570352941,8,5
48,Alberta,2019,General Government Support,Communications & Electronics,2189723.79,2643769.458220588,6,5
48,Alberta,2019,General Government Support,Construction & Infrastructure,28391126.54,34278110.13138235,277,86
48,Alberta,2019,General Government Support,Digital Systems & Software,19740,23833.147058823528,1,1
48,Alberta,2019,General Government Support,Industrial Equipment & Manufacturing,5333434.01,6439337.238544117,133,79
48,Alberta,2019,General Government Support,Land Systems & Vehicles,433743.71,523681.7439852941,27,4
48,Alberta,2019,General Government Support,Marine & Shipbuilding,920944.79,1111905.400867647,38,17
48,Alberta,2019,General Government Support,"R&D, Engineering & Scientific Services",140669.75,169838.0363970588,5,5
48,Alberta,2019,General Government Support,"Resources, Fuel & Materials",5915527.37,7142129.368779412,54,27
48,Alberta,2019,Industrial and Technical Support,Administrative,14287920.86,17250563.273617648,100,48
48,Alberta,2019,Industrial and Technical Support,Aerospace & Space,262879.2,317387.9752941176,5,5
48,Alberta,2019,Industrial and Technical Support,Communications & Electronics,1411686.92,1704404.3548823528,13,11
48,Alberta,2019,Industrial and Technical Support,Construction & Infrastructure,2749338.76,3319422.23817647,29,17
48,Alberta,2019,Industrial and Technical Support,Digital Systems & Software,8366531.13,10101355.967249999,21,15
48,Alberta,2019,Industrial and Technical Support,Industrial Equipment & Manufacturing,342954.62,414067.2691470588,6,6
48,Alberta,2019,Industrial and Technical Support,Land Systems & Vehicles,953653.75,1151396.6599264706,20,13
48,Alberta,2019,Industrial and Technical Support,Marine & Shipbuilding,88489.61,106838.19089705881,3,3
48,Alberta,2019,Industrial and Technical Support,"R&D, Engineering & Scientific Services",11855191.33,14313400.120485293,78,32
48,Alberta,2019,Industrial and Technical Support,"Resources, Fuel & Materials",58320247.64,70413122.51829411,840,41
48,Alberta,2019,Industrial and Technical Support,Weapons & Military Equipment,13230,15973.279411764704,1,1
48,Alberta,2020,Core Defence Industrial Complex,Land Systems & Vehicles,1253737.28,1502654.4625985401,23,19
48,Alberta,2020,Core Defence Industrial Complex,Marine & Shipbuilding,133441.13,159934.55143065692,7,6
48,Alberta,2020,General Government Support,Administrative,29604711.38,35482435.09924088,321,128
48,Alberta,2020,General Government Support,Communications & Electronics,113188.71,135661.2130072993,1,1
48,Alberta,2020,General Government Support,Construction & Infrastructure,27557065.91,33028249.79870073,282,77
48,Alberta,2020,General Government Support,Industrial Equipment & Manufacturing,14308802.61,17149674.369065695,151,77
48,Alberta,2020,General Government Support,"Resources, Fuel & Materials",5746303.5600000005,6887175.507678833,30,18
48,Alberta,2020,Industrial and Technical Support,Administrative,179304429.75,214903557.40839416,156,61
48,Alberta,2020,Industrial and Technical Support,Aerospace & Space,47861.630000000005,57364.085007299276,2,1
48,Alberta,2020,Industrial and Technical Support,Communications & Electronics,870147.23,1042906.3880729928,12,10
48,Alberta,2020,Industrial and Technical Support,Construction & Infrastructure,7770926.0600000005,9313766.854394162,37,22
48,Alberta,2020,Industrial and Technical Support,Digital Systems & Software,865207.01,1036985.3360729928,9,6
48,Alberta,2020,Industrial and Technical Support,Industrial Equipment & Manufacturing,129362.5,155046.1496350365,7,7
48,Alberta,2020,Industrial and Technical Support,Land Systems & Vehicles,4029695.33,4829751.62909489,20,12
48,Alberta,2020,Industrial and Technical Support,"R&D, Engineering & Scientific Services",11374660.47,13632987.220248176,96,31
48,Alberta,2020,Industrial and Technical Support,"Resources, Fuel & Materials",36392577.76,43617965.461255476,413,43
48,Alberta,2021,Core Defence Industrial Complex,Aerospace & Space,81728380.79,94772599.75789547,4,4
48,Alberta,2021,Core Defence Industrial Complex,Land Systems & Vehicles,381856.52,442802.5464971751,16,11
48,Alberta,2021,Core Defence Industrial Complex,Marine & Shipbuilding,24303.59,28182.55281073446,1,1
48,Alberta,2021,Core Defence Industrial Complex,Weapons & Military Equipment,1314654.1,1524478.836299435,1,1
48,Alberta,2021,General Government Support,Administrative,33000466.02,38267489.55144068,319,140
48,Alberta,2021,General Government Support,Communications & Electronics,477854.43999999994,554122.168418079,2,2
48,Alberta,2021,General Government Support,Construction & Infrastructure,30909495.12,35842790.24508474,542,101
48,Alberta,2021,General Government Support,Industrial Equipment & Manufacturing,10807399.36,12532309.144858757,169,80
48,Alberta,2021,General Government Support,"Resources, Fuel & Materials",9144299.290000001,10603770.786850283,44,17
48,Alberta,2021,Industrial and Technical Support,Administrative,54988994.55,63765486.61800847,168,64
48,Alberta,2021,Industrial and Technical Support,Aerospace & Space,748037.29,867427.4224435029,2,2
48,Alberta,2021,Industrial and Technical Support,Communications & Electronics,5231704.31,6066707.963997175,19,12
48,Alberta,2021,Industrial and Technical Support,Construction & Infrastructure,5798356.86,6723800.822118644,63,29
48,Alberta,2021,Industrial and Technical Support,Digital Systems & Software,710677.94,824105.3513276835,13,10
48,Alberta,2021,Industrial and Technical Support,Industrial Equipment & Manufacturing,181157.46,210071.00940677966,7,7
48,Alberta,2021,Industrial and Technical Support,Land Systems & Vehicles,1078129.73,1250204.1078107343,14,12
48,Alberta,2021,Industrial and Technical Support,"R&D, Engineering & Scientific Services",16437375.93,19060855.42165254,136,34
48,Alberta,2021,Industrial and Technical Support,"Resources, Fuel & Materials",46104581.23,53463080.77659604,510,37
48,Alberta,2022,Core Defence Industrial Complex,Aerospace & Space,2332387.81,2532923.7989550265,7,4
48,Alberta,2022,Core Defence Industrial Complex,Land Systems & Vehicles,92863.37,100847.65445767196,6,6
48,Alberta,2022,Core Defence Industrial Complex,Marine & Shipbuilding,444787.51,483029.8223677249,5,4
48,Alberta,2022,Core Defence Industrial Complex,Weapons & Military Equipment,4709619.11,5114546.678981482,3,2
48,Alberta,2022,General Government Support,Administrative,43785671.23,47550312.27490741,290,159
48,Alberta,2022,General Government Support,Communications & Electronics,175935.03999999998,191061.72994708995,2,2
48,Alberta,2022,General Government Support,Construction & Infrastructure,46495052.42,50492642.905846566,499,108
48,Alberta,2022,General Government Support,Industrial Equipment & Manufacturing,39574551.31,42977125.16601852,160,100
48,Alberta,2022,General Government Support,"R&D, Engineering & Scientific Services",24999.96,27149.42746031746,1,1
48,Alberta,2022,General Government Support,"Resources, Fuel & Materials",9692812.02,10526188.71484127,36,20
48,Alberta,2022,Industrial and Technical Support,Administrative,16314934.1,17717673.14298942,200,65
48,Alberta,2022,Industrial and Technical Support,Aerospace & Space,230746.43000000002,250585.739457672,3,2
48,Alberta,2022,Industrial and Technical Support,Communications & Electronics,10302584.56,11188388.78804233,13,12
48,Alberta,2022,Industrial and Technical Support,Construction & Infrastructure,8120026.89,8818177.350119049,73,33
48,Alberta,2022,Industrial and Technical Support,Digital Systems & Software,337284.77,366284.12191798945,11,10
48,Alberta,2022,Industrial and Technical Support,Industrial Equipment & Manufacturing,43591.880000000005,47339.85910052911,3,3
48,Alberta,2022,Industrial and Technical Support,Land Systems & Vehicles,5012677.33,5443661.4919708995,28,19
48,Alberta,2022,Industrial and Technical Support,"R&D, Engineering & Scientific Services",7526556.73,8173681.316574074,89,34
48,Alberta,2022,Industrial and Technical Support,"Resources, Fuel & Materials",112639822.1,122324462.88902117,603,48
48,Alberta,2023,Core Defence Industrial Complex,Aerospace & Space,261714.9,273542.88084022916,3,3
48,Alberta,2023,Core Defence Industrial Complex,Land Systems & Vehicles,278384.12,290965.4519669001,14,12
48,Alberta,2023,Core Defence Industrial Complex,Marine & Shipbuilding,2030324.96,2122083.758319542,7,6
48,Alberta,2023,Core Defence Industrial Complex,Weapons & Military Equipment,4562861.140000001,4769075.742762572,13,7
48,Alberta,2023,General Government Support,Administrative,119024897.4,124404125.73570974,306,164
48,Alberta,2023,General Government Support,Communications & Electronics,544882.37,569507.8622151496,7,5
48,Alberta,2023,General Government Support,Construction & Infrastructure,56557275.88,59113333.54230427,506,129
48,Alberta,2023,General Government Support,Industrial Equipment & Manufacturing,13963716.04,14594794.231495863,181,111
48,Alberta,2023,General Government Support,"R&D, Engineering & Scientific Services",61730.020000000004,64519.85540420115,3,3
48,Alberta,2023,General Government Support,"Resources, Fuel & Materials",11684649.17,12212726.885512413,33,24
48,Alberta,2023,Industrial and Technical Support,Administrative,19494581.58,20375622.504366647,244,80
48,Alberta,2023,Industrial and Technical Support,Aerospace & Space,297014.13,310437.42931890517,7,4
48,Alberta,2023,Industrial and Technical Support,Communications & Electronics,844256.21,882411.6466072565,6,6
48,Alberta,2023,Industrial and Technical Support,Construction & Infrastructure,3365117.27,3517200.863997454,35,25
48,Alberta,2023,Industrial and Technical Support,Digital Systems & Software,1348321.75,1409257.9971355826,12,10
48,Alberta,2023,Industrial and Technical Support,Industrial Equipment & Manufacturing,169468.24,177127.21201782307,4,4
48,Alberta,2023,Industrial and Technical Support,Land Systems & Vehicles,3027269.7800000003,3164084.6459325273,40,25
48,Alberta,2023,Industrial and Technical Support,"R&D, Engineering & Scientific Services",19895203.99,20794350.701196693,109,58
48,Alberta,2023,Industrial and Technical Support,"Resources, Fuel & Materials",64694069.75,67617862.84500319,585,50
48,Alberta,2024,Core Defence Industrial Complex,Aerospace & Space,798911.26,815296.6369919204,8,5
48,Alberta,2024,Core Defence Industrial Complex,Communications & Electronics,18883.1,19270.385456805467,1,1
48,Alberta,2024,Core Defence Industrial Complex,Land Systems & Vehicles,2442235.19,2492324.5382100684,17,15
48,Alberta,2024,Core Defence Industrial Complex,Marine & Shipbuilding,48394.53,49387.08406463642,3,3
48,Alberta,2024,Core Defence Industrial Complex,Weapons & Military Equipment,658073.66,671570.5094592914,6,5
48,Alberta,2024,General Government Support,Administrative,23361440.67,23840575.251796145,308,145
48,Alberta,2024,General Government Support,Communications & Electronics,407673.05,416034.27476693597,5,5
48,Alberta,2024,General Government Support,Construction & Infrastructure,36316973.1,37061820.901305154,412,107
48,Alberta,2024,General Government Support,Industrial Equipment & Manufacturing,153970387.77,157128263.96416408,136,103
48,Alberta,2024,General Government Support,"Resources, Fuel & Materials",688598.6,702721.504785581,13,12
48,Alberta,2024,Industrial and Technical Support,Administrative,35368777.81,36094178.47359851,133,66
48,Alberta,2024,Industrial and Technical Support,Aerospace & Space,106673.98,108861.82421379737,1,1
48,Alberta,2024,Industrial and Technical Support,Communications & Electronics,10464446.66,10679068.623816034,13,9
48,Alberta,2024,Industrial and Technical Support,Construction & Infrastructure,2390177.28,2439198.939564947,23,12
48,Alberta,2024,Industrial and Technical Support,Digital Systems & Software,1371475.55,1399604.010627719,22,14
48,Alberta,2024,Industrial and Technical Support,Industrial Equipment & Manufacturing,138165.31,140999.029844624,4,4
48,Alberta,2024,Industrial and Technical Support,Land Systems & Vehicles,8546453.92,8721738.556022374,45,32
48,Alberta,2024,Industrial and Technical Support,"R&D, Engineering & Scientific Services",16112020.22,16442471.846637663,99,37
48,Alberta,2024,Industrial and Technical Support,"Resources, Fuel & Materials",40347995.44,41175518.03137352,469,43
48,Alberta,2025,Core Defence Industrial Complex,Aerospace & Space,2199683.85,2199683.85,14,7
48,Alberta,2025,Core Defence Industrial Complex,Land Systems & Vehicles,362366.29,362366.29,22,13
48,Alberta,2025,Core Defence Industrial Complex,Marine & Shipbuilding,6686374.31,6686374.31,44,15
48,Alberta,2025,Core Defence Industrial Complex,Weapons & Military Equipment,637547.38,637547.38,3,2
48,Alberta,2025,General Government Support,Administrative,28511831.99,28511831.99,461,202
48,Alberta,2025,General Government Support,Communications & Electronics,63756.4,63756.4,4,4
48,Alberta,2025,General Government Support,Construction & Infrastructure,39275994.79,39275994.79,534,116
48,Alberta,2025,General Government Support,Industrial Equipment & Manufacturing,14856455.709999999,14856455.709999999,250,132
48,Alberta,2025,General Government Support,"Resources, Fuel & Materials",6603772.25,6603772.25,15,11
48,Alberta,2025,Industrial and Technical Support,Administrative,16524813.02,16524813.02,132,45
48,Alberta,2025,Industrial and Technical Support,Aerospace & Space,340768.97,340768.97,5,3
48,Alberta,2025,Industrial and Technical Support,Communications & Electronics,3906324.1,3906324.1,20,18
48,Alberta,2025,Industrial and Technical Support,Construction & Infrastructure,4807456.7,4807456.7,53,19
48,Alberta,2025,Industrial and Technical Support,Digital Systems & Software,842870.8200000001,842870.8200000001,19,14
48,Alberta,2025,Industrial and Technical Support,Industrial Equipment & Manufacturing,169439.01,169439.01,8,6
48,Alberta,2025,Industrial and Technical Support,Land Systems & Vehicles,9772476.85,9772476.85,27,21
48,Alberta,2025,Industrial and Technical Support,Marine & Shipbuilding,20418.38,20418.38,1,1
48,Alberta,2025,Industrial and Technical Support,"R&D, Engineering & Scientific Services",70321826.37,70321826.37,159,56
48,Alberta,2025,Industrial and Technical Support,"Resources, Fuel & Materials",23658011.76,23658011.76,299,53
48,Alberta,2026,Core Defence Industrial Complex,Aerospace & Space,113160,110732.25268176399,1,1
48,Alberta,2026,Core Defence Industrial Complex,Marine & Shipbuilding,1871869.76,1831710.4564481524,23,5
48,Alberta,2026,Core Defence Industrial Complex,Weapons & Military Equipment,15802.45,15463.422467222883,1,1
48,Alberta,2026,General Government Support,Administrative,7250796.48,7095237.079952323,89,67
48,Alberta,2026,General Government Support,Construction & Infrastructure,8490881.219999999,8308716.903003574,97,40
48,Alberta,2026,General Government Support,Industrial Equipment & Manufacturing,2177824.92,2131101.620166865,58,39
48,Alberta,2026,General Government Support,"Resources, Fuel & Materials",74158.35,72567.34845053634,4,4
48,Alberta,2026,Industrial and Technical Support,Administrative,7800026.35,7632683.71078665,59,24
48,Alberta,2026,Industrial and Technical Support,Communications & Electronics,111690.06,109293.84893921333,4,4
48,Alberta,2026,Industrial and Technical Support,Construction & Infrastructure,85488.63,83654.54735399285,2,2
48,Alberta,2026,Industrial and Technical Support,Digital Systems & Software,212053.19,207503.77710369485,3,3
48,Alberta,2026,Industrial and Technical Support,Industrial Equipment & Manufacturing,77562.13,75898.10337306316,4,4
48,Alberta,2026,Industrial and Technical Support,Land Systems & Vehicles,69035.11,67554.02301549463,4,4
48,Alberta,2026,Industrial and Technical Support,"R&D, Engineering & Scientific Services",8118587.78,7944410.6881764,37,19
48,Alberta,2026,Industrial and Technical Support,"Resources, Fuel & Materials",2655396.46,2598427.2868414777,48,13
59,British Columbia,2016,Core Defence Industrial Complex,Aerospace & Space,49544.369999999995,63358.142943925224,3,1
59,British Columbia,2016,Core Defence Industrial Complex,Land Systems & Vehicles,89340.36,114249.8996261682,3,3
59,British Columbia,2016,Core Defence Industrial Complex,Marine & Shipbuilding,17274.4,22090.782554517133,1,1
59,British Columbia,2016,General Government Support,Administrative,5924291.7299999995,7576080.234158877,19,17
59,British Columbia,2016,General Government Support,Construction & Infrastructure,2391054.79,3057719.599049844,11,10
59,British Columbia,2016,General Government Support,Digital Systems & Software,382685.8,489384.8003115264,1,1
59,British Columbia,2016,General Government Support,Industrial Equipment & Manufacturing,430536.77999999997,550577.4086915887,18,12
59,British Columbia,2016,General Government Support,"Resources, Fuel & Materials",75748.78,96868.7669470405,4,3
59,British Columbia,2016,Industrial and Technical Support,Administrative,1429962.8,1828659.5931464173,15,7
59,British Columbia,2016,Industrial and Technical Support,Communications & Electronics,46706.57,59729.118333333325,1,1
59,British Columbia,2016,Industrial and Technical Support,Digital Systems & Software,59691.81,76334.85359813084,3,2
59,British Columbia,2016,Industrial and Technical Support,Industrial Equipment & Manufacturing,35882.7,45887.37803738317,2,2
59,British Columbia,2016,Industrial and Technical Support,Land Systems & Vehicles,89664.75,114664.7348130841,5,2
59,British Columbia,2016,Industrial and Technical Support,"R&D, Engineering & Scientific Services",146352.94999999998,187158.52328660432,2,2
59,British Columbia,2016,Industrial and Technical Support,"Resources, Fuel & Materials",237362.7,303543.26588785043,13,5
59,British Columbia,2017,Core Defence Industrial Complex,Aerospace & Space,66493534.12,83728821.33822085,19,8
59,British Columbia,2017,Core Defence Industrial Complex,Communications & Electronics,140155.03,176483.55771472392,1,1
59,British Columbia,2017,Core Defence Industrial Complex,Land Systems & Vehicles,58955433.77,74236826.87909509,30,5
59,British Columbia,2017,Core Defence Industrial Complex,Marine & Shipbuilding,47155774.57,59378667.0582362,21,11
59,British Columbia,2017,Core Defence Industrial Complex,Weapons & Military Equipment,642502.23,809040.384708589,11,4
59,British Columbia,2017,General Government Support,Administrative,193654276.56,243849940.26957056,171,90
59,British Columbia,2017,General Government Support,Construction & Infrastructure,31570932.57,39754195.766825154,157,68
59,British Columbia,2017,General Government Support,Industrial Equipment & Manufacturing,9801615.2,12342217.912883434,115,70
59,British Columbia,2017,General Government Support,"R&D, Engineering & Scientific Services",320497.14,403570.78518404905,14,2
59,British Columbia,2017,General Government Support,"Resources, Fuel & Materials",159870.2,201308.9481595092,10,6
59,British Columbia,2017,Industrial and Technical Support,Administrative,13420527.02,16899160.55739264,210,30
59,British Columbia,2017,Industrial and Technical Support,Aerospace & Space,175185.1,220593.50782208587,7,6
59,British Columbia,2017,Industrial and Technical Support,Communications & Electronics,332269.48,418394.544601227,12,10
59,British Columbia,2017,Industrial and Technical Support,Construction & Infrastructure,20027053.3,25218114.661503065,11,10
59,British Columbia,2017,Industrial and Technical Support,Digital Systems & Software,2504909.27,3154187.8998006135,17,15
59,British Columbia,2017,Industrial and Technical Support,Industrial Equipment & Manufacturing,225291.4,283687.4837423313,8,8
59,British Columbia,2017,Industrial and Technical Support,Land Systems & Vehicles,316510.63,398550.96200920246,14,4
59,British Columbia,2017,Industrial and Technical Support,"R&D, Engineering & Scientific Services",21624258.12,27229318.890368097,41,24
59,British Columbia,2017,Industrial and Technical Support,"Resources, Fuel & Materials",25900433.03,32613888.830720857,200,23
59,British Columbia,2018,Core Defence Industrial Complex,Aerospace & Space,231297.93,284701.050269865,8,2
59,British Columbia,2018,Core Defence Industrial Complex,Land Systems & Vehicles,66266.09,81565.90688155922,4,4
59,British Columbia,2018,Core Defence Industrial Complex,Marine & Shipbuilding,160553769.99,197623156.1646027,28,19
59,British Columbia,2018,Core Defence Industrial Complex,Weapons & Military Equipment,2712304.02,3338533.1340629687,7,3
59,British Columbia,2018,General Government Support,Administrative,39476919.07,48591530.06967016,248,104
59,British Columbia,2018,General Government Support,Communications & Electronics,53520,65876.94152923538,2,2
59,British Columbia,2018,General Government Support,Construction & Infrastructure,25111056.15,30908811.24310345,260,64
59,British Columbia,2018,General Government Support,Industrial Equipment & Manufacturing,14284254.77,17582268.614947528,129,77
59,British Columbia,2018,General Government Support,Marine & Shipbuilding,37729.53,46440.69584707646,2,2
59,British Columbia,2018,General Government Support,"R&D, Engineering & Scientific Services",797260.9299999999,981336.1672113942,3,2
59,British Columbia,2018,General Government Support,"Resources, Fuel & Materials",7182848.29,8841257.040614692,12,9
59,British Columbia,2018,General Government Support,Weapons & Military Equipment,380.63,468.5115892053973,1,1
59,British Columbia,2018,Industrial and Technical Support,Administrative,11638740.2,14325945.583508246,221,38
59,British Columbia,2018,Industrial and Technical Support,Aerospace & Space,2422230.9699999997,2981486.696206896,8,6
59,British Columbia,2018,Industrial and Technical Support,Communications & Electronics,12336368.58,15184645.583478259,13,7
59,British Columbia,2018,Industrial and Technical Support,Construction & Infrastructure,14137242.69,17401313.71587706,18,17
59,British Columbia,2018,Industrial and Technical Support,Digital Systems & Software,1907946.49,2348461.87149925,23,22
59,British Columbia,2018,Industrial and Technical Support,Industrial Equipment & Manufacturing,3568758.84,4392730.146386806,13,12
59,British Columbia,2018,Industrial and Technical Support,Land Systems & Vehicles,519507.69,639453.9932383808,15,9
59,British Columbia,2018,Industrial and Technical Support,"R&D, Engineering & Scientific Services",34948802.64,43017941.480419785,64,44
59,British Columbia,2018,Industrial and Technical Support,"Resources, Fuel & Materials",46428013.47,57147524.82589205,441,31
59,British Columbia,2019,Core Defence Industrial Complex,Aerospace & Space,434286.03,524336.5156323529,9,7
59,British Columbia,2019,Core Defence Industrial Complex,Communications & Electronics,18393.52,22207.470470588236,1,1
59,British Columbia,2019,Core Defence Industrial Complex,Land Systems & Vehicles,69972.07,84480.98451470588,4,3
59,British Columbia,2019,Core Defence Industrial Complex,Marine & Shipbuilding,1210198315.04,1461136495.070353,34,9
59,British Columbia,2019,Core Defence Industrial Complex,Weapons & Military Equipment,2185121.9,2638213.3527941173,4,4
59,British Columbia,2019,General Government Support,Administrative,27779105.44,33539184.656235293,245,101
59,British Columbia,2019,General Government Support,Aerospace & Space,134853.76,162816.08376470587,6,6
59,British Columbia,2019,General Government Support,Communications & Electronics,1421976.47,1716827.4733382352,17,12
59,British Columbia,2019,General Government Support,Construction & Infrastructure,19845232.64,23960199.996235292,197,67
59,British Columbia,2019,General Government Support,Digital Systems & Software,10119.38,12217.66320588235,1,1
59,British Columbia,2019,General Government Support,Industrial Equipment & Manufacturing,4216195.1,5090435.554558823,97,59
59,British Columbia,2019,General Government Support,Land Systems & Vehicles,61747.25,74550.72389705882,5,1
59,British Columbia,2019,General Government Support,Marine & Shipbuilding,439614.93,530770.3787205882,14,11
59,British Columbia,2019,General Government Support,"R&D, Engineering & Scientific Services",101835.90000000001,122951.87338235293,4,2
59,British Columbia,2019,General Government Support,"Resources, Fuel & Materials",6245665.02,7540722.0315,12,12
59,British Columbia,2019,Industrial and Technical Support,Administrative,8477426.98,10235246.397911765,117,20
59,British Columbia,2019,Industrial and Technical Support,Aerospace & Space,231994.97,280099.80936764705,9,7
59,British Columbia,2019,Industrial and Technical Support,Communications & Electronics,352458.69,425542.03601470584,14,9
59,British Columbia,2019,Industrial and Technical Support,Construction & Infrastructure,45437807.48,54859470.50158823,20,12
59,British Columbia,2019,Industrial and Technical Support,Digital Systems & Software,2311174.74,2790403.6199117647,16,11
59,British Columbia,2019,Industrial and Technical Support,Industrial Equipment & Manufacturing,954512.1900000001,1152433.099985294,17,15
59,British Columbia,2019,Industrial and Technical Support,Land Systems & Vehicles,2191598.03,2646032.3273970587,12,9
59,British Columbia,2019,Industrial and Technical Support,Marine & Shipbuilding,398604.55,481256.3758088235,2,2
59,British Columbia,2019,Industrial and Technical Support,"R&D, Engineering & Scientific Services",48134829.32,58115727.752529405,52,38
59,British Columbia,2019,Industrial and Technical Support,"Resources, Fuel & Materials",30766782.2,37146364.97970588,455,18
59,British Columbia,2020,Core Defence Industrial Complex,Aerospace & Space,825506.8799999999,989403.1364671532,2,1
59,British Columbia,2020,Core Defence Industrial Complex,Construction & Infrastructure,22923.41,27474.627167883213,1,1
59,British Columbia,2020,Core Defence Industrial Complex,Land Systems & Vehicles,106460.36,127597.01541605839,4,3
59,British Columbia,2020,Core Defence Industrial Complex,Marine & Shipbuilding,36455959.910000004,43693931.512569346,31,12
59,British Columbia,2020,Core Defence Industrial Complex,Weapons & Military Equipment,569145.39,682143.5988175182,7,2
59,British Columbia,2020,General Government Support,Administrative,31802428.84,38116487.70458394,237,99
59,British Columbia,2020,General Government Support,Communications & Electronics,30497.309999999998,36552.25037956204,2,2
59,British Columbia,2020,General Government Support,Construction & Infrastructure,18593827.080000002,22285448.22289051,303,75
59,British Columbia,2020,General Government Support,Industrial Equipment & Manufacturing,8111519.47,9721981.729737226,140,72
59,British Columbia,2020,General Government Support,"R&D, Engineering & Scientific Services",141257.15,169302.36518248174,4,2
59,British Columbia,2020,General Government Support,"Resources, Fuel & Materials",904682.8099999999,1084298.6671678831,29,11
59,British Columbia,2020,Industrial and Technical Support,Administrative,4011377.81,4807797.346,47,19
59,British Columbia,2020,Industrial and Technical Support,Aerospace & Space,29936.56,35880.16899270073,2,1
59,British Columbia,2020,Industrial and Technical Support,Communications & Electronics,1804486.49,2162749.5011532847,20,6
59,British Columbia,2020,Industrial and Technical Support,Construction & Infrastructure,3270009.29,3919237.4118102193,16,10
59,British Columbia,2020,Industrial and Technical Support,Digital Systems & Software,2123168.41,2544702.5760729928,18,12
59,British Columbia,2020,Industrial and Technical Support,Industrial Equipment & Manufacturing,591999.49,709535.1551678833,8,7
59,British Columbia,2020,Industrial and Technical Support,Land Systems & Vehicles,1207842.8800000001,1447648.1817226277,13,8
59,British Columbia,2020,Industrial and Technical Support,Marine & Shipbuilding,195758.75,234624.7208029197,1,1
59,British Columbia,2020,Industrial and Technical Support,"R&D, Engineering & Scientific Services",18743597.25,22464953.78430657,57,36
59,British Columbia,2020,Industrial and Technical Support,"Resources, Fuel & Materials",10889188.44,13051129.502540147,240,28
59,British Columbia,2021,Core Defence Industrial Complex,Aerospace & Space,964578.14,1118529.170819209,4,4
59,British Columbia,2021,Core Defence Industrial Complex,Communications & Electronics,477425,553624.1878531073,1,1
59,British Columbia,2021,Core Defence Industrial Complex,Construction & Infrastructure,61950,71837.5,3,1
59,British Columbia,2021,Core Defence Industrial Complex,Land Systems & Vehicles,15042078.6,17442862.331355933,4,4
59,British Columbia,2021,Core Defence Industrial Complex,Marine & Shipbuilding,10848776.26,12580289.985112993,23,7
59,British Columbia,2021,Core Defence Industrial Complex,Weapons & Military Equipment,838134.6,971904.670338983,3,3
59,British Columbia,2021,General Government Support,Administrative,20865326.52,24195526.93915254,193,102
59,British Columbia,2021,General Government Support,Communications & Electronics,1909233.9500000002,2213956.317725989,3,3
59,British Columbia,2021,General Government Support,Construction & Infrastructure,36312229.33,42107825.25413842,422,84
59,British Columbia,2021,General Government Support,Industrial Equipment & Manufacturing,11568618.42,13415022.20737288,194,84
59,British Columbia,2021,General Government Support,"R&D, Engineering & Scientific Services",322258.52,373692.4363276836,13,1
59,British Columbia,2021,General Government Support,"Resources, Fuel & Materials",1350466.65,1566007.2311440676,26,14
59,British Columbia,2021,Industrial and Technical Support,Administrative,7418861.64,8602945.489322033,87,43
59,British Columbia,2021,Industrial and Technical Support,Aerospace & Space,113209.90000000001,131278.71172316384,3,2
59,British Columbia,2021,Industrial and Technical Support,Communications & Electronics,848821.81,984297.607358757,14,12
59,British Columbia,2021,Industrial and Technical Support,Construction & Infrastructure,10534041.17,12215321.752217514,47,22
59,British Columbia,2021,Industrial and Technical Support,Digital Systems & Software,1705548.54,1977761.795677966,13,11
59,British Columbia,2021,Industrial and Technical Support,Industrial Equipment & Manufacturing,4129328.96,4788388.525649717,7,6
59,British Columbia,2021,Industrial and Technical Support,Land Systems & Vehicles,912407.04,1058031.327457627,19,7
59,British Columbia,2021,Industrial and Technical Support,Marine & Shipbuilding,6644316,7704778.864406779,2,2
59,British Columbia,2021,Industrial and Technical Support,"R&D, Engineering & Scientific Services",234318315.28,271716577.4645198,66,45
59,British Columbia,2021,Industrial and Technical Support,"Resources, Fuel & Materials",15120958.84,17534332.21418079,381,30
59,British Columbia,2022,Core Defence Industrial Complex,Aerospace & Space,236558.43,256897.44845238098,6,3
59,British Columbia,2022,Core Defence Industrial Complex,Land Systems & Vehicles,118954.76,129182.3517989418,5,4
59,British Columbia,2022,Core Defence Industrial Complex,Marine & Shipbuilding,1221707453.82,1326748438.6061113,10,8
59,British Columbia,2022,Core Defence Industrial Complex,Weapons & Military Equipment,6696960.66,7272757.542142858,9,6
59,British Columbia,2022,General Government Support,Administrative,16685499.39,18120099.20527778,203,103
59,British Columbia,2022,General Government Support,Communications & Electronics,124497.75,135201.92162698414,1,1
59,British Columbia,2022,General Government Support,Construction & Infrastructure,82220804.4,89290053.45555556,397,110
59,British Columbia,2022,General Government Support,Industrial Equipment & Manufacturing,9946035.07,10801183.58792328,167,83
59,British Columbia,2022,General Government Support,"R&D, Engineering & Scientific Services",196186.03,213053.87649470902,9,2
59,British Columbia,2022,General Government Support,"Resources, Fuel & Materials",25124806.74,27285008.377698414,36,16
59,British Columbia,2022,Industrial and Technical Support,Administrative,8733875.84,9484804.31830688,98,35
59,British Columbia,2022,Industrial and Technical Support,Aerospace & Space,4204753.06,4566272.833677249,8,5
59,British Columbia,2022,Industrial and Technical Support,Communications & Electronics,18813946.02,20431547.198968254,6,6
59,British Columbia,2022,Industrial and Technical Support,Construction & Infrastructure,15515445.1,16849445.009391535,43,22
59,British Columbia,2022,Industrial and Technical Support,Digital Systems & Software,363102.6,394321.7388888889,12,9
59,British Columbia,2022,Industrial and Technical Support,Industrial Equipment & Manufacturing,60447.11,65644.28215608466,3,3
59,British Columbia,2022,Industrial and Technical Support,Land Systems & Vehicles,6309627.77,6852122.221124339,17,11
59,British Columbia,2022,Industrial and Technical Support,"R&D, Engineering & Scientific Services",30563041.65,33190816.395039685,61,44
59,British Columbia,2022,Industrial and Technical Support,"Resources, Fuel & Materials",9839922.68,10685947.778148148,157,36
59,British Columbia,2023,Core Defence Industrial Complex,Aerospace & Space,910388.6,951532.8333545512,7,6
59,British Columbia,2023,Core Defence Industrial Complex,Land Systems & Vehicles,34380.79,35934.6003691916,3,3
59,British Columbia,2023,Core Defence Industrial Complex,Marine & Shipbuilding,3734335.5900000003,3903105.6898663277,10,9
59,British Columbia,2023,Core Defence Industrial Complex,Weapons & Military Equipment,551530.44,576456.3860471038,5,5
59,British Columbia,2023,General Government Support,Administrative,30167238.59,31530621.110617444,332,169
59,British Columbia,2023,General Government Support,Construction & Infrastructure,59426870.38,62112616.90894972,535,137
59,British Columbia,2023,General Government Support,Industrial Equipment & Manufacturing,7835450.56,8189567.039796309,140,96
59,British Columbia,2023,General Government Support,"R&D, Engineering & Scientific Services",555335.97,580433.9037173775,24,2
59,British Columbia,2023,General Government Support,"Resources, Fuel & Materials",16147862.4,16877651.216295354,49,24
59,British Columbia,2023,Industrial and Technical Support,Administrative,23593904.87,24660211.20085296,300,78
59,British Columbia,2023,Industrial and Technical Support,Aerospace & Space,185625.83000000002,194015.0304646722,5,4
59,British Columbia,2023,Industrial and Technical Support,Communications & Electronics,232874.52,243399.0845576066,6,6
59,British Columbia,2023,Industrial and Technical Support,Construction & Infrastructure,13756826.4,14378554.391343094,37,25
59,British Columbia,2023,Industrial and Technical Support,Digital Systems & Software,4132168.6,4318918.422151496,18,17
59,British Columbia,2023,Industrial and Technical Support,Industrial Equipment & Manufacturing,370725.88,387480.518752387,3,3
59,British Columbia,2023,Industrial and Technical Support,Land Systems & Vehicles,825263.73,862560.8177339274,12,9
59,British Columbia,2023,Industrial and Technical Support,"R&D, Engineering & Scientific Services",20474536.23,21399865.36579249,60,47
59,British Columbia,2023,Industrial and Technical Support,"Resources, Fuel & Materials",22107959.79,23107110.105143223,166,38
59,British Columbia,2024,Core Defence Industrial Complex,Aerospace & Space,123345.72,125875.49548788066,3,2
59,British Columbia,2024,Core Defence Industrial Complex,Construction & Infrastructure,336919.12,343829.20760720945,2,2
59,British Columbia,2024,Core Defence Industrial Complex,Land Systems & Vehicles,107270.77,109470.85415786202,6,5
59,British Columbia,2024,Core Defence Industrial Complex,Marine & Shipbuilding,4156478361.34,4241726208.4029083,12,10
59,British Columbia,2024,Core Defence Industrial Complex,Weapons & Military Equipment,1848028.65,1885931.0399627094,3,3
59,British Columbia,2024,General Government Support,Administrative,43482870.25,44374687.97420758,281,127
59,British Columbia,2024,General Government Support,Communications & Electronics,27667.5,28234.950279676817,1,1
59,British Columbia,2024,General Government Support,Construction & Infrastructure,26798427.57,27348053.492815413,359,102
59,British Columbia,2024,General Government Support,Industrial Equipment & Manufacturing,14977007.9,15284180.84014916,205,107
59,British Columbia,2024,General Government Support,"R&D, Engineering & Scientific Services",127312.5,129923.63269111248,2,2
59,British Columbia,2024,General Government Support,"Resources, Fuel & Materials",7713436.44,7871636.192964574,27,13
59,British Columbia,2024,Industrial and Technical Support,Administrative,23646834.04,24131821.935164697,338,76
59,British Columbia,2024,Industrial and Technical Support,Aerospace & Space,26066.5,26601.114356743317,2,2
59,British Columbia,2024,Industrial and Technical Support,Communications & Electronics,3539703.87,3612301.8984089494,6,6
59,British Columbia,2024,Industrial and Technical Support,Construction & Infrastructure,2839130.25,2897359.770354257,15,12
59,British Columbia,2024,Industrial and Technical Support,Digital Systems & Software,17195669.99,17548346.876059663,9,9
59,British Columbia,2024,Industrial and Technical Support,Industrial Equipment & Manufacturing,205299.85,209510.47464263518,3,3
59,British Columbia,2024,Industrial and Technical Support,Land Systems & Vehicles,4197546.5,4283636.639527656,43,21
59,British Columbia,2024,Industrial and Technical Support,"R&D, Engineering & Scientific Services",74844421.48,76379453.12004972,40,37
59,British Columbia,2024,Industrial and Technical Support,"Resources, Fuel & Materials",32122214.41,32781029.248738345,181,53
59,British Columbia,2025,Core Defence Industrial Complex,Aerospace & Space,1906565.51,1906565.51,8,6
59,British Columbia,2025,Core Defence Industrial Complex,Construction & Infrastructure,261969,261969,1,1
59,British Columbia,2025,Core Defence Industrial Complex,Land Systems & Vehicles,68806.42,68806.42,4,4
59,British Columbia,2025,Core Defence Industrial Complex,Marine & Shipbuilding,49294028.47,49294028.47,143,58
59,British Columbia,2025,Core Defence Industrial Complex,Weapons & Military Equipment,1061802.6,1061802.6,5,3
59,British Columbia,2025,General Government Support,Administrative,30548642.44,30548642.44,396,181
59,British Columbia,2025,General Government Support,Communications & Electronics,141631,141631,2,2
59,British Columbia,2025,General Government Support,Construction & Infrastructure,57325330.02,57325330.02,556,130
59,British Columbia,2025,General Government Support,Industrial Equipment & Manufacturing,38750850.45,38750850.45,456,175
59,British Columbia,2025,General Government Support,"Resources, Fuel & Materials",22477196.23,22477196.23,37,22
59,British Columbia,2025,Industrial and Technical Support,Administrative,27729319.25,27729319.25,203,76
59,British Columbia,2025,Industrial and Technical Support,Aerospace & Space,241955.58,241955.58,5,2
59,British Columbia,2025,Industrial and Technical Support,Communications & Electronics,4891999.24,4891999.24,17,12
59,British Columbia,2025,Industrial and Technical Support,Construction & Infrastructure,8241969.29,8241969.29,23,13
59,British Columbia,2025,Industrial and Technical Support,Digital Systems & Software,3301703.19,3301703.19,23,19
59,British Columbia,2025,Industrial and Technical Support,Industrial Equipment & Manufacturing,239651.97,239651.97,13,10
59,British Columbia,2025,Industrial and Technical Support,Land Systems & Vehicles,849176.98,849176.98,16,14
59,British Columbia,2025,Industrial and Technical Support,"R&D, Engineering & Scientific Services",16847657.85,16847657.85,65,35
59,British Columbia,2025,Industrial and Technical Support,"Resources, Fuel & Materials",17645088.26,17645088.26,212,71
59,British Columbia,2026,Core Defence Industrial Complex,Marine & Shipbuilding,15680733.09,15344316.885446958,73,39
59,British Columbia,2026,General Government Support,Administrative,7086529.34,6934494.145578069,98,68
59,British Columbia,2026,General Government Support,Construction & Infrastructure,5178705.4,5067600.874135875,70,38
59,British Columbia,2026,General Government Support,Industrial Equipment & Manufacturing,12845715.34,12570121.923885576,95,60
59,British Columbia,2026,General Government Support,"Resources, Fuel & Materials",12090218.12,11830833.225887962,10,10
59,British Columbia,2026,Industrial and Technical Support,Administrative,4051970.56,3965039.129630512,55,35
59,British Columbia,2026,Industrial and Technical Support,Aerospace & Space,271565.13,265738.94127532776,3,2
59,British Columbia,2026,Industrial and Technical Support,Communications & Electronics,90727.35,88780.8752681764,1,1
59,British Columbia,2026,Industrial and Technical Support,Construction & Infrastructure,1479559.19,1447816.5613706794,4,4
59,British Columbia,2026,Industrial and Technical Support,Digital Systems & Software,985168.12,964032.2127771155,12,9
59,British Columbia,2026,Industrial and Technical Support,Industrial Equipment & Manufacturing,479158.2,468878.28629320615,4,4
59,British Columbia,2026,Industrial and Technical Support,Land Systems & Vehicles,747727.82,731685.9835756852,3,3
59,British Columbia,2026,Industrial and Technical Support,"R&D, Engineering & Scientific Services",34736520.9,33991279.688796185,28,20
59,British Columbia,2026,Industrial and Technical Support,"Resources, Fuel & Materials",9198646.55,9001297.756317044,90,26
60,Yukon,2016,Industrial and Technical Support,"Resources, Fuel & Materials",112208.64,143494.22654205607,7,1
60,Yukon,2017,General Government Support,Administrative,89238.45,112369.27523006135,5,5
60,Yukon,2017,Industrial and Technical Support,Administrative,23800,29969.018404907973,1,1
60,Yukon,2017,Industrial and Technical Support,"R&D, Engineering & Scientific Services",157041,197746.41257668711,1,1
60,Yukon,2017,Industrial and Technical Support,"Resources, Fuel & Materials",132763.01,167175.50799079752,2,1
60,Yukon,2018,General Government Support,Administrative,41790,51438.66566716642,2,2
60,Yukon,2018,Industrial and Technical Support,Aerospace & Space,15065.44,18543.81745127436,1,1
60,Yukon,2018,Industrial and Technical Support,Construction & Infrastructure,3075000,3784970.0149925034,1,1
60,Yukon,2018,Industrial and Technical Support,"Resources, Fuel & Materials",347111.45,427254.1236131934,6,1
60,Yukon,2019,General Government Support,Administrative,10279.5,12410.98455882353,1,1
60,Yukon,2019,General Government Support,Marine & Shipbuilding,11970,14452.014705882351,1,1
60,Yukon,2019,Industrial and Technical Support,"Resources, Fuel & Materials",352003.42,424992.3644411764,18,1
60,Yukon,2020,Core Defence Industrial Complex,Marine & Shipbuilding,21357,25597.22189781022,1,1
60,Yukon,2020,Industrial and Technical Support,"Resources, Fuel & Materials",137600.35,164919.54357664235,3,1
60,Yukon,2021,General Government Support,Administrative,19172.47,22232.48286723164,1,1
60,Yukon,2021,General Government Support,Industrial Equipment & Manufacturing,43727,50706.02683615819,2,1
60,Yukon,2021,Industrial and Technical Support,Aerospace & Space,74392.5,86265.87923728813,1,1
60,Yukon,2021,Industrial and Technical Support,"Resources, Fuel & Materials",528761.63,613154.3760310734,11,1
60,Yukon,2022,General Government Support,Administrative,55342.5,60100.783730158735,3,3
60,Yukon,2022,General Government Support,Industrial Equipment & Manufacturing,160472,174269.19576719578,1,1
60,Yukon,2022,Industrial and Technical Support,Aerospace & Space,107856,117129.33333333334,1,1
60,Yukon,2022,Industrial and Technical Support,Communications & Electronics,10206,11083.5,1,1
60,Yukon,2022,Industrial and Technical Support,"Resources, Fuel & Materials",542858.5,589532.841931217,16,1
60,Yukon,2023,General Government Support,Administrative,135093.15,141198.56925525144,4,3
60,Yukon,2023,General Government Support,Industrial Equipment & Manufacturing,15853.95,16570.455697008278,1,1
60,Yukon,2023,Industrial and Technical Support,Aerospace & Space,284181.3,297024.6305537874,3,3
60,Yukon,2023,Industrial and Technical Support,Construction & Infrastructure,13755,14376.645448758753,1,1
60,Yukon,2023,Industrial and Technical Support,"Resources, Fuel & Materials",347112.65,362800.1090388288,14,1
60,Yukon,2024,General Government Support,Administrative,130719.23,133400.23347420758,4,4
60,Yukon,2024,Industrial and Technical Support,Aerospace & Space,779658.4,795648.9078931012,9,4
60,Yukon,2024,Industrial and Technical Support,"Resources, Fuel & Materials",72800.08,74293.18294592915,4,1
60,Yukon,2025,General Government Support,Administrative,231442.69,231442.69,8,6
60,Yukon,2025,General Government Support,Construction & Infrastructure,23730,23730,1,1
60,Yukon,2025,General Government Support,Industrial Equipment & Manufacturing,47353.95,47353.95,2,2
60,Yukon,2025,Industrial and Technical Support,Administrative,157098.74,157098.74,4,4
60,Yukon,2025,Industrial and Technical Support,Aerospace & Space,639589.73,639589.73,6,5
60,Yukon,2025,Industrial and Technical Support,Communications & Electronics,3044909,3044909,2,2
60,Yukon,2025,Industrial and Technical Support,"Resources, Fuel & Materials",97838.42,97838.42,4,2
60,Yukon,2026,General Government Support,Administrative,159145.35,155731.02783075089,5,5
60,Yukon,2026,General Government Support,Construction & Infrastructure,18282.4,17890.1673420739,1,1
60,Yukon,2026,General Government Support,Industrial Equipment & Manufacturing,40668.62,39796.11087008343,2,2
60,Yukon,2026,Industrial and Technical Support,Land Systems & Vehicles,106220.1,103941.24207389749,1,1
61,Northwest Territories,2017,General Government Support,Administrative,104013.51,130974.06703987729,6,6
61,Northwest Territories,2017,General Government Support,Construction & Infrastructure,439709,553682.6518404908,1,1
61,Northwest Territories,2017,General Government Support,Industrial Equipment & Manufacturing,118072.20999999999,148676.81657975458,2,2
61,Northwest Territories,2017,Industrial and Technical Support,Administrative,35884.85,45186.29118098159,2,1
61,Northwest Territories,2017,Industrial and Technical Support,Land Systems & Vehicles,47763.18,60143.51346625766,3,3
61,Northwest Territories,2017,Industrial and Technical Support,Marine & Shipbuilding,12810,16130.383435582822,1,1
61,Northwest Territories,2017,Industrial and Technical Support,"R&D, Engineering & Scientific Services",33839.9,42611.28512269939,1,1
61,Northwest Territories,2017,Industrial and Technical Support,"Resources, Fuel & Materials",106706.94,134365.64070552148,6,4
61,Northwest Territories,2018,General Government Support,Administrative,87196.69,107329.0592053973,7,6
61,Northwest Territories,2018,General Government Support,Construction & Infrastructure,10179.75,12530.097076461769,1,1
61,Northwest Territories,2018,General Government Support,Industrial Equipment & Manufacturing,58451.78,71947.39337331335,3,3
61,Northwest Territories,2018,Industrial and Technical Support,Administrative,24878.7,30622.807646176912,1,1
61,Northwest Territories,2018,Industrial and Technical Support,Aerospace & Space,221024.47,272055.6070014992,2,1
61,Northwest Territories,2018,Industrial and Technical Support,Land Systems & Vehicles,12051,14833.389805097451,1,1
61,Northwest Territories,2018,Industrial and Technical Support,"R&D, Engineering & Scientific Services",59290,72979.14542728635,2,1
61,Northwest Territories,2018,Industrial and Technical Support,"Resources, Fuel & Materials",158031.89,194519.01302848576,1,1
61,Northwest Territories,2019,General Government Support,Administrative,365032.31,440722.83310294116,10,10
61,Northwest Territories,2019,General Government Support,Construction & Infrastructure,748422,903609.5029411764,3,2
61,Northwest Territories,2019,General Government Support,Industrial Equipment & Manufacturing,43329.21,52313.64913235293,1,1
61,Northwest Territories,2019,Industrial and Technical Support,Aerospace & Space,242537.8,292828.7261764706,3,2
61,Northwest Territories,2019,Industrial and Technical Support,Construction & Infrastructure,176800,213460,1,1
61,Northwest Territories,2019,Industrial and Technical Support,Land Systems & Vehicles,16914.77,20422.09730882353,1,1
61,Northwest Territories,2019,Industrial and Technical Support,"R&D, Engineering & Scientific Services",23580.9,28470.468970588234,1,1
61,Northwest Territories,2019,Industrial and Technical Support,"Resources, Fuel & Materials",355362.08,429047.4524705882,13,5
61,Northwest Territories,2020,General Government Support,Administrative,653923.72,783753.8308321168,17,4
61,Northwest Territories,2020,General Government Support,Construction & Infrastructure,543214,651063.7868613139,1,1
61,Northwest Territories,2020,General Government Support,Industrial Equipment & Manufacturing,376782.8,451589.31211678835,5,1
61,Northwest Territories,2020,Industrial and Technical Support,Aerospace & Space,78592.1,94195.78700729928,2,1
61,Northwest Territories,2020,Industrial and Technical Support,Digital Systems & Software,31048.46,37212.8257810219,1,1
61,Northwest Territories,2020,Industrial and Technical Support,"Resources, Fuel & Materials",227170.11,272272.4968029197,11,3
61,Northwest Territories,2021,Core Defence Industrial Complex,Aerospace & Space,42429,49200.86016949153,2,1
61,Northwest Territories,2021,Core Defence Industrial Complex,Weapons & Military Equipment,385386.5,446895.927259887,1,1
61,Northwest Territories,2021,General Government Support,Administrative,895224.31,1038106.1560875706,24,5
61,Northwest Territories,2021,General Government Support,Industrial Equipment & Manufacturing,340755,395141.03813559323,4,1
61,Northwest Territories,2021,Industrial and Technical Support,Aerospace & Space,9248446,10724539.782485876,11,1
61,Northwest Territories,2021,Industrial and Technical Support,Land Systems & Vehicles,22242.28,25792.248418079093,2,2
61,Northwest Territories,2021,Industrial and Technical Support,"Resources, Fuel & Materials",180207.08,208968.94446327683,9,3
61,Northwest Territories,2022,Core Defence Industrial Complex,Aerospace & Space,200882,218153.60052910054,3,1
61,Northwest Territories,2022,General Government Support,Administrative,607524.61,659758.8687962963,20,7
61,Northwest Territories,2022,General Government Support,Communications & Electronics,25987.5,28221.875,2,2
61,Northwest Territories,2022,General Government Support,Construction & Infrastructure,18492.15,20082.083531746033,1,1
61,Northwest Territories,2022,General Government Support,Industrial Equipment & Manufacturing,177614.33,192885.40334656084,8,2
61,Northwest Territories,2022,Industrial and Technical Support,Aerospace & Space,3833457.81,4163054.050277778,16,4
61,Northwest Territories,2022,Industrial and Technical Support,Communications & Electronics,53703,58320.321428571435,1,1
61,Northwest Territories,2022,Industrial and Technical Support,Construction & Infrastructure,129819.55,140981.2837962963,1,1
61,Northwest Territories,2022,Industrial and Technical Support,Land Systems & Vehicles,127073.41,137999.03387566138,2,2
61,Northwest Territories,2022,Industrial and Technical Support,"Resources, Fuel & Materials",83979.82,91200.30716931217,4,2
61,Northwest Territories,2023,General Government Support,Administrative,109608.26,114561.91147040103,4,2
61,Northwest Territories,2023,General Government Support,Industrial Equipment & Manufacturing,19062.91,19924.44189688097,1,1
61,Northwest Territories,2023,General Government Support,Marine & Shipbuilding,11014.5,11512.290897517505,1,1
61,Northwest Territories,2023,Industrial and Technical Support,Administrative,135075.19,141179.79756842778,1,1
61,Northwest Territories,2023,Industrial and Technical Support,Aerospace & Space,3695506.2,3862521.438828772,15,4
61,Northwest Territories,2023,Industrial and Technical Support,"Resources, Fuel & Materials",102421.62,107050.47742838957,4,3
61,Northwest Territories,2024,General Government Support,Administrative,336625.52,343529.5859788688,8,7
61,Northwest Territories,2024,General Government Support,Communications & Electronics,17272.5,17626.75264139217,1,1
61,Northwest Territories,2024,General Government Support,Construction & Infrastructure,21355171.29,21793158.022486016,4,4
61,Northwest Territories,2024,Industrial and Technical Support,Administrative,433231.11,442116.5212057178,3,3
61,Northwest Territories,2024,Industrial and Technical Support,Aerospace & Space,374449.52,382129.34234928526,3,3
61,Northwest Territories,2024,Industrial and Technical Support,Land Systems & Vehicles,129726.45000000001,132387.09192044748,2,1
61,Northwest Territories,2024,Industrial and Technical Support,"Resources, Fuel & Materials",183541.92,187306.2974766936,6,2
61,Northwest Territories,2025,Core Defence Industrial Complex,Marine & Shipbuilding,2940000,2940000,1,1
61,Northwest Territories,2025,General Government Support,Administrative,721221.27,721221.27,19,18
61,Northwest Territories,2025,General Government Support,Construction & Infrastructure,394979.36,394979.36,8,7
61,Northwest Territories,2025,General Government Support,Industrial Equipment & Manufacturing,94547.16,94547.16,4,4
61,Northwest Territories,2025,Industrial and Technical Support,Administrative,145094.30000000002,145094.30000000002,5,5
61,Northwest Territories,2025,Industrial and Technical Support,Aerospace & Space,377832.81,377832.81,6,1
61,Northwest Territories,2025,Industrial and Technical Support,Communications & Electronics,15000,15000,1,1
61,Northwest Territories,2025,Industrial and Technical Support,Land Systems & Vehicles,57908.95,57908.95,2,2
61,Northwest Territories,2025,Industrial and Technical Support,"R&D, Engineering & Scientific Services",47653.990000000005,47653.990000000005,2,2
61,Northwest Territories,2025,Industrial and Technical Support,"Resources, Fuel & Materials",964846.85,964846.85,18,5
61,Northwest Territories,2026,Core Defence Industrial Complex,Marine & Shipbuilding,69773.66,68276.72808104886,1,1
61,Northwest Territories,2026,General Government Support,Administrative,471925.51,461800.7672348033,8,8
61,Northwest Territories,2026,General Government Support,Construction & Infrastructure,38027.85,37211.99624553039,1,1
61,Northwest Territories,2026,General Government Support,Industrial Equipment & Manufacturing,64185.67,62808.62344457687,4,4
61,Northwest Territories,2026,Industrial and Technical Support,Administrative,30384.9,29733.0189511323,1,1
61,Northwest Territories,2026,Industrial and Technical Support,Aerospace & Space,301650.93,295179.27715137065,6,1
61,Northwest Territories,2026,Industrial and Technical Support,"Resources, Fuel & Materials",98855.76,96734.89744934444,2,2
62,Nunavut,2016,General Government Support,Administrative,15750,20141.355140186915,1,1
62,Nunavut,2016,Industrial and Technical Support,"Resources, Fuel & Materials",649775.82,830943.8445794391,36,2
62,Nunavut,2017,General Government Support,Administrative,102267.82,128775.88990797545,4,4
62,Nunavut,2017,Industrial and Technical Support,Aerospace & Space,196792.45,247801.53596625768,1,1
62,Nunavut,2017,Industrial and Technical Support,"Resources, Fuel & Materials",1297170.2,1633399.8990797545,39,3
62,Nunavut,2018,General Government Support,Administrative,111652.09,137430.83341829083,2,2
62,Nunavut,2018,General Government Support,Construction & Infrastructure,71557.15,88078.59092953523,2,2
62,Nunavut,2018,Industrial and Technical Support,Administrative,22600,27817.991004497748,1,1
62,Nunavut,2018,Industrial and Technical Support,Aerospace & Space,15796.43,19443.581754122937,1,1
62,Nunavut,2018,Industrial and Technical Support,Communications & Electronics,11728.5,14436.429535232382,1,1
62,Nunavut,2018,Industrial and Technical Support,"R&D, Engineering & Scientific Services",480727.7,591720.3023988006,1,1
62,Nunavut,2018,Industrial and Technical Support,"Resources, Fuel & Materials",1199532.64,1476486.2030584707,65,3
62,Nunavut,2019,General Government Support,Aerospace & Space,13976.03,16874.000926470588,1,1
62,Nunavut,2019,General Government Support,Construction & Infrastructure,10255.78,12382.346147058824,1,1
62,Nunavut,2019,Industrial and Technical Support,"Resources, Fuel & Materials",1081597.74,1305870.2125588234,55,4
62,Nunavut,2020,General Government Support,Administrative,132160.95,158400.20430656936,7,4
62,Nunavut,2020,General Government Support,Industrial Equipment & Manufacturing,145747.89,174684.69735766423,6,1
62,Nunavut,2020,Industrial and Technical Support,Administrative,39478,47315.96788321168,1,1
62,Nunavut,2020,Industrial and Technical Support,"Resources, Fuel & Materials",1736459.41,2081216.314759124,74,3
62,Nunavut,2021,General Government Support,Administrative,117640.95,136416.97733050847,5,3
62,Nunavut,2021,General Government Support,Industrial Equipment & Manufacturing,76803,89061.10593220338,4,1
62,Nunavut,2021,General Government Support,"Resources, Fuel & Materials",65032.75,75412.27083333333,3,2
62,Nunavut,2021,Industrial and Technical Support,"R&D, Engineering & Scientific Services",228897.16,265430.18129943503,1,1
62,Nunavut,2021,Industrial and Technical Support,"Resources, Fuel & Materials",1035186.99,1200407.5124152543,59,4
62,Nunavut,2022,General Government Support,Administrative,11277,12246.583333333334,1,1
62,Nunavut,2022,General Government Support,Industrial Equipment & Manufacturing,591667535.79,642538421.8036904,6,3
62,Nunavut,2022,General Government Support,"Resources, Fuel & Materials",13195.53,14330.06630952381,1,1
62,Nunavut,2022,Industrial and Technical Support,Aerospace & Space,779297.56,846300.6570899473,1,1
62,Nunavut,2022,Industrial and Technical Support,"Resources, Fuel & Materials",81981.01,89029.64181216931,5,3
62,Nunavut,2023,General Government Support,Administrative,136909.75,143097.26893698281,6,4
62,Nunavut,2023,General Government Support,Construction & Infrastructure,10050,10504.201145767029,1,1
62,Nunavut,2023,General Government Support,Industrial Equipment & Manufacturing,62068.880000000005,64874.029891788676,3,1
62,Nunavut,2023,Industrial and Technical Support,Administrative,17594.47,18389.637008274985,1,1
62,Nunavut,2023,Industrial and Technical Support,"R&D, Engineering & Scientific Services",23000,24039.465308720562,1,1
62,Nunavut,2023,Industrial and Technical Support,"Resources, Fuel & Materials",324220.92,338873.80690006365,17,3
62,Nunavut,2024,General Government Support,Administrative,218200,222675.2019888129,8,4
62,Nunavut,2024,General Government Support,Construction & Infrastructure,2242471.7199999997,2288463.992691112,4,4
62,Nunavut,2024,Industrial and Technical Support,Administrative,26034.75,26568.71317588564,1,1
62,Nunavut,2024,Industrial and Technical Support,Aerospace & Space,144249.08,147207.57573648225,1,1
62,Nunavut,2024,Industrial and Technical Support,Construction & Infrastructure,2090942.6,2133827.066003729,1,1
62,Nunavut,2024,Industrial and Technical Support,"R&D, Engineering & Scientific Services",470640.53,480293.1946923555,1,1
62,Nunavut,2024,Industrial and Technical Support,"Resources, Fuel & Materials",107660.62,109868.69983840894,4,1
62,Nunavut,2025,Core Defence Industrial Complex,Marine & Shipbuilding,13934.2,13934.2,1,1
62,Nunavut,2025,General Government Support,Administrative,241627.28,241627.28,7,5
62,Nunavut,2025,General Government Support,Construction & Infrastructure,2390437.27,2390437.27,6,4
62,Nunavut,2025,General Government Support,Industrial Equipment & Manufacturing,24995.87,24995.87,1,1
62,Nunavut,2025,Industrial and Technical Support,Administrative,19888,19888,1,1
62,Nunavut,2025,Industrial and Technical Support,Digital Systems & Software,20373.57,20373.57,1,1
62,Nunavut,2025,Industrial and Technical Support,"R&D, Engineering & Scientific Services",369645.85,369645.85,2,2
62,Nunavut,2025,Industrial and Technical Support,"Resources, Fuel & Materials",22155764.89,22155764.89,21,2
62,Nunavut,2026,General Government Support,Administrative,377223,369130.01549463643,7,6
62,Nunavut,2026,General Government Support,Construction & Infrastructure,763966.3,747576.0814064362,5,5
62,Nunavut,2026,General Government Support,Industrial Equipment & Manufacturing,41475,40585.19070321811,1,1
62,Nunavut,2026,Industrial and Technical Support,"R&D, Engineering & Scientific Services",112439.25,110026.96573301549,1,1
10,Newfoundland and Labrador,ALL,ALL,ALL,385425009.55,415552887.5485477,2374,461
11,Prince Edward Island,ALL,ALL,ALL,21045287.22,24193172.41843947,180,75
12,Nova Scotia,ALL,ALL,ALL,19266817065.92,20095182651.47176,12462,1403
13,New Brunswick,ALL,ALL,ALL,1095128004.03,1197535905.6571991,6789,772
24,Quebec,ALL,ALL,ALL,20717788166.24,23194619986.139797,23130,4160
35,Ontario,ALL,ALL,ALL,32789131490.04,35436375648.77372,52239,7756
46,Manitoba,ALL,ALL,ALL,617141239.21,693440432.5006214,4421,724
47,Saskatchewan,ALL,ALL,ALL,4680570795.08,5083479017.5954075,1629,374
48,Alberta,ALL,ALL,ALL,3106085055.74,3571083966.609313,17906,2465
59,British Columbia,ALL,ALL,ALL,9278291453.31,10101293570.843771,13993,2238
60,Yukon,ALL,ALL,ALL,12415469.62,13694441.423806317,163,46
61,Northwest Territories,ALL,ALL,ALL,55522434.44,59544685.686917,363,125
62,Nunavut,ALL,ALL,ALL,633817688.14,686792945.0374134,488,70
10,Newfoundland and Labrador,ALL,Core Defence Industrial Complex,ALL,187173700.03,195937753.2582815,499,127
10,Newfoundland and Labrador,ALL,General Government Support,ALL,100281852.92,112150875.66135642,871,278
10,Newfoundland and Labrador,ALL,Industrial and Technical Support,ALL,97969456.6,107464258.62890974,1004,149
11,Prince Edward Island,ALL,Core Defence Industrial Complex,ALL,1746392.48,1748950.1635657467,8,3
11,Prince Edward Island,ALL,General Government Support,ALL,15023129.24,17520896.175253663,133,56
11,Prince Edward Island,ALL,Industrial and Technical Support,ALL,4275765.5,4923326.079620062,39,26
12,Nova Scotia,ALL,Core Defence Industrial Complex,ALL,15965056438.88,16338662431.004444,1035,220
12,Nova Scotia,ALL,General Government Support,ALL,847881939.16,935961375.8720405,8261,1050
12,Nova Scotia,ALL,Industrial and Technical Support,ALL,2453878687.88,2820558844.5952725,3166,543
13,New Brunswick,ALL,Core Defence Industrial Complex,ALL,6657616.75,7100468.075026192,94,51
13,New Brunswick,ALL,General Government Support,ALL,551935230.96,601203713.5603501,4518,580
13,New Brunswick,ALL,Industrial and Technical Support,ALL,536535156.32,589231724.0218228,2177,335
24,Quebec,ALL,Core Defence Industrial Complex,ALL,9622081364.31,10639545993.418907,2055,385
24,Quebec,ALL,General Government Support,ALL,2925267923.65,3244478978.2502694,11291,2830
24,Quebec,ALL,Industrial and Technical Support,ALL,8170438878.28,9310595014.47062,9784,1726
35,Ontario,ALL,Core Defence Industrial Complex,ALL,2603217092.33,2744136703.7523146,1512,539
35,Ontario,ALL,General Government Support,ALL,19215537216.670002,20596444160.885845,27615,5352
35,Ontario,ALL,Industrial and Technical Support,ALL,10970377181.04,12095794784.13556,23112,3506
46,Manitoba,ALL,Core Defence Industrial Complex,ALL,125000326.68,141460449.74795064,145,37
46,Manitoba,ALL,General Government Support,ALL,294463797.87,324366723.22334975,2773,534
46,Manitoba,ALL,Industrial and Technical Support,ALL,197677114.66,227613259.52932107,1503,288
47,Saskatchewan,ALL,Core Defence Industrial Complex,ALL,1582418.23,1759187.1323987877,23,18
47,Saskatchewan,ALL,General Government Support,ALL,78634872.64,86079420.03766555,874,228
47,Saskatchewan,ALL,Industrial and Technical Support,ALL,4600353504.21,4995640410.425343,732,186
48,Alberta,ALL,Core Defence Industrial Complex,ALL,120731223.42,136641448.7796818,350,151
48,Alberta,ALL,General Government Support,ALL,1725977479.02,2003034018.1662865,9276,1688
48,Alberta,ALL,Industrial and Technical Support,ALL,1259376353.3,1431408499.6633446,8280,1102
59,British Columbia,ALL,Core Defence Industrial Complex,ALL,7077384617.77,7614525934.772313,586,189
59,British Columbia,ALL,General Government Support,ALL,1051826298.64,1189195539.5334837,7829,1537
59,British Columbia,ALL,Industrial and Technical Support,ALL,1149080536.9,1297572096.5379732,5578,957
60,Yukon,ALL,Core Defence Industrial Complex,ALL,21357,25597.22189781022,1,1
60,Yukon,ALL,General Government Support,ALL,1234281.26,1305092.6338320535,44,27
60,Yukon,ALL,Industrial and Technical Support,ALL,11159831.36,12363751.568076454,118,24
61,Northwest Territories,ALL,Core Defence Industrial Complex,ALL,3638471.16,3722527.116039528,8,3
61,Northwest Territories,ALL,General Government Support,ALL,29247566.68,30715270.607295737,179,84
61,Northwest Territories,ALL,Industrial and Technical Support,ALL,22636396.6,25106887.96358173,176,49
62,Nunavut,ALL,Core Defence Industrial Complex,ALL,13934.2,13934.2,1,1
62,Nunavut,ALL,General Government Support,ALL,599064277.8,650146623.1278219,93,46
62,Nunavut,ALL,Industrial and Technical Support,ALL,34739476.14,36632387.70959148,394,29
10,Newfoundland and Labrador,ALL,ALL,Administrative,42328101.87,48132090.01925493,477,169
10,Newfoundland and Labrador,ALL,ALL,Aerospace & Space,7130910.14,8468764.30699001,54,13
10,Newfoundland and Labrador,ALL,ALL,Communications & Electronics,1787340.27,2076950.3108541635,17,15
10,Newfoundland and Labrador,ALL,ALL,Construction & Infrastructure,71436359.34,77337607.08372481,279,74
10,Newfoundland and Labrador,ALL,ALL,Digital Systems & Software,864709.12,907044.0915795235,10,8
10,Newfoundland and Labrador,ALL,ALL,Industrial Equipment & Manufacturing,20019522.9,22706787.71980866,142,89
10,Newfoundland and Labrador,ALL,ALL,Land Systems & Vehicles,950900.09,1001409.0969509957,19,16
10,Newfoundland and Labrador,ALL,ALL,Marine & Shipbuilding,182579930.28,190306342.65314183,493,122
10,Newfoundland and Labrador,ALL,ALL,"R&D, Engineering & Scientific Services",24923203.23,28643181.70723643,71,33
10,Newfoundland and Labrador,ALL,ALL,"Resources, Fuel & Materials",33404032.31,35972710.559006296,812,51
11,Prince Edward Island,ALL,ALL,Administrative,4726684.97,5187854.607123009,77,41
11,Prince Edward Island,ALL,ALL,Aerospace & Space,1220671.52,1228088.732004364,3,2
11,Prince Edward Island,ALL,ALL,Communications & Electronics,10476.5,11377.257275132275,1,1
11,Prince Edward Island,ALL,ALL,Construction & Infrastructure,11998680.14,14217563.620209485,69,22
11,Prince Edward Island,ALL,ALL,Industrial Equipment & Manufacturing,196762.62,220124.37309554237,9,8
11,Prince Edward Island,ALL,ALL,Land Systems & Vehicles,1002635.71,1225740.554827586,3,3
11,Prince Edward Island,ALL,ALL,Marine & Shipbuilding,655385.98,676788.1454625956,7,3
11,Prince Edward Island,ALL,ALL,"R&D, Engineering & Scientific Services",1192185.78,1378819.8901205885,8,5
11,Prince Edward Island,ALL,ALL,"Resources, Fuel & Materials",41804,46815.23832116788,3,3
12,Nova Scotia,ALL,ALL,Administrative,1180092477.28,1345863832.0329974,4057,687
12,Nova Scotia,ALL,ALL,Aerospace & Space,3527039224.28,3602196262.5533266,45,27
12,Nova Scotia,ALL,ALL,Communications & Electronics,138151579.27,164272985.68592516,119,57
12,Nova Scotia,ALL,ALL,Construction & Infrastructure,898040089.97,992249630.2711319,2588,272
12,Nova Scotia,ALL,ALL,Digital Systems & Software,13510841.41,14226129.987604968,51,37
12,Nova Scotia,ALL,ALL,Industrial Equipment & Manufacturing,203943104.26,222345317.22808048,2469,476
12,Nova Scotia,ALL,ALL,Land Systems & Vehicles,33446452.19,36861522.17090439,180,74
12,Nova Scotia,ALL,ALL,Marine & Shipbuilding,12310129057.22,12599765208.393108,976,186
12,Nova Scotia,ALL,ALL,"R&D, Engineering & Scientific Services",855179358.49,998416132.4367746,670,144
12,Nova Scotia,ALL,ALL,"Resources, Fuel & Materials",46118454.02,49948825.531421356,1265,162
12,Nova Scotia,ALL,ALL,Weapons & Military Equipment,61166427.53,69036805.18048175,42,18
13,New Brunswick,ALL,ALL,Administrative,196854820.69,211209628.55502746,1910,341
13,New Brunswick,ALL,ALL,Aerospace & Space,799225.41,930092.8868789838,15,4
13,New Brunswick,ALL,ALL,Communications & Electronics,8961284.11,10305452.55362758,115,27
13,New Brunswick,ALL,ALL,Construction & Infrastructure,252470614.92,279991210.67840254,1217,180
13,New Brunswick,ALL,ALL,Digital Systems & Software,3991972.06,4338469.135755832,54,21
13,New Brunswick,ALL,ALL,Industrial Equipment & Manufacturing,48784811.7,55031133.474242024,1002,238
13,New Brunswick,ALL,ALL,Land Systems & Vehicles,10166856.57,10669395.789505934,139,57
13,New Brunswick,ALL,ALL,Marine & Shipbuilding,117524188.07,136041794.32683226,86,33
13,New Brunswick,ALL,ALL,"R&D, Engineering & Scientific Services",131185470.53,133807318.65937915,99,62
13,New Brunswick,ALL,ALL,"Resources, Fuel & Materials",324086242.93,354842785.2905452,2146,149
13,New Brunswick,ALL,ALL,Weapons & Military Equipment,302517.04,368624.30700208625,6,3
24,Quebec,ALL,ALL,Administrative,1924284710.26,2124206713.5791788,6433,1790
24,Quebec,ALL,ALL,Aerospace & Space,4646701797.28,5017851109.198881,1089,122
24,Quebec,ALL,ALL,Communications & Electronics,287935065.8,318294239.7089987,862,222
24,Quebec,ALL,ALL,Construction & Infrastructure,912323699.34,1066031991.4563577,1600,583
24,Quebec,ALL,ALL,Digital Systems & Software,116789583.7,126787302.48765641,873,248
24,Quebec,ALL,ALL,Industrial Equipment & Manufacturing,588176968.33,627494274.5071207,4662,1197
24,Quebec,ALL,ALL,Land Systems & Vehicles,2614365262.38,3135758433.733075,1235,344
24,Quebec,ALL,ALL,Marine & Shipbuilding,3616654381.05,4371424512.197414,852,161
24,Quebec,ALL,ALL,"R&D, Engineering & Scientific Services",3496336093.98,3755459835.281274,962,418
24,Quebec,ALL,ALL,"Resources, Fuel & Materials",315748666.38,338646181.1489178,4182,421
24,Quebec,ALL,ALL,Weapons & Military Equipment,2198471937.74,2312665392.8409214,380,61
35,Ontario,ALL,ALL,Administrative,16579660178.65,17703478774.681473,18103,3583
35,Ontario,ALL,ALL,Aerospace & Space,300465920.13,340999015.37415487,1080,179
35,Ontario,ALL,ALL,Communications & Electronics,2215866676.92,2427798371.62872,2629,745
35,Ontario,ALL,ALL,Construction & Infrastructure,1308807513.67,1446781683.277153,3747,1047
35,Ontario,ALL,ALL,Digital Systems & Software,2605777983.15,2844392935.2886233,7872,891
35,Ontario,ALL,ALL,Industrial Equipment & Manufacturing,1716910631.35,1880301782.2588701,7657,1960
35,Ontario,ALL,ALL,Land Systems & Vehicles,576568836.58,646111484.8273982,2814,485
35,Ontario,ALL,ALL,Marine & Shipbuilding,1374859432.96,1434455176.9371552,750,306
35,Ontario,ALL,ALL,"R&D, Engineering & Scientific Services",4776895167.75,5272492606.956344,3008,1003
35,Ontario,ALL,ALL,"Resources, Fuel & Materials",334790912.42,385603206.89486724,4305,638
35,Ontario,ALL,ALL,Weapons & Military Equipment,998528236.46,1053960610.6489605,274,80
46,Manitoba,ALL,ALL,Administrative,198799561.88,219036444.67113346,1185,254
46,Manitoba,ALL,ALL,Aerospace & Space,1243773.91,1345059.2869776806,37,24
46,Manitoba,ALL,ALL,Communications & Electronics,26719062.9,32208133.438228305,89,24
46,Manitoba,ALL,ALL,Construction & Infrastructure,145972327.68,163718906.72202736,1169,220
46,Manitoba,ALL,ALL,Digital Systems & Software,3409398.1,4039742.130819944,68,24
46,Manitoba,ALL,ALL,Industrial Equipment & Manufacturing,30325516.26,34202745.608443074,804,192
46,Manitoba,ALL,ALL,Land Systems & Vehicles,27161210.91,29511346.11876531,230,61
46,Manitoba,ALL,ALL,Marine & Shipbuilding,3244571.62,3848396.249883441,74,17
46,Manitoba,ALL,ALL,"R&D, Engineering & Scientific Services",48563645.29,56647367.49878458,313,68
46,Manitoba,ALL,ALL,"Resources, Fuel & Materials",12479086.55,14229263.091600647,440,72
46,Manitoba,ALL,ALL,Weapons & Military Equipment,119223084.11,134653027.68395767,12,6
47,Saskatchewan,ALL,ALL,Administrative,70082730.31,76385602.31602383,651,187
47,Saskatchewan,ALL,ALL,Aerospace & Space,233289.99,286016.83237783646,4,4
47,Saskatchewan,ALL,ALL,Communications & Electronics,5950477.42,5962224.443907654,12,10
47,Saskatchewan,ALL,ALL,Construction & Infrastructure,60590721.56,65825454.194654934,545,90
47,Saskatchewan,ALL,ALL,Digital Systems & Software,1689360.81,1954173.5118675602,33,17
47,Saskatchewan,ALL,ALL,Industrial Equipment & Manufacturing,3431360.61,4045038.086796431,84,55
47,Saskatchewan,ALL,ALL,Land Systems & Vehicles,12143784.17,15001420.470145533,37,27
47,Saskatchewan,ALL,ALL,Marine & Shipbuilding,182633.3,219834.64419593805,3,3
47,Saskatchewan,ALL,ALL,"R&D, Engineering & Scientific Services",4514222253.5,4900779325.121347,54,38
47,Saskatchewan,ALL,ALL,"Resources, Fuel & Materials",11418043.09,12291797.452579305,196,29
47,Saskatchewan,ALL,ALL,Weapons & Military Equipment,626140.32,728130.5215108399,10,3
48,Alberta,ALL,ALL,Administrative,846466014.46,969180346.9827765,4573,1092
48,Alberta,ALL,ALL,Aerospace & Space,92916505.89,107165247.2934586,103,46
48,Alberta,ALL,ALL,Communications & Electronics,49785527.38,56043901.34447322,177,109
48,Alberta,ALL,ALL,Construction & Infrastructure,409805893.27,460992666.5334241,4407,502
48,Alberta,ALL,ALL,Digital Systems & Software,22104091.48,26294758.83123923,177,78
48,Alberta,ALL,ALL,Industrial Equipment & Manufacturing,876317701.28,1048718271.4893407,1672,621
48,Alberta,ALL,ALL,Land Systems & Vehicles,40172972.04,43154087.93315123,401,185
48,Alberta,ALL,ALL,Marine & Shipbuilding,13103173.52,13627261.44463936,161,64
48,Alberta,ALL,ALL,"R&D, Engineering & Scientific Services",235096911.19,261373354.43483895,1013,254
48,Alberta,ALL,ALL,"Resources, Fuel & Materials",507413107.19,570571835.6862357,5186,330
48,Alberta,ALL,ALL,Weapons & Military Equipment,12903158.040000001,13962234.635735469,36,19
59,British Columbia,ALL,ALL,Administrative,581625929.18,674048245.5502884,4114,915
59,British Columbia,ALL,ALL,Aerospace & Space,80212983.09,99056759.11929937,127,54
59,British Columbia,ALL,ALL,Communications & Electronics,47635360.15,53593982.75906066,141,77
59,British Columbia,ALL,ALL,Construction & Infrastructure,500697316.02,561351568.23393,3508,473
59,British Columbia,ALL,ALL,Digital Systems & Software,36983056.94,39920777.51995529,166,85
59,British Columbia,ALL,ALL,Industrial Equipment & Manufacturing,143628855.65,157042234.59075955,1837,585
59,British Columbia,ALL,ALL,Land Systems & Vehicles,92887585.06,112389092.13571216,241,104
59,British Columbia,ALL,ALL,Marine & Shipbuilding,6919840806.24,7420448599.663347,407,139
59,British Columbia,ALL,ALL,"R&D, Engineering & Scientific Services",537944277.81,607515015.3552995,609,239
59,British Columbia,ALL,ALL,"Resources, Fuel & Materials",319729372.05,356690044.69565386,2788,264
59,British Columbia,ALL,ALL,Weapons & Military Equipment,17105911.12,19237251.22046405,55,20
60,Yukon,ALL,ALL,Administrative,1053122.08,1107392.4710185595,38,24
60,Yukon,ALL,ALL,Aerospace & Space,1900743.37,1954202.2984687844,21,11
60,Yukon,ALL,ALL,Communications & Electronics,3055115,3055992.5,3,2
60,Yukon,ALL,ALL,Construction & Infrastructure,3130767.4,3840966.827783336,4,4
60,Yukon,ALL,ALL,Industrial Equipment & Manufacturing,308075.52,328695.73917044565,8,6
60,Yukon,ALL,ALL,Land Systems & Vehicles,106220.1,103941.24207389749,1,1
60,Yukon,ALL,ALL,Marine & Shipbuilding,33327,40049.236603692574,2,2
60,Yukon,ALL,ALL,"R&D, Engineering & Scientific Services",157041,197746.41257668711,1,1
60,Yukon,ALL,ALL,"Resources, Fuel & Materials",2671058.15,3065454.696110914,85,3
61,Northwest Territories,ALL,ALL,Administrative,5156844.76,5635691.086300709,136,71
61,Northwest Territories,ALL,ALL,Aerospace & Space,18616808.64,20731691.281976942,69,8
61,Northwest Territories,ALL,ALL,Communications & Electronics,111963,119168.94906996361,5,5
61,Northwest Territories,ALL,ALL,Construction & Infrastructure,23854814.95,24720758.78477903,22,17
61,Northwest Territories,ALL,ALL,Digital Systems & Software,31048.46,37212.8257810219,1,1
61,Northwest Territories,ALL,ALL,Industrial Equipment & Manufacturing,1292801.07,1489833.8380258211,32,13
61,Northwest Territories,ALL,ALL,Land Systems & Vehicles,413680.04,449486.3247943666,13,9
61,Northwest Territories,ALL,ALL,Marine & Shipbuilding,3033598.16,3035919.402414149,4,3
61,Northwest Territories,ALL,ALL,"R&D, Engineering & Scientific Services",164364.79,191714.88952057398,6,5
61,Northwest Territories,ALL,ALL,"Resources, Fuel & Materials",2461124.07,2686312.3769945316,74,13
61,Northwest Territories,ALL,ALL,Weapons & Military Equipment,385386.5,446895.927259887,1,1
62,Nunavut,ALL,ALL,Administrative,1590304.06,1709921.9189291666,53,29
62,Nunavut,ALL,ALL,Aerospace & Space,1150111.55,1277627.3514732807,5,5
62,Nunavut,ALL,ALL,Communications & Electronics,11728.5,14436.429535232382,1,1
62,Nunavut,ALL,ALL,Construction & Infrastructure,7579680.82,7671269.548323639,20,16
62,Nunavut,ALL,ALL,Digital Systems & Software,20373.57,20373.57,1,1
62,Nunavut,ALL,ALL,Industrial Equipment & Manufacturing,592018626.43,642932622.6975753,21,5
62,Nunavut,ALL,ALL,Marine & Shipbuilding,13934.2,13934.2,1,1
62,Nunavut,ALL,ALL,"R&D, Engineering & Scientific Services",1685350.49,1841155.9594323272,7,6
62,Nunavut,ALL,ALL,"Resources, Fuel & Materials",29747578.52,31311603.362144366,379,16
10,Newfoundland and Labrador,ALL,Core Defence Industrial Complex,Aerospace & Space,4906461.84,5855700.940729927,2,2
10,Newfoundland and Labrador,ALL,Core Defence Industrial Complex,Communications & Electronics,791108.95,969827.4969265367,2,2
10,Newfoundland and Labrador,ALL,Core Defence Industrial Complex,Land Systems & Vehicles,69133.18,78489.81001262668,5,5
10,Newfoundland and Labrador,ALL,Core Defence Industrial Complex,Marine & Shipbuilding,181406996.06,189033735.0106124,490,119
10,Newfoundland and Labrador,ALL,General Government Support,Administrative,36625098.4,41885994.7601374,413,143
10,Newfoundland and Labrador,ALL,General Government Support,Communications & Electronics,10456.95,10671.418210068365,1,1
10,Newfoundland and Labrador,ALL,General Government Support,Construction & Infrastructure,36251535.62,39209819.91713971,271,70
10,Newfoundland and Labrador,ALL,General Government Support,Industrial Equipment & Manufacturing,19882316.48,22566400.42433734,134,84
10,Newfoundland and Labrador,ALL,General Government Support,Marine & Shipbuilding,1172934.22,1272607.6425294117,3,3
10,Newfoundland and Labrador,ALL,General Government Support,"Resources, Fuel & Materials",6339511.25,7205381.499002496,49,21
10,Newfoundland and Labrador,ALL,Industrial and Technical Support,Administrative,5703003.47,6246095.259117531,64,40
10,Newfoundland and Labrador,ALL,Industrial and Technical Support,Aerospace & Space,2224448.3,2613063.3662600825,52,11
10,Newfoundland and Labrador,ALL,Industrial and Technical Support,Communications & Electronics,985774.37,1096451.3957175585,14,13
10,Newfoundland and Labrador,ALL,Industrial and Technical Support,Construction & Infrastructure,35184823.72,38127787.16658511,8,7
10,Newfoundland and Labrador,ALL,Industrial and Technical Support,Digital Systems & Software,864709.12,907044.0915795235,10,8
10,Newfoundland and Labrador,ALL,Industrial and Technical Support,Industrial Equipment & Manufacturing,137206.41999999998,140387.29547132057,8,8
10,Newfoundland and Labrador,ALL,Industrial and Technical Support,Land Systems & Vehicles,881766.91,922919.286938369,14,12
10,Newfoundland and Labrador,ALL,Industrial and Technical Support,"R&D, Engineering & Scientific Services",24923203.23,28643181.70723643,71,33
10,Newfoundland and Labrador,ALL,Industrial and Technical Support,"Resources, Fuel & Materials",27064521.06,28767329.060003802,763,36
11,Prince Edward Island,ALL,Core Defence Industrial Complex,Aerospace & Space,1220671.52,1228088.732004364,3,2
11,Prince Edward Island,ALL,Core Defence Industrial Complex,Marine & Shipbuilding,525720.96,520861.43156138255,5,1
11,Prince Edward Island,ALL,General Government Support,Administrative,3162084.32,3477984.578674337,58,29
11,Prince Edward Island,ALL,General Government Support,Construction & Infrastructure,11706303.84,13874264.583507443,66,21
11,Prince Edward Island,ALL,General Government Support,Industrial Equipment & Manufacturing,132937.08,141831.77475071477,7,7
11,Prince Edward Island,ALL,General Government Support,"Resources, Fuel & Materials",21804,26815.238321167883,2,2
11,Prince Edward Island,ALL,Industrial and Technical Support,Administrative,1564600.65,1709870.0284486718,19,13
11,Prince Edward Island,ALL,Industrial and Technical Support,Communications & Electronics,10476.5,11377.257275132275,1,1
11,Prince Edward Island,ALL,Industrial and Technical Support,Construction & Infrastructure,292376.3,343299.0367020434,3,2
11,Prince Edward Island,ALL,Industrial and Technical Support,Industrial Equipment & Manufacturing,63825.54,78292.59834482758,2,2
11,Prince Edward Island,ALL,Industrial and Technical Support,Land Systems & Vehicles,1002635.71,1225740.554827586,3,3
11,Prince Edward Island,ALL,Industrial and Technical Support,Marine & Shipbuilding,129665.02,155926.71390121302,2,2
11,Prince Edward Island,ALL,Industrial and Technical Support,"R&D, Engineering & Scientific Services",1192185.78,1378819.8901205885,8,5
11,Prince Edward Island,ALL,Industrial and Technical Support,"Resources, Fuel & Materials",20000,20000,1,1
12,Nova Scotia,ALL,Core Defence Industrial Complex,Aerospace & Space,3526492997.46,3601564252.2957683,36,20
12,Nova Scotia,ALL,Core Defence Industrial Complex,Communications & Electronics,153230.21000000002,162747.40113903422,3,3
12,Nova Scotia,ALL,Core Defence Industrial Complex,Construction & Infrastructure,70001980.85,71438819.05368006,3,3
12,Nova Scotia,ALL,Core Defence Industrial Complex,Land Systems & Vehicles,611229.55,664982.4109035406,30,21
12,Nova Scotia,ALL,Core Defence Industrial Complex,Marine & Shipbuilding,12306648708.78,12595816720.611736,922,173
12,Nova Scotia,ALL,Core Defence Industrial Complex,Weapons & Military Equipment,61148292.03,69014909.23121704,41,17
12,Nova Scotia,ALL,General Government Support,Administrative,323173966.86,359248772.49139583,3124,556
12,Nova Scotia,ALL,General Government Support,Aerospace & Space,331404.01,400121.60619117646,4,4
12,Nova Scotia,ALL,General Government Support,Communications & Electronics,1307842.41,1541718.9965317617,20,11
12,Nova Scotia,ALL,General Government Support,Construction & Infrastructure,307108689.24,339264942.4564452,2425,261
12,Nova Scotia,ALL,General Government Support,Industrial Equipment & Manufacturing,198745013.56,216817731.21908513,2355,458
12,Nova Scotia,ALL,General Government Support,Marine & Shipbuilding,1396513.96,1694921.8791573555,46,15
12,Nova Scotia,ALL,General Government Support,"R&D, Engineering & Scientific Services",84880.29000000001,101962.21743398454,5,2
12,Nova Scotia,ALL,General Government Support,"Resources, Fuel & Materials",15733628.83,16891205.0058001,282,63
12,Nova Scotia,ALL,Industrial and Technical Support,Administrative,856918510.42,986615059.5416017,933,205
12,Nova Scotia,ALL,Industrial and Technical Support,Aerospace & Space,214822.81,231888.6513672293,5,3
12,Nova Scotia,ALL,Industrial and Technical Support,Communications & Electronics,136690506.65,162568519.28825438,96,46
12,Nova Scotia,ALL,Industrial and Technical Support,Construction & Infrastructure,520929419.88,581545868.7610066,160,54
12,Nova Scotia,ALL,Industrial and Technical Support,Digital Systems & Software,13510841.41,14226129.987604968,51,37
12,Nova Scotia,ALL,Industrial and Technical Support,Industrial Equipment & Manufacturing,5198090.7,5527586.008995362,114,53
12,Nova Scotia,ALL,Industrial and Technical Support,Land Systems & Vehicles,32835222.64,36196539.76000085,150,61
12,Nova Scotia,ALL,Industrial and Technical Support,Marine & Shipbuilding,2083834.48,2253565.9022150175,8,6
12,Nova Scotia,ALL,Industrial and Technical Support,"R&D, Engineering & Scientific Services",855094478.2,998314170.2193407,665,143
12,Nova Scotia,ALL,Industrial and Technical Support,"Resources, Fuel & Materials",30384825.19,33057620.52562126,983,118
12,Nova Scotia,ALL,Industrial and Technical Support,Weapons & Military Equipment,18135.5,21895.94926470588,1,1
13,New Brunswick,ALL,Core Defence Industrial Complex,Aerospace & Space,685573.78,790200.8505521473,14,3
13,New Brunswick,ALL,Core Defence Industrial Complex,Construction & Infrastructure,1102796.1,1102796.1,1,1
13,New Brunswick,ALL,Core Defence Industrial Complex,Land Systems & Vehicles,367435.38,399731.3236202553,21,15
13,New Brunswick,ALL,Core Defence Industrial Complex,Marine & Shipbuilding,4199294.45,4439115.493851703,52,30
13,New Brunswick,ALL,Core Defence Industrial Complex,Weapons & Military Equipment,302517.04,368624.30700208625,6,3
13,New Brunswick,ALL,General Government Support,Administrative,177934916.8,190003910.80932838,1703,284
13,New Brunswick,ALL,General Government Support,Communications & Electronics,237330.34999999998,250398.8900430599,4,3
13,New Brunswick,ALL,General Government Support,Construction & Infrastructure,174360498.51,190240543.543063,1102,165
13,New Brunswick,ALL,General Government Support,Industrial Equipment & Manufacturing,47528367.67,53548622.254678816,972,226
13,New Brunswick,ALL,General Government Support,Marine & Shipbuilding,3992173.62,4819962.561794117,33,3
13,New Brunswick,ALL,General Government Support,"Resources, Fuel & Materials",147881944.01,162340275.50144264,704,55
13,New Brunswick,ALL,Industrial and Technical Support,Administrative,18919903.89,21205717.74569907,207,86
13,New Brunswick,ALL,Industrial and Technical Support,Aerospace & Space,113651.63,139892.0363268366,1,1
13,New Brunswick,ALL,Industrial and Technical Support,Communications & Electronics,8723953.76,10055053.663584521,111,25
13,New Brunswick,ALL,Industrial and Technical Support,Construction & Infrastructure,77007320.31,88647871.03533952,114,41
13,New Brunswick,ALL,Industrial and Technical Support,Digital Systems & Software,3991972.06,4338469.135755832,54,21
13,New Brunswick,ALL,Industrial and Technical Support,Industrial Equipment & Manufacturing,1256444.03,1482511.2195632122,30,20
13,New Brunswick,ALL,Industrial and Technical Support,Land Systems & Vehicles,9799421.19,10269664.465885678,118,48
13,New Brunswick,ALL,Industrial and Technical Support,Marine & Shipbuilding,109332720,126782716.27118644,1,1
13,New Brunswick,ALL,Industrial and Technical Support,"R&D, Engineering & Scientific Services",131185470.53,133807318.65937915,99,62
13,New Brunswick,ALL,Industrial and Technical Support,"Resources, Fuel & Materials",176204298.92,192502509.7891026,1442,115
24,Quebec,ALL,Core Defence Industrial Complex,Administrative,30210.190000000002,36842.36070001764,2,2
24,Quebec,ALL,Core Defence Industrial Complex,Aerospace & Space,3677552881.14,3808382456.2142453,505,76
24,Quebec,ALL,Core Defence Industrial Complex,Communications & Electronics,349430.97,410462.81075877463,9,8
24,Quebec,ALL,Core Defence Industrial Complex,Construction & Infrastructure,22482788.5,23043585.07335706,11,10
24,Quebec,ALL,Core Defence Industrial Complex,Digital Systems & Software,642714,775982.638235294,1,1
24,Quebec,ALL,Core Defence Industrial Complex,Industrial Equipment & Manufacturing,10828.82,13074.207676470587,1,1
24,Quebec,ALL,Core Defence Industrial Complex,Land Systems & Vehicles,112421563.88,130617956.34552369,331,140
24,Quebec,ALL,Core Defence Industrial Complex,Marine & Shipbuilding,3613805387.16,4368063592.927181,827,151
24,Quebec,ALL,Core Defence Industrial Complex,"Resources, Fuel & Materials",14346.22,17320.950911764703,1,1
24,Quebec,ALL,Core Defence Industrial Complex,Weapons & Military Equipment,2194771213.43,2308184719.8903184,367,52
24,Quebec,ALL,General Government Support,Administrative,1760865367.58,1946366197.8928678,4809,1467
24,Quebec,ALL,General Government Support,Aerospace & Space,813179.38,982111.0945145515,11,9
24,Quebec,ALL,General Government Support,Communications & Electronics,8257061.54,9781356.669490194,62,41
24,Quebec,ALL,General Government Support,Construction & Infrastructure,565631207.17,656318238.7248712,1480,538
24,Quebec,ALL,General Government Support,Digital Systems & Software,26534.88,32036.965411764704,1,1
24,Quebec,ALL,General Government Support,Industrial Equipment & Manufacturing,565796403.6,603900271.4934092,4411,1114
24,Quebec,ALL,General Government Support,Marine & Shipbuilding,1774252.84,2165619.896760693,21,9
24,Quebec,ALL,General Government Support,"R&D, Engineering & Scientific Services",969809.43,1098595.1826338714,13,13
24,Quebec,ALL,General Government Support,"Resources, Fuel & Materials",21104644.93,23798978.93575152,481,142
24,Quebec,ALL,General Government Support,Weapons & Military Equipment,29462.3,35571.39455882352,2,2
24,Quebec,ALL,Industrial and Technical Support,Administrative,163389132.49,177803673.32561094,1622,404
24,Quebec,ALL,Industrial and Technical Support,Aerospace & Space,968335736.76,1208486541.8901215,573,42
24,Quebec,ALL,Industrial and Technical Support,Communications & Electronics,279328573.29,308102420.2287497,791,193
24,Quebec,ALL,Industrial and Technical Support,Construction & Infrastructure,324209703.67,386670167.6581296,109,66
24,Quebec,ALL,Industrial and Technical Support,Digital Systems & Software,116120334.82,125979282.88400936,871,246
24,Quebec,ALL,Industrial and Technical Support,Industrial Equipment & Manufacturing,22369735.91,23580928.806035105,250,155
24,Quebec,ALL,Industrial and Technical Support,Land Systems & Vehicles,2501943698.5,3005140477.3875513,904,242
24,Quebec,ALL,Industrial and Technical Support,Marine & Shipbuilding,1074741.05,1195299.3734730284,4,4
24,Quebec,ALL,Industrial and Technical Support,"R&D, Engineering & Scientific Services",3495366284.55,3754361240.09864,949,411
24,Quebec,ALL,Industrial and Technical Support,"Resources, Fuel & Materials",294629675.23,314829881.2622545,3700,325
24,Quebec,ALL,Industrial and Technical Support,Weapons & Military Equipment,3671262.01,4445101.556044118,11,8
35,Ontario,ALL,Core Defence Industrial Complex,Administrative,51635.44,62342.200352941174,1,1
35,Ontario,ALL,Core Defence Industrial Complex,Aerospace & Space,89902076.06,98701674.7695534,241,108
35,Ontario,ALL,Core Defence Industrial Complex,Communications & Electronics,23348654.93,26052683.209111057,18,16
35,Ontario,ALL,Core Defence Industrial Complex,Construction & Infrastructure,20659929,22906240.358908862,16,12
35,Ontario,ALL,Core Defence Industrial Complex,Digital Systems & Software,23965.3,28934.57544117647,1,1
35,Ontario,ALL,Core Defence Industrial Complex,Land Systems & Vehicles,104144305.2,117974886.87615873,320,161
35,Ontario,ALL,Core Defence Industrial Complex,Marine & Shipbuilding,1370374263.08,1429191478.8361073,657,248
35,Ontario,ALL,Core Defence Industrial Complex,Weapons & Military Equipment,994712263.32,1049218462.9266812,258,74
35,Ontario,ALL,General Government Support,Administrative,16203710086.03,17275924772.5365,15568,3153
35,Ontario,ALL,General Government Support,Aerospace & Space,1269207.11,1532380.937220588,18,13
35,Ontario,ALL,General Government Support,Communications & Electronics,67069478.72,77549275.5791434,250,139
35,Ontario,ALL,General Government Support,Construction & Infrastructure,1142968747.36,1264729303.9768465,3440,956
35,Ontario,ALL,General Government Support,Digital Systems & Software,16112387.08,19459732.382018674,10,10
35,Ontario,ALL,General Government Support,Industrial Equipment & Manufacturing,1674373640.11,1832874395.0777671,7232,1853
35,Ontario,ALL,General Government Support,Marine & Shipbuilding,2508548.45,2788209.781144885,84,53
35,Ontario,ALL,General Government Support,"R&D, Engineering & Scientific Services",4870956.83,5391160.999153942,104,57
35,Ontario,ALL,General Government Support,"Resources, Fuel & Materials",101241532.91,114450089.84344149,901,217
35,Ontario,ALL,General Government Support,Weapons & Military Equipment,1412632.07,1744839.772607452,8,6
35,Ontario,ALL,Industrial and Technical Support,Administrative,375898457.18,427491659.9446186,2534,610
35,Ontario,ALL,Industrial and Technical Support,Aerospace & Space,209294636.96,240764959.66738093,821,59
35,Ontario,ALL,Industrial and Technical Support,Communications & Electronics,2125448543.27,2324196412.840465,2361,655
35,Ontario,ALL,Industrial and Technical Support,Construction & Infrastructure,145178837.31,159146138.9413977,291,174
35,Ontario,ALL,Industrial and Technical Support,Digital Systems & Software,2589641630.77,2824904268.3311634,7861,882
35,Ontario,ALL,Industrial and Technical Support,Industrial Equipment & Manufacturing,42536991.24,47427387.18110292,425,247
35,Ontario,ALL,Industrial and Technical Support,Land Systems & Vehicles,472424531.38,528136597.9512395,2494,369
35,Ontario,ALL,Industrial and Technical Support,Marine & Shipbuilding,1976621.43,2475488.319903009,9,8
35,Ontario,ALL,Industrial and Technical Support,"R&D, Engineering & Scientific Services",4772024210.92,5267101445.95719,2904,970
35,Ontario,ALL,Industrial and Technical Support,"Resources, Fuel & Materials",233549379.51,271153117.05142576,3404,500
35,Ontario,ALL,Industrial and Technical Support,Weapons & Military Equipment,2403341.07,2997307.9496718342,8,6
46,Manitoba,ALL,Core Defence Industrial Complex,Aerospace & Space,316439.85,327127.0277988679,8,7
46,Manitoba,ALL,Core Defence Industrial Complex,Construction & Infrastructure,841283.1,1008311.5694890511,1,1
46,Manitoba,ALL,Core Defence Industrial Complex,Land Systems & Vehicles,1424376.27,1683264.5839834,52,13
46,Manitoba,ALL,Core Defence Industrial Complex,Marine & Shipbuilding,3208216.2399999998,3804502.474912853,73,16
46,Manitoba,ALL,Core Defence Industrial Complex,Weapons & Military Equipment,119210011.22,134637244.09176648,11,5
46,Manitoba,ALL,General Government Support,Administrative,148854810.63,160911241.97107992,790,209
46,Manitoba,ALL,General Government Support,Aerospace & Space,25551.79,30850.02880882353,2,2
46,Manitoba,ALL,General Government Support,Communications & Electronics,232330.7,259687.14712176626,8,5
46,Manitoba,ALL,General Government Support,Construction & Infrastructure,111821620.23,125159345.46226804,1053,200
46,Manitoba,ALL,General Government Support,Digital Systems & Software,10022,12100.091176470587,1,1
46,Manitoba,ALL,General Government Support,Industrial Equipment & Manufacturing,28468191.75,32230618.08453573,759,182
46,Manitoba,ALL,General Government Support,Marine & Shipbuilding,36355.38,43893.77497058823,1,1
46,Manitoba,ALL,General Government Support,"R&D, Engineering & Scientific Services",180586.25,213513.38233099447,4,4
46,Manitoba,ALL,General Government Support,"Resources, Fuel & Materials",4821256.25,5489689.688866217,154,46
46,Manitoba,ALL,General Government Support,Weapons & Military Equipment,13072.89,15783.592191176469,1,1
46,Manitoba,ALL,Industrial and Technical Support,Administrative,49944751.25,58125202.700053535,395,69
46,Manitoba,ALL,Industrial and Technical Support,Aerospace & Space,901782.27,987082.2303699892,27,15
46,Manitoba,ALL,Industrial and Technical Support,Communications & Electronics,26486732.2,31948446.29110654,81,20
46,Manitoba,ALL,Industrial and Technical Support,Construction & Infrastructure,33309424.35,37551249.69027028,115,45
46,Manitoba,ALL,Industrial and Technical Support,Digital Systems & Software,3399376.1,4027642.0396434735,67,23
46,Manitoba,ALL,Industrial and Technical Support,Industrial Equipment & Manufacturing,1857324.51,1972127.5239073418,45,19
46,Manitoba,ALL,Industrial and Technical Support,Land Systems & Vehicles,25736834.64,27828081.53478191,178,52
46,Manitoba,ALL,Industrial and Technical Support,"R&D, Engineering & Scientific Services",48383059.04,56433854.11645358,309,67
46,Manitoba,ALL,Industrial and Technical Support,"Resources, Fuel & Materials",7657830.3,8739573.402734432,286,34
47,Saskatchewan,ALL,Core Defence Industrial Complex,Aerospace & Space,12462.33,15339.689550224886,1,1
47,Saskatchewan,ALL,Core Defence Industrial Complex,Construction & Infrastructure,462148.95,463431.1907395898,2,2
47,Saskatchewan,ALL,Core Defence Industrial Complex,Land Systems & Vehicles,594958.38,691227.7393808127,14,10
47,Saskatchewan,ALL,Core Defence Industrial Complex,Marine & Shipbuilding,153883.3,183632.57364379082,2,2
47,Saskatchewan,ALL,Core Defence Industrial Complex,Weapons & Military Equipment,358965.27,405555.93908436934,4,3
47,Saskatchewan,ALL,General Government Support,Administrative,16850997.05,18844490.514492273,247,106
47,Saskatchewan,ALL,General Government Support,Construction & Infrastructure,53020693.56,57478030.87247351,458,82
47,Saskatchewan,ALL,General Government Support,Digital Systems & Software,10586.26,13330.244570552148,1,1
47,Saskatchewan,ALL,General Government Support,Industrial Equipment & Manufacturing,3307742.06,3898007.8846914954,77,52
47,Saskatchewan,ALL,General Government Support,"R&D, Engineering & Scientific Services",48372.15,58402.25757352941,1,1
47,Saskatchewan,ALL,General Government Support,"Resources, Fuel & Materials",5396481.56,5787158.263864192,90,13
47,Saskatchewan,ALL,Industrial and Technical Support,Administrative,53231733.26,57541111.80153156,404,87
47,Saskatchewan,ALL,Industrial and Technical Support,Aerospace & Space,220827.65999999997,270677.1428276116,3,3
47,Saskatchewan,ALL,Industrial and Technical Support,Communications & Electronics,5950477.42,5962224.443907654,12,10
47,Saskatchewan,ALL,Industrial and Technical Support,Construction & Infrastructure,7107879.05,7883992.1314418325,85,22
47,Saskatchewan,ALL,Industrial and Technical Support,Digital Systems & Software,1678774.55,1940843.267297008,32,16
47,Saskatchewan,ALL,Industrial and Technical Support,Industrial Equipment & Manufacturing,123618.55,147030.2021049352,7,4
47,Saskatchewan,ALL,Industrial and Technical Support,Land Systems & Vehicles,11548825.79,14310192.73076472,23,18
47,Saskatchewan,ALL,Industrial and Technical Support,Marine & Shipbuilding,28750,36202.07055214724,1,1
47,Saskatchewan,ALL,Industrial and Technical Support,"R&D, Engineering & Scientific Services",4514173881.35,4900720922.863773,53,37
47,Saskatchewan,ALL,Industrial and Technical Support,"Resources, Fuel & Materials",6021561.53,6504639.188715112,106,19
47,Saskatchewan,ALL,Industrial and Technical Support,Weapons & Military Equipment,267175.05,322574.5824264706,6,1
48,Alberta,ALL,Core Defence Industrial Complex,Aerospace & Space,88311852.87,101800982.36970738,67,28
48,Alberta,ALL,Core Defence Industrial Complex,Communications & Electronics,1656044.1,2080787.5342298117,2,2
48,Alberta,ALL,Core Defence Industrial Complex,Digital Systems & Software,550232.1,691268.991513599,3,1
48,Alberta,ALL,Core Defence Industrial Complex,Land Systems & Vehicles,5385932.88,5901556.823413471,128,70
48,Alberta,ALL,Core Defence Industrial Complex,Marine & Shipbuilding,11937233.43,12220591.704493845,115,45
48,Alberta,ALL,Core Defence Industrial Complex,Weapons & Military Equipment,12889928.040000001,13946261.356323704,35,18
48,Alberta,ALL,General Government Support,Administrative,407163994.45,455345529.0523273,3162,823
48,Alberta,ALL,General Government Support,Aerospace & Space,2430255.04,2934175.570352941,8,5
48,Alberta,ALL,General Government Support,Communications & Electronics,4834230.37,5659798.806658785,34,25
48,Alberta,ALL,General Government Support,Construction & Infrastructure,369224907.75,415128973.57579887,4007,464
48,Alberta,ALL,General Government Support,Digital Systems & Software,522491.53,666759.9478843687,3,2
48,Alberta,ALL,General Government Support,Industrial Equipment & Manufacturing,874222292.98,1046280936.4704577,1617,593
48,Alberta,ALL,General Government Support,Land Systems & Vehicles,433743.71,523681.7439852941,27,4
48,Alberta,ALL,General Government Support,Marine & Shipbuilding,1030639.03,1246926.3469546034,40,17
48,Alberta,ALL,General Government Support,"R&D, Engineering & Scientific Services",240262.23,277339.5718852656,10,9
48,Alberta,ALL,General Government Support,"Resources, Fuel & Materials",65874661.93,74969897.07998152,368,103
48,Alberta,ALL,Industrial and Technical Support,Administrative,439302020.01,513834817.93044925,1411,333
48,Alberta,ALL,Industrial and Technical Support,Aerospace & Space,2174397.98,2430089.3533982723,28,14
48,Alberta,ALL,Industrial and Technical Support,Communications & Electronics,43295252.91,48303315.00358462,141,90
48,Alberta,ALL,Industrial and Technical Support,Construction & Infrastructure,40580985.52,45863692.95762523,400,120
48,Alberta,ALL,Industrial and Technical Support,Digital Systems & Software,21031367.85,24936729.891841263,171,76
48,Alberta,ALL,Industrial and Technical Support,Industrial Equipment & Manufacturing,2095408.3,2437335.0188830276,55,50
48,Alberta,ALL,Industrial and Technical Support,Land Systems & Vehicles,34353295.45,36728849.36575246,246,134
48,Alberta,ALL,Industrial and Technical Support,Marine & Shipbuilding,135301.06,159743.39319091188,6,5
48,Alberta,ALL,Industrial and Technical Support,"R&D, Engineering & Scientific Services",234856648.96,261096014.8629537,1003,246
48,Alberta,ALL,Industrial and Technical Support,"Resources, Fuel & Materials",441538445.26,495601938.6062541,4818,257
48,Alberta,ALL,Industrial and Technical Support,Weapons & Military Equipment,13230,15973.279411764704,1,1
59,British Columbia,ALL,Core Defence Industrial Complex,Aerospace & Space,72175605.73,89950020.64164817,69,25
59,British Columbia,ALL,Core Defence Industrial Complex,Communications & Electronics,635973.55,752315.2160384195,3,3
59,British Columbia,ALL,Core Defence Industrial Complex,Construction & Infrastructure,683761.53,705110.3347750927,7,5
59,British Columbia,ALL,Core Defence Industrial Complex,Land Systems & Vehicles,74658963.99,92430977.24321552,67,34
59,British Columbia,ALL,Core Defence Industrial Complex,Marine & Shipbuilding,6912124782.48,7411450728.627762,386,124
59,British Columbia,ALL,Core Defence Industrial Complex,Weapons & Military Equipment,17105530.49,19236782.708874848,54,19
59,British Columbia,ALL,General Government Support,Administrative,447473128.17,527377294.7490522,2423,699
59,British Columbia,ALL,General Government Support,Aerospace & Space,134853.76,162816.08376470587,6,6
59,British Columbia,ALL,General Government Support,Communications & Electronics,3709023.98,4338280.854879683,28,21
59,British Columbia,ALL,General Government Support,Construction & Infrastructure,364774470.33,403217854.8336992,3267,431
59,British Columbia,ALL,General Government Support,Digital Systems & Software,392805.18,501602.46351740876,2,2
59,British Columbia,ALL,General Government Support,Industrial Equipment & Manufacturing,132767799.06,144298407.2699458,1756,564
59,British Columbia,ALL,General Government Support,Land Systems & Vehicles,61747.25,74550.72389705882,5,1
59,British Columbia,ALL,General Government Support,Marine & Shipbuilding,477344.46,577211.0745676646,16,13
59,British Columbia,ALL,General Government Support,"R&D, Engineering & Scientific Services",2561944.14,2974265.0401911605,73,8
59,British Columbia,ALL,General Government Support,"Resources, Fuel & Materials",99472801.68,105672787.92837949,252,85
59,British Columbia,ALL,General Government Support,Weapons & Military Equipment,380.63,468.5115892053973,1,1
59,British Columbia,ALL,Industrial and Technical Support,Administrative,134152801.01,146670950.80123615,1691,279
59,British Columbia,ALL,Industrial and Technical Support,Aerospace & Space,7902523.6,8943922.393886486,52,25
59,British Columbia,ALL,Industrial and Technical Support,Communications & Electronics,43290362.62,48503386.68814255,110,58
59,British Columbia,ALL,Industrial and Technical Support,Construction & Infrastructure,135239084.16,157428603.06545565,234,95
59,British Columbia,ALL,Industrial and Technical Support,Digital Systems & Software,36590251.76,39419175.05643788,164,84
59,British Columbia,ALL,Industrial and Technical Support,Industrial Equipment & Manufacturing,10861056.59,12743827.320813728,81,63
59,British Columbia,ALL,Industrial and Technical Support,Land Systems & Vehicles,18166873.82,19883564.16859959,169,74
59,British Columbia,ALL,Industrial and Technical Support,Marine & Shipbuilding,7238679.3,8420659.961018523,5,5
59,British Columbia,ALL,Industrial and Technical Support,"R&D, Engineering & Scientific Services",535382333.67,604540750.3151083,536,233
59,British Columbia,ALL,Industrial and Technical Support,"Resources, Fuel & Materials",220256570.37,251017256.76727432,2536,208
60,Yukon,ALL,Core Defence Industrial Complex,Marine & Shipbuilding,21357,25597.22189781022,1,1
60,Yukon,ALL,General Government Support,Administrative,872223.34,920324.7126136515,33,22
60,Yukon,ALL,General Government Support,Construction & Infrastructure,42012.4,41620.167342073895,2,2
60,Yukon,ALL,General Government Support,Industrial Equipment & Manufacturing,308075.52,328695.73917044565,8,6
60,Yukon,ALL,General Government Support,Marine & Shipbuilding,11970,14452.014705882351,1,1
60,Yukon,ALL,Industrial and Technical Support,Administrative,180898.74,187067.75840490797,5,5
60,Yukon,ALL,Industrial and Technical Support,Aerospace & Space,1900743.37,1954202.2984687844,21,11
60,Yukon,ALL,Industrial and Technical Support,Communications & Electronics,3055115,3055992.5,3,2
60,Yukon,ALL,Industrial and Technical Support,Construction & Infrastructure,3088755,3799346.660441262,2,2
60,Yukon,ALL,Industrial and Technical Support,Land Systems & Vehicles,106220.1,103941.24207389749,1,1
60,Yukon,ALL,Industrial and Technical Support,"R&D, Engineering & Scientific Services",157041,197746.41257668711,1,1
60,Yukon,ALL,Industrial and Technical Support,"Resources, Fuel & Materials",2671058.15,3065454.696110914,85,3
61,Northwest Territories,ALL,Core Defence Industrial Complex,Aerospace & Space,243311,267354.46069859207,5,1
61,Northwest Territories,ALL,Core Defence Industrial Complex,Marine & Shipbuilding,3009773.66,3008276.728081049,2,1
61,Northwest Territories,ALL,Core Defence Industrial Complex,Weapons & Military Equipment,385386.5,446895.927259887,1,1
61,Northwest Territories,ALL,General Government Support,Administrative,4352295.71,4801758.349748272,123,61
61,Northwest Territories,ALL,General Government Support,Communications & Electronics,43260,45848.62764139217,3,3
61,Northwest Territories,ALL,General Government Support,Construction & Infrastructure,23548195.4,24366317.500982735,20,15
61,Northwest Territories,ALL,General Government Support,Industrial Equipment & Manufacturing,1292801.07,1489833.8380258211,32,13
61,Northwest Territories,ALL,General Government Support,Marine & Shipbuilding,11014.5,11512.290897517505,1,1
61,Northwest Territories,ALL,Industrial and Technical Support,Administrative,804549.05,833932.7365524364,13,12
61,Northwest Territories,ALL,Industrial and Technical Support,Aerospace & Space,18373497.64,20464336.82127835,64,8
61,Northwest Territories,ALL,Industrial and Technical Support,Communications & Electronics,68703,73320.32142857143,2,2
61,Northwest Territories,ALL,Industrial and Technical Support,Construction & Infrastructure,306619.55,354441.28379629634,2,2
61,Northwest Territories,ALL,Industrial and Technical Support,Digital Systems & Software,31048.46,37212.8257810219,1,1
61,Northwest Territories,ALL,Industrial and Technical Support,Land Systems & Vehicles,413680.04,449486.3247943666,13,9
61,Northwest Territories,ALL,Industrial and Technical Support,Marine & Shipbuilding,12810,16130.383435582822,1,1
61,Northwest Territories,ALL,Industrial and Technical Support,"R&D, Engineering & Scientific Services",164364.79,191714.88952057398,6,5
61,Northwest Territories,ALL,Industrial and Technical Support,"Resources, Fuel & Materials",2461124.07,2686312.3769945316,74,13
62,Nunavut,ALL,Core Defence Industrial Complex,Marine & Shipbuilding,13934.2,13934.2,1,1
62,Nunavut,ALL,General Government Support,Administrative,1464708.84,1569941.6098572966,48,26
62,Nunavut,ALL,General Government Support,Aerospace & Space,13976.03,16874.000926470588,1,1
62,Nunavut,ALL,General Government Support,Construction & Infrastructure,5488738.22,5537442.482319909,19,15
62,Nunavut,ALL,General Government Support,Industrial Equipment & Manufacturing,592018626.43,642932622.6975753,21,5
62,Nunavut,ALL,General Government Support,"Resources, Fuel & Materials",78228.28,89742.33714285714,4,3
62,Nunavut,ALL,Industrial and Technical Support,Administrative,125595.22,139980.30907187006,5,5
62,Nunavut,ALL,Industrial and Technical Support,Aerospace & Space,1136135.52,1260753.35054681,4,4
62,Nunavut,ALL,Industrial and Technical Support,Communications & Electronics,11728.5,14436.429535232382,1,1
62,Nunavut,ALL,Industrial and Technical Support,Construction & Infrastructure,2090942.6,2133827.066003729,1,1
62,Nunavut,ALL,Industrial and Technical Support,Digital Systems & Software,20373.57,20373.57,1,1
62,Nunavut,ALL,Industrial and Technical Support,"R&D, Engineering & Scientific Services",1685350.49,1841155.9594323272,7,6
62,Nunavut,ALL,Industrial and Technical Support,"Resources, Fuel & Materials",29669350.24,31221861.025001507,375,13
